Date,Close,High,Low,Open,Volume
2012-01-03,12.310342788696289,12.348361242688458,12.243587272383765,12.255561714485545,302220800
2012-01-04,12.376502990722656,12.413623771459223,12.25197195602288,12.27352515837871,260022000
2012-01-05,12.513909339904785,12.529475322529098,12.35345493841487,12.421708490840125,271269600
2012-01-06,12.64472484588623,12.655202085824575,12.54953040400192,12.56599486657994,318292800
2012-01-09,12.624669075012207,12.804880494291066,12.61329335107297,12.737526232530112,394024400
2012-01-10,12.669870376586914,12.752492450257316,12.617782339004574,12.749797800389446,258196400
2012-01-11,12.649214744567871,12.658195578443165,12.552224136801183,12.653106039566085,215084800
2012-01-12,12.614485740661621,12.65968805810488,12.535456025793806,12.641128473214211,212587200
2012-01-13,12.567193031311035,12.58635214607462,12.532767696013616,12.563901257504442,226021600
2012-01-17,12.713576316833496,12.752193503206602,12.661488279192335,12.698608260223343,242897200
2012-01-18,12.845589637756348,12.856365837357723,12.761471172030362,12.781228204101247,276791200
2012-01-19,12.804880142211914,12.913245680362445,12.767760159214117,12.87672521902299,261738400
2012-01-20,12.581856727600098,12.797391893694167,12.565392269052438,12.79709293231645,413974400
2012-01-23,12.794698715209961,12.825832266948675,12.641728803315152,12.65280476338734,306062400
2012-01-24,12.58515739440918,12.725555014560829,12.559413127799045,12.725555014560829,547638000
2012-01-25,13.370955467224121,13.604151746764316,13.283244671658293,13.603852785373746,958314000
2012-01-26,13.31019115447998,13.434721400740852,13.265587540499927,13.421850069851287,323985200
2012-01-27,13.389514923095703,13.425437449825836,13.284441992043185,13.301504372893998,299709200
2012-01-30,13.561049461364746,13.587692205128805,13.33294185122375,13.342520609055274,379341200
2012-01-31,13.664921760559082,13.717607713960918,13.562841626720193,13.63827902308551,391683600
2012-02-01,13.656241416931152,13.74006092833243,13.637083904769533,13.722698783454254,270046000
2012-02-02,13.6242094039917,13.685576425555276,13.590083041029706,13.647558768325059,186796400
2012-02-03,13.760717391967773,13.770296948069868,13.637383804601946,13.689471841544924,286599600
2012-02-06,13.889140129089355,13.919375204248595,13.716413948875513,13.721801649979923,249412800
2012-02-07,14.034626960754395,14.062168184806378,13.907400478484892,13.927458073942962,316223600
2012-02-08,14.269615173339844,14.272906945565857,14.060665175090401,14.08461405704557,407890000
2012-02-09,14.763253211975098,14.870422084594667,14.385767269075748,14.391754490902885,884214800
2012-02-10,14.77074146270752,14.896469962981216,14.624955363354008,14.697101009271014,631302000
2012-02-13,15.045547485351562,15.082367707298411,14.880602291529229,14.953644812492609,517216000
2012-02-14,15.250898361206055,15.253891172271317,15.027580618871085,15.107208258148587,460398400
2012-02-15,14.897964477539062,15.75471440565696,14.87461351121334,15.394592177075062,1506120000
2012-02-16,15.033872604370117,15.114099796063794,14.56747831148413,14.713264397797046,944552000
2012-02-17,15.03117561340332,15.200311035364816,14.976692693341446,15.060811162838073,535805200
2012-02-21,15.412252426147461,15.412252426147461,15.091044795612268,15.173666851437163,605595200
2012-02-22,15.358074188232422,15.431415678587257,15.239229798728175,15.35927163294688,483302400
2012-02-23,15.458353042602539,15.501461040212755,15.252098444334885,15.419137938264127,568027600
2012-02-24,15.638570785522461,15.653239085438864,15.525715204116592,15.55654821034959,415072000
2012-02-27,15.738848686218262,15.82087122539179,15.45506077263959,15.60563500184765,547582000
2012-02-28,16.02772331237793,16.02772331237793,15.74154054629859,15.80470452818214,600387200
2012-02-29,16.238168716430664,16.392936384906484,16.03640495900967,16.21182654206852,952011200
2012-03-01,16.2989444732666,16.410904755277063,16.12831259739768,16.409705711831904,683270000
2012-03-02,16.32019805908203,16.368692167846692,16.240568791638978,16.29205891002435,431712400
2012-03-05,15.960376739501953,16.38905077365579,15.746037324338058,16.327384766437852,809124400
2012-03-06,15.873554229736328,15.976232265017893,15.453260936948837,15.675980746572973,810238800
2012-03-07,15.886428833007812,16.098670629361443,15.665205405464004,16.069334044751297,798520800
2012-03-08,16.224702835083008,16.254637348352375,15.929239404921798,16.006173214340112,516457200
2012-03-09,16.319904327392578,16.39683817006544,16.258236709392072,16.291165647456427,418919200
2012-03-12,16.52435302734375,16.52435302734375,16.374674097750727,16.433946787602274,407282400
2012-03-13,17.00631332397461,17.008708212566514,16.63660999153819,16.690196023463102,690855200
2012-03-14,17.649330139160156,17.803197765911275,17.224844842239587,17.304175143422178,1418844000
2012-03-15,17.528993606567383,17.961560559871447,17.319146595724575,17.94958611155771,1159718000
2012-03-16,17.5292911529541,17.6379564648604,17.302679932766395,17.5038458520228,825487600
2012-03-19,17.99418830871582,18.01424430811991,17.633466491135554,17.912464707477213,901236000
2012-03-20,18.139667510986328,18.167805050661524,17.70620231739453,17.946583237308356,816662000
2012-03-21,18.03609275817871,18.2501315452605,18.003464397130077,18.04327742448047,644042000
2012-03-22,17.94149398803711,18.095961082832925,17.827439433448173,17.894793667126308,623870800
2012-03-23,17.84300994873047,18.01513818143569,17.79361576785944,17.975923077131394,430488800
2012-03-26,18.170209884643555,18.175300224152867,17.819368146057553,17.954973575554813,595742000
2012-03-27,18.39472198486328,18.44860538875719,18.14266551259537,18.146257846103254,607129600
2012-03-28,18.488718032836914,18.603370540320906,18.26988945768686,18.51146787849678,655460400
2012-03-29,18.25642204284668,18.45699002769079,18.177692853785675,18.34383390478392,608238400
2012-03-30,17.947786331176758,18.277374546677567,17.899589588244414,18.22379010269099,731038000
2012-04-02,18.518957138061523,18.523147395156336,17.972634583514324,18.016041554281703,598351600
2012-04-03,18.838964462280273,18.92547943598739,18.63510471253826,18.778494308616818,834559600
2012-04-04,18.68898582458496,18.735385598645927,18.47015724469512,18.690183269052167,572980800
2012-04-05,18.969482421875,18.998819012619272,18.661745581778316,18.768914465917362,641298000
2012-04-09,19.045814514160156,19.15388186888807,18.718621237172464,18.743467008517314,597536800
2012-04-10,18.812620162963867,19.27841487447811,18.739577648429442,19.15657769644112,889725200
2012-04-11,18.745559692382812,19.064970325152444,18.65994323510139,19.044914334701947,696614800
2012-04-12,18.642885208129883,18.899133530635165,18.574931432944197,18.709641538835765,614336800
2012-04-13,18.117816925048828,18.700660607521172,18.066328413611444,18.68299790261028,859644800
2012-04-16,17.366443634033203,18.2689956291268,17.310165329679634,18.26241048238422,1050786800
2012-04-17,18.251628875732422,18.260608909702498,17.120370015618544,17.3308164802112,1025528000
2012-04-18,18.210914611816406,18.56744604729495,18.0423771295145,18.371966868429283,954531200
2012-04-19,17.585262298583984,18.102845953155136,17.49785047241878,17.96783692001447,834719200
2012-04-20,17.152400970458984,17.800204045753016,17.075766122447586,17.703212641577455,1030985200
2012-04-23,17.11408042907715,17.262860887190687,16.662655112237964,17.081452069815157,966529200
2012-04-24,16.77222442626953,16.994045863830884,16.61416492136542,16.84197358250076,1076149200
2012-04-25,18.26061248779297,18.50009662740456,18.140871217349442,18.429448990072462,905777600
2012-04-26,18.191753387451172,18.40100235164273,18.025012890302353,18.38842838897805,536068400
2012-04-27,18.051063537597656,18.14625958531834,17.976225647097145,18.11303169622897,406722400
2012-04-30,17.481691360473633,17.913361331053743,17.452354768137283,17.895399662666883,506144800
2012-05-01,17.42630958557129,17.86426409236147,17.399367885387203,17.509230613547075,610999200
2012-05-02,17.541566848754883,17.584075343016533,17.328426454363633,17.369737503734463,427389200
2012-05-03,17.417028427124023,17.703810761908667,17.371527139200456,17.67686906259775,390549600
2012-05-04,16.920997619628906,17.31345079968043,16.91860273100822,17.275134180473515,529992400
2012-05-07,17.047622680664062,17.146110465940755,16.80065501470125,16.808738162587083,460118400
2012-05-08,17.008712768554688,17.108097474292137,16.72582327243751,17.050621731414843,497252000
2012-05-09,17.03864288330078,17.18233460145783,16.7892819008739,16.874597809366996,480704000
2012-05-10,17.078754425048828,17.239208745588968,17.016490525963935,17.20029260961802,333200000
2012-05-11,16.964702606201172,17.197001993481837,16.894054994493686,16.91351306378746,399546000
2012-05-14,16.710554122924805,16.98865381842498,16.691994532206376,16.840773416851718,352626400
2012-05-15,16.559377670288086,16.860228763022313,16.516869196020036,16.807243849930742,476336000
2012-05-16,16.347139358520508,16.670741962753205,16.196264538392118,16.58572499601744,560896000
2012-05-17,15.869368553161621,16.38964618175333,15.869368553161621,16.32408729646616,717220000
2012-05-18,15.877150535583496,16.267208861711094,15.63168082502424,15.984319412806055,732292400
2012-05-21,16.802154541015625,16.80993872898361,15.987013050106523,16.000485498659863,631106000
2012-05-22,16.673128128051758,17.17933517093844,16.541711451492446,17.049713860953453,694870400
2012-05-23,17.0799560546875,17.147011339308087,16.56117488277499,16.688997670159527,584897600
2012-05-24,16.923099517822266,17.257778126389315,16.800662792295498,17.23891797216599,496230000
2012-05-25,16.832386016845703,16.938956947037433,16.718032499072613,16.901238255828112,328507200
2012-05-29,17.131149291992188,17.18293837624154,16.922800306453375,17.090138808903824,380508800
2012-05-30,17.33769989013672,17.362246700896357,16.960213937542374,17.039243668966186,529429600
2012-05-31,17.294593811035156,17.407449350336897,17.106898794947522,17.384697906387906,491674400
2012-06-01,16.793474197387695,17.142522061137306,16.77940542410977,17.038047031030572,520987600
2012-06-04,16.892257690429688,16.988350590729304,16.419578974451507,16.808738753808512,556995600
2012-06-05,16.848560333251953,16.95752621394879,16.713851786822843,16.80186158365316,388214400
2012-06-06,17.106901168823242,17.178445684981416,16.928485123176532,16.996438904305514,401455600
2012-06-07,17.11467742919922,17.28231481285809,17.07815618224095,17.28141792879472,379766800
2012-06-08,17.372129440307617,17.37991363013706,17.033260587436715,17.11109289338385,347516400
2012-06-11,17.09821891784668,17.616998558895272,17.082052617706513,17.59364919046696,591264800
2012-06-12,17.247594833374023,17.261364645075503,16.964406417499188,17.196705842747086,435380400
2012-06-13,17.127859115600586,17.317050602067557,17.074573620168444,17.19850676165958,293580000
2012-06-14,17.108997344970703,17.167971097444973,16.9811745182635,17.100316270476686,345573200
2012-06-15,17.186826705932617,17.201495001480804,17.049721707794504,17.09312867154697,335255200
2012-06-18,17.535581588745117,17.59874561476821,17.074277483634056,17.091940197433523,440412000
2012-06-19,17.584369659423828,17.661901390805923,17.455347816019643,17.46432785014974,361404400
2012-06-20,17.534379959106445,17.639452927622205,17.38649794538662,17.608319367241883,358943200
2012-06-21,17.292787551879883,17.6086057535634,17.285901850493605,17.52538580929562,326351200
2012-06-22,17.425405502319336,17.428099351727145,17.225437143904735,17.33380343138808,284471600
2012-06-25,17.08624267578125,17.356559748478013,17.07426823201991,17.2817202743317,304382400
2012-06-26,17.123960494995117,17.197600922259912,16.98326318611002,17.103004420126748,276536400
2012-06-27,17.197904586791992,17.26495988802595,17.1206718054623,17.212871845456185,202997200
2012-06-28,17.034757614135742,17.182938601813554,16.931780564729642,17.113189444645798,282836400
2012-06-29,17.482290267944336,17.482290267944336,17.190419162128023,17.302676787834507,421500800
2012-07-02,17.737337112426758,17.765775216747166,17.470313416794458,17.504140820061576,400092000
2012-07-03,17.943592071533203,17.961254775767976,17.781642915461674,17.807985093021085,241712800
2012-07-05,18.25881004333496,18.39052570951701,17.950774313649895,17.978014970494048,484383200
2012-07-06,18.137285232543945,18.213920120097875,18.008563881309886,18.173507547080494,418930400
2012-07-09,18.377059936523438,18.37735889797872,18.084291939411713,18.119914715596654,379405600
2012-07-10,18.20703125,18.556077611860484,18.120217302445184,18.499199783932273,511957600
2012-07-11,18.0938720703125,18.19056292266311,17.878037879989396,18.14446210556023,469322000
2012-07-12,17.92832374572754,18.065128152522817,17.742125163892272,17.968437328260176,428041600
2012-07-13,18.110031127929688,18.17648688351354,17.961252281933035,18.049562593397162,311427200
2012-07-16,18.168109893798828,18.30910458039199,18.111531043579625,18.11452545404757,301260400
2012-07-17,18.169004440307617,18.305509879709867,18.05554780302125,18.284254845782517,293624800
2012-07-18,18.148649215698242,18.21091471903593,18.067822526807095,18.158527731248185,252700000
2012-07-19,18.389934539794922,18.420767540605805,18.140870847825276,18.29893034477481,436861600
2012-07-20,18.089984893798828,18.393529970569134,18.07202322095671,18.35132043907135,397471200
2012-07-23,18.075904846191406,18.13787138530015,17.593346018415776,17.79361336760399,487975600
2012-07-24,17.988792419433594,18.251026290851883,17.91664680977486,18.18217405225475,565132400
2012-07-25,17.21197509765625,17.38649825913765,17.063196196822457,17.19670887739146,877312800
2012-07-26,17.20928382873535,17.374526419276478,17.07397576025125,17.35536730197615,406632800
2012-07-27,17.51700782775879,17.537065415391666,17.110784923501377,17.213163992275035,403936400
2012-07-30,17.812471389770508,17.94448600165858,17.596635692792624,17.68943680906591,379142400
2012-07-31,18.283363342285156,18.311504090687308,18.042683364543883,18.05794958466047,462327600
2012-08-01,18.165111541748047,18.452192789288933,18.051056981769353,18.437524497734223,384501600
2012-08-02,18.19445037841797,18.281262694316272,17.96873771759274,18.046271038970254,332158400
2012-08-03,18.43124771118164,18.49950046565382,18.30731457320067,18.369281142191156,344920800
2012-08-06,18.63629913330078,18.705749310941076,18.418070083595307,18.478837590146895,302103200
2012-08-07,18.587203979492188,18.709639064228835,18.50128854847294,18.642882742352395,290446800
2012-08-08,18.555767059326172,18.676107786966238,18.473145019491987,18.541696692209673,244706000
2012-08-09,18.661598205566406,18.69166284831523,18.57351080929785,18.575013640038193,221642400
2012-08-10,18.690763473510742,18.692566549567587,18.600572742129483,18.600872987207516,194938800
2012-08-13,18.940290451049805,18.940290451049805,18.73735853827594,18.741568390838964,278832400
2012-08-14,18.991098403930664,19.199142517746964,18.946604338855785,18.99651084234606,340169200
2012-08-15,18.965240478515625,19.06054337199027,18.872644606595276,18.979371259476093,257342400
2012-08-16,19.130895614624023,19.14352196070898,18.955321327100854,18.976667623031613,254534000
2012-08-17,19.484745025634766,19.48715019648264,19.20515113971533,19.240926851886464,442761200
2012-08-20,19.997041702270508,19.997041702270508,19.538565894715965,19.54187340710806,613384800
2012-08-21,19.723756790161133,20.289561303022392,19.55149000640897,20.167501266538714,812719600
2012-08-22,20.10887336730957,20.11278136872634,19.484745952877013,19.674449397163766,565322800
2012-08-23,19.921274185180664,20.139838068144176,19.87677852386022,20.025895907379677,420128800
2012-08-24,19.939014434814453,20.127215073698764,19.708424659061585,19.82747742636838,437340400
2012-08-27,20.313617706298828,20.469648816821206,20.249280161230477,20.443191926111307,427008400
2012-08-28,20.287155151367188,20.32623838075487,20.16299019457491,20.29256598379823,267416800
2012-08-29,20.247167587280273,20.37343585225527,20.221012557125743,20.300681838664588,202806800
2012-08-30,19.95854949951172,20.18944105008544,19.927884378518655,20.162083439917325,302699600
2012-08-31,19.9997501373291,20.100764149970377,19.759537999629053,20.06017807673475,338321200
2012-09-04,20.292264938354492,20.297375525579614,19.977495795050682,20.01537643733855,367892000
2012-09-05,20.149765014648438,20.333755810662122,20.13082388840646,20.310306192219794,336375200
2012-09-06,20.33135414123535,20.392083926975648,20.166904933196054,20.238156141471148,391196400
2012-09-07,20.45671844482422,20.518048710920226,20.31631937187539,20.384863546698803,329666400
2012-09-10,19.92458152770996,20.542394138353092,19.905340160815516,20.457013783935036,487998000
2012-09-11,19.859954833984375,20.145862052989514,19.736992412126174,19.99584385223843,503983200
2012-09-12,20.136537551879883,20.139845064388872,19.72195691476396,20.048149899637217,712233200
2012-09-13,20.53307342529297,20.60883469491456,20.286248006362406,20.364414446625567,598360000
2012-09-14,20.78260040283203,20.953964765271348,20.680682520000957,20.742916700198748,600474000
2012-09-17,21.038158416748047,21.038758906911227,20.882727799804464,21.025230216764268,398031200
2012-09-18,21.10219383239746,21.114820181545035,20.937142530302836,21.041163802203112,373503200
2012-09-19,21.107900619506836,21.16472078038465,21.03183908961719,21.05258328918602,326874800
2012-09-20,21.00568389892578,21.04657181089196,20.85295873305226,21.019512831061363,336568400
2012-09-21,21.04747200012207,21.197189895203717,21.02552521404761,21.11722036019673,571589200
2012-09-24,20.767879486083984,20.898057390850937,20.533681924465213,20.649729044804157,639766400
2012-09-25,20.249277114868164,20.82770802093127,20.233041404308015,20.691817435590202,518789600
2012-09-26,19.997936248779297,20.223715626843592,19.878281415071218,20.104963133543222,576503200
2012-09-27,20.48317527770996,20.5087298247851,19.852734518270346,19.971186812217837,594090000
2012-09-28,20.055667877197266,20.47686355217875,20.04514484921419,20.40591258993093,535110800
2012-10-01,19.823869705200195,20.34578063532438,19.736984899448807,20.1777221014366,543594800
2012-10-02,19.881591796875,20.033114373616435,19.561109954719516,19.896623314310823,627992400
2012-10-03,20.186443328857422,20.198771037654232,19.92128038176275,19.988323336766594,424281200
2012-10-04,20.046648025512695,20.27062443425091,20.00906922261575,20.1804320961209,370725600
2012-10-05,19.61943817138672,20.022595039352044,19.580054689314835,19.998544928138593,594006000
2012-10-08,19.185914993286133,19.468215977412573,19.123982629895988,19.447772019642976,637994000
2012-10-09,19.116165161132812,19.255661886405093,18.746378901713033,19.200344551677464,838597200
2012-10-10,19.26828956604004,19.390649855533113,19.15073961951592,19.23311433447665,510356000
2012-10-11,18.883174896240234,19.457397697830498,18.883174896240234,19.436353244580182,546081200
2012-10-12,18.931568145751953,19.102030210360127,18.79898671834426,18.927058049117523,460014800
2012-10-15,19.083398818969727,19.0945223370846,18.755401143147374,19.01094502589065,432502000
2012-10-16,19.535261154174805,19.550594526906032,18.97035883010244,19.101739342194385,549771600
2012-10-17,19.379520416259766,19.625443505831857,19.3611813906923,19.50759335028535,389037600
2012-10-18,19.01966094970703,19.30286266633403,18.940291896454077,19.228605806667492,476624400
2012-10-19,18.334196090698242,18.993497012112883,18.327581068875066,18.97185208269584,744086000
2012-10-22,19.06145477294922,19.102040848498003,18.361865983322232,18.411772502282705,546730800
2012-10-23,18.440032958984375,19.057547272873162,18.390128044294965,18.970360583552516,707145600
2012-10-24,18.544343948364258,18.836565781690634,18.35824827086612,18.682939910378984,558527200
2012-10-25,18.325180053710938,18.699778227621042,18.20522495480349,18.639648950083814,656325600
2012-10-26,18.158626556396484,18.459266531456613,17.767795873288907,18.321873134824134,1018432800
2012-10-31,17.897674560546875,18.097298981274626,17.668587591296596,17.88444611709853,510003200
2012-11-01,17.934349060058594,18.12856100344536,17.863097874446204,17.984856046691508,361298000
2012-11-02,17.34088897705078,17.94667746626137,17.279258467752214,17.914809748440398,599373600
2012-11-05,17.575998306274414,17.67069916998217,17.36494841932935,17.542927984993536,529135600
2012-11-06,17.522769927978516,17.759974669363018,17.439794750264,17.74464291038943,374917200
2012-11-07,16.852312088012695,17.351840524992213,16.784358065531926,17.33069995456532,793648800
2012-11-08,16.240732192993164,16.9800600620878,16.166437789016015,16.931736924943184,1056146000
2012-11-09,16.52191162109375,16.7580853833123,16.119026208875137,16.321375377322873,929913600
2012-11-12,16.394155502319336,16.74660473484527,16.26791372148602,16.73603364499384,515802000
2012-11-13,16.39627456665039,16.625199854833326,16.198757714456423,16.275771528537522,532949200
2012-11-14,16.21445655822754,16.533684405654242,16.193315993672233,16.47479179608623,477170400
2012-11-15,15.874384880065918,16.293578258894822,15.783782257992728,16.234082434915084,789910800
2012-11-16,15.93660831451416,16.00667526014457,15.274294143933018,15.861709054500823,1266893600
2012-11-19,17.08576011657715,17.139215557160618,16.305057777985134,16.330124189249016,823317600
2012-11-20,16.940200805664062,17.27362414458037,16.74902755359172,17.2724160656289,642754000
2012-11-21,16.964052200317383,17.135292869664823,16.81002463118164,17.04106598488525,373002000
2012-11-23,17.260021209716797,17.275122993589562,16.991231069929484,17.129250374402027,272826400
2012-11-26,17.804548263549805,17.818741969991716,17.326763910897174,17.392904969995307,630579600
2012-11-27,17.661100387573242,17.831436237885004,17.51975842256458,17.805160126098578,533330000
2012-11-28,17.60552978515625,17.691904979452723,17.282979273873487,17.434287478552157,520864400
2012-11-29,17.799423217773438,17.947107207461002,17.675297568828054,17.825397715877784,514698800
2012-11-30,17.676193237304688,17.770421712565657,17.597669776740762,17.721796974137824,391319600
2012-12-03,17.703683853149414,17.95737552099837,17.6828449004794,17.928986480290558,364280000
2012-12-04,17.391395568847656,17.5710927508597,17.279047531283602,17.5710927508597,557068400
2012-12-05,16.27214241027832,17.1920723692957,16.271537564596493,17.181804509000962,1044638000
2012-12-06,16.52734375,16.71066360521322,15.663283789274933,15.974659959407589,1177212400
2012-12-07,16.10482406616211,16.767741240562128,16.006669730320823,16.713379335456633,787040800
2012-12-10,16.00123405456543,16.26368218176257,15.752374790612448,15.85566305463965,630484400
2012-12-11,16.350662231445312,16.597406955893184,16.229252794634196,16.3017358719774,592345600
2012-12-12,16.278488159179688,16.55029941936078,16.196038802731902,16.54335256349356,487144000
2012-12-13,15.997307777404785,16.237408895675454,15.8798241829528,16.041401827366048,625259600
2012-12-14,15.3962984085083,15.648177012288732,15.269151835145781,15.546096846342513,1009579200
2012-12-17,15.669319152832031,15.704655032708562,15.137777712030914,15.370327092381402,757607200
2012-12-18,16.124462127685547,16.15466248269819,15.712213733216611,15.855670258293221,625685200
2012-12-19,15.89522933959961,16.118417386907417,15.870766155400748,16.051068226268683,449369200
2012-12-20,15.756909370422363,16.012713937198896,15.67083579585267,16.006673544867528,481689600
2012-12-21,15.684422492980957,15.694690351007207,15.409891969720835,15.477241118282585,596268400
2012-12-24,15.70979118347168,15.833011936662915,15.66569713468978,15.715228341948663,175753200
2012-12-26,15.493255615234375,15.688356307216313,15.436477525113194,15.674462594691347,302436400
2012-12-27,15.555463790893555,15.591402908802506,15.241369900528362,15.509556817824508,455120400
2012-12-28,15.390257835388184,15.537943344770268,15.345862181575091,15.411400005422044,354278400
2012-12-31,16.07221031188965,16.169761441544754,15.372447369831674,15.418654356527652,659492400
2013-01-02,16.581401824951172,16.761703896777707,16.357913773009457,16.726066390497785,560518000
2013-01-03,16.37210464477539,16.600728199945454,16.338883301053652,16.546667910703256,352965200
2013-01-04,15.916069984436035,16.267311152830555,15.880734090948101,16.217176700699575,594333600
2013-01-07,15.822444915771484,15.985530662786331,15.559693506129635,15.765061997606011,484156400
2013-01-08,15.86502456665039,16.06374939452178,15.742408663952427,15.982809769560397,458707200
2013-01-09,15.61707592010498,15.855967370143448,15.583551341990933,15.78016166185468,407604400
2013-01-10,15.81066608428955,15.968013042906213,15.569356876275132,15.962879113295157,601146000
2013-01-11,15.713726043701172,15.86533590009991,15.675067522278521,15.734866616143039,350506800
2013-01-14,15.153484344482422,15.327141147884834,15.055631624507523,15.18157014610639,734207600
2013-01-15,14.675400733947754,15.070131071965049,14.598688562957516,15.049292123053254,876772400
2013-01-16,15.28455638885498,15.385731724376656,14.874122724002621,14.938752485741455,690804800
2013-01-17,15.181575775146484,15.425301203584196,15.1619465135317,15.412012338633973,453678400
2013-01-18,15.100635528564453,15.167681463462337,14.99191008049066,15.055936625710695,472922800
2013-01-22,15.244695663452148,15.338620943269245,14.998857336401132,15.238353654621404,461546400
2013-01-23,15.52375602722168,15.553353145018628,15.244696335906195,15.36670904271741,861509600
2013-01-24,13.605673789978027,14.065638797417726,13.598122089566587,13.89258517918955,1460852400
2013-01-25,13.284932136535645,13.778722414792789,13.137549819683992,13.641609569261771,1208026400
2013-01-28,13.585437774658203,13.687517987578442,13.16352644320879,13.223023099090465,785517600
2013-01-29,13.840333938598633,13.898623314258836,13.654596332590543,13.847280792163161,571158000
2013-01-30,13.796843528747559,13.971105181987994,13.726474988956426,13.801977457925041,417155200
2013-01-31,13.75637435913086,13.870836952617335,13.740972570877297,13.80137487146455,319334400
2013-02-01,13.699898719787598,13.8768781645296,13.5407388338148,13.865703843100107,539484400
2013-02-04,13.358626365661621,13.769967416190463,13.348961737689574,13.708658642184217,477117200
2013-02-05,13.827350616455078,13.88473353973243,13.355606438072613,13.410874820708072,573347600
2013-02-06,13.812551498413086,14.088891787476987,13.668490156793625,13.785973772031708,593706400
2013-02-07,14.223248481750488,14.277318837315722,13.794928008130938,14.072273614240029,704580800
2013-02-08,14.428601264953613,14.544946076929437,14.224161131498166,14.39883165887739,633158400
2013-02-11,14.578971862792969,14.73116354105247,14.376053410532359,14.474778212408511,517490400
2013-02-12,14.213533401489258,14.653396874746209,14.208672924061739,14.566213277631784,609053200
2013-02-13,14.186494827270508,14.387896362743259,14.071365128160126,14.192570422952501,475207600
2013-02-14,14.173736572265625,14.32714170959976,14.09566719739075,14.110855375096968,355275200
2013-02-15,13.978410720825195,14.282184010706574,13.971120006125139,14.24238845405495,391745200
2013-02-19,13.97324275970459,14.056477593214812,13.78672768663315,14.00696271476852,435783600
2013-02-20,13.634843826293945,13.903378668284676,13.633323710619905,13.903378668284676,476302400
2013-02-21,13.550094604492188,13.644568930095417,13.451672357204796,13.54827192521865,447182400
2013-02-22,13.694382667541504,13.71838005327825,13.566494219980626,13.646994644463467,330654800
2013-02-25,13.451062202453613,13.825309995744174,13.444074861427145,13.786731177631932,372579200
2013-02-26,13.63848876953125,13.716558144391987,13.294921547447114,13.482045023291054,501499600
2013-02-27,13.504825592041016,13.74389495980579,13.385747186110509,13.622081319646416,587350400
2013-02-28,13.408534049987793,13.6050743123924,13.408534049987793,13.489033670867437,322515200
2013-03-01,13.076512336730957,13.310721329369278,13.061627529608414,13.305252480888614,552448400
2013-03-04,12.759976387023926,13.007550791818199,12.728079919852732,12.995399602198534,582755600
2013-03-05,13.096861839294434,13.219889816146647,12.781242341036457,12.803417860300023,638433600
2013-03-06,12.930394172668457,13.22171290093128,12.893029664930566,13.19923319698364,460250000
2013-03-07,13.079849243164062,13.123289342119337,12.790657408549029,12.895155209753693,468473600
2013-03-08,13.114483833312988,13.227183320994307,13.0200103258579,13.056159723195652,391482000
2013-03-11,13.301302909851074,13.33593381069142,12.914599700992094,13.054639364449292,474236000
2013-03-12,13.014538764953613,13.331981734138003,12.988414515532254,13.232344401679025,465911600
2013-03-13,13.012105941772461,13.198926004414453,12.921278646389895,13.015144550071884,405549200
2013-03-14,13.138175964355469,13.20318240680542,13.075901512149734,13.148199480818585,303875600
2013-03-15,13.477187156677246,13.49450220071307,13.28246794367249,13.303124971284984,643960800
2013-03-18,13.843536376953125,13.896391627464146,13.402457851348853,13.41005194059508,606197200
2013-03-19,13.806174278259277,14.003018740001709,13.624213000198594,13.95836269966774,526775200
2013-03-20,13.73296070098877,13.90155562923312,13.657321568423338,13.895176659834373,308660800
2013-03-21,13.752708435058594,13.91218918778577,13.67281718273875,13.67646254052051,383255600
2013-03-22,14.031566619873047,14.03733721714867,13.764246986280636,13.808901383247616,395105200
2013-03-25,14.082300186157227,14.275804244467876,14.027621451279279,14.116018523022385,501135600
2013-03-26,14.00818157196045,14.150954025043415,13.989651409366124,14.138802832797618,294294000
2013-03-27,13.73296070098877,13.876341503496764,13.69195165000668,13.866013802786583,331237200
2013-03-28,13.446813583374023,13.725069481658112,13.415221285029048,13.66431512416095,442839600
2013-04-01,13.029119491577148,13.478399613900653,12.993578476652058,13.423720068651642,389732000
2013-04-02,13.055853843688965,13.309503907208978,12.952874513615233,12.98932809165997,529519200
2013-04-03,13.12267780303955,13.2833736028232,13.071643628186752,13.103843462963145,363216000
2013-04-04,12.992971420288086,13.214118239395239,12.917939840415759,13.176451167935532,358447600
2013-04-05,12.855669021606445,12.908829276174739,12.748740141636633,12.895158777971622,383695200
2013-04-08,12.947102546691895,12.986288924665638,12.834099704250066,12.905789304509677,300829200
2013-04-09,12.970495223999023,13.016668139139014,12.841999185783116,12.951661684353187,306614000
2013-04-10,13.235081672668457,13.27669910765954,12.941029259232444,13.004518032851848,375928000
2013-04-11,13.193766593933105,13.304946755135564,13.098684734090051,13.17523562071152,328364400
2013-04-12,13.056158065795898,13.188298636354833,13.034590104305984,13.188298636354833,238613200
2013-04-15,12.753904342651367,12.998137643870429,12.744790947899627,12.971101645020807,317520000
2013-04-16,12.948014259338379,12.95925289531656,12.77577476112843,12.80615193029096,305771200
2013-04-17,12.235968589782715,12.77668522924984,12.093499526527838,12.766660091164441,945056000
2013-04-18,11.909416198730469,12.326799955006834,11.839244274105006,12.302498379547291,666299200
2013-04-19,11.863238334655762,12.13876046309287,11.698288782104752,11.785472346934762,609274400
2013-04-22,12.110508918762207,12.217741948884186,11.885718403293147,11.927334199244477,429920400
2013-04-23,12.337121963500977,12.405470361926156,12.114759298987616,12.272113924732988,664238400
2013-04-24,12.3167724609375,12.614165965499806,11.923082795697969,11.954675892266668,969651200
2013-04-25,12.405474662780762,12.57437216347797,12.363553864594103,12.492049871574535,384837600
2013-04-26,12.6734037399292,12.721095955097661,12.401526883767735,12.448915724695649,764097600
2013-04-29,13.065876007080078,13.172196485342983,12.758457391548575,12.772127074621134,640326400
2013-04-30,13.450453758239746,13.525486152182042,13.125113298105951,13.217156549706235,691538400
2013-05-01,13.344436645507812,13.515764386804051,13.195588608086537,13.501487142626113,506909200
2013-05-02,13.533687591552734,13.626944332998175,13.385142119454835,13.420075577117375,421828400
2013-05-03,13.669173240661621,13.767899662906615,13.643959107812526,13.709573932357737,361300800
2013-05-06,13.995121002197266,14.04038216782018,13.800705160557106,13.843232713359681,496641600
2013-05-07,13.93284797668457,14.148222620305468,13.782176413967372,14.124528602889564,483753200
2013-05-08,14.090197563171387,14.136675460928238,13.84626849929744,13.944386522835238,472598000
2013-05-09,13.967275619506836,14.157778656997612,13.930887765842414,14.060234321335212,398487600
2013-05-10,13.85107421875,14.057172920633217,13.774934430180673,14.003966193381647,334852000
2013-05-13,13.905202865600586,14.00183106481224,13.806129974581937,13.806435356925228,316948800
2013-05-14,13.57250690460205,13.919265167656167,13.520217137162815,13.877984674789976,447118000
2013-05-15,13.11352252960205,13.485050168542292,12.915069835410758,13.428786358919568,741613600
2013-05-16,13.288742065429688,13.388733540796187,12.809273881644426,12.941983723304425,603204000
2013-05-17,13.248376846313477,13.457227288849761,13.179576017907173,13.425425890037273,427904400
2013-05-20,13.54407024383545,13.63183008573286,13.151749562437454,13.20709642427402,451578400
2013-05-21,13.444080352783203,13.622046381661047,13.277122784412308,13.397907201563294,456022000
2013-05-22,13.495757102966309,13.709806409048793,13.400046700472405,13.578318919845968,443038400
2013-05-23,13.519913673400879,13.642839022734027,13.325741168504562,13.33063381721794,353021200
2013-05-24,13.611956596374512,13.62755150818657,13.465486578271005,13.480469908903565,276166800
2013-05-28,13.498507499694824,13.794199997499293,13.480467083476219,13.757201385220059,386145200
2013-05-29,13.605839729309082,13.683815098851875,13.436129639547385,13.454477073509295,330576400
2013-05-30,13.808572769165039,13.897861970946153,13.592383355173721,13.627242659095362,353519600
2013-05-31,13.752004623413086,13.97736695417028,13.744971032408946,13.836704932449699,384302800
2013-06-03,13.782275199890137,13.832423212339421,13.530309525967823,13.782580582146487,372352400
2013-06-04,13.73915958404541,13.895721069888614,13.68044943511927,13.858720823881006,292728800
2013-06-05,13.61072826385498,13.782273045155039,13.567918414082119,13.627240132898962,290589600
2013-06-06,13.407383918762207,13.668523303122297,13.27253397589797,13.62173857907572,416934000
2013-06-07,13.509822845458984,13.553549668059773,13.233393911897334,13.34745174245107,404535600
2013-06-10,13.420533180236816,13.732125974028893,13.356625000636605,13.59911076754076,450153200
2013-06-11,13.381087303161621,13.538871959078161,13.250212215344447,13.324212711087544,286112400
2013-06-12,13.215657234191895,13.492697714396982,13.194558097734882,13.43918560112892,265227200
2013-06-13,13.330939292907715,13.36702176089155,13.110469616162312,13.225139029860205,285832400
2013-06-14,13.15022087097168,13.341030079326503,13.10282374701584,13.313815130380853,271866000
2013-06-17,13.209848403930664,13.322988454214011,13.159700388398253,13.192724950209644,259414400
2013-06-18,13.202817916870117,13.298528331206903,13.155116217396026,13.19639672267867,195025600
2013-06-19,12.934642791748047,13.199450837126847,12.934642791748047,13.191500283988164,310940000
2013-06-20,12.746275901794434,13.025760986724558,12.695210128309462,12.821498709314469,357310800
2013-06-21,12.644149780273438,12.842909561504454,12.479026960622454,12.796735595236962,481118400
2013-06-24,12.30901050567627,12.496150230638417,12.171713413175276,12.457621439718855,480746000
2013-06-25,12.311763763427734,12.469547606414926,12.195565802664639,12.40563942204588,314162800
2013-06-26,12.172327995300293,12.377814372729118,12.09863368785891,12.350599418466974,367724000
2013-06-27,12.041145324707031,12.273846645793595,12.033807167407058,12.208409912064887,337246000
2013-06-28,12.125234603881836,12.239596995318939,11.891003958439278,11.967144575173073,578516400
2013-07-01,12.513276100158691,12.606541006642244,12.268649340384862,12.313600149490245,391053600
2013-07-02,12.796733856201172,12.892750445875425,12.52091815749918,12.535901484629,469865200
2013-07-03,12.867371559143066,12.934033082422417,12.764934582887706,12.869206302440576,240928800
2013-07-05,12.764017105102539,12.943512487571855,12.70072050116563,12.854835675683722,274024800
2013-07-08,12.691542625427246,12.873484284434149,12.55699808198011,12.846270156839417,298138400
2013-07-09,12.914765357971191,12.949930037316381,12.548742738007622,12.647204820010108,352584400
2013-07-10,12.865229606628418,12.989684309209713,12.789396005877643,12.83067650203429,281405600
2013-07-11,13.06582260131836,13.095178488386125,12.878683720441435,12.933112794652889,326292400
2013-07-12,13.041973114013672,13.142269955654317,12.947180501769848,13.076832416996766,279563200
2013-07-15,13.070409774780273,13.193335109099124,12.989683530460047,12.99610553937704,241917200
2013-07-16,13.154803276062012,13.170397362557631,12.970415328719131,13.042274035497172,216538000
2013-07-17,13.158174514770508,13.216580115162884,13.094266316256475,13.139522511670185,198990400
2013-07-18,13.202507019042969,13.29760499593485,13.167342340314192,13.252043441381675,218878800
2013-07-19,12.994274139404297,13.270396097971862,12.975926704249822,13.243487342942235,268721600
2013-07-22,13.035861015319824,13.141050535264183,13.010175420684545,13.132183015865031,207796400
2013-07-23,12.812026023864746,13.055734977663448,12.803463888133622,13.026379900258368,369395600
2013-07-24,13.470067977905273,13.594827225620069,13.309531652870518,13.421753899371813,591936800
2013-07-25,13.408605575561523,13.49728318198485,13.326349977503709,13.475878664846455,229493600
2013-07-26,13.484746932983398,13.486275477208583,13.281400742701907,13.310755813983723,200152400
2013-07-29,13.692680358886719,13.759952639259149,13.460590664989805,13.478937279395884,248057600
2013-07-30,13.861776351928711,13.978891240531256,13.736710094817404,13.759032390185293,309422400
2013-07-31,13.837623596191406,13.984705187611999,13.742830968027308,13.912847260718213,322957600
2013-08-01,13.964522361755371,13.968191848251362,13.859944446210095,13.93608588273682,206250800
2013-08-02,14.143710136413574,14.153190050521658,13.963910215087127,14.005190709285946,274783600
2013-08-05,14.355009078979492,14.392314710491702,14.131787687551872,14.209456039623346,318855600
2013-08-06,14.226583480834961,14.429623557224506,14.13240160113048,14.31128544287256,334857600
2013-08-07,14.218324661254883,14.280093542179984,14.120167925931174,14.182242189172605,298858000
2013-08-08,14.190003395080566,14.285114488402034,14.095814497499665,14.277727059421466,255777200
2013-08-09,13.988085746765137,14.173075610247828,13.963462623602501,14.117055087231641,266865200
2013-08-12,14.385455131530762,14.425160499765738,14.055182544839933,14.062262573861545,364434000
2013-08-13,15.069085121154785,15.225756451809488,14.406692254106533,14.495648785125745,881941200
2013-08-14,15.343954086303711,15.52094004521202,15.186975335853719,15.324870717394617,756372400
2013-08-15,15.325798988342285,15.464003467079774,15.054009230444496,15.279937405066871,490294000
2013-08-16,15.461844444274902,15.48062041726833,15.3550373991624,15.394742779278252,362306000
2013-08-19,15.62837028503418,15.81305115120725,15.513251936897602,15.523716643512445,510518400
2013-08-20,15.423054695129395,15.715467911580674,15.415359870039962,15.688997121489857,358688400
2013-08-21,15.462769508361816,15.610205784944563,15.427063595064304,15.500628855958842,335879600
2013-08-22,15.481230735778809,15.562183397181014,15.334716709094058,15.543407429619466,244207600
2013-08-23,15.421526908874512,15.49324450451528,15.370123928777168,15.490782027246786,222731600
2013-08-26,15.481545448303223,15.704087266153218,15.405517710799161,15.413212539756058,330965600
2013-08-27,15.038914680480957,15.467377146120468,14.96842838267528,15.328556339585994,424188800
2013-08-28,15.110027313232422,15.260851552248328,14.959204718059516,14.959204718059516,307608000
2013-08-29,15.134654998779297,15.282400348337788,15.117110259067267,15.133116361435489,239657600
2013-08-30,14.996755599975586,15.173125146643418,14.974593310238557,15.143884469455887,272297200
2013-09-03,15.038619041442871,15.408597188457978,15.000759688515968,15.177745711364645,331928800
2013-09-04,15.349806785583496,15.459077975198868,15.275626716945352,15.376586635297274,345032800
2013-09-05,15.244537353515625,15.41106030347469,15.194365618234624,15.397824078826657,236367600
2013-09-06,15.335341453552246,15.371045729182997,15.080789036886815,15.342114087787913,359525600
2013-09-09,15.580037117004395,15.633902549320236,15.497238412160748,15.544023814661394,340687200
2013-09-10,15.225144386291504,15.619439823327646,15.066934373692149,15.580964037253702,743195600
2013-09-11,14.396232604980469,14.580296968817525,14.306968654304587,14.374685113811461,898696400
2013-09-12,14.549521446228027,14.632934982173785,14.343907893824126,14.420552083435911,404051200
2013-09-13,14.309741973876953,14.523048708284229,14.303587425024672,14.446406164029755,298835600
2013-09-16,13.854809761047363,14.208474394648684,13.765547434387738,14.189700062080599,543706800
2013-09-17,14.014867782592773,14.149993335932956,13.774166400938174,13.788324822258097,399380800
2013-09-18,14.302964210510254,14.354367162292517,14.179227261693296,14.2567936090805,456862000
2013-09-19,14.537510871887207,14.64616557854393,14.443631022312855,14.488262992121877,404541200
2013-09-20,14.386998176574707,14.72988900225192,14.343597437427142,14.712960708496082,699302800
2013-09-23,15.102020263671875,15.295012301682863,14.85454635453495,15.27008014287506,762106800
2013-09-24,15.0546236038208,15.250692982429944,15.015225617678478,15.232533448365848,364344400
2013-09-25,14.82161808013916,15.071245525815643,14.818540805758783,15.057703545930206,316957200
2013-09-26,14.965975761413574,15.038000742681833,14.894565577429221,14.959204772075585,237221600
2013-09-27,14.859167098999023,14.918264892483853,14.796682989289922,14.890870251766636,228040400
2013-09-30,14.674487113952637,14.825617100464864,14.602460492581265,14.689876771367251,260156400
2013-10-01,15.019536972045898,15.055857690889164,14.724661064033093,14.726816142666427,353883600
2013-10-02,15.068779945373535,15.137727644494396,14.88994792955065,14.947814484266633,289184000
2013-10-03,14.879481315612793,15.154657309950943,14.797299039474838,15.09802035067469,322753200
2013-10-04,14.867785453796387,14.916109500373185,14.731428694142494,14.893332414637628,258868400
2013-10-07,15.013068199157715,15.16389077457702,14.939195548293757,14.97644009424771,312292400
2013-10-08,14.803454399108887,15.102022259489635,14.79114201734918,15.080474769488804,290917200
2013-10-09,14.97736644744873,15.014301961211833,14.72158279543696,14.917344799220855,301725200
2013-10-10,15.071245193481445,15.155582564530487,14.991216335238553,15.122957210213942,278602800
2013-10-11,15.168817520141602,15.200520675817696,14.933348520426218,14.989676443914608,267738800
2013-10-14,15.268239974975586,15.315641839883506,15.062320658446923,15.07709552187432,261898000
2013-10-15,15.349493980407715,15.451685101328591,15.252229455848193,15.31348067607521,320073600
2013-10-16,15.424296379089355,15.468004527533692,15.366429808645279,15.41444647027449,251101200
2013-10-17,15.528633117675781,15.537251783528461,15.380273050817856,15.389506513738798,253593200
2013-10-18,15.66375732421875,15.67514586362925,15.565876378684854,15.574495043830531,290542000
2013-10-21,16.047595977783203,16.13808954146288,15.744717883178659,15.752412712816888,398106800
2013-10-22,16.001733779907227,16.26582870073327,15.63729538100638,16.2030371772658,534063600
2013-10-23,16.15839958190918,16.18025446998623,15.974948385631562,15.974948385631562,313723200
2013-10-24,16.37232208251953,16.389559415944163,16.08114166874512,16.15963022100774,384764800
2013-10-25,16.189180374145508,16.412951740794316,16.16301697473479,16.354161352724145,337792000
2013-10-28,16.309837341308594,16.34431200680416,16.104532916468923,16.28398134218692,550440800
2013-10-29,15.903543472290039,16.598254620986186,15.837674675401496,16.506529814458016,635807200
2013-10-30,16.15655517578125,16.237198816803943,15.914006167813168,15.993727613014308,354163600
2013-10-31,16.088838577270508,16.23627649736927,16.044823037823246,16.159633962592263,275696400
2013-11-01,16.00665855407715,16.153480053812956,15.877689191552266,16.129471723797714,274890000
2013-11-04,16.213499069213867,16.215654147306395,15.96910400800055,16.039590349365596,244627600
2013-11-05,16.173486709594727,16.27937157832044,16.098075405156305,16.146708504705312,265213200
2013-11-06,16.12766456604004,16.249647133748603,16.043453191509847,16.2276646432344,223375600
2013-11-07,15.866669654846191,16.197941384550163,15.863265221214249,16.08617708569095,262620400
2013-11-08,16.11652183532715,16.134169008441123,15.869770605151555,15.931381114340438,279316800
2013-11-11,16.069766998291016,16.150881467028675,15.926112807886486,16.098869199038123,227452400
2013-11-12,16.09949493408203,16.2205482933792,16.006305358687666,16.027047773182126,204276800
2013-11-13,16.118696212768555,16.168851705348096,16.00507171715089,16.037270835714022,197220800
2013-11-14,16.351810455322266,16.386484745211366,16.15707160097299,16.18617379811848,282419200
2013-11-15,16.253677368164062,16.380612034946353,16.238197853374224,16.302903614086198,317920400
2013-11-18,16.056760787963867,16.32177911018663,16.043448942589027,16.253667303160032,244944000
2013-11-19,16.085248947143555,16.203825428218753,16.03633191175891,16.069149397590056,208938800
2013-11-20,15.944381713867188,16.1121860869361,15.923639302349082,16.075342471483093,193916800
2013-11-21,16.134477615356445,16.136645276099575,15.903207559320553,16.024879299293623,262026800
2013-11-22,16.092987060546875,16.166052586089744,16.05366825092005,16.084318073209893,223725600
2013-11-25,16.214975357055664,16.280919538700665,16.130145573957687,16.13076396083769,229311600
2013-11-26,16.51405143737793,16.598882891134696,16.223029253311182,16.226742882226663,401382800
2013-11-27,16.90289306640625,16.90413149266248,16.514035489148277,16.60412975920925,363448400
2013-11-29,17.215904235839844,17.28587286002118,16.960174924711787,17.011877996246874,318127600
2013-12-02,17.066055297851562,17.471629208006622,17.05336184025116,17.275653598322457,472544800
2013-12-03,17.53325080871582,17.535109276267754,17.265757142744384,17.28495193794937,450968000
2013-12-04,17.492382049560547,17.62210439027553,17.362968902249683,17.507861561054554,377809600
2013-12-05,17.582162857055664,17.80631315998733,17.536033522993357,17.72922315420501,447580000
2013-12-06,17.338199615478516,17.546561238641424,17.32426937848551,17.5168389905481,344352400
2013-12-09,17.536645889282227,17.63416907819931,17.365437153688358,17.365437153688358,320493600
2013-12-10,17.509410858154297,17.581548827780615,17.374734796314627,17.448420386550406,278269600
2013-12-11,17.37968635559082,17.67721307408181,17.32798492091951,17.55430125889228,359718800
2013-12-12,17.35429573059082,17.50290363475371,17.338507029497656,17.403832800938627,262290000
2013-12-13,17.165132522583008,17.426744831128378,17.14160406495927,17.425815597594678,332822000
2013-12-16,17.260175704956055,17.419311051805515,17.183087365030214,17.183396558337513,282592800
2013-12-17,17.182470321655273,17.320241592406347,17.13262405288118,17.207857246084153,229902400
2013-12-18,17.05181884765625,17.072872104808262,16.681228280998607,17.018692168394445,565863200
2013-12-19,16.856462478637695,17.0279804789044,16.833861599989948,17.012500968632967,320308800
2013-12-20,16.99764060974121,17.077827518884938,16.86760908004267,16.886494678661958,436413600
2013-12-23,17.649965286254883,17.6694692691352,17.42302893882302,17.585257896459936,501306400
2013-12-24,17.575050354003906,17.705391115185428,17.52427483154896,17.64378059326299,167554800
2013-12-26,17.45832633972168,17.631702822901712,17.44222678778741,17.58835787538636,204008000
2013-12-27,17.340360641479492,17.47410739984526,17.322095090241184,17.45584184860695,225884400
2013-12-30,17.16792106628418,17.3403683166828,17.099809230423546,17.25894462981197,253629600
2013-12-31,17.369150161743164,17.377199105854395,17.151810482904004,17.15707503468095,223084400
2014-01-02,17.124879837036133,17.245623946739524,17.09051474000117,17.20382829032835,234684800
2014-01-03,16.74872398376465,17.14253386778468,16.731695198347467,17.11652855299282,392467600
2014-01-06,16.840051651000977,16.92890588081759,16.52023495544879,16.639431468734855,412610800
2014-01-07,16.71961784362793,16.902900044900544,16.65398287838947,16.852126200872366,317209200
2014-01-08,16.82550048828125,16.89051541201002,16.677821819687903,16.681535446469898,258529600
2014-01-09,16.610639572143555,16.93076548249289,16.574415998997605,16.928907015439027,279148800
2014-01-10,16.49980926513672,16.74315445647829,16.44315245299804,16.713123006093802,304976000
2014-01-13,16.58618927001953,16.79578774069003,16.40507297704611,16.406002210987,378492800
2014-01-14,16.91621971130371,16.92674551594376,16.645938344465797,16.66327632553013,332561600
2014-01-15,17.255844116210938,17.343770766881416,17.079372428180925,17.13695844851925,391638800
2014-01-16,17.159563064575195,17.24005917187927,17.079994537506877,17.179687091401213,229278000
2014-01-17,16.739124298095703,17.092067711780654,16.715284992659043,17.073802154341426,426739600
2014-01-21,16.999189376831055,17.030148397843668,16.73138491649295,16.749032087571116,328526800
2014-01-22,17.07472801208496,17.253674884008454,16.96017602197407,17.056151611500447,379985200
2014-01-23,17.219310760498047,17.229218174705537,16.867296629999657,17.02612114377284,403239200
2014-01-24,16.90630531311035,17.20197183569629,16.865437231761298,17.15181638076073,429354800
2014-01-27,17.043466567993164,17.176595037348882,16.896407856768477,17.030154713122297,554878800
2014-01-28,15.681222915649414,15.944381195852078,15.544068374243446,15.751191556517835,1065523200
2014-01-29,15.503205299377441,15.708160865601165,15.437261118349337,15.602277821078994,502810000
2014-01-30,15.473173141479492,15.681225592824378,15.377817559173913,15.558622960167433,678501600
2014-01-31,15.498564720153809,15.527357746256785,15.280297246293609,15.330761926992409,464797200
2014-02-03,15.527347564697266,15.719300395036441,15.45830817015313,15.560785085374215,401464000
2014-02-04,15.752117156982422,15.772861218660102,15.565428869084657,15.66109526989838,376681200
2014-02-05,15.86976432800293,15.953046452147303,15.673477840566704,15.6830760603181,328344800
2014-02-06,15.962268829345703,15.993103781099974,15.815885143722316,15.885963218614924,257765200
2014-02-07,16.18558692932129,16.286809378752025,16.113953604086156,16.23853431261402,370280400
2014-02-10,16.47555160522461,16.568987977201854,16.13326483670905,16.153820372809285,345559200
2014-02-11,16.692628860473633,16.74837728831275,16.491428200243444,16.526000675259436,282256800
2014-02-12,16.69137954711914,16.80474930880345,16.60791160482212,16.723460338715217,308100800
2014-02-13,16.95642852783203,16.969509015306635,16.63781120621163,16.65213753360466,307398000
2014-02-14,16.94272804260254,17.004709014196088,16.856146298932973,16.89538777390372,272924400
2014-02-18,17.00501251220703,17.16696669150207,16.993176202781214,17.00532355631364,260251600
2014-02-19,16.736547470092773,17.033050815287254,16.64248902018277,16.966399189299707,313768000
2014-02-20,16.54281997680664,16.725020344230987,16.475857320658882,16.600126956593485,305858000
2014-02-21,16.359058380126953,16.649332385505364,16.338813900234562,16.593893348876215,278784800
2014-02-24,16.430700302124023,16.504515929488917,16.27092667775694,16.29366284906819,288909600
2014-02-25,16.25971221923828,16.49361248797357,16.226698284378923,16.487695994306968,231952000
2014-02-26,16.113014221191406,16.351275714845954,16.058509968808586,16.307984022439715,276217200
2014-02-27,16.434431076049805,16.46900188171948,16.072522112539044,16.106470830000458,301882000
2014-02-28,16.3898983001709,16.59265420468638,16.261578431677407,16.478349621650672,371968800
2014-03-03,16.437240600585938,16.52725048088038,16.283070778084348,16.302069426358788,238781200
2014-03-04,16.545618057250977,16.589222447389997,16.43754437253259,16.53814468227884,259140000
2014-03-05,16.58050537109375,16.654941400486564,16.479905038280926,16.535656794290585,200062800
2014-03-06,16.530366897583008,16.645293601674286,16.44783204568546,16.593903098163068,185488800
2014-03-07,16.52070426940918,16.568668270793022,16.383976260054443,16.540948750642457,220729600
2014-03-10,16.53565788269043,16.610717668694633,16.45530202881765,16.455925780529558,178584000
2014-03-11,16.696678161621094,16.779212992360677,16.587669643536664,16.67674638256522,279224400
2014-03-12,16.71286964416504,16.73591684914197,16.569290347570888,16.64746554869031,199326400
2014-03-13,16.527240753173828,16.807859039510273,16.480833646286268,16.738717440259297,257742800
2014-03-14,16.341615676879883,16.534715815263215,16.288979372232358,16.469310071185163,237199200
2014-03-17,16.40546417236328,16.506062812180648,16.377744656282655,16.435364323642332,199544800
2014-03-18,16.550609588623047,16.56836239754,16.357509326954663,16.379310701120737,209647200
2014-03-19,16.546245574951172,16.70134849683447,16.475856446516705,16.57739157499691,224756000
2014-03-20,16.46651268005371,16.590160215069954,16.424466829533234,16.503575170808407,208398400
2014-03-21,16.59638786315918,16.623796342055464,16.39269885304381,16.56711145600701,374046400
2014-03-24,16.793228149414062,16.83402816245642,16.664597246865867,16.769246144927752,355700800
2014-03-25,16.973865509033203,16.997536463140158,16.805680477579582,16.86516973860377,282293200
2014-03-26,16.811599731445312,17.098759977053295,16.78294708004244,17.02151957456896,299768000
2014-03-27,16.73933982849121,16.865167960561983,16.666460709325058,16.81907189689768,222031600
2014-03-28,16.72066307067871,16.78544510636423,16.639374065980352,16.766135412362814,200564000
2014-03-31,16.716920852661133,16.843682150814942,16.691691347348154,16.7944723067561,168669200
2014-04-01,16.869840621948242,16.876693572005294,16.717851504372238,16.748684789616792,200760000
2014-04-02,16.897871017456055,16.9268363745239,16.826548774105174,16.89257661458785,180420800
2014-04-03,16.780763626098633,16.896312334640285,16.744946986192094,16.861741534295813,162344000
2014-04-04,16.563684463500977,16.818452903610297,16.525065089598908,16.812536411536488,275251200
2014-04-07,16.303619384765625,16.535029542326875,16.254411210034508,16.445330744371056,289850400
2014-04-08,16.302684783935547,16.386154375671595,16.155055283028187,16.357189020155843,243888400
2014-04-09,16.516969680786133,16.522264085124288,16.258463694040927,16.27777338300154,206169600
2014-04-10,16.30393409729004,16.576766380594005,16.29427842228178,16.52817862475142,239652000
2014-04-11,16.18340492248535,16.283692557017677,16.10647554267144,16.16440461317477,271717600
2014-04-14,16.24787139892578,16.262819812867722,16.108651715101765,16.25472268601011,205674000
2014-04-15,16.13201332092285,16.246627277244855,15.925519909701203,16.203959335301164,266490000
2014-04-16,16.164714813232422,16.22949682600747,16.013036713174813,16.134814655026545,214765600
2014-04-17,16.349395751953125,16.437226584385353,16.170621984076003,16.195538768218015,284334400
2014-04-21,16.543439865112305,16.573649400532386,16.31888098781972,16.361861628457035,182548800
2014-04-22,16.55994987487793,16.563998439064076,16.397994000729792,16.454366181844268,202563200
2014-04-23,16.343488693237305,16.542196003079994,16.334144062123936,16.477725034416032,394940000
2014-04-24,17.68335723876953,17.752811561155145,17.46409442070281,17.69706147677449,759911600
2014-04-25,17.813232421875,17.814787642342015,17.564693221209506,17.582444357919645,390275200
2014-04-28,18.503103256225586,18.55480478181797,17.832232590133984,17.84002033722479,669485600
2014-04-29,18.448287963867188,18.561968788931416,18.360458735600798,18.492203409669308,337377600
2014-04-30,18.378522872924805,18.6694207066468,18.369490948280973,18.457943929627138,456640800
2014-05-01,18.42180824279785,18.525209596759854,18.262344110177608,18.4380024932953,244048000
2014-05-02,18.45607566833496,18.506533026313186,18.366689547998984,18.44860229073825,191514400
2014-05-05,18.71706199645996,18.718309499196398,18.375710317694395,18.380071587260975,287067200
2014-05-06,18.51306915283203,18.824520805801605,18.51306915283203,18.743231832892977,374564400
2014-05-07,18.448287963867188,18.602768802948543,18.305019685203682,18.539232623918572,282864400
2014-05-08,18.4153995513916,18.616469484142968,18.36560207661476,18.423541903508145,230297200
2014-05-09,18.33867073059082,18.360906648138734,18.17549582670153,18.307350770000728,291597600
2014-05-12,18.566991806030273,18.592986124447403,18.396927310498352,18.399747362029867,213208800
2014-05-13,18.596113204956055,18.620541937803953,18.50027830750633,18.540991747167453,159737200
2014-05-14,18.599563598632812,18.710120996697647,18.532854156486003,18.554464516602764,166404000
2014-05-15,18.44139862060547,18.685062083112683,18.41696988532181,18.625556661239933,230846000
2014-05-16,18.713560104370117,18.71418566720861,18.33428336254547,18.435443898566966,276256400
2014-05-19,18.935300827026367,19.021115003966536,18.707922110967054,18.724208489309643,317755200
2014-05-20,18.93906021118164,18.99198885277448,18.814409279375784,18.932796219184258,234836000
2014-05-21,18.98917007446289,19.00138360412944,18.856064010735913,18.9114982479598,196859600
2014-05-22,19.01923179626465,19.100036439012086,18.919951308272168,18.99824868214197,200760000
2014-05-23,19.234088897705078,19.252880875837153,18.994183831084378,19.01861256634196,232209600
2014-05-27,19.594261169433594,19.601463506659737,19.28106822093236,19.288897793750657,348866000
2014-05-28,19.54352569580078,19.725803723084464,19.536321685197528,19.60647673900117,315481600
2014-05-29,19.899621963500977,19.946288289425382,19.661282485139978,19.66378808213764,376474000
2014-05-30,19.825077056884766,20.174912152187357,19.69666775794344,19.981046241963515,564020800
2014-06-02,19.6888484954834,19.88240172566332,19.496235282546785,19.85515460663576,369350800
2014-06-03,19.967269897460938,20.0048538495792,19.676314576814576,19.68289135027826,292709200
2014-06-04,20.195276260375977,20.291427293269006,19.922485652294615,19.96414078534094,335482000
2014-06-05,20.27451515197754,20.33778064615458,20.126062696653158,20.238498446020625,303805600
2014-06-06,20.218759536743164,20.396967989233673,20.18431009531526,20.354372850594956,349938400
2014-06-09,20.54228973388672,20.581752044895666,20.11478275847974,20.323055044420997,301660000
2014-06-10,20.662872314453125,20.838260759117787,20.513792638276612,20.76810571577756,251108000
2014-06-11,20.577367782592773,20.77467933471802,20.491866388776486,20.63656041191639,182724000
2014-06-12,20.23316764831543,20.634367490954332,20.14766626186816,20.616828316137514,218996000
2014-06-13,20.011737823486328,20.266050810678017,19.924043632295138,20.21343329238676,218100000
2014-06-16,20.213443756103516,20.33402354048933,20.049017689738374,20.062172912434924,142244000
2014-06-17,20.1871280670166,20.32305248689827,20.125742629311624,20.237551102576663,118904000
2014-06-18,20.209054946899414,20.233170897988884,20.02708974236177,20.228785267266414,134056000
2014-06-19,20.138898849487305,20.23536264877025,20.02489587349329,20.233169833524375,142112000
2014-06-20,19.930625915527344,20.29017066330079,19.928433100352606,20.13670538099931,403592000
2014-06-23,19.9130916595459,20.086287303329787,19.862666933835325,20.02051621286005,174776000
2014-06-24,19.79250717163086,20.112589612268046,19.77277685276505,19.89554774160454,156144000
2014-06-25,19.810049057006836,19.88458805753053,19.654392609476645,19.777163515105382,147476000
2014-06-26,19.92844009399414,19.961325642644372,19.687282191606577,19.812245938374673,130516000
2014-06-27,20.165206909179688,20.16959086689013,19.899931470430868,19.910893873648813,256116000
2014-06-30,20.37347984313965,20.54886826448812,20.189321833460955,20.191514648700498,197929200
2014-07-01,20.50283432006836,20.62341410888894,20.41733289622413,20.50283432006836,152892000
2014-07-02,20.494056701660156,20.621211532946067,20.408553645655836,20.579558085036766,113860000
2014-07-03,20.614635467529297,20.629981827312058,20.43267029251388,20.535710853610027,91567200
2014-07-07,21.039953231811523,21.04433718960624,20.629983763946626,20.638753352163985,225872000
2014-07-08,20.90402603149414,21.22191731541409,20.590520377767756,21.105721532074348,260888000
2014-07-09,20.912796020507812,21.035566906237836,20.774678774061538,20.923758423574224,145744000
2014-07-10,20.8360595703125,20.947869700669397,20.50282199389165,20.555439509722834,158744000
2014-07-11,20.875526428222656,21.022413261906475,20.796601809873287,20.90621914951098,136072000
2014-07-14,21.14518165588379,21.241645438641193,20.969794936703025,21.015834013211514,171240000
2014-07-15,20.897457122802734,21.23288603583947,20.83387884209345,21.221925301486575,181911600
2014-07-16,20.779062271118164,21.287686651246958,20.770292683384998,21.259186745585044,213585200
2014-07-17,20.40855598449707,20.888680478963643,20.294554684472832,20.83387180781916,229192000
2014-07-18,20.70233726501465,20.770299501471268,20.39321546830219,20.52475765485206,199952000
2014-07-21,20.594911575317383,20.82729985956197,20.546679665916816,20.825107043872407,156316000
2014-07-22,20.765911102294922,20.803180599955144,20.63437061649953,20.757141513558157,220788000
2014-07-23,21.307416915893555,21.458687692311127,20.8645619706932,20.919370635115087,371672000
2014-07-24,21.272340774536133,21.335919032576278,21.138607485663393,21.274533589676242,182916000
2014-07-25,21.412654876708984,21.449924377984104,21.186843380876194,21.23288247173867,173876000
2014-07-28,21.7086181640625,21.75685006325239,21.38634457631065,21.445537206371373,221272000
2014-07-29,21.56830596923828,21.800695853989136,21.539806064632096,21.77657990677322,172572000
2014-07-30,21.517885208129883,21.63846328433388,21.412651820728552,21.58146346909328,132040000
2014-07-31,20.958837509155273,21.36442137976365,20.899644874632607,21.300844787087776,227372000
2014-08-01,21.075027465820312,21.182453654542776,20.785637778749393,20.80536976810509,194044000
2014-08-04,20.956642150878906,21.173685687258036,20.864563987181747,21.127646605409456,159832000
2014-08-05,20.853607177734375,20.976378085747452,20.686988322125075,20.90622304222167,223732000
2014-08-06,20.818527221679688,20.932530204051112,20.763718545862513,20.772488134708627,154232000
2014-08-07,20.81633186340332,21.14020859230386,20.732607186548105,20.91547756068637,186844000
2014-08-08,20.87360954284668,20.891235962751708,20.55193494384555,20.767854385312347,167460000
2014-08-11,21.149017333984375,21.168847477818137,20.895642995551334,20.990382907106365,146340000
2014-08-12,21.144607543945312,21.34510258128571,21.065290345605813,21.16003023912534,135180000
2014-08-13,21.42442512512207,21.42442512512207,21.16003551865573,21.184271428692426,127664000
2014-08-14,21.481704711914062,21.497127407033428,21.327477760720427,21.444249835330993,112464000
2014-08-15,21.58746337890625,21.633731468213643,21.340698554985643,21.56983695985167,195804000
2014-08-18,21.847454071044922,21.89372217495314,21.587470191264188,21.69983486606342,190288000
2014-08-19,22.149293899536133,22.18234301843013,21.882700587434414,21.90253073115002,277596000
2014-08-20,22.15810203552246,22.272670383043174,22.0214998264864,22.12946036887919,210796000
2014-08-21,22.160308837890625,22.23962604371669,22.05675572578727,22.158105115243274,133912000
2014-08-22,22.323354721069336,22.356403845437498,22.07438778859932,22.096419977862,176736000
2014-08-25,22.3718204498291,22.510624717214103,22.31453542859733,22.426901748450618,161080000
2014-08-26,22.22861671447754,22.3630152658219,22.22200722522264,22.345388840509884,132608000
2014-08-27,22.501813888549805,22.59875752228421,22.186748759861008,22.257252762318387,209476000
2014-08-28,22.52825164794922,22.645023734727758,22.376226722397146,22.382836209430216,273840000
2014-08-29,22.583332061767578,22.671462474295744,22.5172338321345,22.662649264948147,178380000
2014-09-02,22.75959587097168,22.85653782461028,22.63180684009804,22.706716607952778,214256000
2014-09-03,21.79897117614746,22.737555117663515,21.719653986590117,22.715522938552592,501684000
2014-09-04,21.61830711364746,22.05234630317765,21.5455994013349,21.779143552577743,342872000
2014-09-05,21.805578231811523,21.89811438233386,21.660162840178717,21.768123363402104,233828000
2014-09-08,21.671184539794922,21.880492785523337,21.602884272842054,21.87829074403613,185426800
2014-09-09,21.58966636657715,22.711122534083316,21.182065073530087,21.829821714112192,759385200
2014-09-10,22.252838134765625,22.2770740335466,21.538985184078005,21.594066466589798,403478400
2014-09-11,22.347583770751953,22.349787493285962,21.948795720433214,22.122852819768717,249412400
2014-09-12,22.398256301879883,22.515028366317644,22.27046730719618,22.299108972509057,250504400
2014-09-15,22.391651153564453,22.704514238596122,22.349790505463233,22.65163497633984,245266000
2014-09-16,22.222003936767578,22.31013436933751,21.787962943142908,21.98845971926321,267632400
2014-09-17,22.380632400512695,22.429104209524965,22.162509259957492,22.312330451019164,243706000
2014-09-18,22.426898956298828,22.5502805119467,22.376223428259095,22.457744345210795,149197600
2014-09-19,22.24403190612793,22.550283798493425,22.142682516225122,22.537064824446755,283609600
2014-09-22,22.26606559753418,22.504017232173574,22.160310436104215,22.42910746623968,211153600
2014-09-23,22.61417007446289,22.68026828252653,22.151487660859168,22.164706630092994,253608800
2014-09-24,22.418088912963867,22.660446294752283,22.29690938159573,22.50842305106518,240687200
2014-09-25,21.563228607177734,22.18895138799805,21.53017948994896,22.144887018991636,400368000
2014-09-26,22.1977596282959,22.1977596282959,21.679995844123173,21.708637509470176,249482000
2014-09-29,22.056753158569336,22.12946086893865,21.73067116357669,21.735078608358407,199065200
2014-09-30,22.1977596282959,22.371816704514355,22.14928782467208,22.210978599848737,221056400
2014-10-01,21.851848602294922,22.184540051866616,21.746091789913073,22.162506191949248,205965200
2014-10-02,22.010482788085938,22.080986768742,21.60067787522648,21.871676867988306,191031200
2014-10-03,21.94879913330078,22.07879020690762,21.821010101622573,21.909140526260924,173878400
2014-10-06,21.94879913330078,22.17573384210461,21.904733080507587,22.021505178750484,148204800
2014-10-07,21.757108688354492,22.058954750741627,21.752702924945904,21.906929858459037,168376800
2014-10-08,22.20878028869629,22.277080561120943,21.66016934384411,21.759316689985656,229618800
2014-10-09,22.257247924804688,22.556890290359625,22.166915479233904,22.371817954489153,309506000
2014-10-10,22.193361282348633,22.479783074390813,22.098621365677825,22.18454807138529,265326400
2014-10-13,21.99065399169922,22.424694831969507,21.99065399169922,22.32554918095088,214333600
2014-10-14,21.757108688354492,22.147083466493413,21.717450093887187,22.118441801968835,254754400
2014-10-15,21.490522384643555,21.845246127018896,20.970554725544844,21.58526229746954,403734400
2014-10-16,21.208499908447266,21.530174433298715,21.021223862732402,21.052069249982026,288618000
2014-10-17,21.519161224365234,21.812194134856952,21.32968142366742,21.481706344934878,272718800
2014-10-20,21.979642868041992,22.023707236555726,21.640341851452945,21.66237403570981,310069200
2014-10-21,22.57672119140625,22.69789903037691,22.312329970024653,22.69789903037691,378495600
2014-10-22,22.6912899017334,22.93805470939023,22.605363215690375,22.65824078842122,273052400
2014-10-23,23.096681594848633,23.145153387811558,22.832290455309174,22.931437762991663,284298800
2014-10-24,23.182613372802734,23.24210042579216,23.030588476016632,23.173800164776978,188215600
2014-10-27,23.158376693725586,23.23989760451717,23.068042575204036,23.10109168395454,136750800
2014-10-28,23.51750946044922,23.51750946044922,23.21125759188729,23.222274523368462,192243600
2014-10-29,23.64971160888672,23.656322778405826,23.433793804480583,23.497688328912517,210751600
2014-10-30,23.57039451599121,23.651913777605017,23.33244285738994,23.565987069934806,162619200
2014-10-31,23.795122146606445,23.80393535652264,23.62106503289437,23.797325869322474,178557200
2014-11-03,24.103572845458984,24.30186582569185,23.797321007467836,23.843589089364244,209130400
2014-11-04,23.92731285095215,24.123402115523817,23.733427308720508,24.094760448893982,166297600
2014-11-05,23.984594345092773,24.081537942454613,23.823756256828577,24.037471906859512,149743600
2014-11-06,24.053197860717773,24.073113990378662,23.85404669352975,24.031070140834306,139874000
2014-11-07,24.121797561645508,24.19039400423302,24.020008692947705,24.064264135603473,134766000
2014-11-10,24.08196258544922,24.192602860099004,24.046556887207714,24.12400474181524,108782000
2014-11-11,24.274473190307617,24.285537891976674,23.986809517513088,24.05319266281808,109769200
2014-11-12,24.617464065551758,24.657294636737856,24.20145719068117,24.203668780909364,187769600
2014-11-13,24.96487808227539,25.104284257300133,24.69491547088143,24.739172605344326,238091600
2014-11-14,25.26581382751465,25.268027105770045,24.608610309304684,25.037895126071955,176254400
2014-11-17,25.223770141601562,25.951783374465187,25.07108770574538,25.2857284272518,186986800
2014-11-18,25.55126953125,25.599951530279732,25.201645800251818,25.21271050484472,176896000
2014-11-19,25.374237060546875,25.611007151631917,25.181724086817603,25.544624007952873,167476800
2014-11-20,25.737144470214844,25.858849468059233,25.414075016580608,25.427352999768928,173582000
2014-11-21,25.772544860839844,26.015953118107912,25.675180882637996,26.00267682589368,228717200
2014-11-24,26.250507354736328,26.281486492329783,25.80573472718612,25.856628301131206,189803200
2014-11-25,26.022598266601562,26.498351895057933,25.98940583889772,26.34788101927259,275361600
2014-11-26,26.332382202148438,26.354509916771867,26.073484395757834,26.09782538831453,163073200
2014-11-28,26.316896438598633,26.420898569427862,26.122170158223405,26.39213101684475,99257600
2014-12-01,25.462749481201172,26.387702126411117,24.621882826197076,26.290338156945946,335256000
2014-12-02,25.365392684936523,25.613227546281365,24.949385795621804,25.115346233286697,237395600
2014-12-03,25.65305519104004,25.74599262034848,25.47160520076498,25.613224623016894,172253600
2014-12-04,25.555696487426758,25.934086117740105,25.511441041914342,25.61765478643895,168178000
2014-12-05,25.447263717651367,25.68624712122002,25.367602583128484,25.666330993470975,153275600
2014-12-08,24.871931076049805,25.36981225186302,24.69933253855238,25.24810728914745,230659600
2014-12-09,25.252531051635742,25.292361608824294,24.197022130257253,24.38289862654923,240832000
2014-12-10,24.772361755371094,25.41407581386646,24.681637589962005,25.31671350077341,178261200
2014-12-11,24.699337005615234,25.181728699621257,24.637377029967293,24.840956430622807,165606800
2014-12-12,24.281116485595703,24.75465674686896,24.247924064093308,24.442650348277784,224112400
2014-12-15,23.949188232421875,24.694902405022383,23.53317982976239,24.495749625902008,268872400
2014-12-16,23.6216983795166,24.376265854733415,23.513271384251297,23.537612379467102,243162800
2014-12-17,24.210302352905273,24.305451355206277,23.637184931788564,23.703569762670043,213647200
2014-12-18,24.92725372314453,24.92725372314453,24.486905911455395,24.75465516822299,236024800
2014-12-19,24.73474884033203,25.05781836131895,24.708196244893564,24.840964286797643,353719200
2014-12-22,24.991432189941406,25.113135510338456,24.776789731934205,24.81883358732363,180670000
2014-12-23,24.902910232543945,25.0777220481025,24.885207385547442,25.055594333475078,104113600
2014-12-24,24.785640716552734,24.940536462744337,24.785640716552734,24.911770592233616,57918400
2014-12-26,25.223770141601562,25.341048566330464,24.785635585511073,24.80555002522579,134884000
2014-12-29,25.206066131591797,25.3963658353387,25.159595734369123,25.179511860069766,110395600
2014-12-30,24.89849090576172,25.20828406520096,24.80776674297729,25.14632577096049,119526000
2014-12-31,24.424949645996094,25.03347123684447,24.38733235282958,24.96487479774826,165613600
2015-01-02,24.192607879638672,24.659510070593672,23.754471558295847,24.64844536553832,212818400
2015-01-05,23.511062622070312,24.042136374239757,23.325187737341313,23.962475227002493,257142000
2015-01-06,23.51327133178711,23.7721691658831,23.15258296070491,23.57522961465761,263188400
2015-01-07,23.84297752380371,23.942553088747736,23.610632287952324,23.721272554884127,160423600
2015-01-08,24.75908088684082,24.816614303203295,24.05319538405384,24.170475495010283,237458000
2015-01-09,24.785640716552734,25.060028190479436,24.38733495743574,24.931685036070956,214798000
2015-01-12,24.174903869628906,24.922831637875944,24.075328281845096,24.916193490455274,198603200
2015-01-13,24.38953971862793,24.96044387790698,24.099662771315515,24.657288951103045,268367600
2015-01-14,24.29660987854004,24.449292340286082,24.008944431257838,24.12843615451797,195826400
2015-01-15,23.63718605041504,24.354134491977135,23.601782043642775,24.340858200467093,240056000
2015-01-16,23.45352554321289,23.805362503417978,23.27871370223808,23.68365752291758,314053200
2015-01-20,24.05762481689453,24.112944961639695,23.566381661439586,23.86289682691998,199599600
2015-01-21,24.241283416748047,24.575415810890004,23.95804291228469,24.108513744434763,194303600
2015-01-22,24.871931076049805,24.8874206451012,24.278899207996158,24.3983908927797,215185600
2015-01-23,25.00028419494629,25.170669522737423,24.679426295780132,24.849813311808354,185859200
2015-01-26,25.026836395263672,25.305650433694787,24.960453225890493,25.16845584914426,222460000
2015-01-27,24.15056037902832,24.889638333300006,24.126219382172156,24.876360351591465,382274800
2015-01-28,25.5158634185791,26.13766300317951,25.5158634185791,26.02923430226332,585908400
2015-01-29,26.310253143310547,26.3744246942054,25.571175357345947,25.739349018717416,337745600
2015-01-30,25.92523956298828,26.553675745272525,25.856641419311675,26.199627072983006,334982000
2015-02-02,26.250507354736328,26.36999903755525,25.6862430443672,26.1221659368076,250956400
2015-02-03,26.254941940307617,26.352304250420058,26.024809927632663,26.22174951466699,207662800
2015-02-04,26.456310272216797,26.666527873247325,26.17970949841648,26.221753356270014,280598800
2015-02-05,26.6451358795166,26.70956070561401,26.49184916587451,26.662906901105913,168984800
2015-02-06,26.420757293701172,26.714000306189355,26.314122700569396,26.662904175232608,174826400
2015-02-09,26.596263885498047,26.62292126746555,26.309685165049736,26.336344241916905,155559200
2015-02-10,27.107206344604492,27.13608742378132,26.69400182959533,26.696222147302,248034000
2015-02-11,27.742570877075195,27.751457234046466,27.213845349029228,27.273826139961198,294247200
2015-02-12,28.093578338623047,28.3201762363106,27.895861528916974,28.004716451194586,297898000
2015-02-13,28.231321334838867,28.275751442097746,27.91364115272803,28.275751442097746,217088800
2015-02-17,28.397930145263672,28.6311923911294,28.195769306193434,28.322396946689228,252609600
2015-02-18,28.595645904541016,28.608974594134033,28.313509545559175,28.353497309237724,179566800
2015-02-19,28.535659790039062,28.66450942275058,28.509002414236182,28.542324133989784,149449600
2015-02-20,28.76892852783203,28.76892852783203,28.446806067835475,28.573432021439938,195793600
2015-02-23,29.54646873474121,29.54646873474121,28.804475521420645,28.88445106110666,283896400
2015-02-24,29.36207389831543,29.679755665976195,29.139920048689255,29.533133311671225,276912400
2015-02-25,28.61119842529297,29.23545371286905,28.469020069179415,29.22656565884979,298846800
2015-02-26,28.97330665588379,29.073275217137283,28.126900972912463,28.611194771331103,365150000
2015-02-27,28.537885665893555,29.006630434896266,28.4890115466763,28.880001110615524,248059200
2015-03-02,28.67784309387207,28.942206749183107,28.502343023009654,28.71338852765152,192386800
2015-03-03,28.73782730102539,28.773372736921615,28.455690912023037,28.64896710108417,151265200
2015-03-04,28.55565643310547,28.782254325481713,28.506785701219396,28.680065445448587,126665200
2015-03-05,28.08247184753418,28.60231109584079,27.938071491371385,28.56454534427654,226068400
2015-03-06,28.124675750732422,28.74004114058892,28.049144258829877,28.524551645020985,291368400
2015-03-09,28.244644165039062,28.784479856085543,27.78256368790519,28.42681027882651,354114000
2015-03-10,27.66037940979004,28.26241620675902,27.502650362161962,28.08247211064381,275426400
2015-03-11,27.156095504760742,27.71814466770397,27.127216104475497,27.7137023349293,275756000
2015-03-12,27.647050857543945,27.747021124712568,27.020576957239324,27.17164166982553,193450800
2015-03-13,27.455997467041016,27.85809714605445,27.23162326651431,27.635943264020362,207309200
2015-03-16,27.75812530517578,27.75812530517578,27.296046544920685,27.520420732700014,143497200
2015-03-17,28.2224178314209,28.284620621759814,27.913624197310625,27.969162645098788,204092400
2015-03-18,28.540102005004883,28.69338868574217,28.073579314164338,28.213535612946753,261083600
2015-03-19,28.32461166381836,28.713380843517825,28.30239662110107,28.602303935032264,183238000
2015-03-20,27.96917152404785,28.52455448333958,27.80477814097911,28.491232760007673,274780400
2015-03-23,28.26019287109375,28.402371208638087,28.106906162375846,28.240199836860707,150838800
2015-03-24,28.144676208496094,28.44458191910523,28.11579511873549,28.264639509679526,131369200
2015-03-25,27.409339904785156,28.173549649385247,27.409339904785156,28.111346845968825,206620800
2015-03-26,27.60039710998535,27.74257545518956,27.236064888537122,27.27161032228796,190291600
2015-03-27,27.380462646484375,27.70258505848325,27.304931149287167,27.67370566747833,158184800
2015-03-30,28.073579788208008,28.080244131848396,27.547074606928014,27.558182976261453,188398800
2015-03-31,27.642606735229492,28.100243175381227,27.62705603177481,28.01138128639751,168362400
2015-04-01,27.602617263793945,27.795891733269624,27.34713998434433,27.72924489692644,162485600
2015-04-02,27.840322494506836,27.893638947918962,27.58928923541274,27.77589766980492,128880400
2015-04-06,28.291290283203125,28.326835710021733,27.620386453544633,27.6514878545613,148776000
2015-04-07,27.993606567382812,28.462349622438023,27.98694222319662,28.3557167256603,140049200
2015-04-08,27.90252685546875,28.08025063657794,27.762570521902486,27.958065325202924,149316800
2015-04-09,28.115793228149414,28.12023725469051,27.693702231319484,27.958064183930947,129936000
2015-04-10,28.235754013061523,28.260191072168222,27.826991742366516,27.980276746427457,160752000
2015-04-13,28.180212020874023,28.562318561327945,28.12689557809171,28.51788508502756,145460400
2015-04-14,28.05803108215332,28.277962912412484,27.97139121887246,28.213538094478118,102098400
2015-04-15,28.1646671295166,28.242420644379937,27.99360939681727,28.082471283046583,115881600
2015-04-16,28.029151916503906,28.23575507267787,28.015823227363466,28.053588976527664,113476000
2015-04-17,27.713701248168945,28.022495058348138,27.64927640861287,27.891425060385696,207828000
2015-04-20,28.346830368041992,28.462349622032768,27.806996455276874,27.895858332523268,188217200
2015-04-21,28.19354820251465,28.48012520073409,28.140230053864958,28.457911847812642,129740400
2015-04-22,28.573429107666016,28.628967574063935,28.062476233744846,28.211318916915396,150618000
2015-04-23,28.80669403076172,28.9733094454926,28.466798855894666,28.502344291255753,183083600
2015-04-24,28.94220733642578,29.019962550671096,28.70894508348904,28.988861142932812,178103600
2015-04-27,29.46870231628418,29.57533858854581,29.13547159251256,29.393170832447517,387816800
2015-04-28,29.004409790039062,29.888581275967137,28.784479620133364,29.870811948737703,475696000
2015-04-29,28.57787322998047,29.233226457714377,28.502341728977694,28.915548055956197,253544400
2015-04-30,27.80255889892578,28.57787547888214,27.675931252944945,28.57787547888214,332781600
2015-05-01,28.646743774414062,28.90888713039242,27.835883422298416,28.01360551944855,234050400
2015-05-04,28.59119987487793,29.00662988028145,28.493451638312393,28.768923633197197,203953200
2015-05-05,27.946958541870117,28.535664962892916,27.942514515164522,28.469018121505634,197085600
2015-05-06,27.771453857421875,28.15800109012273,27.4048996580972,28.115791315351583,288564000
2015-05-07,27.943227767944336,28.126154782564676,27.666605100388406,27.833916456516,175763600
2015-05-08,28.469701766967773,28.469701766967773,28.132847750663366,28.260004316794557,222201600
2015-05-11,28.17969512939453,28.456316106647098,28.025768130626794,28.41839260613247,168143200
2015-05-12,28.079309463500977,28.304620877619083,27.845072870312944,28.01907641863355,192640000
2015-05-13,28.11054039001465,28.373777003589282,28.079309071622678,28.141771708406623,138776800
2015-05-14,28.766401290893555,28.766401290893555,28.36708631302993,28.42285677051672,180814000
2015-05-15,28.726245880126953,28.886865057060014,28.60132061005864,28.79317110450878,152832000
2015-05-18,29.04302406311035,29.161257160981794,28.634783904740452,28.63924649445973,203531600
2015-05-19,29.016254425048828,29.196950157503426,28.920327470857302,29.154564066392645,178532800
2015-05-20,29.014019012451172,29.219253864567587,28.853399840541243,29.000634648785045,145819600
2015-05-21,29.31072998046875,29.36427086057104,28.962722769702793,29.016263649805083,158921600
2015-05-22,29.567264556884766,29.66319151483739,29.31295140420748,29.35757049383677,182384000
2015-05-26,28.915861129760742,29.64980214028677,28.804320232449268,29.58064732858694,282790400
2015-05-27,29.455724716186523,29.50480299340374,29.0117940322109,29.076486268201553,183332800
2015-05-28,29.397724151611328,29.43564765535413,29.246030136640115,29.41557110701242,122933200
2015-05-29,29.063100814819336,29.324106149911614,28.978328629351232,29.275027874530984,203538000
2015-06-01,29.1210994720459,29.310720381846835,29.011791558077427,29.063099423898514,128451200
2015-06-02,28.99171257019043,29.147869151254092,28.848940352652487,28.969403028342118,134670400
2015-06-03,29.027400970458984,29.210329669290964,28.978322705111765,29.147867041386856,123934000
2015-06-04,28.85786247253418,29.13002254734294,28.75747634093119,28.906940742021543,153800400
2015-06-05,28.699472427368164,28.931479407354722,28.634780202616195,28.889093320398054,142507200
2015-06-08,28.509859085083008,28.824405288183716,28.293469433641413,28.75524706027214,210699200
2015-06-09,28.425086975097656,28.572321802981325,28.0235406937391,28.2644677817625,224301600
2015-06-10,28.75078773498535,28.853403471979494,28.521012017263367,28.53662767749891,156349200
2015-06-11,28.686092376708984,29.040791677792328,28.66155323867411,28.81770984255118,141563600
2015-06-12,28.369314193725586,28.6280899177964,28.35592982936992,28.596858599647057,147544800
2015-06-15,28.313535690307617,28.384921783208696,28.043606973338576,28.130608720874932,175955600
2015-06-16,28.465240478515625,28.521010934665533,28.190850787366475,28.338083906573015,125976400
2015-06-17,28.3983211517334,28.527707335629966,28.273394154138103,28.492015123445242,131672400
2015-06-18,28.527698516845703,28.623623754034263,28.380465421381277,28.382696715821655,141628800
2015-06-19,28.242149353027344,28.514309361726053,28.197533683592244,28.48977023294314,218867600
2015-06-22,28.467466354370117,28.56785247553917,28.349233282155343,28.440695927801535,136157200
2015-06-23,28.338085174560547,28.467473047092806,28.30462255897747,28.438473021309782,121075600
2015-06-24,28.579015731811523,28.956024600203072,28.358165178471953,28.378241727875807,221123600
2015-06-25,28.44293212890625,28.822170543166646,28.44293212890625,28.746323541106253,127752400
2015-06-26,28.275619506835938,28.552240475555756,28.222080348820942,28.480854364209378,176267200
2015-06-29,27.78037452697754,28.213153736274986,27.769221458869445,27.987840655952414,196645600
2015-06-30,27.981157302856445,28.135084328331757,27.854000712848862,28.012388626579046,177482800
2015-07-01,28.242149353027344,28.317998033441445,28.10606934867799,28.309074559158688,120955200
2015-07-02,28.206466674804688,28.262237131404994,28.057000557611623,28.20423537998648,108844000
2015-07-06,28.10831069946289,28.15962026945185,27.851766253476693,27.87184450329126,112241600
2015-07-07,28.039155960083008,28.141773398387514,27.610837549881598,28.083771645613904,187787200
2015-07-08,27.343135833740234,27.804915086186213,27.33644365213623,27.76922288363849,243046400
2015-07-09,26.785430908203125,27.675526788735418,26.595811723906333,27.62867981628414,314380000
2015-07-10,27.501527786254883,27.628684361535427,27.039748465290874,27.202598950394385,245418000
2015-07-13,28.032459259033203,28.054767098202955,27.733528767825597,27.89191663850359,165762000
2015-07-14,28.02130699157715,28.19084964797463,27.89415042477383,28.117232240357136,127072400
2015-07-15,28.291236877441406,28.364854287903665,28.014615891982935,28.045847211213122,134596800
2015-07-16,28.668243408203125,28.681631176702723,28.40946938252491,28.496471156000958,144889600
2015-07-17,28.915861129760742,28.915861129760742,28.62362452343796,28.795398458405888,184658800
2015-07-20,29.462425231933594,29.663197560349335,29.156800744686514,29.217033804794962,235600800
2015-07-21,29.16794776916504,29.652034906839845,29.072024221109125,29.636420949603064,307025600
2015-07-22,27.934310913085938,27.99677356186341,27.213755753021168,27.213755753021168,461802400
2015-07-23,27.92091941833496,28.35146566635156,27.898609876341503,28.15292299685926,203998000
2015-07-24,27.773685455322266,28.050306424266896,27.639836709186422,27.95661247216972,168649200
2015-07-27,27.387760162353516,27.575149816344606,27.242758309859674,27.45914629197403,177822000
2015-07-28,27.523834228515625,27.64206902230404,27.338677612162314,27.523834228515625,134472400
2015-07-29,27.43683624267578,27.550608462679147,27.2762170384309,27.472530155609952,148046800
2015-07-30,27.298524856567383,27.343140542930758,27.151290028005434,27.28737008398687,134513200
2015-07-31,27.059825897216797,27.3587547240426,26.972824122126944,27.34983124685656,171540000
2015-08-03,26.42180633544922,27.343133466033592,26.216569806150336,27.10443603161213,279904000
2015-08-04,25.574100494384766,26.256730339924655,25.26401689121604,26.194267700722214,496554400
2015-08-05,25.743642807006836,26.198729931797953,25.007472107672537,25.197091317507358,397250400
2015-08-06,25.79966926574707,26.10667542051298,25.573337945863234,25.987907127771592,211612000
2015-08-07,25.887060165405273,26.050647781151817,25.658487491973187,25.67641522980246,154681600
2015-08-10,26.828243255615234,26.888747227754624,26.113390594310268,26.113390594310268,219806400
2015-08-11,25.43215560913086,26.48314577691837,25.396301841596806,26.400231268115792,388331200
2015-08-12,25.824312210083008,25.86464876132336,24.567158357722324,25.217024256735492,404870000
2015-08-13,25.80414390563965,26.08425836030425,25.66744791498869,26.00358526058621,194143200
2015-08-14,25.98567008972168,26.064101833014394,25.548692013031,25.618159884278295,171718000
2015-08-17,26.25457000732422,26.364374401449012,25.88257716849709,26.003586825355924,163538800
2015-08-18,26.106674194335938,26.317320867981202,25.99686977729429,26.09098784904427,138242800
2015-08-19,25.77277946472168,26.11115660318592,25.698828814719494,26.017038526646864,193146000
2015-08-20,25.24391746520996,25.62487247693871,25.01534309042622,25.56436850107426,274006400
2015-08-21,23.699928283691406,25.07585058188817,23.67527807072019,24.746435653712144,513102000
2015-08-24,23.10832977294922,24.381170314711177,20.616430202546656,21.25957380369911,648825200
2015-08-25,23.247264862060547,24.898820765395907,23.19348335039418,24.898820765395907,414406400
2015-08-26,24.580610275268555,24.625427915268247,23.54082529818865,23.99797069717231,387098400
2015-08-27,25.304424285888672,25.37613353297059,24.654558272511903,25.149802236992745,338464400
2015-08-28,25.387338638305664,25.391819718233755,24.99517832179051,25.13635542024998,212657600
2015-08-31,25.268564224243164,25.665205524391276,25.098254163706805,25.104976636808537,224917200
2015-09-01,24.139150619506836,25.071370909817738,24.05847749605796,24.683693347945017,307383600
2015-09-02,25.174448013305664,25.174448013305664,24.455114225615663,24.701616338576237,247555200
2015-09-03,24.73299217224121,25.273052075556876,24.659041528939685,25.208065302020685,212935600
2015-09-04,24.486488342285156,24.75091649826802,24.316179957517583,24.419261888197923,199985200
2015-09-08,25.167724609375,25.223747503944658,24.721782847311772,25.042233872637542,219374400
2015-09-09,24.683696746826172,25.550930378792227,24.5985408216358,25.492667778032562,340043200
2015-09-10,25.225988388061523,25.385093200258346,24.627664296486913,24.71057708457534,251571200
2015-09-11,25.593494415283203,25.593494415283203,25.044470829651967,25.05119330225992,199662000
2015-09-14,25.839996337890625,26.19406140070157,25.73915582327062,26.124593566615918,233453600
2015-09-15,26.05736541748047,26.11338830553308,25.640554993594424,25.978933716143388,173364800
2015-09-16,26.086502075195312,26.115633365585964,25.869132965490092,26.050646601160878,148694000
2015-09-17,25.528512954711914,26.104428259816004,25.483695321581934,25.918433543611794,256450400
2015-09-18,25.42319107055664,25.61367029631348,25.069127645614433,25.1453179681706,297141200
2015-09-21,25.817596435546875,25.853451916923284,25.470255435551035,25.472495120874473,200888000
2015-09-22,25.411983489990234,25.586774634919642,25.214781821099262,25.407500701324746,201384800
2015-09-23,25.618152618408203,25.70778960375562,25.38957992997141,25.463528861425985,143026800
2015-09-24,25.770538330078125,25.882584148904552,25.181177938537186,25.37837796418563,200878000
2015-09-25,25.705549240112305,26.149251395054904,25.550925476927503,26.093228490675873,224607600
2015-09-28,25.19685173034668,25.674166065237287,25.19685173034668,25.51281989296929,208436000
2015-09-29,24.43942642211914,25.43663494850679,24.17051721819608,25.28425261036825,293461600
2015-09-30,24.717302322387695,24.995175406974322,24.365478604986556,24.688169322360896,265892000
2015-10-01,24.555952072143555,24.56491593916416,24.047263304241792,24.441664904734353,255716400
2015-10-02,24.7352352142334,24.87641404509263,24.10105715684254,24.204139108608135,232079200
2015-10-05,24.82486343383789,24.95707834695101,24.44166706073994,24.623180682290823,208258800
2015-10-06,24.943634033203125,25.039993484121485,24.598532783627668,24.791251685464392,192787200
2015-10-07,24.82486343383789,25.04671360569818,24.5178590822946,25.03999113226044,187062400
2015-10-08,24.53803253173828,24.692656297530114,24.248954135106484,24.692656297530114,247918400
2015-10-09,25.125150680541992,25.161004447325563,24.535788681322458,24.65007587545633,211064400
2015-10-12,25.008623123168945,25.26632881443241,24.972769354906614,25.26184773453085,121868800
2015-10-13,25.051204681396484,25.19910427500095,24.802462823818328,24.833835516694535,132197200
2015-10-14,24.697126388549805,24.99068573472568,24.55146655758404,24.93914564218376,177849600
2015-10-15,25.0668888092041,25.120670319419833,24.759882673592674,24.858483533724336,150694000
2015-10-16,24.883132934570312,25.09826067807755,24.76884573312845,25.04896024962485,156930400
2015-10-19,25.037752151489258,25.04223323067941,24.67472318849822,24.829346920645275,119036800
2015-10-20,25.494903564453125,25.584540556883663,24.833833950934338,24.950360844315636,195871200
2015-10-21,25.492656707763672,25.900503284391082,25.479210051387575,25.546438204219225,167180800
2015-10-22,25.882585525512695,25.882585525512695,25.56885687417582,25.62039870583806,166616400
2015-10-23,26.684823989868164,26.718438066579125,26.068572185671435,26.151484970584445,237467600
2015-10-26,25.83327865600586,26.47193935630753,25.752605545474786,26.46073580242905,265335200
2015-10-27,25.669689178466797,26.11563090930809,25.54419674083244,25.860166664731032,279537600
2015-10-28,26.72740936279297,26.734133548180537,26.008075397842457,26.203035741676793,342205600
2015-10-29,27.0097599029541,27.045615379108888,26.50331241520856,26.599671870270544,204909200
2015-10-30,26.778945922851562,27.164383744411797,26.76774065909424,27.112841924684606,197461200
2015-11-02,27.155418395996094,27.195754949768546,26.803594675190933,27.070264209002307,128813200
2015-11-03,27.466901779174805,27.673065599084715,27.047849956583303,27.068019085532576,182076000
2015-11-04,27.339174270629883,27.747020900378182,27.254020081010584,27.592397154535842,179544400
2015-11-05,27.213150024414062,27.611491014653208,27.046612866049482,27.422447396318912,158210800
2015-11-06,27.244653701782227,27.4134418290614,27.145632501339545,27.255906930401487,132169200
2015-11-09,27.134376525878906,27.413439053970233,27.017350858292687,27.22214620581893,135485600
2015-11-10,26.27918243408203,26.57174917506117,26.119396564378523,26.3084401383808,236511600
2015-11-11,26.130653381347656,26.425469434694342,25.928107280307252,26.18916708098192,180872000
2015-11-12,26.04288101196289,26.290436569106728,26.027127523335597,26.16440866008837,130102400
2015-11-13,25.28221321105957,26.00912825649731,25.26645971927618,25.92585881878406,183249600
2015-11-16,25.696308135986328,25.70981063860422,24.98064630820629,25.066165019789388,152426800
2015-11-17,25.586029052734375,25.892098314595156,25.502759628683492,25.86284060822513,110467600
2015-11-18,26.39621925354004,26.441228745011028,25.993377951967144,26.05189166448106,186698800
2015-11-19,26.731534957885742,26.94983451847588,26.276933076812536,26.474977171646167,173183200
2015-11-20,26.84856605529785,26.9880964780301,26.74729214650655,26.826059597565344,137148400
2015-11-23,26.499736785888672,26.945338210890085,26.407465116019043,26.84181331206017,129930000
2015-11-24,26.7540340423584,26.85980817551081,26.357945936384805,26.405206390495255,171212800
2015-11-25,26.562744140625,26.832806115487394,26.537988416670917,26.828304138222336,85553200
2015-11-27,26.51323699951172,26.64826886737804,26.465976532559118,26.62126215040447,52185600
2015-11-30,26.623510360717773,26.873316886396125,26.49973173375955,26.55374344506798,156721200
2015-12-01,26.407455444335938,26.738280337384804,26.299432040687964,26.72477784117907,139409600
2015-12-02,26.168907165527344,26.580750548158523,26.12389769161195,26.407460467881386,133546400
2015-12-03,25.925853729248047,26.283685425226995,25.7053048875768,26.22967370928731,166278000
2015-12-04,26.787796020507812,26.837307470435537,25.905597310708824,25.946106522740475,231108000
2015-12-07,26.61901092529297,26.97459163578406,26.513236764336625,26.776547530739133,128336800
2015-12-08,26.607755661010742,26.69102335444192,26.299435460545904,26.44796808912663,137238000
2015-12-09,26.02037811279297,26.486233271703043,25.89885045607709,26.474980043173172,185445600
2015-12-10,26.144153594970703,26.317443689533036,25.995620945204504,26.114897606214114,116850800
2015-12-11,25.471250534057617,25.968612614008652,25.39698335529081,25.92360313918105,187544800
2015-12-14,25.313724517822266,25.358734008408273,24.70833708252904,25.24620856494125,257274800
2015-12-15,24.86586570739746,25.38573429187087,24.83435872858108,25.192190440855068,213292400
2015-12-16,25.05716323852539,25.203446648575184,24.485535535195485,24.99640025862877,224954000
2015-12-17,24.52603530883789,25.261950620429094,24.52603530883789,25.210188184389988,179091200
2015-12-18,23.862140655517578,24.64756761837241,23.8126291952399,24.510288183513854,385813200
2015-12-21,24.154705047607422,24.163707286494162,23.758615121598442,24.143451819748623,190362400
2015-12-22,24.13219451904297,24.242468914195612,23.956653478370008,24.170452737381485,131157600
2015-12-23,24.442766189575195,24.496777897863105,24.125443754756063,24.14119724121509,130629600
2015-12-24,24.31224250793457,24.530542102280638,24.29423802825616,24.530542102280638,54281600
2015-12-28,24.039928436279297,24.235723267087668,23.895896049363305,24.213216811568333,106816800
2015-12-29,24.472021102905273,24.627306689063776,24.048926258663258,24.07143099304826,123724800
2015-12-30,24.1524600982666,24.46302969101421,24.120953112785045,24.43602468460255,100855200
2015-12-31,23.688846588134766,24.087185730146636,23.589823691295113,24.082685469836317,163649200
2016-01-04,23.709102630615234,23.71360460836271,22.9551827560473,23.09246388832103,270597600
2016-01-05,23.114971160888672,23.82163064861039,23.047456940285645,23.79912590840938,223164000
2016-01-06,22.662616729736328,23.0384529014461,22.475825855355314,22.63110975251536,273829600
2016-01-07,21.706148147583008,22.534335128762088,21.70164788723477,22.208012167974665,324377600
2016-01-08,21.8209285736084,22.30478820822411,21.77591909378435,22.178760291115495,283192000
2016-01-11,22.174253463745117,22.293530104496217,21.906442481454086,22.273276358105072,198957600
2016-01-12,22.496078491210938,22.660366336017216,22.244020968919553,22.628859360355968,196616800
2016-01-13,21.91769790649414,22.772891657948627,21.8974441580709,22.577096838183675,249758400
2016-01-14,22.39706039428711,22.61311072662906,21.546368434822075,22.04598160898453,252680400
2016-01-15,21.859188079833984,21.989717982749493,21.460848837421395,21.649890724125214,319335600
2016-01-19,21.753414154052734,22.20126482709412,21.492354365866788,22.147253108401078,212350800
2016-01-20,21.782670974731445,22.097742493626843,21.024249027026293,21.40233450630044,289337600
2016-01-21,21.672391891479492,22.02797083685336,21.36632267791624,21.843429256646218,208646000
2016-01-22,22.82465934753418,22.83366158858116,22.13825520847064,22.196767199773134,263202000
2016-01-25,22.379056930541992,22.849412379877773,22.327294479891755,22.847161390631662,207178000
2016-01-26,22.502832412719727,22.7031275176358,22.070735223485162,22.48932991211915,300308000
2016-01-27,21.024240493774414,21.746653189765915,21.00623602183047,21.61387407243146,533478800
2016-01-28,21.175031661987305,21.271803587071275,20.792445939749225,21.107517443534352,222715200
2016-01-29,21.90644073486328,21.90644073486328,21.23353942538852,21.332562311853426,257666000
2016-02-01,21.701642990112305,21.764656922775767,21.469841001957043,21.71064522577864,163774000
2016-02-02,21.262798309326172,21.61387697436504,21.217787123422998,21.474344873566967,149428800
2016-02-03,21.68364906311035,21.793923498895694,21.17278438887882,21.379830758884445,183857200
2016-02-04,21.857872009277344,22.023051307354372,21.53882942849587,21.690431234443935,185886800
2016-02-05,21.27409553527832,21.930284768598725,21.199427077260204,21.839775611189257,185672400
2016-02-08,21.49810791015625,21.654234450442047,21.052351696351625,21.072715352177223,216085600
2016-02-09,21.493576049804688,21.70853547812662,21.253728290560428,21.335186345835517,177324800
2016-02-10,21.330656051635742,21.801302123821248,21.292190234299287,21.70400511588211,169374400
2016-02-11,21.20168685913086,21.43248527838415,20.950524787406167,21.222052237920717,200298800
2016-02-12,21.267301559448242,21.382700745252002,21.045555999939317,21.312556988350742,161405600
2016-02-16,21.866926193237305,21.91444310662527,21.40759430416859,21.50036492754937,196231600
2016-02-17,22.201810836791992,22.222174489604072,21.75605468895267,21.87371537772114,179452800
2016-02-18,21.78094482421875,22.37603960702868,21.742477269354197,22.364725315659374,156084000
2016-02-19,21.73116111755371,21.894077218998742,21.676856325844767,21.722110031215855,141496800
2016-02-22,21.92123031616211,21.92575672281318,21.704009407505577,21.792255347699847,137123200
2016-02-23,21.42569923400879,21.83525105896219,21.394021287676406,21.812624201056,127770400
2016-02-24,21.744741439819336,21.808097331140345,21.115705481248508,21.26504584763537,145022800
2016-02-25,21.894079208374023,21.894079208374023,21.55240800492678,21.7334262954955,110330800
2016-02-26,21.928016662597656,22.17917695216546,21.853346500833084,21.993634012407416,115964400
2016-02-29,21.878244400024414,22.226703553560853,21.869193311142062,21.916710233035392,140865200
2016-03-01,22.747119903564453,22.80142469069322,22.043413968591395,22.095457279065084,201628400
2016-03-02,22.79690170288086,22.828579641583378,22.545739670083616,22.742596911721996,132678400
2016-03-03,22.966609954833984,23.014126871720247,22.72902364408416,22.758440111431735,147822800
2016-03-04,23.30828094482422,23.475721753965253,22.937194975204367,23.163466992110056,184220400
2016-03-07,23.05032730102539,23.267548195392372,22.84441896990525,23.167987971438176,143315600
2016-03-08,22.86026382446289,23.02544317251674,22.717713061364464,22.80369581471164,126247600
2016-03-09,22.88062858581543,22.98471351377979,22.68829597681662,22.923619098165062,108806800
2016-03-10,22.89194107055664,23.13405207582251,22.661144357421886,22.94624760120367,134054400
2016-03-11,23.138574600219727,23.143099280521703,22.966607401333224,23.134048193599433,109632800
2016-03-14,23.197406768798828,23.28565444495634,23.029965957093875,23.059382424585884,100304400
2016-03-15,23.663530349731445,23.799293228423046,23.498351001005574,23.52324106350288,160270800
2016-03-16,23.978046417236328,24.054978075986174,23.665789922427244,23.6703163295999,153214000
2016-03-17,23.9395809173584,24.09118275967689,23.74951151881701,23.876223300298903,137682800
2016-03-18,23.966720581054688,24.09795870474891,23.801543051506524,24.06175437008111,176820800
2016-03-21,23.964473724365234,24.358186609314124,23.79024327854342,23.968998405800136,142010800
2016-03-22,24.147748947143555,24.276723922528895,23.806077732017386,23.81512881948704,129777600
2016-03-23,24.014249801635742,24.22694606118785,23.962208201735915,24.093446392792263,102814000
2016-03-24,23.910160064697266,24.041398229347966,23.73366819390685,23.86490635855755,104532000
2016-03-28,23.80155372619629,24.027825740397013,23.772137259506373,23.984833505276967,77645600
2016-03-29,24.364973068237305,24.389863130469006,23.731410672679043,23.733673876423374,124760400
2016-03-30,24.790355682373047,24.984949708411346,24.5731348053271,24.58444909398996,182404400
2016-03-31,24.661386489868164,24.867294852638533,24.636496430053757,24.826565820789366,103553600
2016-04-01,24.887651443481445,24.88991464636379,24.482624443441548,24.613862589529603,103496000
2016-04-04,25.14335060119629,25.385461623560946,24.951017979295706,24.9849591317675,149424800
2016-04-05,24.846933364868164,25.055104963765114,24.758687403094388,24.779052785367664,106314800
2016-04-06,25.107135772705078,25.111662178516678,24.708896650866684,24.94195821325985,105616400
2016-04-07,24.559566497802734,24.98495729540314,24.46453265892157,24.87860916442339,127207600
2016-04-08,24.586713790893555,24.83787409655263,24.475839279478535,24.643281785008824,94326800
2016-04-11,24.668170928955078,25.027944281096357,24.62518042590393,24.656858365549297,117630000
2016-04-12,24.98948097229004,25.003056740270104,24.58671707657627,24.740580383866106,108929200
2016-04-13,25.351511001586914,25.419391554856478,25.07093425017294,25.07093425017294,133029200
2016-04-14,25.365093231201172,25.43071232450725,25.1908645344577,25.256483627763778,101895600
2016-04-15,24.855974197387695,25.41034152930501,24.82882266731892,25.367349304938738,187756000
2016-04-18,24.319717407226562,24.65233582567168,24.19753030957961,24.638760056928188,243286000
2016-04-19,24.190738677978516,24.437374312312617,24.036873659551965,24.41022105271326,129539600
2016-04-20,24.240514755249023,24.457735632396414,23.998403824086175,24.12964197683712,122444000
2016-04-21,23.978046417236328,24.19526735092348,23.876222971673943,24.19526735092348,126210000
2016-04-22,23.91242027282715,24.09343852734962,23.672572552955188,23.760818477297438,134732400
2016-04-25,23.776660919189453,23.905635883328365,23.647685955050544,23.758558745828626,112126400
2016-04-26,23.611478805541992,23.826438204469056,23.511920316512022,23.511920316512022,224064800
2016-04-27,22.133926391601562,22.33530832822501,21.649704462381326,21.722111431433373,458408400
2016-04-28,21.45737648010254,22.14750511847199,21.32613829168342,22.086412431487112,328970800
2016-04-29,21.210737228393555,21.43248455248749,20.932423629466527,21.267305229545045,274126000
2016-05-02,21.188106536865234,21.28766675328731,20.907529785324392,21.262776699181792,192640400
2016-05-03,21.536563873291016,21.66327561053489,21.197155954543828,21.31481660679629,227325200
2016-05-04,21.312559127807617,21.69948402059538,21.22883787067222,21.541092593013676,164102000
2016-05-05,21.226049423217773,21.414999018788002,21.098566195762544,21.3990636153561,143562000
2016-05-06,21.10767364501953,21.27385689972502,20.909617844724483,21.2556462495966,174799600
2016-05-09,21.123611450195312,21.346707136876383,21.07808047762743,21.171417668769827,131745600
2016-05-10,21.267026901245117,21.30117469131813,20.96880645738688,21.24653926929856,134747200
2016-05-11,21.059865951538086,21.30117398285851,21.04848277628276,21.280686351593356,114876400
2016-05-12,20.56586265563965,21.121328198295856,20.367808628448472,21.107669778993984,305258800
2016-05-13,20.60684585571289,20.86864330441437,20.488468800183266,20.488468800183266,177571200
2016-05-16,21.37175178527832,21.487853610846734,20.864093960762773,21.032554241214502,245039200
2016-05-17,21.2829647064209,21.5584205669201,21.173693850052576,21.52427450982309,187667600
2016-05-18,21.52654266357422,21.674515230616116,21.374017869362156,21.43548422554386,168249600
2016-05-19,21.444589614868164,21.544755985262864,21.30117100557176,21.544755985262864,121768400
2016-05-20,21.67679786682129,21.72460408030558,21.517442085044827,21.544760665676776,128104000
2016-05-23,21.952253341674805,22.125267542462378,21.779239140887235,21.82477010784649,152074400
2016-05-24,22.286907196044922,22.33015946036604,22.045597319805786,22.132105322106966,140560800
2016-05-25,22.67845916748047,22.705776014402833,22.33470770346552,22.462190953980613,152675200
2016-05-26,22.858306884765625,22.93115471825379,22.455365948886282,22.692121841930156,225324800
2016-05-27,22.844642639160156,22.871961223146894,22.594228364850043,22.63748235528845,145364800
2016-05-31,22.73309326171875,22.85602427612958,22.49633742694555,22.67390386881822,169228800
2016-06-01,22.414379119873047,22.660241101556068,22.384785297511208,22.541862338451534,116693200
2016-06-02,22.24591636657715,22.27323320353995,21.997777430918543,22.218597792785953,160766400
2016-06-03,22.291460037231445,22.371137091406847,22.184464391554684,22.261866199060446,114019600
2016-06-06,22.45307731628418,23.195215428971775,22.207217091339544,22.307381724899045,93170000
2016-06-07,22.54414176940918,22.73536835487594,22.528206365356013,22.59422496409878,89638000
2016-06-08,22.523653030395508,22.664794677408715,22.46446364532262,22.541863679255194,83392400
2016-06-09,22.685285568237305,22.76268560736526,22.414381957631843,22.423488151087273,106405600
2016-06-10,22.498611450195312,22.616988483596124,22.418934433788163,22.43031587222993,126851600
2016-06-13,22.15941619873047,22.564634036521227,22.10478076879256,22.466744617100094,152082000
2016-06-14,22.18672752380371,22.418931064526006,22.025096532860527,22.1548567220306,127727600
2016-06-15,22.1138858795166,22.403001894795192,22.0888442801829,22.268687704111798,117780800
2016-06-16,22.207223892211914,22.252753127152243,21.870301648434932,21.95680788955315,125307200
2016-06-17,21.701839447021484,22.00233688641061,21.695010236076318,21.995507675465443,244032800
2016-06-20,21.649473190307617,21.984118327299832,21.633537790299812,21.854358145285335,137647600
2016-06-21,21.833887100219727,21.93405180341368,21.553877159621745,21.613066577529302,142185600
2016-06-22,21.75192642211914,22.05697614285978,21.706395446526347,21.911280494621096,116876400
2016-06-23,21.877138137817383,21.92039214118021,21.683636219705605,21.84071508511413,128960800
2016-06-24,21.262475967407227,21.54931498992115,21.091738743477556,21.150928134085255,301245600
2016-06-27,20.952880859375,21.1828075675198,20.829949799678662,21.171424386558638,181958400
2016-06-28,21.30573272705078,21.321669872013963,20.97564138563484,21.1486556288244,161779600
2016-06-29,21.49012565612793,21.524273448369915,21.31483446647255,21.392236244676305,146124000
2016-06-30,21.763303756713867,21.802003776043296,21.467360286935588,21.499231095422036,143345600
2016-07-01,21.829330444335938,21.961367692318017,21.70184716315569,21.738270213423142,104106000
2016-07-05,21.624439239501953,21.71777642740223,21.503785205838827,21.715499444645676,110820800
2016-07-06,21.74736785888672,21.776963420972997,21.483295203588348,21.5356536434154,123796400
2016-07-07,21.840707778930664,21.968191025990517,21.767859961063753,21.786070612908745,100558400
2016-07-08,22.009166717529297,22.056972932321376,21.86574807315307,21.96591273121933,115648400
2016-07-11,22.077465057373047,22.229989914574308,22.02055264168639,22.02510487073652,95179600
2016-07-12,22.17762565612793,22.241367272101378,22.109331811940137,22.120713250890383,96670000
2016-07-13,22.052419662475586,22.234538319250756,22.045588714831684,22.175350667633943,103568800
2016-07-14,22.489511489868164,22.53504072991015,22.154866191389104,22.17080159908672,155676000
2016-07-15,22.487226486206055,22.605605247019266,22.423484878150582,22.51909729023379,120548000
2016-07-18,22.726261138916016,22.79455498028692,22.446251352492066,22.469015966282367,145975600
2016-07-19,22.73536491394043,22.764958735037713,22.614709173708775,22.66479236081842,95119600
2016-07-20,22.755857467651367,22.869682285959044,22.705774269703365,22.764963661535447,105104000
2016-07-21,22.635196685791016,22.99260643918441,22.566901120448225,22.726256860638607,130808000
2016-07-22,22.459915161132812,22.6056107972683,22.380236394671762,22.59650460290621,113254800
2016-07-25,22.15941619873047,22.50089067529316,22.063803762131876,22.366578214856425,161531600
2016-07-26,22.006893157958984,22.302838423366524,21.949980740521315,22.041040955787416,224959200
2016-07-27,23.436527252197266,23.755237061687346,23.39099802376814,23.737024675584205,369379200
2016-07-28,23.752962112426758,23.77800371125491,23.406935430991453,23.409212413656437,159479200
2016-07-29,23.723369598388672,23.800771381822965,23.602715562898634,23.718817369635584,110934800
2016-08-01,24.142244338989258,24.165008954984405,23.76889907881645,23.76889907881645,152671600
2016-08-02,23.784835815429688,24.146797919457065,23.675563220974293,24.1422456907347,135266400
2016-08-03,24.083051681518555,24.094433119558012,23.850848114107098,23.859954306635846,120810400
2016-08-04,24.23182487487793,24.261579012946477,24.09678310251717,24.16544864727516,109634800
2016-08-05,24.600337982177734,24.639247661018345,24.302789475923046,24.32338810134284,162213600
2016-08-08,24.80403709411621,24.80403709411621,24.52708903271134,24.609485258853,112148800
2016-08-09,24.904739379882812,24.93449526442655,24.721634169460142,24.771988669853517,105260800
2016-08-10,24.71934700012207,24.925341907703924,24.66441560684608,24.881853608815113,96034000
2016-08-11,24.70332908630371,24.932211964247323,24.685018036971154,24.83836914609631,109938000
2016-08-12,24.760549545288086,24.820059581873906,24.6689960458263,24.6689960458263,74641600
2016-08-15,25.0580997467041,25.07183216140726,24.737663349139908,24.751395763843067,103472800
2016-08-16,25.035205841064453,25.22975766317112,24.996296175138156,25.092426554334043,135177600
2016-08-17,24.99859619140625,25.03292898330912,24.797178076903194,24.97112960863629,101424000
2016-08-18,24.96654510498047,25.085563434881703,24.95281094466424,25.000877886414337,87938800
2016-08-19,25.03062629699707,25.106158049597234,24.80174346819954,24.895584519963077,101472400
2016-08-22,24.836076736450195,24.971116769936508,24.685013228240997,24.91618537887745,103280800
2016-08-23,24.913904190063477,25.021479436236717,24.840661729342674,24.854394145028447,85030800
2016-08-24,24.72621726989746,24.891013223048102,24.64610861107084,24.84981423476044,94700400
2016-08-25,24.620929718017578,24.691882847370994,24.417224107868105,24.579730732468377,100344800
2016-08-26,24.476734161376953,24.707904597919814,24.332536838720074,24.584309387410602,111065200
2016-08-29,24.44927215576172,24.59118018732707,24.327964493954276,24.40349627266993,99881200
2016-08-30,24.26158332824707,24.37602475904069,24.14714189745345,24.215807454424684,99455600
2016-08-31,24.284473419189453,24.392048653075395,24.179187503068988,24.183766138599943,118649600
2016-09-01,24.42867088317871,24.44469261514723,24.174610743222345,24.29362907409736,106806000
2016-09-02,24.657548904418945,24.719346502330282,24.449264683659027,24.65068095243993,107210000
2016-09-06,24.650680541992188,24.788011639486246,24.60719399094068,24.696458156569353,107521600
2016-09-07,24.801746368408203,24.893299859880564,24.506487275184583,24.680438734358308,169457200
2016-09-08,24.151714324951172,24.552259258738772,24.087627414943128,24.54768237069705,212008000
2016-09-09,23.604694366455078,24.19750202362435,23.604694366455078,23.950308056629332,186228000
2016-09-12,24.133413314819336,24.19750024683711,23.467363243696187,23.49482982009149,181171200
2016-09-13,24.707904815673828,24.900167332164877,24.54539818951082,24.60719754154775,248704800
2016-09-14,25.582239151000977,25.87063207350197,24.856680828536582,24.886436721019322,443554800
2016-09-15,26.45199203491211,26.488614130670957,25.97591526747291,26.06060255423702,359934400
2016-09-16,26.30322265625,26.580170757884616,26.101806331307905,26.349000284353632,319547600
2016-09-19,25.996519088745117,26.591614254034297,25.9209873158799,26.365020681676523,188092000
2016-09-20,25.994226455688477,26.1201127277421,25.751611181808023,25.87520813630495,138057200
2016-09-21,25.98965072631836,26.090358002216576,25.735590599557394,26.058314539943815,144012800
2016-09-22,26.234554290771484,26.307796736816936,26.09264628757944,26.172754940092023,124296000
2016-09-23,25.797391891479492,26.273468750733986,25.53188863097393,26.188781447637243,209924800
2016-09-26,25.8362979888916,25.953028742676437,25.53188509596385,25.552483716270608,119477600
2016-09-27,25.88436508178711,25.904965449843164,25.712702915017406,25.86376645996892,98429600
2016-09-28,26.081205368041992,26.239135125485873,25.96218703015939,26.021697072219652,118564400
2016-09-29,25.67607879638672,26.046869650892393,25.58910393995395,25.9003847630911,143548000
2016-09-30,25.875207901000977,25.9484503460104,25.58910432733329,25.74016610618626,145516400
2016-10-03,25.753896713256836,25.875206086826246,25.698965319910553,25.797385012201293,86807200
2016-10-04,25.863765716552734,26.163601733762686,25.779078421401593,25.877498130703476,118947200
2016-10-05,25.875207901000977,26.01482658464982,25.79280993208567,25.955316552380403,85812400
2016-10-06,26.067476272583008,26.170472890669778,25.893524760075575,26.023987957896615,115117200
2016-10-07,26.10637664794922,26.220818070037353,25.980492131394783,26.163597358993286,97433600
2016-10-10,26.56186294555664,26.722080287328055,26.2574482499529,26.326112076610052,144944000
2016-10-11,26.61907386779785,27.166103692627097,26.596184187773265,26.93950843329308,256164000
2016-10-12,26.857112884521484,27.003599515625737,26.722072840694022,26.85940220197684,150347200
2016-10-13,26.77471923828125,26.880005150259226,26.486326329501203,26.731230933637267,140769600
2016-10-14,26.923490524291992,27.047087479760652,26.809049092884454,26.98071123999576,142608800
2016-10-17,26.90517807006836,26.97155255581884,26.728937308456867,26.854823566750788,94499600
2016-10-18,26.88687515258789,27.056248013485135,26.88229651659073,27.04938180572738,98214000
2016-10-19,26.806760787963867,26.953245676457854,26.046869774062202,26.836514930670027,80138400
2016-10-20,26.793025970458984,26.866268412905413,26.625942467176934,26.747250098769054,96503200
2016-10-21,26.687744140625,26.7586990226796,26.614501687003166,26.735809337104534,92770800
2016-10-24,26.92807388305664,26.94867250612925,26.779299646881928,26.802187587930813,94154800
2016-10-25,27.065397262573242,27.090574516004875,26.85024682278932,26.996731708443775,192516000
2016-10-26,26.45656967163086,26.48174692661736,25.93471701597914,26.16359988222903,264536800
2016-10-27,26.2025089263916,26.51836662459886,26.115532327492296,26.410791407794477,138248000
2016-10-28,26.028554916381836,26.36958983377644,25.96675557626604,26.062887689086462,151446800
2016-10-31,25.987363815307617,26.145293569875925,25.90954272383994,26.012541073173228,105677600
2016-11-01,25.518152236938477,26.04000493282985,25.2984248779441,25.969051797617304,175303200
2016-11-02,25.541038513183594,25.71498998256789,25.45864228688336,25.497551955515803,113326800
2016-11-03,25.26727294921875,25.642266892785667,25.20285698396342,25.531840025263218,107730400
2016-11-04,25.039506912231445,25.363889470404764,24.871565588447606,24.968189508038545,123348000
2016-11-07,25.40070343017578,25.423708878055244,25.18214728731297,25.324783872490706,130240000
2016-11-08,25.550241470336914,25.70208059611489,25.237362443161036,25.377697966609183,97016800
2016-11-09,25.508831024169922,25.61005710827959,24.8577682024011,25.27877301861398,236705600
2016-11-10,24.797956466674805,25.55714694936273,24.347042916636287,25.55714694936273,228538000
2016-11-11,24.945194244384766,25.04642034728978,24.51268574550595,24.643818762813076,136575600
2016-11-14,24.319435119628906,24.80255665103576,23.944441147507167,24.779551198150394,204702000
2016-11-15,24.64151382446289,24.772646821194414,24.422959414978134,24.517282287264077,129058000
2016-11-16,25.304079055786133,25.359294239810122,24.524182572280637,24.547188021355673,235362000
2016-11-17,25.294879913330078,25.386903477159905,25.037216040850755,25.262671929270162,110528000
2016-11-18,25.32018280029297,25.43061141206758,25.22816100488457,25.241963923155183,113715600
2016-11-21,25.704383850097656,25.76419767272217,25.30868376711859,25.333990290230282,117058400
2016-11-22,25.72048568725586,25.86312052717091,25.628462134121555,25.75499298387835,103862000
2016-11-23,25.5893497467041,25.653765699916704,25.382297214804243,25.619256652066213,109705600
2016-11-25,25.718177795410156,25.736582852196744,25.524928209556645,25.566338709725052,45903600
2016-11-28,25.667573928833008,25.874626503582014,25.626163413883205,25.635365945561322,108776000
2016-11-29,25.642261505126953,25.773394479759833,25.322481062509873,25.485822013003247,114115200
2016-11-30,25.426008224487305,25.812505717013426,25.368493727118555,25.67447127436906,144649200
2016-12-01,25.18904685974121,25.522631972222214,25.083220403258522,25.39149899840638,148347600
2016-12-02,25.283370971679688,25.32708079195349,25.041809403796204,25.115427883165925,106112000
2016-12-05,25.101625442504883,25.313278355303645,24.903775446348597,25.306376896982407,137298000
2016-12-06,25.294879913330078,25.38920454893661,25.12003707277725,25.191354501023707,104782000
2016-12-07,25.5433349609375,25.58014507695273,25.113127700027896,25.136133144935943,119994800
2016-12-08,25.794097900390625,25.865415302989362,25.4444088346359,25.504224392894475,108273200
2016-12-09,26.215112686157227,26.387656214381703,25.83781764485599,25.83781764485599,137610400
2016-12-12,26.065574645996094,26.456672582084675,25.879226454270913,26.063273574314607,105497600
2016-12-13,26.500381469726562,26.668322826103353,26.169097389460877,26.189801766875863,174935200
2016-12-14,26.500381469726562,26.732738784998737,26.452069500555023,26.46587241883168,136127200
2016-12-15,26.645315170288086,26.854668774561183,26.509581804601382,26.544089097434888,186098000
2016-12-16,26.679826736450195,26.801757196511677,26.606208246118552,26.79485573729359,177404400
2016-12-19,26.833965301513672,27.00420773209918,26.629213819473506,26.640717421692816,111117600
2016-12-20,26.905282974243164,27.031815579034852,26.84316808520206,26.856971003832687,85700000
2016-12-21,26.93058204650879,27.00880265925507,26.866166103778202,26.870768245517702,95132800
2016-12-22,26.753448486328125,26.804061533698256,26.60391041597186,26.767251406445986,104343600
2016-12-23,26.806358337402344,26.806358337402344,26.592404319614282,26.592404319614282,56998000
2016-12-27,26.97660255432129,27.100834089471928,26.799456904953356,26.806358364372283,73187600
2016-12-28,26.861574172973633,27.151446006509776,26.732740491754218,27.036416999651617,83623600
2016-12-29,26.85466957092285,26.942090974031995,26.778750014031598,26.790251860249484,60158000
2016-12-30,26.645315170288086,26.96279455077799,26.555592698514783,26.836263714914587,122345200
2017-01-03,26.721237182617188,26.762647693029223,26.401456701458834,26.640717233261352,115127600
2017-01-04,26.691329956054688,26.804059646424857,26.629215064694332,26.65222051500545,84472400
2017-01-05,26.827064514160156,26.884579016290644,26.64301740526128,26.668323926614956,88774400
2017-01-06,27.12613868713379,27.183653185150572,26.79485461689209,26.86617203276788,127007600
2017-01-09,27.374605178833008,27.475831276214816,27.13304529444941,27.135344611060074,134247600
2017-01-10,27.402210235595703,27.46432512719422,27.21586380559681,27.32398959799397,97848400
2017-01-11,27.549449920654297,27.590860437507263,27.284882827160544,27.31709081191246,110354400
2017-01-12,27.43442153930664,27.445925143500986,27.195160964733542,27.35390157555694,108344800
2017-01-13,27.38610076904297,27.519534811964093,27.333186664021486,27.402204756622897,104447600
2017-01-17,27.606966018676758,27.662179459257096,27.1974629702323,27.225068812920654,137759200
2017-01-18,27.604660034179688,27.721990110335962,27.540244072432184,27.60696110572876,94852000
2017-01-19,27.55634117126465,27.627658574620185,27.462018323781802,27.468919781499707,102389200
2017-01-20,27.606966018676758,27.710491439165345,27.544851117424333,27.710491439165345,130391600
2017-01-23,27.625370025634766,27.793311412900668,27.554050839280226,27.606964961078525,88200800
2017-01-24,27.600055694580078,27.629962599622765,27.491928164898198,27.503431765793188,92844000
2017-01-25,28.03946876525879,28.090081806735956,27.671376311611134,27.7035842916051,129510400
2017-01-26,28.05327033996582,28.16829932872382,27.97504971490478,27.991153703122777,105350400
2017-01-27,28.055570602416992,28.147594147568313,27.97505065861076,28.099282181284575,82251600
2017-01-30,27.98195457458496,27.98195457458496,27.75879978364072,27.820914672830703,121510000
2017-01-31,27.917537689208984,27.92674021974775,27.74959633368536,27.871526791718377,196804000
2017-02-01,29.619966506958008,30.020268677283774,29.21966609183543,29.224266479391765,447940000
2017-02-02,29.569355010986328,29.767205035094836,29.396811507766348,29.442824161746977,134841600
2017-02-03,29.69588851928711,29.721195040945894,29.48423557014394,29.518742867675616,98029200
2017-02-06,29.974260330200195,30.02257406292655,29.65447979668952,29.70739567310579,107383600
2017-02-07,30.2595272064209,30.38835911942221,30.01106415545851,30.031768532103786,152735200
2017-02-08,30.376861572265625,30.41827384421646,30.188215807887737,30.218124475940726,92016400
2017-02-09,30.59636116027832,30.603292541477735,30.29598838100748,30.41844748303212,113399600
2017-02-10,30.52703857421875,30.716505696098103,30.510866529409288,30.605600090348965,80262000
2017-02-13,30.797374725341797,30.919837338912373,30.672606352471522,30.748855062524516,92141600
2017-02-14,31.19710922241211,31.213281271299813,30.788140070695363,30.838972553987908,132904800
2017-02-15,31.310317993164062,31.485922364828532,31.104678814998433,31.312630803712807,142492400
2017-02-16,31.27336883544922,31.400446562297283,31.15552825332266,31.347304775126577,90338400
2017-02-17,31.35885238647461,31.3842686322115,31.21559910629963,31.21559910629963,88792800
2017-02-21,31.58527183532715,31.596825310218332,31.418911668645606,31.47667551747599,98028800
2017-02-22,31.68001365661621,31.68232294194656,31.44895820102879,31.522894113491006,83347600
2017-02-23,31.545995712280273,31.765497652688055,31.492853953694905,31.742394226428523,83152800
2017-02-24,31.576032638549805,31.576032638549805,31.257175049984358,31.402741084003488,87106400
2017-02-27,31.638425827026367,31.756266380622186,31.488241172225184,31.686949030088215,81029600
2017-02-28,31.652284622192383,31.75625886055819,31.58527657314757,31.673078764740332,93931600
2017-03-01,32.29922866821289,32.38240874255942,31.793220368698762,31.860224874821586,145658400
2017-03-02,32.107460021972656,32.41245131747088,32.06124612134738,32.34775608734624,104844000
2017-03-03,32.296932220458984,32.308485698692934,32.021975656373144,32.06587675828622,84432400
2017-03-06,32.19525909423828,32.29461475112016,32.02428035196002,32.20219047429682,87000000
2017-03-07,32.236846923828125,32.3431304220329,32.06817396154083,32.13055989999812,69785200
2017-03-08,32.1167106628418,32.30155574588277,32.0751223701116,32.105157184096726,74828800
2017-03-09,32.04275894165039,32.068175174900205,31.66614106338095,32.0566252262074,88623600
2017-03-10,32.14905548095703,32.19988796249569,32.0335277548467,32.174471721726356,78451200
2017-03-13,32.16292190551758,32.21606367840276,32.07512322110441,32.08205460341001,69686800
2017-03-14,32.114402770996094,32.266896709917894,32.07974233325674,32.18602940644647,61236400
2017-03-15,32.45405197143555,32.521056504609845,32.12364082513216,32.21144302950852,102767200
2017-03-16,32.5072021484375,32.583450894228214,32.40784644005779,32.51413353208871,76928000
2017-03-17,32.345455169677734,32.57881991544937,32.3223482133878,32.57881991544937,175540000
2017-03-20,32.685115814208984,32.69435648384705,32.40091498264672,32.44019399845661,86168000
2017-03-21,32.310791015625,32.99471665093121,32.2853747768826,32.83528783751306,158119600
2017-03-22,32.67586898803711,32.71746081212835,32.292316004830674,32.31311367968989,103440800
2017-03-23,32.560325622558594,32.712823028388804,32.488699014687725,32.638883610183065,81385200
2017-03-24,32.495643615722656,32.74980606218235,32.428639075634344,32.69435147596562,89582400
2017-03-27,32.55109786987305,32.62965588865848,32.028910217133244,32.20682392784006,94300400
2017-03-28,33.22578430175781,33.2812353698569,32.4910259187981,32.55803399358773,133499200
2017-03-29,33.29970169067383,33.38519458243014,33.08482187019614,33.19803675493689,116760000
2017-03-30,33.25580978393555,33.38751308494501,33.15645763106996,33.315886458343975,84829200
2017-03-31,33.19342803955078,33.33437201036823,33.04323987603545,33.2072908029711,78646800
2017-04-03,33.202667236328125,33.29971010159959,33.052482605089835,33.20498004721343,79942800
2017-04-04,33.44989776611328,33.477623291318075,33.080207643793266,33.0986925024719,79565600
2017-04-05,33.27660369873047,33.609324078860624,33.22808050761731,33.322814079164985,110871600
2017-04-06,33.19342803955078,33.39213587503724,33.14490484195315,33.33899058109066,84596000
2017-04-07,33.11948776245117,33.31357349667773,33.10331571407883,33.209599248029676,66688800
2017-04-10,33.08020782470703,33.24425874286062,33.01782186702875,33.17956349994475,75733600
2017-04-11,32.72438049316406,33.12179610041175,32.36162178890998,33.02706253139465,121517600
2017-04-12,32.763668060302734,32.84453536364532,32.581132255129475,32.71745766901742,81400000
2017-04-13,32.590370178222656,32.89767433330219,32.590370178222656,32.78907799558137,71291600
2017-04-17,32.77059555053711,32.78214902839294,32.54878076283502,32.689724731172724,66328400
2017-04-18,32.62503433227539,32.819120096829,32.604240184421855,32.67355753622728,58790000
2017-04-19,32.504878997802734,32.80987388395424,32.45173723150411,32.782148358168236,69313600
2017-04-20,32.91153335571289,33.022438965982026,32.61578271124467,32.62964547182509,93278400
2017-04-21,32.872257232666016,32.96698728012244,32.77521437449348,32.91153623295304,69283600
2017-04-24,33.18880081176758,33.26042742878248,33.082513765934344,33.156453193579374,68537200
2017-04-25,33.394439697265625,33.47992907478972,33.241942273336754,33.25118646452234,75486000
2017-04-26,33.198036193847656,33.410610251682364,33.12872239849438,33.38057192327901,80164800
2017-04-27,33.22346496582031,33.30895788839654,33.112559325774114,33.25350330556007,56985200
2017-04-28,33.19112014770508,33.34130833347928,33.10332145782186,33.2927851286902,83441600
2017-05-01,33.868106842041016,34.01136008674115,33.49379815717875,33.5261457777764,134411600
2017-05-02,34.08298110961914,34.216993665971486,33.928174413218755,34.089912489635154,181408800
2017-05-03,33.979007720947266,34.07836337966752,33.33436468419537,33.639355989291474,182788000
2017-05-04,33.85654830932617,33.99749224780387,33.690188135200835,33.854239024494824,93487600
2017-05-05,34.41802978515625,34.42264835683271,33.90970485056654,33.90970485056654,109310800
2017-05-08,35.353797912597656,35.51322675874134,34.434198084508445,34.434198084508445,195009600
2017-05-09,35.580230712890625,35.78586992640068,35.455458793091545,35.55250166092058,156521600
2017-05-10,35.411556243896484,35.568675779877275,35.145843892303795,35.497049156002355,103222800
2017-05-11,35.71779251098633,35.74563600428459,35.337297810896786,35.369778936263806,109020400
2017-05-12,36.21663284301758,36.2908739365039,35.88485788911661,35.89181788100036,130108000
2017-05-15,36.123817443847656,36.344225388633426,35.973012939567404,36.19573970097141,104038800
2017-05-16,36.070472717285156,36.207357303649644,35.896465807106004,36.17951733087847,80194000
2017-05-17,34.859375,35.86165623339559,34.7340916159149,35.63660707330941,203070800
2017-05-18,35.390682220458984,35.57629029064586,35.063551935204295,35.09603308197353,134272800
2017-05-19,35.511314392089844,35.72476235196621,35.41155217244053,35.58555900779195,107843200
2017-05-22,35.72709655761719,35.86398113051497,35.476526206788755,35.72941537506011,91865600
2017-05-23,35.683013916015625,35.93822189937736,35.56932813913295,35.93822189937736,79675600
2017-05-24,35.57627487182617,35.768842851420054,35.420829198216694,35.69227942289396,76712000
2017-05-25,35.69925308227539,35.810620042871896,35.50436621150047,35.66677193714624,76942400
2017-05-26,35.63893127441406,35.78509819474404,35.56932781043888,35.72941471552804,87710400
2017-05-30,35.65283966064453,35.829165310531,35.573957412551486,35.59483738289763,80507600
2017-05-31,35.44173049926758,35.76886437981524,35.35356939471508,35.722463239496015,97804800
2017-06-01,35.53916549682617,35.57396899891659,35.316438660236145,35.53684667942517,65616400
2017-06-02,36.06581115722656,36.06581115722656,35.471868472609174,35.63195530592104,111082800
2017-06-05,35.71316146850586,35.83380719987951,35.60412044112713,35.80828605555389,101326800
2017-06-06,35.83381271362305,36.1493453010279,35.67836700705885,35.70620697236029,106499600
2017-06-07,36.04726028442383,36.18878600667422,35.84077228378099,35.9660592065226,84278400
2017-06-08,35.95909881591797,36.08670101408541,35.822210729231124,36.01941991941855,85003200
2017-06-09,34.564720153808594,36.00549844870563,33.87797509248136,36.00549844870563,259530800
2017-06-12,33.738765716552734,33.89421140172117,33.06361832949146,33.813010334042374,289229200
2017-06-13,34.01021957397461,34.20974757944908,33.67612584014028,34.14246648535844,136661600
2017-06-14,33.678443908691406,34.2213443869501,33.37219017828201,34.2213443869501,126124800
2017-06-15,33.476600646972656,33.52068295447054,32.994024702203426,33.25155501532048,128661600
2017-06-16,33.007938385009766,33.525317729657,32.99169604737768,33.35827088059254,201444400
2017-06-19,33.95221710205078,34.045022883262455,33.330434298736115,33.330434298736115,130165600
2017-06-20,33.643646240234375,34.075183409476445,33.627407440302356,34.075183409476445,99600400
2017-06-21,33.84317398071289,33.88957864340851,33.55084372269558,33.761972901353,85063200
2017-06-22,33.787498474121094,34.03574645919202,33.669171525002966,33.819979618154086,76425200
2017-06-23,33.93830490112305,34.142474126421085,33.6668545666769,33.671495741846236,141757600
2017-06-26,33.83156967163086,34.40231009217581,33.729485098153745,34.14477984187781,102769600
2017-06-27,33.3466682434082,33.91045221913847,33.32114709981254,33.643639619696934,99047600
2017-06-28,33.833885192871094,33.898847453269674,33.214421362527546,33.52299386950965,88329600
2017-06-29,33.33506774902344,33.67148379594912,33.01025640599368,33.5740403930402,125997600
2017-06-30,33.41395950317383,33.63204867536002,33.35827603149477,33.51372174056437,92096400
2017-07-03,33.29331588745117,33.71093310139228,33.20051363554381,33.613489674835854,57111200
2017-07-05,33.43019485473633,33.592600538490956,33.11234347794667,33.337392618356084,86278400
2017-07-06,33.11466598510742,33.29331402723533,33.04042489576544,33.18195062313297,96515200
2017-07-07,33.45106887817383,33.58331575868507,33.15409752635443,33.15409752635443,76806800
2017-07-10,33.655250549316406,33.86173857462647,33.26315447492133,33.434842539856305,84362400
2017-07-11,33.764286041259766,33.838530656946226,33.49747697651507,33.57867804222174,79127200
2017-07-12,33.81301498413086,33.91509603695035,33.59956698976132,33.84317376647763,99538000
2017-07-13,34.28398895263672,34.451035803707775,33.74340727350098,33.75732725439386,100797600
2017-07-14,34.578643798828125,34.645928438020356,34.18191011600604,34.33039583744347,80528400
2017-07-17,34.69929122924805,35.01018267036603,34.46960441447506,34.527606707527475,95174000
2017-07-18,34.8199348449707,34.831536010902305,34.49280108266514,34.61576565314673,71475200
2017-07-19,35.03802490234375,35.13082715177635,34.78977339783427,34.91273797141296,83692000
2017-07-20,34.880252838134766,35.205067754332376,34.845452883625036,35.149384286938314,68974800
2017-07-21,34.8640251159668,34.903466257001384,34.54153245439733,34.799062820124,105010400
2017-07-24,35.28627014160156,35.36747475871802,34.77816954577707,34.93593760584311,85972800
2017-07-25,35.437076568603516,35.692284493098995,35.218987415187335,35.218987415187335,75415600
2017-07-26,35.6041259765625,35.71316702089403,35.51132019177788,35.578604828269064,63124000
2017-07-27,34.931297302246094,35.72709053321311,34.17494874241261,35.671407062358746,129905200
2017-07-28,34.68536376953125,34.85472943749042,34.61344150807646,34.775847185583764,68854800
2017-07-31,34.506717681884766,34.877933714220624,34.36751432489266,34.778167945206754,79383600
2017-08-01,34.81296920776367,34.85241033339182,34.43247439209287,34.59256125152247,141474400
2017-08-02,36.45789337158203,37.06343699078501,36.23052554748887,36.95439247980458,279747200
2017-08-03,36.09366226196289,36.47415709575455,35.96605653168981,36.43703478509722,108389200
2017-08-04,36.283912658691406,36.51824063755716,36.12150695352806,36.209671567836246,82239600
2017-08-07,36.84537124633789,36.87089239354546,36.34887182444575,36.439355248149226,87481200
2017-08-08,37.14002227783203,37.54603825885882,36.72008631531287,36.79664975369933,144823600
2017-08-09,37.36738967895508,37.41611315363051,36.91497258630468,36.949772539516886,104526000
2017-08-10,36.17717361450195,37.267238638725885,36.01645807921951,37.243945192944345,163217200
2017-08-11,36.680274963378906,36.93416070229305,36.351860156850435,36.47530758815783,105028400
2017-08-14,37.2322998046875,37.316151228789415,36.97608613268702,37.10885236838199,88490800
2017-08-15,37.63990783691406,37.779657832245334,37.29984276218854,37.420962268073296,117862000
2017-08-16,37.488521575927734,37.851876675291564,37.30218462510272,37.71911395240789,110686400
2017-08-17,36.76878356933594,37.43260757279651,36.764124170110456,37.38835216535511,111762400
2017-08-18,36.6849365234375,37.15077698722718,36.50325902688598,36.76878794908287,109712400
2017-08-21,36.61739730834961,36.775781386413854,36.12826331840998,36.68494262303436,105474000
2017-08-22,37.21599197387695,37.26723470592403,36.806053671580756,36.854964926847224,86418400
2017-08-23,37.2625617980957,37.37669394247661,37.006351784821476,37.05060717864426,77596400
2017-08-24,37.09719467163086,37.439587589249356,36.929491873038955,37.36737935462486,79275600
2017-08-25,37.23463439941406,37.39767787713826,37.0972122934809,37.185719579056176,101920400
2017-08-28,37.609622955322266,37.73307037035567,37.25092387633161,37.29983867949579,103864000
2017-08-29,37.945037841796875,37.99394910280157,37.2672390780848,37.29053252414095,118067600
2017-08-30,38.047515869140625,38.17329121260983,37.87515364267968,38.15232924771166,109078400
2017-08-31,38.198917388916016,38.32003690260881,38.07779787522322,38.11506596467956,107140400
2017-09-01,38.2105598449707,38.41785868256609,38.112733786630436,38.385249996452664,66364400
2017-09-05,37.751705169677734,38.25714156014715,37.39766548247185,38.14068146407364,117874000
2017-09-06,37.71211242675781,37.963666682533365,37.388353473821574,37.8984493074153,86606800
2017-09-07,37.56071090698242,37.78897526638358,37.35108414451552,37.75403510325225,87714000
2017-09-08,36.94813919067383,37.53509564260675,36.92484574480057,37.46755033610366,114446000
2017-09-11,37.61661911010742,37.74472595411591,37.24161737805395,37.38369886793957,126323200
2017-09-12,37.467552185058594,38.189606393791436,36.980749707380006,37.875162629389486,286856000
2017-09-13,37.18571090698242,37.257919159067484,36.78043200745177,37.23695363861418,179629600
2017-09-14,36.86660385131836,37.127473301780874,36.8223484508121,37.03197873414494,95042800
2017-09-15,37.239295959472656,37.493178214800345,36.80140469040731,36.910877507673646,196458400
2017-09-18,36.957462310791016,37.38370687170587,36.80140614161699,37.292868099975266,113077600
2017-09-19,36.971431732177734,37.21367079192962,36.90388642083373,37.1531092499511,83242400
2017-09-20,36.351863861083984,36.861956205442226,35.83012123973316,36.77810477619086,211805600
2017-09-21,35.72763442993164,36.28897304494731,35.578565622840415,36.28897304494731,150046800
2017-09-22,35.37825012207031,35.466760938093564,35.06846582006925,35.296726627935186,186581600
2017-09-25,35.066139221191406,35.36427681327334,34.74238026319241,34.93570446891562,177549200
2017-09-26,35.669403076171875,35.851080567151044,35.33166946109935,35.352631428347586,146640000
2017-09-27,35.92329406738281,36.03742628493576,35.76257850428549,35.82314005216649,102016800
2017-09-28,35.7020149230957,35.93493516844684,35.56692075430234,35.84409641492313,88022000
2017-09-29,35.89767837524414,35.90000985304327,35.40388843698195,35.68572358636191,105199200
2017-10-02,35.82545471191406,35.97452349491543,35.57157255172238,35.93026808910437,74795200
2017-10-03,35.98151779174805,36.123599280752316,35.84875510265796,35.872044994281765,64921200
2017-10-04,35.74859619140625,35.83710701682054,35.51102011384265,35.78353635863432,80655200
2017-10-05,36.1934700012207,36.20511672212214,35.881357783911426,35.911634993358895,85135200
2017-10-06,36.172515869140625,36.216771285701384,36.000153603083184,36.09565175944262,69630400
2017-10-09,36.29829025268555,36.50558912928541,36.21677029910365,36.29130292963798,65051600
2017-10-10,36.31226348876953,36.801397407591345,36.12593014262862,36.349531579630025,62468000
2017-10-11,36.463661193847656,36.563815182604465,36.277324306816766,36.32856703960228,67622400
2017-10-12,36.33556365966797,36.65466330578336,36.27267418896036,36.41708717925492,64500400
2017-10-13,36.56614685058594,36.6336921510215,36.431052695634285,36.50558531838799,65576800
2017-10-16,37.239295959472656,37.267245256108666,36.71988116977698,36.77811124048966,96486000
2017-10-17,37.376708984375,37.469875653227085,37.08788662440458,37.21599345963665,75989200
2017-10-18,37.21133804321289,37.43261512506398,37.17407350413148,37.36506626194702,65496800
2017-10-19,36.330902099609375,36.587115813870575,36.10730063450979,36.51025169959222,170336800
2017-10-20,36.393775939941406,36.743156188964846,36.326230655591935,36.47762734187022,95896400
2017-10-23,36.37514877319336,36.729188487574625,36.21909265896591,36.542851608738154,87937200
2017-10-24,36.59177780151367,36.66631044378954,36.38214741481978,36.40310938726473,71028800
2017-10-25,36.43106460571289,36.696593602850925,36.165535608574864,36.54752475452925,84828400
2017-10-26,36.66397476196289,36.7618008334198,36.517233877737176,36.62204727186381,68002000
2017-10-27,37.97765350341797,38.105760372075004,36.96444883340868,37.10187094974917,177816800
2017-10-30,38.83245849609375,39.14690220770844,38.13369785168815,38.17329386171482,178803200
2017-10-31,39.372840881347656,39.51492238822658,38.88371044674246,39.10731191568161,144187200
2017-11-01,38.87205123901367,39.58245854526735,38.57391367345149,39.566152425643104,134551200
2017-11-02,39.156219482421875,39.247058228740606,38.49705481387086,38.80451121930693,165573600
2017-11-03,40.178741455078125,40.588679798570986,39.85731038613164,40.528121815557064,237594400
2017-11-06,40.58635711669922,40.75871939626235,39.99706911692099,40.14846587104661,140105200
2017-11-07,40.7167854309082,40.81927090225437,40.43495393878697,40.50715864248612,97446000
2017-11-08,41.049861907958984,41.049861907958984,40.6049834233386,40.681847524405,97638000
2017-11-09,40.96601486206055,41.0172576015806,40.327812095180505,40.78666527374036,117930400
2017-11-10,40.8304328918457,40.996402330142,40.73693129386803,40.93328678973554,100582000
2017-11-13,40.666812896728516,40.79070414833469,40.53356934300593,40.55694653143879,67928400
2017-11-14,40.05201721191406,40.55225821938238,40.01461514838106,40.44940432809518,99130000
2017-11-15,39.52372360229492,39.81358422357712,39.36009404465854,39.7317676613305,116632400
2017-11-16,39.99592590332031,40.175916683207014,39.8089191140793,40.014623372072364,94550000
2017-11-17,39.77384948730469,40.06371016093212,39.65463440953874,39.98189358391045,87598000
2017-11-20,39.734107971191406,39.869687780332924,39.635930226680074,39.80657224212664,65049600
2017-11-21,40.47277069091797,40.6036743114351,39.92110288526996,39.92110288526996,100525200
2017-11-22,40.898231506347656,40.90758024098525,40.45175363167157,40.52421791740119,102355600
2017-11-24,40.900550842285156,41.024442034305196,40.82574672876399,40.930940459260185,56106800
2017-11-27,40.694854736328125,40.92627601601087,40.51953655783263,40.91926357421964,82867200
2017-11-28,40.456424713134766,40.877185489404816,40.173576481492574,40.7439455280813,105715200
2017-11-29,39.617218017578125,40.421344345981424,39.074902500867005,40.35355624396361,166665600
2017-11-30,40.17123794555664,40.2390260682573,39.37412381322835,39.83929907290369,166108800
2017-12-01,39.98422622680664,40.129154754037586,39.38814381183188,39.7270915170193,159037200
2017-12-04,39.69202423095703,40.35121852648377,39.65228588396219,40.31849261914353,130169600
2017-12-05,39.65463638305664,40.094101782104794,39.36477569500352,39.519056556395874,109400800
2017-12-06,39.507381439208984,39.785553629578025,38.91130225054261,39.15440865125789,114240000
2017-12-07,39.579833984375,39.84164132481947,39.48399252337033,39.51204229074438,102693200
2017-12-08,39.591522216796875,39.97254823316245,39.46295839467937,39.853333145307786,93420800
2017-12-11,40.362918853759766,40.41434580408775,39.455938348183324,39.55177980714525,141095200
2017-12-12,40.136173248291016,40.297466539043796,40.080073715408226,40.241363439303626,77636800
2017-12-13,40.26941680908203,40.566286349142075,40.206301267674334,40.3231800504292,95273600
2017-12-14,40.257728576660156,40.470448819217914,40.124485051039116,40.299803226735804,81906000
2017-12-15,40.666812896728516,40.71356370673606,40.31384017928465,40.58733616302987,160677200
2017-12-18,41.239498138427734,41.42182870492046,40.87483700544228,40.87951315420929,117684400
2017-12-19,40.800045013427734,40.99874037620498,40.69485481948698,40.91458750768088,109745600
2017-12-20,40.75564193725586,41.005760732597146,40.49850713189737,40.8771933299179,93902400
2017-12-21,40.90990447998047,41.146001870600934,40.69718783621033,40.71354900872024,83799600
2017-12-22,40.90990447998047,41.00574592435399,40.79068942247038,40.83276406623033,65397600
2017-12-26,39.87202072143555,40.08240105648227,39.66397311059487,39.92578395072854,132742000
2017-12-27,39.8790283203125,39.921102955471504,39.67098430158418,39.762149577951504,85992800
2017-12-28,39.991241455078125,40.17123576447634,39.850985500534065,39.97254042334844,65920800
2017-12-29,39.55878829956055,39.87669870309674,39.55645200818158,39.86033752972982,103999600
2018-01-02,40.2670783996582,40.27643070005527,39.565805677893536,39.776189634537445,102223600
2018-01-03,40.26005172729492,40.80237081919405,40.19693977278134,40.33017968805515,118071600
2018-01-04,40.44707489013672,40.54992879885171,40.22500589642445,40.33253238872998,89738400
2018-01-05,40.90756607055664,40.994055211711675,40.451739619141776,40.54290490942475,94640000
2018-01-08,40.75564193725586,41.05017525050981,40.65746059931304,40.75564193725586,82271200
2018-01-09,40.75096130371094,40.921603346574265,40.53590474782042,40.80238825912582,86336000
2018-01-10,40.741615295410156,40.74395515447264,40.44006952559076,40.47747160200724,95839600
2018-01-11,40.9730224609375,41.02211311511454,40.7883555686387,40.81172918317203,74670800
2018-01-12,41.3961181640625,41.459233692882485,41.05950676616482,41.18339796582762,101672400
2018-01-16,41.18574523925781,41.933768721013166,41.17405664783749,41.585468671088606,118263600
2018-01-17,41.86598587036133,41.901048082180715,40.923943066330935,41.176398125146065,137547200
2018-01-18,41.903377532958984,42.099736587663685,41.66728368925117,41.9290910063812,124773600
2018-01-19,41.71636962890625,41.97817691644085,41.47092351341417,41.75143183103793,129700400
2018-01-22,41.375091552734375,41.55742217931307,41.28158994771982,41.44521953992409,108434400
2018-01-23,41.38443374633789,41.945453988337626,41.333010368506855,41.44521299016399,130756400
2018-01-24,40.725242614746094,41.44521633156787,40.48680890350173,41.433527740131495,204420400
2018-01-25,39.99825668334961,40.89588486778186,39.862676869004524,40.793030969529916,166116000
2018-01-26,40.09176254272461,40.206305044653156,39.75281475426623,40.206305044653156,156572000
2018-01-29,39.26191711425781,39.77618297744424,39.05387305096097,39.77618297744424,202561600
2018-01-30,39.03049850463867,39.124000098125286,38.499867866116375,38.693887061115404,184192800
2018-01-31,39.13801956176758,39.37411693794769,38.92062678192371,39.00711592226718,129915600
2018-02-01,39.21982955932617,39.41618498573111,38.98139593191671,39.07723735439629,188923200
2018-02-02,37.518096923828125,38.990770600564964,37.42459530527834,38.803763796607285,346375200
2018-02-05,36.580726623535156,38.30819507475602,36.46618412011472,37.19083407744985,290954000
2018-02-06,38.1094856262207,38.270778874823534,35.998655648541124,36.19267480505928,272975200
2018-02-07,37.29368209838867,38.195986484247946,37.18381931919892,38.12352220639921,206434400
2018-02-08,36.26747512817383,37.63495794612659,36.23942536923537,37.46898854974237,217562000
2018-02-09,36.71108627319336,37.0584569628266,35.262922282513344,36.86599613070262,282690400
2018-02-12,38.18977737426758,38.46673426525093,36.969278939409655,37.20164380833702,243278000
2018-02-13,38.57235336303711,38.66858560404621,37.94098104327619,38.01139496551214,130196800
2018-02-14,39.28350067138672,39.3234010321367,38.22965267274699,38.26720363607734,162579600
2018-02-15,40.60259246826172,40.62606138201437,39.66609578151257,39.851515600178224,204588800
2018-02-16,40.47114181518555,41.03210351492394,40.31623556104345,40.454713937633706,160704400
2018-02-20,40.33501434326172,40.90066411551989,40.23408693219044,40.38195574267661,135722000
2018-02-21,40.151947021484375,40.867811539145606,40.13786137607023,40.56503641863772,149886400
2018-02-22,40.48759078979492,40.82792054682032,40.3021709353275,40.323294036203414,123967600
2018-02-23,41.19171142578125,41.226916584183606,40.73167706139258,40.76219058627438,135249600
2018-02-26,42.006168365478516,42.104746415864476,41.358368213770554,41.39122756389921,152648800
2018-02-27,41.87003707885742,42.36058152900351,41.816054626517115,42.03668323356099,155712400
2018-02-28,41.8066520690918,42.39342858513631,41.790224188970356,42.07422201715211,151128400
2018-03-01,41.0743522644043,42.19626857117151,40.52513035651895,41.90522615725141,195208000
2018-03-02,41.35836410522461,41.37948720362311,40.475849792751795,40.557999950612896,153816000
2018-03-05,41.50153350830078,41.71746684872899,40.961698366530335,41.12364926720145,113605600
2018-03-06,41.46632385253906,41.837167053383304,41.33958169646813,41.75736630395347,95154000
2018-03-07,41.08140563964844,41.273870095734,40.90302683123286,41.06028254024403,126814000
2018-03-08,41.529693603515625,41.57193979190114,41.09078593320187,41.187014556102035,95096400
2018-03-09,42.24321365356445,42.24790886845284,41.635314046604286,41.7691008104262,128740800
2018-03-12,42.651607513427734,42.808863174580104,42.29719582170219,42.31596951674786,128828400
2018-03-13,42.24087905883789,43.0694074274701,42.069541274588886,42.85581986080046,126774000
2018-03-14,41.881771087646484,42.369969694227,41.73390222458302,42.323028278121285,117473600
2018-03-15,41.93105697631836,42.30424963868147,41.79492794839765,41.89585181071824,90975200
2018-03-16,41.78318786621094,42.04136741352731,41.689301464223135,41.93105312956666,157618800
2018-03-19,41.144771575927734,41.65409318133053,40.759846310114575,41.61888802159753,133787200
2018-03-20,41.13068389892578,41.49683183577984,41.060270007669395,41.13068389892578,78597600
2018-03-21,40.198890686035156,41.09548343216158,40.196541287634304,41.08374718435731,148219600
2018-03-22,39.630882263183594,40.529820619288714,39.57220461907548,39.90079799352127,165963200
2018-03-23,38.71316909790039,39.88202694835137,38.71316909790039,39.52291999681884,164115200
2018-03-26,40.55094909667969,40.62840402011539,39.06523065201155,39.44781005466082,150164800
2018-03-27,39.51118469238281,41.10956343270425,39.17789604359712,40.76453853670361,163690400
2018-03-28,39.074615478515625,39.90549291864882,38.77184041292756,39.25534362385068,166674000
2018-03-29,39.37974166870117,40.31154297775571,39.17319520783287,39.386782699739925,153594000
2018-04-02,39.12156295776367,39.65201123119887,38.60285451256873,39.11217610913106,150347200
2018-04-03,39.52292251586914,39.60741848522696,38.69908950068041,39.34688954482369,121112000
2018-04-04,40.2786865234375,40.37256933160999,38.6732668664508,38.69908517590817,138422000
2018-04-05,40.5579948425293,40.89362930170126,40.38900291382461,40.50635822090288,107732800
2018-04-06,39.520572662353516,40.482883990273784,39.47832289128992,40.128472267405044,140021200
2018-04-09,39.91252899169922,40.62604747443878,39.8655875988635,39.87262862871892,116070800
2018-04-10,40.663612365722656,40.839645319686824,40.259909838119526,40.60493471440127,113634400
2018-04-11,40.4734992980957,40.82087000785947,40.29981215251393,40.42420849279554,89726400
2018-04-12,40.87250518798828,41.07435645439156,40.61432208628652,40.70116744671329,91557200
2018-04-13,41.010982513427734,41.271511425086416,40.8044396188746,41.02271875981588,100497200
2018-04-16,41.266822814941406,41.353664598056646,41.0344580124711,41.08139942006313,86313600
2018-04-17,41.83482360839844,41.999120331657075,41.40530272955087,41.42408000955185,106421600
2018-04-18,41.74094009399414,41.97095910385769,41.51561988120563,41.733899061182015,83018000
2018-04-19,40.5579948425293,41.16589447365878,40.525135499803376,40.78331502653571,139235200
2018-04-20,38.896240234375,40.18714851166951,38.8281721559885,40.04162908827687,261964400
2018-04-23,38.7835807800293,39.17789286841588,38.513661441560345,39.156769773980784,146062000
2018-04-24,38.243743896484375,39.039412648935595,37.84004139740122,38.88450280085499,134768000
2018-04-25,38.4103889465332,38.82582771877816,38.11935008940759,38.16863731070807,113528400
2018-04-26,38.544193267822266,38.89860515231991,38.34468773080365,38.520720764149054,111852000
2018-04-27,38.098236083984375,38.57000322169767,37.70157449520931,38.49254827406108,142623200
2018-04-30,38.78828048706055,39.25770178412414,37.98557049884984,38.053638592508214,169709600
2018-05-01,39.68955993652344,39.71302884534446,38.790617998357064,39.058187912431194,214277600
2018-05-02,41.44285202026367,41.71980880691432,40.79270266081835,41.128337096986456,266157600
2018-05-03,41.51796340942383,41.66113703771084,40.94292307926782,41.28090696121748,136272800
2018-05-04,43.14685821533203,43.245436256270295,41.818395107706486,41.83717238903761,224805200
2018-05-07,43.45901870727539,44.04814106669595,43.36278649476054,43.463710341007975,169805600
2018-05-08,43.66790771484375,43.70780808695571,43.10929534247727,43.41911505261652,113611200
2018-05-09,43.97538757324219,43.98477442343587,43.47310692497295,43.78527251956743,92844800
2018-05-10,44.604408264160156,44.681863204805836,44.04344998015062,44.064576659526814,111957200
2018-05-11,44.43476486206055,44.7811202353957,44.16616310265883,44.64682115330001,104848800
2018-05-14,44.33108139038086,44.65623212523947,44.26275443642257,44.53371098533184,83115200
2018-05-15,43.92817687988281,44.07661587132766,43.61245281112909,44.008285328036614,94780800
2018-05-16,44.33815002441406,44.40412571212167,43.824509647791004,43.841004468520254,76732400
2018-05-17,44.057777404785156,44.510159080061804,43.90933837555642,44.29574794788918,69176000
2018-05-18,43.897552490234375,44.25097597581326,43.85514339766552,44.10489541890773,73190800
2018-05-21,44.20856475830078,44.594974273485356,44.038921205760296,44.2957413967529,73603200
2018-05-22,44.09784698486328,44.50310638409517,44.00831184462029,44.38529850281174,60962800
2018-05-23,44.38057327270508,44.41355932680517,43.76797101632021,43.90698701129441,80233600
2018-05-24,44.33108139038086,44.493656757810164,43.873990067081564,44.47716553245859,92936000
2018-05-25,44.43241500854492,44.684521971347976,44.213290509081354,44.34994806456397,69844000
2018-05-29,44.272186279296875,44.472461051919346,44.02950240859062,44.20150444915725,90056400
2018-05-30,44.177955627441406,44.295763509114586,44.008311990215134,44.229791382994506,74762000
2018-05-31,44.029502868652344,44.349940351070494,43.8575044214986,44.11196979829037,109931200
2018-06-01,44.823524475097656,44.82823419974906,44.2368401871287,44.293389239832464,93770000
2018-06-04,45.19815444946289,45.57278250226014,45.0850599344167,45.15338689688778,105064800
2018-06-05,45.54686737060547,45.69530640222667,45.32303318949462,45.49032190729074,86264000
2018-06-06,45.70472717285156,45.72829017819991,45.219359462438206,45.62226384455202,83734400
2018-06-07,45.582210540771484,45.756563841147845,45.3183185372882,45.74242747573462,85388800
2018-06-08,45.167537689208984,45.23822313189476,44.71280102613651,45.04266163172219,106627200
2018-06-11,45.05678176879883,45.23113865191412,44.816456383543546,45.08505809281272,73234000
2018-06-12,45.3041877746582,45.38194138925669,45.03794087574918,45.09448993960545,67644400
2018-06-13,44.93191909790039,45.44556326002106,44.87066030223181,45.33717844207278,86553600
2018-06-14,44.955467224121094,45.13689228323737,44.81880971422139,45.13217896352785,86440400
2018-06-15,44.49365997314453,44.80467436726028,44.35700246014303,44.774043181267466,246876800
2018-06-18,44.47010803222656,44.58320256034685,44.10725784482574,44.26747838860552,73939600
2018-06-19,43.75148010253906,43.902274007400344,43.22369963791943,43.62189074792149,134314000
2018-06-20,43.942317962646484,44.10724819574322,43.76089290863536,43.90697705384341,82514800
2018-06-21,43.6972770690918,44.378206107630064,43.57475593273762,44.11902747211338,102847600
2018-06-22,43.5700569152832,43.8598632336105,43.51822117116477,43.852795049886204,108801600
2018-06-25,42.92211151123047,43.5700546843232,42.58282432899554,43.21191781471853,126652400
2018-06-26,43.45459747314453,43.94939183167297,43.009283988552895,43.11531391910178,98276800
2018-06-27,43.3909797668457,44.12609945793199,43.360348581313914,43.64308664748483,101141200
2018-06-28,43.706703186035156,43.873991879852326,43.306157299059485,43.37684271328096,69460800
2018-06-29,43.61480712890625,44.10488804506475,43.096453489095396,43.892831832045076,90950800
2018-07-02,44.102535247802734,44.130811570292906,43.216621705982554,43.310870122267346,70925200
2018-07-03,43.334434509277344,44.283965391794474,43.244899402321124,44.24626602094871,55819200
2018-07-05,43.68314743041992,43.92112157794117,43.41925900843449,43.65016137767174,66416800
2018-07-06,44.28868103027344,44.39706223311594,43.636024569780716,43.68786030860455,69940800
2018-07-09,44.90362548828125,44.927184893259316,44.602037780973134,44.649160186138324,79026400
2018-07-10,44.84945297241211,45.06857386256042,44.809395136912464,44.93427477396867,63756400
2018-07-11,44.26747512817383,44.715143482285086,44.203857887887295,44.41355569937035,75326000
2018-07-12,45.00965881347656,45.09919391389085,44.60439959451979,44.65623532684284,72164400
2018-07-13,45.080360412597656,45.200523146913156,44.97904377388345,45.02145647701362,50055600
2018-07-16,44.981388092041016,45.39135705389442,44.8659351203138,45.125113793493355,60172400
2018-07-17,45.10862350463867,45.20758166383214,44.5784881977529,44.708077547367004,62138000
2018-07-18,44.86122131347656,45.19108540259918,44.750481662975155,45.18637208262621,65573600
2018-07-19,45.209930419921875,45.36779246822645,44.69393159004951,44.69393159004951,81147200
2018-07-20,45.10626983642578,45.33952707669777,44.80703689306761,45.18637831095939,82704800
2018-07-23,45.14631271362305,45.22877962532212,44.66329993483419,44.92718829993629,63957600
2018-07-24,45.47382736206055,45.62933457754806,45.24999317957946,45.344238015820956,74791600
2018-07-25,45.902652740478516,45.909720923914165,45.339527761896065,45.48796680446535,66839600
2018-07-26,45.7589225769043,46.17125001494184,45.617551731493165,45.85316741037176,76304000
2018-07-27,44.997886657714844,45.98983036478812,44.79054728056739,45.942707942491445,96096000
2018-07-30,44.74577331542969,45.285331624624746,44.547857012990356,45.2146462036936,84118000
2018-07-31,44.835304260253906,45.271194687816894,44.61147009280662,44.83766271788807,157492000
2018-08-01,47.47655487060547,47.53781364713079,46.489324692851646,46.918146914157724,271742800
2018-08-02,48.86432647705078,49.09758725034946,47.205593985888,47.25978457536614,249616000
2018-08-03,49.005706787109375,49.182418547865296,48.41430912684515,48.7795141514494,133789600
2018-08-06,49.26017379760742,49.30258289590306,48.7889424198688,49.008063284816416,101701600
2018-08-07,48.79835891723633,49.36148019425983,48.71589199911434,49.31907110165512,102349600
2018-08-08,48.83134460449219,48.96328879634437,48.188114871607986,48.548606536921845,90102000
2018-08-09,49.21540451049805,49.42745718493813,48.819568297610594,49.36855326479255,93970400
2018-08-10,49.068809509277344,49.44002519266483,48.86546923859156,49.0286148009558,98444800
2018-08-13,49.3856315612793,49.87743127630117,49.108994898045374,49.48966660204789,103563600
2018-08-14,49.59372329711914,49.785240793148894,49.241423320293556,49.690665409965185,82992000
2018-08-15,49.709571838378906,49.82779284898479,49.25796671198787,49.46839996655359,115230400
2018-08-16,50.437808990478516,50.553663261058226,50.00038984892316,50.06659332005974,114001600
2018-08-17,51.4450569152832,51.53253931119231,50.39998358384993,50.46618706310315,141708000
2018-08-20,50.94380187988281,51.823362921071144,50.861045725428916,51.56800870100237,121150800
2018-08-21,50.844482421875,51.352834849865985,50.60567731793008,51.26062262083593,104639200
2018-08-22,50.84685516357422,51.15659362058982,50.5607587429564,50.622235974791955,76072400
2018-08-23,50.95087432861328,51.31972317326829,50.74044114888997,50.752260359491814,75532800
2018-08-24,51.10930633544922,51.28427111585805,50.861041500529375,51.21334139829706,73905600
2018-08-27,51.53017807006836,51.719332421045124,51.149506246562076,51.343386840644364,82100400
2018-08-28,51.94629669189453,52.14490706783573,51.76187225597514,51.78315116600786,91107200
2018-08-29,52.721839904785156,52.8424276423776,51.8777437807323,52.0527085641898,109019200
2018-08-30,53.20654296875,53.97024961852312,52.58469935427872,52.78567649739625,195175200
2018-08-31,53.82129669189453,54.11448247965439,53.43589505535609,53.55647918343615,173360400
2018-09-04,53.99388885498047,54.18776939590025,53.584845253725106,54.005711675140766,109560400
2018-09-05,53.64160919189453,54.30364768385519,53.223109341809504,54.142868814226496,133332000
2018-09-06,52.750205993652344,53.75508438603124,52.324609717669404,53.49026692107618,137160000
2018-09-07,52.32461929321289,53.286936430190956,52.18511936850075,52.45466312464746,150479200
2018-09-10,51.622379302978516,52.45465610496239,51.18259706413789,52.24185615259656,158066000
2018-09-11,52.92755126953125,53.033949464303724,51.2038868045044,51.54672703557977,142996000
2018-09-12,52.27023696899414,53.19945233807959,51.97941069858313,53.18526639470711,197114800
2018-09-13,53.532833099365234,53.991531148163254,52.62489670197329,52.84951587627025,166825600
2018-09-14,52.9251708984375,53.6344968245139,52.61306936702936,53.376775937249185,127997200
2018-09-17,51.5159797668457,52.714738729611575,51.37175001470513,52.525584424011406,148780400
2018-09-18,51.601112365722656,52.45466827869166,51.336294826285084,51.49471056093672,126286800
2018-09-19,51.631839752197266,51.92739226002057,50.90596466904896,51.66257836751287,108495200
2018-09-20,52.02434158325195,52.55633617131596,51.816271434307,52.07399599891171,106435200
2018-09-21,51.46397399902344,52.338808803475615,51.37648799310484,52.20167199078347,384986800
2018-09-24,52.20402526855469,52.315153292233006,51.22042933428429,51.26535388953533,110773600
2018-09-25,52.53504943847656,52.68400905547717,51.946307549786276,51.958130371548314,98217600
2018-09-26,52.11655044555664,52.90390281763559,51.960497843994546,52.25368725227918,95938800
2018-09-27,53.18762969970703,53.53992959522191,52.85424559802705,52.9204526803586,120724800
2018-09-28,53.37441635131836,53.39805838572912,52.96773583814115,53.149793573596064,91717600
2018-10-01,53.73381042480469,54.244526037328285,53.51865093552065,53.89695599056796,94403200
2018-10-02,54.21142578125,54.381664323409666,53.584855874564354,53.73144877171672,99152800
2018-10-03,54.8711051940918,55.20212260237653,54.32965090961708,54.39349126972169,114619200
2018-10-04,53.906429290771484,54.93731686894071,53.608509971065246,54.56610108417014,128168000
2018-10-05,53.031578063964844,54.00572162104816,52.15438020692258,53.89932343564714,134322000
2018-10-08,52.90863037109375,53.15216535637329,52.06453065114557,52.53978140728469,118655600
2018-10-09,53.64160919189453,53.73618818092864,52.549248025242136,52.877902345519175,107564000
2018-10-10,51.15659713745117,53.5186542874467,51.0833006862872,53.308221027600226,167962400
2018-10-11,50.70499038696289,51.89902330763163,50.201371338479035,50.721543060089694,212497600
2018-10-12,52.51613998413086,52.69820135934952,51.27008946263702,52.116552371945346,161351600
2018-10-15,51.393035888671875,52.44993197126722,51.37175697346174,52.29151625611603,123164000
2018-10-16,52.52558898925781,52.72420301170054,51.251166750358514,51.76424545871344,116736000
2018-10-17,52.29861068725586,52.64145089276612,51.86119150958556,52.561061472294256,91541600
2018-10-18,51.076202392578125,51.955766930543895,50.36214653480621,51.51125481132157,130325200
2018-10-19,51.85409927368164,52.315160495072206,51.40958711776718,51.5585467461468,132314800
2018-10-22,52.17093276977539,52.81169226211933,51.766618916580256,51.967592478519066,115168400
2018-10-23,52.66273498535156,52.78568585733632,50.7641056774064,51.03128633927155,155071200
2018-10-24,50.8563117980957,53.017391656334006,50.726267969157426,52.63199362779541,163702000
2018-10-25,51.96995544433594,52.343534259721785,51.2488065794398,51.47579250051913,119423200
2018-10-26,51.142398834228516,52.06215795324573,50.28411332859877,51.04781988153455,189033600
2018-10-29,50.182456970214844,51.94394934491909,48.728336343503514,51.82572833174674,183742000
2018-10-30,50.433074951171875,50.87758341933534,49.48021406236967,49.92472253053314,146640000
2018-10-31,51.74769592285156,52.12363783449441,51.218064547531675,51.27954177612992,153435600
2018-11-01,52.54214096069336,52.57524269602282,51.26298888864335,51.79262026173322,233292800
2018-11-02,49.05699157714844,50.51583847534508,48.572284692079506,49.546428313026276,365314800
2018-11-05,47.66434860229492,48.32638701675462,46.85571728176754,48.305108099645274,264654800
2018-11-06,48.17978286743164,48.40440202496884,47.68798312025159,47.74236376500268,127531600
2018-11-07,49.640995025634766,49.66700378881958,48.26490452137793,48.69995691663436,133697600
2018-11-08,49.467796325683594,49.85453905967433,49.054950457423345,49.821321825704445,101450400
2018-11-09,48.513980865478516,48.87937043055105,47.98724786748592,48.77022964453493,137463200
2018-11-12,46.07012176513672,47.41779988039793,45.97995916850691,47.21612153122268,204542000
2018-11-13,45.609832763671875,46.784303647550004,45.42476479992899,45.46747474101187,187531600
2018-11-14,44.32148361206055,46.14369273389911,44.11505882624037,46.006077416821554,243204000
2018-11-15,45.415279388427734,45.54814833515879,44.34520285307609,44.698732002376936,185915200
2018-11-16,45.918296813964844,46.25996198181684,44.952621699668946,45.19937786511303,147713200
2018-11-19,44.09844207763672,45.24681341876194,43.892020958745455,45.080727252963975,167701200
2018-11-20,41.99150466918945,43.05683460015604,41.64272195581489,42.32130559172112,271300800
2018-11-21,41.94404983520508,42.772112768462414,41.8894794521052,42.64398659199424,124496800
2018-11-23,40.87873077392578,41.90135460850539,40.83365308403461,41.507490510580666,94496000
2018-11-26,41.431556701660156,41.50985523537514,40.397072578660236,41.34139771589679,179994000
2018-11-27,41.34140396118164,41.467155183306716,40.54418668522253,40.693662435434945,165549600
2018-11-28,42.931095123291016,43.01413640794062,41.505118017849625,41.932199377386205,184250000
2018-11-29,42.601287841796875,43.37240554234032,42.16234247178632,43.33918830928703,167080000
2018-11-30,42.37113571166992,42.78635290696132,42.003371186044795,42.776860200784085,158126000
2018-12-03,43.8516845703125,43.88015544911543,42.99515063572571,43.76626831349695,163210000
2018-12-04,41.922706604003906,43.27512777330079,41.823054898940676,42.9334627157085,165377200
2018-12-06,41.45528793334961,41.46952337319293,40.435039173164846,40.75297606435523,172393600
2018-12-07,39.97713088989258,41.40073334415855,39.93204956624217,41.16346626844756,169126400
2018-12-10,40.240474700927734,40.3567331851287,38.7528099649567,39.14904532256053,248104000
2018-12-11,40.01034164428711,40.76010273038026,39.623595215094355,40.72926047741938,189126800
2018-12-12,40.12185287475586,40.79094396093765,40.10287107949015,40.43029709170368,142510800
2018-12-13,40.5607795715332,40.94515444685699,40.228607329061695,40.4516388148951,127594400
2018-12-14,39.2629508972168,40.117113735755545,39.21549821072196,40.098131937076026,162814800
2018-12-17,38.89754867553711,39.94389690996211,38.610454041222965,39.25582050641888,177151600
2018-12-18,39.40292739868164,39.749335147040604,39.00431700694578,39.23921261031191,135366000
2018-12-19,38.17388916015625,39.730360169185076,37.74680781733559,39.38632372817106,196189200
2018-12-20,37.21058654785156,38.4633561025011,36.84756830306149,38.05762791222595,259092000
2018-12-21,35.763248443603516,37.52614386743345,35.50225695564013,37.21769609037985,382978400
2018-12-24,34.8379020690918,35.95780221376421,34.78095670531993,35.15109251882243,148676800
2018-12-26,37.291255950927734,37.30549139242431,34.811816392339566,35.18669870684758,234330000
2018-12-27,37.04923629760742,37.196344282393845,35.60665629115876,36.97568411541755,212468400
2018-12-28,37.06822204589844,37.61156549819046,36.669615227461684,37.3695521467641,169165600
2018-12-31,37.42649459838867,37.81086594612177,37.12753588756801,37.61393391895783,140014000
2019-01-02,37.469207763671875,37.689867977237725,36.59369187126671,36.750288975035055,148158800
2019-01-03,33.737003326416016,34.57455574581666,33.6919220064379,34.16170976436273,365248800
2019-01-04,35.17721176147461,35.24602123385648,34.11900273892931,34.29220667285654,234428400
2019-01-07,35.098907470703125,35.31244995449789,34.61725572428317,35.28160408429917,219111200
2019-01-08,35.768001556396484,36.021878993464554,35.238897140785376,35.48565323681881,164101200
2019-01-09,36.37541198730469,36.664878086938074,35.502270953950706,35.896131517687564,180396400
2019-01-10,36.491661071777344,36.531996022628334,35.79409559379819,36.18321328363876,143122800
2019-01-11,36.133392333984375,36.467939696000656,35.948324350827995,36.27338262516767,108092800
2019-01-14,35.590049743652344,35.891379845195914,35.404981774617916,35.79172814036254,129756800
2019-01-15,36.31846237182617,36.39438593118797,35.601914999486866,35.65411403047625,114843600
2019-01-16,36.762142181396484,36.985173695900976,36.30184371450958,36.32082550514894,122278800
2019-01-17,36.98044204711914,37.40752345530275,36.36354627747528,36.586577880660485,119284800
2019-01-18,37.20821762084961,37.459720094996186,37.008910562862575,37.36955746448795,135004000
2019-01-22,36.37303924560547,37.18686348386207,36.21169577007339,37.11093991098238,121576000
2019-01-23,36.5201301574707,36.80959613916495,35.99339721507011,36.57470054471934,92522400
2019-01-24,36.23067855834961,36.65301362642966,36.00290421307908,36.56522597464914,101766000
2019-01-25,37.43124008178711,37.51903133240946,36.61504465459194,36.890271619149736,134142000
2019-01-28,37.08483123779297,37.09194895785594,36.4584465294026,36.96382275590851,104768400
2019-01-29,36.70045471191406,37.51902868886723,36.56521441598711,37.07296560813992,166348800
2019-01-30,39.20836639404297,39.42190521671021,38.01728520303353,38.73383245886544,244439200
2019-01-31,39.49072265625,40.098125636928835,39.04465950838577,39.41242410665209,162958400
2019-02-01,39.50969696044922,40.09337168073329,39.369706696277575,39.61409500678469,130672400
2019-02-04,40.6319694519043,40.72924978051158,39.690019271912284,39.72086513717964,125982000
2019-02-05,41.32716369628906,41.54070616529914,40.89296827882337,41.013973143644144,144406400
2019-02-06,41.34140396118164,41.6569695100412,41.01160297138825,41.43868068103189,112958400
2019-02-07,40.55841064453125,41.270211452977485,40.41604903467955,40.90481834388098,126966800
2019-02-08,40.606075286865234,40.66564643059835,40.13188767381337,40.26771162677322,95280000
2019-02-11,40.372554779052734,40.796704677929405,40.329665299757814,40.75857827237781,83973600
2019-02-12,40.720455169677734,40.7466666211287,40.436895913781186,40.53221193539128,89134000
2019-02-13,40.551265716552734,41.099320945808756,40.48931303829851,40.8395916413653,89960800
2019-02-14,40.69900131225586,40.80861016763848,40.36063769218149,40.43927202892135,87342800
2019-02-15,40.60846710205078,40.913471144288906,40.44881683274918,40.80624378561589,98507200
2019-02-19,40.729976654052734,40.85150410234934,40.386849953980956,40.43927284620034,75891200
2019-02-20,40.99209976196289,41.29948893444707,40.74428537587072,40.791941569049854,104457600
2019-02-21,40.760955810546875,41.07310799901791,40.579860855843705,40.93728769197398,68998800
2019-02-22,41.21609115600586,41.223239403756004,40.83721948150898,40.884875678488214,75652800
2019-02-25,41.516319274902344,41.90710582108216,41.44959988672047,41.49964124582385,87493600
2019-02-26,41.540157318115234,41.77129368525542,41.26374629243125,41.392422020496234,68280800
2019-02-27,41.668819427490234,41.699797583479636,41.15889061962103,41.27326982515091,111341600
2019-02-28,41.258975982666016,41.67835919496109,41.20417154412631,41.537772157173244,112861600
2019-03-01,41.69266128540039,41.73555077281449,41.19702882720667,41.52824431177665,103544800
2019-03-04,41.902347564697266,42.35508684168328,41.45437136174755,41.86422115680062,109744800
2019-03-05,41.82609558105469,41.938089634020294,41.59019251792692,41.9237931397582,78949600
2019-03-06,41.5854377746582,41.816574174024296,41.44723224254707,41.6211790174735,83241600
2019-03-07,41.10409927368164,41.566372044364236,40.98972366767753,41.4305480580372,99185600
2019-03-08,41.20178985595703,41.2399162634684,40.38923852105088,40.584633632595896,95997600
2019-03-11,42.62911605834961,42.68153896438816,41.78320858604554,41.81656828662146,128044000
2019-03-12,43.108070373535156,43.527449985065225,42.74111003200352,42.89123050226052,129870400
2019-03-13,43.29869842529297,43.67757008556457,43.110451545781046,43.42737051589921,124130000
2019-03-14,43.780025482177734,43.86819325045519,43.501232955961775,43.82053342503637,94318000
2019-03-15,44.34953308105469,44.63785907607292,43.78241814804206,44.04691422627257,156171600
2019-03-18,44.802268981933594,44.890433115459594,44.27089173604565,44.273276908909104,104879200
2019-03-19,44.447227478027344,45.03340921139079,44.30187372223758,44.88090720826174,126585600
2019-03-20,44.83563232421875,45.15255128641642,44.018314235196435,44.375741144089886,124140800
2019-03-21,46.48694610595703,46.782420346635014,45.228803590706896,45.27884496121636,204136800
2019-03-22,45.52427291870117,47.10648249507304,45.45993505954188,46.546512238552936,169630800
2019-03-25,44.973838806152344,45.74587861908732,44.46390988385612,45.63388456100003,175381200
2019-03-26,44.50917434692383,45.96033017793337,43.98256747013785,45.66962270436676,199202000
2019-03-27,44.90949630737305,45.216881824139065,44.45199033761694,44.97621570071659,119393600
2019-03-28,44.969058990478516,45.169217132837865,44.68549980416933,45.02386341699591,83121600
2019-03-29,45.26215362548828,45.2931317832796,44.92617150707696,45.233560640409536,94256000
2019-04-01,45.569549560546875,45.67439173346239,44.88805543895594,45.66486194899173,111448000
2019-04-02,46.23198699951172,46.33683282315308,45.52428132586758,45.533811111682674,91062800
2019-04-03,46.54888916015625,46.82291494336478,46.02466023168709,46.04849014150251,93087200
2019-04-04,46.629920959472656,46.79195276656098,46.02229441102144,46.41546260570076,76457200
2019-04-05,46.94206619262695,46.96589610699699,46.687099925418465,46.81100893546065,74106400
2019-04-08,47.680747985839844,47.7117225101516,46.78479559908021,46.8038588026213,103526800
2019-04-09,47.53778076171875,48.336035677504945,47.47344289751336,47.73317589155191,143072800
2019-04-10,47.804649353027344,47.833245973912184,47.2232344194669,47.34237670467407,86781200
2019-04-11,47.40672302246094,47.89520720622881,47.285199178784595,47.85946596865772,83603200
2019-04-12,47.38765335083008,47.69027578606465,46.75381913013985,47.46628769869107,111042800
2019-04-15,47.47343444824219,47.62117335589848,47.182726978383926,47.31855093020654,70146400
2019-04-16,47.47820281982422,47.983364968636586,47.3137858769923,47.52824418170382,102785600
2019-04-17,48.40276336669922,48.462334530736044,47.32571570285156,47.5473186878196,115627200
2019-04-18,48.57670211791992,48.64580305696875,48.257401604087235,48.400370192581796,96783200
2019-04-22,48.73634338378906,48.834040931260986,48.214499587608906,48.33126033721687,77758000
2019-04-23,49.43928146362305,49.503619315451935,48.58622226846949,48.71251279943443,93292000
2019-04-24,49.363033294677734,49.67756704213216,49.33682184606203,49.410689482360645,70162400
2019-04-25,48.91505432128906,49.50599901366292,48.87692791895943,49.28439611749792,74172800
2019-04-26,48.68155288696289,48.84835140848778,48.16209047885956,48.82452149001205,74596400
2019-04-29,48.75540542602539,49.07947258276034,48.57669200067746,48.70536406711703,88818800
2019-04-30,47.816566467285156,48.467082355820594,47.444843102407766,48.38606647084663,186139600
2019-05-01,50.16367721557617,51.30505889994742,49.8562880319381,50.01117521030859,259309200
2019-05-02,49.837223052978516,50.671219159962654,49.59417537681596,50.00164001010491,127985200
2019-05-03,50.45677185058594,50.47821659527701,50.094578184529375,50.25184691746729,83569600
2019-05-06,49.67756652832031,49.76334911963592,48.490910378399384,48.6791535903768,129772400
2019-05-07,48.33840560913086,49.42498261248666,47.85468824698724,49.05802599276639,155054800
2019-05-08,48.34793472290039,48.929349618462254,48.07390893920655,48.10965016805922,105358000
2019-05-09,47.82848358154297,48.05723475366527,46.86104872008744,47.75223076687932,139634400
2019-05-10,47.1658935546875,47.56536448730354,46.11101450339134,47.22330340337194,164834800
2019-05-13,44.42463302612305,45.32403198718554,43.738123877782556,44.90064671970861,229722400
2019-05-14,45.127891540527344,45.37666024246978,44.35048432829495,44.58968654744338,146118800
2019-05-15,45.66848373413086,45.86702199876712,44.49639441030362,44.55619496049758,106178800
2019-05-16,45.46757125854492,46.03926457983026,45.170959107985624,45.42690730765116,132125600
2019-05-17,45.209228515625,45.66371136347926,44.673414122943996,44.7140780703889,131516400
2019-05-20,43.795536041259766,44.09693319133087,43.123378349333606,43.89839489959819,154449200
2019-05-21,44.635135650634766,44.97001729820006,44.18064924329761,44.30503541950881,113459200
2019-05-22,43.721378326416016,44.422242678436454,43.666362841765874,44.17107963556311,118994400
2019-05-23,42.975074768066406,43.18557025463366,42.53254916971738,43.008562935243226,146118800
2019-05-24,42.810020446777344,43.56829102566304,42.72629821206873,43.10423814743245,94858800
2019-05-28,42.633018493652344,43.19753598272842,42.55647566713429,42.79806863981353,111792800
2019-05-29,42.429691314697266,42.90091998412499,42.09959108029265,42.200055575560086,113924800
2019-05-30,42.64976119995117,42.87221753680418,42.259860370916826,42.5660389538605,84873600
2019-05-31,41.877132415771484,42.57560242696121,41.85799580108924,42.15460420382392,108174400
2019-06-03,41.453739166259766,42.558852087002684,40.72895684162504,42.003904918771,161584400
2019-06-04,42.97029113769531,43.01574014822659,41.74557681150609,41.96564243887218,123872000
2019-06-05,43.663963317871094,44.25001156521852,43.3290817336173,44.0801764153884,119093600
2019-06-06,44.305030822753906,44.364831371467275,43.57067833258456,43.793138271764924,90105200
2019-06-07,45.48429489135742,45.90768378892111,44.43659178289126,44.613599067232066,122737600
2019-06-10,46.0655517578125,46.732924168780954,45.83591608149606,45.88136507524146,104883600
2019-06-11,46.59898376464844,46.8836349896468,46.309551123217446,46.61094460560243,107731600
2019-06-12,46.450687408447266,46.87646713884036,46.259324870645045,46.393277552125554,73012800
2019-06-13,46.44112014770508,47.07261400657123,46.30956181664146,46.57268212870574,86698400
2019-06-14,46.10383987426758,46.30715958311369,45.52018583958195,45.8191886319466,75046000
2019-06-17,46.3789176940918,46.63486581817367,45.96748958898146,46.14210618535647,58676400
2019-06-18,47.46967697143555,47.90980815375586,46.69466416124891,46.8955931379687,106204000
2019-06-19,47.3309440612793,47.811742879326864,47.1969913965281,47.76389951339883,84496800
2019-06-20,47.71127700805664,47.986358104546575,47.36921593118183,47.92894825704651,86056000
2019-06-21,47.54861831665039,48.04376867773491,47.397919745896615,47.553403383165076,191202400
2019-06-24,47.50078201293945,47.87872199614494,47.40270821699431,47.49121187922274,72881600
2019-06-25,46.78078079223633,47.66343393459677,46.71380081144238,47.464895650291474,84281200
2019-06-26,47.792606353759766,48.07725759186515,47.20656161939147,47.30702611814578,104270000
2019-06-27,47.77825927734375,48.215999837860245,47.73759533236944,47.909817596404345,83598800
2019-06-28,47.342899322509766,47.72083923918838,47.1347945750101,47.52469168182497,124442400
2019-07-01,48.211204528808594,48.91445958647006,47.99592035711078,48.59871092795432,109012000
2019-07-02,48.49346923828125,48.58915232452939,48.16576333648064,48.17772417850372,67740800
2019-07-03,48.895328521728516,48.90250429660593,48.483900395720205,48.62502883489124,45448000
2019-07-05,48.85226821899414,49.05559156534589,48.534128829376186,48.641772747995475,69062000
2019-07-08,47.84523010253906,48.17532669133114,47.46011437400138,48.0341982544595,101354400
2019-07-09,48.137054443359375,48.20163641262728,47.555791170395594,47.64907988705199,82312000
2019-07-10,48.613059997558594,48.73266109242535,48.21359277869593,48.28296345768267,71588400
2019-07-11,48.259063720703125,48.89055764272375,48.24949723473592,48.63221872236021,80767200
2019-07-12,48.62981414794922,48.79725497916496,48.36669023465564,48.42649079222815,70380800
2019-07-15,49.08668899536133,49.24455968604115,48.797252704231944,48.81878002796971,67789600
2019-07-16,48.91685485839844,49.30197058543267,48.67765263415199,48.93838218259591,67467200
2019-07-17,48.64176940917969,49.05797890617675,48.62263279495951,48.80921022118632,56430000
2019-07-18,49.1943359375,49.246960724844214,48.72549791841606,48.7972593238797,74162400
2019-07-19,48.459983825683594,49.39526551603992,48.40496832917344,49.22543030950413,83717200
2019-07-22,49.56748580932617,49.56987651762095,48.7039656231899,48.71353210630533,89111600
2019-07-23,49.954986572265625,49.97173247823495,49.58422243227659,49.86409221822159,73420800
2019-07-24,49.91432189941406,50.02913793173765,49.55551860470898,49.67511970294401,59966400
2019-07-25,49.519649505615234,50.050678778547585,49.450278810987754,49.96695653329002,55638400
2019-07-26,49.691871643066406,50.1678817358878,49.54834884778114,49.62967672847252,70475600
2019-07-29,50.15591812133789,50.385553851109734,49.859309714055385,49.864094780283324,86693600
2019-07-30,49.94063949584961,50.27073972938734,49.589011938368884,49.93585442943909,135742800
2019-07-31,50.95964050292969,52.95219547888276,50.54343096661381,51.76814519291497,277125600
2019-08-01,49.8569221496582,52.15326516054023,49.45267342174729,51.16535872118057,216071600
2019-08-02,48.80202865600586,49.37850312251167,48.23033560503574,49.16322262546881,163448400
2019-08-05,46.24735641479492,47.51751962109188,46.0655640412733,47.35964892958403,209572000
2019-08-06,47.12282943725586,47.378777521701416,46.41478937882593,46.957779349145824,143299200
2019-08-07,47.61080551147461,47.73519168066867,46.362173353172416,46.742503985009016,133457600
2019-08-08,48.66090774536133,48.68482942826137,47.6945323451434,47.88828556685008,108038000
2019-08-09,48.25992965698242,48.684923651503915,47.85173786990309,48.33436350922728,98478800
2019-08-12,48.13745880126953,48.51443488116721,47.8181106881789,47.93096316663212,89927600
2019-08-13,50.17601013183594,50.93716177711402,48.13746584722147,48.267127875565244,188874000
2019-08-14,48.68251419067383,49.56852452960049,48.644095544305394,48.780960598066514,146189600
2019-08-15,48.440006256103516,49.256382389403456,47.942974606430376,48.852997569788144,108909600
2019-08-16,49.58293533325195,49.74140951677776,48.944239015747925,49.04988847143179,110481600
2019-08-19,50.507362365722656,51.078824190677665,50.43052506876509,50.57218971325113,97654400
2019-08-20,50.509761810302734,51.2276951856261,50.50015898015101,50.634620585098965,107537200
2019-08-21,51.057220458984375,51.299731333447795,50.80750654514709,51.14126080341854,86141600
2019-08-22,51.013999938964844,51.489418835377954,50.6034083940143,51.18927999555581,89014800
2019-08-23,48.65610885620117,50.91555498677708,48.26232683356407,50.286461469002404,187272000
2019-08-26,49.580543518066406,49.748620559238184,49.23718273185397,49.429272349109446,104174400
2019-08-27,49.02107238769531,50.07515974076012,48.86980125519638,49.90948253160488,103493200
2019-08-28,49.35002517700195,49.39564686397116,48.81938179356974,49.0066681246404,63755200
2019-08-29,50.18561935424805,50.260056872342915,49.62136047132866,50.06316401304191,83962000
2019-08-30,50.12078094482422,50.5313687808023,49.751007883111264,50.46173818969739,84573600
2019-09-03,49.390846252441406,49.69818812822895,49.03548289552534,49.56612630727239,80092000
2019-09-04,50.22883987426758,50.29847047880786,49.77983330506893,50.03675026808803,76752400
2019-09-05,51.21088790893555,51.3765651308316,50.7858902958723,50.90354603728645,95654800
2019-09-06,51.20608139038086,51.48461108870742,51.0259981022255,51.39577117230135,77449200
2019-09-09,51.42458724975586,51.96964040269282,50.680245133535024,51.585461226459756,109237600
2019-09-10,52.03205871582031,52.05126803759896,50.83390703828068,51.350144279794115,127111600
2019-09-11,53.68644332885742,53.71525915404758,52.279392048265784,52.36103261186556,177158400
2019-09-12,53.56637954711914,54.365949877044244,53.51115502500784,53.976971102844466,128906800
2019-09-13,52.52430725097656,53.014132321380075,52.10891604121136,52.824446149553566,159053200
2019-09-16,52.8004264831543,52.85565467101706,52.238567419766575,52.279385864836165,84632400
2019-09-17,52.99250793457031,53.02132375192014,52.61313203639829,52.81482810263167,73274800
2019-09-18,53.48954772949219,53.50875705605579,52.68997737232846,53.07895615977941,101360000
2019-09-19,53.054935455322266,53.72724341657254,52.91326716138404,53.307049108889316,88242400
2019-09-20,52.27938461303711,53.439121573319625,52.21695705097918,53.155792256513266,221652400
2019-09-23,52.51708984375,52.78601305088982,52.26016925822585,52.57231436011538,76662000
2019-09-24,52.26738357543945,53.422321068033824,52.14973147882972,53.07175724267541,124763200
2019-09-25,53.07173538208008,53.18458784804474,52.137703714957745,52.47626111285174,87613600
2019-09-26,52.79802322387695,53.050140581036125,52.54350607497872,52.82443558822323,75334000
2019-09-27,52.54110336303711,53.054940879557066,52.17133028274097,52.95409101125522,101408000
2019-09-30,53.777671813964844,53.92413970007018,53.01411677472275,53.040529136604164,103909600
2019-10-01,53.92654037475586,54.798144667313224,53.832897210879736,54.04179631783716,139223200
2019-10-02,52.57472610473633,53.68403817289297,52.32740831027184,53.55917937969037,138449200
2019-10-03,53.02132797241211,53.05494337549281,51.65509540469614,52.447459000713295,114426000
2019-10-04,54.507598876953125,54.622854799302026,53.75845370070148,54.17864796678167,138478800
2019-10-07,54.51961898803711,55.20873658677315,54.22668318942507,54.3299328547412,122306000
2019-10-08,53.880924224853516,54.75973164617533,53.86411835463812,54.221885178414524,111820000
2019-10-09,54.51240921020508,54.69489228194408,54.17865501059328,54.51240921020508,74770400
2019-10-10,55.247161865234375,55.33120221536916,54.57725351139381,54.728521012309976,113013600
2019-10-11,56.71664047241211,57.05999756214249,55.780205051339095,55.93387599775765,166795600
2019-10-14,56.6349983215332,57.17765169810714,56.34686576310509,56.40209028471779,96427600
2019-10-15,56.5029296875,57.06238516671115,56.39728024743835,56.75984658601028,87360000
2019-10-16,56.27483367919922,56.48373281401713,55.99390415010381,56.03472259479586,73903200
2019-10-17,56.49333190917969,56.70222736637808,56.070737747547255,56.447710219951496,67585200
2019-10-18,56.764652252197266,57.04558173135252,56.25561435236558,56.32764839764216,97433600
2019-10-21,57.749107360839844,57.864363302867055,56.983156188347394,57.03117766562347,87247200
2019-10-22,57.6170539855957,58.1549004377134,57.535413437281406,57.905186536916496,82293600
2019-10-23,58.39020538330078,58.40461512439032,57.91958976088768,58.130888664552984,75828800
2019-10-24,58.48624801635742,58.77918378053314,58.06125044639696,58.70954952666312,69275200
2019-10-25,59.20658874511719,59.242603940499954,58.31817850890162,58.38540931615225,73477200
2019-10-28,59.79965591430664,59.84767739008357,59.24019674518622,59.408273742307344,96572800
2019-10-29,58.416629791259766,59.967749159367955,58.24375316438358,59.780462788431066,142839600
2019-10-30,58.409420013427734,58.89924866845541,57.91719523037346,58.769586633499244,124522000
2019-10-31,59.73002624511719,59.82847265948915,56.96874904224295,59.365060070154456,139162000
2019-11-01,61.42521667480469,61.45162537567779,59.826076043549875,59.91731576023175,151125200
2019-11-04,61.828590393066406,61.912630719316276,61.31955618049986,61.78776829370831,103272000
2019-11-05,61.739768981933594,61.99428616447251,61.54527957504271,61.720555990265,79897600
2019-11-06,61.76616287231445,61.826190633565766,61.31715639057186,61.65331038805769,75864400
2019-11-07,62.479034423828125,62.70060306371024,62.16113446862657,62.31285978131859,94940400
2019-11-08,62.65003204345703,62.722278694428965,61.85769280629216,62.30082274800635,69986400
2019-11-11,63.146141052246094,63.2111630337341,62.20207656212333,62.2068905553272,81821200
2019-11-12,63.08831787109375,63.28821244931404,62.83785800505247,62.98957591733283,87388800
2019-11-13,63.692813873291016,63.76747117547861,62.87398687053245,62.888436196787694,102734400
2019-11-14,63.252105712890625,63.79156691909785,63.122054404391484,63.51942564466405,89182800
2019-11-15,64.00350189208984,64.00831588526924,63.341214024330995,63.50256731633181,100206400
2019-11-18,64.32620239257812,64.40567368628587,63.635016010866224,64.01311651070851,86703200
2019-11-19,64.13113403320312,64.54295455850364,63.914386775129536,64.51886989658281,76167200
2019-11-20,63.384559631347656,64.08056012443966,62.71263645285633,63.95051616700854,106234400
2019-11-21,63.100372314453125,63.5820361437923,62.90047770949757,63.50496816719241,121395200
2019-11-22,63.04499435424805,63.382157650570974,62.81861170894366,63.240067666749475,65325200
2019-11-25,64.150390625,64.16725062153702,63.2231863603436,63.26894500831201,84020400
2019-11-26,63.64947509765625,64.34066158536174,63.21838386975903,64.28767826489613,105207600
2019-11-27,64.50442504882812,64.53814504778033,63.89512054291369,63.960142519969104,65235600
2019-11-29,64.36234283447266,64.54296680875088,64.0372182108502,64.20580352668654,46617600
2019-12-02,63.61818313598633,64.60318515159148,63.447194470828975,64.36716714152493,94487200
2019-12-03,62.48385238647461,62.503115708653056,61.722822542288654,62.20930043557878,114430400
2019-12-04,63.03535461425781,63.41346255389857,62.7800733256157,62.87400131746364,67181600
2019-12-05,63.96012878417969,64.03479343016674,63.27376379161753,63.52904500174789,74424400
2019-12-06,65.19561767578125,65.26546100190234,64.37437981221761,64.41773515061479,106075600
2019-12-09,64.28287506103516,65.2172969657752,63.798800431426635,65.02463432244109,128042400
2019-12-10,64.65856170654297,65.04148360806178,64.02757585193183,64.68746036332061,90420400
2019-12-11,65.21003723144531,65.2895158575446,64.66335157903706,64.73800886440016,78756800
2019-12-12,65.37625122070312,65.64116788478415,64.3792105844826,64.48999124414951,137310400
2019-12-13,66.26490020751953,66.30102352499274,65.248589228168,65.37622984964455,133587600
2019-12-16,67.39922332763672,67.62320261796066,66.70563351279964,66.71044750574998,128186000
2019-12-17,67.5317153930664,67.85924345020065,67.14397197438245,67.3294173549051,114158400
2019-12-18,67.37033081054688,67.89052873128885,67.22101616979477,67.38478014032236,116028400
2019-12-19,67.43777465820312,67.71714066290718,67.18009000136882,67.31254466282935,98369200
2019-12-20,67.2980728149414,68.07114122602003,67.08613954782287,67.96999593464518,275978000
2019-12-23,68.3962631225586,68.45647110065944,67.52204210459728,67.56057609253462,98572000
2019-12-24,68.4613037109375,68.61062571090498,68.13618642046343,68.5624563754821,48478800
2019-12-26,69.81958770751953,69.83644770700805,68.56485537418061,68.59375403067095,93121200
2019-12-27,69.79309844970703,70.79737094783557,69.38850252439819,70.11099839799601,146266000
2019-12-30,70.20732879638672,70.48910541724575,68.69009042144484,69.7112155576161,144114400
2019-12-31,70.72028350830078,70.72750817106555,69.72564661991683,69.82438857743935,100805600
2020-01-02,72.33386993408203,72.39407791515757,71.09117632272992,71.34404690340438,135480400
2020-01-03,71.63064575195312,72.38926493117573,71.40667380039741,71.56321309934685,146322800
2020-01-06,72.2013931274414,72.23992710936326,70.50353134989086,70.7539985575802,118387200
2020-01-07,71.86185455322266,72.46633779595872,71.6426965801033,72.21105649751387,108872000
2020-01-08,73.017822265625,73.31886213203573,71.56560624404386,71.56560624404386,132079200
2020-01-09,74.56880187988281,74.76146451044018,73.74275001069596,73.99320996049889,170108400
2020-01-10,74.73737335205078,75.30092656417412,74.23644614635045,74.8024026801614,140644800
2020-01-13,76.3341064453125,76.36060178633993,74.93487315391599,75.05288582822318,121532000
2020-01-14,75.30331420898438,76.48098568839895,75.18049494182533,76.2714631183451,161954400
2020-01-15,74.9806137084961,75.98247543934815,74.54952248725758,75.10344034713454,121923600
2020-01-16,75.91986083984375,76.03064882750155,75.1612416745226,75.52248959606675,108829200
2020-01-17,76.76036834716797,76.76277166888072,75.86206254796348,76.16791647174253,137816400
2020-01-21,76.24018096923828,76.83021490503033,76.10290497799846,76.38949561952354,110843200
2020-01-22,76.51229858398438,77.06379835057774,76.41837061392836,76.72422448512405,101832400
2020-01-23,76.88078308105469,76.96025438766408,76.01860061750638,76.56529382668359,104472000
2020-01-24,76.6592025756836,77.8681760847734,76.46894331412666,77.12641705620177,146537600
2020-01-27,74.405029296875,75.08416976822737,73.42484155700832,74.67234921705278,161940000
2020-01-28,76.50991821289062,76.68090687398296,75.18534222076916,75.28408422213496,162234000
2020-01-29,78.1114273071289,78.95674973344263,77.39856685210137,78.13792264122904,216229200
2020-01-30,77.99824523925781,78.05122856412287,76.76518678742532,77.19627805111793,126743200
2020-01-31,74.5398941040039,77.71164655303768,74.24607885109228,77.29019066933044,199588400
2020-02-03,74.33518981933594,75.4984048922783,72.78423148900761,73.28515870612867,173788400
2020-02-04,76.78926849365234,76.97952779146334,75.53212542449515,75.93672133535755,136616400
2020-02-05,77.4154281616211,78.21258127557842,76.81334832632962,77.91394467954083,118826800
2020-02-06,78.32096099853516,78.32337167005116,77.12884718583062,77.6851684350144,105425600
2020-02-07,77.25636291503906,78.06989154294402,76.76631409771366,77.82124622907054,117684000
2020-02-10,77.623291015625,77.623291015625,75.7644885208781,75.8441484328751,109348800
2020-02-11,77.15496063232422,78.19058359645562,76.93769897957516,78.11816550122239,94323200
2020-02-12,78.98724365234375,78.99206907115294,77.60399867366895,77.60399867366895,113730400
2020-02-13,78.42475128173828,78.75064746940821,78.05782062596876,78.26059867524006,94747600
2020-02-14,78.44407653808594,78.6927218682662,77.93712767417983,78.39337649475979,80113600
2020-02-18,77.00774383544922,77.18879652471752,75.94797855808011,76.12903124734841,152531200
2020-02-19,78.1230239868164,78.3523603305451,77.24914422153864,77.24914422153864,93984000
2020-02-20,77.321533203125,78.3716398349872,76.81700080414447,77.88400744802773,100566000
2020-02-21,75.57135009765625,77.35774159273006,74.95577422235982,76.91596913601705,129554000
2020-02-24,71.98170471191406,73.43012593023869,69.82114748147725,71.75961758398634,222195200
2020-02-25,69.54352569580078,73.03180965186876,69.07279323243056,72.6503953158895,230673600
2020-02-26,70.64674377441406,71.90928692764982,69.16211349223191,69.16935530367469,198054800
2020-02-27,66.0286865234375,69.04140503149553,65.89350114490772,67.85852928583456,320605600
2020-02-28,65.99006652832031,67.20915879544067,61.88862284247871,62.10347552395671,426510000
2020-03-02,72.1337661743164,72.76865844299596,67.04256816593558,68.14336733709636,341397200
2020-03-03,69.84288024902344,73.3866827671886,68.99313499680584,73.30702283331924,319475600
2020-03-04,73.08253479003906,73.2418620746846,70.7626493720485,71.56169482205198,219178400
2020-03-05,70.71192932128906,72.31242862903635,70.3474076125405,71.33957264179317,187572800
2020-03-06,69.77284240722656,70.20495666747604,67.88989834828591,68.07577636210152,226176800
2020-03-09,64.25438690185547,67.13191312620091,63.48913439783881,63.67018706247143,286744800
2020-03-10,68.882080078125,69.14762542571471,65.0268655374001,66.90257561810807,285290000
2020-03-11,66.4897689819336,67.88749740945617,65.62795665733853,66.96292517997638,255598800
2020-03-12,59.92359161376953,65.17894700154001,59.86806983845157,61.784814276675704,418474000
2020-03-13,67.10293579101562,67.57367559511492,61.06301877546382,63.94538103600016,370732000
2020-03-16,58.47034454345703,62.5428168089279,57.93684117686896,58.40757727472599,322423600
2020-03-17,61.041282653808594,62.187945473114404,57.550586794967394,59.749772593000145,324056000
2020-03-18,59.5469970703125,60.350871115595204,57.24159305699179,57.88131450093201,300233600
2020-03-19,59.09075927734375,61.036471254980725,58.56691402825116,59.720822675289355,271857200
2020-03-20,55.33934020996094,60.79264444451166,55.03999854094989,59.67011594836406,401693200
2020-03-23,54.16370391845703,55.16070158535809,51.32479999006741,55.05931255400759,336752800
2020-03-24,59.59769821166992,59.79323446043245,56.56084169108887,57.05813231967632,287531200
2020-03-25,59.269378662109375,62.34244368334185,58.97486614557388,60.53191772932418,303602000
2020-03-26,62.38832092285156,62.446255405203736,59.472166210481355,59.51079165439952,252087200
2020-03-27,59.8052978515625,61.767905586340525,59.63872886548187,61.01472792774082,204216800
2020-03-30,61.51203536987305,61.68343350383442,60.20604133587408,60.529524878595154,167976400
2020-03-31,61.38650131225586,63.3660094986333,60.8336888557072,61.70274302705608,197002000
2020-04-01,58.15652084350586,60.04188167908633,57.726822887688364,59.50596558883749,176218400
2020-04-02,59.126956939697266,59.18006600388776,57.188487147319506,58.018915768998035,165934000
2020-04-03,58.277217864990234,59.31283722451452,57.68819275537644,58.6127685713981,129880000
2020-04-06,63.36118698120117,63.515681414819454,60.20121554945302,60.568146275466354,201820400
2020-04-07,62.62731170654297,65.58933753055518,62.52350996388426,65.37206847487805,202887200
2020-04-08,64.23023986816406,64.54406151460887,63.061847651130236,63.42636197678972,168895200
2020-04-09,64.69373321533203,65.19585671097452,63.89952086210519,64.86513503536223,161834800
2020-04-13,65.96351623535156,66.07215077341053,64.17229875609489,64.77098217772529,131022800
2020-04-14,69.29487609863281,69.58456326372355,67.12224446160415,67.59298426311395,194994800
2020-04-15,68.66239166259766,69.1210568119712,67.74506136385055,68.17234288135833,131154400
2020-04-16,69.20796203613281,69.57248363661981,68.16027185080422,69.37453102131897,157125200
2020-04-17,68.2688980102539,69.27072829912615,66.83496081662895,68.72515410233876,215250000
2020-04-20,66.85187530517578,67.99854202997274,66.83256626499734,67.09811161151838,130015200
2020-04-21,64.78545379638672,66.92911797835283,64.07572694243713,66.69495629705587,180991600
2020-04-22,66.6514892578125,67.08601248995713,65.71001734346707,66.05038970065308,116862400
2020-04-23,66.39319610595703,68.01542772017612,66.35457066668404,66.59597413685326,124814400
2020-04-24,68.30994415283203,68.31960235496462,66.86876505886688,66.91704870248016,126161200
2020-04-27,68.35823059082031,68.68895219864656,67.58091104598891,68.02750161594408,117087600
2020-04-28,67.25019073486328,69.00036629064134,67.1584635837108,68.81931364694016,112004800
2020-04-29,69.45904541015625,69.92736888191205,68.53205667132409,68.73483476728254,137280800
2020-04-30,70.92433166503906,71.10055883816591,69.6086872641838,69.9973432879905,183064000
2020-05-01,69.78251647949219,72.17965163700352,69.00519685948858,69.1017567929507,240616800
2020-05-04,70.76985168457031,70.89779524622708,69.11865261133845,69.80665406694762,133568000
2020-05-05,71.83202362060547,72.66245223551824,71.08367131021836,71.2285148811078,147751200
2020-05-06,72.5731430053711,73.20320267035598,72.14827044329485,72.5321011645588,142333600
2020-05-07,73.32392120361328,73.66913392278244,72.89663951815068,73.19839399385799,115215200
2020-05-08,75.06912231445312,75.12237513838589,73.65551062741005,73.98228898395239,133838400
2020-05-11,76.25037384033203,76.74416477518758,74.36958632362644,74.57775917368724,145946400
2020-05-12,75.37895965576172,77.38319101183461,75.25793117438776,76.93296121988755,162301200
2020-05-13,74.46884155273438,76.47791927324582,73.39410778103768,75.55809815483286,200622400
2020-05-14,74.92632293701172,74.98683718466037,72.98744407851115,73.70877656980059,158929200
2020-05-15,74.48332977294922,74.52932117684874,72.6679029463599,72.70179445954508,166348400
2020-05-18,76.23825073242188,76.61102048338427,75.11511038710799,75.80497413426188,135178400
2020-05-19,75.7977294921875,77.0999898949941,75.76626090152799,76.25521336264156,101729600
2020-05-20,77.2718505859375,77.34204178986873,76.61587086677298,76.65460086911052,111504800
2020-05-21,76.69574737548828,77.67365953830173,76.45852890117943,77.1338698714014,102688800
2020-05-22,77.1895523071289,77.27185079219365,76.33266854723075,76.43432834001963,81803200
2020-05-26,76.66671752929688,78.4845606060167,76.61104175906425,78.30544078691085,125522000
2020-05-27,77.0007553100586,77.14599099987917,75.78563172544763,76.52391007078806,112945200
2020-05-28,77.03462982177734,78.29090607267398,76.4004417495467,76.67638285095582,133560800
2020-05-29,76.95960998535156,77.736610955793,76.60378586836536,77.2767040924692,153532400
2020-06-01,77.90605163574219,78.0270801430567,76.78290354210658,76.91361639836452,80791200
2020-06-02,78.2667007446289,78.29090791932163,77.19922860751555,77.63977407114822,87642800
2020-06-03,78.69757080078125,78.9589964979716,78.0149682866651,78.58622664893751,104491200
2020-06-04,78.01979064941406,78.81857555541607,77.6470209126839,78.52085026224736,87560400
2020-06-05,80.24188995361328,80.30240419943048,78.2400813612976,78.26912701737099,137250400
2020-06-08,80.71632385253906,80.75021537775042,79.23009773769596,79.93932296340279,95654400
2020-06-09,83.26518249511719,83.6573136410901,80.36534445233356,80.39681304328083,147712400
2020-06-10,85.40737915039062,85.87454732273147,83.77349462695621,84.21161714524366,166651600
2020-06-11,81.30693817138672,84.97652287764004,81.20527837641917,84.55292316229209,201662400
2020-06-12,82.0089111328125,84.18742419889422,80.90029328946143,83.44189186655679,200146000
2020-06-15,83.02312469482422,83.67425858934295,80.50331054070764,80.665491974399,138808800
2020-06-16,85.22342681884766,85.4945368687229,83.4418908130573,85.07335265810912,165428800
2020-06-17,85.10481262207031,86.02704912393895,84.98378413219785,85.96653487900272,114406400
2020-06-18,85.13870239257812,85.55504068464955,84.53113702208627,85.06124238777585,96820400
2020-06-19,84.65217590332031,86.3078449275457,83.54597361995395,85.84309961565448,264476000
2020-06-22,86.86698150634766,87.00979422869749,84.99830144840965,85.04429286253834,135445200
2020-06-23,88.72113037109375,90.13716495464834,87.68996543764521,88.10872660527849,212155600
2020-06-24,87.155029296875,89.26818923809188,86.78225950639512,88.35079128217394,192623200
2020-06-25,88.31208038330078,88.3508103921037,86.55232854521968,87.30996818337783,137522400
2020-06-26,85.5986099243164,88.42825657527817,85.45095132716905,88.20798383985682,205256800
2020-06-29,87.57138061523438,87.66578639039905,85.02978213117639,85.5066347136651,130646000
2020-06-30,88.30238342285156,88.58801627360432,87.14051287267962,87.15987418081895,140223200
2020-07-01,88.1353759765625,88.92206127344404,88.08696900587378,88.37985592496987,110737200
2020-07-02,88.1353759765625,89.67486242954287,88.02161627129679,89.04067423366814,114041600
2020-07-06,90.49301147460938,90.96017971455592,89.52962194946613,89.56109054157537,118655600
2020-07-07,90.21221923828125,91.6476154008952,90.10087509241899,90.87061453958542,112424400
2020-07-08,92.31326293945312,92.34473152661032,91.10055518911935,91.18769953716944,117092000
2020-07-09,92.71026611328125,93.25730998199144,91.6645779630297,93.20405713951583,125642800
2020-07-10,92.87242126464844,92.93051996359854,91.69602787555728,92.30600881208682,90257200
2020-07-13,92.44400024414062,96.77924249240976,92.2309888780557,94.17470651308925,191649200
2020-07-14,93.97379302978516,94.16501274371473,90.89482765300735,91.82674120591236,170989200
2020-07-15,94.62007141113281,96.09419752364778,93.42430934647335,95.84487913129125,153198000
2020-07-16,93.45577239990234,94.31023318785083,92.85789140298706,93.49450240060445,110577600
2020-07-17,93.26698303222656,94.06092970486094,92.79496892260524,93.90601706451432,92186800
2020-07-20,95.23249053955078,95.37046481228467,93.01040889370655,93.35413310853578,90318000
2020-07-21,93.91808319091797,96.09659542988256,93.66876486349388,96.02155837705527,103433200
2020-07-22,94.18195343017578,94.86213298167614,93.53324246932021,93.62037944003524,89001600
2020-07-23,89.89512634277344,93.99314942038049,89.08665688068213,93.91568941051719,197004400
2020-07-24,89.67243194580078,90.01615612762265,86.31267968652797,88.09664593771886,185438800
2020-07-27,91.79769897460938,91.88968182119616,90.50996128337569,90.73264959796012,121214000
2020-07-28,90.28968811035156,91.5459645894224,90.28484224245163,91.36926031193099,103625600
2020-07-29,92.02040100097656,92.20436670679456,90.73507876836658,90.77138584530584,90329200
2020-07-30,93.13383483886719,93.23791755492837,90.78830239250956,91.19495629734762,158130000
2020-07-31,102.88389587402344,103.03397001244983,97.62157236005555,99.61612680199143,374336800
2020-08-03,105.47632598876953,108.09053834247213,104.4645296144692,104.7622549635953,308151200
2020-08-04,106.18071746826172,107.26997389606046,104.94380243901392,105.6651349105181,173071600
2020-08-05,106.56558990478516,106.88510690463526,105.43760344433963,105.90235611566642,121776800
2020-08-06,110.28356170654297,110.77735994512233,106.30899078686637,106.89718739322298,202428800
2020-08-07,107.77620697021484,110.26176460572711,106.98082882286342,109.80587577731004,198045600
2020-08-10,109.34270477294922,110.35875275642206,106.69710077257369,109.21903076531765,212403600
2020-08-11,106.09085845947266,109.10504953060087,105.83138875527999,108.60794103965802,187902400
2020-08-12,109.6167221069336,109.87376452711321,106.98566715289093,107.17965891895842,165598000
2020-08-13,111.5566635131836,112.55816241863091,110.5066629686095,110.9940770606822,210082000
2020-08-14,111.45726013183594,111.54698151987802,109.65068105796512,111.38208775805406,165565200
2020-08-17,111.166259765625,112.60182410704658,110.54062998121614,112.57757328432733,119561600
2020-08-18,112.09257507324219,112.51693852673742,110.58426581680665,110.91890789561272,105633600
2020-08-19,112.23322296142578,113.64453639963617,112.13865437861999,112.49996719549999,145538000
2020-08-20,114.72362518310547,114.8375973733061,112.2574641314498,112.27444044495672,126907200
2020-08-21,120.6356201171875,121.11817961837231,115.6693525872738,115.6814742972318,338054800
2020-08-24,122.07844543457031,124.91804835697145,120.21609797723066,124.83316679017967,345937600
2020-08-25,121.07695770263672,121.42130160395935,119.35768029886763,120.95329109467639,211495600
2020-08-26,122.72349548339844,123.17938430241111,121.32673099966804,122.39128067814039,163022400
2020-08-27,121.25639343261719,123.657076446734,120.11424426928406,123.32486169573068,155552400
2020-08-28,121.05999755859375,122.64589926041506,120.83690034715939,122.22881026536905,187630000
2020-08-31,125.16537475585938,127.06652934071126,122.21666180862303,123.74922172483744,225702700
2020-09-01,130.15109252929688,130.7524864197246,126.61069366744442,128.773731349047,151948100
2020-09-02,127.45447540283203,133.83690097727634,123.18659914787672,133.45861201286266,200119000
2020-09-03,117.25041961669922,124.97140947448622,116.88183227033254,123.09936731503697,257599600
2020-09-04,117.32801055908203,119.98573625952378,107.56037630423063,116.46473461185484,332607200
2020-09-08,109.43243408203125,115.41717011939836,109.2966383541402,110.52850171438395,231366600
2020-09-09,113.79730987548828,115.56266164657546,111.79916649731042,113.73911382379356,176940500
2020-09-10,110.08231353759766,116.8818312711873,109.12204164322466,116.74603554472291,182274400
2020-09-11,108.63704681396484,111.77006490232608,106.69709954942977,111.12987875287997,180860300
2020-09-14,111.8961410522461,112.44902563888213,109.413011315819,111.27535861813932,140150100
2020-09-15,112.07075500488281,115.26196916143692,110.1987055878256,114.7769823425134,184642000
2020-09-16,108.76314544677734,112.51694623083202,108.6758513682307,111.77006975767836,154679000
2020-09-17,107.02687072753906,108.83102200073318,105.44581661191643,106.42549190334795,178011000
2020-09-18,103.6319808959961,107.5506753180143,102.9045006607274,107.08509211161683,287104900
2020-09-21,106.77470397949219,106.88140167582651,100.0042844680874,101.40104892896447,195713800
2020-09-22,108.45274353027344,109.47121874863322,105.88231946545223,109.29662320835186,183055400
2020-09-23,103.90357208251953,108.74373815268274,103.56407541081022,108.26845317272523,150718700
2020-09-24,104.97056579589844,106.93961142539536,101.847248976567,102.01214274645399,167743300
2020-09-25,108.90864562988281,109.06384497371614,104.4370662899755,105.17424837255975,149981400
2020-09-28,111.5081787109375,111.85736984450415,109.39363569114487,111.55668035738763,137672400
2020-09-29,110.6642837524414,111.84765272079834,110.15990073985728,111.1104781178147,99382200
2020-09-30,112.33265686035156,113.7391232285353,110.20841939441779,110.3733131547286,142675200
2020-10-01,113.2832260131836,114.18530182393523,112.35205217632898,114.10770215411938,116120400
2020-10-02,109.62642669677734,111.90587086149135,108.85045216012577,109.50033277715342,144712000
2020-10-05,113.00190734863281,113.14740484674029,110.1404886205297,110.48967965586358,106243800
2020-10-06,109.76222229003906,112.63334341918222,108.87954271233731,112.22594886007512,161498200
2020-10-07,111.62457275390625,112.08046156708008,110.70309331868141,111.17838574960963,96849000
2020-10-08,111.51788330078125,112.90494606027923,111.14928853931941,112.75944851761336,83477200
2020-10-09,113.45781707763672,113.48691510258755,111.46936816913343,111.81855926916633,100506900
2020-10-12,120.66471862792969,121.42129686008033,115.69845107798898,116.45502931013961,240226800
2020-10-13,117.46380615234375,121.62499394990238,116.05734733652297,121.50859444916024,262330500
2020-10-14,117.55110931396484,119.33585728240598,116.02825097556021,117.36681195189107,150712000
2020-10-15,117.08551025390625,117.56079523723751,114.60238025084043,115.15526489684527,112559200
2020-10-16,115.44625091552734,117.90029026113083,115.24255735409358,117.63839325335097,115393800
2020-10-19,112.4975357055664,116.80421323996534,112.18714446524658,116.358026294525,120639300
2020-10-20,113.98161315917969,115.4074757022461,112.15805784138063,112.71094256212962,124423700
2020-10-21,113.36082458496094,115.14557257156684,112.9534300225298,113.16682541230045,89946000
2020-10-22,112.27445983886719,114.49570058030427,111.14928675399084,113.92341222842757,101988000
2020-10-23,111.58577728271484,113.05043966735408,110.84859518576691,112.89524032049677,82572600
2020-10-26,111.595458984375,113.05041929759861,109.49061077367527,110.58668561250266,111850700
2020-10-27,113.09893035888672,113.75851276167866,111.10078693291935,112.02225897491293,92276800
2020-10-28,107.8610610961914,111.96405267029793,107.76406521649079,111.59546536731106,143937800
2020-10-29,111.85736083984375,113.41901900582575,108.83104039265947,108.99594153712782,146129200
2020-10-30,105.59132385253906,108.62733847489969,104.48555457025763,107.72526275511105,190272600
2020-11-02,105.5040283203125,107.35668150297613,104.09756951905206,105.83382320217856,122866900
2020-11-03,107.1239013671875,108.14236934595198,105.46524717293197,106.3673230400161,107624400
2020-11-04,111.49845123291016,112.1192336829344,108.97652160464787,110.71277506341616,138235500
2020-11-05,115.4559555053711,116.02824377297978,113.3608163942021,114.40838224963099,126387100
2020-11-06,115.32479858398438,115.82033327578648,112.83737692583377,114.96528648231298,114457900
2020-11-09,113.02200317382812,118.53124107554257,112.75966168887598,117.08348880826458,154515300
2020-11-10,112.68192291259766,114.25598657554706,110.8940882741732,112.27383288243148,138023400
2020-11-11,116.10210418701172,116.23813418126791,113.13858512576901,113.86732041488949,112295000
2020-11-12,115.83003234863281,117.11260602974937,115.20817889191434,116.22841115754073,103162300
2020-11-13,115.87861633300781,116.27698772427065,114.52802767720522,116.05351307902214,81581900
2020-11-16,116.88912963867188,117.55956098518271,114.80008723878368,115.5482521194945,91183000
2020-11-17,116.00495910644531,117.2486663416219,115.58715051215194,116.16042621738232,74271000
2020-11-18,114.68348693847656,116.42273584755772,114.65433871642078,115.24704394181461,76322100
2020-11-19,115.27620697021484,115.68429695756758,113.49809106564801,114.25597458875419,74113000
2020-11-20,114.01306915283203,115.40252482669361,113.96449124482857,115.27621337018954,73604300
2020-11-23,110.62200927734375,114.28512261237464,110.52484606012634,113.85759556092404,127959300
2020-11-24,111.90457916259766,112.56529939521855,109.39772821414678,110.68030932430327,113874200
2020-11-25,112.740234375,113.43982161301038,111.90461710882988,112.27384782504679,76499200
2020-11-27,113.28433990478516,114.15882383972767,112.92483519653295,113.26491022315516,46691300
2020-11-30,115.6745834350586,117.54014397849063,113.49808872130923,113.65355580646789,169410200
2020-12-01,119.24053955078125,119.9692749139944,116.60737666127397,117.57902381222483,127728200
2020-12-02,119.59033203125,119.87211059203429,117.46242241782213,118.56038101970898,89004200
2020-12-03,119.45428466796875,120.27046459048226,118.74497909552679,120.01783429457547,78967600
2020-12-04,118.78388214111328,119.3765875857432,118.07457635205301,119.1239572126844,78260400
2020-12-07,120.24132537841797,121.03807568238211,118.78385476777048,118.84215122001115,86712000
2020-12-08,120.85346221923828,121.43645640289948,119.6000365852931,120.84375108576852,82225500
2020-12-09,118.32717895507812,122.37894545635208,117.5692954268489,120.99920839659741,115089200
2020-12-10,119.74577331542969,120.35791566525569,116.74338766599487,117.08346263085474,81312200
2020-12-11,118.93932342529297,119.27939842297663,117.13205925122674,118.95875310526962,86939800
2020-12-14,118.32717895507812,119.85266455789507,118.09398573402578,119.12392925566253,79184500
2020-12-15,124.25422668457031,124.27366377761385,120.61055011219938,120.81459511068267,157243700
2020-12-16,124.18622589111328,124.73034594931227,122.97166689471923,123.79757294273104,98208600
2020-12-17,125.05098724365234,125.90604149372504,124.40969655609783,125.24531371153455,94359800
2020-12-18,123.06883239746094,125.43965383144652,122.54414204339464,125.3036238225863,192541500
2020-12-21,124.59432220458984,124.67205576340992,119.94984955475292,121.47533543446605,121251600
2020-12-22,128.14080810546875,130.599073771845,125.9740246713456,127.8784592702847,168904800
2020-12-23,127.2469253540039,128.67523311498164,127.07202114631367,128.41289904268606,88223700
2020-12-24,128.22828674316406,129.67604646021374,127.38295839338778,127.59672197110412,54930100
2020-12-28,132.814453125,133.44601785068772,129.72460743607215,130.1910087492954,124486200
2020-12-29,131.04600524902344,134.8548591025245,130.53103360723338,134.135849925918,121047300
2020-12-30,129.9286346435547,132.13427742745725,129.6177004950943,131.735898609551,96452100
2020-12-31,128.92782592773438,130.91970498226274,127.98532727499882,130.27841448791915,99116600
2021-01-04,125.74085998535156,129.82177500940742,123.16599358092327,129.73433032505793,143301900
2021-01-05,127.29547882080078,128.00479186519019,124.78862757117713,125.23559175221487,97664900
2021-01-06,123.010498046875,127.33433126965235,122.79673453932533,124.09874526118351,155088000
2021-01-07,127.20806121826172,127.89793731653697,124.23482288794177,124.72064653214206,109578200
2021-01-08,128.30604553222656,128.86960281828667,126.53764010084866,128.67526147221116,105158200
2021-01-11,125.32304382324219,126.47930629071162,124.85665734789745,125.52709624591981,100384500
2021-01-12,125.14815521240234,126.01292057820679,123.26315737935117,124.85665810373773,91951100
2021-01-13,127.17888641357422,127.72300640920702,124.84693933910279,125.10927337732423,88636800
2021-01-14,125.25503540039062,127.28577434890036,125.1092794348303,127.09144788764522,90221800
2021-01-15,123.53522491455078,126.52790008179282,123.39919489904703,125.12872573594878,111598500
2021-01-19,124.20565032958984,125.0607045202907,123.34088500532488,124.15706500945309,90757300
2021-01-20,128.28656005859375,128.73352422939956,124.90523244341398,125.0121142129877,104319500
2021-01-21,132.98934936523438,135.7099645282226,129.80234769109845,130.0064001294405,120150900
2021-01-22,135.12698364257812,135.88486727485233,131.19180950505606,132.41607964346215,114459400
2021-01-25,138.86782836914062,140.97630120112478,132.66871393860882,139.013584357772,157611700
2021-01-26,139.1010284423828,140.20870575076052,137.36177150504042,139.528555618627,98390600
2021-01-27,138.0321807861328,140.20867556656404,136.4289690465183,139.36333253146313,140843800
2021-01-28,133.20314025878906,137.96422147707514,132.82419836085404,135.56425118143247,142621100
2021-01-29,128.218505859375,132.86297592840143,126.51812412371443,131.9787738675814,177523800
2021-02-01,130.3367156982422,131.54156320206033,127.2177225988055,129.95777399701672,106239800
2021-02-02,131.16262817382812,132.44519444855226,130.7933975854858,131.8816374338767,83305400
2021-02-03,130.14239501953125,131.92051071941538,129.82174974648763,131.91078476116337,89880900
2021-02-04,133.4945831298828,133.5042942626405,130.7739685158837,132.43549143917588,84183100
2021-02-05,133.08106994628906,133.72331912038942,132.20528641674758,133.6552098828253,75693800
2021-02-08,133.22698974609375,133.27564766652046,131.29051736028654,132.37065786118401,71297200
2021-02-09,132.35118103027344,134.1708861386868,132.19549648512387,132.94477197557092,76774200
2021-02-10,131.7478790283203,133.3048434386966,130.78450562896475,132.80855342312873,73046600
2021-02-11,131.494873046875,132.72097244544923,130.17145780866096,132.24414858851415,64280000
2021-02-12,131.7283935546875,131.88409294253404,130.09359452723146,130.7358433658653,60145100
2021-02-16,129.60702514648438,132.3511559058319,129.21777673672364,131.84515524560578,80576300
2021-02-17,127.32026672363281,128.66314806479286,125.98712587517291,127.7192408682256,97918500
2021-02-18,126.2206802368164,126.50287241895496,123.98254952435698,125.72439023440656,96856700
2021-02-19,126.37638854980469,127.19380316380035,125.33518012530345,126.7364453512212,87668800
2021-02-22,122.61046600341797,126.23039523519333,122.22122494397281,124.56638952046134,103916400
2021-02-23,122.47425079345703,123.30138352656303,115.20519947854247,120.43074421044315,158273000
2021-02-24,121.97795867919922,122.18230857916163,118.94189453786483,121.57899194807914,111039900
2021-02-25,117.73524475097656,123.05809741548158,117.29735317502876,121.32598240071049,148199500
2021-02-26,117.99800109863281,121.49142336780443,117.93961010314024,119.29221728289741,164560400
2021-03-01,124.35234832763672,124.48858162243674,119.48685230147123,120.42102664759607,116307900
2021-03-02,121.75415802001953,125.25731317881322,121.6471165286429,124.95565484356455,102260900
2021-03-03,118.7764663696289,122.32827934815643,118.56238339310273,121.45248872789318,112966300
2021-03-04,116.89838409423828,120.27503892466773,115.42900990064756,118.47480719948628,178155000
2021-03-05,118.15367889404297,118.65969453198089,114.40724922583529,117.72552038212189,153766600
2021-03-08,113.22978210449219,117.74496014762576,113.0838157930319,117.6768435254983,154376600
2021-03-09,117.83255767822266,118.77646492277744,115.5944343694315,115.82797605727136,129525800
2021-03-10,116.75244140625,118.88352353506721,116.23669261108125,118.4164400921035,111943300
2021-03-11,118.67916107177734,119.89553490297892,117.99799469596714,119.24356031125248,103026500
2021-03-12,117.77417755126953,117.91041082516712,115.9544870681418,117.16112781873039,88105100
2021-03-15,120.65454864501953,120.6642817142442,117.18058534747087,118.14395874848536,92403800
2021-03-16,122.19204711914062,123.79766203262986,121.36491441345117,122.31854732264155,115227900
2021-03-17,121.4038314819336,122.47423888090718,119.04892629520441,120.71293209328559,111932600
2021-03-18,117.28763580322266,119.86634995731801,117.08328587882134,119.57441725151209,121229700
2021-03-19,116.76215362548828,118.16341864155612,116.46049529392347,116.67457827406234,185549500
2021-03-22,120.07069396972656,120.5377847911862,117.024896545298,117.0930131834112,111912300
2021-03-23,119.24353790283203,120.89780303273159,118.85429686516294,120.0122869105858,95467100
2021-03-24,116.85945892333984,119.59387224546333,116.84000020937296,119.51602254128295,88530500
2021-03-25,117.34600067138672,118.3872236915313,115.7987768800299,116.32425121223295,98844700
2021-03-26,117.9493408203125,118.21208173439534,115.72094299418823,117.11247500179746,94071200
2021-03-29,118.12448120117188,119.28247132989765,117.48223975334861,118.37748900748083,80819200
2021-03-30,116.67456817626953,117.16111766205535,115.66254435493632,116.87891806940085,85671900
2021-03-31,118.86405181884766,120.19719278132602,117.89095275757859,118.37750228821312,118323800
2021-04-01,119.69117736816406,120.83943448866229,119.19489479787379,120.33342627373456,75089100
2021-04-05,122.5131607055664,122.76616851425374,119.75928886344587,120.53777100210417,88651200
2021-04-06,122.81482696533203,123.71007628588559,122.26989388745704,123.09702657327624,80171300
2021-04-07,124.45936584472656,124.47882455845117,121.7736104771957,122.4450511751175,83466700
2021-04-08,126.85319519042969,126.88238697462579,125.0626964676061,125.48112193995918,88844600
2021-04-09,129.4221649169922,129.4610823431084,125.987126690143,126.3082511367721,106686700
2021-04-12,127.70951080322266,129.276200697575,127.11591985323048,128.95507626413877,91420000
2021-04-13,130.8136749267578,131.0374983592836,128.3809277339075,128.8772176641677,91266500
2021-04-14,128.478271484375,131.36837696548068,128.1182295730411,131.3099933958929,87222800
2021-04-15,130.8817901611328,131.3683395669363,130.04492458921848,130.22009009642866,89347100
2021-04-16,130.55096435546875,131.04723949609195,129.69463249088383,130.6871976204425,84922400
2021-04-19,131.21263122558594,131.82568818645717,129.7529831079371,129.91840811280696,94264200
2021-04-20,129.5292205810547,131.88411859918818,128.2641887932471,131.38784340823202,94812300
2021-04-21,129.90870666503906,130.15198139662152,127.76789199677557,128.79937448295544,68847100
2021-04-22,128.39068603515625,130.54122653689166,127.8749447465964,129.46108603950333,84566500
2021-04-23,130.7066650390625,131.4851323617936,128.60476763173878,128.60476763173878,78657500
2021-04-26,131.09588623046875,131.42673629598994,129.96708793224363,131.20292770440926,66905100
2021-04-27,130.77479553222656,131.76736083305914,130.5023289552631,131.3781122600293,66015800
2021-04-28,129.98655700683594,131.38782184344353,129.50000754125335,130.69691506905932,107760100
2021-04-29,129.88925170898438,133.38268843991688,128.886960916459,132.79882309453924,151101000
2021-04-30,127.92359924316406,129.96709820494203,127.54409123252586,128.23498319758693,109839500
2021-05-03,128.97457885742188,130.46343449499585,128.28368664714853,128.48802919169574,75135100
2021-05-04,124.41070556640625,127.95279275381809,123.29164023246338,127.66086008438737,137564700
2021-05-05,124.65399169921875,126.94076551104096,124.5274840738415,125.72439172337612,84000900
2021-05-06,126.2498550415039,126.25958068498952,123.71005892640017,124.44961615985031,78128300
2021-05-07,126.92247772216797,127.94595553024823,126.21089797889388,127.54631847239045,78973300
2021-05-10,123.64727020263672,126.26934761190338,123.6082792363769,126.14263998590019,88071200
2021-05-11,122.73101806640625,123.08192191649415,119.67029018955704,120.38186236478138,126142800
2021-05-12,119.67029571533203,121.49308457084182,119.16342796467423,120.28439421406758,112172300
2021-05-13,121.81475067138672,122.96495825371117,121.12267768901388,121.43459801116457,105861300
2021-05-14,124.23212432861328,124.66101753625983,122.67252280548946,123.06242504546209,81918000
2021-05-17,123.08192443847656,123.72526428981506,122.00969878967952,123.61804098125864,74244600
2021-05-18,121.6977767944336,123.78374532662899,121.62954445690447,123.36460169987382,63342900
2021-05-19,121.54183959960938,121.76602841409178,119.75804150303334,120.05047010261795,92612000
2021-05-20,124.09566497802734,124.49531683623646,121.94146411990351,122.06818662946591,76857100
2021-05-21,122.26315307617188,124.76826561168578,122.04870642976888,124.59280994069861,79295400
2021-05-24,123.8909683227539,124.70976380781524,122.76025995557121,122.82849229292907,63092900
2021-05-25,123.6960220336914,125.08017543327662,123.1306641265909,124.59279202902988,72009500
2021-05-26,123.64727020263672,124.17363709199465,123.22812661130169,123.75449350065962,56575900
2021-05-27,122.11691284179688,124.41732784538095,121.92196544288971,123.24762857840483,94625600
2021-05-28,121.46382904052734,122.6237861257757,121.40534630909178,122.3995899273286,71311100
2021-06-01,121.14217376708984,122.18515807859856,120.81076166659518,121.92197831860382,67637100
2021-06-02,121.90248107910156,122.07793673418138,120.91798692698966,121.14217571934485,59278900
2021-06-03,120.42085266113281,121.6977752920281,120.02120080570538,121.53206925104124,76229200
2021-06-04,122.7115249633789,122.97471215998662,120.72303005127523,120.93747667465416,75169300
2021-06-07,122.72126007080078,123.13065406520676,121.67827588309044,122.98443979955707,71057600
2021-06-08,123.54005432128906,125.21663622404847,123.02343700167279,123.4035896495703,74403800
2021-06-09,123.92021179199219,124.52456067367201,123.32561251203367,123.99819373222839,56877900
2021-06-10,122.92596435546875,124.95345011953233,122.76025831506651,123.81298472926724,71186400
2021-06-11,124.13465118408203,124.22238272093318,122.91621132668672,123.33535493510138,53522400
2021-06-14,127.18562316894531,127.24410590291394,123.8617230721818,124.59278699385679,96906500
2021-06-15,126.36686706542969,127.302635665895,126.12317902998467,126.65929568267117,62746300
2021-06-16,126.86392974853516,127.58525137205336,125.21661184407183,127.0783763157019,91815000
2021-06-17,128.46250915527344,129.20332990380118,126.37654128828882,126.52276295506476,96721700
2021-06-18,127.16614532470703,128.1896229684165,126.95169870686416,127.40983331102534,108953300
2021-06-21,128.9596710205078,129.066894317528,125.94769141357571,127.01016734634604,79663300
2021-06-22,130.59727478027344,130.69475593415476,128.2968593599112,128.79399242175575,74783600
2021-06-23,130.32432556152344,130.92868185123652,129.8661909803765,130.39256533356104,60214200
2021-06-24,130.04165649414062,131.240597184488,129.5737648661965,131.05539194095186,68711000
2021-06-25,129.74923706054688,130.50954241745376,129.4568084909208,130.09040620403312,70783700
2021-06-28,131.3770294189453,131.83516389556277,129.9831416645566,130.04162438522602,62111300
2021-06-29,132.88790893554688,133.043872786454,130.95790461954863,131.39653993588485,64556100
2021-06-30,133.5020294189453,133.9406648079474,132.43953852296474,132.73196707347742,63261400
2021-07-01,133.80418395996094,133.86266668828733,132.33229922059724,133.15110203776288,52485800
2021-07-02,136.42625427246094,136.46523779604922,134.272046474327,134.41825327969627,78852600
2021-07-06,138.4342498779297,139.53570925876045,136.53348691022637,136.53348691022637,108181800
2021-07-07,140.9198760986328,141.231788943126,139.05809657469072,139.91586805219615,104911600
2021-07-08,139.6234588623047,140.42274763655988,137.11833949517367,138.00536723887996,105575500
2021-07-09,141.4462890625,141.97264869395812,139.04839216165382,139.14587332881246,99890800
2021-07-12,140.85162353515625,142.62567880479006,140.364247675173,142.5184555206525,76299700
2021-07-13,141.96286010742188,143.7369156295679,140.00361422588887,140.39350901995923,100827100
2021-07-14,145.3842315673828,145.79364043052715,143.95134516697595,144.3607540301203,127050800
2021-07-15,144.7311553955078,146.21278242197315,143.37625087333885,145.47197634550716,106820300
2021-07-16,142.69395446777344,145.9788641734468,142.196836268165,144.71169838540143,93251400
2021-07-19,138.85340881347656,140.43251704679776,138.0931035014654,140.12058929133983,121434600
2021-07-20,142.45997619628906,143.3860023478585,139.35053030452949,139.83790622702588,96350000
2021-07-21,141.7288818359375,142.44046123871172,140.9783337856304,141.85560430806734,74993500
2021-07-22,143.0935821533203,144.4582288663732,142.12857241610413,142.25529492286392,77338200
2021-07-23,144.80917358398438,144.9651374939281,143.21058069090384,143.8246792903466,71447400
2021-07-26,145.228271484375,146.04705940106285,143.97083337261068,144.52644902049065,72434100
2021-07-27,143.06436157226562,145.44275893789174,141.87516288945258,145.35501995009983,104818600
2021-07-28,141.31951904296875,143.25928057886588,138.94112214929507,141.15381301329907,118931200
2021-07-29,141.96286010742188,142.8498878684949,140.92962551695572,141.03684881635502,56699500
2021-07-30,142.1772918701172,142.63542638578699,140.4714762953773,140.73466343435456,70440600
2021-08-02,141.84588623046875,143.23977416644965,141.5826990796388,142.66467417357075,62880000
2021-08-03,143.6394500732422,144.30227426975748,141.51448305654833,142.12858155366985,64786600
2021-08-04,143.2397918701172,144.058579914417,142.58670986762564,143.5517196242508,56368300
2021-08-05,143.34701538085938,144.107320690727,142.47948676454712,143.26903344221475,46397700
2021-08-06,142.6636962890625,143.6106236198985,142.16583326910765,142.8687074712915,54126800
2021-08-09,142.6148681640625,143.21035833317768,142.05843483321482,142.72225212556916,48908700
2021-08-10,142.1365203857422,144.19632898598317,141.84365370926938,142.95653516321173,69023100
2021-08-11,142.39031982421875,143.22986295766566,142.0681679932176,142.57580253562702,48493500
2021-08-12,145.34825134277344,145.50444888855472,142.37080079552103,142.7124810649403,72282600
2021-08-13,145.55325317382812,145.88516176552068,144.74299521470792,145.42634081402107,59375000
2021-08-16,147.5251922607422,147.59353426907154,142.9858112009547,145.0065628373872,103296000
2021-08-17,146.61734008789062,148.07188700426227,145.5435005089824,146.6563820290242,92229700
2021-08-18,142.8784637451172,147.13475089008148,142.67345256358962,146.23663716721276,86326000
2021-08-19,143.21035766601562,144.4794367790495,141.06269334170713,141.5800847276963,86960300
2021-08-20,144.6649169921875,144.96754045087513,143.28845394220284,143.93275769698107,60549600
2021-08-23,146.14874267578125,146.6173203855108,144.3720292286724,144.78203658666285,60131800
2021-08-24,146.06089782714844,147.27140659304087,145.60207679709836,145.89494350289067,48606400
2021-08-25,144.8308563232422,146.74423897086186,144.28417982272728,146.24636116832204,58991300
2021-08-26,144.03036499023438,145.57278230599707,144.00107981111,144.82110951404735,48597200
2021-08-27,145.065185546875,145.2116114656549,143.33728522616812,143.97181740197544,55802400
2021-08-30,149.47764587402344,149.83885461039787,145.07493307828,145.45565533870288,90956700
2021-08-31,148.2183074951172,149.16523456794167,147.69114453920625,149.02856544896787,86453100
2021-09-01,148.8821258544922,151.293371319359,148.71617155840954,149.1945209265185,80313700
2021-09-02,149.9950408935547,151.03959539227287,148.7747752992504,150.20980882981786,71115500
2021-09-03,150.62954711914062,150.9516989362315,149.44832378980732,150.10238418360416,57808700
2021-09-07,152.9626922607422,153.5191254698615,150.71740121777114,151.2836060822293,82278300
2021-09-08,151.42031860351562,153.30440154284446,150.31719373274197,153.24583117728486,74420200
2021-09-09,150.40505981445312,152.3965266648195,150.28790419091163,151.79127971049815,57305700
2021-09-10,145.42637634277344,151.78151431271888,145.1627947987088,151.31293648668662,140893200
2021-09-13,145.99258422851562,147.81809686029018,145.21161123932484,147.04689552955006,102404300
2021-09-14,144.5965576171875,147.4763957492906,143.4153491043727,146.7735217186003,109296300
2021-09-15,145.48495483398438,145.88520555365383,142.88822588135704,145.02613374476746,83281300
2021-09-16,145.25062561035156,145.42635157507343,143.71798000246844,144.90896023332135,68034100
2021-09-17,142.58558654785156,145.27994241453277,142.29271983680104,145.27994241453277,129868800
2021-09-20,139.53977966308594,141.39457695669392,137.90950701335717,140.37932278347847,123478900
2021-09-21,140.01817321777344,141.1603551264203,139.38364095370108,140.50627954269768,75834000
2021-09-22,142.3805694580078,142.94675948187773,140.28170408222925,141.01386330488788,76404300
2021-09-23,143.33726501464844,143.581318108749,142.1755699033987,143.16153904107028,64838200
2021-09-24,143.42510986328125,143.96202960944674,142.09746053449825,142.1950877231893,53477900
2021-09-27,141.91195678710938,142.48793328173883,140.39883985731234,142.0095839613355,74150700
2021-09-28,138.5343017578125,141.30674132874793,138.31953384357482,139.8424227657557,108972300
2021-09-29,139.43240356445312,141.0138627120859,138.6514307510702,139.08096654322168,74602000
2021-09-30,138.13404846191406,140.9455448156453,137.9192805517919,140.2426707272125,89056700
2021-10-01,139.25668334960938,139.5202648503588,135.80089824481317,138.52452409983053,94639600
2021-10-04,135.83016967773438,138.8271483868743,134.98086980059804,138.38784096480848,98322000
2021-10-05,137.7533416748047,138.85646652806082,136.04496985928344,136.17188224652747,80861100
2021-10-06,138.6221160888672,138.7685419433114,135.0784614531743,136.15230070514616,83221100
2021-10-07,139.8814239501953,140.7893089405512,139.3249908042086,139.65689934011746,61732700
2021-10-08,139.500732421875,140.7502829805711,139.16882381318146,140.60385709315267,58773200
2021-10-11,139.41290283203125,141.3653278052875,138.43669034540312,138.88575464341304,64452200
2021-10-12,138.14376831054688,139.8423827196876,137.68494743386773,139.82285430694407,73035900
2021-10-13,137.5580596923828,138.03639411972742,135.88873033671427,137.8802114942071,78762700
2021-10-14,140.3402862548828,140.45744186952987,138.1438084019397,138.72954178771872,69907100
2021-10-15,141.39459228515625,141.45316264244676,140.0962280805495,140.35005282323274,67940300
2021-10-18,143.06393432617188,143.347029376178,139.75457479053856,140.03766984054468,85589200
2021-10-19,145.22134399414062,145.62159463310732,143.06392303976392,143.51297237963328,76378900
2021-10-20,145.7094268798828,146.1877762179813,144.5965455732881,145.1627504339508,58418800
2021-10-21,145.92417907714844,146.0803765865811,144.3524770160413,145.27011876419027,61421000
2021-10-22,145.15301513671875,146.6075619891813,145.1042015405824,146.12922747617256,58883400
2021-10-25,145.10418701171875,145.8168177773373,144.10844635434742,145.14322894722775,50720600
2021-10-26,145.76805114746094,147.25188335627817,145.46541277347194,145.77780790953028,60893400
2021-10-27,145.3092041015625,146.16826078037482,144.95776708428832,145.80706700277705,56094900
2021-10-28,148.94070434570312,149.52642273545615,146.15849358297356,146.25612076250718,100077900
2021-10-29,146.2366180419922,146.373287179863,142.92725865743117,143.7179883048137,124953200
2021-11-01,145.41664123535156,146.13902905476453,144.28423099930296,145.44592642285087,74588300
2021-11-02,146.45138549804688,147.96451766703325,145.11396440756303,145.12373606469237,69122000
2021-11-03,147.8863983154297,148.35497602206758,146.25612565424197,146.8125588879088,54511500
2021-11-04,147.36903381347656,148.80405236999567,147.05663868837075,147.9742807485948,60394600
2021-11-05,147.89694213867188,148.79636649786093,146.70422366033108,148.49330137784227,65463900
2021-11-08,147.07571411132812,148.18044870579655,146.80197694204415,148.02402320404659,55020900
2021-11-09,147.4374542236328,148.0435844748696,146.70422637098488,146.8410949734435,56787900
2021-11-10,144.61209106445312,146.77267581374304,144.54366421842147,146.6651351263565,65187100
2021-11-11,144.56317138671875,146.0882826457482,144.37741797894228,145.6288070022433,41000000
2021-11-12,146.63580322265625,147.03662312152338,144.18192440007093,145.11067671997742,63804000
2021-11-15,146.6455535888672,148.48351596746593,146.08829332480207,147.00727451410145,59222800
2021-11-16,147.6232147216797,148.1022623119589,146.0003334167105,146.5869216938867,59256200
2021-11-17,150.05751037597656,151.53373689410836,147.61341784542643,147.62318884522813,88807000
2021-11-18,154.3395538330078,155.12166644396783,149.62735108476016,150.27259510761894,137827700
2021-11-19,156.9596710205078,157.41916174351337,153.02956490955935,154.1245139086052,117305600
2021-11-22,157.4191131591797,161.9944471367291,157.39955624235793,158.06434223873075,117467900
2021-11-23,157.8004150390625,158.18169292863084,155.502961782972,157.51689191338718,96041900
2021-11-24,158.31857299804688,158.5140974575523,156.07000441983408,157.1551823252834,69463600
2021-11-26,153.3032989501953,156.8618980401627,152.86336515925657,156.00158738073347,76959800
2021-11-29,156.6565399169922,157.5852919747901,155.23895449884512,155.80598568259293,88748200
2021-11-30,161.60342407226562,161.8185054389282,156.34373142534065,156.41217318635103,174048100
2021-12-01,161.08529663085938,166.49162952296948,160.85065831650064,163.7346852701077,152052500
2021-12-02,160.0978240966797,160.52798674829987,154.27111613625055,155.19009727061072,136739200
2021-12-03,158.22079467773438,161.271032766341,156.14820866843903,160.3520514474846,118023100
2021-12-06,161.62295532226562,164.12570364495514,160.60620449270007,160.61597549233863,107497000
2021-12-07,167.35189819335938,167.74296195252498,164.5754126322905,165.29886939857903,120405400
2021-12-08,171.16468811035156,172.02501344578044,166.8826332677211,168.280661937793,116998900
2021-12-09,170.6563262939453,172.79735388590385,170.03063915946248,170.9985052389604,108923700
2021-12-10,175.43695068359375,175.61293309472177,170.78340409261324,171.29177949219212,115402700
2021-12-13,171.8099365234375,178.0570365302883,171.6046261840087,177.06961358561998,153237000
2021-12-14,170.4314422607422,173.76518766396276,168.3588568100855,171.33086641701877,139380400
2021-12-15,175.2903289794922,175.48585340924998,168.4566405154073,171.19402728468987,131063300
2021-12-16,168.4077911376953,177.08921488839127,166.93156422700537,175.27080896540932,150185800
2021-12-17,167.31277465820312,169.59067037342322,165.89520416900396,166.1298274724243,195432700
2021-12-20,165.9539031982422,166.76534380811088,163.71512072913166,164.51677542044033,107499100
2021-12-21,169.12147521972656,169.32677069078633,165.3380088741713,167.72344617879446,91185900
2021-12-22,171.7122039794922,171.92728536537462,168.30024464668514,169.1703411922784,92135300
2021-12-23,172.33786010742188,172.89512039322665,171.35045204505695,171.9174833311616,68356600
2021-12-27,176.29733276367188,176.38531653879255,173.11024059629176,173.12978260127787,74919600
2021-12-28,175.2805633544922,177.27495155456995,174.5375644683696,176.13111784462515,79144300
2021-12-29,175.36854553222656,176.59059189162147,174.15627017338588,175.31966069433915,62348900
2021-12-30,174.21493530273438,176.53194546765312,174.10739462067014,175.45653864701075,59773000
2021-12-31,173.59902954101562,175.2218958133562,173.29594950484335,174.1073900997929,64062300
2022-01-03,177.93972778320312,178.79028222604728,173.73590007898758,173.85321176039008,104487900
2022-01-04,175.681396484375,178.8489462858369,175.1143651356069,178.5458811499138,99310400
2022-01-05,171.00827026367188,176.14086475419518,170.73453308424857,175.59339039534856,94537600
2022-01-06,168.15357971191406,171.3797850968752,167.80162976232634,168.83792269234627,96904000
2022-01-07,168.31976318359375,170.2457092977057,167.2052575825263,169.0236630282213,86709100
2022-01-10,168.33937072753906,168.6424359067065,164.40926456601338,165.29891809796788,106765600
2022-01-11,171.16468811035156,171.26244286002324,166.99995985190662,168.46641535499305,76138300
2022-01-12,171.60464477539062,173.21774007794218,170.91053076473975,172.18144710369126,74805200
2022-01-13,168.33937072753906,172.6702968486557,167.94830685316055,171.849085088803,84505800
2022-01-14,169.19967651367188,169.8937905683483,167.2639441267619,167.508353425533,80440800
2022-01-18,166.00279235839844,168.68150862321704,165.62151446360372,167.6745435442064,90956700
2022-01-19,162.51260375976562,167.25414945182573,162.22909557704548,166.19829964047344,94815000
2022-01-20,160.8310546875,165.8854360990158,160.50843269303434,163.24581922868165,91420500
2022-01-21,158.77801513671875,162.61035005803072,158.67047447923693,160.74305996791702,122848900
2022-01-24,158.00572204589844,158.67052310978175,151.24047430258736,156.44151145113545,162294600
2022-01-25,156.2068328857422,159.1201868610098,153.50856023591945,155.424720331175,115798400
2022-01-26,156.11888122558594,160.71377291639465,154.29070450112417,159.84367643647036,108275300
2022-01-27,155.65939331054688,160.17607231774176,154.74041197266266,158.81715723147198,121954600
2022-01-28,166.5209197998047,166.5404767176366,159.1593140383979,162.0042414218655,179935700
2022-01-31,170.87142944335938,171.08651082179728,165.71927719769477,166.3547503312831,115541600
2022-02-01,170.70523071289062,170.93008309016165,168.45666218750117,170.11864243059435,86213900
2022-02-02,171.90768432617188,171.94679815950911,169.45382085751916,170.8420635898593,84914300
2022-02-03,169.033447265625,172.29876649074853,168.27089152715305,170.57811566132818,89418100
2022-02-04,168.74960327148438,170.42349941150601,167.07570713146276,168.05458991972742,82465400
2022-02-07,168.03500366210938,170.2766384169295,167.33999039041194,169.20965988540354,77251200
2022-02-08,171.1380615234375,171.64708470161528,167.8098514342005,168.10351922686326,74829200
2022-02-09,172.55743408203125,172.91961588647231,171.20657123174874,172.3322952525055,71285000
2022-02-10,168.4853057861328,171.77435265074166,167.92735034711362,170.46265325992954,90865900
2022-02-11,165.0787811279297,169.4250227899619,164.4914455219278,168.690860750742,98670700
2022-02-14,165.31370544433594,165.99892030677,163.04269054419584,163.83558309476697,86185500
2022-02-15,169.14111328125,169.29773807776493,166.654758116967,167.35955476472148,62527400
2022-02-16,168.9061737060547,169.67948428764964,166.45896752351715,168.22095896225642,61177400
2022-02-17,165.31370544433594,168.27971865617212,164.91235997613748,167.4182971510757,69589300
2022-02-18,163.76710510253906,166.93867600251053,162.68054453288332,166.23389408651346,82772700
2022-02-22,160.85000610351562,163.16995323151656,158.72581758393332,161.49605730830203,91162800
2022-02-23,156.68975830078125,162.6413518716535,156.37650867254357,162.04423283731927,90009200
2022-02-24,159.3033447265625,159.41102239990326,148.79014121364656,149.357894860665,141147500
2022-02-25,161.3688201904297,161.6331077669388,157.47285626304333,160.38013909716133,91974200
2022-02-28,161.63314819335938,161.9268160661619,158.9999506636251,159.61665170285357,95056600
2022-03-01,159.75363159179688,163.08184127413253,158.54961021930214,161.22195543903135,83474400
2022-03-02,163.04270935058594,163.82581854222389,159.5089420061074,160.9185355637426,79724800
2022-03-03,162.7196502685547,165.3430634011942,162.05401727070716,164.91235266773373,76678400
2022-03-04,159.72425842285156,162.05400359179123,158.67686189722227,161.01639051416453,83737200
2022-03-07,155.9359893798828,161.53519862355543,155.6814703637219,159.91025004561254,96418800
2022-03-08,154.11529541015625,159.44041971330986,152.50992837199067,155.4661583222758,131148300
2022-03-09,159.5089569091797,159.95924959082657,156.04371820337047,158.0699979293642,91454900
2022-03-10,155.17250061035156,157.00300660733848,152.6861300144377,156.81701649151432,105342000
2022-03-11,151.46250915527344,155.91642822664025,151.23737032666907,155.57381332247203,96970100
2022-03-14,147.43930053710938,150.86538982544317,146.9302923114544,148.25177493215907,108732100
2022-03-15,151.8148956298828,152.28477002224423,147.2043670461277,147.71337523300835,92964300
2022-03-16,156.2198486328125,156.62119402728206,151.19819175617425,153.73349374971625,102300200
2022-03-17,157.22811889648438,157.60009906528276,154.30126947324382,155.2605702418383,75615400
2022-03-18,160.51715087890625,161.00659213717293,156.38626546421042,157.12042735161046,123511700
2022-03-21,161.88760375976562,162.83712104497158,159.56764191840216,160.05708320205216,95811400
2022-03-22,165.25497436523438,165.84229498697943,161.42753966012307,162.01486028186812,81532000
2022-03-23,166.6156463623047,168.99432437394225,164.1096938716203,164.44252537221885,98062700
2022-03-24,170.39413452148438,170.4626485498089,166.6156463524789,167.44768776251115,90131400
2022-03-25,171.03041076660156,171.57858276640368,169.10201037950475,170.20815276689837,80546200
2022-03-28,171.8917999267578,172.0190445148475,168.36781639958284,168.53422465828777,90371900
2022-03-29,175.1808624267578,175.22979461470234,172.61617948078282,172.95879441578631,100589400
2022-03-30,174.01596069335938,175.8171010585222,172.96854916161706,174.77948791199498,92633200
2022-03-31,170.92274475097656,174.2705224958716,170.71717276870268,174.08453235394947,103049300
2022-04-01,170.62899780273438,171.1869679698728,168.3090511714051,170.3549119111242,78751300
2022-04-04,174.67181396484375,174.72076108227714,170.75628355518236,170.8835430731966,76468400
2022-04-05,171.36318969726562,174.53477477488693,170.73670541562527,173.7516656886956,73401800
2022-04-06,168.2013702392578,169.96336160580736,166.53727309062347,168.7201767337751,89058800
2022-04-07,168.5048370361328,169.69907490999924,166.2632026288955,167.5455363451221,77594700
2022-04-08,166.49813842773438,168.1524524173325,165.62693350816983,168.1524524173325,76575500
2022-04-11,162.24978637695312,165.46052001953282,162.0050657338506,165.1472853633742,72246700
2022-04-12,164.1194610595703,166.28278325109693,163.1209966207163,164.47185939466212,79265200
2022-04-13,166.80160522460938,167.42808955183875,163.24827119923606,163.85517369033073,70618900
2022-04-14,161.79953002929688,167.65325987659003,161.55480933143042,167.01697710019764,75329400
2022-04-18,161.58419799804688,163.08188755230427,160.1158737341422,160.45847376711322,69023900
2022-04-19,163.8649444580078,164.2760883021938,160.44865367684753,161.53521398147984,67723800
2022-04-20,163.69854736328125,165.31371275678185,162.59242008519655,165.19623667762264,67929800
2022-04-21,162.90567016601562,167.90776176039836,162.40644532626558,165.3430936610523,87227800
2022-04-22,158.37338256835938,164.32498956486253,158.08951323432865,162.94477668345723,84882400
2022-04-25,159.44046020507812,159.7243296894305,155.1137993441009,157.7176166479541,96046400
2022-04-26,153.48880004882812,158.91180327087787,153.41048764569481,158.82370741856425,95623200
2022-04-27,153.263671875,156.41566043489684,152.09879906936447,152.61760570667977,88063200
2022-04-28,160.18434143066406,161.0457628626786,155.57379800357486,155.88704759214835,130216800
2022-04-29,154.32086181640625,162.6903124384376,153.9293146853147,158.42238298865084,131747600
2022-05-02,154.62432861328125,154.8886162063275,150.03336604127583,153.40072515321864,123055300
2022-05-03,156.11221313476562,157.31624964341847,153.01895506893698,154.81029731534235,88966500
2022-05-04,162.5141143798828,162.96439206944154,155.89685759161674,156.29820309411934,108256500
2022-05-05,153.4594268798828,160.61505617925764,151.6778534074066,160.38991736716943,130525300
2022-05-06,154.1848602294922,156.30235682996496,151.1458596477854,152.93984857664353,116124600
2022-05-09,149.0675811767578,152.7633948486293,148.50880608897836,151.8810971374127,131577900
2022-05-10,151.46934509277344,153.6554710112095,149.92043660074285,152.4594785674708,115366700
2022-05-11,143.6169891357422,152.39085681137783,142.94056542836282,150.4792343504193,142689800
2022-05-12,139.75453186035156,143.3228989996902,136.06853101088905,139.96040581157675,182602000
2022-05-13,144.21499633789062,145.18551933414366,140.29371306035543,141.74458368466105,113990900
2022-05-16,142.67588806152344,144.61693408926746,141.34265112461745,142.68570084334092,86643800
2022-05-17,146.30307006835938,146.82263885480765,143.79343645262884,145.93054340694096,78336300
2022-05-18,138.04881286621094,144.46010573899827,137.1469043666091,143.960147405131,109742900
2022-05-19,134.6470947265625,138.87227582415818,133.91185397987616,137.1273056487035,136095600
2022-05-20,134.8823699951172,137.93116906609265,130.00037534307543,136.3528515735585,137426100
2022-05-23,140.29371643066406,140.4407585737006,134.941158046499,135.07840236616943,117726300
2022-05-24,137.5978546142578,139.17617200488684,134.62748321427134,138.03899606760518,104132700
2022-05-25,137.7546844482422,138.99968110716551,135.61757730341805,135.70580258630076,92482700
2022-05-26,140.95053100585938,141.49950829001511,134.44120114221013,134.68628135538745,90601500
2022-05-27,146.69522094726562,146.73442720207444,142.40141055796454,142.5288570634857,90978500
2022-05-31,145.9109649658203,147.69515625482543,143.95032308788612,146.13644955191023,103718400
2022-06-01,145.7835235595703,148.75389460714223,144.7737792988703,146.95009283292427,74286600
2022-06-02,148.2343292236328,148.2931460840145,143.96992734384497,144.9208398093746,72348100
2022-06-03,142.51907348632812,145.05810131692076,141.61717995046743,144.0091506541789,88570300
2022-06-06,143.26409912109375,145.64628674294468,142.04849579123675,144.13658414441952,71598400
2022-06-07,145.7835235595703,146.06781003090646,141.26424373812605,141.50932395629872,67808200
2022-06-08,145.04832458496094,146.92072662137116,144.55816400776706,145.656118913957,53950200
2022-06-09,139.83297729492188,145.0384790561678,139.72514139394366,144.18560463111925,69473000
2022-06-10,134.43141174316406,137.9899664897166,134.36278209908923,137.51941663931075,91437900
2022-06-13,129.28472900390625,132.53938671229503,128.85338540144875,130.25523715092532,122207100
2022-06-14,130.14739990234375,131.25516732822615,128.89259032192393,130.5101288143863,84784300
2022-06-15,132.76486206054688,134.63727870714717,129.55922325217023,131.64729675078482,91533000
2022-06-16,127.50051879882812,129.78466802101963,126.50058741056863,129.48077097128098,108123900
2022-06-17,128.97103881835938,130.46113104749855,127.25547692933145,127.51036998343507,134520300
2022-06-21,133.19619750976562,134.36278178825876,130.69639115129178,130.79441426737327,81000500
2022-06-22,132.6864471435547,135.04900927487205,131.2747825760473,132.13745484401576,73409200
2022-06-23,135.54901123046875,135.86270622381755,132.9609639616573,134.12754853756152,72433800
2022-06-24,138.87222290039062,139.1173030558868,137.0194175231798,137.14684903225404,89116800
2022-06-27,138.87222290039062,140.66621143364327,138.19579927786032,139.89174976551223,70207900
2022-06-28,134.7353057861328,140.59762053174873,134.61767206581916,139.3330131628478,67083400
2022-06-29,136.49008178710938,137.90174634957765,133.98046254650382,134.75492447437682,66242400
2022-06-30,134.02947998046875,135.64700354645933,131.13753620204082,134.5490488814723,98964500
2022-07-01,136.19595336914062,136.3037892489926,132.99031531614665,133.36282702594735,71051600
2022-07-05,138.7742462158203,138.82326526029516,134.23535494237336,135.05883599741875,73353800
2022-07-06,140.10745239257812,141.28383440664965,138.30366564043456,138.56835645511603,74064300
2022-07-07,143.469970703125,143.66603189279604,140.4603783389641,140.47017616296918,66253700
2022-07-08,144.1463623046875,144.646335480772,142.14651447587394,142.4013924960781,64547800
2022-07-11,142.01910400390625,143.75427642973983,140.95055766241197,142.80336382609462,63141600
2022-07-12,142.98956298828125,145.52858974645025,142.19550569745277,142.8915249451027,77588800
2022-07-13,142.62692260742188,143.5680224891842,139.32323031975335,140.17611985083454,71185600
2022-07-14,145.54824829101562,146.01879814456234,140.4309718883509,141.244640047542,78140700
2022-07-15,147.2147674560547,147.89119117713278,145.28353435270415,146.83244295612025,76259900
2022-07-18,144.17579650878906,148.58724039251226,143.81306761767442,147.77357228115997,81420900
2022-07-19,148.02845764160156,148.25392726287154,144.01894870347078,145.0090674390563,82982400
2022-07-20,150.02830505371094,150.6949310490213,147.41085002655058,148.14609070693865,64823400
2022-07-21,152.29283142089844,152.50850317822432,148.9499341408544,151.4595528168205,65086600
2022-07-22,151.05760192871094,153.20450649668453,150.39099108197328,152.3320217363922,66675400
2022-07-25,149.94009399414062,151.98896129458768,149.28328071900498,150.97923186102722,53623900
2022-07-26,148.61666870117188,150.07733740905365,147.8324089141252,149.26366918886245,55138700
2022-07-27,153.70448303222656,154.2338646113094,149.1656081545016,149.57734107239523,78620700
2022-07-28,154.25350952148438,154.53779601902812,151.37136349671525,153.89078059336344,81378700
2022-07-29,159.3119354248047,160.409904944982,156.36117506106663,158.0669387195233,101786900
2022-08-01,158.33160400390625,160.37067302404677,157.72380990621818,157.84144361325252,67829400
2022-08-02,156.8611297607422,159.2139087149108,156.48861801917639,156.94937000342367,59907000
2022-08-03,162.86073303222656,163.31167231688755,157.58660124880873,157.67482654904526,82507500
2022-08-04,162.5469970703125,163.89984462441896,161.19414951620604,162.7430582477967,55474100
2022-08-05,162.3212127685547,162.81205403488926,160.01425282506756,160.22041274781424,56697000
2022-08-08,161.84999084472656,164.7361398246356,161.19226535966965,163.32251461167718,60276900
2022-08-09,161.8990936279297,162.78261696114208,160.25968547297944,161.0155852740051,63135500
2022-08-10,166.13998413085938,166.23814341245296,163.8428352480907,164.60854654925055,70170500
2022-08-11,165.4036865234375,167.85789272456063,165.10917878344554,166.94492022851418,57149200
2022-08-12,168.94760131835938,169.01631131920942,166.2970460032489,166.70936592550703,68039400
2022-08-15,170.01760864257812,170.21394216296972,168.21131628811554,168.3782005294128,54091700
2022-08-16,169.86056518554688,170.52811724537264,168.51566461022102,169.61514449782814,56377100
2022-08-17,171.3527069091797,172.92339013736907,169.4089794863745,169.60531301748716,79542000
2022-08-18,170.96002197265625,171.6962839363271,169.94889007422466,170.56735491708034,62290100
2022-08-19,168.37820434570312,170.55754092380556,168.1720444080825,169.86053968443733,70346300
2022-08-22,164.50054931640625,166.74859572706774,164.0784180378036,166.58171149389958,69026800
2022-08-23,164.1668243408203,165.61972579284733,163.59744647112734,164.01957790007734,54147100
2022-08-24,164.4613037109375,165.03068148199358,163.20475103663767,164.2551587296091,53841500
2022-08-25,166.91549682617188,167.0234825149317,165.26627719342727,165.68839353539587,51218200
2022-08-26,160.6228790283203,167.91678748247466,160.56398047750997,167.44558409670634,78961000
2022-08-29,158.42396545410156,159.9161124345619,156.89254277561915,158.19816763869952,73314000
2022-08-30,155.9991455078125,159.5822800861176,154.8309411170662,159.16016386655522,77906200
2022-08-31,154.34011840820312,157.63857209111154,154.261582013457,157.37351363125413,87991100
2022-09-01,155.0666046142578,155.51817026416148,151.836860169279,153.77077627080038,74229900
2022-09-02,152.95599365234375,157.4226533584457,152.13138370086696,156.82382625526336,76957800
2022-09-06,151.69940185546875,154.21250676362826,150.8747921160952,153.60386838160778,73714800
2022-09-07,153.1031951904297,153.8001813128386,150.79623553618094,151.9840778426693,87449600
2022-09-08,151.6306915283203,153.49588236025656,149.88328282837716,151.80738719524012,84923800
2022-09-09,154.4873809814453,154.92915012061422,151.91537744584716,152.62219009337275,68028800
2022-09-12,160.43638610839844,161.25118449428555,156.38204700518378,156.66672837890903,104956000
2022-09-13,151.0220489501953,157.59931943362142,150.56065692569356,156.97104316313002,122656600
2022-09-14,152.46510314941406,154.22232317214238,150.79624593389804,151.95462406702927,87965400
2022-09-15,149.57896423339844,152.39640331677907,148.6071081028978,151.81719923234522,90481100
2022-09-16,147.93955993652344,148.57766259301448,145.65223775657734,148.44022763272653,162278800
2022-09-19,151.6503143310547,151.7288507316376,146.36887246061372,146.57501740526791,81474200
2022-09-20,154.02598571777344,155.1843789131033,150.2759661753886,150.5900968013731,107689800
2022-09-21,150.9042510986328,155.83230196535132,150.78645397951445,154.4579373320565,101696800
2022-09-22,149.9421844482422,151.64049091114813,148.1457037475465,149.588778163199,86652500
2022-09-23,147.6745147705078,148.69547312127722,145.83877299693037,148.4206031759059,96029900
2022-09-26,148.0082550048828,150.95330211261015,146.8989491342679,146.91858697585232,93339400
2022-09-27,148.98019409179688,151.88598211701384,147.20335040870864,149.94225413555023,84442700
2022-09-28,147.09532165527344,147.8806707549768,142.1869085062377,144.93562286555536,146691400
2022-09-29,139.8701171875,144.03245634378814,138.103085707034,143.4238179924611,128138200
2022-09-30,135.66854858398438,140.4788028880648,135.47221503631138,138.69213315187477,124925300
2022-10-03,139.84066772460938,140.44932105441077,135.16786446408517,135.67834355315813,114311700
2022-10-04,143.42384338378906,143.5416405102459,141.61753589548164,142.37343574191996,87830100
2022-10-05,143.71832275390625,144.6803824609242,140.39041942925496,141.43101553965928,79471000
2022-10-06,142.76608276367188,144.8374334955695,142.5599378213271,143.13912691743977,68402200
2022-10-07,137.52391052246094,140.47878470691822,136.8956342636469,139.9290298735793,85925600
2022-10-10,137.8478546142578,139.2909290851068,136.0317509799681,137.8478546142578,74899000
2022-10-11,136.43423461914062,138.76083241469453,135.68816128454225,137.33738075448184,77033700
2022-10-12,135.80596923828125,137.78897231294513,135.62927355780315,136.58150689181417,70433700
2022-10-13,140.3708038330078,140.9598044199806,131.90868942611982,132.5173428390662,113224000
2022-10-14,135.84524536132812,141.87277603175662,135.65872326737428,141.66661609125816,88598000
2022-10-17,139.80142211914062,140.282437004532,137.7006219624551,138.48597103526853,85250900
2022-10-18,141.1168670654297,144.0128276023933,138.03438444661543,142.82500010106065,99136600
2022-10-19,141.22483825683594,142.2948685353432,138.9080670690917,139.09458913180654,61758300
2022-10-20,140.76344299316406,143.21764906737312,140.03699260265552,140.40022528755236,64522000
2022-10-21,144.5723876953125,145.14176534962488,140.03700430524796,140.25297565616944,86548600
2022-10-24,146.7124786376953,147.47818995640918,143.32567626964715,144.4938810962025,75981900
2022-10-25,149.5495147705078,149.69677613929844,146.62410499116672,147.3407290522299,74732300
2022-10-26,146.61428833007812,149.20592954793565,145.32827166402765,148.19479776463467,88194300
2022-10-27,142.14764404296875,146.31979510961392,141.48991849585923,145.35775035197634,109180200
2022-10-28,152.88726806640625,154.6150242142885,145.11234293200243,145.48537216958695,164762400
2022-10-31,150.5312042236328,151.4147275390832,149.13721674827332,150.35450854811523,97943200
2022-11-01,147.89047241210938,152.60255171953904,146.3983256985316,152.2393339638939,80379300
2022-11-02,142.37344360351562,149.3826576212183,142.34399432027527,146.22163806624556,93604600
2022-11-03,136.3361053466797,140.18429993575015,136.20848179558848,139.4578493069626,97918500
2022-11-04,136.0706024169922,140.28900066971147,132.13735779737468,139.71867839937045,140814800
2022-11-07,136.60153198242188,136.82768926103802,133.40577194215064,134.8217418683473,83374600
2022-11-08,137.1719207763672,139.0697043062685,135.19547054516553,138.06673762400212,89908500
2022-11-09,132.61915588378906,136.23774833279379,132.3438299914245,136.18857977969958,74917800
2022-11-10,144.4188995361328,144.4188995361328,137.171901375878,138.88286812786214,118854000
2022-11-11,147.20167541503906,147.5064994693465,141.9606252113591,143.3864383750097,93979700
2022-11-14,145.8053436279297,147.77196548965426,144.9695233350431,146.4838305708861,73374100
2022-11-15,147.53599548339844,151.02675299903876,146.0806992107757,149.67962155098414,89868300
2022-11-16,146.3068389892578,147.36881668355312,144.83187247009243,146.6411761367448,64218300
2022-11-17,148.20465087890625,148.95196191687904,143.71091192910288,143.98623783804743,80389400
2022-11-18,148.76512145996094,150.15159363499748,147.4671586821555,149.76810292744864,74829600
2022-11-21,145.53985595703125,147.86047052115927,145.25470236836378,147.65398361312236,58724100
2022-11-22,147.67364501953125,147.9096450709946,144.47788413446048,145.65786938764137,51804100
2022-11-23,148.548828125,149.29613922514196,146.84768896962234,146.95585380028717,58301400
2022-11-25,145.63819885253906,146.3953525551104,144.66471552066162,145.8348580598712,35195900
2022-11-28,141.8131561279297,144.192767660707,140.98717824134044,142.717800718595,69246000
2022-11-29,138.8140106201172,142.39326202258005,138.00770341068628,141.8819361067611,83763800
2022-11-30,145.55953979492188,146.23802684928043,138.2043770255708,139.04018245155586,111380900
2022-12-01,145.83485412597656,146.64117635966434,144.1632284025417,145.7365320270306,71250400
2022-12-02,145.34320068359375,145.53003217962117,143.21924526160134,143.52408428382984,65447400
2022-12-05,144.18292236328125,148.40132070138284,143.33727415278167,145.30389650239576,68826400
2022-12-06,140.52496337890625,144.84169760083205,139.5514801929375,144.615540296504,64727200
2022-12-07,138.58787536621094,140.97731424983792,137.66356048798676,139.8170142991394,69721100
2022-12-08,140.2693328857422,141.12482380942538,138.7452125702619,139.98417924727298,62128300
2022-12-09,139.7875213623047,143.14061609699272,138.5485396692002,139.9645101732408,76097000
2022-12-12,142.07862854003906,142.08845624970894,138.70586361029962,140.31849324023466,70462700
2022-12-13,143.0422821044922,147.46718252429508,141.8328135242381,147.00502505789572,93886200
2022-12-14,140.81997680664062,144.21239680146076,138.80418622868987,142.9242617747897,82291200
2022-12-15,134.2219696044922,139.43352160827794,133.7598121718234,138.75503452609877,98931900
2022-12-16,132.2651824951172,135.35277902524194,131.4982009688156,134.4088086870883,160156900
2022-12-19,130.16087341308594,132.94364536804903,129.12840885731634,132.8551509782634,79592600
2022-12-20,130.09205627441406,131.0261987808424,127.72227301817315,129.19723960857664,77432800
2022-12-21,133.18951416015625,134.5268181441457,130.53457661956926,130.76073402008618,85928000
2022-12-22,130.02322387695312,132.31434056379908,128.12544063659777,132.10785363301125,77852100
2022-12-23,129.65940856933594,130.21006041152802,127.47645662054781,128.7350936895975,63814900
2022-12-27,127.85992431640625,129.21689825725943,126.57178934548489,129.18740012847,69007800
2022-12-28,123.9365234375,128.8432433891337,123.76936236246999,127.505939784758,85438400
2022-12-29,127.4469223022461,128.30239795675877,125.59830056969084,125.85395599408471,75703700
2022-12-30,127.76161193847656,127.78128236285382,125.30334153820444,126.26698977683235,77034200
2023-01-03,122.98272705078125,128.7154254385632,122.0977455022682,128.1057773178633,112117500
2023-01-04,124.25118255615234,126.51280092971427,122.9925456360047,124.77233620258212,89113600
2023-01-05,122.93354797363281,125.63765344479737,122.67789249421179,125.0083349534918,80962700
2023-01-06,127.4567642211914,128.11558077623516,122.80570749443298,123.90701849100518,87754700
2023-01-09,127.97791290283203,131.18351617146814,127.72225745979352,128.29257960577254,70790800
2023-01-10,128.5482635498047,129.06941726347972,125.98182082594903,128.08610610497774,63896200
2023-01-11,131.26219177246094,131.28184718963053,128.28276062052532,129.05956971451124,69458900
2023-01-12,131.1835174560547,132.0193227611732,129.24639368399414,131.64567480294028,71379600
2023-01-13,132.51100158691406,132.6683349676498,129.46274610687883,129.8265664212103,57809700
2023-01-17,133.67129516601562,134.99875596810472,131.8915047175872,132.5798193932039,63646600
2023-01-18,132.9534912109375,136.29674271738915,132.7764874230637,134.53662257229425,69672800
2023-01-19,133.01251220703125,133.9761529962307,131.5375453850544,131.84236946093412,58280400
2023-01-20,135.56907653808594,135.71658218378784,131.97999755468973,133.02230476612493,80223600
2023-01-23,138.7550506591797,140.92817511679004,135.59861495460586,135.81494462926892,81760300
2023-01-24,140.15135192871094,140.77084282048162,137.95857203194126,137.96839974299797,66435100
2023-01-25,139.4925079345703,140.0529874380773,136.49340619294276,138.53869500355867,65799300
2023-01-26,141.5574188232422,141.84257233217903,139.53178612268871,140.7805949468046,54105100
2023-01-27,143.49456787109375,144.77287517943125,140.69214050710963,140.77080718806803,70555800
2023-01-30,140.61349487304688,143.12094131391822,140.46600420175812,142.54079133466578,64015300
2023-01-31,141.8819580078125,141.93112656571586,139.90550801485074,140.31849689379183,65874500
2023-02-01,143.0029296875,144.16324461699494,138.961535368266,141.56730384751015,77663600
2023-02-02,148.302978515625,148.65695608667727,145.69719525256042,146.41500811186492,118339000
2023-02-03,151.92153930664062,154.7534795979514,145.36285717719954,145.55951636317744,154357300
2023-02-06,149.19778442382812,150.54493079230497,148.26364190831887,150.02377712562708,69858300
2023-02-07,152.0690460205078,152.63936822302708,148.12597415973434,148.12597415973434,83322600
2023-02-08,149.3846435546875,152.00025508514892,148.6471601159277,151.31194020980092,64120100
2023-02-09,148.35214233398438,151.75440537570756,147.9096553354024,151.213581264491,56007100
2023-02-10,148.71652221679688,149.04151212756338,146.95371454850684,147.19007494553122,57450700
2023-02-13,151.51341247558594,151.91717418893083,148.62790397291747,148.65744714640496,62199000
2023-02-14,150.87327575683594,151.4346261088162,148.568818055862,149.80967642706798,61707600
2023-02-15,152.97096252441406,153.1383788845789,150.55817435125667,150.7846770706503,65573800
2023-02-16,151.3755340576172,153.95573796607766,151.02100096105386,151.17855953849067,68167900
2023-02-17,150.23312377929688,150.6762863218937,148.55894582557343,150.03616431892533,59144100
2023-02-21,146.2249298095703,149.0021077790729,146.15600076088242,147.91880821074704,58867200
2023-02-22,146.64840698242188,147.67260518894304,144.92498541296462,146.60900607426132,51011300
2023-02-23,147.1309814453125,148.05670759936388,145.00379786650186,147.8105044744373,48394200
2023-02-24,144.48184204101562,144.9545478123535,143.50687229977612,144.87576101262292,55469600
2023-02-27,145.6734619140625,146.90447752822308,145.21059884097443,145.46665970602933,44998500
2023-02-28,145.1712188720703,146.81585399639758,144.60002580056587,144.81668575965537,50547000
2023-03-01,143.1030731201172,144.99391093566584,142.80762642427203,144.59999202590106,55479000
2023-03-02,143.6939697265625,144.48182259076125,141.71448733904464,142.18720807379,52238100
2023-03-03,148.73623657226562,148.81502337863614,145.09243318314816,145.79164167073546,70732300
2023-03-06,151.49368286132812,153.9261705239575,151.12930710707832,151.4542819528968,87558000
2023-03-07,149.29757690429688,151.69066400049135,148.83471383986452,151.36567408118486,56182000
2023-03-08,150.54827880859375,151.13917230662574,149.52408044265695,150.48919246419973,47204800
2023-03-09,148.30288696289062,152.19289270805663,147.9483539187185,151.22778082054958,53833600
2023-03-10,146.24462890625,148.64757336129242,145.3681465462101,147.92866457828165,68572400
2023-03-13,148.18475341796875,150.8142012619364,145.45681830298673,145.56514829028342,84457100
2023-03-14,150.27252197265625,151.07021762009597,147.82034869008896,148.98242012042218,73695900
2023-03-15,150.6664581298828,150.92250395033966,147.64307677577528,148.8937927615987,77167900
2023-03-16,153.48301696777344,154.08375312665916,149.33695019463687,149.84905684492745,76161100
2023-03-17,152.6459197998047,154.35949876084172,151.93685367986137,153.70951897971963,98944600
2023-03-20,155.00950622558594,155.42314076539435,151.8088650898279,152.71490595821447,73641400
2023-03-21,156.86093139648438,156.9791040860205,154.16253977805687,154.93070734117964,73938300
2023-03-22,155.43295288085938,159.67749219321786,155.41325242402124,156.88062840402722,75701800
2023-03-23,156.51622009277344,159.09643867673987,155.28520465118157,156.41774787367245,67622100
2023-03-24,157.81619262695312,157.90482213956633,155.45264879499626,156.44730394409444,59196500
2023-03-27,155.87611389160156,158.32830230982592,155.47233717929535,157.5109061704178,52390300
2023-03-28,155.25570678710938,156.08296082580924,153.61107148047543,155.57085404509948,45992200
2023-03-29,158.3282928466797,158.60403911493316,156.92986104995282,156.94954647836764,51305700
2023-03-30,159.89414978027344,160.00247975071784,158.82070781762587,159.07675364456477,49501700
2023-03-31,162.3955535888672,162.4940408365555,159.45097422374334,159.9729235769942,68749800
2023-04-03,163.6462860107422,163.76445869825218,161.7259047034759,161.77514833228696,56976200
2023-04-04,163.114501953125,164.3061166832112,162.60239523685718,164.06977129650792,46278300
2023-04-05,161.2728729248047,162.54328933366952,159.34264903941414,162.2379998945446,51511700
2023-04-06,162.15919494628906,162.4546416380935,159.5395906537556,159.963052724609,45390100
2023-04-10,159.5691375732422,159.5691375732422,157.6487565719111,158.96840146235982,47716900
2023-04-11,158.3578338623047,159.8941387722609,158.0722298566841,159.88429605818737,47644200
2023-04-12,157.66847229003906,159.59869619161648,157.35332510698044,158.77145737665472,50133100
2023-04-13,163.04556274414062,163.28192316496492,158.9684394039646,159.17525665056672,68445600
2023-04-14,162.70086669921875,163.794009087704,161.33197803499354,162.09027277975596,49386500
2023-04-17,162.72056579589844,162.87813940299813,161.53879379674336,162.58269264644778,41516200
2023-04-18,163.9417266845703,164.8674527745674,163.13417327770642,163.5773508935462,49923000
2023-04-19,165.0841064453125,165.60605581206516,163.0258371209191,163.28189796071484,47720200
2023-04-20,164.1190185546875,165.32049116381157,163.04557639594412,163.5675258869679,52456400
2023-04-21,162.51376342773438,163.92203809382642,161.99181400338804,162.54330660065614,58337300
2023-04-24,162.81906127929688,163.08496487632468,161.400928797878,162.49407133338445,41949600
2023-04-25,161.28269958496094,163.78411598251833,161.24329868147967,162.6811311177109,48714100
2023-04-26,161.2728729248047,162.76979197769046,160.32746143764658,160.58350725145092,45498800
2023-04-27,165.852294921875,166.00001080225775,162.68119712191097,162.68119712191097,64902300
2023-04-28,167.1029815673828,167.27041291997128,165.33033104891717,165.93106728858945,55275900
2023-05-01,167.01431274414062,167.86125191507637,166.07874407354768,166.70902333840385,52472900
2023-05-02,165.9803009033203,167.76282424517206,164.99548835131355,167.5067633643402,48425700
2023-05-03,164.90684509277344,168.32414556576836,164.6212560883793,166.925713661642,65136000
2023-05-04,163.27206420898438,164.50307988258416,161.81454585901537,162.38573893481126,81235400
2023-05-05,170.9339141845703,171.65282310766082,168.1665784150509,168.3832383689214,113453200
2023-05-08,170.8649444580078,171.20963479482143,169.49605587870553,169.86043164324718,55962800
2023-05-09,169.16122436523438,170.90433143409618,168.99380806621033,170.42178299192224,45326900
2023-05-10,170.92405700683594,171.38692008917508,169.28926463206565,170.3922648627901,53724500
2023-05-11,171.1111602783203,171.93839911576495,169.5551548305296,171.20964753246403,49514700
2023-05-12,170.1841583251953,171.653548851867,168.6358569767775,171.21962961924467,45533100
2023-05-15,169.69105529785156,170.81529363826058,169.09934457223466,170.76598190315437,37266700
2023-05-16,169.69105529785156,170.74625419954612,169.42478396654107,169.61215953124739,42110300
2023-05-17,170.30250549316406,170.53917778241149,168.06388478776768,169.3360585337975,57951600
2023-05-18,172.6298828125,172.8172584115987,170.1940301198803,170.60822168470452,65496700
2023-05-19,172.7383270263672,173.951317433895,172.52136743505932,173.951317433895,55809500
2023-05-22,171.7916259765625,172.2945846931845,171.0519949677244,171.57466634347682,43570900
2023-05-23,169.18809509277344,170.98293990870613,168.91196743614205,170.73639628329747,50747300
2023-05-24,169.46421813964844,170.03620114077688,168.16247565777167,168.7245872835419,45143500
2023-05-25,170.59835815429688,171.49576564962197,169.31632809947834,170.02637505144457,56058300
2023-05-26,173.0045928955078,173.3399036765556,170.7166757800904,170.92377905521317,54835000
2023-05-30,174.8487548828125,176.51539231960112,174.12885165758402,174.51345913931758,55964400
2023-05-31,174.7994384765625,176.87041104464083,174.3162075312564,174.87833424607143,99625300
2023-06-01,177.60020446777344,177.6297885060057,174.4838886927619,175.24324745233199,68901800
2023-06-02,178.4482879638672,179.2668146743205,176.78165050926717,178.52718373632618,61996900
2023-06-05,177.0972442626953,182.3929972823034,175.57852688511534,180.10507993454968,121946500
2023-06-06,176.7323760986328,177.62978364684957,174.97697127382227,177.48186345973468,64848400
2023-06-07,175.361572265625,178.70470351330488,174.8684849721747,175.97299569419778,61944600
2023-06-08,178.07354736328125,178.3398036598064,175.00654388250445,175.44044804834044,50214900
2023-06-09,178.4581756591797,179.71060666093933,178.13273621096323,178.99070336218668,48900000
2023-06-12,181.2490234375,181.34764691680866,178.468018885392,178.7638742754878,54274900
2023-06-13,180.77566528320312,181.60404834381112,179.91769818813273,180.2727216495119,54929100
2023-06-14,181.40684509277344,181.84076439721946,179.5035350184376,180.83486192307942,57462900
2023-06-15,183.43833923339844,183.94129793003785,181.23917400121888,181.4166932611595,65433200
2023-06-16,182.36341857910156,184.4048073735327,181.7224110612984,184.14839232814637,101256200
2023-06-20,182.45216369628906,183.52710548415504,181.86046794433722,181.86046794433722,49799100
2023-06-21,181.41668701171875,182.84663717983523,180.0656175699355,182.34367850052172,49515700
2023-06-22,184.41464233398438,184.46395407144706,181.1306792503188,181.19971869233248,51245300
2023-06-23,184.0990447998047,184.96688315796402,182.45213522308205,182.9846778693447,53117000
2023-06-26,182.70858764648438,185.45015206010262,182.66913223239737,184.2470177435845,48088700
2023-06-27,185.45999145507812,185.78543087633778,183.10303478095216,183.31999439512526,50730800
2023-06-28,186.63352966308594,187.27453708797546,185.0063477089331,185.33177206150037,51216800
2023-06-29,186.96885681152344,187.44223149955704,186.3278492789131,186.46591313429835,46347300
2023-06-30,191.28829956054688,191.79124321876165,188.61575961709715,188.98065447297634,85213200
2023-07-03,189.79917907714844,191.19954526937022,189.10884478636748,191.10092178559267,31458200
2023-07-05,188.68479919433594,190.31198136153697,187.98460856583768,188.92148652956726,46920300
2023-07-06,189.1581573486328,189.36526064633148,186.5842409083175,187.21539208287066,45094300
2023-07-07,188.0437469482422,190.00623962579556,187.6098428072387,188.76366516963594,46815000
2023-07-10,186.00238037109375,187.36330604998784,184.45407912216882,186.6433878022031,59922200
2023-07-11,185.479736328125,186.68287064614393,184.02020200954667,186.54480679233018,46638100
2023-07-12,187.14633178710938,189.04964127499804,185.86430197749195,187.057564649218,60750200
2023-07-13,187.90570068359375,188.54672319895087,187.15621340871894,187.8662603208446,41342300
2023-07-14,188.05361938476562,188.53683526319492,187.00827681367923,187.59997248992855,41616200
2023-07-17,191.30801391601562,191.63345333608896,189.15814548736353,189.24689758888442,50520200
2023-07-18,191.05162048339844,191.6433313227349,189.75973403360663,190.67688432979497,48288200
2023-07-19,192.40267944335938,195.48939585264796,189.9865395225249,190.4303301514657,80507300
2023-07-20,190.45986938476562,193.75368831593707,189.8385746886616,192.39276280935775,59581200
2023-07-21,189.28639221191406,192.2745006314432,188.5862014877049,191.41653337667736,71951700
2023-07-24,190.085205078125,192.21534639631727,189.59211764601574,190.73608409998945,45377800
2023-07-25,190.943115234375,191.75178560391285,190.2527960456413,190.65713123041024,37283200
2023-07-26,191.81094360351562,192.93518195125802,190.64726489612826,190.99241694846552,47471900
2023-07-27,190.54869079589844,194.47366217807738,189.8879555038913,193.30998316918408,47460200
2023-07-28,193.12257385253906,193.91151654263126,191.4559363697747,191.97860770429688,48291400
2023-07-31,193.73397827148438,193.7734336784224,192.560428204252,193.3493708168966,38824100
2023-08-01,192.90562438964844,194.01013518521242,192.5801849485631,193.52691923606866,35175100
2023-08-02,189.9175262451172,192.48157144604934,189.19762292480593,192.34350758944402,50389300
2023-08-03,188.52699279785156,189.7103992851957,188.05363321247987,188.92147165885288,61235200
2023-08-04,179.47389221191406,184.789371855198,179.40485277798012,182.95508679019278,115956800
2023-08-07,176.37733459472656,180.59816071157974,174.89807268327345,179.6119861039443,97576100
2023-08-08,177.314208984375,177.77771228390873,175.12490000933562,177.20572916857282,67823000
2023-08-09,175.72645568847656,178.42856448196,174.56276182695083,178.3693964131728,60378500
2023-08-10,175.509521484375,178.2510860859084,175.14464164213348,176.99863993985085,54686900
2023-08-11,175.56874084472656,176.3883728930982,174.34424265962002,175.10462674008653,52036700
2023-08-14,177.2178955078125,177.44501774834183,175.09474782272636,175.74650562753334,43675600
2023-08-15,175.2329864501953,177.23762299403361,174.8379899652799,176.6451282666605,43622600
2023-08-16,174.36398315429688,176.30935657463468,174.29485048513217,174.9169842350172,46964900
2023-08-17,171.8260955810547,175.29223725703497,171.31258808782235,174.9268647491592,66062900
2023-08-18,172.30999755859375,172.9123770667114,169.8116075662743,170.14735612669347,61172200
2023-08-21,173.64309692382812,173.92948217703207,171.56934282132403,172.88272795365145,46311900
2023-08-22,175.01577758789062,175.46015251147782,174.0480254103657,174.8479032864534,42038900
2023-08-23,178.8571319580078,179.28176749229362,176.1019960768648,176.28962468028294,52722800
2023-08-24,174.17637634277344,178.8374075605793,173.8109887437673,178.41277199096436,54945800
2023-08-25,176.3784942626953,176.91174101480664,173.62335841851225,175.16386577811136,51449600
2023-08-28,177.93875122070312,178.33374768816518,176.31924159506977,177.83999456976295,43820700
2023-08-29,181.81964111328125,182.58989476243158,177.25736718090633,177.4548654120463,53003900
2023-08-30,185.30552673339844,185.50304002187465,182.43189523110905,182.6293934514369,60813900
2023-08-31,185.52281188964844,186.75719481874472,185.13768501849643,185.4931879048022,60794500
2023-09-01,187.09295654296875,187.54720101813678,185.92769123419916,187.12258052751662,45766500
2023-09-05,187.32994079589844,187.6064413525269,185.26605625958229,185.92768366781115,45280000
2023-09-06,180.62478637695312,186.4905763861184,179.20277485131902,186.04618648324464,81755800
2023-09-07,175.34161376953125,175.98350189646143,171.37183427986267,172.99134398653018,112488800
2023-09-08,175.95387268066406,177.98814840122637,175.56874581023814,176.12176201867752,65551300
2023-09-11,177.11915588378906,178.0474143493556,175.12438865362392,177.82029208697838,58953100
2023-09-12,174.09738159179688,177.8795329175836,172.63587633671216,177.2475294233725,90370200
2023-09-13,172.0334930419922,175.0848841389881,171.80635572558617,174.30474566083996,84267900
2023-09-14,173.54437255859375,173.89987544974738,171.41135521167203,171.82610607332606,60895800
2023-09-15,172.82347106933594,174.29486087176767,171.6483512368518,174.27510652680778,109259500
2023-09-18,175.7465057373047,177.13889330258442,173.96899129951683,174.27511585610648,67257600
2023-09-19,176.832763671875,177.38576479928514,174.91699900323943,175.30212586469654,51826900
2023-09-20,173.2974853515625,177.45487842056565,173.20859833310675,177.0203732393163,58436200
2023-09-21,171.75694274902344,174.09734264324985,171.6878251518227,172.36920682730067,63149100
2023-09-22,172.6062469482422,174.86764517240317,171.87550181385268,172.48775099523908,56725400
2023-09-25,173.88011169433594,174.75899170155245,171.97421669351675,172.02359502231215,46172700
2023-09-26,169.8115997314453,173.01111068359924,169.51534481079926,172.63586851438868,64588900
2023-09-27,168.30068969726562,170.87808171574733,166.93794126401278,170.46333088230946,66921800
2023-09-28,168.5574493408203,169.88070413963854,165.52579782856736,167.22430983558627,56294400
2023-09-29,169.07093811035156,170.9077001905232,168.211797495528,169.87081569769032,51861100
2023-10-02,171.57920837402344,172.12233981703872,168.79443355791753,169.08081880430257,52164500
2023-10-03,170.24607849121094,171.46072207785286,168.6858318118607,170.1078282132375,49594600
2023-10-04,171.49034118652344,172.03347264460572,168.83394692911625,168.95244285882518,53020300
2023-10-05,172.7247314453125,173.2579782200924,170.52258153582127,171.61871413723316,48527900
2023-10-06,175.27247619628906,175.76622928314396,171.01631193035507,171.62857600439608,57266700
2023-10-09,176.75375366210938,176.81300162773064,173.60360623261292,174.60098214625398,42390800
2023-10-10,176.16127014160156,177.47465549196244,175.72676490471198,175.87489990900735,43698000
2023-10-11,177.55361938476562,177.60299770884345,175.38110873868183,175.9736034231689,47551100
2023-10-12,178.4522705078125,180.06189553412176,176.80312172309905,177.82026707710477,56743100
2023-10-13,176.61550903320312,179.6570151987734,175.91437292525092,179.1533924067404,51427100
2023-10-16,176.48712158203125,176.84262444155877,174.3047260977915,174.5417330268598,52517000
2023-10-17,174.936767578125,176.19090503163542,172.61613638208402,174.4430143362244,57549400
2023-10-18,173.64309692382812,175.36136323860268,172.92222157401596,173.38635072108465,54764400
2023-10-19,173.2678680419922,175.61812287122567,173.00123711265553,173.84060845589931,59302900
2023-10-20,170.7200927734375,173.22835212793277,170.4830858385587,173.11972583296543,64244000
2023-10-23,170.83859252929688,171.8359684831129,167.80694090892598,168.77470794688867,55980100
2023-10-24,171.2731475830078,171.50026988254518,169.30800401910113,170.88802061068142,43816600
2023-10-25,168.9623260498047,170.8978298690587,168.51793618108192,169.7325797223047,57157000
2023-10-26,164.80491638183594,169.23882483986895,163.60015755926395,168.24143389027685,70625300
2023-10-27,166.11831665039062,166.8490767618186,164.7456834493569,164.82468576422622,58499100
2023-10-30,168.16241455078125,169.03142477889003,166.76015763515437,166.9082925975718,51131000
2023-10-31,168.636474609375,168.76484019690602,165.80232095364974,167.23421730907862,44846000
2023-11-01,171.7964630126953,172.0532092124064,167.99455793411695,168.86356825336904,56934900
2023-11-02,175.35150146484375,175.5588693503195,173.26786256268767,173.32711052996643,77334800
2023-11-03,174.44296264648438,174.61085195895754,171.18420427007575,172.06308417750907,79829200
2023-11-06,176.99075317382812,177.18825142381783,174.00849494223715,174.17636920813592,63841300
2023-11-07,179.54843139648438,180.1606805785339,176.7340319643902,176.94139988237026,70530000
2023-11-08,180.6050262451172,181.15802736111343,179.32126504404005,180.07177947416378,49340300
2023-11-09,180.13101196289062,181.81963914926845,179.5385022077218,180.67414339377055,53763500
2023-11-10,184.31365966796875,184.48177017271385,181.47578777634308,181.91086536697577,66133400
2023-11-13,182.73158264160156,183.9478113332898,182.14818998578377,183.7401702602705,43627500
2023-11-14,185.342041015625,186.00454008995078,184.21480130754796,185.59912547957174,60108400
2023-11-15,185.90567016601562,187.3789985945617,185.6782486931539,185.7474724520267,53790500
2023-11-16,187.58665466308594,188.82266388785246,186.5385061665612,187.4482222334322,54412900
2023-11-17,187.56686401367188,188.24914348244,186.4594046371221,188.12059370194675,50922700
2023-11-20,189.30715942382812,189.7620174322178,187.75473976876387,187.76462241033667,46505100
2023-11-21,188.50621032714844,189.37636552049437,187.61628985249988,189.26759612132614,38134500
2023-11-22,189.16871643066406,190.77057938008178,188.6940931656517,189.3467095850447,39617700
2023-11-24,187.84375,188.76333367409984,187.13180743837248,188.73367065803237,24048300
2023-11-27,187.66574096679688,188.5358962659671,186.7857030257735,187.79429075090235,40552600
2023-11-28,188.26890563964844,188.9413024556769,187.2800983304318,187.65584993609482,38415400
2023-11-29,187.2504425048828,189.93999969621768,186.85492560121705,188.76331653900834,43014200
2023-11-30,187.8239288330078,188.18979776505014,186.08363355367433,187.71515943504943,48794400
2023-12-01,189.0994873046875,189.4158977511225,187.11197525051801,188.19966916513812,45704800
2023-12-04,187.3097686767578,187.9228394923183,185.35193435249073,187.85361573572166,43389500
2023-12-05,191.255126953125,192.2241539878595,188.05138552105933,188.0810636242485,66628400
2023-12-06,190.1674346923828,192.58011192579394,189.95977851245675,192.27358406476233,41089700
2023-12-07,192.09559631347656,192.81742141001197,191.42319951100376,191.46276025185608,47477700
2023-12-08,193.5194854736328,193.79635031367135,191.50231010992096,192.02637677770835,53406400
2023-12-11,191.017822265625,191.32436525918584,189.2775265277558,190.94861358759854,60943700
2023-12-12,192.53065490722656,192.54053754746204,189.5741159727842,190.91889435682484,52696900
2023-12-13,195.74429321289062,195.7838388648497,192.66910200901862,192.90640609677627,70404200
2023-12-14,195.89260864257812,197.38570218691584,193.96443748585023,195.80361960949875,66831600
2023-12-15,195.35867309570312,196.1793699091571,194.79504567055722,195.3191123528845,128538400
2023-12-18,193.69747924804688,194.42920214917604,192.21426816132805,193.89523770867535,55751900
2023-12-19,194.73570251464844,194.74558515548247,193.69745188302565,193.96443406555753,40714100
2023-12-20,192.64932250976562,195.46741418063525,192.64932250976562,194.69614571593394,52242800
2023-12-21,192.50099182128906,194.87413831888384,191.33420648650613,193.90511142023345,46482500
2023-12-22,191.43312072753906,193.22285972664613,190.8101672306993,192.99542315884526,37149600
2023-12-26,190.8892364501953,191.71983089218512,190.67169765519787,191.4429660781885,28919300
2023-12-27,190.9881134033203,191.3342019743918,188.9511728919884,190.33551208827305,48087700
2023-12-28,191.413330078125,192.4812438348005,191.00791544042355,191.96705978425237,34049900
2023-12-29,190.37506103515625,192.2241257878035,189.58401220758475,191.72972215657148,42672100
2024-01-02,183.5621795654297,186.33084291740326,181.83176685644636,185.0552730997862,82488700
2024-01-03,182.187744140625,183.79950485996184,181.37691491631995,182.15808112880916,58414500
2024-01-04,179.87393188476562,181.04071720671112,178.85546161628733,180.11123597031312,71983600
2024-01-05,179.15211486816406,180.71443234786256,178.1534248404595,179.95306152436652,62379700
2024-01-08,183.48306274414062,183.52262348166371,179.46850790157933,180.0519005320401,59144500
2024-01-09,183.0677947998047,183.07767744176536,180.68476543102267,181.8614486084712,42841800
2024-01-10,184.10604858398438,184.31368968460146,181.86145160567418,182.28664662503843,46792900
2024-01-11,183.51275634765625,184.9564217479187,181.56480461990643,184.45212033242825,49128400
2024-01-12,183.8390655517578,184.64989484239166,183.11724039185432,183.97749798089004,40477800
2024-01-16,181.57469177246094,182.1976301200088,178.90489995610474,180.12114381484557,65603000
2024-01-17,180.63531494140625,180.8825167727283,178.281963767062,179.24110807963172,47317400
2024-01-18,186.5187225341797,187.02300881659582,183.75005912545993,184.0071435872404,78005800
2024-01-19,189.41592407226562,189.80155831594578,186.70660172518024,187.21088801676132,68903000
2024-01-22,191.7198486328125,193.14373357255337,190.10808789018887,190.14764863184953,60133900
2024-01-23,192.9954071044922,193.55903452389106,191.66052626402544,192.83720939883855,42355600
2024-01-24,192.32302856445312,194.18199120084623,192.16481576816378,193.23272951111284,53631300
2024-01-25,191.9967041015625,194.07320538533628,190.9485708187439,193.0349547434494,54822100
2024-01-26,190.2663116455078,192.58011726192578,189.79168833424328,192.09561130867766,44594000
2024-01-29,189.5840301513672,190.04877081575225,187.45810037105477,189.86089500402176,47145600
2024-01-30,185.93531799316406,189.65324309628332,185.37170567810733,188.80286821503816,55859400
2024-01-31,182.33604431152344,185.0058358609704,182.28661602120093,184.94649475418208,55467800
2024-02-01,184.76852416992188,184.857513201702,181.7625567551165,181.93065217781273,64885400
2024-02-02,183.7698516845703,185.23328233515724,177.2437171517322,177.84689023760967,102551700
2024-02-05,185.57933044433594,187.13176501057416,183.75992879401906,186.04407104136263,69668800
2024-02-06,187.1812286376953,187.19111127921153,184.67954732588265,184.76853636353553,43490800
2024-02-07,187.28997802734375,188.91162125480523,186.49892923853312,188.5062066759397,53439000
2024-02-08,186.21218872070312,187.41851968576853,185.25304448034683,187.27020463334281,40962000
2024-02-09,186.97454833984375,188.10322646586073,186.13298359451971,186.77652244170517,45155200
2024-02-12,185.29139709472656,186.79630612181433,184.93497167008087,186.5487888854563,41781900
2024-02-13,183.20236206054688,184.360756090923,181.68755769129083,183.92512331150874,56529500
2024-02-14,182.32119750976562,183.68749754312392,180.6281880058035,183.47959151637605,54630500
2024-02-15,182.0341033935547,182.65785175424014,179.54903541760635,181.727184392981,65434500
2024-02-16,180.49949645996094,183.0142804515248,179.86585283584154,181.5984737728991,49752500
2024-02-20,179.75694274902344,180.6182980286837,178.2124373755958,179.98465441119404,53665600
2024-02-21,180.50941467285156,181.07374623255754,178.8658962581704,180.13318356154335,41371400
2024-02-22,182.53903198242188,183.1231842228548,180.64801151557128,181.65787110291916,52292200
2024-02-23,180.7073974609375,183.20236045475278,180.4202689919066,183.1726595934398,45119700
2024-02-26,179.3608856201172,180.94498679638724,178.85594081227745,180.43016184540704,40867400
2024-02-27,180.81631469726562,182.09349711935678,177.77679547469845,179.30151026553332,54318900
2024-02-28,179.6183319091797,181.30144633523983,178.34114943443706,180.69750358801915,48953900
2024-02-29,178.95498657226562,180.75691955299587,177.74710108364005,179.4698267249393,136682600
2024-03-01,177.87579345703125,178.73714862022334,175.6184374307493,177.76688526684862,73563100
2024-03-04,173.361083984375,175.14319605787904,172.06408093389737,174.40064432483445,81510100
2024-03-05,168.4305419921875,170.33147275577412,167.93550746706842,169.0641855800497,95132400
2024-03-06,167.44049072265625,169.53944760498507,167.00485787713032,169.3612273012443,68587700
2024-03-07,167.32167053222656,169.0344857697736,166.81674075207243,167.47017484778516,71765100
2024-03-08,169.0345001220703,171.97500667784078,167.2622830078253,167.3216847390924,76267000
2024-03-11,171.03443908691406,172.6482565736913,170.34139373001014,171.2225546353428,60139500
2024-03-12,171.50965881347656,172.3017170819102,169.31170429451927,171.43045147590772,59825400
2024-03-13,169.43051147460938,171.4700511814422,169.0641756745517,171.05422401757613,52488700
2024-03-14,171.28195190429688,172.57893998999515,170.34138929390355,171.19284931228447,72913500
2024-03-15,170.9057159423828,170.9057159423828,168.59885322457814,169.47011882986195,121752700
2024-03-18,171.99478149414062,175.94516209588443,171.79677072295308,173.82641511894556,75604200
2024-03-19,174.3313446044922,174.85607994565953,171.31163124958826,172.6086191723699,55215200
2024-03-20,176.8956298828125,176.8956298828125,173.3511809805003,173.97492929704185,53423100
2024-03-21,169.6681365966797,175.72736975318543,169.14340118299,175.29173693263047,106181300
2024-03-22,170.569091796875,171.33144918231721,168.37113733503185,170.05425166968308,71160100
2024-03-25,169.15330505371094,170.2324767040703,167.76719930445816,168.87608692531137,54288300
2024-03-26,168.02464294433594,169.71765273934344,167.89592911986227,168.3117563520967,57388400
2024-03-27,171.58885192871094,171.87598039200594,168.42063422483255,168.7176579392829,60273300
2024-03-28,169.7770538330078,170.51960569647457,168.81668554767697,170.04437673388762,65672700
2024-04-01,168.3414306640625,169.54931605122675,167.79688969325008,169.48991432845702,46240500
2024-04-02,167.16326904296875,167.65830361021796,166.55932626663449,167.40089107386055,49329500
2024-04-03,167.96519470214844,168.98496453257434,166.90582876011774,167.11373478373662,47691700
2024-04-04,167.14346313476562,170.21266810452119,167.14346313476562,168.59885072968464,53704400
2024-04-05,167.89590454101562,168.69785802201392,167.27215623034843,167.90579979250484,42104800
2024-04-08,166.77711486816406,167.51966659518817,166.5692088446593,167.35135668326646,37425500
2024-04-09,167.98501586914062,168.39094781013864,166.67813256359855,167.02464767080627,42373800
2024-04-10,166.11380004882812,167.41078821247058,165.45045553411236,167.1236748074244,49709300
2024-04-11,173.30169677734375,173.7175391133101,166.49003132152566,166.66823651643443,91070300
2024-04-12,174.7967071533203,176.58872985356905,172.47994902506244,172.52944039553972,101670900
2024-04-15,170.9750213623047,174.8758957155582,170.78690583147454,173.6185038309996,73531800
2024-04-16,167.69790649414062,172.0343988146065,166.59892920522176,170.04436539186383,73711200
2024-04-17,166.3316192626953,168.95529649982927,166.3316192626953,167.92563121825307,50901200
2024-04-18,165.38111877441406,166.96523521407434,164.8959946340493,166.36129252101995,43122900
2024-04-19,163.3613739013672,164.74746436429578,162.45051229612085,164.55936395716853,68149400
2024-04-22,164.1930389404297,165.59893510418706,163.13367296874276,163.8762247169617,48116400
2024-04-23,165.24252319335938,165.39104261951863,163.28219064755024,163.70792820716713,49537800
2024-04-24,167.3414764404297,167.6186945681344,164.55938480415762,164.88609429896647,48251800
2024-04-25,168.20285034179688,168.91570135131437,166.48012455092012,167.84642483703811,50558300
2024-04-26,167.61868286132812,169.63841695172266,167.49986430971396,168.19292468782604,44838400
2024-04-29,171.7769775390625,174.28185098854456,171.38095596804143,171.64826373021612,68169400
2024-04-30,168.63845825195312,173.25218351807536,168.31173366197407,171.6086653165762,65934800
2024-05-01,167.61868286132812,170.9948217396029,167.43056733625505,167.8959009696714,50383100
2024-05-02,171.3116455078125,171.69777183075684,169.19289835753364,170.79680537480178,94214900
2024-05-03,181.5588836669922,185.14292911827533,180.84603267784937,184.7963988764884,163224100
2024-05-06,179.90545654296875,182.3707188474722,178.62825898838415,180.53910014061182,78569700
2024-05-07,180.58860778808594,183.06378067502382,179.5193463953144,181.62818342205114,77305800
2024-05-08,180.92523193359375,181.25195654794928,179.6480343404535,181.03414013837894,45057100
2024-05-09,182.73704528808594,182.82614787366472,180.3014688648197,180.74699689996783,48983000
2024-05-10,181.47793579101562,183.50040923773955,180.5658387363955,183.3120385724197,50759500
2024-05-13,184.6802215576172,185.49318663872077,183.0344740478803,183.84743912898392,72044800
2024-05-14,185.8203125,186.68285108112164,184.69010361608505,185.8996272619275,52393600
2024-05-15,188.09066772460938,189.0126735344407,185.76084369802737,186.29621459797372,70400000
2024-05-16,188.20962524414062,189.45881387860598,188.03117836935675,188.83421956137332,52845200
2024-05-17,188.2393798828125,189.1713095252472,187.55530322495105,187.8824709799172,41282900
2024-05-20,189.39932250976562,190.27176982167657,187.38675756521698,187.7040166341828,44361300
2024-05-21,190.6980743408203,191.07480055486454,189.28034753675723,189.44888573499304,42309400
2024-05-22,189.26052856445312,191.16405275409193,188.63594934473116,190.61877317517173,34648500
2024-05-23,185.2750701904297,189.35968258649532,185.02721720275102,189.3398501117122,51005900
2024-05-24,188.3484344482422,188.94328765804346,186.42509288132968,187.19840810516956,36327000
2024-05-28,188.35836791992188,191.3425125399711,187.4760118609873,189.86530324069457,52280100
2024-05-29,188.65577697753906,190.59895109353056,187.8824768517226,187.98162409974876,53068000
2024-05-30,189.64718627929688,190.52954231443272,188.99286588586446,189.12173915319045,49889100
2024-05-31,190.59896850585938,190.91622762632966,188.27906791647348,189.79592715782175,75158300
2024-06-03,192.36367797851562,193.31544019840626,190.86665123579675,191.24337752621932,50080500
2024-06-04,192.68092346191406,193.64259428823095,191.3722523931234,192.96842627855952,47471400
2024-06-05,194.18785095214844,195.20900403542353,193.19643901671662,193.72188613227584,54156800
2024-06-06,192.80978393554688,194.81244022862765,192.50244866402238,194.0093990023229,41181800
2024-06-07,195.19911193847656,195.2486855650071,192.47272888451312,192.978343568532,53103900
2024-06-10,191.4614715576172,195.60558138834554,190.49980075281104,195.20900753042525,97010200
2024-06-11,205.3709716796875,205.38089548057218,191.96709351098235,191.98691085726122,172373300
2024-06-12,211.24014282226562,218.30889945026047,205.1231180281253,205.58908283581826,198134300
2024-06-13,212.40008544921875,214.88852380834695,209.782758705521,212.8957913864929,97862700
2024-06-14,210.6651153564453,213.32209192759066,209.48533280144244,212.01343611534222,70122700
2024-06-17,214.80923461914062,217.06965275202606,210.89316027395952,211.53757201804441,93728300
2024-06-18,212.44964599609375,216.7523850703462,211.17073132176122,215.7213082393038,79943300
2024-06-20,207.87925720214844,212.40010854906527,207.0563985691976,212.09275812722348,86172500
2024-06-21,205.70806884765625,210.07027533194446,205.33132746963062,208.58315742215362,241805100
2024-06-24,206.3524932861328,210.87332959032133,204.8158016590104,205.93610206103614,80727000
2024-06-25,207.27452087402344,209.56468024841507,206.8184646829133,207.35382052419757,55549700
2024-06-26,211.41859436035156,213.01476817493463,208.8310086144187,209.68362348048936,66213200
2024-06-27,212.2613067626953,213.88722177256454,210.5263358320774,212.8462361886446,49772700
2024-06-28,208.81117248535156,214.21437951883613,208.4939285392998,213.91695291908772,82542700
2024-07-01,214.88853454589844,215.64200216221636,210.10001313722785,210.26855134899324,60402900
2024-07-02,218.37832641601562,218.48738234159504,213.2527281692765,214.29369867156123,58046200
2024-07-03,219.64732360839844,219.64732360839844,217.1489612238199,218.11063203893852,37369800
2024-07-05,224.39617919921875,224.50523511983306,219.74645469045154,219.74645469045154,60412400
2024-07-08,225.8634796142578,225.89322076278884,221.3327197032473,225.13973799267995,59085900
2024-07-09,226.71607971191406,227.42989753320916,224.4259205051531,225.97252074204383,48076100
2024-07-10,230.9791717529297,231.07831900756045,227.28120909695775,227.33078272427315,62627700
2024-07-11,225.61561584472656,230.39421338925845,223.83107137940016,229.40280147827102,64710600
2024-07-12,228.5601043701172,230.64207551688347,226.71607753741577,226.9540218514806,53046500
2024-07-15,232.386962890625,235.1926606193721,231.0882156126273,234.44910163171727,62631300
2024-07-16,232.80335998535156,234.24090427881208,230.33473879844306,232.98180687397965,43234300
2024-07-17,226.9143829345703,229.47222770464353,224.6936146131452,227.4794799069808,57345900
2024-07-18,222.25469970703125,228.46094752609622,220.36111458394757,228.30231800055432,66034600
2024-07-19,222.38360595703125,224.8522270905052,221.36245288688534,222.88923571935766,49151500
2024-07-22,222.03662109375,225.82380677595344,221.174082433242,225.06041535891617,48201800
2024-07-23,223.07762145996094,224.99105459605977,220.7676295522315,222.4431183487035,39960300
2024-07-24,216.6631622314453,222.86941075843336,215.26528287042115,222.07627816799848,61777600
2024-07-25,215.62217712402344,218.95332167523742,212.77681471652627,217.0497975364767,51391200
2024-07-26,216.08815002441406,217.6050090608147,214.15488466672127,216.8217851678197,41601300
2024-07-29,216.36575317382812,217.41664743865044,213.8971319294418,215.09674706599597,36311800
2024-07-30,216.92092895507812,218.43778796730905,214.2639371695869,217.3075789949067,41643800
2024-07-31,220.17276000976562,221.89782218872546,218.7352157578384,219.53825698895486,50036300
2024-08-01,216.48472595214844,222.55216258005441,215.15623749650504,222.44310665442717,62501000
2024-08-02,217.97183227539062,223.66254232334134,215.84030263063204,217.2679231335739,105568600
2024-08-05,207.47276306152344,211.6664309709882,194.3167235143498,197.38018251460616,119548600
2024-08-06,205.45028686523438,208.18659343179937,199.34320096724198,203.53686913101606,69660500
2024-08-07,208.01806640625,211.80525225793107,204.61751548926864,205.12313014700663,63516400
2024-08-08,211.47808837890625,212.36044444161047,207.0365669160157,211.27980900719393,47161100
2024-08-09,214.3829345703125,214.91829038971974,210.1496011292121,210.27848952903548,42201600
2024-08-12,215.9114532470703,217.8767166928247,213.99582080224636,214.46232494953352,38028100
2024-08-13,219.62364196777344,220.23902400333975,217.38044783379533,217.38044783379533,44155300
2024-08-14,220.07028198242188,221.37053243582614,218.06530765715263,218.9288446755302,41960600
2024-08-15,223.04795837402344,223.67327566716008,221.1025352094067,222.9288560878089,46414000
2024-08-16,224.36807250976562,225.14226768918678,221.98592068094572,222.25391598005478,44340200
2024-08-19,224.20924377441406,224.30850577318623,221.3804434072076,224.04051049270504,40687800
2024-08-20,224.82461547851562,225.47970829184257,223.7725049787654,224.09013124410717,30299000
2024-08-21,224.71546936035156,226.28371522001356,223.37552309496598,224.8345868015738,34765500
2024-08-22,222.859375,226.64102413052154,222.2340576918725,226.09511339685906,43695300
2024-08-23,225.15219116210938,226.52192810531062,222.66087229355688,223.98097823318813,38677300
2024-08-26,225.4896697998047,225.58893181224732,222.22415556593285,225.07279660900764,30602200
2024-08-27,226.33334350585938,227.14724957253156,223.21670725505913,224.31844891527626,35934600
2024-08-28,224.80482482910156,228.149745768746,224.0008388469185,226.2241777594259,38052200
2024-08-29,228.0802459716797,231.18696212304621,227.1770283167567,228.3879521456165,51906300
2024-08-30,227.29612731933594,228.68570457235603,225.78743262658827,228.4772755570311,52990800
2024-09-03,221.11248779296875,227.2961293418145,219.52438650802387,226.84948058831634,50190600
2024-09-04,219.20675659179688,220.1298295937355,215.86182100754215,220.01072730838987,43840200
2024-09-05,220.72537231445312,223.80229748015876,219.87177059333374,219.9809527371486,36615400
2024-09-06,219.17698669433594,223.56409767944487,218.13479623481732,222.28368749781316,48423000
2024-09-09,219.26632690429688,219.6236489368284,215.09757995493325,219.17700018247805,67180000
2024-09-10,218.47227478027344,219.83207646515766,215.1174187834135,217.29112653781655,51591000
2024-09-11,221.00331115722656,221.4301044903715,216.26879790334314,219.81224273641337,44587100
2024-09-12,221.11248779296875,221.8866830044339,218.1844402475294,220.84449248276735,37455600
2024-09-13,220.84449768066406,222.37303270856336,220.25889118684435,221.9164638014437,36766600
2024-09-16,214.71047973632812,215.60377723416104,212.32832783334672,214.92882889414335,59357400
2024-09-17,215.1769561767578,215.2861383219032,212.90400170360138,214.14470101422842,45519300
2024-09-18,219.0479736328125,221.05294820219595,215.92140190435074,215.93133719300198,59894900
2024-09-19,227.16709899902344,228.11004268622213,222.95865620671253,223.31597824995185,66781300
2024-09-20,226.5020751953125,231.3556905514529,225.92638886705737,228.2589097535001,318679900
2024-09-23,224.7849578857422,227.74278104335218,224.12986496132828,225.64847983003366,54146000
2024-09-24,225.67825317382812,227.64353192764617,224.05045616714196,226.94872814757065,43556100
2024-09-25,224.68568420410156,225.59883710649478,222.35317851779175,223.2563961324406,42308700
2024-09-26,225.8271484375,226.79985253593196,223.73284722402752,225.608784129346,36636700
2024-09-27,226.0950927734375,227.81223139225995,225.60874837392768,226.76012088076428,34026000
2024-09-30,231.266357421875,231.266357421875,227.9412771261621,228.3283747151782,54541900
2024-10-01,224.5269012451172,227.94129335648356,222.0752779583648,227.81227091446172,63285000
2024-10-02,225.09263610839844,225.67824256269316,221.360617941662,224.20925878310885,32880600
2024-10-03,223.99090576171875,225.12242301224842,221.65839996957536,223.4648504260935,34044200
2024-10-04,225.11248779296875,226.3035561118749,222.46235586119454,226.20429410810965,37245100
2024-10-07,220.04052734375,224.01076551273388,219.68320530273118,222.8296172342201,39505400
2024-10-08,224.09014892578125,224.29857792676054,221.58889489724396,222.63108533790577,31855700
2024-10-09,227.8321075439453,228.04055170887608,223.1571606453159,223.554178398676,33591100
2024-10-10,227.3358154296875,227.7923994519787,225.47973405841245,226.0851959438118,28183500
2024-10-11,225.85693359375,227.70309500312143,225.64848941975737,227.5939128444124,31759200
2024-10-14,229.5790252685547,230.00581860221664,226.89911753216435,226.99836439928595,39882100
2024-10-15,232.1100311279297,235.72294688412148,230.64103225198252,231.87181141001133,64751400
2024-10-16,230.055419921875,230.39288648800354,228.1298522341637,229.87676649695567,34082200
2024-10-17,230.4226837158203,232.11004699556463,228.8048220166126,231.69315867439417,32993800
2024-10-18,233.25146484375,234.42267769537074,232.2688255608399,234.42267769537074,46431500
2024-10-21,234.72044372558594,235.08770100400858,232.70554934615632,232.70554934615632,36254500
2024-10-22,234.1051025390625,234.46242459274853,230.86936376892484,232.1497589598997,38846600
2024-10-23,229.04299926757812,233.39041424004768,226.06532109909307,232.33830371042365,52287000
2024-10-24,228.85446166992188,229.10260155629064,226.710529416834,228.26884002769643,31109500
2024-10-25,229.68820190429688,231.484732210271,227.86189602437614,228.03062932515897,38802300
2024-10-28,231.66339111328125,232.98349712196287,230.81972458948547,231.58399967772363,36087100
2024-10-29,231.93138122558594,232.5864741436605,230.59143496071306,231.36563017470797,35417200
2024-10-30,228.387939453125,231.7328600109945,227.8420287171323,230.87925826342104,47070900
2024-10-31,224.22911071777344,228.11994197442104,223.693120129287,227.63358238786932,64370100
2024-11-01,221.25143432617188,223.67328184782377,218.6310779402587,219.32586653780092,65276700
2024-11-04,220.35813903808594,221.13233427123137,218.07526420177624,219.34573920720757,44944500
2024-11-05,221.7874298095703,222.28370958768312,219.49461965793014,220.14971259990074,28111300
2024-11-06,221.06283569335938,224.38791581537038,219.54422098922427,220.95365355112233,54561100
2024-11-07,225.78744506835938,226.18447798056903,222.89910825147632,222.95865940199351,42137700
2024-11-08,225.51914978027344,227.20835428792034,224.9726384261151,225.72780810336752,38328800
2024-11-11,222.8064727783203,224.26714170400084,220.0938084143074,223.57158868270503,42005600
2024-11-12,222.8064727783203,224.15783943194586,221.9420008205612,223.12444853772337,40398300
2024-11-13,223.69081115722656,225.21109667354565,221.3457931121334,222.5878574334345,48566200
2024-11-14,226.77114868164062,227.41701609796436,223.57158960851197,223.59146688403666,44923900
2024-11-15,223.57159423828125,225.47940335635096,222.8462328667566,224.96270031544069,47923700
2024-11-18,226.57241821289062,228.28149999782985,223.74050538640262,223.8199993254601,44633700
2024-11-19,226.8307647705078,228.6988344551977,225.22105418122663,225.53901477922054,36211800
2024-11-20,227.5461883544922,228.47027695087482,224.45593165289552,226.61215353970658,35169600
2024-11-21,227.0692596435547,228.6988476019872,224.27710117470866,227.42697481306035,42108300
2024-11-22,228.41067504882812,229.25528492407807,226.61216818417898,226.61216818417898,38168300
2024-11-25,231.39161682128906,231.7692092379923,228.28149797848934,229.99057974831032,90152800
2024-11-26,233.56773376464844,234.07450576495518,231.8487208075284,231.8487208075284,45986200
2024-11-27,233.43853759765625,234.1937224347506,232.32565277909848,232.9814664022851,33498400
2024-11-29,235.82330322265625,236.3002516789311,232.48463370489634,233.3192972938568,28481400
2024-12-02,238.0689239501953,239.26130254103032,235.65435844089816,235.76366069616984,48137100
2024-12-03,241.1095428466797,241.21884512379424,237.38334952948236,238.2875760799829,38861000
2024-12-04,241.46725463867188,242.56027739454964,239.7184333911867,241.32814402991647,44383900
2024-12-05,241.49703979492188,242.9875169579372,240.59282850575005,242.44102079436578,40033900
2024-12-06,241.29830932617188,243.07695387436263,240.5431396985891,241.36787220390693,36870600
2024-12-09,245.18350219726562,245.67039687977774,240.21524480725012,240.29473874492055,44649200
2024-12-10,246.19705200195312,246.63426111556626,243.78247081974237,245.3226337747269,36914800
2024-12-11,244.9251708984375,249.20780656351602,244.69662013013263,246.3858398593606,45205800
2024-12-12,246.3858184814453,247.1608653940442,244.1202792424049,245.32260415969785,32777500
2024-12-13,246.55474853515625,247.70737273801882,244.67674782957272,246.24671899982582,33155300
2024-12-16,249.44625854492188,249.78411156803347,246.07778066556844,246.41563368868003,51694800
2024-12-17,251.8707733154297,252.21855739876366,248.19426586582333,248.49236434269267,51356400
2024-12-18,246.47525024414062,252.66569465886903,246.16722071424974,250.559158393614,56774100
2024-12-19,248.20419311523438,250.400169527173,245.5213371883983,245.92873792847348,60882300
2024-12-20,252.87437438964844,253.38113119374523,244.13023820234332,246.46531011815415,147495300
2024-12-23,253.64942932128906,254.02700659111463,251.84097626600598,253.15260355822258,40858800
2024-12-24,256.5608215332031,256.5707374276886,253.66927695641888,253.868019379837,23234700
2024-12-26,257.3755798339844,258.44874034869076,255.99442012888886,256.55086249805703,27237100
2024-12-27,253.96737670898438,257.05764856283577,251.45343969164696,256.19314630806485,42355300
2024-12-30,250.59890747070312,251.890657464443,249.15811581542044,250.6287158030117,35557500
2024-12-31,248.83021545410156,251.6720594492945,247.84649497663966,250.83739579916153,39480700
2025-01-02,242.3019256591797,247.51859606258614,240.28481431614935,247.34966196417784,55740700
2025-01-03,241.81504821777344,242.629834626151,240.35437918764114,241.81504821777344,40244100
2025-01-06,243.4446258544922,245.7598357483754,241.6560500607284,242.75900387005615,45045600
2025-01-07,240.67234802246094,243.9911405526811,239.81780708502322,241.4374487975533,40856000
2025-01-08,241.15924072265625,242.1628385440956,238.5260700426742,240.38419368621172,37628900
2025-01-10,235.3463897705078,238.63537417198498,231.52082500923515,238.48631733341054,61710900
2025-01-13,232.91192626953125,233.18021644375222,228.2616441132745,232.04745423938814,49630700
2025-01-14,231.79901123046875,234.62097773623856,230.9941559742804,233.2596800887061,39435300
2025-01-15,236.35987854003906,237.4429702030776,232.94171493841435,233.1503884256181,39832000
2025-01-16,226.81088256835938,236.49898454969573,226.58234697208553,235.84318609247865,71759100
2025-01-17,228.51995849609375,230.81529094249188,227.0294813062853,230.64637201374376,68488300
2025-01-21,221.22654724121094,222.9952455214703,217.98724913328002,222.5779137526142,98070400
2025-01-22,222.40902709960938,222.6971793763667,218.39466636780546,218.39466636780546,64126500
2025-01-23,222.24009704589844,225.58869773276695,220.88873040600683,223.3132424800993,60234800
2025-01-24,221.3656768798828,224.19758968028435,220.00437919561992,223.35297985225768,54697900
2025-01-27,228.40074157714844,230.67619691244207,222.55806572164707,222.59782027357136,94863400
2025-01-28,236.74740600585938,238.66516132615985,229.3447052045828,229.3844597561093,75707600
2025-01-29,237.84042358398438,238.33724933385383,232.52438199561368,232.6336842670617,45486100
2025-01-30,236.08164978027344,239.26133146080375,235.7040725307193,237.1547951903121,55658300
2025-01-31,234.5017547607422,245.62071750771995,231.95800933839706,245.62071750771995,100959800
2025-02-03,226.56248474121094,230.35824094469035,224.2671520837408,228.52992572925916,73063300
2025-02-04,231.32208251953125,231.64998934854387,225.21111642561868,225.80731341689966,45067300
2025-02-05,230.9941864013672,231.19291368703577,226.82085275464706,227.0791967098242,39620300
2025-02-06,231.73941040039062,232.31573010563136,228.96711414866223,229.8216550685821,29925300
2025-02-07,226.18490600585938,232.5144614947352,225.81724462416,231.12335539671392,39707200
2025-02-10,226.45346069335938,229.378010419489,226.00582893863492,228.36338248973718,33115600
2025-02-11,231.39735412597656,233.99363668198936,226.93096309298542,227.00058728303875,53718400
2025-02-12,235.625,235.71453849328682,229.4675323792709,229.98480349517558,45243300
2025-02-13,240.26052856445312,241.06626881430705,234.33186254170715,235.66481592241834,53614100
2025-02-14,243.3143768310547,244.25938055012708,239.7233505557091,239.9819785190441,40896200
2025-02-18,243.18507385253906,243.8913336127375,240.56889220053384,242.86674847770814,48822500
2025-02-19,243.5829620361328,244.716969605811,241.88195827091008,243.37407429304395,32204200
2025-02-20,244.5379180908203,245.4829218502696,243.00600383864503,243.65259654249155,32316900
2025-02-21,244.25938415527344,247.38287960480025,243.93111682470231,244.6572756706751,53197400
2025-02-24,245.80125427246094,247.55199828948733,243.1353323966777,243.64264638435856,51326400
2025-02-25,245.74156188964844,248.68601093773057,243.62276739789988,246.69652285022872,48013300
2025-02-26,239.09664916992188,243.6923612222431,237.8731183985742,243.0457837458091,44433600
2025-02-27,236.05274963378906,241.1856322165831,235.81400561415145,238.15166004001364,41153600
2025-02-28,240.56887817382812,240.8175641664438,228.9900589647863,235.70458076540925,56833400
2025-03-03,236.77890014648438,242.7473638198223,234.8689935924468,240.51913191748446,47184000
2025-03-04,234.68994140625,238.80819608105105,233.44651142335266,236.46059966619734,53798100
2025-03-05,234.50094604492188,235.30668622205877,228.02515316620742,234.18262069274581,47227600
2025-03-06,234.09310913085938,236.60981025581015,231.93451645578955,233.20778757123546,45170400
2025-03-07,237.81346130371094,240.10136041796665,233.5261018066448,233.87426828677374,46273600
2025-03-10,226.28436279296875,234.91874867921032,223.04150278970278,234.3019970725287,72071200
2025-03-11,219.6792755126953,224.65299583409444,216.3070937419303,222.63366659789358,76137400
2025-03-12,215.8395538330078,220.58448707211764,213.7804415985268,218.98294858814833,62547500
2025-03-13,208.5779266357422,215.70029772842102,207.3245545879158,214.81497612462363,61368300
2025-03-14,212.36790466308594,212.8254784087618,208.4784519318959,210.13967261110687,60107600
2025-03-17,212.87522888183594,214.08881784956162,208.86641153353526,212.18885305172668,48073400
2025-03-18,211.5720977783203,214.01915944879542,210.37840804794794,213.03437263106773,42432400
2025-03-19,214.1086883544922,217.61017604964766,212.62651443867486,213.0940452987452,54385400
2025-03-20,212.97471618652344,216.34689805154306,211.1045924362575,212.86529372925065,48862900
2025-03-21,217.12277221679688,217.68976839110027,210.16950634984832,210.4480334492585,94127800
2025-03-24,219.56983947753906,220.3158974796034,217.4311459430569,219.8384246082871,44299500
2025-03-25,222.57398986816406,222.92215637067883,218.9232808837126,219.60965673355645,34493600
2025-03-26,220.36561584472656,223.83727753407086,219.31118973503234,222.33520452469477,34466100
2025-03-27,222.67343139648438,223.80743885219795,219.40071541682642,220.22635468753003,37094800
2025-03-28,216.7547149658203,222.6336557419088,216.5358700680628,220.504904155295,39818600
2025-03-31,220.9624786376953,224.4341253115235,215.09348022110552,215.86937928840504,65299300
2025-04-01,222.0169219970703,222.50433685640354,217.749461617725,218.65468232589998,36412700
2025-04-02,222.71324157714844,224.00641185945875,219.8583310514353,220.15675729790527,35905900
2025-04-03,202.12203979492188,206.39944211542388,200.19223396809613,204.4596791341039,103419000
2025-04-04,187.38987731933594,198.82943318150367,186.3553350717911,192.87091122900438,125910900
2025-04-07,180.50625610351562,193.12954493623218,173.70219548773406,176.26863687444822,160466300
2025-04-08,171.51376342773438,189.33957458197378,168.32064359895526,185.71870692843436,120859500
2025-04-09,197.8048553466797,199.55559936553783,170.98654976711688,171.04623198001363,184395900
2025-04-10,189.41917419433594,193.75625918037224,182.0381746186605,188.07627873463142,121880000
2025-04-11,197.1085205078125,198.49121408156802,185.0820690088969,185.12186726950821,87435900
2025-04-14,201.45556640625,211.8207974391945,200.10271391024364,210.32868138530173,101352900
2025-04-15,201.0775604248047,202.4403549077855,198.7498630049633,200.7990333068026,51343900
2025-04-16,193.24891662597656,199.64511311117855,191.35889396287376,197.31741584829123,59732400
2025-04-17,195.94467163085938,197.78495412822454,193.39812938355274,196.16351652823,52164700
2025-04-21,192.1447296142578,192.78136508405416,188.81233157759124,192.25415204712533,46742500
2025-04-22,198.690185546875,200.53045296496776,194.93999616163734,195.0892017003565,52976400
2025-04-23,203.52464294433594,206.9067667134076,201.7341005812904,204.9172785719325,52929200
2025-04-24,207.27481079101562,207.73239972806866,201.87335793866913,203.81310578126346,47311000
2025-04-25,208.18002319335938,208.6475540878433,205.1162098506388,205.28531450927932,38222300
2025-04-28,209.03550720214844,210.38835967290976,206.3696005213303,208.89624364686077,38743100
2025-04-29,210.09986877441406,211.1244537916441,207.27478452266,207.59310986089218,36827600
2025-04-30,211.3831024169922,212.4574277707069,205.5837430092506,208.19992461631293,52286500
2025-05-01,212.19879150390625,213.43226431553572,207.8020097882055,207.98107159612528,57365700
2025-05-02,204.27069091796875,205.9020705063368,201.09745506032002,205.0067917796952,101010600
2025-05-05,197.84463500976562,203.02725796650907,197.1682163705072,202.03251395918386,69018500
2025-05-06,197.4666290283203,199.59538061408486,195.98447015970467,197.1682179665783,51216500
2025-05-07,195.21852111816406,198.3917570874617,192.23428894820486,198.12317194216024,68536700
2025-05-08,196.45199584960938,198.99853803284546,193.65675249053749,196.68078271707188,50478900
2025-05-09,197.4865264892578,199.48595647897335,196.50172445806652,197.95405738682032,36453900
2025-05-12,209.95706176757812,210.4351760021984,205.93303241640405,210.1363584051843,63775800
2025-05-13,212.08859252929688,212.55673652410627,208.17412935394688,209.59847136477597,51909300
2025-05-14,211.490966796875,213.09460539099953,209.7478820292828,211.5905625216416,49325800
2025-05-15,210.6144561767578,212.11849916658366,208.71199985896817,210.11643191755599,45029500
2025-05-16,210.42520141601562,211.73003772257164,208.94109887256835,211.52086084946143,54737900
2025-05-19,207.9550018310547,208.65223273202483,203.45285841572866,207.0884445111699,46140500
2025-05-20,206.04258728027344,207.64622592622177,204.2198167548668,206.84938410987283,42496600
2025-05-21,201.2914276123047,206.22186440009241,199.91689108628387,204.3592586621154,59211800
2025-05-22,200.56430053710938,201.94880716447733,198.91085659406792,199.91687517553498,46742400
2025-05-23,194.49839782714844,196.9187884239126,192.69555244631704,192.9047141233614,78432900
2025-05-27,199.4188690185547,199.94677348688452,196.64984031499387,197.51641281084125,56288500
2025-05-28,199.62803649902344,201.9289060786693,199.11008702875665,199.79736291846774,45339700
2025-05-29,199.15989685058594,203.00464471322186,197.72558456215265,202.775557811137,51396800
2025-05-30,200.0563507080078,201.16196516975768,196.00242594876025,198.58218796001185,70819900
2025-06-02,200.90298461914062,201.3312933884623,199.3292261245183,199.4885975362889,35423300
2025-06-03,202.46676635742188,202.9647905668523,200.16589694161215,200.55435521702816,46381600
2025-06-04,202.0185546875,205.42503857555045,201.30139858491114,202.10819540070028,43604000
2025-06-05,199.83721923828125,203.9409342732031,199.35910500622674,202.69587362440456,55126100
2025-06-06,203.11419677734375,204.8871617909174,201.2515910514923,202.19783403313102,46607700
2025-06-09,200.6539764404297,205.18600036190864,199.2296343157191,203.58236159580053,72862600
2025-06-10,201.86912536621094,203.54249456453348,199.77743286642308,199.80731310224203,54672600
2025-06-11,197.9945068359375,203.69190510411792,197.62597377823997,202.69585666840098,60989900
2025-06-12,198.41285705566406,198.890956077424,196.58013147350607,198.29333609984755,43904600
2025-06-13,195.67372131347656,199.57822954037988,194.92668495173118,198.94075911963023,51447300
2025-06-16,197.6359405517578,197.90487790098294,195.78328974313985,196.52037110088898,43020700
2025-06-17,194.86691284179688,197.60604600468164,194.43861931524052,196.42074594971083,38856200
2025-06-18,195.80319213867188,196.78928550519313,194.29916455806153,195.16572178414586,45394700
2025-06-20,200.2057342529297,200.90296511361447,196.08209436431653,197.45664606001856,96813500
2025-06-23,200.7037811279297,201.50062300089087,198.17382451965966,200.83327230185307,55814300
2025-06-24,199.50851440429688,202.63610603642124,199.4089034764897,201.78945874554142,54064000
2025-06-25,200.76353454589844,202.8651975026319,199.82724651799433,200.65396860223956,39525700
2025-06-26,200.2057342529297,201.83925306874522,198.67182635942322,200.63402778217431,50799100
2025-06-27,200.28543090820312,202.41697405518968,199.20969672208463,201.09222774816857,73188600
2025-06-30,204.35926818847656,206.570497066428,198.47261792694385,201.21175129212304,91912800
2025-07-01,206.99879455566406,209.35942450018746,205.3254252695324,205.85332972802502,78788900
2025-07-02,211.6005401611328,212.49697770796604,207.31752868499885,208.08449026524102,67941800
2025-07-03,212.70616149902344,213.80180573654258,210.97303162710094,211.31168447150716,34955800
2025-07-07,209.120361328125,215.37554414763466,207.97491173225177,211.8395692407974,50229000
2025-07-08,209.18014526367188,210.59453234535175,207.62631199643187,209.26980118177752,42848900
2025-07-09,210.30567932128906,210.49493096772343,206.40117103180637,208.7020406311003,48749400
2025-07-10,211.57064819335938,212.6364120977978,209.2000480941239,209.678147079363,44443600
2025-07-11,210.32559204101562,211.29176024279,209.03072603053,209.73792710960444,39765800
2025-07-14,207.79562377929688,210.07658325197187,206.71988962428105,209.10044482334126,38840100
2025-07-15,208.28370666503906,211.05272033528996,208.09445501444372,208.39327261019983,42296300
2025-07-16,209.32955932617188,211.5606982702429,207.81556132948495,209.46900551017632,47490500
2025-07-17,209.19009399414062,210.96305897069354,208.761785269157,209.7379236663323,48068100
2025-07-18,210.3455047607422,210.95309492429405,208.87135730762196,210.0367321724359,48974600
2025-07-21,211.64036560058594,214.92732845073886,210.7937335563828,211.2618775331451,51377400
2025-07-22,213.55279541015625,214.1006251327807,211.39137195770533,212.29777975345726,46404100
2025-07-23,213.3037872314453,214.29983576430007,211.5706725113145,214.15043456376964,46989300
2025-07-24,212.91529846191406,214.8376797586153,212.68621158769832,213.05474462863134,46022600
2025-07-25,213.03485107421875,214.38947759784276,212.5567368669443,213.85160291428238,40268800
2025-07-28,213.20419311523438,214.00103498726418,212.21809958876685,213.18426788884761,37858000
2025-07-29,210.43516540527344,213.96117031669576,209.9869466315705,213.33365491441555,51411700
2025-07-30,208.2239227294922,211.55072076453234,206.89917652304968,211.06265157316113,45512500
2025-07-31,206.74978637695312,209.01080544085684,206.3414028602417,207.66614913739534,80698400
2025-08-01,201.58030700683594,212.7360475386617,200.7037794341265,210.03674932642843,104434500
2025-08-04,202.5464630126953,207.0585613783641,200.88304868853191,203.70186769022786,75109300
2025-08-05,202.11814880371094,204.52858421879685,201.36115745633876,202.59624780213056,44155100
2025-08-06,212.4073486328125,214.5289368613384,204.77761325937152,204.81746371165528,108483100
2025-08-07,219.16053771972656,219.97730473834642,215.7241736307253,218.01508808955717,90224800
2025-08-08,228.4437255859375,230.08719950298993,218.38362983130105,219.95738825778145,113854000
2025-08-11,226.53909301757812,228.91238364576833,224.12592192869855,227.27701087414155,61806100
2025-08-12,229.0021209716797,230.14888579943394,226.429412881848,227.36674823663387,55626200
2025-08-13,232.6717529296875,234.33703985510917,229.77992501054072,230.4181341091737,69878500
2025-08-14,232.123291015625,234.4566858681212,230.1987431425788,233.39967872378062,51916300
2025-08-15,230.9366455078125,233.6190590405621,228.69299310222902,233.33985018068216,56038700
2025-08-18,230.23863220214844,232.46233685580373,229.46083388892833,231.04634466466607,37476200
2025-08-19,229.90956115722656,232.2130419457167,228.70298322789472,230.62753117126795,39402600
2025-08-20,225.3723907470703,229.81981519856654,225.13307755654054,229.33119207499826,42263900
2025-08-21,224.26553344726562,225.88097364743615,223.14869792378403,225.6316789169631,30621200
2025-08-22,227.11746215820312,228.44371192910324,224.77410085849388,225.53195134940427,42477800
2025-08-25,226.51914978027344,228.6531118971015,225.59176554347297,225.84106025439092,30983100
2025-08-26,228.6630859375,228.84258604761433,224.05612439304167,226.22996704217394,54575100
2025-08-27,229.8397674560547,230.24859923631865,227.6160475796746,227.96506627689797,31259500
2025-08-28,231.9039306640625,232.75153884501827,228.69301327644948,230.16884905542523,38074700
2025-08-29,231.485107421875,232.7216147258446,230.71727541448905,231.85405874294378,39418400
2025-09-02,229.0719451904297,230.19876225122124,226.32970313085187,228.6032698757151,44075600
2025-09-03,237.79725646972656,238.17618932549604,233.69885053091846,236.5408165177042,66427800
2025-09-04,239.10354614257812,239.2232027368954,236.0721290991865,237.77729643117493,47549400
2025-09-05,239.0137939453125,240.63920029193574,237.81718240373485,239.32291694518142,54870400
2025-09-08,237.2089080810547,239.47249309970456,235.67324414176576,238.62490021245955,48999500
2025-09-09,233.68887329101562,238.1063683630383,232.70166073618753,236.33139119913957,66313900
2025-09-10,226.1501922607422,231.76431424305812,225.31256565050364,231.53496736029473,83440800
2025-09-11,229.3810577392578,229.7998710451417,226.010588238333,226.23995033725743,50208600
2025-09-12,233.40966796875,233.84841389514688,228.3739115767776,228.5733443098202,55824200
2025-09-15,236.0322265625,237.5180285002954,234.3669397384463,236.33138325533858,42699500
2025-09-16,237.4781494140625,240.53949594661788,235.65332541334,236.51088466190768,63421100
2025-09-17,238.3157958984375,239.42266510979977,237.05934071942244,238.2958480596019,46508000
2025-09-18,237.2089080810547,240.51953392817583,235.98236714862816,239.2930082114909,44249600
2025-09-19,244.8074188232422,245.60516498271895,239.53234916144805,240.5494606794321,163741300
2025-09-22,255.35755920410156,255.9160073848096,247.42002368458668,247.5995237986898,105517400
2025-09-23,253.71221923828125,256.6140134777918,252.86462630601793,255.15814081026073,60275200
2025-09-24,251.59820556640625,255.01853710208397,250.33178410429736,254.49999981420794,42303700
2025-09-25,256.14532470703125,256.4444966190252,250.99989343760635,252.49566170312627,55202100
2025-09-26,254.73931884765625,256.87328100426123,253.06405044687503,253.38315498635407,46076300
2025-09-29,253.71221923828125,254.28061851263055,252.29622703166862,253.84185736381545,40127700
2025-09-30,253.9116668701172,255.1980209495745,252.39595068950493,254.1410137555297,37704300
2025-10-01,254.72933959960938,258.0599285933123,254.21080232618834,254.32049261064776,48713900
2025-10-02,256.40460205078125,257.45162766856953,253.43299812845933,255.85613542550084,42630200
2025-10-03,257.2920837402344,258.5086431914624,253.23357360959045,253.9515436206674,49155600
2025-10-06,255.96583557128906,258.33912604890287,254.3304629034206,257.2621558739689,44664100
2025-10-07,255.75645446777344,256.6738420114173,254.70939836699205,256.0855101139428,31955800
2025-10-08,257.3320007324219,257.7906945345413,255.38748958216482,255.79633660873378,36496900
2025-10-09,253.32330322265625,257.27213808351553,252.42584836214985,257.08267167133846,38322000
2025-10-10,244.57806396484375,255.6567217403356,243.3116425485481,254.2207817432353,61999100
2025-10-13,246.96133422851562,248.98560621270488,244.86725241658198,248.67648318296307,38142900
2025-10-14,247.07101440429688,248.14796941642882,244.00966795095763,245.90431694508948,35478000
2025-10-15,248.63658142089844,251.10959602979932,246.77186176083558,248.78616738422895,33893600
2025-10-16,246.75192260742188,248.33743345063007,244.43847540742667,247.54966879270205,39777000
2025-10-17,251.5782470703125,252.66518358811555,246.57242016484557,247.3203043073955,49147000
2025-10-20,261.50018310546875,263.63416054313814,254.90884523128253,255.168106265739,90483000
2025-10-21,262.0286560058594,264.5415659974475,261.0913055219307,261.1411827196178,46695900
2025-10-22,257.72088623046875,262.1084670888602,254.70938662410154,261.9090191460537,45015300
2025-10-23,258.84765625,259.8847307097371,257.2821086816683,259.2066564378435,32754900
2025-10-24,262.0785827636719,263.3848847726989,258.4488367256365,260.4531761824355,38253700
2025-10-27,268.0516662597656,268.36078929414754,263.90339825112477,264.13276036080543,44888200
2025-10-28,268.2411193847656,269.12862319727753,267.39351124836816,268.23113785786586,41534800
2025-10-29,268.93914794921875,270.6443152614699,266.35642794866993,268.5203194424725,51086700
2025-10-30,270.63433837890625,273.36662916750566,267.72259312931254,271.2226702585742,69886500
2025-10-31,269.6072692871094,276.53767519933945,268.40069127196034,276.2085891024436,86167100
2025-11-03,268.29095458984375,270.08589475979994,265.49886601188945,269.65711516237894,50194600
2025-11-04,269.2781982421875,270.72408938596277,266.86501191822913,267.5730004152706,49274800
2025-11-05,269.3779296875,270.9335263776032,266.17696342424256,267.8522167164328,43683100
2025-11-06,269.0089416503906,272.6287059365568,267.1342708755924,267.1342708755924,51204000
2025-11-07,267.7126159667969,271.5218466038475,266.0173996929098,269.03885049148494,48227400
2025-11-10,268.93035888671875,273.22240319845355,266.96401085683,268.46122924118225,41312400
2025-11-11,274.73956298828125,275.3983427074405,269.2996575494418,269.3096487524697,46208300
2025-11-12,272.9628601074219,275.2186787593472,271.19615348009904,274.49002155435767,48398000
2025-11-13,272.44384765625,276.1868935731559,271.5854266195937,273.6016697208788,49602800
2025-11-14,271.9048156738281,275.44821996704485,269.10002929321837,270.54732197227213,47431300
2025-11-17,266.9639892578125,269.98836893107386,265.237217022597,268.3214829895084,45018300
2025-11-18,266.9440612792969,270.2079864201871,264.8279974843966,269.48932037088264,45677300
2025-11-19,268.06195068359375,271.7051756343288,265.00762791735707,265.0375710636542,40424500
2025-11-20,265.7562561035156,274.91922505965954,265.42688147061517,270.327749378444,45823600
2025-11-21,270.98651123046875,272.8230952896135,265.17732758833057,265.4568071090486,59030800
2025-11-24,275.4083251953125,276.4863089537433,270.397615191446,270.397615191446,65585800
2025-11-25,276.4563903808594,279.8600705608694,274.73957871594786,274.75953066216096,46914200
2025-11-26,277.0352783203125,279.01161742605893,276.1170014953278,276.44637611579356,33431400
2025-11-28,278.3328857421875,278.4826014787427,275.4781737009374,276.7458380127342,20135600
2025-12-01,282.57501220703125,282.89442609469603,275.62792768573877,277.4944549964911,46587700
2025-12-02,285.6592712402344,286.86701880065203,282.10587559562896,282.47518456741903,53669500
2025-12-03,283.623046875,288.0847586222564,282.77461708045536,285.6692634925469,43538700
2025-12-04,280.179443359375,284.20196835267484,278.07334059490756,283.5731318378766,43989100
2025-12-05,278.26300048828125,280.6186397013617,277.53434330937836,280.01974631085085,47265800
2025-12-08,277.3746643066406,279.15136205700173,275.6378704438954,277.6142094762677,38211800
2025-12-09,276.66595458984375,279.5106752769474,276.40645748061854,277.64414811825674,32193300
2025-12-10,278.26300048828125,279.2312028389952,275.92734368017386,277.23491184461454,33038300
2025-12-11,277.514404296875,279.07150890817053,273.3022288840155,278.5824273392719,33248000
2025-12-12,277.7639465332031,278.70220580092337,276.30666253778065,277.38464634485007,39532900
2025-12-15,273.6016540527344,279.63046152672615,272.33402020742307,279.63046152672615,50409100
2025-12-16,274.1007385253906,274.9891026980292,271.2859911871425,272.3140798989353,37648600
2025-12-17,271.33587646484375,275.6478724530811,271.13626563598973,274.50001118897205,50138700
2025-12-18,271.68524169921875,273.12257373871984,266.4549687260805,273.1025913325419,51630700
2025-12-19,273.1625061035156,274.09077415448866,269.399477884542,271.6453053723066,144632000
2025-12-22,270.4674987792969,273.37210596231955,270.00836035897595,272.3539780142796,36571800
2025-12-23,271.85491943359375,271.99467443806464,269.06012395403746,270.3377490962612,29642000
2025-12-24,273.3022155761719,274.9192064044749,271.69521595033444,271.8349404799371,17910600
2025-12-26,272.8929748535156,274.859322715931,272.35396775197984,273.65157518449314,21521800
2025-12-29,273.2523498535156,273.8512128461511,271.8449608988494,272.1843267483383,23715200
2025-12-30,272.5735778808594,273.5717234473003,271.77507361210075,272.304089543875,22139600
2025-12-31,271.3558349609375,273.17246717497864,271.24605357156486,272.553621806917,27293600
2026-01-02,270.5074157714844,277.32473598417806,268.5011336129586,271.75509761912826,37838100
2026-01-05,266.7643737792969,271.0064921177503,265.6464557026853,270.1381104139889,45647200
2026-01-06,261.8734436035156,267.0538212812338,261.6338984265986,266.504853430471,52352100
2026-01-07,259.8471984863281,263.1909919246956,259.32817380451803,262.71190159101934,48309800
2026-01-08,258.55963134765625,258.80916773471864,255.22581364132833,256.5433578451618,50419300
2026-01-09,258.8890075683594,259.7274461787287,255.74485516422806,258.5995368285105,39997000
2026-01-12,259.76739501953125,260.8154357257053,256.32378048041085,258.6794199598783,45263800
2026-01-13,260.5658874511719,261.3244878277737,257.9108470550362,258.24022168851656,45730800
2026-01-14,259.4779052734375,261.33447181199796,256.23393227813756,259.0087756526009,40019400
2026-01-15,257.73114013671875,260.5559089501236,256.5732877053955,260.1666175851947,39388600
2026-01-16,255.05613708496094,258.41988279267105,254.45724364888233,257.4217372195352,72142800
2026-01-20,246.2425079345703,254.31750190322293,242.9685916985444,252.26132447540706,80267500
2026-01-21,247.1907501220703,251.09350304772093,244.72532928784554,248.23880604127606,54641700
2026-01-22,247.8894500732422,250.53452965267718,247.68980878155546,248.737864640942,39708300
2026-01-23,247.58001708984375,248.94748685874615,244.22624741136653,246.86136630134166,41689000
2026-01-26,254.9363555908203,256.08421686766076,249.336758511775,251.01363570547153,55969200
2026-01-27,257.791015625,261.46421404872183,257.73112933459527,258.68937090303496,49648300
2026-01-28,255.96446228027344,258.3799575946877,254.03803333601454,257.17220993748055,41288000
2026-01-29,257.801025390625,259.16847988830324,253.93820707645818,257.52154586161765,67253000
2026-01-30,258.9988098144531,261.41430490835,251.7123292610244,254.69678984095313,92443400
2026-02-02,269.5093078613281,269.98839826257677,258.7293169184304,259.5478036352127,73913400
2026-02-03,268.98028564453125,271.3758289780004,267.11372779647115,268.70080609664296,64394700
2026-02-04,275.97723388671875,278.432693698261,271.7850411492978,271.7850411492978,90545700
2026-02-05,275.3983459472656,278.98168486317746,272.72332314901723,277.6142303156022,52977400
2026-02-06,277.6042175292969,280.3890519626743,276.4164219647768,276.6060720438839,50453400
2026-02-09,274.3672180175781,277.9439398399519,271.4499228389202,277.6541982366954,44623400
2026-02-10,273.4280700683594,275.11651686144285,272.68876099546605,274.6369782150198,34376900
2026-02-11,275.24639892578125,279.92208361183503,274.1973776592452,274.44714753122867,51931300
2026-02-12,261.4891052246094,275.46621856633783,259.94051360693726,275.3363333447182,81077200
2026-02-13,255.5445556640625,261.9886306947134,255.21485759663088,261.7688319830923,56290700
2026-02-17,263.6371154785156,266.0449008431299,255.30478047881587,257.8124646511843,58469100
2026-02-18,264.106689453125,266.57441720150126,262.20844437502524,263.35737977838915,34203300
2026-02-19,260.3401184082031,264.2365527856389,259.81060750150084,262.35827847824623,30845300
2026-02-20,264.3364562988281,264.5063132392292,257.9223826043077,258.73163460792017,42070500
2026-02-23,265.9349670410156,269.1819753311392,263.13755670993424,263.24744081710827,37308200
2026-02-24,271.8895263671875,274.6369951599546,267.46358073991865,267.61343657617186,47014600
2026-02-25,273.97760009765625,274.6869380517792,270.8005039088116,271.5298429675081,33714300
2026-02-26,272.6987609863281,275.8558253670768,270.55071567552415,274.6969199809464,32345100
2026-02-27,263.93682861328125,272.5588900215503,262.6480379442022,272.5588900215503,72366500
2026-03-02,264.476318359375,266.2846497598317,259.960490133898,262.16844722421786,41827900
2026-03-03,263.5072326660156,265.31556422164516,259.8905695547566,263.23749216234586,38568900
2026-03-04,262.2783508300781,265.9050144519466,261.179387723623,264.4063951364299,39803100
2026-03-05,260.0504150390625,261.3192350446657,257.01320478174756,260.54995479568396,49658600
2026-03-06,257.2229919433594,258.53178361058343,254.13584003818684,258.39192833924307,41120000
2026-03-09,259.6407775878906,260.9095975388004,253.44647267699952,255.45463216869055,38218500
2026-03-10,260.58990478515625,262.2384104290217,256.71350175461305,257.4128391437035,30590800
2026-03-11,260.5699157714844,261.888707997661,259.3110658747261,260.8496568052655,26218900
2026-03-12,255.52456665039062,258.71164792954545,253.94601921584928,258.4219063383753,40794000
2026-03-13,249.8897705078125,256.0940459350445,249.29033192864068,255.24483747003174,36930000
2026-03-16,252.58729553222656,253.6563027081548,249.6499992581203,251.87794235419486,32074200
2026-03-17,253.99598693847656,254.89516767044782,251.94787083452104,252.72716690012706,32361600
2026-03-18,249.70994567871094,254.70534343896443,248.7708084606242,252.3974721128864,35757900
2026-03-19,248.73085021972656,251.5982036354298,247.0723745163624,249.17043241392184,34864100
2026-03-20,247.76173400878906,248.97061168291066,245.77356028907465,247.7517334570195,88331100
2026-03-23,251.25851440429688,254.3656523266213,250.0496214753341,253.73622734962268,40546100
2026-03-24,251.4083709716797,254.5954370944537,249.32029842391177,250.1195650925759,45152300
2026-03-25,252.38746643066406,254.76528059453105,251.3684162845015,253.86611511385965,28476700
2026-03-26,252.6572265625,256.76344411909713,250.53918279672283,251.88793104116345,41796700
2026-03-27,248.57098388671875,255.2548282141602,247.8416601166152,253.666280215245,47900000
2026-03-30,246.40298461914062,250.63907198816298,245.28400520065438,249.83982057534305,39446200
2026-03-31,253.55638122558594,255.24482803058763,246.87255213324852,247.6818040942864,49598100
2026-04-01,255.3946990966797,255.94418062939917,253.096813183035,253.8461228128272,40059400
2026-04-02,255.68443298339844,255.89424639361263,250.4192795609811,253.96601496217014,31289400
2026-04-06,258.6217041015625,261.9186847371787,256.2239194053331,256.27389167390277,29329900
2026-04-07,253.26666259765625,255.96418954301222,245.47383916108728,255.92421782448065,62148000
2026-04-08,258.66168212890625,259.51090582044134,256.29386854025813,258.2121146377317,41032800
2026-04-09,260.2502136230469,260.879638597066,255.8342992320816,258.7615948993736,28121600
2026-04-10,260.240234375,261.94865175168746,258.78155637925676,259.7406946341393,31291500
2026-04-13,258.96142578125,259.9405042051452,256.4237552437805,259.49093671136296,36234700
2026-04-14,258.59173583984375,261.68888841493145,256.9532612999924,259.01136264890187,48370700
2026-04-15,266.18475341796875,266.3146386359468,257.57269269729437,257.92237663273806,49913500
2026-04-16,263.15753173828125,266.91408037974617,261.0294875448873,266.55439590858066,43323100
2026-04-17,269.98126220703125,272.0493335842862,266.47448343207725,266.7142527536172,61436200
2026-04-20,272.79864501953125,274.0275237795767,270.04120633500696,270.08114756253855,36590200
2026-04-21,265.9250183105469,272.5488901425708,265.1557075406741,271.250098918132,50209800
2026-04-22,272.9185791015625,273.48803128351057,266.62435952726383,267.5734973129919,43249200
2026-04-23,273.1783142089844,275.5161566987003,271.39995382845746,274.79681820267325,33399600
2026-04-24,270.81048583984375,272.80864483253174,269.4017800912603,272.50893317942314,38157100
2026-04-27,267.3636474609375,268.1129570778125,264.8260075108844,265.84505761361925,41466800
2026-04-28,270.4608154296875,272.97851539952296,268.4127145556596,272.0893199684016,40018900
2026-04-29,269.92132568359375,270.7905199823619,266.7942019267937,267.3037117460274,30047900
2026-04-30,271.1002502441406,275.7459641951834,267.893213328058,270.25102650288807,91848200
2026-05-01,279.88214111328125,286.95561044034525,278.1137509144006,278.6032901046287,79915400
2026-05-04,276.5751647949219,280.3716851917065,274.60697695873915,279.4025768563376,46668400
2026-05-05,283.9184265136719,284.30808218316156,276.2455026895375,276.6750995896243,49311700
2026-05-06,287.245361328125,287.76487170009636,280.8112868075762,281.66051049385584,58336100
2026-05-07,287.1754150390625,291.8611003514943,285.5169394038565,289.00371711581823,45224300
2026-05-08,293.0500183105469,294.4886952888782,289.7330669166447,289.7430674686918,52692800
2026-05-11,292.67999267578125,293.8800048828125,290.2300109863281,291.9800109863281,42247300
2026-05-12,294.79998779296875,295.2699890136719,292.55999755859375,292.55999755859375,45748100
2026-05-13,298.8699951171875,300.9200134277344,293.5,293.5,52684300
2026-05-14,298.2099914550781,300.45001220703125,295.3800048828125,299.82000732421875,35324900
2026-05-15,300.2300109863281,303.20001220703125,296.5199890136719,297.8999938964844,54862800
2026-05-18,297.8399963378906,300.6600036621094,294.9100036621094,300.239990234375,34483000
2026-05-19,298.9700012207031,300.510009765625,296.3500061035156,296.9700012207031,42243600
2026-05-20,302.25,302.79998779296875,298.0799865722656,298.17999267578125,38229800
2026-05-21,304.989990234375,305.5400085449219,300.3999938964844,301.05999755859375,42965100
2026-05-22,308.82000732421875,311.3999938964844,305.8399963378906,306.1199951171875,43670200
2026-05-26,308.3299865722656,311.82000732421875,307.6700134277344,309.55999755859375,48000500
2026-05-27,310.8500061035156,313.260009765625,308.29998779296875,308.3299865722656,50430900
2026-05-28,312.510009765625,312.79998779296875,309.57000732421875,310.67999267578125,48220400
2026-05-29,312.05999755859375,315.0,309.5299987792969,311.7799987792969,70026800
2026-06-01,306.30999755859375,310.94000244140625,305.0199890136719,309.6300048828125,48849900
2026-06-02,315.20001220703125,315.45001220703125,306.69000244140625,307.4599914550781,44534700
2026-06-03,310.260009765625,316.94000244140625,308.8500061035156,314.17999267578125,50836700
2026-06-04,311.2300109863281,313.5400085449219,309.6499938964844,313.2300109863281,44869100
2026-06-05,307.3399963378906,315.1700134277344,307.1499938964844,312.8599853515625,65310500
2026-06-08,301.5400085449219,317.3999938964844,301.1700134277344,308.739990234375,77949100
2026-06-09,290.54998779296875,300.75,287.7799987792969,300.2799987792969,70108800
2026-06-10,291.5799865722656,294.75,287.3800048828125,290.739990234375,52793300
2026-06-11,295.6300048828125,297.0,289.5899963378906,293.7200012207031,42572500
2026-06-12,291.1300048828125,297.1400146484375,289.6199951171875,296.0299987792969,38742100
2026-06-15,296.4200134277344,297.7799987792969,291.70001220703125,294.1199951171875,45732600
2026-06-16,299.239990234375,300.4800109863281,293.9700012207031,295.25,39874400
2026-06-17,295.95001220703125,302.07000732421875,294.3599853515625,300.8500061035156,42745100
2026-06-18,298.010009765625,300.57000732421875,295.6199951171875,298.1099853515625,85962200
2026-06-22,297.010009765625,302.4200134277344,296.760009765625,297.30999755859375,44879900
2026-06-23,294.29998779296875,301.6400146484375,294.17999267578125,297.5400085449219,52010900
2026-06-24,293.0799865722656,299.70001220703125,292.94000244140625,295.3599853515625,53081900
2026-06-25,275.1499938964844,288.79998779296875,273.75,287.3999938964844,107013700
2026-06-26,283.7799987792969,285.95001220703125,274.2099914550781,275.0,261775500
2026-06-29,281.739990234375,288.3699951171875,279.8500061035156,286.7300109863281,66427000
2026-06-30,289.3599853515625,289.94000244140625,280.70001220703125,281.1700134277344,65100200
2026-07-01,294.3800048828125,296.5899963378906,289.20001220703125,293.44000244140625,50164200
2026-07-02,308.6300048828125,309.4200134277344,293.67999267578125,294.1199951171875,75352800
2026-07-06,312.6600036621094,314.20001220703125,307.0,307.3599853515625,53590000
2026-07-07,310.6600036621094,315.4800109863281,310.1499938964844,315.2900085449219,42490000
2026-07-08,313.3900146484375,314.82000732421875,307.04998779296875,311.9100036621094,41323500
2026-07-09,316.2200012207031,316.5299987792969,308.1600036621094,310.510009765625,48124500
2026-07-10,315.32000732421875,316.9100036621094,312.1700134277344,314.7200012207031,34132300
2026-07-13,317.30999755859375,323.45001220703125,315.7799987792969,317.0199890136719,43257800
2026-07-14,314.8599853515625,316.19000244140625,311.9100036621094,313.760009765625,36336800
2026-07-15,327.5,328.7300109863281,317.32000732421875,317.6199951171875,60957600
2026-07-16,333.260009765625,334.67999267578125,326.7900085449219,328.010009765625,62970600
2026-07-17,333.739990234375,334.989990234375,329.0,331.9800109863281,63407100
2026-07-20,326.5899963378906,333.7099914550781,323.67999267578125,333.510009765625,53468000
2026-07-21,327.739990234375,329.6000061035156,322.2200012207031,323.1300048828125,41338900
2026-07-22,325.8900146484375,329.0,323.3399963378906,327.8699951171875,38755900
2026-07-23,321.6600036621094,323.29998779296875,319.3500061035156,321.7300109863281,40840800
2026-07-24,333.0199890136719,334.3699951171875,321.6199951171875,321.7900085449219,47489400
2026-07-27,336.9100036621094,339.57000732421875,334.0199890136719,334.5400085449219,49604300
2026-07-28,340.0799865722656,342.8900146484375,335.6000061035156,340.0299987792969,51859000
2026-07-29,338.19000244140625,344.57000732421875,337.3500061035156,339.7300109863281,56090800
2026-07-30,333.42999267578125,334.75,329.5899963378906,333.1000061035156,74817800
2026-07-31,308.9100036621094,310.69000244140625,300.0,304.80999755859375,132489100
2026-08-03,303.4200134277344,311.79998779296875,302.55999755859375,309.5799865722656,75052000
2026-08-04,309.3800048828125,310.4200134277344,301.32000732421875,302.7300109863281,68001000
2026-08-05,311.0,311.7099914550781,305.6700134277344,309.3599853515625,49438800
2026-08-06,312.4100036621094,316.2900085449219,309.2300109863281,314.3399963378906,46076800
