Date,Close,High,Low,Open,Volume
2012-01-03,20.87248992919922,21.020631294710284,20.57620422386895,20.700955630169883,64731500
2012-01-04,21.363689422607422,21.41826795402063,20.880278298244605,20.911465393129248,80516100
2012-01-05,21.582014083862305,21.620998340600963,21.277932717269387,21.348104081968156,56081400
2012-01-06,21.917278289794922,21.979653976488514,21.46505418947796,21.46505418947796,99455500
2012-01-09,21.628786087036133,21.90947737242696,21.613191796258107,21.870491645481888,59706800
2012-01-10,21.706762313842773,21.948467941994647,21.636589472257736,21.776935155427807,60014400
2012-01-11,21.613191604614258,21.815912921470836,21.340298954185602,21.387080338951456,65582400
2012-01-12,21.831512451171875,21.8471067455539,21.55861824810147,21.73015251199623,49370800
2012-01-13,22.02643394470215,22.02643394470215,21.667774141206202,21.776931214069563,60196100
2012-01-17,22.034236907958984,22.338318255300614,21.96406406054877,22.14339400963978,72395300
2012-01-18,22.010841369628906,22.143389891513667,21.808120013384354,22.073217057153872,64860600
2012-01-19,21.92507553100586,22.17457827885539,21.85490269727897,21.95626263091021,74053500
2012-01-20,23.164793014526367,23.188184455719647,22.41628474218629,22.470863284483535,165902900
2012-01-23,23.18038558959961,23.35191983798855,22.884101458892506,23.040039927155433,76078100
2012-01-24,22.87630271911621,23.055632614347733,22.751551358333106,22.97766264206991,51703300
2012-01-25,23.047840118408203,23.11801295890057,22.665788813035217,22.665788813035217,59231700
2012-01-26,23.001054763793945,23.15699471298618,22.92308478919783,23.086821884565033,49102800
2012-01-27,22.790542602539062,23.02445259123367,22.743761199661733,22.96207689167924,44187700
2012-01-30,23.086822509765625,23.094619656151743,22.478658476030862,22.587815551129303,51114800
2012-01-31,23.024457931518555,23.157006509709245,22.790547888570934,23.12581790912116,50572400
2012-02-01,23.305137634277344,23.429889007363485,23.203777701327482,23.22716914146376,67409900
2012-02-02,23.35192108154297,23.523453851912873,23.164792530216534,23.312935347035914,52223300
2012-02-03,23.578035354614258,23.702786746398946,23.461081110710353,23.500065362960356,41838500
2012-02-06,23.546844482421875,23.562437288534472,23.36751308416725,23.422093110599143,28039700
2012-02-07,23.663801193237305,23.77295828325955,23.429891231134736,23.50786121850226,39242400
2012-02-08,23.90550994873047,23.91330709720451,23.562442851642764,23.593631445538925,49659100
2012-02-09,23.991275787353516,24.014665744346956,23.765162955390718,23.921102942065332,50481600
2012-02-10,23.780757904052734,24.01466640332937,23.671600802677503,23.88991500542797,44605300
2012-02-13,23.843135833740234,23.991278690290965,23.726181573159806,23.882120091549005,33319800
2012-02-14,23.741106033325195,23.905919604610038,23.427174352108107,23.80389236956861,59644000
2012-02-15,23.584131240844727,23.85097345129812,23.56843578495156,23.803884089730996,43311300
2012-02-16,24.557327270507812,24.761381718729485,23.780344384438393,23.788192862746026,94705100
2012-02-17,24.52592658996582,24.58086442601634,24.29047829347965,24.486685706199378,70036500
2012-02-21,24.675048828125,24.808469951282873,24.44744747223168,24.470992904651546,50829900
2012-02-22,24.5416316986084,24.863411842656188,24.470996886798467,24.682901322228258,49253200
2012-02-23,24.6201171875,24.792779244594463,24.32972943558108,24.486696030717425,35034700
2012-02-24,24.706445693969727,24.7221426517454,24.518086691494506,24.706445693969727,35575400
2012-02-27,24.60441017150879,24.722134321268932,24.40820275626062,24.518078429777585,34568400
2012-02-28,25.01252555847168,25.059614925771946,24.627957651863504,24.651503083985638,45230600
2012-02-29,24.910499572753906,25.114555515954333,24.80847234962577,25.028223752346108,59323600
2012-03-01,25.342153549194336,25.420635327268343,24.99682803728165,25.059614357907233,77344100
2012-03-02,25.177343368530273,25.459879603518413,25.11455554260736,25.357853877226166,47314200
2012-03-05,24.957599639892578,25.153807188938732,24.816331462012982,25.122413262557842,45240000
2012-03-06,24.769227981567383,25.09885655628351,24.714290135272034,24.75353252330017,51932900
2012-03-07,24.988988876342773,25.051775220376015,24.745691980332023,24.85556770815407,34340400
2012-03-08,25.122400283813477,25.27936684073619,25.036070024755606,25.14594721337912,36747400
2012-03-09,25.106712341308594,25.24013350554899,25.051774479023337,25.19304262620922,34628400
2012-03-12,25.145957946777344,25.271530647137844,24.973294361073155,25.091018580543043,34073600
2012-03-13,25.640392303466797,25.656089261289004,25.232283375643775,25.302918188899408,48951700
2012-03-14,25.7188720703125,25.805203824531866,25.49912069149084,25.530511607116797,41986900
2012-03-15,25.781661987304688,25.85229680071738,25.56976054095519,25.73457410762195,49068300
2012-03-16,25.58546257019043,25.860154928447802,25.506980750053767,25.82876100283733,65626400
2012-03-19,25.27151870727539,25.593298787038012,25.23227781830686,25.538360943704486,44789200
2012-03-20,25.106712341308594,25.232286522603506,24.91050483489298,25.19304262620922,41566800
2012-03-21,25.04392433166504,25.232284842593796,24.973289514302852,25.083165231557643,37928600
2012-03-22,25.11455726623535,25.18519207830218,24.94974370270893,24.965439163322685,31749500
2012-03-23,25.122400283813477,25.200885059218862,24.894800422913967,25.193035084734294,35912200
2012-03-26,25.577594757080078,25.59329170710279,25.23227083824173,25.263661744400057,36758300
2012-03-27,25.522668838500977,25.663938460738446,25.428490088305495,25.62469756431437,36274900
2012-03-28,25.263675689697266,25.66394065150092,25.145952990375818,25.522671017204186,41344800
2012-03-29,25.208738327026367,25.263676186567942,24.965441450366075,25.16165044392719,37038500
2012-03-30,25.31861114501953,25.436336827055683,25.145950603625227,25.428489845401224,31749400
2012-04-02,25.342153549194336,25.475573170697732,25.07531131229962,25.287215705764947,35853600
2012-04-03,25.067466735839844,25.26367270850034,24.847713830982677,25.24012877019206,42752100
2012-04-04,24.494539260864258,24.87125873209231,24.368966602769625,24.847713297345507,49455900
2012-04-05,24.737838745117188,24.824169015978217,24.3689677349996,24.44745102419127,50368600
2012-04-09,24.408206939697266,24.643655279572144,24.306178227992525,24.5023856768696,31056400
2012-04-10,23.913768768310547,24.478847307621493,23.78034761285595,24.37681857271507,54131300
2012-04-11,23.819581985473633,23.96085157271102,23.725401761667417,23.88236830236315,43014000
2012-04-12,24.31402587890625,24.36111674283537,23.87452162750903,23.921610994494166,38304000
2012-04-13,24.180620193481445,24.455311087301435,24.109985349443594,24.243406555187878,39749200
2012-04-16,24.392515182495117,24.478846957420174,24.14921831318601,24.32188036609177,38124800
2012-04-17,24.675048828125,24.808469951282873,24.486689859598123,24.541627704967127,34361500
2012-04-18,24.439599990844727,24.57302111944045,24.361118206801184,24.54947718300502,40552900
2012-04-19,24.33757781982422,24.863413965446203,24.28263996082473,24.431756578982085,54781200
2012-04-20,25.444175720214844,25.813046612371185,25.15378958909576,25.232274350133018,106045000
2012-04-23,25.208738327026367,25.506974560172637,25.138103508488797,25.3578579405439,61398200
2012-04-24,25.05176544189453,25.522663586809948,24.98113064531002,25.279365288821555,40871100
2012-04-25,25.27151870727539,25.36569743957745,25.012524948028794,25.051765836997323,62495500
2012-04-26,25.200885772705078,25.29506451196987,25.051767689101077,25.20873275352375,40308100
2012-04-27,25.09885597229004,25.287216436554285,25.02037269500394,25.208731662324176,41419100
2012-04-30,25.1302547454834,25.200889559016566,25.051771453008293,25.09886082971564,35697200
2012-05-01,25.122400283813477,25.381395551819168,25.0753124124583,25.15379419397563,43832300
2012-05-02,24.957599639892578,25.059628403685668,24.832026928258628,24.99684204786869,37385300
2012-05-03,24.92620086669922,25.036076587179185,24.808476666621484,25.02037962798364,31501300
2012-05-04,24.31402587890625,24.77707556226803,24.266936511921116,24.68289682829776,57927200
2012-05-07,24.055028915405273,24.219843923346442,23.992242602128588,24.09427129679307,48641400
2012-05-08,23.93731117248535,24.15706407624742,23.678317373775574,23.921614215728592,46328300
2012-05-09,24.14137077331543,24.19630863333481,23.62338309749783,23.69401791664972,50309300
2012-05-10,24.12567901611328,24.34543200051791,23.89807904739486,24.219859294270904,43839200
2012-05-11,24.455299377441406,24.753535575452087,24.086429866158962,24.086429866158962,43459300
2012-05-14,24.078575134277344,24.361114301764687,24.047181228137045,24.188450811880717,40528900
2012-05-15,23.86528968811035,24.331377903411767,23.817891320707457,24.204981252492768,61822800
2012-05-16,23.620391845703125,23.95218336757124,23.49399521896924,23.94428339005454,60083700
2012-05-17,23.478193283081055,23.865283108140652,23.470293306230875,23.691488137736297,48484000
2012-05-18,23.122703552246094,23.549291758236755,23.043705289872555,23.53349331117527,56205300
2012-05-21,23.501890182495117,23.533490085820258,22.956803904267048,22.98840380759219,38787900
2012-05-22,23.509798049926758,23.604594778190215,23.304403129666827,23.454499707311935,39504900
2012-05-23,22.99631690979004,23.22541031259921,22.625025367616942,23.185911917663304,65171000
2012-05-24,22.9647159576416,23.146410977018753,22.719822605143392,23.03581427074868,52575000
2012-05-25,22.956811904907227,23.19380674214148,22.91731351875161,23.067410098323286,29507200
2012-05-29,23.351797103881836,23.4781937223163,23.08320391301697,23.209600531451432,37758800
2012-05-30,23.178003311157227,23.288599981230703,23.004208328646534,23.185903288557707,41585500
2012-05-31,23.059507369995117,23.2412023354716,22.862012449233724,23.146404110528795,39134000
2012-06-01,22.474916458129883,22.877804660691073,22.467016482641156,22.719809671215337,56634300
2012-06-04,22.553913116455078,22.735609538494355,22.372218201182054,22.609212944672578,47926300
2012-06-05,22.522321701049805,22.71191665053794,22.427523472922378,22.522321701049805,45715400
2012-06-06,23.185895919799805,23.20169586957935,22.75930631634895,22.814604633811214,46860500
2012-06-07,23.091108322143555,23.46239977848154,23.043709957824582,23.414999907395732,37792800
2012-06-08,23.422893524169922,23.44659345327584,22.948905489416504,23.075302097781893,42551100
2012-06-11,22.83041763305664,23.549299184498434,22.76721930458155,23.48610085602334,46361900
2012-06-12,23.138507843017578,23.146406314645496,22.78301634908872,22.9884112670513,35337900
2012-06-13,23.012104034423828,23.256998784115247,22.948905729579756,23.083202315719216,32984600
2012-06-14,23.178003311157227,23.272800026429742,22.81461188456826,23.170103333756746,39458900
2012-06-15,23.715185165405273,23.76258351393798,23.296495484195106,23.375493736260502,62314400
2012-06-18,23.572996139526367,23.723092715697454,23.470297927021534,23.69149280207541,58679900
2012-06-19,24.252376556396484,24.57626810168619,23.738888563690058,23.849486742477588,75725800
2012-06-20,24.43406867980957,24.528865385734125,24.204973878086694,24.43406867980957,36257100
2012-06-21,23.80998992919922,24.59996970396248,23.74679160748883,24.457773103422397,48456600
2012-06-22,24.252376556396484,24.276074982248588,23.723090115377538,23.936383481879716,45098100
2012-06-25,23.596691131591797,23.952181044769144,23.39919623312666,23.93638109126797,42217200
2012-06-26,23.715185165405273,23.9126800421856,23.651986865106224,23.699385213638926,38421300
2012-06-27,23.83368682861328,24.094380060803772,23.72309015640115,23.849486783719772,33781700
2012-06-28,23.628286361694336,23.738883007831127,23.241196593449274,23.68358468476273,45328400
2012-06-29,24.16547966003418,24.244477933075963,23.80998818472952,24.05488298183572,55227200
2012-07-02,24.141775131225586,24.189174990089157,23.865281981587216,24.189174990089157,30589100
2012-07-03,24.299779891967773,24.299779891967773,23.833691669034287,23.881090037213315,20938100
2012-07-05,24.252376556396484,24.31557486994651,23.99958179542974,24.16547831022771,28801900
2012-07-06,23.849485397338867,24.252375188534312,23.65989046738217,24.18127690145473,38294800
2012-07-09,23.699392318725586,23.88108729821179,23.525597317490977,23.794190550977873,30680800
2012-07-10,23.49399757385254,23.873187492061696,23.312302593056504,23.762590809275725,37534100
2012-07-11,23.146408081054688,23.49399962311513,22.99631300040078,23.470299686122285,39184900
2012-07-12,22.61711883544922,23.051608587715155,22.546022046513663,23.027908653558807,63523600
2012-07-13,23.217500686645508,23.288598973406394,22.68821427785143,22.71981418608585,39085000
2012-07-16,23.257007598876953,23.32810590711969,22.941015954890926,23.28860600989205,27900600
2012-07-17,23.430797576904297,23.588794118231643,23.067407641324763,23.414997621418223,33771300
2012-07-18,24.05487632751465,24.05487632751465,23.272795298192143,23.383393452562473,41090400
2012-07-19,24.228673934936523,24.331370618020784,23.999579132012933,24.102277321863674,46663200
2012-07-20,23.7941837310791,24.5288634167013,23.738883899168037,24.489365043531176,64021700
2012-07-23,23.130605697631836,23.367599000203814,22.917310821257054,23.35969902254919,55151900
2012-07-24,23.027896881103516,23.193793321853928,22.830402051065292,23.098995140458552,47723300
2012-07-25,22.775114059448242,23.170103898499907,22.73561567824974,23.099005606929275,45579500
2012-07-26,23.035808563232422,23.30440178914012,22.980510223798497,23.091106902666347,45301400
2012-07-27,23.509798049926758,23.580896349507764,23.051609845275166,23.28860317270064,44242600
2012-07-30,23.414993286132812,23.5571898456464,23.272796726619227,23.501891518450318,28905000
2012-07-31,23.28070068359375,23.470295626441306,23.17010401029101,23.288600661224898,37620900
2012-08-01,23.233301162719727,23.422896096085996,23.075304631531207,23.375497739436078,31721800
2012-08-02,23.059507369995117,23.32810058277195,22.885710875394423,23.07530581851336,39520500
2012-08-03,23.501890182495117,23.651986709756883,23.288595355349397,23.32809523450582,35859400
2012-08-06,23.659894943237305,23.786291587119493,23.549296749765254,23.69939332941292,27471800
2012-08-07,23.904787063598633,23.97588536059241,23.59669544780343,23.754690491415452,28002900
2012-08-08,23.9600830078125,24.070679677956168,23.7862880251915,23.865284785713193,26257600
2012-08-09,24.094375610351562,24.212872238229522,23.93637910200336,24.007477380083415,24920800
2012-08-10,24.03118133544922,24.189177870274072,23.896884732878082,24.094379648025836,27810300
2012-08-13,24.007484436035156,24.062782778179646,23.825789452769882,23.97588602913837,23049100
2012-08-14,23.95976448059082,24.166520020664656,23.864339780094138,24.09495073691801,34551400
2012-08-15,24.015432357788086,24.079049334869378,23.872293780168082,23.943863068978082,24351000
2012-08-16,24.476654052734375,24.60388799770617,24.063142973201906,24.142664567996345,35787200
2012-08-17,24.57209014892578,24.587994778610437,24.32557445580949,24.587994778610437,32589900
2012-08-20,24.44485855102539,24.532332506151988,24.317624534522587,24.508475559276793,23737700
2012-08-21,24.49256134033203,24.619795307028678,24.341471952847595,24.460753607032135,28822700
2012-08-22,24.28581428527832,24.460760660748125,24.230148081641193,24.32557434255588,33437400
2012-08-23,24.063152313232422,24.17448167910779,23.920013690393315,24.166529364866854,28355600
2012-08-24,24.30171012878418,24.357374799021407,23.999529840318445,24.05519451055567,22943300
2012-08-27,24.405092239379883,24.619798639272755,24.325570620244243,24.595943215256174,34691100
2012-08-28,24.35736846923828,24.4925547118613,24.269896088774995,24.41303464175797,23947900
2012-08-29,24.373273849487305,24.452795438816832,24.20627987696865,24.373273849487305,23346800
2012-08-30,24.110855102539062,24.341467573655844,24.031333508472994,24.277850601752636,23982100
2012-08-31,24.508464813232422,24.61979414967135,24.158570662890636,24.333518496435754,36590100
2012-09-04,24.166526794433594,24.381234705855192,23.97567582319729,24.214240674804188,48556700
2012-09-05,24.166526794433594,24.27785766521629,24.023388186819194,24.03134050021429,33650000
2012-09-06,24.929922103881836,24.937874414057642,24.22218166571567,24.253990906418906,48371700
2012-09-07,24.61184310913086,24.707267820342746,24.43689527732834,24.683412400913994,42649100
2012-09-10,24.428943634033203,24.572082221518016,24.261949626466578,24.516417552329138,40524000
2012-09-11,24.484615325927734,24.580040061210514,24.34147670625475,24.405093702026207,25191800
2012-09-12,24.476654052734375,24.79473891516386,24.436892496963022,24.60388799770617,32775800
2012-09-13,24.60390281677246,24.794753849180783,24.17448685629185,24.56414123705249,45047300
2012-09-14,24.818601608276367,24.85041086221939,24.500516652589702,24.65955988880739,51422800
2012-09-17,24.818601608276367,24.858363175705144,24.683416829264655,24.802698498053566,36488500
2012-09-18,24.79474449157715,24.81859991365685,24.675462830932815,24.731127504783597,34542700
2012-09-19,24.691364288330078,24.80269514533272,24.683413492667786,24.723173537973263,48871900
2012-09-20,25.009449005126953,25.03330442397722,24.58003326484127,24.611842512306165,45543000
2012-09-21,24.802696228027344,25.136685780117674,24.723174617196587,24.993547183972023,102348900
2012-09-24,24.476654052734375,24.707265009215153,24.365323213322853,24.651600347883527,46825900
2012-09-25,24.166526794433594,24.651607294293793,24.14267137099699,24.61184724406699,54266400
2012-09-26,23.991579055786133,24.33352092816097,23.888202021154687,24.079052981300237,54672000
2012-09-27,23.983631134033203,24.174482129121795,23.768923195777703,23.991583448422173,47129900
2012-09-28,23.665542602539062,24.06314916202376,23.649637976139996,23.999532173176153,54229300
2012-10-01,23.450830459594727,23.840484635482046,23.395165794003447,23.705298369011064,54042700
2012-10-02,23.586023330688477,23.76892200220371,23.458789340351895,23.60192795866775,43338900
2012-10-03,23.745058059692383,23.848435070978987,23.5939671815828,23.657584153931847,46655900
2012-10-04,23.8802433013916,23.8802433013916,23.514444588357975,23.83252943659491,43634900
2012-10-05,23.737106323242188,24.055191192688408,23.649632415363865,24.039286570029024,41133900
2012-10-08,23.681447982788086,23.792777337628173,23.498547806873898,23.5701171111993,29752000
2012-10-09,23.28384017944336,23.649637478431696,23.204318565870224,23.601925116987264,45121100
2012-10-10,23.045270919799805,23.307691132548104,23.02141550202617,23.180457181927615,47227100
2012-10-11,23.02142333984375,23.259986699290785,22.95780634287462,23.23612975664654,41488500
2012-10-12,23.2202205657959,23.315645277892504,22.902134147478005,23.037320420238576,46464700
2012-10-15,23.466737747192383,23.633731762924285,23.259982168132492,23.355408403371115,42440200
2012-10-16,23.450830459594727,23.649633703419788,23.315644193123745,23.41902272929187,47739400
2012-10-17,23.530344009399414,23.570104037860897,23.132737657793136,23.2997315974288,44206100
2012-10-18,23.458784103393555,23.641682734078344,23.267933160494405,23.578065753111964,59238500
2012-10-19,22.774904251098633,23.124798463638893,22.663574894869395,23.100941522983174,90470800
2012-10-22,22.265966415405273,22.925993216334845,22.13078013007037,22.846471604358676,83374000
2012-10-23,22.30571937561035,22.42500251404793,22.075108442577132,22.083060752922844,64414800
2012-10-24,22.18644905090332,22.425013932503756,22.162593624467494,22.393204674924146,53320400
2012-10-25,22.170541763305664,22.42501124317859,22.154638653171926,22.417058929737372,54084300
2012-10-26,22.432968139648438,22.5363467257454,22.138740046062875,22.154644677269964,57790000
2012-10-31,22.695383071899414,22.965754136088147,22.663573819201535,22.703333868325235,69464100
2012-11-01,23.474689483642578,23.506497216775657,22.918039744702792,22.933944369643587,72047900
2012-11-02,23.458784103393555,23.673491982935772,23.32359782924643,23.53035339657429,57131600
2012-11-05,23.562162399291992,23.649636321618544,23.323599086990452,23.55421160339735,38070800
2012-11-06,23.745058059692383,24.015430571362895,23.546254831508083,23.71324881514373,43401500
2012-11-07,23.124794006347656,23.721203757044467,23.10093707029035,23.482640463465113,57871800
2012-11-08,22.91008186340332,23.355402153009088,22.90212955286592,23.15659893981842,49841800
2012-11-09,22.92599105834961,23.212268227817578,22.910086434101736,22.96575110222085,43291200
2012-11-12,22.440914154052734,23.069133259592636,22.432961840682125,23.013468582747063,61112300
2012-11-13,21.719335556030273,21.88770176335512,21.446741338180022,21.66321348692199,131689200
2012-11-14,21.518909454345703,21.879696548869877,21.486838810738018,21.83960824436027,76086100
2012-11-15,21.37458610534668,21.623127377489265,21.35053313221862,21.550969987316925,50955600
2012-11-16,21.26234245300293,21.406657236722026,21.118027669283833,21.38260426303155,64083300
2012-11-19,21.430709838867188,21.486831917964746,21.222255309924854,21.486831917964746,57179300
2012-11-20,21.414670944213867,21.48682832791513,21.214234107090732,21.454759229165518,47070400
2012-11-21,21.60709571838379,21.783479617718072,21.38260586805761,21.41467497284021,66360300
2012-11-23,22.20840072631836,22.264522792403504,21.807527078039772,21.831578518241056,57845700
2012-11-26,21.959863662719727,22.112196116780535,21.783479762215425,22.080127011785212,85198700
2012-11-27,21.711328506469727,21.951852214219443,21.679259392402233,21.935818421791918,45018600
2012-11-28,21.935808181762695,21.95985962378256,21.4627771186902,21.655196300907733,53018400
2012-11-29,21.60709571838379,21.93581207076841,21.534938321107944,21.735375195938175,69551400
2012-11-30,21.342517852783203,21.751407707744054,21.238289827626982,21.68726797272942,83690200
2012-12-03,21.190185546875,21.502866565959213,21.16613257263317,21.470797462848687,53173800
2012-12-04,21.142080307006836,21.350533292164258,21.118027333698585,21.246306799585547,49777500
2012-12-05,21.382604598999023,21.591059119956117,21.05388826612373,21.150097103973525,68283800
2012-12-06,21.430709838867188,21.63114670947959,21.334500997331933,21.494849576294676,39182300
2012-12-07,21.2142333984375,21.502862923601,21.142077546358284,21.502862923601,46162100
2012-12-10,21.59907341003418,21.623124851140336,21.26233947164303,21.294408569521792,47031100
2012-12-11,21.90374183654785,22.040038975088503,21.6872696407694,21.6872696407694,52282800
2012-12-12,21.839599609375,22.144264486339164,21.711320144088567,22.072107095964064,43966300
2012-12-13,21.73537826538086,22.064094664186396,21.607098769711,21.903744529992967,45080100
2012-12-14,21.494850158691406,21.751409115352757,21.406658973096572,21.73537532747043,42077500
2012-12-17,21.72736167907715,21.82357054097613,21.390627604006127,21.478820335090436,42046100
2012-12-18,22.096160888671875,22.152282969548736,21.759426874198695,21.847619589412055,50486900
2012-12-19,21.895723342895508,22.23245734708308,21.84761892207213,22.20038824293815,53519900
2012-12-20,22.19236946105957,22.19236946105957,21.767442765865383,21.935810524041152,52607300
2012-12-21,22.007972717285156,22.040041826802415,21.64718567763961,22.007972717285156,98776500
2012-12-24,21.69529151916504,21.84762400462444,21.647187087150822,21.807537232814646,20842400
2012-12-26,21.534940719604492,21.807535022071296,21.406661227762722,21.671237870837892,31631100
2012-12-27,21.6151123046875,21.719340338161675,21.302431262689037,21.558990223222345,39394000
2012-12-28,21.286392211914062,21.567004099235117,21.286392211914062,21.414671669681674,28239900
2012-12-31,21.414670944213867,21.462776886155847,21.142078252601177,21.31846211875332,42749500
2013-01-02,22.144271850585938,22.23246305654161,21.76744945793151,21.847624532701325,52899300
2013-01-03,21.84762191772461,22.168320649206574,21.775464511989647,22.15228533032943,48294400
2013-01-04,21.43872833251953,21.919777146574912,21.430710673877208,21.863655065290658,52521100
2013-01-07,21.398645401000977,21.550976354851453,21.358557100609563,21.462785152414938,37110400
2013-01-08,21.286392211914062,21.478812927777238,21.21423482576831,21.446742298729454,44703100
2013-01-09,21.406661987304688,21.44674875647302,21.29441628105136,21.422695777444687,49047900
2013-01-10,21.2142333984375,21.63114237273774,21.077937821789913,21.366565817741755,71431300
2013-01-11,21.51088523864746,21.591060294023276,21.06992472789846,21.23829096789688,55512100
2013-01-14,21.558988571166992,21.711321015764987,21.454762074891676,21.567006229220773,48324400
2013-01-15,21.8155460357666,21.879687295856357,21.510882696399307,21.510882696399307,48244500
2013-01-16,21.67925453186035,21.831585465649734,21.65520155479314,21.7674457226826,41077400
2013-01-17,21.84762191772461,22.024005837736645,21.695289446816112,21.79951749030536,51685900
2013-01-18,21.84762191772461,21.879692555478893,21.679255657151145,21.727360084570396,52167700
2013-01-22,21.767444610595703,22.007969781343224,21.64718278982795,21.887706431363455,58650600
2013-01-23,22.13625144958496,22.16030289858954,21.80753506001693,21.80753506001693,50387700
2013-01-24,22.15228271484375,22.50505204242907,22.024003237396727,22.20840632428732,101739300
2013-01-25,22.35271453857422,22.633326405535616,21.959858536512925,22.112190955013965,81847700
2013-01-28,22.37677001953125,22.633328945240656,22.256508214256442,22.456945066118394,56056500
2013-01-29,22.456945419311523,22.55315425335977,22.128229099424964,22.304612981321313,49242600
2013-01-30,22.328672409057617,22.601266733013745,22.256514998056744,22.456951911012,43580500
2013-01-31,22.007972717285156,22.424880316282852,21.967884418873307,22.280567029636856,50530000
2013-02-01,22.39280891418457,22.489017762098687,22.08814399429506,22.184354371421236,55565900
2013-02-04,21.999950408935547,22.46496386776848,21.983915092959126,22.344702056369115,50540000
2013-02-05,22.048051834106445,22.176331286077037,21.9358076959351,22.144262187690238,35410400
2013-02-06,21.919775009155273,22.08012510794184,21.847617617622507,21.951844111385462,41889600
2013-02-07,21.87166404724121,21.959855198896502,21.72734930735439,21.927786106261326,38028300
2013-02-08,22.0881404876709,22.216419950665966,21.8957212931783,21.92779192353298,33318500
2013-02-11,22.336688995361328,22.384793423978778,22.0480593652322,22.168321201381932,32247700
2013-02-12,22.35271453857422,22.448924889525312,22.24848806015455,22.35271453857422,35990900
2013-02-13,22.47298240661621,22.537122143824043,22.352719061291058,22.39280735280343,41715600
2013-02-14,22.480998992919922,22.497032779548345,22.344701866701065,22.384788627089954,32663200
2013-02-15,22.456945419311523,22.577207226477757,22.352717398345437,22.48099839242951,49650900
2013-02-19,22.675214767456055,22.70755093056293,22.47311837365743,22.537789157998066,38781400
2013-02-20,22.529705047607422,22.796472206665566,22.49736888681346,22.739883925276132,44110200
2013-02-21,22.222515106201172,22.424611462069,22.012334711073898,22.424611462069,49078500
2013-02-22,22.440786361694336,22.440786361694336,22.2144378192472,22.376115569834194,31425900
2013-02-25,22.125505447387695,22.675206134052377,22.125505447387695,22.610535374334617,48011800
2013-02-26,22.125505447387695,22.311433688842186,22.101253334291336,22.13358794321395,49923300
2013-02-27,22.48119354248047,22.63478717287787,22.09316898956625,22.16592378597173,36394700
2013-02-28,22.47311782836914,22.61054343449263,22.424615126758816,22.537788611140602,35840200
2013-03-01,22.594371795654297,22.61862237004956,22.246765838509962,22.40844198801176,34849700
2013-03-04,22.75604820251465,22.75604820251465,22.39227570561698,22.51353320458287,38157500
2013-03-05,22.9177303314209,23.07132401550439,22.764136647337402,22.869227630821445,41432200
2013-03-06,22.707542419433594,22.82071586414231,22.456943416776063,22.80454778864891,51448500
2013-03-07,22.747968673706055,22.861143698135486,22.642879231599863,22.72371809422858,29196700
2013-03-08,22.634790420532227,22.901557531670733,22.60245426554684,22.836886763572693,37667800
2013-03-11,22.529705047607422,22.610542365846307,22.368027327383633,22.586291787123844,36627500
2013-03-12,22.562034606933594,22.59437076047609,22.343770196139744,22.505447880106892,39255200
2013-03-13,22.57011604309082,22.650954875754056,22.43269049012506,22.529697397695443,29093400
2013-03-14,22.747968673706055,22.76413675460641,22.5782084498715,22.634795191149685,55914800
2013-03-15,22.667118072509766,22.76412341733131,22.61861385822684,22.659034036795944,92710300
2013-03-18,22.715635299682617,22.86114495202059,22.481202739388515,22.53778948377036,44809400
2013-03-19,22.780298233032227,22.81263284358825,22.65904074517006,22.731795546261882,51901600
2013-03-20,22.893478393554688,23.030903997914752,22.780304910625127,22.909646474508357,35447800
2013-03-21,22.723718643188477,22.925815033705987,22.675214399315646,22.723718643188477,34233200
2013-03-22,22.836883544921875,22.909638341512135,22.71562606456228,22.78838086115254,28720900
2013-03-25,22.764131546020508,22.91772519568451,22.60245385775601,22.877305002682032,44154000
2013-03-26,22.764131546020508,22.909641157084014,22.72371289489074,22.828802312951765,27824300
2013-03-27,22.933889389038086,22.998560145017372,22.699456934942905,22.747959616459255,36047400
2013-03-28,23.127910614013672,23.168329273952,22.844975368826237,22.89347806912684,55453800
2013-04-01,23.127910614013672,23.168329273952,22.925814230575938,23.152161193227453,29201100
2013-04-02,23.2814998626709,23.32192005946027,23.05515292814183,23.111739661774095,28456500
2013-04-03,23.087486267089844,23.402757617122763,23.071319731140868,23.24107992265087,35062800
2013-04-04,23.11981964111328,23.12790367905154,22.8530525566412,22.950057928155097,45263200
2013-04-05,23.200664520263672,23.26533529873792,22.72371695081371,22.81263830754519,50927300
2013-04-08,23.111736297607422,23.224909748398318,23.014729381306203,23.224909748398318,34759500
2013-04-09,23.93629264831543,24.106052845485387,23.184493965139186,23.224912619168368,77733800
2013-04-10,24.477907180786133,24.51024179067119,23.863534174244215,23.903952822068682,71116700
2013-04-11,23.394678115844727,23.60485854267569,23.22491634953496,23.524019679760233,130923200
2013-04-12,23.273422241210938,23.459350559777413,23.168331249413765,23.321924945647154,62886300
2013-04-15,23.19257926940918,23.42701025093707,23.04706963997047,23.160243110923734,56332900
2013-04-16,23.41893196105957,23.556357584617235,23.20066900518716,23.362345211689934,52797300
2013-04-17,23.305753707885742,23.47551546323609,23.11982541449443,23.321921787799674,52840700
2013-04-18,23.273422241210938,23.427014395571153,23.03898967633507,23.40276381428963,56906600
2013-04-19,24.065635681152344,24.44557629491311,23.93629413000515,23.944378169685965,99790700
2013-04-22,24.922527313232422,25.205462573965708,24.469831821183035,24.494082401729262,137904000
2013-04-23,24.73659324645996,24.979108246750908,24.558747473832018,24.817432093847867,59126900
2013-04-24,25.6743221282959,25.80366367720436,24.736595127773104,24.752763206854883,90946600
2013-04-25,25.819835662841797,26.547382370998342,25.49648174164701,25.633905809015815,110700200
2013-04-26,25.69857406616211,25.852166190740032,25.423722891196633,25.787495416740676,47799300
2013-04-29,26.3614559173584,26.418042664822348,25.682411864044557,25.706662446172974,59116400
2013-04-30,26.757556915283203,26.76564249660643,26.094681099082536,26.32103111994682,75165200
2013-05-01,26.450366973876953,26.741386163955514,26.353358521354053,26.62012714017442,54330900
2013-05-02,26.806062698364258,26.81414519640801,26.183605501634418,26.377619375889477,46059500
2013-05-03,27.07282829284668,27.09707886794956,26.74139040354319,26.86264636280316,46784600
2013-05-06,27.283008575439453,27.41235012237319,26.878815855803314,27.016239900281654,40978300
2013-05-07,26.927324295043945,27.31534899640688,26.87073755216265,27.2021755106443,43078300
2013-05-08,26.66863250732422,26.87072883310837,26.39378138090797,26.73330172802764,51595700
2013-05-09,26.401866912841797,26.676718070861096,26.345280181815372,26.55545902794987,46417800
2013-05-10,26.426122665405273,26.4503763289867,26.127020873701095,26.409954584266377,36394900
2013-05-13,26.700969696044922,26.733305853259047,26.31294506071248,26.361449296533667,36027600
2013-05-14,27.295228958129883,27.295228958129886,26.700969925320923,26.74981428205832,56870100
2013-05-15,27.555727005004883,27.59643218981335,27.213825811274933,27.2301072641244,46303900
2013-05-16,27.742965698242188,27.799949237797815,27.311514906131013,27.384779900612532,59382900
2013-05-17,28.386051177978516,28.386051177978516,27.759229466746387,27.783653188991213,60666700
2013-05-20,28.55701446533203,28.57329281183998,28.231391638523434,28.272093715532154,54020800
2013-05-21,28.369773864746094,28.711678077669742,28.263949105951788,28.57328731601506,48702400
2013-05-22,28.174407958984375,28.361639996518864,27.970894469659576,28.320937919727783,66047500
2013-05-23,27.79994773864746,28.125567503495834,27.596434221103543,27.865070449469204,51102700
2013-05-24,27.897632598876953,27.905771772994633,27.596433470606744,27.612711818842104,33174400
2013-05-28,28.508174896240234,28.6384234277586,28.011601399398362,28.01974057401891,48212100
2013-05-29,28.394193649291992,28.508160669324404,28.141835886814228,28.28022662925958,38412200
2013-05-30,28.516311645507812,28.695404525627186,28.337221870758118,28.369781671840993,51131000
2013-05-31,28.410490036010742,28.71982836580816,28.320943585933062,28.345364215819693,56165700
2013-06-03,28.97218894958496,29.004751862702296,28.353509127207207,28.426771023665733,51252600
2013-06-04,28.48374366760254,29.094284014156703,28.304650838895306,28.99659532284251,65529500
2013-06-05,28.312788009643555,28.402334417668992,28.027870443534038,28.166258088396212,46025100
2013-06-06,28.459327697753906,28.581437042489185,28.07672442129799,28.361642085187462,37618500
2013-06-07,29.037303924560547,29.126850359060967,28.54073360615098,28.695402744143845,40757300
2013-06-10,28.87449836730957,29.021028345856053,28.605859038184427,28.907058169476738,35994500
2013-06-11,28.361648559570312,28.638427112832797,28.231400011292106,28.532599196928523,39435900
2013-06-12,28.49188995361328,28.71168490589979,28.369780611664257,28.605857016568606,37372700
2013-06-13,28.26395606994629,28.50817165056789,28.15812817970808,28.483751024116607,45654900
2013-06-14,28.00346565246582,28.23953900979694,27.88135628062154,28.12557191893978,53192600
2013-06-17,28.49188995361328,28.622138469186446,28.190690843607133,28.239532096091093,49670100
2013-06-18,28.475608825683594,28.630277969262327,28.41048611983924,28.46746965196665,28616500
2013-06-19,28.158113479614258,28.56514026994961,28.158113479614258,28.459312434959386,30816200
2013-06-20,27.26266860961914,27.946474063315424,27.16497989811294,27.889487428918756,54493700
2013-06-21,27.083581924438477,27.45804608789101,26.904489017843726,27.40106254585998,85338500
2013-06-24,27.449907302856445,27.840652927495128,26.51374377555094,26.81494294561968,56109000
2013-06-25,27.40920066833496,27.987181452319586,27.238250048807263,27.742965837941444,44073400
2013-06-26,27.962751388549805,28.068579269464877,27.588287324227935,27.77551935638887,48665900
2013-06-27,28.182540893554688,28.312789373675272,28.08485530980643,28.10113675799259,28993100
2013-06-28,28.117420196533203,28.320933655213317,27.954608808515324,27.987171707192687,65545500
2013-07-01,27.97089195251465,28.483746768963957,27.94647132971153,28.288372470431657,31055400
2013-07-02,27.628986358642578,28.036013280807804,27.376631654336283,28.011592659195962,37630000
2013-07-03,27.68597984313965,27.979039829426117,27.352217771062303,27.40106213723341,15994400
2013-07-05,27.848793029785156,27.873216767080102,27.335941127145574,27.75110739671623,26085900
2013-07-08,27.946481704711914,28.158134426775295,27.6615608763005,27.962760055711172,32396900
2013-07-09,27.962751388549805,28.166264872033775,27.791800807711905,28.149986526080056,25318500
2013-07-10,28.2476806640625,28.337227120712196,27.93833920619181,27.954620662434504,29658800
2013-07-11,29.053585052490234,29.11871086062526,28.410484776688858,28.491888931488184,53638300
2013-07-12,29.037303924560547,29.086148281207,28.71982336978233,28.9640420476451,35501200
2013-07-15,29.4443302154541,29.485035397712075,28.96404136065191,29.029164062599722,34142600
2013-07-16,29.525745391845703,29.655993936036523,29.273387478876508,29.31408956667922,36378500
2013-07-17,29.09428596496582,29.62341910423721,28.890772502468597,29.582717032811566,37285100
2013-07-18,28.850069046020508,29.216393921433482,28.670979299994638,29.078006249260348,49547100
2013-07-19,25.561294555664062,26.595141925944528,25.251954727725717,26.375350084979406,248428500
2013-07-22,26.057870864868164,26.057870864868164,25.724110354488843,25.80551607655734,79040700
2013-07-23,25.903194427490234,26.082287276290142,25.81364800309028,25.976459401511182,65810400
2013-07-24,26.017162322998047,26.204394350407114,25.960178797498298,26.082288126637323,52803100
2013-07-25,25.55315399169922,25.764808213288198,25.439186931106978,25.740387587552576,63213000
2013-07-26,25.74039077758789,25.74039077758789,25.4066271752181,25.44733081096317,38633600
2013-07-29,25.675268173217773,25.72411098658504,25.56129953844743,25.61828307949008,28870700
2013-07-30,25.927616119384766,26.147409484662848,25.683399026309225,25.870632596805834,45799500
2013-07-31,25.919477462768555,26.09042804414751,25.813649581518533,26.025303791333908,43898400
2013-08-01,25.781091690063477,26.122994451373323,25.72410815529265,26.098573823720034,42557900
2013-08-02,25.960180282592773,25.968321008513385,25.69968326387198,25.79737042223463,29199900
2013-08-05,25.80551528930664,26.049730895376815,25.75667092594464,25.968325175791772,30984000
2013-08-06,25.707822799682617,25.781087776891724,25.545011394176907,25.68340062305137,36331500
2013-08-07,26.09857177734375,26.131131576538554,25.43918693407939,25.67526333411633,38078600
2013-08-08,26.774234771728516,26.92076473582684,26.09042930772615,26.24510155059076,59034400
2013-08-09,26.619565963745117,26.782377382021902,26.432333919606144,26.676549494336566,26800700
2013-08-12,26.757953643798828,26.839360905600707,26.424191633834905,26.424191633834905,25493700
2013-08-13,26.421838760375977,26.684171384021692,26.405442580491677,26.65137902425309,39464100
2013-08-14,26.520214080810547,27.34820400780654,25.987352279708336,26.348058874019912,48519600
2013-08-15,26.061140060424805,26.3808578466594,25.28233848044804,26.233295310358432,33338000
2013-08-16,26.0693302154541,26.225090806092357,25.954560076892157,26.061133688664704,32866300
2013-08-19,25.73321533203125,26.208693612359333,25.725017241932825,26.036538411169797,27902500
2013-08-20,25.921770095825195,26.151310380183432,25.71682251986196,25.77420759095152,22979600
2013-08-21,25.913576126098633,26.241490423435792,25.85619104588332,25.913576126098633,37409100
2013-08-22,26.55300521850586,26.634986118379082,26.315265299750877,26.389046546010988,31169900
2013-08-23,28.487712860107422,28.856619119717447,27.87287013650798,28.83202328424224,225493800
2013-08-26,27.9958438873291,28.422132150601666,27.897466786033355,28.200791490816865,72786800
2013-08-27,27.26622200012207,27.95484592665335,27.176047700634197,27.47936921373381,58522300
2013-08-28,27.06947135925293,27.544948024139508,27.053075180842875,27.372792841710815,44257400
2013-08-29,27.503963470458984,27.54495235930954,26.889120755945363,26.99569436875822,45284700
2013-08-30,27.381004333496094,27.446585948241125,27.126868149134115,27.356408491620662,42790200
2013-09-03,26.134910583496094,26.290671157496465,25.65123580966725,26.028338546733124,154507000
2013-09-04,25.57745933532715,25.798801539653024,25.503678079343196,25.73321837473684,142320600
2013-09-05,25.602048873901367,25.774205637749702,25.372508606937984,25.495476830472054,71644900
2013-09-06,25.536462783813477,25.733212231593146,25.5200666055921,25.667629082333256,75434900
2013-09-09,25.954566955566406,26.0611405955839,25.57746407827689,25.593858699826576,49628500
2013-09-10,26.55300521850586,26.561204872118967,26.061132328272816,26.15130819088179,56881200
2013-09-11,26.839933395385742,26.995692412632156,26.6677750710853,26.70056743069029,39087500
2013-09-12,26.798948287963867,26.872729552461724,26.716970495078403,26.82354412763138,32860200
2013-09-13,27.07767105102539,27.110463411679916,26.651379744271456,26.86452696127424,40899000
2013-09-16,26.889122009277344,27.462975861688378,26.83173693676143,27.364601898411372,52839700
2013-09-17,26.995691299438477,27.438378754096625,26.971098594374606,27.397386742654962,84716500
2013-09-18,27.315420150756836,27.381004894097277,26.91372454318103,27.044890902609225,64099900
2013-09-19,27.57774543762207,27.610537800455,27.315412789462314,27.446579113542192,42026600
2013-09-20,26.880924224853516,27.44657839630656,26.79894331991352,27.389193326474444,102904900
2013-09-23,26.839933395385742,27.02848477223715,26.64318236500732,26.675974724612313,39826100
2013-09-24,26.60219955444336,26.94651002717359,26.356263055742875,26.94651002717359,40685000
2013-09-25,26.651382446289062,26.889122394259896,26.56120813622436,26.634989391551446,28907500
2013-09-26,26.864530563354492,27.053081971522126,26.716968047875117,26.757956940563375,28504000
2013-09-27,27.27442741394043,27.66792643688362,26.946509997861654,26.95470965325236,55348000
2013-09-30,27.282625198364258,27.307221038416692,26.807148363133177,27.053084872890796,39839500
2013-10-01,27.52857208251953,27.55316480179383,27.29902856936428,27.340017477239183,36718700
2013-10-02,27.807281494140625,27.89745891459148,27.290815930697065,27.348200993301905,46946800
2013-10-03,27.758092880249023,27.872862992209726,27.397383240085663,27.774489057279265,38703800
2013-10-04,27.774505615234375,27.864683079035107,27.561358314023035,27.618743404213888,33008100
2013-10-07,27.29901695251465,27.635130857663782,27.21703917164974,27.544953422361253,35069300
2013-10-08,27.0612850189209,27.323620875283755,26.889129751802333,27.307224688807775,41017600
2013-10-09,27.110469818115234,27.340010142435986,27.020292368631406,27.110469818115234,35878600
2013-10-10,27.67610740661621,27.782680976018234,27.2662124305705,27.307204429975464,42875100
2013-10-11,27.97945213317871,27.987648662624817,27.610545763049096,27.610545763049096,30033300
2013-10-14,28.241775512695312,28.282764400869418,27.692514403956814,27.79089148827672,27757900
2013-10-15,28.274568557739258,28.68446370389392,28.25817237662286,28.422127933283292,47097800
2013-10-16,28.397541046142578,28.61068831709478,28.331959435485892,28.36474867718802,35111600
2013-10-17,28.627071380615234,28.684459569877724,28.176187410277052,28.24177212529056,31359200
2013-10-18,28.659868240356445,28.684464075975985,28.143402601123498,28.545098098304678,41811700
2013-10-21,28.684457778930664,28.85661295421541,28.618873068012014,28.676258126440263,27433500
2013-10-22,28.348350524902344,28.774638735684935,28.299161980311187,28.709057136815254,40438500
2013-10-23,27.67610740661621,28.27455682362338,27.602326185837963,28.15978360344017,58600500
2013-10-24,27.64333152770996,27.954849608243205,27.520361724642836,27.72530931158671,53209700
2013-10-25,29.291109085083008,29.75019281088808,29.077964968219387,29.414078889553732,113494000
2013-10-28,29.15994644165039,29.291112790293575,28.91400992885097,29.192738810624295,38383600
2013-10-29,29.118947982788086,29.282906646568986,28.905800781697497,29.20912540423015,31702200
2013-10-30,29.13534164428711,29.340289174490728,29.045164230637333,29.12714199181833,36997700
2013-10-31,29.028770446777344,29.25831069881383,28.971385383768222,29.233717993881747,41682300
2013-11-01,29.12714958190918,29.258315910329397,29.012379435447983,29.241919728370377,40264600
2013-11-04,29.463268280029297,29.496060649274213,29.143550498022474,29.176342867267394,28060700
2013-11-05,30.03712272644043,30.094507809935884,29.323905883530827,29.340302068422744,51681900
2013-11-06,31.299583435058594,31.332375786630603,30.38141948179766,30.528981936620944,88948800
2013-11-07,30.74213218688965,31.16022380864073,30.68474712365423,31.11923492450849,60437400
2013-11-08,30.9716854095459,30.9716854095459,30.610978699980553,30.881507950341383,36737800
2013-11-11,30.8159122467041,30.971671251330104,30.619161232267476,30.89789001182278,26872500
2013-11-12,30.62737274169922,30.824120705050277,30.496206390381015,30.643768926520554,31651600
2013-11-13,31.283203125,31.283203124999996,30.250268544620134,30.315850153774047,44957600
2013-11-14,31.16842269897461,31.258600118209298,30.922486272949037,31.04545292233616,46183700
2013-11-15,31.02086639404297,31.168428904487698,30.92249242949713,31.11104383123163,50601300
2013-11-18,30.496200561523438,30.807721759081595,30.389626944180822,30.619167233301624,53277500
2013-11-19,30.347518920898438,30.752260857822765,30.289695493226205,30.438377105026213,44275000
2013-11-20,30.628368377685547,30.900949292189058,30.44664566737024,30.496204114932997,32229900
2013-11-21,30.892683029174805,31.000061739887578,30.777039327611643,30.78530116749335,23064700
2013-11-22,31.033113479614258,31.123974843777034,30.834873367777075,31.000072410651473,27982000
2013-11-25,31.090917587280273,31.346981011967397,31.03309732218449,31.33046048608744,30646800
2013-11-26,30.851381301879883,31.099186092231367,30.851381301879883,31.03310397454596,34465300
2013-11-27,31.057870864868164,31.190031896809273,30.967012715569787,31.033091656056566,26002100
2013-11-29,31.495676040649414,31.627837153145663,31.239612506638796,31.239612506638796,22090400
2013-12-02,31.759992599487305,32.032573466831764,31.437850142185255,31.462629361679593,42950400
2013-12-03,31.64436149597168,31.793043159301998,31.454380070820687,31.503938524617556,52109800
2013-12-04,32.16473388671875,32.197774946003214,31.487407926231402,31.56174873413703,51983600
2013-12-05,31.388294219970703,32.11518191575727,30.710968123091,32.0903995408191,116305000
2013-12-06,31.685659408569336,31.84259975471657,31.380037407769066,31.735217859473902,36457300
2013-12-09,31.97475242614746,32.10691351191912,31.693909725011597,31.850853180656507,30286000
2013-12-10,31.479148864746094,32.13169559854006,31.40480805771933,31.892152648012836,37828600
2013-12-11,31.06614112854004,31.636085142578164,30.884418478715535,31.437845116377254,39853400
2013-12-12,30.744001388549805,31.090923039967183,30.710960330995196,31.090923039967183,36012800
2013-12-13,30.30621910095215,30.93398667031437,30.248398818375243,30.909204298517782,40066100
2013-12-16,30.47142219543457,30.56228354255399,30.182320773662944,30.339261095343375,31734200
2013-12-17,30.165803909301758,30.653148615937457,30.00886356854332,30.512725657600278,45687700
2013-12-18,30.215362548828125,30.23187992963093,29.34805196112596,30.033639850304738,63192100
2013-12-19,29.942773818969727,30.190575454864,29.80235404731818,30.15753439648643,34160100
2013-12-20,30.39708137512207,30.50446325360787,29.89321619642236,29.90147803759698,62649100
2013-12-23,30.24839973449707,30.471422181606474,30.190579450168983,30.40534320707545,25128700
2013-12-24,30.628368377685547,30.70270604902968,30.264922957054935,30.331005088431212,14243000
2013-12-26,30.925716400146484,30.967019291560074,30.702694020579614,30.72747638562141,17612800
2013-12-27,30.801820755004883,31.07440159436646,30.702697585265597,31.041363688755283,14563000
2013-12-30,30.801820755004883,30.876161556825057,30.47967833077366,30.74400048147459,16290500
2013-12-31,30.900949478149414,31.041372432684334,30.74400914164048,30.892690787162408,17503500
2014-01-02,30.69444465637207,30.892687882082107,30.644883062202265,30.851384978122685,30632200
2014-01-03,30.48793601989746,30.74399947354279,30.231872566252132,30.727478945794527,31134800
2014-01-06,29.843652725219727,30.47141705705095,29.82713219662303,30.43837599985756,43603700
2014-01-07,30.074939727783203,30.141021855142867,29.909737560353307,30.0088607513928,35802800
2014-01-08,29.538026809692383,29.85191054192233,29.389348358602987,29.736269996092496,59971700
2014-01-09,29.348051071166992,29.661934863379287,29.240672344358675,29.63715564195724,36516300
2014-01-10,29.769315719604492,29.860177062992918,29.529772750847563,29.653675155644333,40548800
2014-01-13,28.893739700317383,29.75278818901321,28.769840475639217,29.728008974271237,45901900
2014-01-14,29.55455207824707,29.637154732066506,28.60464519159148,28.68724469444186,41623300
2014-01-15,30.364036560058594,30.388818929550734,29.612369805485233,29.65367270431587,44812600
2014-01-16,30.47142219543457,30.56228354255399,29.992339389217424,30.30622003257828,38018700
2014-01-17,30.05015754699707,30.421861599376857,29.860176175996056,30.421861599376857,46267500
2014-01-21,29.87668228149414,30.41358828244174,29.785824126058362,30.41358828244174,31567300
2014-01-22,29.67845916748047,30.00060169079562,29.52977751810893,29.951040090681925,21904300
2014-01-23,29.78584098815918,29.843661279336377,29.33979604110404,29.810620212672394,43954000
2014-01-24,30.405344009399414,31.016587931559627,30.17405971501486,30.933988423473952,76395500
2014-01-27,29.761043548583984,30.471410367446836,29.71974381164339,30.45488984247701,44420800
2014-01-28,29.959300994873047,30.058421041027593,29.529776593577402,29.83539857395277,36205500
2014-01-29,30.281435012817383,30.46315767226067,29.653670695328373,29.71974965723684,52745900
2014-01-30,30.446636199951172,30.463156727658163,29.926250605570623,30.388815928460943,35036300
2014-01-31,31.256118774414062,31.29741851241334,30.198830356985976,30.520972724735593,93162300
2014-02-03,30.13274574279785,31.380018522761407,30.091446008242347,31.17351669901611,64063100
2014-02-04,30.025371551513672,30.71921798187145,29.94277206138693,30.5374984733989,54697900
2014-02-05,29.58759307861328,30.12449929893806,29.571072547883542,29.975817673339478,55814400
2014-02-06,29.88495635986328,29.94277664199098,29.48021123400033,29.57107257762073,35351800
2014-02-07,30.198841094970703,30.223620316387564,29.74453436253395,30.00059787072838,33260500
2014-02-10,30.39708137512207,30.39708137512207,29.97581885332266,30.256661584845325,26767000
2014-02-11,30.702699661254883,30.77704046810167,30.446639332869445,30.463159862276378,32141400
2014-02-12,30.95050621032715,31.057884931121404,30.81008327787231,30.85138302825233,27051800
2014-02-13,31.06614112854004,31.27264299389756,30.834860047649506,30.834860047649506,37635500
2014-02-14,31.074417114257812,31.2065782556152,30.834877211839537,30.884435670492206,31407500
2014-02-18,31.14097785949707,31.440570900248932,31.132657241519166,31.31574258300013,32834000
2014-02-19,31.21587562561035,31.415605374482574,30.96621582046757,30.974539612910437,29750400
2014-02-20,31.415611267089844,31.515474572958922,31.124341968889503,31.265814720987596,27526100
2014-02-21,31.60700798034668,31.914921601561876,31.507144703795106,31.57371916329738,38021300
2014-02-24,31.365676879882812,31.607016103621994,31.24084854576047,31.365676879882812,32085100
2014-02-25,31.2408504486084,31.498830926266177,31.082730104653162,31.299104309666436,30736500
2014-02-26,31.182592391967773,31.40728718635805,30.949573804490687,31.274135068341245,41041800
2014-02-27,31.50714683532715,31.5321118625049,30.982859042418543,31.16594437397951,33903400
2014-02-28,31.881641387939453,32.0064697112357,31.473861246139244,31.60701336241336,41215000
2014-03-03,31.44057846069336,31.73185095350895,31.199242386140117,31.557086187980605,29717500
2014-03-04,31.964859008789062,32.02311285894796,31.68191037604724,31.79009745831237,26802400
2014-03-05,31.715194702148438,31.848346794295367,31.565398201658603,31.831702385952465,20520100
2014-03-06,31.74847984313965,31.823378084713188,31.53210573432902,31.740156052633747,23582200
2014-03-07,31.54043960571289,31.923251551843983,31.365674869786147,31.856673904901044,26591600
2014-03-10,31.47385597229004,31.631973091809474,31.390637104036934,31.61533185783592,19006600
2014-03-11,31.640308380126953,31.815069971717158,31.390648510055588,31.515476857792528,25216400
2014-03-12,31.84836196899414,31.9815141245837,31.448905502225458,31.45722612306327,30494100
2014-03-13,31.532123565673828,31.99815768507219,31.32407312971705,31.97318947403093,32169700
2014-03-14,31.373987197875977,31.740154598461842,31.215866931467257,31.332377771040548,27195600
2014-03-17,31.665266036987305,31.964859081109022,31.448895046564253,31.540437718334417,20479600
2014-03-18,32.91357421875,33.20484669743467,31.80674768862075,31.84003334151836,64063900
2014-03-19,32.6805534362793,32.91356884148018,32.38096038696571,32.84699437196427,35597200
2014-03-20,33.562686920166016,33.828991137481076,32.655587187875135,32.66390780578018,59269800
2014-03-21,33.42121124267578,34.07032737990081,33.29637975108787,33.88724521339437,80721800
2014-03-24,33.70416259765625,33.8206703061077,33.17155411639423,33.57101047734075,46098400
2014-03-25,33.57100296020508,34.111935113573416,33.25476555479299,33.83730714120591,43193100
2014-03-26,33.113285064697266,33.87890861147626,32.9551648118571,33.68750272478152,41977500
2014-03-27,32.755455017089844,33.263098493790224,32.73881060437541,33.07169250946989,35369200
2014-03-28,33.5377197265625,33.82066836279957,33.02175568681142,33.113298359505286,43472700
2014-03-31,34.1119499206543,34.53637140129302,33.620950778567675,33.64591581431183,46886300
2014-04-01,34.469783782958984,34.61125968537047,34.17851453475402,34.24509217697042,32605000
2014-04-02,34.411537170410156,34.669520826360184,34.26174061851625,34.486435446357106,28666700
2014-04-03,34.12859344482422,34.3616121008846,33.87893354688609,34.3616121008846,30139600
2014-04-04,33.17988586425781,34.444833018843404,32.98847982551498,34.32832527131281,51409600
2014-04-07,33.121620178222656,33.51275591223881,33.07169011828657,33.25477229571372,37559600
2014-04-08,33.13826370239258,33.22980637595337,32.62229965775524,33.080009850962405,35918600
2014-04-09,33.67919158935547,33.745766050398274,33.188192637603734,33.22980207258004,27398700
2014-04-10,32.755455017089844,33.862281478524324,32.530760207340634,33.65423108148955,45960800
2014-04-11,32.630615234375,33.113293556902,32.45585370708611,32.45585370708611,34330200
2014-04-14,32.60566711425781,32.797073149280195,32.372651623725865,32.547413241624824,32006600
2014-04-15,33.08000946044922,33.25477101267667,32.49746777842761,32.73880697413034,33968700
2014-04-16,33.62094497680664,33.63758621469931,33.2131648073004,33.337996313675006,30615800
2014-04-17,33.29637145996094,33.45449173321167,32.88027082441004,33.29637145996094,36688400
2014-04-21,33.23813247680664,33.41289723452137,33.113304135121645,33.39625282071057,22221200
2014-04-22,33.27973556518555,33.404563871111726,33.14658346743977,33.25476736432317,27056700
2014-04-23,33.03007888793945,33.27974189648173,32.84699670283135,33.27974189648173,24602800
2014-04-24,33.171546936035156,33.26308959417354,32.70551302851076,33.07168366106431,42381600
2014-04-25,33.213165283203125,33.85396088755353,33.080013155974285,33.52940277584555,56876800
2014-04-28,34.01206970214844,34.36159593449555,33.36295363798483,33.40456307229854,50610200
2014-04-29,33.712493896484375,34.27839138075211,33.61263056826006,34.20349309093439,29636200
2014-04-30,33.62094497680664,33.70416386465832,33.42953582047303,33.62094497680664,35458700
2014-05-01,33.288055419921875,33.58764842663659,33.24644598556625,33.4877851492638,28787400
2014-05-02,33.03007888793945,33.57101117365169,33.005113856924034,33.54604614263627,43416600
2014-05-05,32.81370544433594,32.98846699767433,32.70551836029926,32.88860370642336,22460900
2014-05-06,32.50579071044922,32.74712672516491,32.414248040393026,32.69719666847731,27112400
2014-05-07,32.80537796020508,32.88027621386476,32.048074806355594,32.63894021838039,41744500
2014-05-08,32.988460540771484,33.20483466649347,32.43088716794208,32.73880077421211,32120400
2014-05-09,32.905250549316406,33.16323100199763,32.76377463287446,32.905250549316406,29647600
2014-05-12,33.263092041015625,33.30470147743125,32.99678783843978,33.071686093826514,22782600
2014-05-13,33.8748779296875,33.94192524250037,33.39717701536721,33.45584181558255,27004800
2014-05-14,33.724037170410156,33.90003161959274,33.56480135706072,33.774319471895055,18818700
2014-05-15,33.18767166137695,33.85813225816684,33.11224500408775,33.59832861706111,37793200
2014-05-16,33.38041687011719,33.38879618534282,32.91109529268965,33.246322250573584,29867100
2014-05-19,33.313377380371094,33.37204219169663,33.07033562088391,33.196047757720024,24537400
2014-05-20,33.25472640991211,33.47262391452718,33.07034938501136,33.25472640991211,21320900
2014-05-21,33.816219329833984,33.816219329833984,33.30499786236425,33.35528015920156,22398700
2014-05-22,33.60670471191406,33.816222829063136,33.39718659476499,33.76594052702272,20201800
2014-05-23,33.62345504760742,33.83297309311319,33.52288728092232,33.83297309311319,18020000
2014-05-27,33.682132720947266,33.740797540356546,33.36366747186628,33.740797540356546,26160600
2014-05-28,33.5312614440918,33.68211466943715,33.37202890489,33.64021170617259,25711500
2014-05-29,33.807838439941406,33.816217756693675,33.447467076740615,33.648605845710094,19888200
2014-05-30,34.31068801879883,34.33583236850127,33.732419127530065,33.90003427191018,34567600
2014-06-02,34.184967041015625,34.43638807070579,34.09277858416447,34.31905846998317,18504300
2014-06-03,33.76594161987305,34.09278938168534,33.73241795276593,34.0257420474711,18068900
2014-06-04,33.791072845458984,33.832975818537314,33.405560377951325,33.69888438649152,23209000
2014-06-05,34.53696060180664,34.57048426291549,33.85812404780991,34.01735664258854,31865200
2014-06-06,34.76324462890625,34.91409792473939,34.56210903245717,34.76324462890625,24060500
2014-06-09,34.58724594116211,34.76324036572016,34.377727855642824,34.68781372705353,15019200
2014-06-10,34.453155517578125,34.49505849652806,34.2436374258361,34.38610819366434,15117700
2014-06-11,34.243648529052734,34.41964301590261,34.16822186368944,34.30231335800269,18040000
2014-06-12,34.00898361206055,34.2604047228653,33.765941819585706,34.20173990357729,29818900
2014-06-13,34.5537223815918,34.838667106613826,34.24363650927121,34.44477208164424,26310000
2014-06-16,34.7800178527832,34.87220636343006,34.394505169163374,34.394505169163374,24205300
2014-06-17,34.930850982666016,35.12360721292307,33.8078340607831,34.60400332279571,22518600
2014-06-18,34.90571975708008,34.98114640748189,34.51182467198254,34.8721960909031,27097000
2014-06-19,34.788387298583984,35.00628793407866,34.63753719315519,34.838672798388785,19828200
2014-06-20,34.930850982666016,35.05656309661238,34.67942995176516,34.73809475240896,47764900
2014-06-23,35.190670013427734,35.19904933278231,34.939245674884674,34.97276934628952,18743900
2014-06-24,34.98951721191406,35.14874979202123,34.830284631806904,35.05656452795413,26509100
2014-06-25,35.224185943603516,35.24094777714351,34.74648487718865,34.94762368267573,20049100
2014-06-26,34.964385986328125,35.14875976376135,34.72134419221967,35.140380445375115,23604400
2014-06-27,35.4085578918457,35.44208155416941,34.78838292682666,34.872192082635934,74640000
2014-06-30,34.9476318359375,35.3750475014482,34.9476318359375,35.34152382654715,30793100
2014-07-01,35.090087890625,35.32475031917776,34.93923461405261,35.081708573923095,26917000
2014-07-02,35.115234375,35.115234375,34.80514528926102,34.97276040644568,20208100
2014-07-03,35.03143310546875,35.19066894129378,34.83029747715411,35.12362160052678,15969300
2014-07-07,35.190670013427734,35.29961715000357,34.95600751058709,34.98953118199194,21952400
2014-07-08,35.014652252197266,35.1990291421697,34.87218152593961,35.090078871095855,31218200
2014-07-09,34.92247009277344,35.19065616145378,34.80514048603379,35.18227364840552,18445900
2014-07-10,34.939231872558594,35.19903542782394,34.40286612993904,34.67104900124882,21854700
2014-07-11,35.27446746826172,35.27446746826172,34.763242792389555,34.9476197435546,24083000
2014-07-14,35.31637954711914,35.57618320914679,35.232573564268066,35.383426890994656,21881100
2014-07-15,35.5761833190918,35.59294515511248,35.22419115664417,35.475615499961044,28748700
2014-07-16,36.94221115112305,37.13496730586463,35.6012941833255,35.62643531746857,63318000
2014-07-17,37.319374084472656,38.30830006731191,37.08471476549163,38.09040258497145,82180300
2014-07-18,37.45345687866211,37.57916902576165,37.0847061492256,37.41993641016257,43407500
2014-07-21,37.57917785644531,37.84736084941779,37.05957370718531,37.344518536842756,37604400
2014-07-22,37.570796966552734,37.83897994831811,37.36965813173204,37.71326777693101,43095800
2014-07-23,37.60431671142578,38.090400354558845,37.394798561177375,38.090400354558845,52362900
2014-07-24,37.210426330566406,37.71326863354971,37.14337898510549,37.65460380476811,30725300
2014-07-25,37.29421615600586,37.42830759183317,37.12660106197372,37.12660106197372,26737700
2014-07-28,36.85004425048828,37.302600914311036,36.81652058739253,37.17689197319068,29684200
2014-07-29,36.782997131347656,36.950612250777446,36.573479031308544,36.799758962989884,27763100
2014-07-30,36.523197174072266,36.95899201405863,36.280155407816096,36.93385086478818,31921400
2014-07-31,36.171207427978516,36.61538481097895,36.10416329327691,36.355584393145215,31537500
2014-08-01,35.919795989990234,36.24664382743541,35.70189530036438,36.21312015257089,31170300
2014-08-04,36.347198486328125,36.43100764312512,35.87787999623468,36.01197145011744,34277400
2014-08-05,36.10417556762695,36.422640910465645,35.894657380341265,36.29693191629053,26266400
2014-08-06,35.8192253112793,36.179593597911094,35.375044647163804,35.8192253112793,24634000
2014-08-07,36.22986602783203,36.41424296136048,35.7437857444282,35.90301833438956,30314900
2014-08-08,36.20472717285156,36.30529496250884,35.96168541727011,36.22986832101778,28942700
2014-08-11,36.20472717285156,36.414245266216454,36.05387388986945,36.255009469184,20351600
2014-08-12,36.472900390625,36.531565185428384,36.03710248852019,36.07062614183399,21431100
2014-08-13,36.94221115112305,37.026017062927,36.47288973284531,36.606981109926004,22889500
2014-08-14,37.10146713256836,37.22717607979721,36.88356650885015,36.94223452061477,19313200
2014-08-15,37.53726577758789,37.629454258544854,37.21041803382606,37.36127133048424,41611300
2014-08-18,37.805450439453125,37.805450439453125,37.44507901390847,37.66297645407851,26891100
2014-08-19,38.227115631103516,38.23554728735606,37.80546204532189,37.92352453462689,28139500
2014-08-20,37.90664291381836,38.286131633332595,37.86447821541906,38.235532065077265,24770500
2014-08-21,38.13434600830078,38.15964419049123,37.80545677198049,37.81388842705694,22285500
2014-08-22,38.075313568115234,38.345171559485394,38.00784746179219,38.24397240000083,18294500
2014-08-25,38.09217834472656,38.31987163689416,37.982550743171196,38.286141799394656,16910000
2014-08-26,37.95722198486328,38.28611420335234,37.89819079058651,38.210216494002374,14873100
2014-08-27,37.83917236328125,37.94880313976712,37.74640810755935,37.86447375290716,21287900
2014-08-28,37.84760665893555,37.93193604451833,37.6199134575102,37.73797588411004,17657600
2014-08-29,38.311431884765625,38.31986353811821,37.83074721965662,38.02470741637074,21607600
2014-09-02,38.02469253540039,38.336715058703426,37.82229754758054,38.311416891585644,22976800
2014-09-03,37.91506576538086,38.04156304817485,37.55244365279491,37.55244365279491,33684500
2014-09-04,38.16806411743164,38.17649898687736,37.7126808931264,37.72954741505772,26475500
2014-09-05,38.716217041015625,38.73308356391416,38.04157220987588,38.04157220987588,36939400
2014-09-08,39.188480377197266,39.46677003609177,38.783693371648155,38.80899155419461,45736700
2014-09-09,39.43302917480469,39.61012606845337,39.146304700516964,39.18847261902793,40302400
2014-09-10,39.50048828125,39.58481766942881,39.02823534335278,39.48362176022224,27302400
2014-09-11,39.63542175292969,39.63542175292969,39.188470154079276,39.4161633884824,29216400
2014-09-12,39.382423400878906,39.65228128661411,39.298090800986806,39.55951703521268,38244700
2014-09-15,38.994510650634766,39.39086268759416,38.87644498790094,39.24750206542936,37667600
2014-09-16,39.43302917480469,39.508926924379686,39.03667711987793,39.12100652297881,27910600
2014-09-17,39.230628967285156,39.373989565423294,38.98606924662145,39.01136741877292,38311900
2014-09-18,39.36556625366211,39.492063575138815,39.18003770668575,39.28966850416819,35556600
2014-09-19,40.07394027709961,40.116104974502036,39.29809633366205,39.47519320988858,202522400
2014-09-22,39.686031341552734,39.955889342986815,39.61856523271365,39.88842323414773,38686100
2014-09-23,39.26436996459961,39.61855731433159,39.18847221580555,39.508926517860054,33430300
2014-09-24,39.70288848876953,39.72818666512681,39.07883999728689,39.323399758608495,26582700
2014-09-25,38.82585906982422,39.711330868061886,38.817424197453256,39.5342371518066,33077400
2014-09-26,39.13785934448242,39.31495295916855,38.58970876535748,38.73307256078868,27078800
2014-09-29,39.16316604614258,39.264365176835106,38.58971717339195,38.77524569603483,26091000
2014-09-30,39.0957145690918,39.196910512314346,38.80055517733122,39.10414622395991,33033100
2014-10-01,38.707794189453125,39.239075305238586,38.66562626413847,39.01981689162315,38088400
2014-10-02,38.5897216796875,38.87644614954492,38.48852575413796,38.648756121298575,25119400
2014-10-03,38.86802291870117,39.04511663102851,38.46323591182675,38.77525862644556,32453200
2014-10-06,38.86802291870117,39.04511663102851,38.724659044225824,38.89332110133046,20604000
2014-10-07,38.39575958251953,38.733083606944305,38.3029953149547,38.67405238521402,25723700
2014-10-08,39.44988250732422,39.54264674989243,38.23552213714997,38.35358454879698,33031000
2014-10-09,38.66562271118164,39.46676496412815,38.57286164811185,39.21377352029261,34422800
2014-10-10,37.13080596923828,38.89331771788518,37.063343082441925,38.45479769434576,51978100
2014-10-13,36.810340881347656,37.577749894274135,36.67541193018344,36.95370148453966,37100200
2014-10-14,36.8778190612793,37.42596996253339,36.73445839855944,36.99588154045124,38115700
2014-10-15,36.447723388671875,36.59108401021974,35.503217392628066,36.26219485070606,60218700
2014-10-16,36.04294967651367,36.32967424152243,35.604429564326054,35.86585272683065,49040400
2014-10-17,36.7934684753418,37.05489146686878,36.08509079079227,36.430846373908146,40683300
2014-10-20,37.1729736328125,37.22356999331599,36.10197337035677,36.31280011768362,34527900
2014-10-21,37.84760665893555,37.93193604451833,37.26572296075083,37.40908677659339,36433800
2014-10-22,37.425960540771484,38.007841134617394,37.29946322095432,37.94880990989218,33570900
2014-10-23,37.965675354003906,38.32829756240975,37.55245357571805,37.62835132205788,45451900
2014-10-24,38.90174865722656,39.55109536393141,38.10060644937198,39.49206413759102,61076700
2014-10-27,38.716217041015625,38.87644418311122,38.54755502899061,38.54755502899061,30371300
2014-10-28,39.20534133911133,39.2137729931095,38.59815930850027,38.67405706232665,29049800
2014-10-29,39.314964294433594,39.38243038631403,39.07883940677271,39.16316880466293,30276100
2014-10-30,38.83429718017578,39.06199051761974,38.59817218592062,39.06199051761974,30073900
2014-10-31,39.5932502746582,39.610116794721606,39.19689509556771,39.58481540614662,35849700
2014-11-03,40.0064697265625,40.02333624703472,39.407722726117804,39.54265167293576,23130400
2014-11-04,40.11610794067383,40.25103691251433,39.84624999699283,39.8884146975129,21530800
2014-11-05,40.36067581176758,40.39440886574133,39.85468965304449,40.31007623080694,22449600
2014-11-06,41.06904220581055,41.20397116645425,40.30163313896943,40.36066435819104,33037800
2014-11-07,41.052181243896484,41.25457310379479,40.723292058841274,41.25457310379479,28000600
2014-11-10,41.229270935058594,41.44853251518064,40.942546480486904,41.02687909474934,36370100
2014-11-11,41.21240997314453,41.279876073657924,41.026884630654166,41.19554344801618,23445200
2014-11-12,41.136505126953125,41.25456756553784,40.91724677200439,40.95097981644579,22722100
2014-11-13,41.836448669433594,41.87018171173557,41.077471302439,41.16180390819394,26210400
2014-11-14,41.81114959716797,42.20750157633396,41.65091925815882,41.94607854651467,29081700
2014-11-17,41.709964752197266,41.920791508789804,41.4401067611157,41.66780004427096,30318600
2014-11-18,41.36201477050781,41.86270402339152,41.328068968253014,41.69297824936741,23995500
2014-11-19,40.92074203491211,41.37051272710185,40.67463974636452,41.294136266423315,26177500
2014-11-20,41.328067779541016,41.328067779541016,40.6237069706378,40.734029206167776,21510600
2014-11-21,40.71706771850586,41.6250971151003,40.369131251000056,41.59963937563058,42884800
2014-11-24,40.3860969543457,40.73403335980403,40.2163711678965,40.72554852724412,35434200
2014-11-25,40.28426742553711,40.708580321994,40.267294521208775,40.44550516078055,28008000
2014-11-26,40.52188491821289,40.72555654952199,40.12302972707673,40.30124361844123,27163600
2014-11-28,40.57278823852539,40.90375168121209,40.40306248305158,40.6915952961822,21534400
2014-12-01,41.26018524169922,41.3959652393935,40.48793589782853,40.632203966332106,31191600
2014-12-02,41.1243896484375,41.62507880704371,40.90374844982681,41.44686823463707,25773500
2014-12-03,40.80192184448242,41.158343055204256,40.572792535911304,41.10742435199405,23534800
2014-12-04,41.44689178466797,41.63359053074679,40.903771691258086,41.06500945734817,30320400
2014-12-05,41.0904541015625,41.55720081797333,41.05651153448269,41.42990567036127,27313400
2014-12-08,40.47945022583008,41.03105503874076,40.26729378149895,40.95467858929154,26663100
2014-12-09,40.3860969543457,40.6661417503243,39.92783830210788,39.97875700921768,24330500
2014-12-10,39.800559997558594,40.44551432186785,39.630834153082084,40.377625926427974,30431800
2014-12-11,40.02968215942383,40.51340190081917,39.61385728117729,39.95330893616503,29060400
2014-12-12,39.842979431152344,40.504906477261805,39.60536202088844,39.69871137092959,34248400
2014-12-15,39.60536193847656,40.453987682902465,39.50352775557554,40.0551357843525,29247800
2014-12-16,38.32394027709961,39.325318961229684,38.29848253949899,38.951924781668644,47801400
2014-12-17,38.81614685058594,38.994357497771304,38.10330102459385,38.23059295661884,34970900
2014-12-18,40.326690673828125,40.326690673828125,39.32531216281273,39.528983740159035,40105600
2014-12-19,40.44551086425781,40.818905100384384,40.0296827427013,40.4200531228006,64551200
2014-12-22,40.71706771850586,40.835874819032135,40.487938351526324,40.54734190178946,26566000
2014-12-23,41.11591720581055,41.412934915976,40.84435723158777,41.048025593629724,23648100
2014-12-24,40.852840423583984,41.27715327092034,40.80192495374369,41.27715327092034,11437800
2014-12-26,40.6322135925293,41.08198433446253,40.58129486736183,41.08198433446253,13197800
2014-12-29,40.267303466796875,40.54734835730157,40.10606245848243,40.47945996215697,14439500
2014-12-30,39.90239334106445,40.41156762616307,39.74964040808464,40.258814693183254,16384700
2014-12-31,39.41866683959961,40.25880452146984,39.41866683959961,39.65628101431033,21552500
2015-01-02,39.68173599243164,40.24182882049301,39.49504054124459,39.59687471800572,27913900
2015-01-05,39.31682586669922,39.656274166635725,39.24893426436205,39.350768430618025,39673900
2015-01-06,38.739749908447266,39.673236531946436,38.64640059864757,39.35924604764202,36447900
2015-01-07,39.23197937011719,39.42716296054548,38.60399794652203,39.01982287131453,29114100
2015-01-08,40.3860969543457,40.521876936055044,39.64779350612929,39.67325124105913,29645200
2015-01-09,40.046653747558594,40.581288953526226,39.80055470490753,40.40307829728728,23944200
2015-01-12,39.54597091674805,40.34368144092687,39.34230248645867,40.24184398853085,23651900
2015-01-13,39.34231185913086,40.65768184539084,39.08772464199217,39.859974368422385,35270600
2015-01-14,39.00283432006836,39.24045170475696,38.71430146792861,39.00283432006836,29719600
2015-01-15,38.595489501953125,39.3592537894075,38.53608597262329,39.22347383133223,32750800
2015-01-16,39.24044418334961,39.27438674272779,38.33241192843473,38.451222216631066,35695300
2015-01-20,39.36775588989258,39.588400441835724,38.67188289484292,39.29137942764318,36161900
2015-01-21,38.968894958496094,39.15559366934489,38.595500774049015,38.98586786286876,39081100
2015-01-22,39.99573516845703,40.00422000213215,39.10467871904467,39.35926581355527,35898000
2015-01-23,40.038169860839844,40.216380521296635,39.715691115310264,40.190922780445916,26211600
2015-01-26,39.893890380859375,39.99572778967614,39.24045147915981,39.88540554874962,42525500
2015-01-27,36.202369689941406,36.66062831269697,35.73562623517181,36.44847190259716,169164000
2015-01-28,34.95489501953125,36.31269822179671,34.92943728182799,36.27026757987446,84507100
2015-01-29,35.6507682800293,35.74411763558724,34.615447009819725,34.73425410334783,63585300
2015-01-30,34.28448486328125,35.285863602723914,34.24205098193571,35.260402626466465,78004900
2015-02-02,35.031272888183594,35.107649341636055,34.14021642273863,34.44572223654847,50352500
2015-02-03,35.30284118652344,35.58288932739616,34.836097522320266,35.328302168490005,52082400
2015-02-04,35.506492614746094,35.82048315715812,35.09915274525898,35.59135387358734,41614800
2015-02-05,36.024166107177734,36.185403844885286,35.52347675221682,35.82898256029474,36548200
2015-02-06,35.99020767211914,36.31268627165465,35.76956646438395,36.21933694779573,34616600
2015-02-09,35.947776794433594,36.27025539172886,35.820481674192216,35.845942640590124,31381100
2015-02-10,36.151458740234375,36.29572681341626,35.79503744869785,36.27026907466382,29670700
2015-02-11,35.96476364135742,36.193893004306744,35.82049556664831,36.193893004306744,38262500
2015-02-12,36.56727981567383,36.56727981567383,36.07507537903712,36.202370522925925,33268800
2015-02-13,37.229209899902344,37.229209899902344,36.618201575119926,36.81338510471364,40264900
2015-02-17,37.24629211425781,37.605249751493226,36.912970116455476,37.5796108517728,33695700
2015-02-18,37.20357131958008,37.348866084116686,37.08391872542562,37.28903978703946,27111700
2015-02-19,37.17792892456055,37.20356783225073,36.79332900776604,36.904436374904094,27603400
2015-02-20,37.485618591308594,37.50271228763662,36.99845965697196,37.18648379600187,29721100
2015-02-23,37.733463287353516,37.767647411557626,37.30613076206203,37.34886336253349,32518800
2015-02-24,37.68218231201172,37.86166119064787,37.53688755767166,37.733463388888524,25271700
2015-02-25,37.59672164916992,37.68218686065939,37.43433318293555,37.5625342604586,29759800
2015-02-26,37.656551361083984,37.80184288583777,37.51125657604107,37.59672505556312,28957300
2015-02-27,37.4770622253418,37.776196957690736,37.31467703483593,37.71637066327865,33807700
2015-03-02,37.50269317626953,37.76763718361555,37.220652221018874,37.323211086433865,31924000
2015-03-03,36.98989486694336,37.45996315795152,36.82750971386912,37.22920324971691,31748600
2015-03-04,36.801883697509766,36.93008151789403,36.64804370481752,36.759147830426095,25748700
2015-03-05,36.844627380371094,36.9557347996692,36.59677362204835,36.81043998054246,23193500
2015-03-06,36.203609466552734,36.84460820849513,36.02413060127803,36.750594538030796,36248800
2015-03-09,36.62240219116211,36.86171066203674,36.058323294575224,36.058323294575224,32108000
2015-03-10,35.921566009521484,36.50273842347117,35.921566009521484,36.1950585266404,39159700
2015-03-11,35.87883377075195,36.21215257552738,35.75918120086211,36.160874765739166,32215300
2015-03-12,35.05836486816406,35.59680482591244,34.92161857448228,35.32331223854888,59992500
2015-03-13,35.36603546142578,35.442955434983,34.70794307883357,34.78486305239079,58007700
2015-03-16,35.51988983154297,35.588261357863075,35.28058133869942,35.442969826752055,35273500
2015-03-17,35.63954544067383,35.75065284809975,35.169480154272776,35.357504312659465,31673400
2015-03-18,36.323272705078125,36.60531379925635,35.32331593907712,35.40878115897341,44194800
2015-03-19,36.1437873840332,36.40018625858862,36.08396108864656,36.11814521437566,33879100
2015-03-20,36.648033142089844,36.733498331046505,36.31471434075571,36.37454062508296,71904500
2015-03-23,36.630950927734375,36.86171092255384,36.56257614691869,36.6480446229383,26246100
2015-03-24,36.665130615234375,36.89588730128561,36.53692955828297,36.56256846555793,25513300
2015-03-25,35.434410095214844,36.690768687715845,35.41731640399102,36.682220211959816,43469900
2015-03-26,35.22074890136719,35.56261625434301,34.972895233474155,35.229297378350374,37495600
2015-03-27,35.01563262939453,35.40877782031078,34.895980028706006,35.1438304471513,34401400
2015-03-30,35.007083892822266,35.50279124662001,34.96435128721976,35.12673649262481,35049700
2015-03-31,34.75067901611328,35.06690415547591,34.64812012826643,34.853237903960135,34887200
2015-04-01,34.801963806152344,34.836147932225785,34.45155124666279,34.699401647066175,36865300
2015-04-02,34.434452056884766,34.81905194134464,34.289157318182994,34.75067717953485,37487500
2015-04-06,35.5113410949707,35.70791371461004,34.34045059525412,34.47719690718971,39223700
2015-04-07,35.49424743652344,35.81902115032738,35.30622329509106,35.562622222709216,28809400
2015-04-08,35.400230407714844,35.6309903989644,35.075459984731566,35.4344177975938,24753400
2015-04-09,35.45151138305664,35.571163986974554,35.254938782293074,35.254938782293074,25723900
2015-04-10,35.65663146972656,35.85320406502306,35.391684096784935,35.57971147502021,28022000
2015-04-13,35.69081497192383,35.94721712330465,35.374589781586614,35.38313825878666,30276700
2015-04-14,35.59679412841797,35.92156444063222,35.374579430284186,35.724991906306386,24244400
2015-04-15,36.118141174316406,36.28907482499612,35.62243717366228,35.69080867776123,27343600
2015-04-16,36.03268051147461,36.18652049040821,35.7420942468543,35.853201622814936,22509700
2015-04-17,35.57115173339844,35.67371386738792,35.1780066673022,35.61388432575015,42387600
2015-04-20,36.673683166503906,36.8958946813405,35.62244537421012,35.665177981645364,46057700
2015-04-21,36.44293212890625,36.87881330860336,36.34891841327394,36.75061219450662,26013800
2015-04-22,36.74204635620117,36.86169892339051,36.36599170470559,36.468550582255325,25064300
2015-04-23,37.04118728637695,37.27194726533912,36.57966732845261,36.65658732144,46309500
2015-04-24,40.91283416748047,41.14359423015244,39.01547908599418,39.024024305964275,130933700
2015-04-27,41.04956817626953,41.13503665174244,40.357291456528316,40.36583667393112,59248200
2015-04-28,42.01534652709961,42.05807914055994,40.76753595643713,40.835907485915776,60730800
2015-04-29,41.92987060546875,42.143536878561726,41.451256980036604,41.639284343650765,47804600
2015-04-30,41.57091522216797,42.34011521397751,41.53672783135665,41.62219630838495,64725500
2015-05-01,41.5880012512207,41.776028605732876,41.36578977248776,41.51962974249073,38937300
2015-05-04,41.22904586791992,41.767482533634784,41.177764788204335,41.34014998353743,34039500
2015-05-05,40.68205642700195,41.160670044601325,40.43420603208964,40.870083787538945,50369200
2015-05-06,39.55390167236328,40.827354166664044,39.33169017028553,40.656420486448745,52433000
2015-05-07,39.912845611572266,40.24616435190082,39.45132585098471,39.54533949780299,32971700
2015-05-08,40.81025695800781,41.00682953222538,40.61368438379025,40.63932329251343,35364900
2015-05-11,40.485496520996094,40.94701659023556,40.485496520996094,40.63933654407592,24609400
2015-05-12,40.46839904785156,40.75044015061827,39.67356008951354,40.041066414779046,29928300
2015-05-13,40.70769119262695,41.29740881575355,40.65641012354675,41.18630146289041,34184600
2015-05-14,41.6392936706543,41.72475889491985,41.049572538238266,41.049572538238266,32980900
2015-05-15,41.28032302856445,41.80166925300937,41.066656756925624,41.767481867077905,28642700
2015-05-18,41.03246307373047,41.21194519218123,40.69059904774745,41.006824168360964,24136500
2015-05-19,40.92924880981445,41.127098917592086,40.585159668432425,40.91204402459763,28574800
2015-05-20,40.92924880981445,41.230324347415795,40.662579561169515,40.765804990993225,25047900
2015-05-21,40.79161071777344,40.94645050396768,40.4389208228815,40.67118050217287,22410700
2015-05-22,40.34429168701172,40.73138779676622,40.27547255902546,40.688377482513125,25720600
2015-05-26,40.07761764526367,40.32708203185341,39.733528609865665,40.28407172279772,29581900
2015-05-27,40.955055236816406,41.09269024006445,40.10343639820347,40.275480972632856,27335600
2015-05-28,40.81743621826172,41.307761314443546,40.765821841276775,40.8604465583432,19283700
2015-05-29,40.309898376464844,40.92065361696208,40.07763864807619,40.800223375903805,36519600
2015-06-01,40.62815856933594,41.092677795172726,40.103424252906564,40.48192285831861,28837300
2015-06-02,40.36150360107422,40.73139830574414,40.10343836749642,40.37010763503072,21498300
2015-06-03,40.30128479003906,41.06688294949677,40.275479253493216,40.74859935187113,28002200
2015-06-04,39.87978744506836,40.56796257686651,39.74215241870873,40.24968219368697,27745500
2015-06-05,39.69053268432617,40.01741705826681,39.43246745499511,39.836771725882805,25438100
2015-06-08,39.33784484863281,39.93999926984605,39.28623048745079,39.82816979469046,22121600
2015-06-09,39.26901626586914,39.51847739377502,39.1055724824575,39.36363764184639,24406100
2015-06-10,40.0948371887207,40.28408655602178,39.30343342848868,39.38945735975164,28417400
2015-06-11,39.94860076904297,40.36150582178116,39.68193476831408,40.13785014876876,27347800
2015-06-12,39.544288635253906,39.974398354474936,39.4840735370811,39.75934349486442,23931000
2015-06-15,39.12278366088867,39.2690226867223,38.727083466359915,39.096978125173294,33254500
2015-06-16,39.423858642578125,39.77654848290235,38.9679401064443,39.010950422293256,27070300
2015-06-17,39.544288635253906,39.63030926650742,39.019554252767975,39.33783452617804,28704100
2015-06-18,40.18946075439453,40.258276616013156,39.71633734930303,39.7593509544767,32658300
2015-06-19,39.65611267089844,40.284075714952415,39.56149129418943,40.24966615170737,63837000
2015-06-22,39.76796340942383,40.189472581233815,39.707748282233595,39.85398736360868,20318100
2015-06-23,39.49268341064453,39.81096375757913,39.24321892831424,39.68193278089199,25896500
2015-06-24,39.26042175292969,39.785156230410394,39.183001858195205,39.28622729068207,34890900
2015-06-25,39.26901626586914,39.62170608271181,39.139982045436426,39.595897269739346,20616000
2015-06-26,38.93354034423828,39.81096479068572,38.73569021633507,39.269028767876854,49835300
2015-06-29,38.16794204711914,38.907731414857835,38.159341295123774,38.74429087512752,34081700
2015-06-30,37.978694915771484,38.46901980283005,37.79804631411001,38.4604157695962,35945400
2015-07-01,38.236751556396484,38.907721613232425,37.935672808769645,38.24535230622515,28343900
2015-07-02,38.193748474121094,38.49482399726304,37.90127370243588,38.26256433020622,21752000
2015-07-06,38.18513870239258,38.26255857977619,37.80664334711526,37.8152440972794,23034000
2015-07-07,38.107723236083984,38.27116704141101,37.26470851892371,38.14213280367672,36435800
2015-07-08,38.056114196777344,38.623858966443485,37.87546559801486,38.228155480966905,39785900
2015-07-09,38.2969856262207,38.89914013837235,38.279780836561734,38.49483578508174,32424700
2015-07-10,38.374393463134766,38.83030876045489,38.339983894644966,38.71847930360157,25465800
2015-07-13,39.174400329589844,39.24321618939125,38.66687064783007,38.692676185070944,28178300
2015-07-14,39.24322509765625,39.53569995152825,38.97655906836101,39.096989311459254,22880300
2015-07-15,39.3636474609375,39.47547692777613,39.07977669924235,39.29483159929036,26629600
2015-07-16,40.137847900390625,40.16365343927946,39.54429753560511,39.57870382696439,26271700
2015-07-17,40.103431701660156,40.24106668878966,39.79375216024953,40.0432165998833,29467100
2015-07-20,40.36150360107422,40.542152217908416,39.94859857105425,40.12924718788844,30631900
2015-07-21,40.67118453979492,40.7141981480458,39.98300946698946,40.24107470910681,42781900
2015-07-22,39.174400329589844,40.37010501674999,38.881925542110025,39.0883764029915,59152400
2015-07-23,39.664737701416016,39.76796316432331,38.79591381763455,38.94215289810833,33934000
2015-07-24,39.51847839355469,39.845362687171296,39.398048201558204,39.49267286140591,32333200
2015-07-27,39.01094436645508,39.578688979367364,38.92492374811052,39.51847389023093,39701400
2015-07-28,39.002349853515625,39.260415031289014,38.52922981401828,39.2088039646204,34328900
2015-07-29,39.81955337524414,40.24105900722138,38.93352523834618,39.05395870038741,40945900
2015-07-30,40.32708740234375,40.774401895341,39.50987829555026,39.793748998302796,39777900
2015-07-31,40.17224884033203,40.74859429484426,40.000204294597545,40.67977844543653,31201500
2015-08-03,40.266868591308594,40.430309085001575,39.9571891030681,40.41310430437973,24125900
2015-08-04,40.89484786987305,41.04108365286196,40.15505835680978,40.21527347703792,33403900
2015-08-05,40.92924880981445,41.64322934818789,40.8948392393808,41.27333466971924,26959700
2015-08-06,40.103431701660156,41.092685427668876,39.853970543503316,41.04107107694146,27368000
2015-08-07,40.20665740966797,40.24106369278104,39.79374919754416,39.90557864172255,19163000
2015-08-10,40.714195251464844,40.851830256233995,40.2926862035283,40.387310884584096,23079900
2015-08-11,39.922786712646484,40.37870199584837,39.484076213156726,40.27547657505259,29237400
2015-08-12,40.20665740966797,40.34429238655034,39.32062916960329,39.73353410025042,30181400
2015-08-13,40.198055267333984,40.51633555105869,39.99160443304433,40.48192926632831,22627200
2015-08-14,40.43031311035156,40.516333740548866,40.01740817874646,40.026008929175504,21473400
2015-08-17,40.70558547973633,40.817414930808795,40.060420870550125,40.26687498933954,21099700
2015-08-18,40.93071746826172,41.069260063691594,40.437159265598034,40.55838362370967,23574100
2015-08-19,40.35923767089844,40.76620807904207,40.09080988846716,40.50643776560424,31485500
2015-08-20,39.53664779663086,40.23802184651293,39.53664779663086,39.89166355698951,36238200
2015-08-21,37.293975830078125,39.38077584625458,37.293975830078125,39.22491499001597,70053100
2015-08-24,36.09038543701172,36.964935063882564,34.39323759879483,35.0253384782394,88753700
2015-08-25,35.042659759521484,37.44118164356517,34.97338679532019,36.861032129287906,70616600
2015-08-26,36.98224639892578,37.09481328340762,35.55352658575287,36.37612134040583,63408000
2015-08-27,38.01266098022461,38.055954920579765,37.172744664247816,37.43251160949464,50943200
2015-08-28,38.03865051269531,38.22914788325205,37.57106785939267,37.57972863248186,28246700
2015-08-31,37.68362808227539,38.03864374406662,37.319951648936076,37.718264562234666,34441700
2015-09-01,36.211605072021484,36.87834234331,36.073062476891145,36.51466596664535,49688900
2015-09-02,37.54508590698242,37.56240414716567,36.263565861470894,36.67919371651924,37671500
2015-09-03,37.66630172729492,38.081929487911864,37.475804431677055,37.588371315734506,28285200
2015-09-04,36.89566421508789,37.26799809551259,36.54064857364996,37.06884330183925,37138800
2015-09-08,38.00400161743164,38.09925027160923,37.40653729093045,37.49312517484678,32469800
2015-09-09,37.293975830078125,38.445614011939405,37.15543321376786,38.28109238417835,33469500
2015-09-10,37.484466552734375,37.91741256520823,37.016884066514784,37.337263190872974,31366600
2015-09-11,37.648983001708984,37.744231648279936,37.18140053842383,37.354579595542305,27132500
2015-09-14,37.26799774169922,37.61435260879738,37.11213689541434,37.60569514094436,23656000
2015-09-15,38.081932067871094,38.35035979323471,37.302631202587,37.39787655373276,28882200
2015-09-16,38.35901641845703,38.42828936662372,37.96070687584647,38.07327376505936,23372200
2015-09-17,38.31572341918945,38.965142460192666,38.168523355391095,38.350359894124146,32768200
2015-09-18,37.648983001708984,38.09058976251689,37.51910118620696,37.66630123773241,63143700
2015-09-21,38.194488525390625,38.506210107593,37.752881849565554,37.77020008225625,26177200
2015-09-22,38.01266098022461,38.14254280129006,37.50178455655562,37.56239673367602,28085900
2015-09-23,37.986690521240234,38.24645752493953,37.674968795554406,38.03864524322676,17145200
2015-09-24,38.02131271362305,38.211809986198766,37.46714243316505,37.62300323743329,27905600
2015-09-25,38.04729461669922,38.73135011328407,37.89143378701873,38.51487710574071,29384600
2015-09-28,37.484466552734375,38.17717951206936,37.415193605242905,37.952049038953966,27613800
2015-09-29,37.614356994628906,37.72692390854135,37.27665955600827,37.55374480324144,32763600
2015-09-30,38.32439041137695,38.35902689492008,37.80485637069761,37.99535372706791,34958900
2015-10-01,38.6274528503418,38.74867723385967,37.882785005170064,38.74867723385967,28657900
2015-10-02,39.458717346191406,39.458717346191406,38.0299935308205,38.333057859929376,41839000
2015-10-05,40.37654495239258,40.601675419398084,39.57126512679667,39.6145590662459,34369300
2015-10-06,40.48046112060547,40.85279503794273,40.02153930286653,40.11678797517838,27017200
2015-10-07,40.523738861083984,40.99997872902798,39.78773209272647,40.783505761497494,27711500
2015-10-08,41.08659362792969,41.14720582959625,40.26399521558989,40.31594994692576,33772700
2015-10-09,40.79217529296875,41.16450914135563,40.627653688309024,41.086578724178935,28600600
2015-10-12,40.696929931640625,40.75754211622568,40.26398386853806,40.67961169274256,19769100
2015-10-13,40.6016845703125,40.80950015086901,40.31594186305346,40.31594186305346,19987800
2015-10-14,40.419837951660156,40.783510998313524,40.2899528332178,40.39386224921799,24697800
2015-10-15,40.705589294433594,40.72290753413784,40.28996145088104,40.705589294433594,27189400
2015-10-16,41.13853454589844,41.164513556487776,40.61034310962263,40.71424924263074,26450300
2015-10-19,41.23377990722656,41.45891369767605,40.71424598069353,41.06060083067684,29387600
2015-10-20,41.36367416381836,41.39831064739115,40.71425496085451,41.07792812901817,30802200
2015-10-21,40.870121002197266,41.55417677523871,40.79219055586194,41.49356126976253,25144300
2015-10-22,41.588802337646484,42.38542489897053,40.7748648386368,41.15585622693814,56637100
2015-10-23,45.77971649169922,46.818787719749885,45.24286429006765,45.28615823642052,135227100
2015-10-26,46.97465133666992,47.03526352575823,45.45934000322895,45.485315711947784,64633300
2015-10-27,46.489749908447266,47.07855685450599,46.39450454336068,46.74952020467993,50999900
2015-10-28,46.7408447265625,46.7408447265625,45.77104671594597,46.359853476742025,47000800
2015-10-29,46.20399856567383,46.61096887074949,46.082774211765994,46.35985939301702,30202100
2015-10-30,45.580562591552734,46.7495189847461,45.563244352048045,46.169369522246484,46619800
2015-11-02,46.10009765625,46.20400378517807,45.56324216670303,45.76239695678028,30285000
2015-11-03,46.888065338134766,47.095877622536285,45.805700056119804,45.83167576589082,36596900
2015-11-04,47.104530334472656,47.520158135274244,46.81012689601534,46.914033020436705,37087800
2015-11-05,47.087215423583984,47.364300643696346,46.75817548603192,47.18246408733193,31468500
2015-11-06,47.5547981262207,47.606752847438514,46.7235424054354,46.83610931651569,32851200
2015-11-09,46.896724700927734,47.511507413192014,46.377190665826035,47.23442215405552,32513100
2015-11-10,46.333900451660156,46.87075611305021,46.126088127285,46.81880138039776,55283700
2015-11-11,46.45512008666992,46.9313601589633,46.2905984467585,46.49841403812991,36516300
2015-11-12,46.16938018798828,46.74086901119887,46.056813256761544,46.307922832914564,35361100
2015-11-13,45.75373840332031,46.143390506449954,45.48531066491629,45.95289318867186,36848200
2015-11-16,46.55902099609375,46.66292712853874,45.76239850570509,45.96155660563956,32165200
2015-11-17,46.175453186035156,46.663618948829836,46.07084338653927,46.34979620110191,31551300
2015-11-18,46.94258117675781,47.05590681958021,46.184178267919854,46.20161323799872,29710000
2015-11-19,47.02103042602539,47.64867596120146,46.88155400991739,47.06461950793045,28149200
2015-11-20,47.23896026611328,47.33485092109264,46.436971743340294,47.291265166660175,37147600
2015-11-23,47.23896026611328,47.47432733050446,46.85540097157575,47.291265166660175,28235900
2015-11-24,47.29127502441406,47.456902255933976,46.70721847743808,47.003602999511436,24600000
2015-11-25,46.80310821533203,47.27384246625883,46.80310821533203,47.15180099202909,21005100
2015-11-27,47.01231002807617,47.14307061030126,46.890268591535296,46.898984411839756,9009100
2015-11-30,47.37844467163086,47.91019961143944,47.07334101373108,47.54407522195971,56241400
2015-12-01,48.13685607910156,48.14557190224602,47.3348640091976,47.43075469069077,39952800
2015-12-02,48.128135681152344,48.78193213758112,47.99737838509503,48.22402636015615,47274900
2015-12-03,47.2476921081543,48.61630578244916,47.01232498051762,48.372222831735925,38627800
2015-12-04,48.73834991455078,49.017302823537676,47.160519821221634,47.177954793705936,43963700
2015-12-07,48.65116500854492,48.790641424711325,48.197865824659104,48.63373004085162,30709800
2015-12-08,48.633731842041016,48.90396553784546,47.93634973538091,48.354778999376975,32878000
2015-12-09,47.92763137817383,48.70346919245212,47.51791792890677,48.267604952935756,36373200
2015-12-10,48.18043899536133,48.520412609357294,47.9537877024436,48.28504549381071,31775800
2015-12-11,47.125640869140625,48.03223592340712,47.082051786646375,47.692262362384675,39549500
2015-12-14,48.06711959838867,48.128140340866196,46.794396504741705,47.36102148532562,46768900
2015-12-15,48.11941909790039,48.72962977933481,48.02352842041175,48.5204134534159,39843000
2015-12-16,48.93011474609375,49.034721220257275,47.7358444749891,48.415794870501635,37503300
2015-12-17,48.555267333984375,49.50545132102308,48.40707179269158,49.13060788322197,41280900
2015-12-18,47.186668395996094,48.81679988978041,47.0994935438217,48.616302717850196,84684200
2015-12-21,47.79689025878906,48.250186294783475,47.27385099933329,47.840476032398364,37246300
2015-12-22,48.25016784667969,48.36349347503974,47.5092000024811,47.93634840145047,28322200
2015-12-23,48.659881591796875,48.71218649569599,48.3286238511961,48.55527510937878,27279800
2015-12-24,48.52913284301758,48.78193495218082,48.319919827102495,48.69476341644636,9558500
2015-12-28,48.773216247558594,48.773216247558594,47.92763843428558,48.25017708790674,22458300
2015-12-29,49.29623794555664,49.557755787698895,48.86909291264624,49.0695900358013,27731400
2015-12-30,49.0870361328125,49.496746292434,49.06960116266554,49.226512568607575,21704500
2015-12-31,48.36349868774414,48.98242514905479,48.31119377854504,48.85166786412773,27334100
2016-01-04,47.77070999145508,47.77070999145508,46.541573226190906,47.35228080810765,53778000
2016-01-05,47.98865509033203,48.285042924652224,47.54407500154197,47.88404859744857,34079700
2016-01-06,47.116920471191406,47.42202741364779,46.759511951739086,47.35228754381318,39518900
2016-01-07,45.47807693481445,46.62876168212536,45.39090540981812,45.940095328360506,56564900
2016-01-08,45.6175651550293,46.44570477221156,45.46065372063281,45.65243177626541,48754000
2016-01-11,45.591407775878906,46.070857868786,44.85915557612558,45.774469994472014,36943800
2016-01-12,46.00981903076172,46.28877182328313,45.38217691027835,45.992384065556685,36095500
2016-01-13,45.01605987548828,47.13436042793127,44.719672048077896,46.89899333039534,66883600
2016-01-14,46.29750442504883,46.56773815082195,44.955041642487494,45.329885189895926,52381900
2016-01-15,44.44944763183594,45.303741354094285,43.88282264979815,44.72840054827209,71820700
2016-01-19,44.07459259033203,45.05092754451787,43.63872835582654,44.87658118563963,43564500
2016-01-20,44.27509307861328,44.789413047137614,42.80186972662334,43.568991768319734,63273000
2016-01-21,44.004859924316406,44.96376339251828,43.84794850816302,44.458159201494986,40191200
2016-01-22,45.58269119262695,45.6175611361722,44.68480843593153,44.81556906153578,37555800
2016-01-25,45.146820068359375,45.89650711465909,45.024778609730184,45.2775773488705,34707700
2016-01-26,45.47807693481445,45.713444042761196,44.93760616400001,45.14682247952395,28900800
2016-01-27,44.64994430541992,45.50423801758998,44.47559790336091,45.338607439212446,36775200
2016-01-28,45.38218307495117,45.5129403436815,44.67608185243922,45.20783672459735,62513800
2016-01-29,48.023529052734375,48.023529052734375,47.073344738878816,47.70970622241427,83611700
2016-02-01,47.692264556884766,48.02352231187884,47.50920237335393,47.840460128348006,44208500
2016-02-02,46.20161056518555,47.29998701356789,45.89650691990721,47.221531315441986,56313800
2016-02-03,45.46935272216797,46.541578243595445,44.68479584045034,46.419536800968245,57559800
2016-02-04,45.32987594604492,46.03597713387968,44.78068613328455,45.41704745425075,46987100
2016-02-05,43.72590637207031,45.32988712648421,43.20287054307085,45.277582213431984,62009000
2016-02-08,43.07210159301758,43.21157800880151,42.00859184430256,43.19414304115601,59290500
2016-02-09,42.95878982543945,43.79565191551278,42.42703477952635,42.732141823686575,46740500
2016-02-10,43.3336296081543,43.926405345443,43.16800236479277,43.490541028341354,38237000
2016-02-11,43.31619644165039,43.68232421247238,42.28755634439091,42.43575194757963,48878600
2016-02-12,44.02229309082031,44.17920450054081,43.368496658778426,43.80436094680635,34243300
2016-02-16,44.85638427734375,44.85638427734375,44.0135170291466,44.689567847780786,37291200
2016-02-17,46.02408981323242,46.33138735878931,45.17244446237349,45.2075647560238,40789000
2016-02-18,45.822166442871094,46.48943881879846,45.74314743386013,45.94508750630988,27176000
2016-02-19,45.497310638427734,45.90118407267893,45.24269346712555,45.62901009924097,33559100
2016-02-22,46.22603988647461,46.533334149647125,45.901182123399344,45.901182123399344,25008300
2016-02-23,44.93539047241211,45.980194158108745,44.759792341816635,45.95385561075894,28895300
2016-02-24,45.09343719482422,45.216354905287666,44.07497185908314,44.5051838457052,33014500
2016-02-25,45.743141174316406,45.743141174316406,44.43494185324168,45.41828678139434,26939500
2016-02-26,45.04075241088867,46.25237594617397,44.865154263139836,46.182135347372,35975900
2016-02-29,44.672000885009766,45.348051600587134,44.4788425807716,45.08465269507828,31654000
2016-03-01,46.164588928222656,46.173367330418905,44.7071263186386,44.751028377390384,33024500
2016-03-02,46.48944091796875,46.49821931969678,45.795829957470794,46.01532684249496,29289900
2016-03-03,45.962642669677734,46.506997312007975,45.462190080209524,46.506997312007975,24427800
2016-03-04,45.68167495727539,46.05043133913803,45.40071930883505,46.00653264705464,33034200
2016-03-07,44.80371856689453,45.4797696080719,44.408626716859374,45.269054401287526,38407800
2016-03-08,45.348052978515625,45.769486551176605,44.426163479734896,44.60176163899105,33835100
2016-03-09,46.392860412597656,46.401638814072115,45.53243305006759,45.55877160374755,28251600
2016-03-10,45.699241638183594,46.480649856465,44.917833419902195,46.471871456495364,38387800
2016-03-11,46.594791412353516,46.594791412353516,45.9889813073753,46.53333256181614,32275700
2016-03-14,46.68259048461914,47.05134695030143,46.20847981339374,46.27871706684124,24083600
2016-03-15,47.051361083984375,47.051361083984375,46.305072876989925,46.313851280336685,21104800
2016-03-16,47.7186164855957,47.93811334771759,46.884531088937585,46.9284297915107,31691700
2016-03-17,47.990787506103516,48.289303333407545,47.41131600007286,47.59569253625173,28223900
2016-03-18,46.96355056762695,48.26297160260256,46.9284302655112,48.2190695503297,67625500
2016-03-21,47.28840637207031,47.349865227942146,46.471877744908554,46.75283347153879,23925700
2016-03-22,47.47276306152344,47.63080101023513,46.93719038525104,47.068889792262475,23124100
2016-03-23,47.38496780395508,47.62202473759986,47.183031160314385,47.50788546971418,20129000
2016-03-24,47.595699310302734,47.701060216762606,47.17426573223232,47.27084488852569,19950000
2016-03-28,47.007442474365234,47.66593297217823,46.823065938799004,47.59569237810203,17025100
2016-03-29,48.03469467163086,48.16639413455256,46.92843191026313,47.11280847894834,23924300
2016-03-30,48.33320999145508,48.85122273741754,48.201513879316,48.22785243189253,23008300
2016-03-31,48.49123764038086,48.80731360076341,48.16638328076801,48.24540227086365,26360500
2016-04-01,48.789756774902344,48.82487707272618,47.91176942484219,48.333202950960356,24399200
2016-04-04,48.66684341430664,48.86878012088704,48.28930855223052,48.66684341430664,18928800
2016-04-05,47.902992248535156,48.55270102859097,47.815191501733,48.456121881736614,19272300
2016-04-06,48.39466857910156,48.464909184592095,47.595700112557076,47.72739957322361,21188700
2016-04-07,47.81520462036133,48.210299716229656,47.61326787119684,48.175179407873145,19225100
2016-04-08,47.78009033203125,48.535160310546026,47.692292899334944,47.99958726302939,22167200
2016-04-11,47.683494567871094,48.42100408177498,47.67471281871711,47.84153256008307,21414200
2016-04-12,47.98202133178711,48.096157302737105,47.20060959264833,47.73618253832211,24944300
2016-04-13,48.59660720825195,48.675626217909944,48.192733758558454,48.3946704834052,20818000
2016-04-14,48.605384826660156,48.79854313368176,48.35076766726918,48.48246712192142,20877100
2016-04-15,48.85999298095703,49.09704659683109,48.385879050697625,48.5526954264901,28793800
2016-04-18,49.5711784362793,49.685317760561,48.47369395080062,48.7195327530425,23786000
2016-04-19,49.509700775146484,49.84333686984867,48.88633062789796,49.72041919002565,29596800
2016-04-20,48.80731201171875,49.606280285893,48.71951462525127,49.42190376475793,36195700
2016-04-21,48.9741325378418,49.36922750895367,48.658056560952296,48.9916926864752,38909100
2016-04-22,45.46218490600586,46.032878035695695,44.57541913677496,45.57632420179503,126834100
2016-04-25,45.751922607421875,45.769482756817354,45.330489069698366,45.46218516628044,33226900
2016-04-26,45.163665771484375,45.96263408520596,44.85637155438214,45.8836150937717,33532600
2016-04-27,44.72467041015625,45.21634448799071,44.38225591010868,45.1987843406478,43369300
2016-04-28,43.81157302856445,44.57542113624988,43.5130571756721,44.44372168525825,43134800
2016-04-29,43.785221099853516,44.118857176492135,43.328667350046835,43.328667350046835,48411700
2016-05-02,44.4349365234375,44.557854206056064,43.70620547754796,43.89936374980893,33114500
2016-05-03,43.706214904785156,44.25934794513268,43.54817689325729,44.197889090567,26460200
2016-05-04,43.785221099853516,43.952040812800526,43.42524647875186,43.75888255539048,24257600
2016-05-05,43.84669494628906,44.16277098506814,43.66231837342011,43.78523608866608,25390700
2016-05-06,44.241790771484375,44.241790771484375,43.600860281266236,43.829135563694045,24787300
2016-05-09,43.96083068847656,44.417384557480126,43.89937183584688,44.329587153510936,17951600
2016-05-10,44.7949333190918,44.865170594204265,44.0662019129132,44.18912300556032,22891000
2016-05-11,44.82126235961914,45.46219284921694,44.777363653339734,44.89150296907147,24039100
2016-05-12,45.22513198852539,45.48853090242199,44.7071192600551,44.95295802307484,24102800
2016-05-13,44.84760284423828,45.567552322069254,44.81248254062299,45.163675529006404,22592300
2016-05-16,45.50609588623047,45.62023185516729,44.55786773371221,44.60176644093842,20032000
2016-05-17,44.65731430053711,45.73595179351742,44.524697092950625,45.72711199541757,27803500
2016-05-18,44.92256164550781,45.21432224050957,44.47165430866611,44.63079767782413,24907500
2016-05-19,44.489341735839844,44.754579586774305,44.04727752672166,44.6219623476482,23842400
2016-05-20,44.75458526611328,45.285064407982055,44.56007928284249,44.63080781148204,23905800
2016-05-23,44.23295211791992,44.80763704840755,44.18874636311693,44.73690514257644,26118700
2016-05-24,45.61219024658203,45.718284724083986,44.560078527371296,44.8253164074675,34757900
2016-05-25,46.08076095581055,46.40789081896581,45.78900040286941,45.90393464082852,24040200
2016-05-26,45.8774299621582,45.95700166663886,45.40884290948477,45.91279591363466,24335200
2016-05-27,46.25760269165039,46.25760269165039,45.77133269285346,45.90394994378941,17721400
2016-05-31,46.85881423950195,46.85881423950195,46.04541757347761,46.20455761330959,37653100
2016-06-01,46.7261848449707,46.814599709060715,46.363692333907174,46.363692333907174,25324800
2016-06-02,46.3990592956543,46.62893457464025,45.83321764381546,46.540519708614006,22840800
2016-06-03,45.78901290893555,46.34601140013852,45.62102634611485,46.3106488256289,23368300
2016-06-06,46.08961486816406,46.2841208245625,45.87742256619587,45.96583743063354,18243300
2016-06-07,46.06307601928711,46.620077707247596,46.06307601928711,46.186856795363774,20866800
2016-06-08,46.01005172729492,46.36370113272327,45.85974811615867,45.99236875112108,21149400
2016-06-09,45.638702392578125,45.97467209454301,45.5237681406727,45.97467209454301,20305700
2016-06-10,45.51493453979492,46.018887512372984,45.12591921597332,45.13475901694725,25833200
2016-06-13,44.33020782470703,44.843004035763094,43.37535068274065,43.835097963199644,83217800
2016-06-14,44.056121826171875,44.29483353723944,43.82624654285017,44.11801054721641,42577100
2016-06-15,43.932334899902344,44.312510346393275,43.932334899902344,44.011906583416305,33757600
2016-06-16,44.55122756958008,44.62195945734495,43.77319366757671,43.78203683988834,31188600
2016-06-17,44.321346282958984,44.58658406047902,44.047265335002194,44.56890109228684,45710500
2016-06-20,44.268314361572266,44.940253919934094,44.23294841162004,44.77226734400233,35607900
2016-06-21,45.25852966308594,45.47072195407015,44.34787852895156,44.38324447289593,34097800
2016-06-22,45.081703186035156,45.49724119070854,45.04633724483859,45.16127486738653,28816800
2016-06-23,45.89510726928711,46.02772788460218,45.22317113764053,45.33810540671909,29028800
2016-06-24,44.056121826171875,45.037501562456164,43.782040795344415,44.0384388526331,133503000
2016-06-27,42.818336486816406,43.454909981442015,42.47352696812154,43.41070086556256,50216300
2016-06-28,43.711299896240234,43.73782603742493,43.03052073231512,43.25155279699152,38140700
2016-06-29,44.683841705322266,44.842985057076994,44.02958532892152,44.1268399741807,31304000
2016-06-30,45.240848541259766,45.3557861774384,44.64848413303565,44.842993460002226,28527800
2016-07-01,45.23201370239258,45.72712687412061,45.152442002877045,45.205490926781586,21400400
2016-07-05,45.240848541259766,45.33810320474305,44.860676432697566,44.94024812348551,24806400
2016-07-06,45.426513671875,45.567974067065116,44.551225157917386,44.89603466040068,28167500
2016-07-07,45.426513671875,45.62986277916818,45.152432680645845,45.461876241161136,19585200
2016-07-08,46.23991012573242,46.29295903871273,45.57681389054692,45.73595725680599,28391000
2016-07-11,46.49632263183594,46.708514977182894,46.39022814550392,46.41675092391619,22269200
2016-07-12,47.04446792602539,47.212454468299384,46.67313564397499,46.80575287070073,27317600
2016-07-13,47.309715270996094,47.61916227431492,47.01795461535091,47.353924394814946,25356800
2016-07-14,47.513057708740234,47.734089790172874,47.37159731153062,47.60146919224052,24545500
2016-07-15,47.47769546508789,47.742933308934425,47.04447106774889,47.69872756374036,32024400
2016-07-18,47.70756912231445,48.04353886900182,47.3450766020694,47.47769721522244,31433900
2016-07-19,46.93838882446289,47.65453422470036,46.79692837940546,47.48654762747507,53336500
2016-07-20,49.43162155151367,50.25386128060874,49.0956517958437,49.643813863695335,89893300
2016-07-21,49.33436584472656,49.714541340406434,49.29899989799301,49.49350923234522,32776700
2016-07-22,50.0151481628418,50.0681970861459,49.31668584974237,49.58192709358039,32157200
2016-07-25,50.156612396240234,50.1654555704707,49.741070897160625,49.92674045648982,25610600
2016-07-26,50.183128356933594,50.65171871969662,49.9620962487548,49.970939421784045,28079000
2016-07-27,49.67917251586914,50.218491367926134,49.6084439991815,50.05050818969614,32327500
2016-07-28,49.696842193603516,49.83830256181827,49.26362129149388,49.51117609269939,37550400
2016-07-29,50.11240005493164,50.18312857606289,49.555398195537826,49.74106435777499,30558700
2016-08-01,50.02398681640625,50.174287026496835,49.6349681593582,50.041666416560965,26003400
2016-08-02,50.02398681640625,50.30690763643271,49.785271742131,50.262698517999276,35122000
2016-08-03,50.368804931640625,50.49258238989331,49.9444236293388,50.1124068408699,22075600
2016-08-04,50.74013137817383,50.8550690214152,50.10355781275379,50.21849545599517,26587700
2016-08-05,51.244083404541016,51.46511551381458,50.79317938560315,50.970005747558474,29335200
2016-08-08,51.33250427246094,51.35902704941585,51.084945987711805,51.33250427246094,19473500
2016-08-09,51.45627212524414,51.72150996334023,51.29712874785007,51.429745980557065,16920700
2016-08-10,51.29712677001953,51.56236459788902,51.120300427212555,51.420904198179834,15756900
2016-08-11,51.54468536376953,51.67730597366139,51.30597028957352,51.30597028957352,18162300
2016-08-12,51.226417541503906,51.4474497246057,50.9434966169483,51.30598926232789,21655200
2016-08-15,51.385536193847656,51.72150589443593,51.24407579981288,51.28828154057091,19283900
2016-08-16,51.10084915161133,51.260984399904224,50.94961219139168,51.25208950553353,20523500
2016-08-17,51.20760726928711,51.314362968211405,50.9140248551172,51.18981408718265,18856400
2016-08-18,51.24319839477539,51.332164319455984,50.949619327586994,51.083063124053346,14214300
2016-08-19,51.26099395751953,51.358854782356076,50.88734723763802,51.091963783340255,17271000
2016-08-22,51.30547332763672,51.37664606805045,50.94072151727401,51.24319887662624,15221900
2016-08-23,51.501197814941406,51.759193922638005,51.46561144276879,51.51009610483618,18732400
2016-08-24,51.55458068847656,51.634648334162165,51.34996412588078,51.421133481099396,18151500
2016-08-25,51.75028610229492,51.85704519915178,51.40332752176669,51.49229343581407,18552600
2016-08-26,51.62574768066406,52.22180754764128,51.32327029899725,51.848157420310145,20971200
2016-08-29,51.68802261352539,52.13284209692476,51.68802261352539,51.75919535984689,16417200
2016-08-30,51.501197814941406,51.76808881882954,51.25209999713958,51.581265455478174,16930200
2016-08-31,51.1186408996582,51.421118205312496,50.97629883780339,51.28767443128123,20860300
2016-09-01,51.23430252075195,51.43891905305528,50.71831034856734,50.71831034856734,26075400
2016-09-02,51.30547332763672,51.76808595921678,51.083063604398404,51.30547332763672,18900500
2016-09-06,51.25209045410156,51.42112059989355,50.89623358604174,51.403327417120295,16278400
2016-09-07,51.29658126831055,51.45671654939284,51.07417153277439,51.12755109103623,17493400
2016-09-08,51.09196090698242,51.412231445252196,50.86955118803986,51.26988936087707,20146100
2016-09-09,50.006595611572266,51.172023649141195,50.006595611572266,50.52258773916394,35113900
2016-09-12,50.75389862060547,50.89624070900976,49.47281982496683,49.81977845334585,29303000
2016-09-13,50.29129409790039,50.3980532267034,49.864267763799255,50.264606012551454,30130200
2016-09-14,50.051082611083984,50.38025144485583,49.846466073003214,50.16673661737418,24062500
2016-09-15,50.878440856933594,51.020782926686216,49.801978742322966,49.953219100392865,26847000
2016-09-16,50.93183135986328,51.269895120873116,50.48701187200421,51.269895120873116,44607000
2016-09-19,50.64714431762695,51.37664796529155,50.575971574584955,50.949621688149094,20937100
2016-09-20,50.540382385253906,51.02078476693228,50.48700283453286,51.02078476693228,17384000
2016-09-21,51.38554382324219,51.46561146381168,50.78059246457658,51.16313408762726,33707300
2016-09-22,51.438926696777344,51.59906198823712,51.269896508549124,51.52788923927568,19822200
2016-09-23,51.09196090698242,51.51898716010779,51.04747964193451,51.48340079058826,19955300
2016-09-26,50.620460510253906,50.83397197000256,50.55818605168526,50.78059580191713,21688700
2016-09-27,51.55458068847656,51.65244152139268,50.42473875211455,50.64714850194085,28065100
2016-09-28,51.62574768066406,51.65243915713984,51.30547711258117,51.49230387309839,20536400
2016-09-29,51.065284729003906,51.75030383655281,50.896251131239254,51.43003661733806,25463500
2016-09-30,51.24319839477539,51.394438769880885,51.011893778011896,51.216510314222724,29910800
2016-10-03,51.083065032958984,51.19871904251408,50.762797873249966,51.07417013701005,19189500
2016-10-04,50.92292404174805,51.24319114417325,50.68272116965223,50.94961211852451,20085900
2016-10-05,51.278785705566406,51.56346988236196,50.94072197298304,50.9674134477285,16726400
2016-10-06,51.36774826049805,51.47450397136399,50.95851181372336,51.36774826049805,16212600
2016-10-07,51.42112731933594,51.58126259151823,51.08306358987297,51.46560858523034,20089000
2016-10-10,51.634639739990234,51.946011980440254,51.4833993705553,51.518985739093274,18196500
2016-10-11,50.878440856933594,51.616842676945886,50.61154990036025,51.50118868473981,26497400
2016-10-12,50.807273864746094,50.94961594107083,50.17563111316148,50.807273864746094,22177500
2016-10-13,50.63824462890625,50.976308361609654,50.10446264565083,50.44252637835424,25313700
2016-10-14,51.083065032958984,51.36775260887225,50.8161740363499,50.8161740363499,27402500
2016-10-17,50.905147552490234,51.11865902412316,50.593771848612036,51.029696476560055,23830000
2016-10-18,51.29658126831055,51.554577376021264,51.07417153277439,51.18092725559484,19149500
2016-10-19,51.1809196472168,51.45670890001692,51.06526904539655,51.127543490592906,22878400
2016-10-20,50.93183135986328,51.17203429055158,50.406944228441446,51.15424110379281,49455600
2016-10-21,53.07585144042969,53.77866691709033,52.9246144712181,53.62742655417599,80032200
2016-10-24,54.26797103881836,54.26797103881836,53.31605771996155,53.32495261542714,54067000
2016-10-25,54.25907897949219,54.59713932410233,54.09004541348398,54.134526680542876,35137200
2016-10-26,53.938804626464844,54.445898501355714,53.79646254568325,54.098939891557,29911600
2016-10-27,53.46729278564453,54.116732123591916,53.458397890497224,53.92101049332268,28479900
2016-10-28,53.2626838684082,53.84095055296686,53.004691147849776,53.38723278047848,33574700
2016-10-31,53.307159423828125,53.75197885851442,53.307159423828125,53.52067424570685,26434700
2016-11-01,53.20040512084961,53.396126763287924,52.71110440845686,53.35164549738005,24533000
2016-11-02,52.87123107910156,53.316050453219056,52.75557709159432,53.21818964792081,22147000
2016-11-03,52.6755256652832,53.05807071614618,52.58656312058632,52.96020988075749,21600400
2016-11-04,52.23069763183594,52.737791520012756,52.061667467011326,52.177321471208685,28697000
2016-11-07,53.751983642578125,53.84094957365535,53.1826152584969,53.1826152584969,31664800
2016-11-08,53.79646301269531,54.0722488876459,53.51177884866075,53.86763235685249,22935400
2016-11-09,53.52957534790039,53.90322548108698,52.66662785226864,53.378338351548614,49632500
2016-11-10,52.22181701660156,53.81427185570329,51.26990342980978,53.80537356403014,57822400
2016-11-11,52.50648880004883,52.59545133343984,51.60795160176532,51.80367324766927,38767800
2016-11-14,51.7057991027832,52.55985481432483,50.95850247624818,52.50647527182153,41328400
2016-11-15,52.72684860229492,53.28215336779802,52.234242401682906,52.2432008037942,35904100
2016-11-16,53.42545700073242,53.43441198620581,52.67311180568288,52.78954369998353,27332500
2016-11-17,54.312156677246094,54.58980910676141,53.71207346663449,54.106157810172114,32132700
2016-11-18,54.05241012573242,54.75997358166356,54.007628363745646,54.43753942875168,27686300
2016-11-21,54.50919723510742,54.6077191691446,54.115109498958724,54.18676305703292,19652600
2016-11-22,54.742061614990234,54.8674519184609,54.464412633485054,54.61667131151957,23206700
2016-11-23,54.097198486328125,54.72415002427894,53.96284977583601,54.643541481309605,21848900
2016-11-25,54.213619232177734,54.213619232177734,53.85536177232196,54.00762042401916,8409600
2016-11-28,54.2852783203125,54.652494218743804,53.92701740722521,54.04345271647297,20732600
2016-11-29,54.715187072753906,55.001794424559414,54.204667513811025,54.321102818178616,22366700
2016-11-30,53.9718017578125,54.79580053081293,53.9359783980877,54.50919315323785,34655400
2016-12-01,53.02240753173828,53.87327454117879,52.789536939699964,53.8374477706146,34542100
2016-12-02,53.06718826293945,53.26423208061252,52.66414564343947,52.91492961592214,25515700
2016-12-05,53.93597412109375,54.26736323451855,53.34484602464152,53.47023631530879,23552700
2016-12-06,53.69415283203125,54.150932272765,53.55980412889397,54.12406389878932,19907000
2016-12-07,54.965980529785156,54.974938933481894,53.55981181283181,53.747897290904056,30809000
2016-12-08,54.6435432434082,55.15406630976335,54.49128455546156,54.90328226986632,21220800
2016-12-09,55.503360748291016,55.52127413542223,54.7510155719264,54.79579733143981,27349400
2016-12-12,55.6824951171875,55.79893044055496,55.27945581187574,55.369019342693974,20198100
2016-12-13,56.407962799072266,56.802047053556876,55.74518457941046,55.97805177146293,35718900
2016-12-14,56.13927459716797,56.82892467578755,56.00492589247253,56.425881978330715,30352700
2016-12-15,56.04971694946289,56.56023661423419,55.79893290217482,56.15719387451215,27669900
2016-12-16,55.79893112182617,56.38110432914178,55.63771403108123,56.38110432914178,42453100
2016-12-19,56.98116683959961,57.11551550536195,55.90638776338635,56.03178144585783,34338200
2016-12-20,56.9095344543457,57.1424016753745,56.45275158173946,57.043879745336696,26028400
2016-12-21,56.9095344543457,57.052838148047165,56.53336012298588,56.811012524307905,17096300
2016-12-22,56.91848373413086,57.41108991830464,56.79309344179163,57.178222720621676,22176600
2016-12-23,56.640838623046875,56.90953261296448,56.24675091564689,56.82892407432626,12403800
2016-12-27,56.67666244506836,57.38422591037119,56.61396729413059,56.61396729413059,11763200
2016-12-28,56.41691970825195,56.784135581493494,56.27361603617303,56.784135581493494,14653300
2016-12-29,56.33631896972656,56.605012964952685,56.18405687523306,56.30049219259521,10250600
2016-12-30,55.65561294555664,56.416916435321276,55.55709103610002,56.39004464943293,25579900
2017-01-03,56.04971694946289,56.282584189841266,55.646674209740844,56.23780242245656,20694100
2017-01-04,55.79893112182617,56.20197384868853,55.63771403108123,55.96014821257112,21340000
2017-01-05,55.79893112182617,56.12136530331606,55.55710548570876,55.700409186745404,24876000
2017-01-06,56.2825813293457,56.56023373962727,55.56606283771708,55.798930066260255,19922900
2017-01-09,56.103450775146484,56.49753850747266,56.01388724505217,56.21092769458559,20382700
2017-01-10,56.085533142089844,56.48857583027736,55.78101237952921,56.18405506771673,18593000
2017-01-11,56.59605026245117,56.63187703686057,55.915358631818805,56.07657570003186,21517300
2017-01-12,56.076576232910156,56.78413965938796,55.48544811605473,56.47961890727279,20968200
2017-01-13,56.15718460083008,56.30944326812036,55.84370544764475,56.08553105154339,19422300
2017-01-17,56.00491714477539,56.15717921408959,55.55709275457791,56.13926582848622,20664000
2017-01-18,55.97806167602539,56.15719215671462,55.63771410437883,56.13032036380191,19670100
2017-01-19,55.79893112182617,56.407972705389355,55.70936758991442,55.74519436933102,18451700
2017-01-20,56.193016052246094,56.26466619086672,55.86162348415831,56.130317483087396,30213500
2017-01-23,56.39006423950195,56.533367953051474,56.040761651264376,56.15719698622024,23097600
2017-01-24,56.89161682128906,57.08866066666467,56.372138834982216,56.605009455267805,24672900
2017-01-25,57.03493118286133,57.411102139958146,56.828932313504026,57.2767568338364,23672700
2017-01-26,57.5633544921875,57.805183533137836,56.91848957729502,57.42901261750302,43554600
2017-01-27,58.915771484375,59.032210190817246,58.118644673264996,58.56646903156308,44818000
2017-01-30,58.333614349365234,58.924745943381026,58.038055385616616,58.835182413964496,31651400
2017-01-31,57.90370178222656,58.35152622472907,57.5543992637353,58.091787228086574,25270500
2017-02-01,56.94534683227539,57.8768223141094,56.84682492715063,57.64395173533655,39671500
2017-02-02,56.57813262939453,56.79308984309043,56.201961776212954,56.649786172836166,45827000
2017-02-03,57.03493118286133,57.052844573670214,56.48858472139504,56.87371408221127,30301800
2017-02-06,56.99910354614258,57.0080619497276,56.55127903252847,56.873713228991406,19796400
2017-02-07,56.811012268066406,57.124488028927715,56.63188179759014,57.0886646681361,20277200
2017-02-08,56.730403900146484,57.15135999455471,56.62292698418486,56.93640274600191,18096400
2017-02-09,57.37527084350586,57.715621825462726,56.71249251888045,56.89162299624369,22644400
2017-02-10,57.32152557373047,57.590222958160666,57.30361218699318,57.54543778300285,18170700
2017-02-13,57.966400146484375,58.09179045068031,57.43796372172231,57.53648565119899,22920100
2017-02-14,58.182655334472656,58.31781852358689,57.68705926594893,58.03848630752008,23108400
2017-02-15,58.1466064453125,58.18265041767605,57.81321173164808,58.11957518471104,17005200
2017-02-16,58.13759231567383,58.78637005302549,58.06551124738946,58.33583072149624,20546300
2017-02-17,58.227718353271484,58.290793598424656,57.93937339333038,58.0925551494615,21248800
2017-02-21,58.110565185546875,58.52506057504909,58.0745212115008,58.21869710768511,20655900
2017-02-22,57.99343490600586,58.02046617135568,57.71410266447639,57.96640364065604,19292700
2017-02-23,58.227718353271484,58.32683757775306,57.840254168848794,58.04749845662946,20273100
2017-02-24,58.227718353271484,58.38991282290624,57.79519747601676,58.146617681111046,21796800
2017-02-27,57.87628936767578,58.15562157173534,57.714094922647796,58.15562157173534,15871500
2017-02-28,57.65102005004883,57.849255044661945,57.45278161809294,57.74112999063912,23239800
2017-03-01,58.51605987548828,58.56110969098759,57.68706214900952,57.78618136766801,26937500
2017-03-02,57.678062438964844,58.344858901498334,57.56092121925477,58.290796367280784,24539600
2017-03-03,57.894317626953125,57.921348893210464,57.326636974147156,57.660038632255564,18135900
2017-03-06,57.912322998046875,58.173636636866874,57.497831072852726,57.64200352231508,18750300
2017-03-07,58.02947235107422,58.37187979809642,57.84024664024469,57.84024664024469,18521000
2017-03-08,58.561092376708984,58.64219302012653,57.89429618216821,57.90330889247765,21510900
2017-03-09,58.32682800292969,58.75032922247349,58.10155832512161,58.74132338513436,19846800
2017-03-10,58.507041931152344,58.80439956053979,58.34484748554874,58.66923637675594,19538200
2017-03-13,58.308815002441406,58.74133590084932,58.18266450596544,58.57914142328216,20100000
2017-03-14,58.038490295410156,58.16464078066861,57.80420787649337,58.14661535438263,14280200
2017-03-15,58.34484100341797,58.498022719834744,57.89430169065026,58.16462802818462,24833800
2017-03-16,58.2457275390625,58.353859459658956,57.939364076066745,58.34484674760466,20674300
2017-03-17,58.45298385620117,58.786378610265274,58.2817766853992,58.48902783293241,49219700
2017-03-20,58.507041931152344,58.73231161256373,58.31781622372899,58.48902338150087,14598100
2017-03-21,57.858272552490234,59.02066510236946,57.7861845940436,58.741332856746354,26640500
2017-03-22,58.5971565246582,58.696275748148494,57.7771783458675,57.7771783458675,20680000
2017-03-23,58.45298385620117,58.786378610265274,58.36287047703027,58.51605909680943,19269200
2017-03-24,58.55210876464844,58.97561006436101,58.353870310701204,58.894516264847844,22617100
2017-03-27,58.66023254394531,58.76836448227727,57.98442339741441,58.236724378836165,18614700
2017-03-28,58.8314208984375,58.99361531668149,58.25473116127752,58.53406331920953,20080400
2017-03-29,58.993621826171875,59.020653086414576,58.525057066349426,58.67824566553255,13618400
2017-03-30,59.20988845825195,59.45318358956236,58.894512246077184,58.94857477539691,15122800
2017-03-31,59.34504699707031,59.64240463435496,58.97560140989509,59.155821284621524,21040300
2017-04-03,59.06571578979492,59.417135958135404,58.7413268844521,59.299991318898314,20400900
2017-04-04,59.227909088134766,59.299990163161915,58.8224195270164,58.92153873919965,12997400
2017-04-05,59.074710845947266,59.78656376526901,58.966585813690486,59.741513960056736,21448600
2017-04-06,59.227909088134766,59.52525984999925,59.00263940129743,59.11076445118078,18103500
2017-04-07,59.18285369873047,59.43515465357142,58.96659671953614,59.33603543921456,14108500
2017-04-10,59.04768753051758,59.30900118476158,58.89450579775957,59.11977547817491,17952700
2017-04-11,59.00264358520508,59.1197813557801,58.43495953432165,59.11076864275564,18791500
2017-04-12,58.777366638183594,59.029667574286904,58.669234719274364,58.948566916433755,17108500
2017-04-13,58.525062561035156,59.34504753036722,58.525062561035156,58.831432913480604,17896500
2017-04-17,59.00264358520508,59.01164942354379,58.57913544397006,58.6061667083577,16689300
2017-04-18,58.92153549194336,59.20988040021661,58.714291241298305,58.86747296998115,15155600
2017-04-19,58.606163024902344,59.24592811571436,58.47099983677354,59.15582161519026,26992800
2017-04-20,59.02064895629883,59.24591860880379,58.696260106716956,58.98460498693593,22299500
2017-04-21,59.831634521484375,60.10195404040732,58.97560552484732,59.1738439635356,32522600
2017-04-24,60.849853515625,60.96699816568358,60.462389335933025,60.80480369802912,29770000
2017-04-25,61.20126724243164,61.3093991676582,60.912922316512784,61.18324869223653,30242700
2017-04-26,61.12016677856445,61.55268068285797,60.93094108610047,61.34543644216699,26190800
2017-04-27,61.516639709472656,61.61575891626269,60.89490008241731,61.40851466547254,34971000
2017-04-28,61.6878547668457,62.300588635207795,60.994027105092016,62.09334435786099,39548800
2017-05-01,62.543880462646484,62.67003093994138,61.72389548554427,61.8860899384499,31954400
2017-05-02,62.44474411010742,62.81418272802373,62.2915555371338,62.81418272802373,23906100
2017-05-03,62.24651336669922,62.516832830699144,61.9131117989465,62.516832830699144,28928000
2017-05-04,62.00321578979492,62.24651085974906,61.85003407889585,62.201454180221525,21749400
2017-05-05,62.17442321777344,62.20145447574475,61.71487120820877,62.08431673297436,19128800
2017-05-08,62.120391845703125,62.219511091080484,61.65182689033968,62.14742311722648,18566100
2017-05-09,62.210479736328125,62.426736718408186,61.88609082586528,62.0482852810967,22858400
2017-05-10,62.45376205444336,62.6790317278467,62.10234191390894,62.16541714747448,17977800
2017-05-11,61.6878547668457,61.93114989639203,61.381491270007544,61.59774826040423,28789400
2017-05-12,61.615753173828125,61.823004279987885,61.30938974480024,61.823004279987885,18714100
2017-05-15,61.66081619262695,61.7058728778492,60.885887954661946,61.399502542644804,31530300
2017-05-16,62.90239334106445,62.92957955220874,61.7695884494368,61.83302524680426,34956000
2017-05-17,61.15333938598633,62.62145003027587,61.108024426852346,62.43113964727878,30548800
2017-05-18,61.36174392700195,61.74236452131743,60.845185430691274,61.08081066654371,25201300
2017-05-19,61.3436279296875,61.71518418875661,61.108002671442726,61.1714394431906,26961100
2017-05-22,62.032379150390625,62.077694101502495,61.171450391991506,61.52488488557353,16237600
2017-05-23,62.240821838378906,62.30425862514268,61.96894594419635,62.27707241854266,15425800
2017-05-24,62.32239532470703,62.42208271541422,62.032397528311456,62.41302525378109,14593900
2017-05-25,63.09267807006836,63.328296413542084,62.44924598303248,62.50361838320495,21854100
2017-05-26,63.400794982910156,63.63642023090884,63.00204562692611,63.25579961697276,19827900
2017-05-30,63.80862808227539,63.80862808227539,63.228625700168784,63.24675444772065,17072800
2017-05-31,63.292049407958984,64.10767002694607,63.264863206341076,63.91735970153074,30436400
2017-06-01,63.52768325805664,63.989869490248104,62.93862345845432,63.654556825467495,21603600
2017-06-02,65.03205108642578,65.12267407533346,63.65455676430176,63.835809656208,34770300
2017-06-05,65.50328063964844,66.05608974099087,65.07734507821188,65.22234736044108,33316800
2017-06-06,65.7208023071289,65.81143222526039,65.49424133998423,65.52143446387888,31511100
2017-06-07,65.60298919677734,65.94735935731016,65.20423970577711,65.82955015046537,22301800
2017-06-08,65.20425415039062,65.72081296266826,64.79644710904786,65.7117555006602,24588300
2017-06-09,63.72705841064453,65.32204930121863,62.159253725542506,65.28579872255888,49187400
2017-06-12,63.2376823425293,63.38268464885086,61.74237890051811,62.75737430249752,47761700
2017-06-13,64.02613067626953,64.18019047449377,63.40082019465208,63.45519261423898,25258600
2017-06-14,63.68177032470703,64.4339545925218,62.920528593974375,64.26177291386207,25510700
2017-06-15,63.34640884399414,63.62734205799485,62.34954258436113,62.7754711328472,26068700
2017-06-16,63.43705368041992,63.46423988288568,62.730184759949665,63.19237094413797,48345100
2017-06-19,64.22547149658203,64.28890825727721,63.75422106219918,63.8901589534284,23798300
2017-06-20,63.355491638183594,64.22548464037158,63.31924106549787,64.18016969599198,21512200
2017-06-21,63.68177032470703,63.9989612932728,63.38271502425854,63.62739789082436,19891100
2017-06-22,63.672698974609375,63.97175420983316,63.17426205908254,63.926446162844016,22965700
2017-06-23,64.53360748291016,64.56985805747534,63.364552381020836,63.51861213735529,27617300
2017-06-26,63.91736602783203,64.98673385321491,63.83580741490592,64.7058005232375,19607000
2017-06-27,62.72111892700195,63.600176328069125,62.69393272516936,63.536739552429744,25215100
2017-06-28,63.25581359863281,63.29205726256128,62.34050551739618,62.72112621546222,25806200
2017-06-29,62.068634033203125,62.97487780556622,61.70613514143963,62.875190437478985,28918700
2017-06-30,62.46738815307617,62.875195115343566,62.29519961100728,62.33145019428977,24161100
2017-07-03,61.778629302978516,63.0745580271903,61.64269136970781,62.82987527857543,16165500
2017-07-05,62.60333251953125,62.92958088837454,61.82396218441589,61.860212771408754,21176300
2017-07-06,62.141117095947266,62.33142740302522,61.73331028279298,61.869241277784894,21117600
2017-07-07,62.94768524169922,63.292055351347145,62.25893810831279,62.25893810831279,16878300
2017-07-10,63.4189338684082,63.663616612477036,62.71205801135191,62.947683297037344,15014500
2017-07-11,63.42799377441406,64.05330413151727,63.2104972252832,63.43705814723762,17460000
2017-07-12,64.479248046875,64.59705725233933,63.93550314721355,64.06237672666484,17750900
2017-07-13,65.0411148071289,65.28580450623653,64.62424348674756,64.79643202211281,20269800
2017-07-14,65.9564208984375,66.40047841264717,65.21330127882297,65.46704842979993,25868100
2017-07-17,66.47298431396484,66.56360731519118,65.90205318355632,65.9745543501741,21803900
2017-07-18,66.42766571044922,66.50922432436008,65.84767029789188,66.23734844980915,26435300
2017-07-19,66.9351806640625,67.09830485641241,66.56361731489605,66.60893227936268,22416200
2017-07-20,67.26141357421875,67.3339147350482,66.40954221970084,67.22516299380402,42361000
2017-07-21,66.87171173095703,67.32483350153073,66.30983824637342,66.56358533164037,46717100
2017-07-24,66.69952392578125,66.83546184115745,66.27358835084428,66.63608715381763,21394800
2017-07-25,67.23420715332031,67.34295194777889,66.60889692882688,66.88077274315162,22018700
2017-07-26,67.10733032226562,67.40638540643303,66.889826915849,67.37013483869693,16252200
2017-07-27,66.30078887939453,67.44265090243039,65.5395406166136,66.84453368761498,36844200
2017-07-28,66.1920394897461,66.43672224215486,65.73891764787824,65.85672683769127,18306700
2017-07-31,65.88389587402344,66.5545210033826,65.62109135862102,66.42764747384737,23600100
2017-08-01,65.77516174316406,66.53640304372271,65.69359622433853,66.24640537006847,22132300
2017-08-02,65.48515319824219,65.75702208298418,64.74203385073871,65.74796462668826,26499200
2017-08-03,65.38548278808594,65.6482942845478,65.11360691889351,65.42173336491763,18214400
2017-08-04,65.86576080322266,66.19200893188071,65.4670115539545,65.6120137951747,22579000
2017-08-07,65.6120376586914,66.06515945617672,65.48516410852271,65.97453647949764,18705700
2017-08-08,65.96548461914062,66.27360418110787,65.02299027191941,65.33110983388667,22044600
2017-08-09,65.67547607421875,65.71172664861383,65.29485541420551,65.47610137209084,22213400
2017-08-10,64.71487426757812,65.42174333833053,64.66049493699528,65.15893180180358,24734500
2017-08-11,65.70267486572266,65.88392085833635,64.59705633414139,64.89611844463627,21443700
2017-08-14,66.69043731689453,66.80825336417747,66.11044219116813,66.21012950159803,20096600
2017-08-15,66.70869445800781,67.04578665702347,66.54470121626878,67.04578665702347,19181400
2017-08-16,67.10047149658203,67.51045122195195,66.66315376538186,66.81803437710565,18150400
2017-08-17,65.96160125732422,67.30087794688534,65.96160125732422,67.03666628457707,22977500
2017-08-18,66.04360961914062,66.36248343998952,65.5334115057824,65.84317266005618,18761500
2017-08-21,65.73385620117188,66.03451167518308,65.32386956817602,66.0253990075355,17734800
2017-08-22,66.6540298461914,66.7269103223817,65.91605681074577,65.91605681074577,14343700
2017-08-23,66.25316619873047,66.64492749144351,66.08006027027417,66.4718215629872,13766500
2017-08-24,66.2258071899414,66.38068771795199,65.66094020722981,66.27135660651322,17098300
2017-08-25,66.34426879882812,66.82713589061723,66.03450762708734,66.38071251625558,12794300
2017-08-28,66.3533706665039,66.59024436483716,66.09827163695903,66.56291331894697,14569700
2017-08-29,66.55381774902344,66.65403623318191,65.64274567553059,65.82495730985785,11478400
2017-08-30,67.42841339111328,67.61062493703666,66.35334858794552,66.51734175964653,16897800
2017-08-31,68.12086486816406,68.29397080927362,67.23713067900859,67.44667339105037,27652800
2017-09-01,67.36468505859375,68.09353869527743,67.0913606005063,68.06620763965462,21736200
2017-09-05,67.06401062011719,67.31910966851666,66.49003776121837,66.8180172870693,21556000
2017-09-06,66.87271118164062,67.45579692347533,66.82715478424434,67.18247244095829,16535800
2017-09-07,67.72911071777344,67.96599145948845,67.05491916927834,67.12780662071833,17471200
2017-09-08,67.40111541748047,67.8202077394271,67.27355893165222,67.71998925473027,14703800
2017-09-11,68.11174774169922,68.27574098714109,67.70176115263051,67.70176115263051,17910400
2017-09-12,68.03887939453125,68.54907765637769,67.75644920685626,68.11176684648932,14394900
2017-09-13,68.52173614501953,68.53996148069335,67.92043213543363,68.2666370530177,13380800
2017-09-14,68.12086486816406,68.77683795981163,67.89309681972695,68.33041453113506,15733900
2017-09-15,68.61280822753906,68.68569563253116,67.48308125386359,68.1754976994375,38578400
2017-09-18,68.47618103027344,69.21414719251176,68.36684987808214,68.53995579798628,23307000
2017-09-19,68.73128509521484,68.97727151685848,68.33952379339064,68.52173544268749,16093300
2017-09-20,68.27574157714844,68.83149608311913,67.7017617376778,68.64927750276016,21587900
2017-09-21,67.61064147949219,68.54904437735621,67.51953568423943,68.43060753862028,19186100
2017-09-22,67.7928695678711,67.88397537595385,67.28266453093796,67.41021405243934,14111400
2017-09-25,66.74513244628906,67.64709172300279,66.43536437139177,67.50131687577412,24149200
2017-09-26,66.74513244628906,67.24621784405123,66.4991391293225,67.11866832818978,18019600
2017-09-27,67.28268432617188,67.57422716836805,66.66315491763878,67.00936682151088,19565100
2017-09-28,67.30089569091797,67.39200150688988,66.7906906098045,67.00024024237528,10883800
2017-09-29,67.86575317382812,67.91130955543441,67.30999868268538,67.36466773079852,17079100
2017-10-02,67.97509002685547,68.33952025752251,67.69265989977956,68.06619584679011,15304800
2017-10-03,67.65621948242188,68.22107976413203,67.59244471026335,68.02975544765644,12190400
2017-10-04,68.0479736328125,68.0753046821616,67.15511996548265,67.50132484211808,13317700
2017-10-05,69.214111328125,69.3507734598184,68.2939270557092,68.53080762058278,21195300
2017-10-06,69.24149322509766,69.2688242813272,68.82240081074154,68.94083770471288,13959800
2017-10-09,69.50566864013672,69.74254925502322,69.11390748706242,69.21412594140186,11386500
2017-10-10,69.50566864013672,69.81542971651227,69.36900647958964,69.54211234634435,13944500
2017-10-11,69.6241226196289,69.66056633481215,69.19591765488569,69.56946052231801,15388900
2017-10-12,70.26188659667969,70.41676719370622,69.578582485285,69.68790669451367,16876500
2017-10-13,70.59898376464844,70.94519565381808,70.41677210261237,70.69008959566648,15335700
2017-10-16,70.74474334716797,70.89051125506948,70.47141896232684,70.53519372533272,12380100
2017-10-17,70.69007873535156,70.71741673629337,70.38031756729384,70.58075453529744,16824000
2017-10-18,70.70829010009766,70.92694540793639,70.48963479225894,70.76295218932562,13300700
2017-10-19,70.98162841796875,70.999846800988,70.47142333136252,70.67186029921551,15092800
2017-10-20,71.80158996582031,71.9473648382439,71.26406076334746,71.35516658314795,22866400
2017-10-23,71.81981658935547,72.28445836395589,71.75604181925765,71.96558451346678,20627200
2017-10-24,71.84712982177734,72.15689092801998,71.48269967548899,71.88357353149887,17517200
2017-10-25,71.63758087158203,72.06578577599463,71.07272074314581,71.59203144721647,20410800
2017-10-26,71.75605010986328,72.35735416155542,71.74693744138827,72.15691716068157,32120700
2017-10-27,76.35694122314453,78.53440272218766,76.17472960559783,76.86714626394509,71066700
2017-10-30,76.42982482910156,76.83069870877412,75.71918982490189,76.25671893543799,31756700
2017-10-31,75.7829360961914,76.85800086407478,75.71916136211885,76.85800086407478,27086600
2017-11-01,75.7829360961914,76.31135929332088,75.5096118353521,76.23847189697376,22307400
2017-11-02,76.57559204101562,76.94912788634181,75.72829493951158,75.93783757322645,23992900
2017-11-03,76.65760040283203,77.02203060670391,75.98340904377228,76.60293830507605,17633500
2017-11-06,76.9582748413086,77.16781756838908,76.6029572163202,76.71228143882142,19860900
2017-11-07,76.77603149414062,77.35001128114772,76.46627036223568,77.23156747700848,17939700
2017-11-08,77.04025268554688,77.08580906981476,76.37517396117713,76.65760408103866,18034200
2017-11-09,76.61204528808594,76.7760385349947,75.5278742760657,76.63027062159142,21178400
2017-11-10,76.4115982055664,76.62114083757052,75.82851278035915,76.33871078968386,19397800
2017-11-13,76.46626281738281,76.47537548240072,76.03805792358921,76.2202764693135,14196900
2017-11-14,76.57559204101562,76.62114146311917,75.60074543613906,76.07449974139031,18801300
2017-11-15,75.9804458618164,76.63055486178436,75.71490720225137,76.42911125895314,19383100
2017-11-16,76.18189239501953,76.38333602407164,75.94382900235627,76.09032901431534,20962800
2017-11-17,75.44934844970703,76.10861570673472,75.30284150999626,76.10861570673472,22079000
2017-11-20,75.56839752197266,75.62333414411275,75.31201730420291,75.44936584539013,16315000
2017-11-21,76.65801239013672,76.76788562288867,75.76067473625703,75.76067473625703,21237500
2017-11-22,76.09947204589844,76.82283448298064,76.03537699379429,76.75873943087649,20553100
2017-11-24,76.23683166503906,76.39249010194425,75.7973176825469,76.00791973341221,7425600
2017-11-27,76.79534912109375,76.8960708928696,76.2734303881803,76.28258183227979,18265200
2017-11-28,77.72017669677734,77.88499356737606,76.93271909123214,76.97850427200203,21926000
2017-11-29,76.31005859375,77.75678330702189,76.16355862773445,77.56449817209375,27381100
2017-11-30,77.07005310058594,77.39052834797151,76.31006395261694,76.46572934634976,33054600
2017-12-01,77.15248107910156,77.65608314819325,76.20020658440427,76.54815021318605,29532100
2017-12-04,74.24071502685547,77.30813333520541,73.89276444006983,77.29897490243808,39094900
2017-12-05,74.70767211914062,75.70573147263376,74.14913360140875,74.47876025655839,26152300
2017-12-06,75.79730987548828,76.12694358194597,74.56118696919049,74.67106719995539,26162100
2017-12-07,75.53179168701172,75.81564728026429,75.08312618171685,75.57757687536053,23184500
2017-12-08,77.06090545654297,77.445475772378,76.30091627108075,76.57560635989002,24489100
2017-12-11,78.0406265258789,78.16881659570267,77.0242574109656,77.17991578348948,22857900
2017-12-12,78.36111450195312,78.79146994345314,77.90329075326562,78.11388576559371,23924100
2017-12-13,78.1505355834961,78.74570802972558,77.98571870586082,78.50763765406617,22062700
2017-12-14,77.54619598388672,78.626660410482,77.39968901751064,78.22377323878445,19306000
2017-12-15,79.52397155761719,79.74372496726156,77.7201451466087,78.06809561320014,53936700
2017-12-18,79.0936279296875,80.11915563673871,78.95628639440758,79.77121210430296,22283800
2017-12-19,78.59004974365234,79.06618351008942,78.07728224229155,79.06618351008942,23524800
2017-12-20,78.30619049072266,79.02040158544358,77.56451806778057,78.92883122413014,23674900
2017-12-21,78.28787231445312,78.837259494931,78.19630894867964,78.79148130496277,17990700
2017-12-22,78.29704284667969,78.40691610825269,77.75680702920607,78.19632103301237,14145800
2017-12-26,78.19633483886719,78.31536655519946,77.85754258891318,78.1139228922992,9891200
2017-12-27,78.48014831542969,78.72737705857377,78.03148298543736,78.42521169954709,14678000
2017-12-28,78.48931884765625,78.68160401872679,78.33366042143304,78.6541357065506,10594300
2017-12-29,78.32450103759766,78.79148329643358,78.28787429319512,78.40690597312549,18717400
2018-01-02,78.69989013671875,79.02952375498265,78.28785160680647,78.8647069458507,22483800
2018-01-03,79.066162109375,79.21266906606273,78.71821856599594,78.80062348975564,26061400
2018-01-04,79.76209259033203,80.26570175152929,79.26764186456728,79.28595174959293,21912000
2018-01-05,80.7509536743164,80.95239723809331,80.05505963195142,80.26566162658253,23407100
2018-01-08,80.83336639404297,81.10806345948694,80.21072576676166,80.76011291181304,22113000
2018-01-09,80.77843475341797,81.24541699911678,80.44880104890551,81.17216351237246,19484300
2018-01-10,80.41217041015625,80.75096253055902,80.03675853399227,80.44879715175412,18652200
2018-01-11,80.65022277832031,80.6960009557462,79.88107534771325,80.6960009557462,17808900
2018-01-12,82.0420150756836,82.20683190606695,80.98901904744741,81.19046261634222,24271500
2018-01-16,80.89746856689453,83.13165107075305,80.58615171876326,82.49985195610911,36599700
2018-01-17,82.53648376464844,82.66467388478401,81.26373401056131,81.56589943052555,25621200
2018-01-18,82.49983215332031,83.02175090966689,82.09695203396355,82.22514211546373,24159700
2018-01-19,82.40827941894531,82.96682498276286,82.096962605453,82.53646951695232,36875000
2018-01-22,83.88246154785156,83.89161997817749,82.17019834034734,82.4082686279732,23601600
2018-01-23,84.14801025390625,84.51427066677205,83.81837658091067,84.14801025390625,23412800
2018-01-24,84.07476806640625,85.54896136146145,83.85501458350579,84.7431939336016,33277500
2018-01-25,84.54174041748047,85.37497605977458,84.17547999836634,84.66993051629495,26383200
2018-01-26,86.12580871582031,86.12580871582031,84.77065421615262,85.26510474522162,29172200
2018-01-29,85.99763488769531,87.39857482557638,85.81450813227687,87.11472625892641,31569900
2018-01-30,84.91716766357422,85.75956887587364,84.33115368118018,85.42993513754728,38635100
2018-01-31,86.99568939208984,87.35279143400236,85.62221785063018,85.84197134122921,48756300
2018-02-01,86.30894470214844,87.96626462210679,85.68630405493057,86.79423681224651,47227900
2018-02-02,84.03811645507812,86.04338647747564,83.7817363032499,85.74122116174871,47867800
2018-02-05,80.57699584960938,85.3749877373471,80.57699584960938,82.92105167522095,51031500
2018-02-06,83.62608337402344,83.76343188883662,78.05894519550313,79.56060645623306,67998600
2018-02-07,82.05116271972656,84.02895743847557,81.67574393871682,82.85692990353762,41107600
2018-02-08,77.83918762207031,82.298386000137,77.61027577150557,82.14272761835343,55628700
2018-02-09,80.74176788330078,81.42850326210437,76.75870408340666,79.02035371533319,63499100
2018-02-12,81.61166381835938,82.20683612449804,80.51288954997754,81.25456183184346,35720300
2018-02-13,82.25263977050781,82.40829821275301,80.39387593966535,81.42855539121268,26407700
2018-02-14,83.54054260253906,83.70613365602746,81.33267124756276,81.42466471757812,34960900
2018-02-15,85.24246215820312,85.29765684216474,83.3657656983297,83.90853214035916,27823900
2018-02-16,84.63528442382812,86.01520753943402,84.45129748254143,85.04925855104912,30596900
2018-02-20,85.29765319824219,85.61043241886618,83.72454160466629,84.15691866030133,30911700
2018-02-21,84.16610717773438,85.88641382618178,84.16610717773438,85.53683583618067,26922500
2018-02-22,84.38690948486328,85.30685831726987,84.04652589015791,84.68129283048728,24392800
2018-02-23,86.5303726196289,86.53957407186662,84.96646263449422,86.10719705916483,26329200
2018-02-26,87.78150939941406,87.80910673935696,86.7051710297284,86.84316474809499,30199800
2018-02-27,86.6591567993164,88.16787196770876,86.6591567993164,88.07587850986063,25869100
2018-02-28,86.26361083984375,88.04831406715468,86.1348185470124,87.24795594571395,31167300
2018-03-01,85.41722869873047,86.99954146173867,84.48807861930801,86.46596957306828,37135600
2018-03-02,85.60122680664062,85.69322027018512,83.58653696735456,84.24890113471719,32830400
2018-03-05,86.14400482177734,86.72357003738908,84.8744780081578,84.94806857776953,23901600
2018-03-06,85.849609375,86.92594763155692,85.50003140804556,86.78795392769419,22175800
2018-03-07,86.34638977050781,86.4199873545871,85.03086278436122,85.70242845644385,26716100
2018-03-08,86.87077331542969,87.48713738265516,86.26360368360544,86.72357812517424,25887800
2018-03-09,88.81184387207031,88.81184387207031,87.3951221031081,87.66190805492415,36937300
2018-03-12,89.0234375,89.42821719619918,88.35187884256258,88.77505442556539,26073700
2018-03-13,86.85238647460938,89.45583675095057,86.44760667788827,89.23505096121801,35387800
2018-03-14,86.33719635009766,87.77232129855095,86.01521566311065,87.50553529543241,32132000
2018-03-15,86.64078521728516,87.00876617054446,85.39885564135628,86.04281704557039,27611000
2018-03-16,87.02715301513672,87.74471193915784,86.40158756520638,87.10075060187022,49081300
2018-03-19,85.45405578613281,86.38320617326447,84.73649674170268,86.2360109750976,33344100
2018-03-20,85.67483520507812,86.2636019167347,85.5552443794348,85.60124463011067,23075200
2018-03-21,85.07685089111328,86.52116993401089,84.82846083494661,85.49082495985651,24457100
2018-03-22,82.60223388671875,84.40533335372596,82.48264302557638,83.96375467958005,38604700
2018-03-23,80.20114135742188,83.21857247499142,80.10914787576968,82.3354224175554,44068900
2018-03-26,86.27278900146484,86.47517884088522,83.16336488475187,83.35655327183905,56396800
2018-03-27,82.30781555175781,87.52392326496935,81.4246655965039,87.3399363229526,56569000
2018-03-28,82.23421478271484,83.92692406205171,81.75584454080649,82.62979300951763,52501100
2018-03-29,83.96370697021484,84.90205848759472,81.32345893812744,82.96096634920696,45867500
2018-04-02,81.4338607788086,83.60494040408472,80.50471758883897,83.22776506388908,48515400
2018-04-03,82.52860260009766,82.8413888288893,80.85429613393647,82.4090117877476,37213800
2018-04-04,84.93887329101562,85.33445155065061,80.707110269423,80.8174996320592,35560000
2018-04-05,84.98487091064453,85.61963785321196,84.08332498215286,85.04007261346732,29771900
2018-04-06,83.00698852539062,85.0584705477869,82.31702688205816,84.16611903275914,38026000
2018-04-09,83.50374603271484,85.71162446509142,83.3657593333461,83.75213612888268,31533900
2018-04-10,85.44483947753906,85.81282039033174,84.3041049646687,84.9940665441604,26812000
2018-04-11,84.5064926147461,85.82201960609693,84.15691461696443,84.64448633077768,24872100
2018-04-12,86.08880615234375,86.62237811456508,85.03086368067098,85.03086368067098,26758900
2018-04-13,85.62883758544922,86.64077988059141,85.04007090396094,86.5211890610759,23346100
2018-04-16,86.63158416748047,87.08236417118624,85.94162250889526,86.5395906833997,20288100
2018-04-17,88.37947082519531,88.81184783471846,87.28472963245811,87.3951260025443,26771000
2018-04-18,88.7198486328125,88.97743312770801,87.87349055417586,88.51745881006572,21043300
2018-04-19,88.416259765625,89.29940957197672,87.70789541912416,88.71984448555393,23552500
2018-04-20,87.39513397216797,88.41627767796653,86.52118543990717,88.23229072969653,31154400
2018-04-23,87.7171401977539,88.58189454760785,87.05477576115551,88.075919764469,22331800
2018-04-24,85.66563415527344,88.74746120897072,85.01247135429568,88.53586989831345,34524800
2018-04-25,84.92047119140625,85.83122555371904,83.05297625678179,85.83122555371904,33729300
2018-04-26,86.71438598632812,87.53313995251234,85.6472418846727,86.06122310424034,42529000
2018-04-27,88.14949798583984,90.06299326658552,86.39239934281142,89.7870058058164,48272800
2018-04-30,86.0335922241211,88.68304875304986,85.69321572519416,88.618652630119,41523600
2018-05-01,87.39513397216797,87.66191996021601,85.36204801358001,85.74842481613834,31408900
2018-05-02,86.0244140625,87.55152541741505,85.73003072789876,87.38593435303609,27471000
2018-05-03,86.53958129882812,87.33073780970304,85.04926175118307,85.5184375933652,31142500
2018-05-04,87.54234313964844,87.73553157180943,85.48165249262458,85.84963346663979,22531300
2018-05-07,88.5174560546875,88.96822890672294,87.48711108852704,87.5515072102464,24242000
2018-05-08,88.14026641845703,88.46225401889598,87.45030502091691,88.17706520189721,23484600
2018-05-09,89.17985534667969,89.20745269277928,87.44115235586804,88.32430252432367,27327400
2018-05-10,90.07215118408203,90.10894294365886,89.28099499884367,89.65817019302514,22388100
2018-05-11,89.87899017333984,90.03538679519943,89.27182764732414,89.9709906633697,16778300
2018-05-14,90.1825942993164,90.78976397428578,89.52022993340563,90.08139935348818,19454100
2018-05-15,89.5293960571289,90.01696768444354,88.62784335516265,89.4557984858152,24594000
2018-05-16,89.76041412353516,89.99139820154268,89.27072900601117,89.95443990317251,17384700
2018-05-17,88.86418914794922,90.12074301669676,88.54081286902321,89.4000738667833,17246700
2018-05-18,89.0304946899414,89.55713805318216,88.70711842287673,88.70711842287673,17865800
2018-05-21,90.17616271972656,90.55497990751435,89.43701806286269,89.62180246481039,19422500
2018-05-22,90.08378601074219,90.70282161770484,89.80660231107942,90.250094820725,15441200
2018-05-23,91.15556335449219,91.22023861680209,88.99354863756444,89.35388324887325,21251200
2018-05-24,90.83216857910156,91.41425291581591,89.44626423313261,91.22022715326914,26649300
2018-05-25,90.87837219238281,91.45121521815086,90.41640405681726,90.82293827181873,18363900
2018-05-29,90.55497741699219,91.35879729733769,89.83430840051433,90.39790292567625,28671000
2018-05-30,91.42351531982422,91.70069909389468,90.46262754761933,90.83219651427835,22158500
2018-05-31,91.32184600830078,92.38437399440679,91.10934464052364,91.7376215067284,34140900
2018-06-01,93.12352752685547,93.18820277686662,91.62674839207453,91.72838193481684,28655600
2018-06-04,93.93659973144531,94.11214988004193,93.17897226513404,93.55778952282687,27281600
2018-06-05,94.41703796386719,94.54638846168065,93.80723671782648,94.24148783866029,23514400
2018-06-06,94.69420623779297,94.79583976984513,94.14908733776119,94.68497195238665,21122900
2018-06-07,93.20667266845703,94.87900182862973,92.74470461132914,94.84204353817073,28232200
2018-06-08,93.89965057373047,94.19530992962683,92.89256331582804,93.40072408895378,22165100
2018-06-11,93.36376953125,93.86268894928409,93.01266921231696,93.32681123193733,23490900
2018-06-12,93.60397338867188,93.73332389167138,93.08657137667386,93.40994763417261,18325200
2018-06-13,93.17897033691406,94.25073978121542,92.91102797583872,93.98279742014007,29492900
2018-06-14,93.70560455322266,94.26920618014844,93.31755305408234,93.91811297365105,25691800
2018-06-15,92.51372528076172,93.80723731622108,92.45829136679475,93.78876169458992,65738600
2018-06-18,93.18820190429688,93.41918594489863,91.85773157472727,92.40285757606563,23586000
2018-06-19,93.18820190429688,93.31755240310798,91.93164815949747,92.07023999367321,28653100
2018-06-20,94.12138366699219,94.7219365605108,93.42843151378717,93.65941556485551,26180800
2018-06-21,93.44690704345703,94.66650254992344,93.20668165684391,94.31540933031489,23198200
2018-06-22,92.77243041992188,93.10504094237423,92.0517543155675,92.77243041992188,38923100
2018-06-25,90.90607452392578,92.49524578239142,89.89898753401046,92.39361224499606,35433300
2018-06-26,91.54358673095703,92.46752279312074,91.23868613866556,91.3033613810541,26897200
2018-06-27,90.1207275390625,92.41208510684788,89.99137704970718,92.00555801847673,31298400
2018-06-28,91.12782287597656,91.57131534387281,89.86203482105812,89.97290265122696,26650700
2018-06-29,91.10933685302734,92.31045656927783,90.85063588006824,91.40499611484815,28053200
2018-07-02,92.40286254882812,92.44905512999027,90.54574878870682,90.63814100010501,19564500
2018-07-03,91.51590728759766,92.9757215068715,91.41427371517614,92.8371366800018,14670300
2018-07-05,92.171875,92.31970112281573,91.49739848913366,91.9316496202166,18977400
2018-07-06,93.46539306640625,93.71485274866468,92.08872299870986,92.29199009858847,19234600
2018-07-09,94.10289001464844,94.47246586304709,93.54852976658697,93.91810561498562,18212000
2018-07-10,94.35236358642578,94.71269812638765,94.11213821009338,94.24148870910155,19293100
2018-07-11,94.22301483154297,94.55562537152547,93.40994648092858,93.4561461096039,19644600
2018-07-12,96.26490020751953,96.46816726827643,94.91595440776423,94.95290564692665,24335900
2018-07-13,97.41059875488281,97.56766622501715,96.17252051899801,96.43122858925204,24635200
2018-07-16,96.93016815185547,97.77094658469836,96.56982648169411,97.38289500030935,21786900
2018-07-17,97.89105224609375,98.39922005190725,96.38503855198033,96.65298093603883,25901700
2018-07-18,97.12417602539062,97.9834369746251,96.75460013502897,97.8818034285488,29493900
2018-07-19,96.45892333984375,97.29970146509545,95.98771398885904,96.94860830991279,40171600
2018-07-20,98.18669891357422,99.96989609860739,98.01115582529509,99.85902826370983,56004000
2018-07-23,99.75739288330078,99.91446034590324,98.05734660566769,98.21442111734395,29707000
2018-07-24,99.47099304199219,100.54275556636526,99.1014170839385,100.31177147371609,26316600
2018-07-25,102.39984130859375,102.6955005834059,99.41552455580319,99.748142121101,30702100
2018-07-26,101.2818832397461,102.55691258831274,101.17100836414636,102.31668721571668,31372100
2018-07-27,99.48945617675781,101.79929681324543,98.06659349879253,101.79929681324543,37005300
2018-07-30,97.35516357421875,99.35086217536963,96.79156190720565,99.03672723917165,34668300
2018-07-31,98.01115417480469,98.60247278121379,97.36439460280648,98.38996435278216,27655200
2018-08-01,98.19593811035156,98.35300557241743,97.40135241521702,97.9649540605816,23628700
2018-08-02,99.38780975341797,99.86825344199397,96.86546100344243,97.38287003237808,26104300
2018-08-03,99.82209014892578,99.83133148672678,98.69488660576731,99.60034738522955,18659600
2018-08-06,99.90521240234375,100.17315472915924,99.37856908386456,99.89597811626528,20265900
2018-08-07,100.5981674194336,100.80143450421558,99.94217358613854,100.30250812767986,16080200
2018-08-08,101.1617660522461,101.4019914225229,100.48729661714455,101.01393993528036,15487500
2018-08-09,101.32807922363281,101.78081302741072,101.26340397296077,101.36503751674164,13677200
2018-08-10,100.70904541015625,101.34656364139204,100.13620243070716,101.0970969208764,18183700
2018-08-13,99.97915649414062,101.24495189342719,99.87752292672691,100.93080985349152,18472500
2018-08-14,101.22644805908203,101.40199819320668,99.82206813330617,100.30251185686602,16788300
2018-08-15,99.85379028320312,101.08734924264044,99.07469333788256,100.62360325115509,29982800
2018-08-16,99.835205078125,100.96674607362014,99.5198612996821,100.4473529909142,21384300
2018-08-17,99.77955627441406,100.07635332790036,98.95408924827402,99.57550697335473,18061500
2018-08-20,99.12105560302734,100.07637106714154,98.75933435110451,99.7146498152187,17914200
2018-08-21,98.29558563232422,99.5662448896544,98.17500716764842,99.16742312629798,22881900
2018-08-22,99.29727172851562,99.55696830525315,98.11008333417209,98.17500747835648,18000600
2018-08-23,99.7610092163086,100.33605664211588,99.1210447279977,99.38074128281376,18167700
2018-08-24,100.54008483886719,100.68847980636349,99.76098826186508,99.86301289785582,17234000
2018-08-27,101.65310668945312,101.69020721308804,100.64214395615645,101.347032676616,19662300
2018-08-28,102.2652359008789,102.487831925535,101.82931367361901,101.96843884260409,19151500
2018-08-29,103.89762115478516,103.9068980534814,102.27451061676027,102.44145941229084,20818000
2018-08-30,103.83269500732422,104.44484293782575,103.35967932597329,103.572998458457,22798700
2018-08-31,104.18515014648438,104.60251860418799,103.43387701593716,103.59155599160786,23222700
2018-09-04,103.61009979248047,103.84197272382418,102.22813910300803,102.81245634256207,22634600
2018-09-05,100.62357330322266,103.34112428756808,100.26185210361696,102.96085636735191,32872400
2018-09-06,100.8554458618164,101.08731878770189,99.71463502913187,100.40097690841688,23477600
2018-09-07,100.3638916015625,100.83691442339288,99.45495355701134,100.3824454011173,22498600
2018-09-10,101.44906616210938,101.69021604858837,100.50302749392556,100.94821966382314,20727900
2018-09-11,103.17417907714844,103.4987997705965,100.99457490548238,101.00385180420959,24301800
2018-09-12,103.61009979248047,103.73994806793692,102.49711255251077,103.35040324156756,18891100
2018-09-13,104.72309112548828,105.48363403558267,103.99037183417049,103.99037183417049,26055600
2018-09-14,105.14973449707031,105.48363206856341,104.2871669500798,105.14045759891773,19122300
2018-09-17,104.0089340209961,105.45581902213574,103.74923743886345,105.44654919863183,20736500
2018-09-18,105.0013427734375,105.45581176087673,103.6193820129872,104.0553042784945,22170900
2018-09-19,103.60084533691406,105.10338480494815,102.98870434518288,104.85296509837671,21728400
2018-09-20,105.33525085449219,105.5485770970305,103.81416476156244,104.13878549916305,23714500
2018-09-21,105.97518920898438,106.93050439785394,105.27957052859985,105.73403941844865,71229700
2018-09-24,106.35548400878906,106.5688102383254,104.08313190788077,104.83439800856782,27334500
2018-09-25,106.15142059326172,106.75429160418047,105.50217924377999,106.47604834420258,22668000
2018-09-26,105.71552276611328,106.71720857283623,105.49291963021827,106.16999178521358,19352000
2018-09-27,106.11434936523438,106.57809530513761,105.91956984341772,106.45751683199383,19091300
2018-09-28,106.07723236083984,106.26272787750213,105.43726079881428,105.91028356536363,21647800
2018-10-01,107.22730255126953,107.2922266790767,106.41111250509384,106.42965922323909,18883100
2018-10-02,106.8006591796875,107.44062357201844,106.14214099268068,106.93978433495921,20787200
2018-10-03,106.8192138671875,107.7559824346234,106.59661784786606,107.05108678453897,16648000
2018-10-04,104.6117935180664,106.43895336608236,103.53589971014215,106.29982819075417,34821700
2018-10-05,103.99964904785156,104.96424133246424,102.61768829952597,104.46339493028839,29068900
2018-10-08,102.81246185302734,103.9069024306767,101.4119472913115,103.56373500266335,29640600
2018-10-09,104.12022399902344,104.88076693755482,102.7660869170627,103.08143070992189,26198600
2018-10-10,98.46250915527344,103.41531077707997,98.1193347245456,103.17416098586042,61376300
2018-10-11,98.23065948486328,101.03168159451144,96.64464228706751,97.71125926742457,63904300
2018-10-12,101.62525939941406,103.17416875040706,99.35290769651772,101.1058663418834,47742100
2018-10-15,99.79812622070312,101.54181550742356,99.19525507532003,101.01314541173103,32068100
2018-10-16,102.95156860351562,103.33184355979802,101.05020797450246,101.59743170346016,31610200
2018-10-17,102.6826171875,103.70285676079119,101.60673037012776,103.58228537321527,26548200
2018-10-18,100.63286590576172,102.51567323245152,100.0114480634338,102.11685145318708,32506200
2018-10-19,100.7812728881836,102.8217522303657,100.36389728896343,101.0316925867544,32785500
2018-10-22,101.68089294433594,102.52491362539102,100.39168029567715,101.39337283708359,26545600
2018-10-23,100.26187133789062,101.06879182514948,97.48867258350215,99.95579731759918,43770400
2018-10-24,94.90096282958984,100.62358566614304,94.2238906868176,100.54939169838526,63897800
2018-10-25,100.44735717773438,101.3470182117209,98.45324854322749,98.82424665042417,61646800
2018-10-26,99.20452880859375,100.86474009236161,97.1640495406541,98.02661725621614,55523100
2018-10-29,96.31999969482422,100.81833246719931,94.26096724376531,100.27111582858055,55162000
2018-10-30,96.2087173461914,96.81158129143232,92.85119483807064,96.14379321011006,65350900
2018-10-31,99.06536865234375,100.29893409297065,97.74833237008889,97.7947097773481,51062400
2018-11-01,98.23992919921875,99.53841912707702,97.8782079653712,99.28799945602904,33384200
2018-11-02,98.46250915527344,99.5383957043621,97.36806881198373,98.7593061766978,37680200
2018-11-05,99.71463775634766,99.92795689132456,98.22137550670807,98.65729775148738,27922100
2018-11-06,99.90939331054688,100.94817934286148,98.57380318191481,99.59404249630914,24340200
2018-11-07,103.84200286865234,104.10169949495392,101.46762562680667,101.5047261557358,37901700
2018-11-08,103.64718627929688,104.07383156606774,102.86809673202818,103.69356368976734,25644100
2018-11-09,101.62525939941406,103.36894114698107,100.8739934303144,102.8124475744554,32039200
2018-11-12,99.12105560302734,101.98700199536991,98.40688292272758,101.48615555204573,33621800
2018-11-13,99.1859359741211,100.8554163055252,98.90768571412137,99.75170631357527,35374600
2018-11-14,97.77938842773438,100.84401902415188,97.31363922657856,100.69497586853299,39495100
2018-11-15,99.93114471435547,100.41552785002536,96.79199973323783,97.79801257892025,38505200
2018-11-16,100.87197875976562,101.4215594926208,99.48404791115941,99.74486636788863,33502100
2018-11-19,97.45337677001953,101.12347607040829,96.45667364761479,100.85334064943153,44773900
2018-11-20,94.74272155761719,95.91641178109012,92.54438429761342,94.8265601269647,64052500
2018-11-21,96.04681396484375,97.27639173976333,95.23640768557661,96.50324625449615,28130600
2018-11-23,96.00953674316406,96.69884354729527,95.01283377120744,95.171186788535,13823100
2018-11-26,99.17664337158203,99.32567943146275,97.41611182945199,97.61172565560318,32336200
2018-11-27,99.80073547363281,99.97772243930534,98.1426695008122,98.99032932777132,29124500
2018-11-28,103.50811767578125,103.7037315113656,100.47143052315587,100.49937434155798,46788500
2018-11-29,102.64181518554688,103.50810901739531,101.56127358592126,102.77222439836113,28123200
2018-11-30,103.29387664794922,103.36839823974341,101.86868496204362,103.11688964413057,33665600
2018-12-03,104.41166687011719,105.65056162127873,103.14483540689426,105.25933394410238,34732800
2018-12-04,101.08622741699219,104.92400430127883,100.79746511809728,104.27195810804176,45197000
2018-12-06,101.7103271484375,101.75689781105125,97.8073460188522,98.57117453206196,49107400
2018-12-07,97.63966369628906,101.95249880461425,97.1552876468708,100.9557957836074,45044900
2018-12-10,100.21994018554688,100.58323121120763,96.773397891085,97.6210651063418,40801500
2018-12-11,101.15142059326172,103.34975766286827,100.080202983667,102.27854005327356,42381900
2018-12-12,101.60784912109375,103.64782582350992,101.5705883315688,103.2938589831763,36183000
2018-12-13,101.95249938964844,103.27523254931224,101.18867096829534,102.0735987327746,31333400
2018-12-14,98.76683044433594,101.77557511623709,98.27313714835203,100.8347592067214,47043100
2018-12-17,95.84187316894531,98.55253701926615,94.74270473412314,98.1892531990661,56957300
2018-12-18,96.84789276123047,97.35090276550028,95.49721577566272,96.6429619698499,49319200
2018-12-19,96.58707427978516,99.55854943269603,94.40736426260312,96.54981348985045,68198200
2018-12-20,94.55643463134766,97.16462671637441,92.01344006400622,95.99094347615934,70334200
2018-12-21,91.5010986328125,95.94434324647152,90.7838408248684,94.66818777300865,111242100
2018-12-24,87.68195343017578,91.25891145477576,87.54223433711189,90.98877603023601,43935200
2018-12-26,93.67150115966797,93.79260053145383,87.52361154419525,88.62278022595936,51634800
2018-12-27,94.24901580810547,94.25833278273342,89.79645424303467,92.49780123682501,49498500
2018-12-28,93.51314544677734,95.3947766299849,92.70273909280928,95.09669025050847,38196300
2018-12-31,94.61229705810547,95.38544247539859,93.55970637053582,94.35147862980638,33173800
2019-01-02,94.19315338134766,94.77999501810811,92.16248588194682,92.73070067123591,35329300
2019-01-03,90.72796630859375,93.32684829113309,90.54166232197043,93.24300972046,42579100
2019-01-04,94.94764709472656,95.48791795712623,92.15315145623576,92.88903616051739,44060600
2019-01-07,95.06877136230469,96.19588412991266,94.06275799481172,94.6775435467923,35656100
2019-01-08,95.75807189941406,96.84792370348103,94.74273459229953,95.98162960381391,31514400
2019-01-09,97.12735748291016,97.69557220674126,96.16791504630794,96.74544674618706,32280800
2019-01-10,96.50326538085938,96.64299160935967,95.36683581232134,96.14929842786032,30067600
2019-01-11,95.75807189941406,96.35423051566119,94.6775299657341,96.12135583410306,28314200
2019-01-14,95.05941009521484,95.82323846304656,94.32352554098685,94.91968392042777,28437100
2019-01-15,97.81666564941406,97.85392644457843,94.90107061203932,95.48791925241571,31587600
2019-01-16,98.16130065917969,98.98102381475704,97.77007302952809,98.0495253974329,29853900
2019-01-17,98.85063171386719,99.32569087205175,97.58379307850137,97.80735074745706,28393000
2019-01-18,100.33171081542969,100.50869781911955,98.65501764190162,100.09883617131995,37427600
2019-01-22,98.4407730102539,99.76349932573893,97.67694443726407,99.43747623484761,32371300
2019-01-23,99.40022277832031,99.707619046763,98.12406703485185,98.85064197119935,25874300
2019-01-24,98.9251480102539,99.67034972944384,98.12405864949432,99.53994049460114,23164800
2019-01-25,99.82869720458984,100.49006031768445,98.92514248028162,99.89390181836622,31225600
2019-01-28,97.88188171386719,99.18598127008563,97.4906539790329,98.98105042609507,29476700
2019-01-29,95.88846588134766,97.77940685736505,95.17120799658717,97.69556828983518,31490500
2019-01-30,99.09281921386719,99.09281921386719,97.18325133435708,97.45338678308951,49471900
2019-01-31,97.27637481689453,98.0122593801422,96.1120018573448,96.68953340371814,55636400
2019-02-01,95.73942565917969,96.96900353574821,95.3388809740294,96.67092426587615,35535700
2019-02-04,98.49665069580078,98.55254543913937,95.73009897732443,95.82325451396552,31315100
2019-02-05,99.87528228759766,99.9218529541223,98.70159204691247,98.79474048673215,27325400
2019-02-06,98.76683044433594,99.67038554382624,98.30108097917787,99.67038554382624,20609800
2019-02-07,98.05886840820312,98.3569477182256,97.14600363047177,97.98435391077601,29760700
2019-02-08,98.43147277832031,98.53393821099789,97.11806321537307,97.23915549636857,21461100
2019-02-11,98.04021453857422,99.2791092165153,97.77939610253807,98.92513524752106,18914100
2019-02-12,99.56788635253906,99.80076100620424,98.25447700138812,98.86926239154354,25056600
2019-02-13,99.49333953857422,100.39689410284902,99.40019112207312,100.1360756939385,18394900
2019-02-14,99.57717895507812,99.9404627573332,98.42212294551763,99.02759121143028,21784700
2019-02-15,100.80677795410156,100.88129954648821,100.00568860287065,100.51801566706608,26606900
2019-02-19,100.76020050048828,101.2166399252208,100.39691661991846,100.40623359568878,18038500
2019-02-20,100.2363510131836,100.97537861880066,99.43184031021426,100.90053875407739,21607700
2019-02-21,102.35051727294922,102.41600036164678,99.97440541044664,100.00246857172826,29063200
2019-02-22,103.80986785888672,104.02502353899213,102.73406804699364,102.94923086422106,27763200
2019-02-25,104.38983917236328,104.9417741242156,104.08113729253878,104.54887563198757,23750600
2019-02-26,105.11016082763672,105.93337774052556,103.99694128934875,104.0811379022455,21536700
2019-02-27,104.93241119384766,105.11015403627373,103.72564549251746,104.48338641114633,21487100
2019-02-28,104.80146026611328,105.59661408457713,104.52082152042553,104.81081703210592,29083900
2019-03-01,105.26921081542969,105.72759248236129,104.46470013796976,105.60598305888371,23501200
2019-03-04,105.0166015625,105.94272136678296,103.65080662914862,105.72755861572742,26608000
2019-03-05,104.49275970458984,105.13824100517441,104.05309158694376,105.00727481913144,19538300
2019-03-06,104.5395278930664,105.39081517018386,104.24017561545702,104.6517876735904,17687000
2019-03-07,103.26725769042969,104.35241393428527,102.78081301577981,104.21209102177018,25339000
2019-03-08,103.3795394897461,103.5666319882436,101.77987507509204,102.11664728208461,22818400
2019-03-11,105.54984283447266,105.66209547609726,103.81921228392213,103.82856191264341,26491600
2019-03-12,106.28884887695312,106.63497063496493,105.38143547556703,105.54046477720054,26132700
2019-03-13,107.11209106445312,107.57982945338087,106.43854664245775,106.76596208728289,35513800
2019-03-14,107.1962661743164,107.76690750325866,106.95304738341547,107.14949662396798,30763400
2019-03-15,108.43110656738281,109.68464190620723,107.19627048490517,107.89787800242888,54681100
2019-03-18,109.98399353027344,110.02141345411441,108.5620721099197,108.67432474432194,31207600
2019-03-19,110.05884552001953,110.79787303888932,109.44142741420875,110.47045045343856,37588700
2019-03-20,109.93720245361328,111.08784176549597,109.17946872208066,109.81559306988575,28113300
2019-03-21,112.46302795410156,113.02431263620386,109.53498084831268,109.58175754562201,29854400
2019-03-22,109.49755859375,111.87366330476891,109.48820182767221,111.78947382143294,33624500
2019-03-25,110.06817626953125,110.39559164046952,108.814633958785,109.03914633641126,27067100
2019-03-26,110.30206298828125,111.05044007866555,109.31045281626866,110.9662506000597,26097700
2019-03-27,109.2356185913086,110.58270741533956,108.06627263631543,110.27399837031224,22733400
2019-03-28,109.38529968261719,109.99336101432725,108.63691540710921,109.86239483668156,18334800
2019-03-29,110.33012390136719,110.6856024767777,109.41335359819583,110.45173330258429,25399800
2019-04-01,111.34043884277344,111.42463546097007,110.47980195188099,111.27495575622991,22789100
2019-04-02,111.49946594238281,111.77075503158302,110.87269115286203,111.37784940822239,18142300
2019-04-03,112.22915649414062,112.65947497970495,111.4620657786352,112.12625347181852,22860700
2019-04-04,111.65852355957031,112.47239103342567,110.7417530555566,112.35077446844451,20112800
2019-04-05,112.1543197631836,112.47238560572077,111.66787493810098,111.68658133489869,15826200
2019-04-08,112.1917495727539,112.2759390714398,110.9849834650645,112.07948977071676,15116200
2019-04-09,111.58364868164062,111.82687459816077,110.92881791076343,110.9755874589003,17612000
2019-04-10,112.4349594116211,112.58463198903105,111.82689806129942,112.03270410021952,16477200
2019-04-11,112.56591796875,113.05236273378559,112.18236907908332,112.76236722792521,14209100
2019-04-12,113.14591217041016,113.17398246861612,112.60334106949091,112.85591665637389,19745100
2019-04-15,113.23945617675781,113.73525768050715,112.79042422523496,113.1365531698905,15792600
2019-04-16,112.97750854492188,113.8007325403763,112.35074092083379,113.7913757757588,14071800
2019-04-17,113.91300201416016,113.98784186792793,112.76236959524611,113.41720047291092,19300900
2019-04-18,115.40974426269531,115.55006003515895,113.47330809438098,114.30588165089026,27991000
2019-04-22,115.77462768554688,115.99914015196279,114.66140784698348,114.708184548668,15648700
2019-04-23,117.3462142944336,117.47718047793992,115.84009604698912,116.09267164743082,24025500
2019-04-24,116.94395446777344,117.72975153850965,116.48556570605587,117.67362521549177,31257000
2019-04-25,120.81682586669922,122.89358555373819,120.51748070622843,121.66811320064403,38033900
2019-04-26,121.50907897949219,122.09843392154195,120.69521874465617,121.33133610654112,23654900
2019-04-29,121.3968276977539,121.7803623353228,121.00392915671837,121.51842997463245,16324200
2019-04-30,122.17330169677734,122.26684083206659,121.04136824808171,121.43426687448743,24166500
2019-05-01,119.62876892089844,122.22003647987704,119.46038281379764,122.10778383322416,26821700
2019-05-02,118.0665283203125,119.74103268066072,117.42104703213937,119.72232628463793,27350200
2019-05-03,120.58295440673828,121.07875597125118,119.03942338880083,119.14232640827953,24911100
2019-05-06,119.88134002685547,120.26488892089048,117.97297373395548,118.23490608250563,24239800
2019-05-07,117.4210433959961,118.9739382913038,116.20492785276527,118.30039386139306,36017700
2019-05-08,117.41168975830078,118.216200340214,116.70072542465444,117.34620667080186,28419000
2019-05-09,117.4023208618164,117.67360994974439,115.5968506220423,116.27039495936411,27235800
2019-05-10,118.92715454101562,119.6755387825415,115.83072883751645,116.85040218816742,30915100
2019-05-13,115.39105987548828,117.44911308249895,115.10106435633591,116.1020242297008,33944900
2019-05-14,116.6820068359375,117.75779928426198,115.71845988183323,115.87749633810007,25266300
2019-05-15,118.32514953613281,118.97302006648157,116.14681023977987,116.67262121720279,24722700
2019-05-16,121.05745697021484,121.47999118632816,118.73828253538441,119.01057583676587,30112200
2019-05-17,120.24996948242188,122.49403395678912,120.10911998361574,120.47530575718773,25770500
2019-05-20,118.51294708251953,119.79928963723597,118.08103576395764,118.79462463973465,23706900
2019-05-21,119.15144348144531,119.74297288437278,118.85098307881756,119.64908035171555,15293300
2019-05-22,119.87440490722656,120.40960730217815,118.79462304356026,118.88852272491032,15396500
2019-05-23,118.47538757324219,118.5786714923512,117.12331238748058,118.49416321147112,23603800
2019-05-24,118.53174591064453,119.63969504494756,118.27823534319974,119.16084095493612,14123400
2019-05-28,118.45661926269531,120.18426462822669,118.35333533719721,119.22654942142827,23128400
2019-05-29,117.31110382080078,117.73362373181999,116.46605683522245,117.72423233099691,22763100
2019-05-30,118.05287170410156,118.08103874417998,117.16087484155737,117.61156897343257,16829600
2019-05-31,116.1280517578125,117.01065728739485,115.79003292365503,116.64447141098105,26646800
2019-06-03,112.52251434326172,116.77591660188547,111.74319994644043,116.28766401514834,37983600
2019-06-04,115.63981628417969,115.75248446292244,113.2830756437449,113.8746050727685,29382600
2019-06-05,118.14676666259766,118.184325104657,116.62568199512563,117.3204952643727,24926100
2019-06-06,120.0152587890625,120.15610116107074,117.9308117412543,118.71952472637606,21459000
2019-06-07,123.3766860961914,124.17479067065516,120.42841564692426,121.30163712592099,33885600
2019-06-10,124.50337219238281,125.89299851536416,123.94000281240413,124.31557284767094,26477100
2019-06-11,124.03389739990234,126.04322709307064,123.2639602339675,125.70520834435645,23913700
2019-06-12,123.46119689941406,123.9118839824841,122.72882501676872,123.37668143058264,17092500
2019-06-13,124.2405014038086,124.87897348900864,123.52689810025316,123.9212510341265,17200800
2019-06-14,124.362548828125,125.6207244705567,123.60201003422347,124.18414800939125,17821700
2019-06-17,124.73814392089844,125.56440110815669,124.43767634219891,124.53157604231319,14517800
2019-06-18,126.90705108642578,126.98216795669494,125.41414089840629,125.99627873414464,25934500
2019-06-19,127.40473175048828,127.6300681119235,125.63952050813633,126.756861057196,23744400
2019-06-20,128.5877685546875,129.25442193934973,127.4328769193425,129.0572383298613,33042600
2019-06-21,128.60653686523438,129.32012568533872,128.12768290626582,128.24035105494573,36727900
2019-06-24,129.36708068847656,129.9492185826722,128.6347090386564,128.6347090386564,20628800
2019-06-25,125.28266906738281,129.18866015430092,124.6254143958046,128.86942421768825,33327400
2019-06-26,125.75214385986328,127.45163616664424,125.44230647334281,126.14651100595422,23657700
2019-06-27,125.95870971679688,126.4845277944096,125.35778909803145,125.94932548092221,16557500
2019-06-28,125.78034210205078,126.38126281077415,125.02918763437661,126.35309577185585,30043000
2019-07-01,127.39530944824219,128.35303178715182,126.72867040042456,128.28731346967191,22613500
2019-07-02,128.24034118652344,128.2497254224983,127.07605120713667,127.8084227713561,15237800
2019-07-03,129.066650390625,129.32955234604637,127.96807839401461,128.44694678409658,13629300
2019-07-05,128.69105529785156,128.9445729935824,127.43287971131925,127.63944756308794,18141100
2019-07-08,128.59713745117188,128.72858838481056,127.10421302196715,128.07131938953984,16779700
2019-07-09,128.127685546875,128.60653951571237,127.50798206220603,127.69576708956896,19953100
2019-07-10,129.43276977539062,130.1181913550504,128.65344854829266,128.75673242964479,24204400
2019-07-11,129.94921875,130.71915600325744,129.45158197004756,129.7614337187673,22327900
2019-07-12,130.41868591308594,130.63465230545916,129.58303036260477,130.37175040151538,18936800
2019-07-15,130.41868591308594,131.01960659739734,130.0055645833737,130.925721247177,16651500
2019-07-16,128.70982360839844,130.55953550100205,128.18401980022102,130.47503438763337,22726100
2019-07-17,127.94924926757812,129.50787745675066,127.90229944198988,129.29192545153506,20211000
2019-07-18,128.090087890625,128.27787287099477,126.44694424000721,127.27321534612493,30381800
2019-07-19,128.2779083251953,132.08061611876917,128.1182903314111,131.65809621438976,48992400
2019-07-22,129.97738647460938,130.69098965497278,128.94456163383649,129.0196785121421,25074900
2019-07-23,130.7848663330078,131.44213539281736,129.60180781409218,131.22616900935827,18034600
2019-07-24,132.12757873535156,132.14636153851882,130.37176630685818,130.41870182415488,20738300
2019-07-25,131.6299285888672,132.02428145300124,130.81305582223808,131.85526489575548,18356900
2019-07-26,132.70973205566406,133.02896811106558,131.7332410841175,131.79895941219067,19037600
2019-07-29,132.41860961914062,132.8692964759371,130.85996692750166,132.85991224059356,16605900
2019-07-30,131.78021240234375,132.59708547926695,131.26379262442705,131.58302873183555,16846500
2019-07-31,127.94924926757812,131.9115738523609,126.8319093231243,131.76134014130866,38598800
2019-08-01,129.6300048828125,132.33415564062386,128.56899850104418,128.63473115308523,40557500
2019-08-02,128.54080200195312,129.87410859795295,127.00094191264206,129.6581422139498,30791600
2019-08-05,124.13717651367188,125.75213899845002,122.79448580665229,125.16061695633688,42749600
2019-08-06,126.46574401855469,127.39528481068439,125.07611778472241,125.63008856567937,32696700
2019-08-07,127.01974487304688,127.36714793198763,123.78040619672528,125.62071974509793,33414500
2019-08-08,130.4092559814453,130.50315562584294,127.62998983592128,128.25909166465186,27496500
2019-08-09,129.3013458251953,130.86937284024663,128.1276716228745,130.14638552003524,23466700
2019-08-12,127.49861907958984,129.44223118925683,126.98221369199706,128.70047510969184,20484300
2019-08-13,130.1370086669922,130.32479368460125,126.75682104171507,127.74271029301076,25154600
2019-08-14,126.218017578125,128.98769433333086,125.92597937430739,128.46013959420375,32527300
2019-08-15,125.93539428710938,126.7832624352343,124.58824661117434,126.60426756924831,28074400
2019-08-16,128.24351501464844,128.55439867921714,126.91519782279867,127.06593191012782,24449100
2019-08-19,130.39138793945312,130.52327663422912,128.9594432713212,129.86383316034915,24355700
2019-08-20,129.3079833984375,130.67399069770917,129.28915242691284,130.2029576634189,21170800
2019-08-21,130.74935913085938,131.40881695837308,130.00513317166792,130.52327244694763,14970300
2019-08-22,129.7978515625,131.13558354961538,128.39416805587712,130.62687423752948,18697000
2019-08-23,125.6622085571289,130.3348631862218,125.10639295476594,129.24206295545477,38508600
2019-08-26,127.60284423828125,127.70647207929308,126.14263897849162,127.16950190298608,20312600
2019-08-27,127.87605285644531,128.79927357533785,126.85861978112426,128.48839004886858,23102100
2019-08-28,127.70648956298828,127.89489992477131,125.81294170866676,127.06589145796818,17393300
2019-08-29,130.1181640625,130.41963211192012,128.9782721407511,129.29857116216917,20168700
2019-08-30,129.8732147216797,131.1167343226189,128.37533328483565,131.08847349360568,23940100
2019-09-03,128.15869140625,129.2514917495263,127.83839231850062,128.69567608993933,18869300
2019-09-04,129.6565399169922,129.71306157342428,128.57315546116385,129.34565643183026,17995900
2019-09-05,131.93637084960938,132.24725441272497,130.72109743244937,131.05082634402962,26101800
2019-09-06,131.04139709472656,132.05881580833838,130.19352900033334,131.9175116466666,20824500
2019-09-09,129.55294799804688,131.6537516015237,128.55436012486388,131.50301755940075,25773900
2019-09-10,128.19631958007812,128.95939060067883,126.7172693304427,128.87460812611957,28903400
2019-09-11,128.23402404785156,128.37534257793357,127.26369718206007,128.0361982304384,24726100
2019-09-12,129.55294799804688,130.4008018291069,128.94059634246844,129.8638315693794,27010000
2019-09-13,129.364501953125,130.06162154979148,128.65795249718326,129.79784423622274,23363100
2019-09-16,128.43186950683594,128.78042935404903,127.80068696265583,127.9608364701534,16731400
2019-09-17,129.4304656982422,129.55293889571084,128.526075883836,129.02538416013576,17814200
2019-09-18,130.49502563476562,130.63632982739534,128.6203085553972,129.40222529579336,23982100
2019-09-19,132.8972930908203,134.12196771878425,131.95522683866946,132.1718980517229,35772100
2019-09-20,131.36172485351562,133.44368328988745,130.2406636763351,132.84076144352028,39167300
2019-09-23,131.07908630371094,131.5407039018818,130.4196428597447,131.16386880905182,17139300
2019-09-24,129.42108154296875,132.53931890438977,128.95004836149025,132.22843527963894,29773200
2019-09-25,131.28636169433594,131.85160723093153,128.1492791532917,129.53411778063892,21382000
2019-09-26,131.45591735839844,132.05883917954642,130.41965311490762,131.3617193588757,17456600
2019-09-27,129.75079345703125,132.22843254021143,128.7333600811412,132.03059228318074,22477700
2019-09-30,130.97544860839844,131.1544434671942,129.79786598451886,130.05222785621746,17280900
2019-10-01,129.12899780273438,132.12476088219773,129.0630462806495,131.56894537371167,21466600
2019-10-02,126.84922790527344,128.46958317250093,125.84122438862369,128.35653981076607,30521700
2019-10-03,128.38478088378906,128.82755314879915,125.50206060506926,127.13183110990826,24132900
2019-10-04,130.1181640625,130.2406372544254,128.51665458062195,128.82753811604104,22897700
2019-10-07,129.17611694335938,130.17470484785542,129.08191894517083,129.19496229291303,15303700
2019-10-08,127.8100814819336,129.77899580232818,127.76297531103535,129.13839787742444,25550500
2019-10-09,130.23117065429688,130.6645128367721,129.03474316177392,129.49636054072394,19749900
2019-10-10,131.04139709472656,131.5783672838668,130.2406351791531,130.46673621261547,17654600
2019-10-11,131.58773803710938,132.85953255896513,131.41817310074603,132.00224927015222,25446000
2019-10-14,131.46531677246094,132.1624364316741,131.4370559416705,131.5972054410786,13304300
2019-10-15,133.3682861328125,133.57552742119194,131.71024082748983,131.94575731974263,19695700
2019-10-16,132.27552795410156,132.8219281137492,131.44650503949265,132.63350336058141,20751600
2019-10-17,131.5972442626953,133.22701494314092,130.96606156419662,132.78424263042243,21460600
2019-10-18,129.4492950439453,131.88924258175905,128.64853317835568,131.66314156240998,32273500
2019-10-21,130.41021728515625,130.4761688191154,129.07248500490974,130.4290626341145,20078200
2019-10-22,128.46957397460938,131.89869465804213,128.36594610884117,130.91895205197162,27431000
2019-10-23,129.28916931152344,129.48699516187958,127.75359681926605,128.95002490755215,29844600
2019-10-24,131.83277893066406,132.28496679355064,130.63635053584218,131.31463951756854,37029300
2019-10-25,132.57696533203125,132.9632159036771,131.13560527178078,131.26749395785637,25959700
2019-10-28,135.83656311035156,137.23081742509578,135.19595045236,136.03438901407154,35280100
2019-10-29,134.55531311035156,136.1285618930684,134.38573372445262,135.73289582568952,20589500
2019-10-30,136.23219299316406,136.5995982341125,134.51762561887838,135.20534429087087,18496600
2019-10-31,135.0640106201172,136.53363141942768,134.70603528104652,136.5053705867323,24605100
2019-11-01,135.3937530517578,136.05319650529455,134.68720341408505,135.90246246597496,33128400
2019-11-04,136.17568969726562,136.59961666713642,135.80828440673878,136.43946711739818,16912000
2019-11-05,136.09088134765625,136.61843608778935,135.57274209402962,136.5713299056799,18250200
2019-11-06,135.7140655517578,136.1474223640445,134.90388797862317,136.00610379763356,16575800
2019-11-07,135.90249633789062,136.48658729213378,135.4408929927609,135.50683016715396,17786700
2019-11-08,137.5039825439453,137.53224337866055,135.43142549956863,135.6386812040063,16732700
2019-11-11,137.64529418945312,137.93733241388952,136.34523822282443,136.919899184544,14362600
2019-11-12,138.5496826171875,139.02071571611077,137.5981865574973,137.80544227100668,18641600
2019-11-13,138.7757568359375,138.91707537779078,137.80542988932166,138.23878662630173,16919200
2019-11-14,139.48233032226562,139.81205926830356,138.48374237112063,138.50258772155468,19729800
2019-11-15,141.2816619873047,141.30050733528844,139.6801524036144,140.3019051391913,23485700
2019-11-18,141.63021850585938,141.8280587180266,140.34900799432467,141.37587100065798,21534000
2019-11-19,141.6773223876953,142.56286683531036,141.49832752597038,142.1389399587339,23935700
2019-11-20,141.4315185546875,142.58475094951194,140.3350145663073,142.08375820366018,25696800
2019-11-21,141.29922485351562,141.60171875338148,140.3728625266567,141.22360137854915,18576100
2019-11-22,141.40321350097656,142.0743628652784,140.67536455680172,141.85695437699914,15901800
2019-11-25,142.9534149169922,143.06685731305117,141.71511147306902,141.79073492920853,22420900
2019-11-26,143.7096405029297,144.0782958507739,143.0385057427594,143.07631026041267,24620100
2019-11-27,143.9838104248047,144.15395242888414,143.2275900846994,143.99325795046357,15184400
2019-11-29,143.0952606201172,143.96490901164137,143.00072766342154,143.7758575219542,11977300
2019-12-02,141.36541748046875,143.52063628831266,140.20273706606196,143.50172681141444,27418400
2019-12-03,141.13851928710938,141.25194727879412,138.6240930309501,139.41813224384907,24066000
2019-12-04,141.6489715576172,141.96089852915804,141.03453629170258,141.92309400717485,17574700
2019-12-05,141.72457885742188,142.09324866665452,141.29920947776307,141.83802126937863,17869100
2019-12-06,143.4449920654297,143.55842006301026,142.04599387502634,142.72659070791502,16403500
2019-12-09,143.07630920410156,143.87979582937618,142.6509398710679,142.80218678796427,16687400
2019-12-10,142.85891723632812,143.57731853881157,142.50915689774277,143.0101497469499,16476100
2019-12-11,143.3977508544922,143.55844535394203,142.1027329082931,143.24650388193757,18856600
2019-12-12,144.8534393310547,145.0424907847881,142.7549350201009,143.35044637817603,24612100
2019-12-13,146.07286071777344,146.413159167457,144.4659014257082,144.62659591254433,23845400
2019-12-16,147.0181427001953,147.36788870009232,146.34700770451698,146.62113021887043,24144200
2019-12-17,146.2240753173828,147.1882564487192,145.99720492656812,146.94247658607804,25425600
2019-12-18,145.92161560058594,146.97086796505727,145.74201163546948,145.85545406926653,24129200
2019-12-19,147.18824768066406,147.24496166906405,145.33550899196453,145.57182689276445,24958900
2019-12-20,148.79522705078125,149.81612225393488,147.73651290100972,148.73851305455636,53477500
2019-12-23,148.79522705078125,149.4663619043782,148.66288958502255,149.4663619043782,17718200
2019-12-24,148.76687622070312,149.07881763657534,148.5210963286024,148.86139474376276,8989200
2019-12-26,149.9862518310547,150.0429658225864,148.7857527900638,148.9369997166156,14520600
2019-12-27,150.2604217529297,150.81812869064836,149.56091538147822,150.7235957348265,18412800
2019-12-30,148.96539306640625,150.3171393638337,148.15245866742518,150.28878236114747,16348400
2019-12-31,149.06936645507812,149.13554240733214,147.8877766537162,148.1902705662426,18369400
2020-01-02,151.82955932617188,151.93353980620552,149.6648931447306,150.0902625907942,22622100
2020-01-03,149.9390411376953,151.19625463787472,149.40969112155793,149.65547107455467,21116200
2020-01-06,150.32656860351562,150.3927445508696,147.94447970171677,148.48329153461876,20813700
2020-01-07,148.95594787597656,150.93156268718585,148.71018237427404,150.60072617609066,21634100
2020-01-08,151.3285675048828,151.99971686703032,149.30568631614628,150.23204869357042,27746500
2020-01-09,153.2190704345703,153.34196035835663,152.21708484471264,152.98275253418123,21385000
2020-01-10,152.5101318359375,154.2872472384287,152.35888490302304,153.909144329844,20725900
2020-01-13,154.34396362304688,154.3723206204449,152.43451073060453,152.90714658550698,21626500
2020-01-14,153.25694274902344,154.64649364113086,152.86937779572435,154.44798018924195,23477400
2020-01-15,154.24942016601562,154.96783584765552,153.67281830910034,153.72007035240767,21417900
2020-01-16,157.07582092285156,157.14199687545099,155.0529397493098,155.35543366341506,23865400
2020-01-17,157.9548797607422,158.3046256141996,156.37626359951238,158.25735915256237,34371700
2020-01-21,157.3877410888672,158.98525260050442,157.32156514521276,157.55788307477562,29517200
2020-01-22,156.63153076171875,158.3235753219564,156.61262128751815,158.2384898999051,24138800
2020-01-23,157.59567260742188,157.671296061612,156.2250317565114,157.09467984414908,19680800
2020-01-24,156.00765991210938,158.36139201317255,155.44995298181732,158.3424825375192,24918100
2020-01-27,153.39871215820312,154.43851694569852,151.4325450114777,152.33055036956728,32078100
2020-01-28,156.40467834472656,156.6882483457103,154.14547932010373,154.81661422070258,24899900
2020-01-29,158.84344482421875,159.5145940552649,156.62206505752158,158.65439337526382,34754500
2020-01-30,163.32400512695312,164.52450394494198,161.44290968960823,164.52450394494198,51597500
2020-01-31,160.9136199951172,162.9648581406356,160.29919907352217,162.78526860838573,36142700
2020-02-03,164.8365020751953,164.94993007628167,161.07430990386203,161.10266690413363,30107000
2020-02-04,170.26235961914062,170.75390501577263,166.66087620777762,167.44545356772943,36433300
2020-02-05,170.05441284179688,174.11908498739666,168.64596691048436,173.95839049164914,39186300
2020-02-06,173.58026123046875,173.75986517610264,170.20563405922817,171.06583483899962,27751400
2020-02-07,173.8260498046875,175.47082810975607,172.49321295870286,172.84297337121157,33529100
2020-02-10,178.37277221679688,178.50510968178952,173.22104418313037,173.53298558426346,35844300
2020-02-11,174.345947265625,180.26334402188803,173.45738939363605,180.21607754330697,53159900
2020-02-12,174.60118103027344,175.67879043188398,171.89770278781828,175.42356297727224,47062900
2020-02-13,173.65589904785156,176.03797374039397,172.86185972663358,173.06037316286404,35295800
2020-02-14,175.2061309814453,175.26284498070825,172.65388562499024,173.2210544650253,23149500
2020-02-18,176.98324584960938,177.42752477655208,175.34792957469273,175.4519100559709,27792200
2020-02-19,177.51405334472656,178.36711595467847,176.7462941031497,178.25337813017842,29997500
2020-02-20,174.80316162109375,177.48558908217993,171.6562951458951,177.20123010558348,36862400
2020-02-21,169.2771759033203,173.93114068656777,168.00705551331956,173.61834725384844,48572600
2020-02-24,161.97874450683594,165.44789308309143,154.71818051515862,159.02144511099954,68311100
2020-02-25,159.30577087402344,165.72272971041576,158.90765961105674,165.11610394922226,68073300
2020-02-26,161.29624938964844,164.2251136153781,159.43846438675976,160.86024482213514,56206100
2020-02-27,149.9314727783203,158.3199827709648,149.74190495438836,154.8034540782687,93174900
2020-02-28,153.561767578125,155.17313038454182,144.0737575661736,144.4623810412788,97012700
2020-03-02,163.7796173095703,163.90284290585905,153.8461156233935,156.68967642563902,71030800
2020-03-03,155.93138122558594,165.87437010304947,153.79871075283245,164.73694874353373,71677000
2020-03-04,161.65646362304688,161.79863590353253,156.98353700870763,159.70388716783967,49814400
2020-03-05,157.5996551513672,161.95977394730102,157.0498982125775,157.3911261586159,47817300
2020-03-06,153.14474487304688,154.60443335618072,147.86519228321035,154.1305064578371,72821100
2020-03-09,142.76568603515625,149.52388595235027,142.17802150778155,143.1258749845001,70419300
2020-03-10,152.52862548828125,152.63288998051783,144.6235285924919,149.91255431457344,65354400
2020-03-11,145.61878967285156,149.47654727038636,143.26810174258725,148.93627810386312,56371600
2020-03-12,131.80848693847656,145.46705743198055,131.35352137185342,137.72309715695567,93226400
2020-03-13,150.54759216308594,153.46698304753858,133.3914358600728,139.80840891555962,92727400
2020-03-16,128.3583526611328,141.56196287538836,127.9602558230332,132.6995245572196,87905900
2020-03-17,138.92689514160156,139.8083919587841,127.96022314871765,132.69949067274422,81059800
2020-03-18,133.07862854003906,138.3866140419556,127.97918643285101,130.8037858752731,81593200
2020-03-19,135.26821899414062,142.32023895199598,131.75167511472426,135.32508790671272,85922700
2020-03-20,130.18771362304688,139.4292873501573,128.77540638008531,138.38664247775617,84866200
2020-03-23,128.88909912109375,133.23975714609327,125.60953451141944,129.86538694967555,78975200
2020-03-24,140.60462951660156,141.79893456349842,133.90331065731874,136.25398403659477,82516700
2020-03-25,139.2586669921875,146.28226653788022,136.90799381312664,141.14490110421414,75638200
2020-03-26,147.96942138671875,148.49074374282242,140.63302954842695,140.66146399847827,64568100
2020-03-27,141.89366149902344,146.8130233200836,141.4197347642484,143.83676400422027,57042300
2020-03-30,151.87454223632812,152.22525782000503,142.187479586159,144.49077080836602,63420300
2020-03-31,149.4860076904297,156.1873255730772,148.3959672991363,151.0878682333424,77927200
2020-04-01,144.17803955078125,149.52393430986507,142.95531453413534,145.021628839362,57969900
2020-04-02,147.1637420654297,147.3722710107029,142.51926529474,143.94104566900393,49630700
2020-04-03,145.80836486816406,149.17324905260475,144.25388507525574,147.01214335180788,41243300
2020-04-06,156.6518096923828,157.81766587712184,149.36281127861645,151.9599360318996,67111700
2020-04-07,154.96456909179688,161.13508997776,154.74655238016243,160.7464665837294,62769000
2020-04-08,156.5190887451172,157.9787771039358,154.97408255990595,157.0309233879731,48318200
2020-04-09,156.52853393554688,158.64224329248236,154.81292133217562,157.68491641818002,51385100
2020-04-13,156.87925720214844,156.936140571891,153.83665499194112,155.77975792648093,41905300
2020-04-14,164.64219665527344,164.6895922363069,159.23943306877445,160.18728683704097,52874300
2020-04-15,162.9171142578125,164.51898947901861,160.41478082759673,162.2725661589912,40940800
2020-04-16,167.80801391601562,168.0355040124014,163.883900147735,165.21090401533556,50479600
2020-04-17,169.28663635253906,170.6136254317699,166.69898595339458,170.1396986944594,52765600
2020-04-20,165.93125915527344,169.42884146949478,165.86491691998498,167.4193963415168,36669600
2020-04-21,159.0688018798828,164.61373689398496,157.4479658215462,164.452603513722,56203700
2020-04-22,164.47158813476562,164.926553888929,161.9123858808334,162.45265500207105,34620200
2020-04-23,162.4811248779297,165.93131273058714,161.99772456269577,165.03085435682806,32790800
2020-04-24,165.4478759765625,165.45734930740483,161.8081210252355,163.08771491777517,34277600
2020-04-27,164.97393798828125,167.67531233267164,164.26304771926806,167.3814800022421,33194400
2020-04-28,160.95506286621094,166.50948710621904,160.55696597758129,166.433657061275,34392700
2020-04-29,168.1776885986328,168.41465204272475,162.91711171027274,164.18723229946127,51286600
2020-04-30,169.86485290527344,170.9927865594313,167.04023871586077,170.61365089823016,53875900
2020-05-01,165.46681213378906,169.32456881719065,164.93600196160241,166.63266802790082,39370500
2020-05-04,169.5141143798828,169.66577440915705,164.7369391625159,165.39096038355166,30372900
2020-05-05,171.3340301513672,174.073326774574,170.5188753882451,171.20133121146824,36839200
2020-05-06,173.0211944580078,174.59463494769062,172.15865865064302,172.58518988955504,32139300
2020-05-07,174.02597045898438,174.92642871255168,173.05915549446175,174.56623962588404,28316000
2020-05-08,175.0496063232422,175.35292643558043,173.79844701759438,175.33396531278456,30877800
2020-05-11,177.002197265625,177.7320341687052,173.3150471152791,173.59939164214202,30892700
2020-05-12,172.99273681640625,177.28651200785853,172.79369568104167,177.05903642458475,32038200
2020-05-13,170.37669372558594,174.45246731650903,167.33407714285644,173.0306868403567,44711500
2020-05-14,171.1160430908203,171.26770316795614,166.5189464364603,168.2819550596364,41873900
2020-05-15,173.60887145996094,177.30549477035595,167.77008972494357,169.7226658562342,46610400
2020-05-18,175.26763916015625,176.49036412535662,174.36718099656215,176.06383283345417,35264500
2020-05-19,174.0543670654297,176.86949350940563,173.9216681354789,175.38135636493746,26799100
2020-05-20,176.46864318847656,176.64923929090085,174.83379305536764,175.66071783659345,31261300
2020-05-21,174.34902954101562,177.42863394594616,174.21596102062003,176.22150304446987,29119500
2020-05-22,174.42507934570312,175.32805988927586,173.5030993721259,174.1209289284326,20826900
2020-05-26,172.5811004638672,177.26702615062376,172.13436738782855,177.11494371976403,36073600
2020-05-27,172.8092041015625,172.98030045667377,167.85714157024967,171.27890913531226,39517100
2020-05-28,172.4194793701172,175.03333595347735,171.44998664344763,171.79216481267713,33810200
2020-05-29,174.17794799804688,175.14745550760477,171.47854971997998,173.68368727702386,42130400
2020-06-01,173.7787322998047,173.94031445807596,172.47656081625482,173.50308105663945,22622400
2020-06-02,175.7557830810547,175.8413240281486,172.3720280311082,175.12845379560204,30794600
2020-06-03,176.1834259033203,176.7347137177837,174.49154911217005,175.67016593999273,27311000
2020-06-04,173.86427307128906,176.63971241141127,173.2749717295189,175.1759587709763,28761800
2020-06-05,177.93238830566406,178.43614872306114,172.99932449815253,173.5791261393768,39893600
2020-06-08,179.0349578857422,179.2155539729429,175.3090250719007,176.73476533500545,33211600
2020-06-09,180.4036407470703,181.25907896079704,177.98937951595948,178.6927498162393,29783900
2020-06-10,187.0951385498047,188.69197518428444,181.55375966025008,181.66782874345716,43872300
2020-06-11,177.04844665527344,186.0686216229626,176.85835083624784,183.56883332118247,52854700
2020-06-12,178.44570922851562,182.22867044906928,176.01243294500875,181.10708023590962,43373600
2020-06-15,179.58624267578125,181.3731750815915,174.9003022190702,175.44209047106233,32770200
2020-06-16,183.9870147705078,185.89750128714283,181.98147311232987,183.34067171544817,42556700
2020-06-17,184.62387084960938,186.60089915769962,184.10109650074745,185.37475436642524,25687800
2020-06-18,186.6008758544922,186.76245799607426,184.39572415045265,184.39572415045265,23061600
2020-06-19,185.48876953125,189.4238113793853,184.74738588619388,188.75846894194743,44441100
2020-06-22,190.64048767089844,190.82106925250457,185.5648413739242,186.09711541174806,32818900
2020-06-23,191.9141845703125,193.85318531785475,191.4579371563403,192.08526647301503,30917400
2020-06-24,188.04563903808594,193.1878125857555,186.82900846349898,191.61950404139304,36740600
2020-06-25,190.42190551757812,190.67854287906226,185.7930058119393,188.00765788660826,27803900
2020-06-26,186.61041259765625,189.9941675360762,185.23219976083442,189.8420850773338,54675800
2020-06-29,188.6159210205078,188.70146194950837,183.96800866755066,186.08760498304542,26701600
2020-06-30,193.43490600585938,194.28084454907003,187.9505695474995,188.08363804294686,34310300
2020-07-01,194.56602478027344,196.1343478236479,191.78108566908128,193.083257178087,32061200
2020-07-02,196.0487823486328,197.72166017594725,194.85116577047972,195.49749438312054,29315800
2020-07-06,200.26898193359375,200.6777016892989,197.78819326414938,198.49156369076422,31897600
2020-07-07,197.94027709960938,204.0424438056839,197.6931540036791,200.0313599594094,33600700
2020-07-08,202.2935028076172,202.70220798929762,198.35846089177778,199.67014636485013,33600000
2020-07-09,203.7097930908203,205.6678075649142,201.00088055902637,205.62027998475654,33121700
2020-07-10,203.09194946289062,203.48165528840798,200.63017471738777,203.04442188603093,26177600
2020-07-13,196.81869506835938,205.1164992228562,196.27690681431983,203.861840847215,38135600
2020-07-14,198.0353240966797,198.51057084084894,192.02819828875812,195.92522739229784,37591800
2020-07-15,197.74066162109375,200.867793362139,194.87968140351137,199.1854158039586,32179400
2020-07-16,193.82464599609375,195.51652338118896,192.2943507766109,195.23137241106915,29940700
2020-07-17,192.8361053466797,194.88916006506298,191.4198649615669,194.34738636962433,31635300
2020-07-20,201.12440490722656,201.78974737221313,192.9596557546051,194.85114280106075,36884800
2020-07-21,198.41554260253906,203.34860679664743,197.731186037843,203.0824697440858,37990400
2020-07-22,201.26699829101562,201.7897726158241,198.07333955618,198.84323696936167,49605700
2020-07-23,192.51292419433594,200.47806341735327,192.14223235359336,196.93272714528928,67457000
2020-07-24,191.33433532714844,192.81710279590382,187.73195701203042,190.4978964459514,39827000
2020-07-27,193.75811767578125,193.87217226170424,190.91613671502756,191.4959383657706,30160900
2020-07-28,192.0186767578125,194.56599205550995,191.75253977158675,193.52995775174696,23251400
2020-07-29,193.95770263671875,194.5184903248029,192.0091880475081,192.47493508696,19632600
2020-07-30,193.80564880371094,194.3379374288218,189.69002407556442,191.04922302902312,25079600
2020-07-31,194.86065673828125,194.94621217125055,189.15769604486636,194.28085515431556,51044000
2020-08-03,205.81983947753906,206.86538804440696,200.02183829806603,201.04837293552396,78983000
2020-08-04,202.73072814941406,204.1374688047289,199.89826191685304,203.56716697112796,49280100
2020-08-05,202.3981170654297,204.35613163403326,201.09594542586711,204.26107646912982,28806400
2020-08-06,205.6392822265625,205.65828165484047,201.07691035504746,201.82779386667735,32656800
2020-08-07,201.96084594726562,205.0214360430896,200.48757818630773,204.21352530560762,27820400
2020-08-10,197.94027709960938,201.39057324547656,196.13434519873215,201.19096322321653,36716500
2020-08-11,193.3113250732422,197.36992087648605,193.08320146819491,196.90418845832352,36446500
2020-08-12,198.83370971679688,199.86974400577404,194.6135168477628,195.1267768843366,28013100
2020-08-13,198.3679656982422,200.8867818597186,197.84519143805818,199.07133602134232,22588900
2020-08-14,198.5580596923828,199.2139024398772,197.2368744848861,198.42499120038235,17958900
2020-08-17,199.86976623535156,200.73471877613036,198.57709453262723,199.2234376356791,20184800
2020-08-18,201.01986694335938,201.84679161192986,198.85274301626632,200.1073868408774,21336200
2020-08-19,199.80027770996094,202.08698492364027,199.37152465065776,201.50578180907098,27627600
2020-08-20,204.44992065429688,204.85009118082817,199.04759673846627,199.64784525904383,26981500
2020-08-21,202.96359252929688,206.04110414119745,202.80161976429585,203.7639336758104,36249300
2020-08-24,203.60194396972656,205.34555352569097,202.4014178114079,204.65000551578154,25460100
2020-08-25,206.250732421875,206.38412262139815,203.03983041578405,203.03983041578405,23043700
2020-08-26,210.7097625732422,211.60538860405137,207.0986904162652,207.59414589811615,39600800
2020-08-27,215.8834228515625,220.2376708942696,209.04237476042434,212.36762114380463,57602200
2020-08-28,218.10340881347656,219.75173330507883,215.88340386059215,217.40786085994776,26292900
2020-08-31,214.8830108642578,217.90335740203147,213.72060436852902,216.28361517405492,28774200
2020-09-01,216.54083251953125,216.71232793524112,213.83489480690253,214.86391091647602,25725500
2020-09-02,220.7140655517578,221.86694924784757,216.61707521022916,217.207801074862,34080800
2020-09-03,207.04150390625,218.48451950532868,204.81197627565626,218.4464142591676,58400300
2020-09-04,204.135498046875,208.0514701428707,195.50321280100798,204.94537631657883,59664100
2020-09-08,193.09263610839844,200.11470143736412,192.6543458320582,196.75135022135257,52924300
2020-09-09,201.31524658203125,204.69765825527963,196.94193845606748,197.79945926054114,45679000
2020-09-10,195.67471313476562,204.60237606499447,194.47420152382745,203.32562487927262,35461500
2020-09-11,194.39796447753906,198.78080929672177,191.73968373953392,197.41831048120244,33620100
2020-09-14,195.7128448486328,199.32391711756875,194.3979883338327,194.59808088373535,30375800
2020-09-15,198.92373657226562,199.87652772915487,197.16106711664477,198.58073117424792,21823900
2020-09-16,195.36981201171875,200.70543328613255,194.97916418339267,200.67685071707825,26328100
2020-09-17,193.3308563232422,194.68381801574102,190.52012532988843,190.60587304442362,34011300
2020-09-18,190.9298553466797,194.03594986994415,186.9852997949631,193.22608595695476,55225300
2020-09-21,192.97828674316406,193.14027401034622,187.109105110719,187.88086351056623,39839700
2020-09-22,197.6279296875,198.27583520030763,192.5400286648774,195.3793420932357,33517100
2020-09-23,191.12034606933594,198.27581589133334,190.58678542747754,198.0852460577235,30803800
2020-09-24,193.59762573242188,195.8652732003476,189.79598401356498,190.4153069509795,31202500
2020-09-25,198.0090789794922,199.17147089640537,192.97832794574248,193.94065638575495,29437300
2020-09-28,199.55259704589844,202.5348382407548,198.2377404994357,200.9246187398699,32004900
2020-09-29,197.4755096435547,200.15286527380047,197.04675648786915,199.46685440932734,24221900
2020-09-30,200.4005584716797,201.97265800789293,196.78947197711074,197.9232957386492,33829100
2020-10-01,202.43002319335938,203.8877925550821,201.34384181524362,203.4113969587429,27158400
2020-10-02,196.45596313476562,201.0293624820539,195.8366403105082,198.1805123827155,33154800
2020-10-05,200.44818115234375,200.47676372011296,197.20868293360616,197.43735801419714,21331600
2020-10-06,196.189208984375,200.25761630828012,195.1506702270374,198.96183443460671,28554300
2020-10-07,199.92416381835938,200.1909441707046,196.96098283340308,197.28492832718817,25681100
2020-10-08,200.63876342773438,201.21996661458442,198.48546064844754,200.57206106834602,19925800
2020-10-09,205.62185668945312,205.6694991548574,201.25807145801653,201.25807145801653,26458000
2020-10-12,210.94798278808594,213.2918557250385,206.57467431845953,208.46119697504406,40461400
2020-10-13,212.33901977539062,214.57808461932888,210.02372990076108,212.20562960629036,28950800
2020-10-14,210.4334259033203,213.63480432186398,208.7851015044337,212.47239811082844,23421700
2020-10-15,209.29010009765625,209.9570509713848,205.81240380006528,206.85095716605545,22733100
2020-10-16,209.29010009765625,211.79593084741057,208.96615460733648,209.7569584400469,26057900
2020-10-19,204.10694885253906,211.8055041277788,203.6305532132676,210.01425187181692,27625800
2020-10-20,204.51663208007812,207.10822539351736,203.03028008469627,205.61235071965658,22753500
2020-10-21,204.65957641601562,206.6794893421019,203.05887945428486,203.05887945428486,22724900
2020-10-22,204.7452850341797,205.86004890997927,201.70587900793112,203.8305991538514,22351500
2020-10-23,206.02203369140625,206.0696761583048,203.09697231586392,204.87868717803974,18879600
2020-10-26,200.16236877441406,206.12683620625828,198.27584634708583,203.75439552083563,37111600
2020-10-27,203.18270874023438,204.5356704020045,200.400560381581,201.60107197312493,36700300
2020-10-28,193.1116943359375,198.98089103661246,192.55908828842558,197.86612718749194,51195600
2020-10-29,195.05538940429688,197.57075725259926,193.76911564184445,194.43608102293118,31432600
2020-10-30,192.91160583496094,194.64567799297023,190.19614551612918,193.8929794573457,36953700
2020-11-02,192.77822875976562,195.58895965178482,190.67255399086878,194.64569121058761,30842200
2020-11-03,196.68470764160156,198.29492731846628,193.53097065954913,194.26462405578613,27512000
2020-11-04,206.17446899414062,208.01336340786992,202.391887100831,203.91635870169142,42311800
2020-11-05,212.74874877929688,213.5395672501234,210.70977611493413,211.55775973379434,36080100
2020-11-06,213.158447265625,213.7682330487648,207.73706304101447,211.7673657242911,25231900
2020-11-09,208.08006286621094,217.35071687203836,207.59414460374276,213.84445234772951,44395000
2020-11-10,201.0484619140625,206.27929073276394,199.81936768721027,204.37370837033654,44045100
2020-11-11,206.32693481445312,207.74658438097188,202.18228732835718,202.36331998035507,29440800
2020-11-12,205.26931762695312,208.76605923155117,204.33558641645527,206.95576195060497,21593900
2020-11-13,206.28878784179688,207.15583119845917,204.04973756653277,206.14587499770434,18621100
2020-11-16,206.9748077392578,207.46074050757483,204.39275198534924,204.72622014915032,24953300
2020-11-17,204.33560180664062,207.4035760150649,203.97353650780587,205.89817875225006,24154100
2020-11-18,201.64173889160156,205.54885451827582,201.4984372682521,204.0968159453986,28372800
2020-11-19,202.92181396484375,203.50453890335802,200.543147004055,201.92832311674815,24792700
2020-11-20,200.9824981689453,203.7528200458453,200.6099374396174,202.71156244035174,22843100
2020-11-23,200.71505737304688,202.79757297783098,198.8522533741571,201.51749377618378,25683500
2020-11-24,204.29739379882812,204.66995462675723,199.5209654528128,200.21831990991032,33979700
2020-11-25,204.30691528320312,205.6634190108347,202.95997374000245,205.49147460908594,21012900
2020-11-27,205.6061248779297,206.59963010957043,204.46933263042834,205.2431262455821,14512200
2020-11-30,204.49801635742188,205.15715124474664,201.41243305795305,204.52667376224022,33064800
2020-12-01,206.5422821044922,207.6026495809282,203.81016502138235,204.9182851110949,30904500
2020-12-02,205.73983764648438,205.83537202902343,203.2847614414329,205.27175707094355,23724500
2020-12-03,204.660400390625,206.7047110734639,204.0967707859038,205.01385141230443,25120900
2020-12-04,204.77503967285156,205.74943515132207,203.64779498667923,204.64130026023815,24666000
2020-12-07,204.70816040039062,205.90226749133078,203.46630068701492,204.7845850033911,24620000
2020-12-08,206.3512420654297,207.24921288280584,203.3707555877573,204.40246580922124,23284100
2020-12-09,202.32948303222656,205.60610548215897,201.76586805434036,205.53924307323217,32440600
2020-12-10,201.1067657470703,203.55229500263158,200.9539165244717,202.30087296767672,26733300
2020-12-11,203.72421264648438,203.7815420297955,199.75978302617932,200.65775387019116,30979400
2020-12-14,204.62217712402344,206.5423105513928,203.36120768395418,203.57137168671602,28798400
2020-12-15,204.5552978515625,205.78760978755588,202.74980875954856,205.5487884019641,27000600
2020-12-16,209.47500610351562,210.26789482840616,205.11890649691244,205.14756389617955,35023300
2020-12-17,209.60874938964844,211.0130202858481,208.17582109364878,210.03862496314824,32515800
2020-12-18,208.8158721923828,209.86669216480047,206.36079582264512,208.8158721923828,63354900
2020-12-21,212.6370086669922,213.98396480092967,207.56444469078173,207.82237587263162,37181900
2020-12-22,213.92665100097656,215.54108593235114,211.93010767555515,212.73254404895405,22612200
2020-12-23,211.13722229003906,213.5636412417296,210.92705829699878,213.1337656474204,18699600
2020-12-24,212.78988647460938,213.6114327473133,211.30919074657865,211.519354763538,10550600
2020-12-28,214.9010772705078,215.9232253887029,213.04782068212276,214.41387223503366,17933500
2020-12-29,214.12721252441406,217.02172606547998,213.58270743650468,216.19063244769814,17403200
2020-12-30,211.7677459716797,215.5411364862988,211.56714411953038,215.15901342612628,20272300
2020-12-31,212.47462463378906,213.0286920393946,209.857136802446,211.78681782520988,20942100
2021-01-04,207.95614624023438,213.0287109719447,205.2049187614072,212.57972552709433,37130100
2021-01-05,208.15673828125,208.74902529905103,206.0551127566878,207.54535604544097,23823000
2021-01-06,202.7593536376953,206.80976953034184,202.46321745578845,202.68292904615478,35930700
2021-01-07,208.529296875,209.53234971678856,204.15410145154507,204.46933288683374,27694500
2021-01-08,209.79983520507812,210.71691586641606,207.32564880606074,208.90186433865418,22956200
2021-01-11,207.7650604248047,209.1215641625514,207.0390340746721,208.7012361864748,23031300
2021-01-12,205.31954956054688,207.392532367534,203.78155356907752,206.81935511398407,23249300
2021-01-13,206.66644287109375,207.0676609956089,204.36420152605578,204.4501882914151,20087100
2021-01-14,203.4949493408203,207.73641987769744,203.22747053007149,206.25572423330087,29480800
2021-01-15,203.14149475097656,204.9183267052181,202.5492222917303,203.9726032075833,31746500
2021-01-19,206.76199340820312,207.27784115819605,203.12235803022585,204.19227311258143,30480900
2021-01-20,214.30877685546875,215.69393811736836,207.5740101820579,207.9656807925922,37777300
2021-01-21,214.91061401367188,216.18114567833973,212.47463268897792,214.65268280655076,30709400
2021-01-22,215.8467559814453,219.7825421565969,215.70346898693128,216.9262332617842,30172700
2021-01-25,219.2666473388672,219.5054686786757,214.19408441357413,218.87497684322176,33152100
2021-01-26,221.94151306152344,223.70878273824454,219.79212038536122,221.49252764749383,49169600
2021-01-27,222.4860076904297,229.68886918924537,219.84942471419154,227.35797002149073,69870600
2021-01-28,228.2463836669922,231.79049969167863,224.57809042509956,225.07484302342925,49111200
2021-01-29,221.5880584716797,227.377086987308,221.00533366135892,225.437858347954,42503100
2021-02-01,228.93418884277344,231.65675864090633,222.0370256255715,224.54943142500284,33314200
2021-02-02,228.80044555664062,231.47524811392537,228.0171189555544,230.51041491917857,25916300
2021-02-03,232.13436889648438,234.13091202772802,228.56159599596987,228.85774673552945,27158100
2021-02-04,231.18865966796875,232.36367143508832,229.6219918883106,231.80960404543467,25296100
2021-02-05,231.37020874023438,232.4019191128169,229.66980124926613,231.39886614698634,18054800
2021-02-08,231.62811279296875,232.78400026698355,230.04233511511973,232.27770003844776,22211900
2021-02-09,232.86996459960938,233.81568797324968,230.58683269861282,231.0549132931618,23565000
2021-02-10,231.96243286132812,234.92380917506196,230.1187242605503,234.04494826138287,22186700
2021-02-11,233.55776977539062,234.1882471613524,231.32239050634175,233.83479617171466,15751100
2021-02-12,234.035400390625,234.33153656401527,231.87644582707026,233.02278551420997,16561100
2021-02-16,232.80308532714844,235.12443679051168,232.05796376520485,234.0736168562319,26728500
2021-02-17,233.81802368164062,233.92334770145064,230.69662531011264,231.0604745803787,21653500
2021-02-18,233.42544555664062,233.5594929778077,230.62001931004644,231.5200582564853,16925600
2021-02-19,230.72535705566406,233.4924904651733,229.96893508329921,233.38716644155568,25262600
2021-02-22,224.5399932861328,227.81459302124637,222.51969763144905,227.32628051507058,36446900
2021-02-23,223.35272216796875,224.84639771521285,219.0057283470669,220.53771150889756,30228700
2021-02-24,224.5782928466797,225.20065276027566,219.26424384032524,220.2312992194705,26339700
2021-02-25,219.2546844482422,224.6165963051779,218.1918745974985,222.21331214271885,39542200
2021-02-26,222.50054931640625,225.36342243638325,219.78127860873562,221.68668056272455,37819200
2021-03-01,226.86668395996094,227.3741502565887,223.23780465757733,225.8708905631292,25324000
2021-03-02,223.92715454101562,227.21133777476723,223.52501233873255,226.93365876671663,22812500
2021-03-03,217.88546752929688,223.64953616836328,217.59821886567516,222.28990807796603,34029500
2021-03-04,217.0907440185547,222.60587139092198,214.7257530035434,217.10032822667858,44727800
2021-03-05,221.7537078857422,223.3527073519188,216.83223166317447,219.76213575150246,41872800
2021-03-08,217.7227020263672,223.44846319176875,217.473760970506,221.5334915341693,35267400
2021-03-09,223.8410186767578,225.37300172907223,221.82072314892886,222.97928734112668,33080500
2021-03-10,222.5388641357422,226.92415117322705,222.1750148299451,226.92415117322705,29746800
2021-03-11,227.048583984375,229.00184834323582,224.34846735381257,224.97084181188526,29907600
2021-03-12,225.72726440429688,225.794295419288,223.3143962358568,224.06123394821893,22653700
2021-03-15,224.82725524902344,225.1911045555788,221.95479763324937,224.9708868958571,26034900
2021-03-16,227.60401916503906,229.85410265397115,225.90926473748848,226.23480649349227,28092200
2021-03-17,226.96243286132812,228.40824580326876,223.31441421643075,226.11027106399007,29562100
2021-03-18,220.9111785888672,224.23365629047336,220.53775962059248,222.67294938226186,34833000
2021-03-19,220.55686950683594,222.58673481626653,219.59938366501783,221.19838326764514,46430700
2021-03-22,225.95709228515625,226.82839330995083,220.35579418679632,220.48027202322757,30127000
2021-03-23,227.4794921875,230.80196928781112,226.991179658923,227.39332196658782,31638400
2021-03-24,225.44961547851562,227.881623009937,225.31556804938333,227.73800598232168,25620100
2021-03-25,222.46224975585938,226.86669032919292,221.72499620085964,225.29641418401795,34061900
2021-03-26,226.42625427246094,226.64648654164532,221.70585594983098,221.70585594983098,25479900
2021-03-29,225.23898315429688,226.7326587860595,222.0218300204716,226.53158032328759,25227500
2021-03-30,221.9930877685547,223.90805936160643,221.27497342116027,223.60165689388273,24792000
2021-03-31,225.74644470214844,228.93487436067073,222.51013782873864,223.00803456543431,43623500
2021-04-01,232.04669189453125,232.51585059097783,227.92949998956965,228.33164227655556,30338000
2021-04-05,238.48098754882812,239.333149299018,232.38179326413973,232.4392400726803,36910600
2021-04-06,237.32240295410156,238.79692448358693,236.38407107170178,237.08303153236176,22931900
2021-04-07,239.2756805419922,240.26188968522158,236.68090236866658,237.27453885214405,22719800
2021-04-08,242.4832763671875,243.33543813605917,241.28641912944224,242.02368727871396,23625200
2021-04-09,244.97274780273438,245.10679523034713,241.70771771793406,242.11942959914686,24326800
2021-04-12,245.0301971435547,246.71538151960232,243.79503226701306,243.88121709356932,27148700
2021-04-13,247.50048828125,248.17074001086624,245.91105839056755,246.3227994805502,23837500
2021-04-14,244.7238006591797,247.82604540903546,244.31208876364178,246.53346291002805,23070900
2021-04-15,248.46755981445312,248.87927168685948,246.77282050375777,246.9643001275959,25627500
2021-04-16,249.65487670898438,249.90383240589105,246.6483860270095,248.43888007438676,24878600
2021-04-19,247.7398681640625,250.3633991429451,246.85899758557616,249.12823427121432,23209300
2021-04-20,247.2802734375,249.13779808723464,245.9206308470202,246.85897737961304,19722900
2021-04-21,249.50164794921875,249.59740237748605,246.31323295097548,247.93138636220118,24030400
2021-04-22,246.2366485595703,250.6506442962717,244.77168176983514,249.14738450102254,25606200
2021-04-23,250.04747009277344,250.39218025695422,246.33241963300034,246.91650130391747,21462600
2021-04-26,250.4303436279297,251.2825198261504,249.10903806259762,250.5356822369883,19763300
2021-04-27,250.83255004882812,252.00068386501204,249.06119551820086,250.4591165703072,31014200
2021-04-28,243.73756408691406,245.63339634375507,242.19601148356284,245.1929318712651,46903100
2021-04-29,241.77471923828125,245.2121041526669,238.41394954646933,244.59931386273354,40589000
2021-04-30,241.45870971679688,242.3204555161356,238.98840974487626,239.12245714343067,30945100
2021-05-03,241.15237426757812,243.53651917014565,240.4438295156719,242.62689597172758,19626600
2021-05-04,237.25538635253906,240.53000045768178,235.31169145877024,240.30019861922892,32756100
2021-05-05,235.9915313720703,238.89271223968217,235.36917143271003,238.47141614100633,21901300
2021-05-06,239.1129150390625,239.23739286323433,234.28719323134123,235.972362911324,26491100
2021-05-07,241.72683715820312,243.48860727351916,240.49167247002168,241.43000432990735,27032900
2021-05-10,236.67132568359375,241.027888860357,236.61387887498904,240.20445051351808,29299900
2021-05-11,235.76173400878906,236.11601370401354,232.25734694226097,234.1531648123597,33641600
2021-05-12,228.83912658691406,233.9904053250569,227.9486717264203,231.87435509010888,36684400
2021-05-13,232.69773864746094,235.15848380508328,231.1561861513427,231.52003537715683,29624300
2021-05-14,237.60009765625,238.58630687070132,235.05319650799913,235.13936672439027,23901100
2021-05-17,234.75637817382812,236.1064367545311,233.16696273612823,236.06814374823256,24970200
2021-05-18,232.74562072753906,235.93404979350285,232.57326570799052,235.8000023827749,20168000
2021-05-19,233.32147216796875,233.42703939757578,228.98365334584912,229.6650298465588,25739800
2021-05-20,236.54605102539062,237.95680642050272,234.03165022443645,234.12762575703587,21800700
2021-05-21,235.28883361816406,238.32147864585824,234.8761710741965,237.59211443977617,21863100
2021-05-24,240.67274475097656,241.03743419435494,237.53453234396076,237.8032462568259,21411500
2021-05-25,241.5748748779297,242.56336139082663,240.71115363257866,241.62286264574047,17704300
2021-05-26,241.35414123535156,242.74569859585426,240.64396036767923,241.29654712947791,17771600
2021-05-27,239.26199340820312,241.3445335898177,239.20441394645133,241.04702994155994,24426200
2021-05-28,239.61703491210938,241.92031548892075,239.50187600860147,240.8838414259268,18270200
2021-06-01,237.42897033691406,241.16219011250507,237.00671606727997,241.10461065045544,23213300
2021-06-02,237.33297729492188,239.22358080973967,235.93181378502837,238.12952724758492,19406700
2021-06-03,235.80709838867188,236.41169739236216,233.20631371426092,235.33684170241455,25307700
2021-06-04,240.6823272705078,241.50766701250188,237.53452328797448,237.77444746130055,25281100
2021-06-07,243.5806121826172,243.84932608170533,239.74182545986196,239.90497213832194,23079200
2021-06-08,242.39059448242188,245.69195336357788,242.33300038153834,244.87620533819828,22455000
2021-06-09,243.36947631835938,245.23129021101894,243.00480153962016,243.5806107583811,17937600
2021-06-10,246.87232971191406,247.08346412318875,243.44622066315114,244.04122783466687,24563600
2021-06-11,247.49620056152344,248.0719951619915,246.26776064687272,247.5921468031884,18999700
2021-06-14,249.41554260253906,249.47312205072114,246.45005458309473,247.50572661245528,19150500
2021-06-15,247.94723510742188,249.51154547597605,247.29464835477967,249.30041102216592,18038900
2021-06-16,247.0067596435547,250.0777717386489,244.16605075768612,248.9453365777258,27220000
2021-06-17,250.38487243652344,251.2006205192293,245.6919706294516,245.74955009057246,27565500
2021-06-18,248.9740753173828,251.7283998004435,248.32148867568787,249.16602634734727,37202200
2021-06-21,252.04515075683594,252.89926559620372,247.52498746898814,249.34840535412337,26696100
2021-06-22,254.80909729003906,255.07781121256852,251.8244251231669,252.13153511680653,24694100
2021-06-23,254.57867431640625,256.0757984799058,253.77253278895358,255.26965695245312,19518700
2021-06-24,255.9414825439453,257.0547340881306,254.77065154813104,255.43284452947933,21446900
2021-06-25,254.33877563476562,256.4789095394784,254.08927444096972,255.50002957701327,25611100
2021-06-28,257.8898010253906,258.0625394711051,255.1930545682023,255.46176857963502,19590000
2021-06-29,260.4617004394531,260.7016246346419,257.17955385033815,258.03366875564717,19937800
2021-06-30,259.9819030761719,260.4233554814299,258.73430873137113,259.78037491319304,21656500
2021-07-01,260.6536865234375,260.88400440971776,258.7342927041009,258.7438697576123,16725300
2021-07-02,266.459716796875,266.7956164160723,261.51728587546654,261.82439577231037,26458000
2021-07-06,266.469482421875,268.1105561522312,263.24488515265955,266.82456563902986,31565600
2021-07-07,268.6479187011719,269.37729764258523,265.9799627636496,268.13928056771834,23260000
2021-07-08,266.2390441894531,267.4962443949508,263.7918002820035,265.7399832123837,24618600
2021-07-09,266.7381591796875,266.8437117808058,264.2237579834592,264.6076308865828,23916700
2021-07-12,266.14312744140625,268.4943670627255,265.432931883586,267.9089660643457,18931700
2021-07-13,269.6556091308594,271.45023740575635,266.2103012391227,266.3350372176916,26120100
2021-07-14,271.1239318847656,272.2275772639754,269.24290521159406,270.97037689383615,23113700
2021-07-15,269.7035827636719,271.12394453030225,268.5519349217963,270.634489804362,22604200
2021-07-16,269.4348449707031,272.6498347308158,268.19682804350134,270.7016516270204,26186800
2021-07-19,265.8456115722656,269.0701786607104,263.3887901846065,267.68821296919947,32935600
2021-07-20,268.0624694824219,269.64596306299137,265.1258001402408,266.8244526302893,26259700
2021-07-21,270.0586242675781,270.17378317649553,266.1142851990735,267.6593827064098,24364300
2021-07-22,274.6076354980469,274.8763494100788,271.9972592293282,272.4003154535662,23384100
2021-07-23,277.9953308105469,278.30241146815854,274.9530796603886,275.78801102778897,22768100
2021-07-26,277.40032958984375,278.01454955841905,275.08748623115633,277.3523564681326,23176100
2021-07-27,274.991455078125,277.90891147588917,271.54614801020494,277.7649628522518,33604100
2021-07-28,274.68438720703125,278.4559881617901,272.3906980646863,277.3427364892114,33566900
2021-07-29,274.95306396484375,276.9876159825094,274.5499785237899,274.70353348763825,18168300
2021-07-30,273.42718505859375,275.1066542513288,272.46748837703086,273.676715567838,20944800
2021-08-02,273.3408508300781,275.212242025892,272.30436188036447,274.8187628216139,16267400
2021-08-03,275.5481262207031,275.6537080927837,272.5538770462147,273.91665931799884,17879000
2021-08-04,274.9626770019531,275.99913642366494,273.17762613038536,274.6843567927207,16191300
2021-08-05,277.8513488769531,277.9569307324331,274.5692029085165,275.31776508444204,13900200
2021-08-06,277.7938232421875,277.83221931412936,276.0279846719422,276.8821288688246,16589300
2021-08-09,276.70928955078125,279.7995135705784,276.2102578952192,278.07207151949774,16117600
2021-08-10,274.8955078125,277.592253026987,273.70549335133626,277.1603778240849,18616600
2021-08-11,275.385009765625,277.0260831007816,274.3389144756151,275.6345110192113,13955900
2021-08-12,278.129638671875,278.2831936254775,274.7994906651279,275.0778108490083,14561300
2021-08-13,281.0471496582031,281.0951227722163,277.64020922241923,277.8129768656206,18249000
2021-08-16,282.72674560546875,282.9378801196234,278.3313168892387,281.3735693039723,22507600
2021-08-17,281.26788330078125,281.6037829881996,279.34848998709674,280.60571955216835,20075300
2021-08-18,279.54669189453125,283.4793610477403,279.1043652829146,280.80629864325465,21813000
2021-08-19,285.35443115234375,286.0275166816487,277.53718447593633,277.5852494378773,29850500
2021-08-20,292.6524353027344,294.0755159975354,286.5947836444188,288.1909333937579,40817600
2021-08-23,292.9313049316406,293.6524553767425,290.23902167406834,291.5851633028545,22830200
2021-08-24,290.9794006347656,293.892847343343,290.38325427792677,293.28707625697854,18175800
2021-08-25,290.3928527832031,292.8735972507259,288.86401745475416,292.59474421285233,20006100
2021-08-26,287.5851745605469,290.79669430920046,287.4505750714238,289.4120831267804,17666100
2021-08-27,288.19091796875,289.29667599402853,285.41207114143054,287.48898771577944,22605700
2021-08-30,291.91217041015625,292.5179416639169,289.4794900066241,289.53717971234454,16348100
2021-08-31,290.2679138183594,292.7871284221074,289.9025261716433,292.7102186066526,26285300
2021-09-01,290.2198486328125,293.45061873627395,289.8929305328619,291.2198523962285,18983800
2021-09-02,289.56597900390625,291.69096108011354,288.6332897832502,290.5756073825475,16285600
2021-09-03,289.5563049316406,290.96013607463146,288.71015048588737,289.4120513855412,14747900
2021-09-07,288.63323974609375,289.5082391184174,286.7294213995241,289.4313293174563,17180400
2021-09-08,288.66217041015625,289.0467782166798,286.0275761245904,288.2487177517358,15046800
2021-09-09,285.81597900390625,290.5178943078141,285.5755955060056,289.24866239641324,19927000
2021-09-10,284.335205078125,288.38328426235665,284.01791177587137,286.9409832920089,19633400
2021-09-13,285.56597900390625,287.0563743400453,282.7679114864811,286.1044357072228,23652900
2021-09-14,288.2582092285156,289.7966690871103,286.6332148542332,288.03704590374826,21853400
2021-09-15,293.09478759765625,293.57555457579934,290.2101857287975,291.5947969733447,28356300
2021-09-16,293.4794006347656,293.5659351711585,289.19096732817496,292.0755692493566,19550800
2021-09-17,288.3352355957031,292.78714332382805,288.0083175119213,292.4698499713523,41372500
2021-09-20,282.97943115234375,287.2294241436648,278.3833000222743,284.9313439067863,38278700
2021-09-21,283.4601745605469,286.09479733126966,282.7582736118841,284.31595379410885,22364100
2021-09-22,287.09478759765625,288.6717173261203,283.18136680799097,285.3159733040297,26626300
2021-09-23,288.0370788574219,289.32553070009544,286.0851663082223,287.35439803754895,18604600
2021-09-24,287.835205078125,288.26787776636394,285.5082799167376,286.7582917069234,14999000
2021-09-27,282.8544616699219,285.0659780697312,281.67176431973326,284.7486847699523,23571700
2021-09-28,272.6141357421875,279.59488265396965,271.87376505360436,278.6525686782069,43186200
2021-09-29,273.0756530761719,275.73909166392633,272.1237438163445,274.1333463335849,26353700
2021-09-30,271.0756530761719,276.7582926672313,270.78717529668586,274.71984547108286,32343600
2021-10-01,277.9794616699219,278.8256162130786,270.46988411493584,271.2679443559621,30086300
2021-10-04,272.219970703125,276.6815040894915,269.46999659801907,276.34496120448296,31350700
2021-10-05,277.65252685546875,279.2294271274474,273.1236812465694,273.1236812465694,24993000
2021-10-06,281.835205078125,282.3352215175468,274.5275704532508,274.7871740588591,28002600
2021-10-07,283.50830078125,285.22945482720434,282.6140812194665,283.825594084445,20430500
2021-10-08,283.50830078125,285.22945482720434,282.46023226093035,284.82559764308587,17685700
2021-10-11,282.91217041015625,286.50829832033395,281.489089470964,281.6525631685585,19298600
2021-10-12,281.61407470703125,284.0755993304145,281.10446287508915,283.9794400643769,17974100
2021-10-13,284.912109375,285.8447984376841,282.20057671725624,283.5659677751689,23416300
2021-10-14,291.1044006347656,291.60438772035315,286.37364073387175,287.7005622674281,27262900
2021-10-15,292.50823974609375,292.7390278517721,288.9601770620516,290.71017592364666,25384800
2021-10-18,295.46978759765625,296.3543824347761,291.04672538099135,291.89287998601975,22729300
2021-10-19,296.3736877441406,297.40250700469875,295.4025288425853,296.4890671495345,17682100
2021-10-20,295.5851745605469,297.787095667317,294.3351627369978,297.3159240470741,16537100
2021-10-21,298.80633544921875,299.0563143524255,294.5755620879851,295.3544316768825,16918100
2021-10-22,297.26776123046875,299.1235142228504,295.9600601440785,298.46005362454946,17449300
2021-10-25,296.2774353027344,297.4985727507945,294.6716608327069,297.46010317986077,17554500
2021-10-26,298.1812438964844,300.3831645978906,296.729347757345,299.03702309577824,28107300
2021-10-27,310.73895263671875,313.55624018654,303.8447410132644,303.8447410132644,52588700
2021-10-28,311.8735046386719,312.37349166816404,308.9984985239614,311.854255182052,26297900
2021-10-29,318.86383056640625,319.22921810139104,311.44078853801216,311.66195187331414,34766000
2021-11-01,316.70037841796875,318.7388253494163,313.8157770598035,318.6138212622399,27073200
2021-11-02,320.3157653808594,320.62346324500305,317.3061598365116,317.6042329724997,26487100
2021-11-03,321.1523132324219,322.0176878484429,317.9311688926411,321.05615397648955,21500100
2021-11-04,323.49853515625,323.59469443504923,316.8351108815185,320.0851008365663,23992200
2021-11-05,323.13311767578125,325.75811609186775,321.556217155061,325.4888877422965,22570100
2021-11-08,324.02734375,324.661959731768,321.5754437081741,324.3254169521455,20897000
2021-11-09,323.02734375,325.69078224022303,321.6619526233949,324.1426973147689,21307400
2021-11-10,318.0754699707031,321.7581620227062,317.2293446076053,321.7004723239425,25500900
2021-11-11,319.6427307128906,320.9311827118845,317.7966019223306,318.50812767039145,16849800
2021-11-12,323.7676696777344,324.2580613168727,320.9503826221052,321.07538671393917,23831000
2021-11-15,323.1427917480469,324.88316622775125,321.1812538481177,324.5562481350454,16723000
2021-11-16,326.4504089355469,327.5657918667416,322.60427303916015,322.7677173822912,20886800
2021-11-17,326.67193603515625,329.6292527687157,325.59305251737624,326.49855034066394,19053400
2021-11-18,328.7430419921875,329.87975024868393,324.74538130798175,325.76646969293915,22463500
2021-11-19,330.51544189453125,332.43241492443923,329.638871148073,330.06272241316236,21963400
2021-11-22,327.35589599609375,336.83472639710845,327.08617509182903,331.9700783843757,31031100
2021-11-23,325.2847900390625,326.98983755172486,321.3160273770026,324.6779107140383,30427600
2021-11-24,325.5063781738281,325.7472014512142,321.65320573565054,323.9362057016911,21661300
2021-11-26,317.57843017578125,325.52559745058403,316.07569544288083,322.07702143466366,24217200
2021-11-29,324.2733154296875,326.58521266563037,322.4526776155602,322.6453479674589,28563500
2021-11-30,318.45501708984375,325.3810958451543,316.91374246967,323.011403387591,42885600
2021-12-01,317.9637451171875,326.8260526046821,317.2990999831267,322.82839247617034,33337600
2021-12-02,317.3954772949219,321.2486502191634,315.76750938263973,318.1757424602907,30766000
2021-12-03,311.1533508300781,320.48766443659116,306.35614003561716,319.8037050877299,41779300
2021-12-06,314.216552734375,315.43031134746263,307.51204154241043,312.058785775437,30032600
2021-12-07,322.62615966796875,323.47383295914125,317.98307955857507,319.46655926353213,31021900
2021-12-08,322.6742858886719,323.184830047875,318.65734078900067,323.00180200991804,24761000
2021-12-09,320.8729248046875,324.1384729979598,319.92888702095325,322.1348363640117,22214200
2021-12-10,329.9664611816406,330.4095678226741,322.5009388766094,322.6839669365227,38095700
2021-12-13,326.9416809082031,331.1705518397965,326.6334200526802,328.17469493292174,28899400
2021-12-14,316.2876892089844,322.35645407358095,312.2129483454999,320.9885647798209,44438700
2021-12-15,322.36602783203125,322.8862143337398,312.5886088133381,316.54772931653724,35381100
2021-12-16,312.97393798828125,324.3986100132093,311.16294216598374,323.38713456911813,35034800
2021-12-17,311.914306640625,312.993219650069,305.6047483392989,309.101507137352,47750300
2021-12-20,308.1671142578125,310.9510161666708,305.9130118209808,308.3019600117902,28326500
2021-12-21,315.2762145996094,315.7000659257097,308.06112911488344,311.42304210587787,24740600
2021-12-22,320.96923828125,321.3641625402389,313.7926936963985,316.24907907920306,24831500
2021-12-23,322.4045715332031,324.04218156998655,320.5165252794348,320.5357805584728,19617800
2021-12-27,329.8797302246094,329.90862784139654,323.11739392269027,323.1462915394775,19947000
2021-12-28,328.7237854003906,331.18981349731865,327.827929831812,330.5540364945737,15661500
2021-12-29,329.3981018066406,331.6618171734092,327.2114075590468,328.771937746174,15042000
2021-12-30,326.86468505859375,330.5348301286834,326.3830384153024,329.3596111431574,15994500
2021-12-31,323.9747314453125,326.90312120375734,323.5219825277928,326.08434561446063,18000800
2022-01-03,322.4623718261719,325.59307446526094,317.67480384527,323.0403535774783,28865100
2022-01-04,316.9330749511719,322.89586164300437,314.1491437576021,322.5394184991603,32674300
2022-01-05,304.7666320800781,314.10094323545275,304.38132077467725,313.8986305472885,40054300
2022-01-06,302.3584289550781,307.0015085378214,300.05614444176234,301.6552144415301,39646100
2022-01-07,302.5125732421875,304.88226603603744,298.7075537396608,302.61852137240913,32720000
2022-01-10,302.73406982421875,303.16756341784094,293.5057361453158,298.1295306229004,44289500
2022-01-11,303.4180603027344,304.98820330544083,298.5149021278563,301.87678551872176,29386800
2022-01-12,306.58721923828125,311.53855883141136,305.44089834095706,307.93585280974463,34372200
2022-01-13,293.6117248535156,309.1014943499301,292.84110213316677,308.7065406516053,45366000
2022-01-14,298.8135070800781,299.41074404993253,292.6002553313774,293.0819018422109,39846400
2022-01-18,291.5406188964844,298.4281579274619,290.66401874383354,292.90850788347245,42333200
2022-01-19,292.19561767578125,302.3872728547548,291.58876785242654,295.0469857795678,45933900
2022-01-20,290.5291748046875,300.2102576999121,290.08606825576,297.7249746936836,35380700
2022-01-21,285.1636657714844,292.94706137271686,284.7590697196657,291.5792015826187,57984400
2022-01-24,285.4911193847656,286.2039467418737,265.917000099836,281.47420435136246,85731500
2022-01-25,277.9003601074219,284.1617639753021,274.7022500122877,280.81913642686214,72848600
2022-01-26,285.81866455078125,297.1758975203426,282.2737532824066,296.68460867157836,90428900
2022-01-27,288.8338623046875,296.02002216009936,286.9939685564183,291.5503564920198,53481300
2022-01-28,296.9447937011719,297.15671939709773,283.6417159546675,289.2095498959442,49743700
2022-01-31,299.56488037109375,300.9134847485598,295.1240841669652,297.60939667442534,46444500
2022-02-01,297.4264221191406,299.2277757254821,293.92966304924204,299.01585004253747,40950400
2022-02-02,301.953857421875,303.5529275513087,297.54198780490606,298.26445765509385,36636000
2022-02-03,290.1920471191406,299.8057228648471,288.9493907856898,298.12957287633566,43730000
2022-02-04,294.70989990234375,297.46490411870997,288.95903879189694,289.19021973386526,35096500
2022-02-07,289.9030456542969,296.54011926462067,288.8915703465275,294.93143638637616,28533300
2022-02-08,293.38055419921875,294.34384733210226,288.9397869673649,290.1920562811641,32421200
2022-02-09,299.7864074707031,300.47997960930934,296.10665053831843,298.49559837334124,31284700
2022-02-10,291.2805480957031,297.7731336434456,289.6622228774468,292.8796180366124,45386200
2022-02-11,284.2101135253906,293.12057811992236,283.42020582488163,292.0609494237986,39175600
2022-02-14,284.1713562011719,285.86676081820565,280.65534360561264,282.9864955566729,36359500
2022-02-15,289.4407043457031,289.75857816176847,286.11733109996294,288.99759771206277,27058300
2022-02-16,289.10284423828125,290.42527991431285,283.48487872602993,288.0120675250117,29982100
2022-02-17,280.6372375488281,286.4964934172606,279.93256909754444,286.071765783357,32461600
2022-02-18,277.93450927734375,283.65864238707985,276.3707522552186,282.87676387601726,34264000
2022-02-22,277.73175048828125,281.4191455825817,274.6235321794877,275.106174591051,41736100
2022-02-23,270.5404357910156,281.573666522266,270.37635382579157,280.10641436358,37811200
2022-02-24,284.3632507324219,284.913470148122,262.0941229321313,263.04977493259855,56989700
2022-02-25,286.9888916015625,287.29778988293907,281.5253747646306,284.8942395707059,32546700
2022-02-28,288.41754150390625,288.7553971784616,282.82853256098537,284.0930536775572,34627500
2022-03-01,284.71075439453125,289.55647332988616,282.0079393664894,286.1103996346633,31217800
2022-03-02,289.76885986328125,291.00442328606925,283.504170648304,285.10651756719705,31873000
2022-03-03,285.6471252441406,292.60682123875046,283.84201770674827,292.37516228556973,27314500
2022-03-04,279.7974853515625,285.3961558141852,277.20089590151974,284.07372012763096,32356500
2022-03-07,269.2276306152344,279.6334012626767,268.8608176186458,278.5136671787281,43157200
2022-03-08,266.27386474609375,274.10231170934804,260.6269417825075,268.1561527618495,48159500
2022-03-09,278.484619140625,279.5464381381637,271.03262052810277,273.6002812100965,35204500
2022-03-10,275.6757507324219,276.6506980483507,270.83966326078166,273.1949611124185,30628000
2022-03-11,270.34735107421875,279.4596429563479,269.7295545935928,277.9634336750457,27209300
2022-03-14,266.84326171875,275.49220298531634,266.24479001473145,270.60786554898505,30660700
2022-03-15,277.1815490722656,277.82830290735563,269.053866830209,270.61762363193617,34245100
2022-03-16,284.17022705078125,284.343971257443,273.36868699762886,279.07349465678493,37826300
2022-03-17,284.971435546875,285.3478813742308,279.3245124712581,283.1084425886128,30816600
2022-03-18,290.0005798339844,290.55079938117666,282.56790264099095,285.1162398488807,43390600
2022-03-21,288.774658203125,289.72064808863075,284.66253476098274,288.5140418634162,28351200
2022-03-22,293.5045471191406,294.4119173522232,288.39818135350095,289.39242369934766,27599700
2022-03-23,289.09320068359375,292.70338668332965,287.3846568062616,290.07781025541306,25715400
2022-03-24,293.5431823730469,293.6397167673037,287.9638360996713,288.75537689115174,24484500
2022-03-25,293.13775634765625,294.8945822052207,288.9001703045881,294.63396584716253,22566500
2022-03-28,299.91412353515625,300.01062848865905,293.7652320640024,293.7652320640024,29578200
2022-03-29,304.4605407714844,304.8563111504665,298.3213129462688,303.01261329342486,30393400
2022-03-30,302.96429443359375,304.9817657302456,300.76344611358445,302.86778951334975,28163600
2022-03-31,297.60699462890625,304.19990720218783,297.20159145457893,303.0029338565664,33422100
2022-04-01,298.678466796875,299.36381082776825,294.9331566706007,298.6301848769681,27110500
2022-04-04,304.0357666015625,304.17089116064096,298.9583589270999,299.3251718788428,24289600
2022-04-05,300.08770751953125,303.93918398521856,299.1127605612893,302.39472259793104,23156700
2022-04-06,289.10284423828125,296.3424814061848,286.4096909635366,294.59531799298344,40110400
2022-04-07,290.9079284667969,293.10877703347046,286.06220849283096,286.3614444787001,31411200
2022-04-08,286.6606750488281,290.6666017314044,285.99462607140345,290.01021503016705,24361900
2022-04-11,275.357177734375,282.4519981244576,275.1061942358303,281.66048690117145,34569300
2022-04-12,272.26824951171875,280.6469151575573,270.75274518786716,279.1989878449197,30966700
2022-04-13,277.6352233886719,278.5618885948695,271.5346160767129,272.914995798149,21907200
2022-04-14,270.11566162109375,278.3012882088098,269.6233863517897,278.088924351685,28221600
2022-04-18,270.78173828125,272.65439354264834,268.67742404587597,269.22764356722877,20778000
2022-04-19,275.3957824707031,276.2356051160154,268.7449845312876,269.6813121043786,22297700
2022-04-20,276.4190368652344,279.643115136363,275.46341400907323,279.3535119212298,22906700
2022-04-21,271.0616760253906,283.11807613900845,270.33771228198214,278.56192980216474,29454600
2022-04-22,264.5170593261719,273.3687361378023,263.8896299394481,271.90148401826906,29405800
2022-04-25,270.9747314453125,271.35117717297004,261.37013656802014,263.80267294857015,35678900
2022-04-26,260.8393249511719,268.6967298664818,260.62696106383044,267.86659887115906,46518400
2022-04-27,273.3880310058594,280.8689900877158,269.4689760886624,272.30691647120665,63477700
2022-04-28,279.57550048828125,280.8786411356231,271.689109042136,275.28963271284965,33646600
2022-04-29,267.8858642578125,279.81680135936267,266.9012842301464,278.59087064005706,37073900
2022-05-02,274.5946350097656,275.04832015441815,266.63103347319105,268.0692987483365,35151100
2022-05-03,271.9980163574219,274.26644208441866,270.4245970349058,274.10233066665234,25978600
2022-05-04,279.913330078125,280.7820806094394,267.1233049625317,272.77986042090856,33599300
2022-05-05,267.7218322753906,276.40939830190524,264.8163146554661,275.627519716172,43260400
2022-05-06,265.19268798828125,269.555764420702,261.8527815684002,265.2698978061163,37780300
2022-05-09,255.39512634277344,262.90504346434847,254.17888711238737,260.68489945201344,47726000
2022-05-10,260.14434814453125,264.24681003549324,255.86814199638223,262.2583249814684,39336400
2022-05-11,251.50494384765625,261.9396702201162,250.29833784290227,256.4568596044713,48975900
2022-05-12,246.48553466796875,250.85827461107095,241.3405637664361,248.74429806988636,51033800
2022-05-13,252.0552215576172,253.9085817712002,246.4855375563082,248.4161076104666,34925100
2022-05-16,252.4220428466797,256.5920813701669,246.9006111326629,250.9354956080161,32550900
2022-05-17,257.5573425292969,259.0149028011125,253.34868474571135,256.87196899135023,28828800
2022-05-18,245.83082580566406,255.0417455754485,244.56335973469547,254.46121977706724,31356000
2022-05-19,244.9213409423828,249.30427969315693,243.70225448849024,245.65666082139012,32692300
2022-05-20,244.3601837158203,250.14604290717048,238.43888522978867,248.88823202551862,39199300
2022-05-23,252.18751525878906,253.0099243599592,245.2019245791374,247.19505531377055,33175400
2022-05-24,251.19093322753906,252.84540652501488,245.2696355087697,249.5171198981205,29043900
2022-05-25,253.99679565429688,255.98991161054977,248.78180725280606,249.75902519728396,28547900
2022-05-26,257.26702880859375,258.43773551666885,252.94215494918038,253.75487915760345,25002100
2022-05-27,264.3687438964844,264.46550311516876,258.87316278571984,259.763306260141,26910800
2022-05-31,263.043212890625,265.8490529082615,260.1986632824182,263.6817882645863,37827700
2022-06-01,263.5753479003906,268.67423608497063,261.2726146793663,266.26508840879205,25292200
2022-06-02,265.66522216796875,265.7329565705162,253.10666158963318,255.86413679429918,44008200
2022-06-03,261.2533264160156,264.5719880166716,259.69561200341536,261.53391933554974,28059000
2022-06-06,260.0245056152344,265.27820295854366,258.5441812387559,263.2270376292287,22400300
2022-06-07,263.65277099609375,264.26232157625736,257.3057561922374,257.9830411761452,22860700
2022-06-08,261.6305847167969,264.13649147734486,260.85654065208814,262.8883657226509,17372300
2022-06-09,256.1931457519531,263.8559928027338,256.03833688377534,259.08606081367157,26439700
2022-06-10,244.7762451171875,252.11980426463842,244.33117332105226,252.11980426463842,31422800
2022-06-13,234.39456176757812,240.9350949240482,233.6882667435192,237.1520369876546,46135800
2022-06-14,236.55215454101562,237.76157082197903,233.66889549756354,235.9426040111277,28651500
2022-06-15,243.58616638183594,247.01124236384646,238.41954235569622,240.24817961274056,33111700
2022-06-16,237.01661682128906,239.38707028498348,235.12992997318065,237.99382006995404,33169200
2022-06-17,239.6095733642578,242.3670486857971,236.10710816342058,236.75535358790026,43084800
2022-06-21,245.5018768310547,246.47908003768092,241.4092008096241,242.1348507017861,29928300
2022-06-22,244.91163635253906,248.82047799331224,242.24123578757585,243.71189010136848,25939900
2022-06-23,250.4556427001953,250.9490941058249,245.39546270431345,247.27247956979176,25861400
2022-06-24,259.0086364746094,259.2795445759663,253.22277759883846,253.30985203926372,33923200
2022-06-27,256.28985595703125,259.58911783064,254.73211231864522,259.50204339521724,24615100
2022-06-28,248.15293884277344,258.24430356414223,247.99812997940293,255.40943822517565,27295500
2022-06-29,251.81019592285156,253.46466940003842,247.45628183135534,249.22686932972684,20069800
2022-06-30,248.49154663085938,251.1038981642681,244.6891481209095,248.70440512266876,31730900
2022-07-01,251.1522216796875,251.33605532539292,246.34359589719068,248.06581834657763,22837700
2022-07-05,254.3160858154297,254.44186984497523,246.4693916427345,247.84328689784448,22941000
2022-07-06,257.5670166015625,259.28922459470346,253.8807173042958,255.18689308896802,23824400
2022-07-07,259.6858825683594,260.324457968474,256.4156159102422,256.5123751272476,20859900
2022-07-08,258.9699401855469,259.3956571562315,254.74182482043682,256.19312462228805,19658800
2022-07-11,255.9222412109375,257.8766478364502,253.66787209945863,257.0252138128929,19455200
2022-07-12,245.43411254882812,257.3057474734128,243.8570289175313,257.2476978512468,35868500
2022-07-13,244.5149688720703,245.31802312540924,240.05464064203076,242.06711128352157,29497400
2022-07-14,245.83082580566406,246.85640858787121,237.95510651412596,242.43478974627138,25102800
2022-07-15,248.38514709472656,251.9166376936757,246.4984601341457,247.41761380587624,29774100
2022-07-18,245.99530029296875,252.37134012804827,245.07614676470823,251.3167325510271,20975000
2022-07-19,251.10386657714844,251.28770022998475,245.44379198460823,249.21716520404595,25012600
2022-07-20,253.7549285888672,256.2705208821731,250.50403112190256,251.46187956720985,22788300
2022-07-21,256.24151611328125,256.2899104944366,248.6850833881356,251.35548474975212,22404700
2022-07-22,251.90692138671875,256.71556241158675,250.65882485957425,256.62848796970013,21881300
2022-07-25,250.42660522460938,253.00993186101113,248.4721987897753,252.52616526089446,21056000
2022-07-26,243.72157287597656,251.44249735505653,241.46723382900603,251.4231277966496,39348000
2022-07-27,260.014892578125,261.2823588535323,250.4460034852064,252.68100307171994,45994000
2022-07-28,267.435791015625,268.8193560723427,259.1730512079758,260.99201791065275,33459300
2022-07-29,271.625244140625,272.8443453449876,267.64869711004144,268.6839646557535,32152800
2022-08-01,268.9839782714844,272.1478019573402,266.88441773700356,268.8001445576773,21539600
2022-08-02,265.8974914550781,268.8678255810628,263.53670799309106,267.0391735890701,22754200
2022-08-03,273.2991027832031,274.29566079302055,267.6293429063653,267.7744965070368,23518900
2022-08-04,274.4407043457031,274.58582837702517,271.0737087119871,272.6507625547015,18098700
2022-08-05,273.7247619628906,274.44072692749853,269.6320867822846,270.0868284690186,16774600
2022-08-08,271.21893310546875,276.6371253182812,270.2513998362798,274.8278133024093,18739200
2022-08-09,273.1345520019531,273.8892265551152,268.59681990449013,270.56094022517334,23405200
2022-08-10,279.77197265625,280.4008634860013,277.6240472414296,278.81412400057917,24687800
2022-08-11,277.70135498046875,281.7553212542064,277.20793315057733,281.40702349193015,20065900
2022-08-12,282.4325866699219,282.4325866699219,277.62394605155976,279.11395527145453,22619700
2022-08-15,283.9419860839844,284.62892642888846,280.6910589868737,281.55217775836655,18085700
2022-08-16,283.20660400390625,284.49343955539996,280.99097447536275,282.5099789943521,18102900
2022-08-17,282.46002197265625,284.42828191151625,280.6662805490986,280.9280583220521,18253400
2022-08-18,281.3450012207031,283.0320727028022,280.2881256209133,281.36438230357066,17186200
2022-08-19,277.4472961425781,280.45302156557796,276.87524340040335,280.1136602196925,20570000
2022-08-22,269.3027038574219,273.86944889431794,268.7888240939447,273.50100121683664,25061100
2022-08-23,268.03253173828125,270.37891482482473,267.0241533528703,268.03253173828125,17527400
2022-08-24,267.4023742675781,268.79858174374715,266.74303270034477,267.0339265183886,18137000
2022-08-25,270.36932373046875,270.53413693993167,266.1709957164904,268.89553264663925,16583400
2022-08-26,259.9364929199219,271.813929906626,259.8298525866448,270.5922412050878,27549300
2022-08-29,257.16351318359375,259.2674999332414,255.82547868834627,257.76465225492166,20338500
2022-08-30,254.97230529785156,258.92820740488224,252.73256160080248,258.5597891845219,22767100
2022-08-31,253.51791381835938,258.9863691063418,253.38215743556145,257.31870787388976,24791800
2022-09-01,252.48043823242188,252.95555596320528,247.64220877512267,250.9969713685728,23263400
2022-09-02,248.27244567871094,256.6884537652391,246.73080589431638,253.74093057983617,22855400
2022-09-06,245.54788208007812,249.98857705648493,244.27772561001785,248.40817526683784,21328200
2022-09-07,250.24063110351562,250.95811580221743,245.5187485474767,246.9537327395994,24126700
2022-09-08,250.65757751464844,252.50949191714798,247.041022768642,249.67831493374948,20319900
2022-09-09,256.4169616699219,257.1635625736853,252.37380057718096,252.57740555573184,22084700
2022-09-12,258.5403747558594,259.31606213090066,257.09569955467623,257.69683877692836,18747700
2022-09-13,244.32618713378906,252.48040101382477,243.93834353048703,250.96784794774865,33353300
2022-09-14,244.54917907714844,246.4980431807775,242.26095368229554,245.81933539304998,23913000
2022-09-15,237.91720581054688,243.75410750034436,236.59856721458627,242.1736911292833,31530900
2022-09-16,237.2967071533203,237.83967345913706,234.69820652512584,236.83129478142976,39791800
2022-09-19,237.0833740234375,237.68451311918642,233.5249921595804,235.09571807800603,26826900
2022-09-20,235.07635498046875,236.10411478867206,232.3518179959653,234.7079219968837,26660300
2022-09-21,231.68276977539062,240.12787756364517,231.634287475008,236.84097880590735,28625600
2022-09-22,233.65103149414062,236.44344631490495,230.3447516288207,230.63561584371612,31061200
2022-09-23,230.68409729003906,233.79647753038185,228.04681992346752,232.25482322354088,34176000
2022-09-26,230.22840881347656,234.10675645335732,229.69513305404854,229.84057996737735,27694200
2022-09-27,229.22003173828125,234.44610429031408,227.36811729613822,232.68144911431068,27018700
2022-09-28,233.73828125,234.9599552096983,227.59109010763635,229.607832291303,29029700
2022-09-29,230.2769012451172,232.65238632006964,227.28088111228263,231.6246265174576,27484200
2022-09-30,225.81678771972656,233.22443119574095,225.65195971871543,231.0428606260345,35694800
2022-10-03,233.41835021972656,234.26188606885609,227.52326022905194,228.25045038719026,28880400
2022-10-04,241.31077575683594,242.74576012730563,237.529378230904,237.63603337433412,34888400
2022-10-05,241.6210479736328,242.95908260476142,236.67616375353109,238.50868236825332,20347100
2022-10-06,239.28433227539062,242.72636855289312,238.59593389672287,240.38966069294162,20239900
2022-10-07,227.1160430908203,233.98072018796898,226.07857799580754,233.5734806664739,37769600
2022-10-10,222.2777862548828,227.4262900818972,219.83442324055144,225.962219258619,29743600
2022-10-11,218.5546112060547,222.09359787031295,217.29414513566007,220.69739021047423,30474000
2022-10-12,218.8842315673828,220.93006041435294,217.14867761413385,218.54487025171542,21903900
2022-10-13,227.1160430908203,228.91947533494175,212.465584291104,213.16368804977824,42551800
2022-10-14,221.60874938964844,230.02477023152485,221.39543911705044,228.37646088968236,30198600
2022-10-17,230.30596923828125,231.6924861628052,227.98865719878884,228.64798396705297,28142300
2022-10-18,231.24647521972656,236.51132497546385,228.2116634940623,235.84232244327512,26329600
2022-10-19,229.2879180908203,232.32272998256715,227.16452030041103,229.8308844163688,19985700
2022-10-20,228.96795654296875,233.9710288478756,227.72688640768192,228.59952355559247,21811000
2022-10-21,234.75637817382812,235.60961938988035,227.3681306457899,227.60083683054654,26299700
2022-10-24,239.73037719726562,240.30242995612315,233.9613377120293,236.3465133618895,24911200
2022-10-25,243.0366668701172,243.4050998483293,238.3535601564571,239.74006238454706,34775500
2022-10-26,224.2848358154297,231.05254784281726,223.06314692358666,224.139388912023,82543200
2022-10-27,219.85385131835938,226.58278743700097,218.9133507487669,224.0133730210549,40424600
2022-10-28,228.69647216796875,229.40428130297192,219.17513588708474,219.35935977716164,40647700
2022-10-31,225.07020568847656,227.77534655596756,224.11999990021067,226.65062223193135,28357300
2022-11-01,221.2306365966797,228.57041637850017,220.41618716835114,227.46508792727667,30592300
2022-11-02,213.4060821533203,224.26545245124476,213.34789451187777,222.48141610977814,38407000
2022-11-03,207.7340087890625,213.7066680884104,207.47221616405207,213.39639315584648,36633900
2022-11-04,214.65684509277344,214.8507595155396,206.93892679101333,210.93363491466297,36789100
2022-11-07,220.9397430419922,221.46332820770985,214.5501694748692,215.23858262395112,33498000
2022-11-08,221.9093475341797,224.6047979139628,218.97150043107274,221.7445195376861,28192500
2022-11-09,217.68191528320312,221.67662274199262,217.50739677017623,220.4549339719257,27852900
2022-11-10,235.59017944335938,235.929540716647,227.852881482764,228.26979667507564,46268000
2022-11-11,239.59458923339844,240.4478303320997,234.57212203157073,235.5998964435155,34620200
2022-11-14,234.2036895751953,236.49191496687794,231.93486006162664,234.63031012538158,31123300
2022-11-15,234.6109161376953,239.48793649488397,232.72991540292844,238.1886937504624,31390100
2022-11-16,235.0387420654297,237.05145015358517,233.76500614633548,236.06939815763067,24093300
2022-11-17,234.99012756347656,236.51667602662837,231.05224616268976,231.19808812700944,23123500
2022-11-18,234.54287719726562,236.99312613856966,232.41349542511938,236.76948200355858,27613500
2022-11-21,235.3499298095703,237.89740206388646,234.51373447500902,234.74708165163787,26394700
2022-11-22,238.24742126464844,238.51966950958604,234.04700917388476,236.84727895558834,19665700
2022-11-23,240.726806640625,241.40742716232413,237.50843223083618,238.32517685687512,19508500
2022-11-25,240.63929748535156,241.81579547416155,239.900325357093,240.46427230471662,9200800
2022-11-28,235.06790161132812,239.82254225297007,234.1344834195783,239.26832798344634,24778200
2022-11-29,233.677490234375,236.06938731272962,231.61617814466862,234.71786413074798,17956300
2022-11-30,248.07752990722656,248.26227293636023,233.22049313047097,233.9108463177998,47594200
2022-12-01,247.6400146484375,249.03042418074372,243.97436658880594,246.84270566954237,26041500
2022-12-02,247.9608917236328,248.97209734788092,242.77842766287273,242.90483392955983,21528500
2022-12-05,243.27430725097656,246.7941135147601,241.19354435975268,245.03420296466012,23435300
2022-12-06,238.3349151611328,244.88835294425144,237.03201078829815,243.8771473447241,22463700
2022-12-07,237.6056671142578,239.3461270027659,235.5054686619729,238.0529405287907,20481500
2022-12-08,240.55178833007812,241.85470746474556,236.33192613856002,238.06265330165112,22611800
2022-12-09,238.6265869140625,241.43658893378702,237.40147000859437,237.92651587196235,20609700
2022-12-12,245.52035522460938,245.54952361837397,240.3281734246865,240.60042165743343,30665100
2022-12-13,249.8083038330078,256.61453937496145,246.06486835036688,254.44625651294808,42196900
2022-12-14,250.0999755859375,255.32132556389985,247.27052281634482,250.01247040825905,35410900
2022-12-15,242.11720275878906,247.16354186623428,240.49343144760888,246.69683279651164,35560400
2022-12-16,237.9168243408203,242.9242630632895,236.76947979184487,241.66997762867638,86102000
2022-12-19,233.794189453125,238.42243914772908,232.1023632453267,238.08212143380248,29696400
2022-12-20,235.10682678222656,236.18610187706696,231.8203825618914,232.7732513908985,25150800
2022-12-21,237.66400146484375,238.82106381583225,233.4635897668888,234.99985605475112,23690600
2022-12-22,231.5967559814453,235.2915726004728,227.39632912956154,234.5817687693653,28651700
2022-12-23,232.12179565429688,232.25791977065128,227.46439246807083,229.57432368977197,21207000
2022-12-27,230.40078735351562,232.3162427208361,229.30206179925912,232.09261343652005,16688600
2022-12-28,228.0380401611328,233.08437961165026,227.6880046259404,230.33271426152407,17457100
2022-12-29,234.33865356445312,235.22346762933782,229.12702186965714,229.12702186965714,19770700
2022-12-30,233.18162536621094,233.3177494769252,230.1090927684712,231.6161906747891,21938500
2023-01-03,232.94825744628906,238.9474656895386,230.82859367762717,236.35137496373926,25740000
2023-01-04,222.75836181640625,226.42399496515415,219.70527974958796,225.85033012794412,50623400
2023-01-05,216.1562957763672,221.25125412142148,215.62151720752513,220.91093644040888,39585600
2023-01-06,218.7037811279297,219.51080795719037,213.2782522890228,216.82721193090404,43613600
2023-01-09,220.83316040039062,224.8391261091335,220.14282198786435,220.18170823285104,27369800
2023-01-10,222.51528930664062,224.90718660058684,221.03735973961676,221.45544993887123,27033900
2023-01-11,229.2437286376953,229.41873899259986,224.71271707723938,224.88772743214392,28669300
2023-01-12,231.90786743164062,233.25939064495995,227.09488993594465,228.74782975392716,27269500
2023-01-13,232.60794067382812,232.74406478160432,228.41724688827324,230.43967280124468,21333300
2023-01-17,233.69696044921875,234.24145690846152,230.52718988997353,231.3828356610212,29831300
2023-01-18,229.28260803222656,235.67075285086767,229.0006419678325,234.883176604496,30028700
2023-01-19,225.51002502441406,229.00066284863416,224.2946258083473,227.30882179875937,28623000
2023-01-20,233.570556640625,234.07616685941196,228.0186065956563,228.35892430446629,35389800
2023-01-23,235.86520385742188,238.38350713722812,233.01630075916648,234.42617553130606,31934000
2023-01-24,235.3401641845703,237.19729766623655,233.7844621578948,235.78743760454404,40234400
2023-01-25,233.9497528076172,236.5652941592754,224.50852565701223,227.98943061234027,66526600
2023-01-26,241.13516235351562,241.43657893263136,235.30124713528542,236.9055678857333,33454500
2023-01-27,241.29075622558594,242.9145276437586,239.99756980206558,242.0977830088241,26498900
2023-01-30,235.99163818359375,238.80164053803622,235.49574581512883,237.74180116090332,25867400
2023-01-31,240.95046997070312,241.08659409428063,236.22499705734649,236.7111567610399,26541100
2023-02-01,245.75367736816406,248.1164058985338,238.6751947915154,241.13516117627967,31259900
2023-02-02,257.2756652832031,257.36317045013345,250.12911325561998,251.6556615153349,39940400
2023-02-03,251.19866943359375,256.8867426469256,249.98327044240432,252.35573164703223,29077300
2023-02-06,249.66241455078125,251.1500618843591,247.72750865015405,250.31388153410032,22518000
2023-02-07,260.1537170410156,261.33021493867875,252.88075890318808,253.31831440266953,50841400
2023-02-08,259.3466796875,269.0990389029527,258.84105477373936,265.63758534134274,54686000
2023-02-09,256.32281494140625,266.3960585481187,255.525505975814,266.2210185187912,42375100
2023-02-10,255.81723022460938,256.7798168982394,253.4447686061317,254.29068170390744,25818500
2023-02-13,263.8096618652344,266.99886776795535,259.75507760072225,260.23153420322126,44630900
2023-02-14,264.6361389160156,267.35862090148964,261.82612208741193,265.12229853290944,37047900
2023-02-15,262.5209655761719,263.8953733913227,259.46022127566107,261.54621079213484,28922400
2023-02-16,255.53196716308594,260.006088165567,255.28827846089968,257.35475389589425,29603600
2023-02-17,251.5452117919922,253.52396277124762,249.53721935972925,252.84165228535363,30000100
2023-02-21,246.291259765625,249.04007506409081,245.23852294112166,248.0555633319736,28397400
2023-02-22,245.16053771972656,247.9190951759008,244.0200765591585,247.6754065123544,22491100
2023-02-23,248.3382568359375,250.35599131241563,244.15655088158258,249.1083064975943,29219100
2023-02-24,242.92835998535156,244.66342210762315,241.8366395147742,243.649683795455,24990900
2023-02-27,243.84458923339844,246.43743977245782,243.09402410397107,246.08652755759584,21190000
2023-02-28,243.12330627441406,245.14105556625483,242.4507231771338,242.7821510664902,22491000
2023-03-01,240.05284118652344,244.59518672884,239.58494822729267,244.4294802167035,27565300
2023-03-02,244.77064514160156,245.05331745079246,239.4094944705545,240.32576623774196,24808200
2023-03-03,248.84510803222656,249.16677885152734,245.04357084699137,245.82337754163785,30760100
2023-03-06,250.3852081298828,253.55316056454095,249.5176771350271,249.9563137281879,24109800
2023-03-07,247.73388671875,251.18452648625785,246.99307854410944,249.82960325303648,21473200
2023-03-08,247.29525756835938,248.11404792403098,244.47821715829852,247.62667058752513,17340200
2023-03-09,245.9501190185547,253.0073336989174,245.22879516854297,249.36176055143883,26653400
2023-03-10,242.31427001953125,246.40823683070676,241.3492723748031,244.74141460422547,28333900
2023-03-13,247.5097198486328,251.39899658512076,239.52647621107045,241.1543148292338,33339700
2023-03-14,254.2062530517578,254.4791831419145,249.4007052796058,250.26823625336974,33620300
2023-03-15,258.7388610839844,259.75261418809725,252.6661292714571,253.41670934490338,46028000
2023-03-16,269.2272644042969,269.57816182335324,256.6334203873444,258.514689849532,54768800
2023-03-17,272.3757019042969,276.1772393298442,269.3442290300633,271.23525555020916,69527400
2023-03-20,265.3574523925781,270.47491398328793,263.0375317119125,269.9875366889346,43466600
2023-03-21,266.86834716796875,268.0575491212291,262.7158825243108,267.94058331388436,34558700
2023-03-22,265.416015625,273.9451208577967,265.30877711926536,266.4979792673245,34873300
2023-03-23,270.6504211425781,273.9645815107582,268.2525326655101,270.9233512964952,36610900
2023-03-24,273.4869689941406,273.5454519039974,268.33050762928787,270.24101876130743,28172000
2023-03-27,269.4026794433594,274.3544196920251,268.56437502402,273.41866361100745,26840200
2023-03-28,268.2817687988281,269.1687992182552,265.18202599070054,268.8276290958363,21878600
2023-03-29,273.428466796875,274.0425670542095,271.3814758548116,271.9175790730678,25087000
2023-03-30,276.8790588378906,277.27871183195333,274.3739618829966,277.054537290587,25053400
2023-03-31,281.021728515625,281.9672416312898,275.85554123239365,276.5671227721079,32766000
2023-04-03,279.978759765625,280.9924830784479,276.7815660353918,279.28666261801845,24883300
2023-04-04,279.9300231933594,283.117489822551,278.45816395278734,279.9787787723989,25824300
2023-04-05,277.1617431640625,279.90080144519544,275.77760817176124,278.6336322553814,22064800
2023-04-06,284.2384338378906,284.70629698554035,274.9100256186965,276.0602288528665,29770300
2023-04-10,282.0843200683594,282.2890102574726,277.52244476659155,281.9088415876765,23103000
2023-04-11,275.6898498535156,278.7603508575734,274.5299191651681,278.5361465748028,27276600
2023-04-12,276.3332214355469,279.7643772791171,274.84184782081707,277.60042049037634,27403400
2023-04-13,282.52288818359375,282.58137108364906,276.02129123451107,276.4306715348985,24222700
2023-04-14,278.91632080078125,281.197243201843,276.5281599154827,279.75459555412215,20987900
2023-04-17,281.5091857910156,284.2385171903197,278.93584848287077,282.6106635193612,23836200
2023-04-18,281.0899353027344,284.39436715882044,279.7642835325909,284.20916143399967,20161800
2023-04-19,281.1679992675781,281.7528282776957,277.3567049001675,278.7700813374877,17150300
2023-04-20,278.8870544433594,281.7333512714664,277.88305828682746,278.048779675469,23244400
2023-04-21,278.5458984375,279.04300308117706,275.91404898236954,277.8148324496472,21676400
2023-04-24,274.6566162109375,277.75635870948304,271.6836263278282,274.9685448486902,26611000
2023-04-25,268.4669494628906,274.49092630001803,268.41819388016194,272.45369257019934,45772200
2023-04-26,287.9132995605469,292.0072813214267,285.3399625443694,289.20974000859206,64599200
2023-04-27,297.1344299316406,297.49511411918564,287.7962940057379,288.49811850361414,46462600
2023-04-28,299.5031433105469,301.13096702652024,295.6528502866571,296.33519048615636,36469600
2023-05-01,297.8460998535156,300.80936302886863,297.44644678158,299.2205078090528,21294100
2023-05-02,297.6998596191406,301.3746744145902,296.2377274555762,299.9905392914893,26404400
2023-05-03,296.71533203125,300.819041090019,296.4131604465873,298.8792887083803,22360800
2023-05-04,297.6998596191406,299.9905392914893,295.74059300087464,298.5088929942314,22519900
2023-05-05,302.80755615234375,304.09423955747224,296.58861610804354,298.00202238980415,28197100
2023-05-08,300.8580322265625,302.36891985995953,298.3626625741606,302.30067989163814,21318600
2023-05-09,299.2497253417969,302.21298828024834,298.5771421461096,300.2244801474705,21340800
2023-05-10,304.4256286621094,305.09821176430125,299.9027824610233,300.8287815493971,30078000
2023-05-11,302.2811584472656,303.2656701896078,298.5283767405059,302.2714311285641,31680200
2023-05-12,301.16998291015625,302.80756378679547,298.8598188614768,302.71008236022425,19774700
2023-05-15,301.6476135253906,302.07650801921994,299.8248268001941,301.2967160743426,16336500
2023-05-16,303.8700256347656,305.790293615096,302.0082405576207,302.0082405576207,26730300
2023-05-17,306.7420349121094,307.1620885056331,303.55737876771076,305.0715691203483,24315000
2023-05-18,311.1575927734375,311.665592368816,306.4685537852504,307.2598287418547,27276000
2023-05-19,310.98175048828125,311.38227715164794,309.05728471229986,309.4187276052405,27546700
2023-05-22,313.756103515625,315.1335157612651,310.65939292099665,311.2357518358931,24115700
2023-05-23,307.97296142578125,315.26051959828607,307.9631830299581,312.63269496953484,30797200
2023-05-24,306.5955505371094,309.1842914063532,305.38419212471825,307.45521463229585,23384900
2023-05-25,318.3865661621094,319.3438949651791,312.6033903237595,315.7684901108892,43301700
2023-05-26,325.1954040527344,325.69359534814544,316.3936568169518,316.5304052743781,36630600
2023-05-30,323.55426025390625,327.9795506793169,322.88020682779495,327.4813593124993,29503100
2023-05-31,320.7994689941406,328.1749431768424,319.76394285514135,324.6093167826368,45950600
2023-06-01,324.89251708984375,325.820570098654,317.21421253677175,318.39623546469716,26773900
2023-06-02,327.6474304199219,329.6988961808169,324.86330044529166,326.5240179212979,25873800
2023-06-05,328.1749267578125,330.73436207197636,326.92451447409195,327.4715679849584,21307100
2023-06-06,325.9671325683594,327.6180713778492,324.49205579861786,327.57898761210754,20396200
2023-06-07,315.9052429199219,326.7584266923508,315.04557889593144,323.9840754044963,40717100
2023-06-08,317.7417907714844,319.08989754628954,315.8759358684607,316.4522947423508,23277700
2023-06-09,319.2364807128906,322.36249701135495,316.9114880172706,317.4780685960809,22529000
2023-06-12,324.1795654296875,324.42378688476305,317.64419690689135,320.98512971749847,24260300
2023-06-13,326.5631103515625,329.1909351194717,322.7532623015664,326.7389426125968,22951300
2023-06-14,329.5425720214844,331.20328940233077,325.11728161658255,326.61191533447175,26003800
2023-06-15,340.0538330078125,341.7536041604146,329.40578750574196,329.6793142407834,38899100
2023-06-16,334.41717529296875,343.3459224105444,334.04598387273194,343.19939555884866,46552000
2023-06-20,330.2361755371094,334.1730234363889,328.0967936208768,331.4670609717045,26375400
2023-06-21,325.8499755859375,329.92360187076076,324.39442550484875,328.59502188215436,25117800
2023-06-22,331.8577575683594,332.2582841920234,325.6350018399905,326.3969713207667,23556800
2023-06-23,327.2762451171875,330.14829153594474,325.74255718498046,326.63149696071275,23146900
2023-06-26,321.00457763671875,328.3409673865728,320.89710473059927,326.00622657027685,21520600
2023-06-27,326.83660888671875,328.3800749537934,321.6884029069419,324.1892275549751,24354100
2023-06-28,328.0870361328125,330.1678072397065,326.0941811528345,326.92453987884056,20259500
2023-06-29,327.3055114746094,328.3410078355039,324.93168659890875,326.97337394490575,16997000
2023-06-30,332.6685791015625,334.80796061953606,329.40578527983763,329.9430603518384,26832800
2023-07-03,330.1775817871094,333.0203226963317,328.7904208148886,331.3498565292041,12508700
2023-07-05,330.33380126953125,333.75290026498266,326.99286980308096,327.3445342470537,18172400
2023-07-06,333.3817443847656,335.0619888415349,327.7451250968569,329.50350728576706,28161200
2023-07-07,329.42535400390625,333.8897282258727,329.2104379854344,331.4768196689225,21214800
2023-07-10,324.1599426269531,327.48137758941004,320.0179571321777,326.8659348779879,32791400
2023-07-11,324.7851867675781,325.1661566846007,319.4416208471581,323.4077743662795,26698200
2023-07-12,329.40582275390625,333.75294560855826,327.91118903960694,328.8196854554752,29995300
2023-07-13,334.7395935058594,335.79461674267833,331.1837159282275,331.711242452727,20567200
2023-07-14,337.2599182128906,343.30684144362357,336.3514219127962,339.55560494875635,28352700
2023-07-17,337.7386169433594,338.9694723365567,334.2902125016096,337.68975478361295,20363900
2023-07-18,351.1805725097656,358.30207642907544,334.26093764915,337.8363124834503,64738600
2023-07-19,346.8725280761719,354.0819486228708,344.293565577068,353.388368189592,39732900
2023-07-20,338.8522644042969,349.6956992819866,337.3869361725058,345.3974090978353,33778400
2023-07-21,335.823974609375,342.20303681474576,331.9750427010371,341.07962426148026,69405400
2023-07-24,337.1329345703125,338.9011247209187,334.3976671440658,337.85585009967554,26678100
2023-07-25,342.8673400878906,343.75630961701245,337.09394225294653,339.0867675369492,41637700
2023-07-26,329.9626159667969,336.70314999869004,325.41032580255074,333.5477989926325,58383700
2023-07-27,323.0755615234375,333.44030197626535,321.44414968283064,332.6099731824386,39635300
2023-07-28,330.5487060546875,332.1508124109677,325.46891989231955,325.95736258940354,28484900
2023-07-31,328.1554260253906,329.8942812123279,325.6545714457516,329.13231163180893,25446000
2023-08-01,328.565673828125,330.7148339075202,325.9867115450311,327.4422614370604,18311900
2023-08-02,319.9300537109375,325.9183675778276,318.81638974847687,325.9183675778276,27761300
2023-08-03,319.1094665527344,322.25503950417715,318.4158860961526,318.4647184532504,18253700
2023-08-04,320.2035827636719,327.3934767757319,319.6760561560359,324.2088199611453,23741500
2023-08-07,322.47967529296875,323.45656084506595,319.94954529049863,320.77990397221754,17741500
2023-08-08,318.5135498046875,321.1511529476865,315.53406053871555,319.4025193112215,22327600
2023-08-09,314.78179931640625,319.5489751191951,313.6290518646597,318.92378395332815,22373300
2023-08-10,315.4656677246094,320.6724848006537,313.75611788086866,318.48424072838094,20113700
2023-08-11,313.59002685546875,314.9576606059445,311.83161505156005,312.8573627235517,24355500
2023-08-14,316.54998779296875,316.5695147707091,312.68149972344554,313.9612471638397,18836100
2023-08-15,314.4203796386719,317.5757308061961,313.482577825794,315.53404351386234,16966300
2023-08-16,313.6567687988281,317.59218190962685,313.0693905863645,314.0483443153716,20698900
2023-08-17,310.2109069824219,315.09587723168505,309.5549947446499,313.7938817302348,21257200
2023-08-18,309.8193359375,311.679342341884,304.99307058455463,307.8711973932979,24755000
2023-08-21,315.1056823730469,315.9769357985516,310.3675491383052,311.23880256380994,24040000
2023-08-22,315.6734619140625,319.2172702035748,314.69450802744353,318.6494900944686,16084600
2023-08-23,320.1178894042969,322.2715996929162,316.6523846218089,317.00482352144604,21166400
2023-08-24,313.2358703613281,325.97206974501347,313.22607126255105,325.8448009621162,23281400
2023-08-25,316.1825256347656,318.5124107055097,312.0904758312742,314.70429575926823,21684100
2023-08-28,316.88739013671875,319.2858092722639,314.949050654982,318.8061314202153,14808500
2023-08-29,321.4982604980469,322.056271402599,315.1056925945481,315.1056925945481,19284600
2023-08-30,321.87017822265625,322.86870018829825,319.579430271858,321.7527085649683,15222100
2023-08-31,320.8619384765625,323.94563727355137,319.9025529034829,322.2716344766663,26411000
2023-09-01,321.7430114746094,325.0029150101556,319.9025732532159,324.3372334886783,14942000
2023-09-05,326.530029296875,327.8026871669536,321.74296073160247,322.07580143984785,18553900
2023-09-06,325.87408447265625,327.42081804080016,323.2308977593508,326.36356128065404,17535800
2023-09-07,322.96661376953125,326.0698802204904,322.10512974677425,324.3175746347369,18381000
2023-09-08,327.2348937988281,329.0851309217736,322.5261281543159,323.14287386196446,19530100
2023-09-11,330.8276672363281,331.29757584054045,328.37048350695864,330.1423875895978,16583300
2023-09-12,324.7874755859375,329.70184254177326,324.5036005080368,328.7522562072044,17565500
2023-09-13,328.9872131347656,329.76059500536803,324.2001445661415,324.3371825636095,16544400
2023-09-14,331.5717468261719,333.686261272047,329.48656993131334,332.01225822101816,20267000
2023-09-15,323.2701416015625,330.29902307578516,322.71213073688756,329.829144347891,37679800
2023-09-18,322.13458251953125,323.44637721984947,319.49139491981464,320.901090989623,16834200
2023-09-19,321.7331848144531,322.45763099664185,317.6803313099975,319.3053983263758,16505900
2023-09-20,314.01898193359375,322.65336113195434,313.7644742751729,322.5750579775089,21436500
2023-09-21,312.8051452636719,318.50266425545,308.3704851953978,312.540838460042,35560400
2023-09-22,310.33819580078125,314.6847536524901,309.4962798834054,314.5574848611761,21447900
2023-09-25,310.8570251464844,310.98429393163934,308.3704739123921,309.92700700519936,17836000
2023-09-26,305.5706481933594,309.2319257820145,303.49524107796117,308.4977104446982,26297600
2023-09-27,306.20697021484375,307.6851701509051,303.1722074325514,305.7272625333357,19410100
2023-09-28,307.0390930175781,308.84036447643473,302.9372740873856,304.4448414726015,19683600
2023-09-29,309.10467529296875,312.746384776468,308.35089159051364,311.06258297495117,24147300
2023-10-02,315.02734375,315.1154758886586,308.5466739037748,309.62352913697714,20570000
2023-10-03,306.7944030761719,314.6260349402652,304.6602606879749,314.07779322449835,21033500
2023-10-04,312.2471008300781,313.3043876816742,307.3914982671209,307.420865686593,20720100
2023-10-05,312.6387023925781,313.2456789043345,308.2725763744339,312.3743955953389,16965600
2023-10-06,320.3724365234375,322.2618102249638,309.6430811517103,309.8878196065806,25673600
2023-10-09,322.8785705566406,323.3484492911128,316.37830256029935,317.9152672966711,19891200
2023-10-10,321.4786682128906,324.13162477364205,320.7738202479149,323.9945568948938,20557100
2023-10-11,325.4238586425781,325.8154342155564,322.21289114367397,324.2393029495446,20063200
2023-10-12,324.1903381347656,326.6083551720829,321.8016885159057,323.6127589882386,19313100
2023-10-13,320.83258056640625,326.80417560812504,319.49138859402285,325.38471034218486,21072400
2023-10-16,325.63922119140625,329.06555964733286,323.6421469834392,324.0826582883067,22158000
2023-10-17,325.0713806152344,326.44190989346447,320.5192516418675,322.6533636519186,18338500
2023-10-18,323.1624450683594,328.5271229876209,321.3905409680336,325.4923600401383,23153600
2023-10-19,324.34698486328125,329.78996567974724,323.9456102144574,325.1595033838665,25052100
2023-10-20,319.7948913574219,324.93439945615916,318.60056637565555,324.7385967213242,25027700
2023-10-23,322.3890686035156,325.7273046053134,317.5628335992071,318.620090545015,24374700
2023-10-24,323.5736083984375,324.8560355263617,320.70528084515973,324.3273920928105,31153600
2023-10-25,333.500244140625,338.91385810810175,330.5144167677778,337.7586697804962,55053800
2023-10-26,320.9891662597656,334.4399815109655,320.05914822735156,333.3729254857893,37828500
2023-10-27,322.8687438964844,329.63331810351394,321.4884154812009,323.47569046023347,29856500
2023-10-30,330.2109375,332.3059131853902,324.8462593748241,326.393023266436,22828100
2023-10-31,330.99407958984375,331.865362876774,327.64607407506094,331.71852577091533,20265300
2023-11-01,338.78656005859375,340.1081537078223,332.5016633074158,332.6387311841403,28158800
2023-11-02,340.9892272949219,341.48847346531505,337.5139230484177,339.93194035995595,24348100
2023-11-03,345.37493896484375,346.9315020236901,340.02005970434163,342.27167169728,23637700
2023-11-06,349.02642822265625,350.0151812088652,345.91336203130555,346.0112633950899,23828300
2023-11-07,352.9422912597656,354.8316653462804,350.1033305798498,351.83606843829466,25833900
2023-11-08,355.5560607910156,356.2119431597548,352.9618091115113,354.0680317747925,26767800
2023-11-09,353.09881591796875,357.11253210252806,352.77574446362354,354.6749170503375,24847300
2023-11-10,361.8898620605469,362.3108050217642,353.47085345970584,353.8819973228906,28042100
2023-11-13,358.9627990722656,360.71513487046275,358.1992162461448,360.4703964021509,19986500
2023-11-14,362.47723388671875,364.1218990717547,359.61870535436486,363.20168005612413,27683900
2023-11-15,362.6243591308594,366.0184055463694,360.11312341587404,364.203659277244,26860100
2023-11-16,369.00048828125,369.17705042836303,363.12463294088235,363.88976551430744,27182300
2023-11-17,362.8009948730469,367.2348369276998,360.00530734381556,366.4893122703207,40157000
2023-11-20,370.24627685546875,371.6490149349355,363.9290160684621,364.1448242296059,52465100
2023-11-21,365.9595947265625,369.0495522871196,364.0467481750121,368.5100468166504,28423100
2023-11-22,370.6484680175781,372.5514954656195,367.8233538705503,370.7956031427492,23345300
2023-11-24,370.2364501953125,370.7661665682208,367.9901174917075,370.1383501357465,10176600
2023-11-27,371.39398193359375,373.38532049617334,369.02994094912424,369.5988734413345,22179200
2023-11-28,375.4060363769531,375.70030662709087,370.9525569972749,371.1389381343408,20453100
2023-11-29,371.6294250488281,376.97553440384473,370.24629493974936,376.44584793002184,28963400
2023-11-30,371.6882629394531,372.8457658390955,368.313824366715,371.2762546529022,30554400
2023-12-01,367.3721618652344,370.9525899274523,364.23313921740737,369.579278745005,33040500
2023-12-04,362.1045227050781,362.47725508494324,355.98343139448775,362.06527668869364,32063300
2023-12-05,365.4200439453125,365.9693683802573,358.65155863650625,359.46575623768496,23065000
2023-12-06,361.77099609375,367.0484629860128,361.01568236902807,366.4206763695036,21182100
2023-12-07,363.8799743652344,364.3704447283438,359.3382140130918,361.21181439248187,23118900
2023-12-08,367.0974426269531,367.3230398250767,361.2117985281366,362.16331218821597,20154400
2023-12-11,364.2232971191406,364.51759731266617,359.12242306000167,361.4570668899954,27708800
2023-12-12,367.2445983886719,367.28384440026525,363.3992975227853,363.7818787799653,24838300
2023-12-13,367.23480224609375,370.4424978188213,363.70340938140794,368.8533485777596,30955500
2023-12-14,358.9556579589844,366.63644114858533,357.18997650221536,366.19500581642444,43277500
2023-12-15,363.6642150878906,365.30236955673547,359.2990162951195,359.8581597688427,78502300
2023-12-18,365.5475769042969,365.89091216563435,361.65324079721444,362.4085843593443,21802900
2023-12-19,366.1459045410156,366.1459045410156,362.79107445668245,364.4096204886958,20603700
2023-12-20,363.5562744140625,368.8631677330293,363.46799333439736,367.852799906723,26316700
2023-12-21,366.42059326171875,367.2740068711911,362.98730085105643,365.45926060979707,17708000
2023-12-22,367.4407958984375,368.02936637236263,365.60644137118885,366.55795515551875,17107500
2023-12-26,367.519287109375,369.7558309565617,366.38139217856946,367.852803392138,12673100
2023-12-27,366.9405212402344,367.9116430236214,365.70452628978785,366.5677589576593,14905400
2023-12-28,368.1274719238281,369.2849749136942,367.02882298863733,368.2157530058411,14327000
2023-12-29,368.8730163574219,369.9716653516636,366.3618101031722,368.8337703402161,18730800
2024-01-02,363.801513671875,368.7356447522221,359.7796503608471,366.73451711634624,25258600
2024-01-03,363.5366516113281,366.1459576250118,361.48648901542015,361.97695939537715,23083500
2024-01-04,360.92730712890625,365.98896450288805,360.1719936012131,363.6052858949814,20901500
2024-01-05,360.7409973144531,364.9688499798779,359.51482125288123,361.93774634798484,21004600
2024-01-08,367.5486755371094,368.04896487668356,361.9769395114855,362.26139076236115,23134000
2024-01-09,368.627685546875,368.82385571015396,364.115352688409,364.91973118486953,20830000
2024-01-10,375.4747314453125,376.84807263186053,369.14768070417387,369.1967157740048,25514200
2024-01-11,377.29925537109375,383.2339350900792,373.1302570741052,378.64313944413783,27850800
2024-01-12,381.06610107421875,381.272090274914,377.31889976513236,378.1428865038529,21661200
2024-01-16,382.83172607421875,386.5200727807335,380.2322391394401,386.1571295021332,27202300
2024-01-17,382.0470275878906,382.6748141545887,377.4758397118604,380.5854353256014,22234100
2024-01-18,386.3631591796875,386.4808672893111,382.68463107425833,384.2541423864291,23392100
2024-01-19,391.0716247558594,391.0716247558594,386.00014838920214,388.21708385271495,29331100
2024-01-22,388.9528503417969,392.9845027036078,386.0884900033909,392.39593223013395,27016900
2024-01-23,391.2972412109375,391.7681035262422,386.42196470997874,388.2072839775827,20525900
2024-01-24,394.8874816894531,397.8989767917514,392.8177112032317,393.8869329627974,24867000
2024-01-25,397.1534729003906,399.25270045475327,394.858075159448,396.6139674673759,21021200
2024-01-26,396.2313537597656,398.42868119543533,394.7599427692064,396.6629700452043,17803300
2024-01-29,401.9110412597656,402.16609543170915,396.62375630100183,398.3207945584323,24510200
2024-01-30,400.8026123046875,405.17760004808207,398.70341448382425,404.4026783420674,33477600
2024-01-31,390.00244140625,407.404352059521,389.6394980894709,399.20367116692984,47871100
2024-02-01,396.0842590332031,400.2238302394902,394.1419855506921,394.17141257606636,30657700
2024-02-02,403.3824768066406,404.7852149654356,395.86846668943514,396.11370188933375,28256700
2024-02-05,397.9186096191406,403.32360273614995,396.290244380319,402.08760781050484,25352300
2024-02-06,397.76165771484375,400.1944015675409,395.23084373526007,398.14423897907153,18382600
2024-02-07,406.1585693359375,406.403804561943,399.63531831137925,399.6745643296035,22340500
2024-02-08,406.2173767089844,407.6397528307197,404.66750343056947,406.15852265638233,21225300
2024-02-09,412.53460693359375,412.799480086422,407.17867899598485,407.3356331031592,22032800
2024-02-12,407.345458984375,412.72099505038886,406.84516963028506,412.54443290280494,21202900
2024-02-13,398.5758972167969,402.25442543992307,395.70174768308635,397.22219404093613,27824900
2024-02-14,402.42822265625,402.7721928081846,397.5930862054174,401.03272774217567,20401200
2024-02-15,399.54876708984375,402.07445398469247,397.31792461353893,401.10153638347543,21825500
2024-02-16,397.0919494628906,401.24901355970684,396.48264621280646,400.9246876418879,22296500
2024-02-20,395.84375,397.514414893887,391.1461840185904,396.2859715934003,24307900
2024-02-21,395.2442626953125,395.3523813035853,390.3698079702168,393.2689462191207,18518900
2024-02-22,404.551025390625,405.7106689082216,401.5241536683513,403.1162117164581,27009900
2024-02-23,403.2635498046875,408.688344814685,401.9171806983302,408.5016490183945,16295900
2024-02-26,400.51190185546875,405.05222425854834,400.3349831970826,404.3642838981377,16193500
2024-02-27,400.452880859375,401.2783911773055,396.8854766342273,400.9540653434054,14835800
2024-02-28,400.6888122558594,402.24155173669396,398.3302065928444,401.1408710933735,13183100
2024-02-29,406.5067443847656,407.05708472019194,398.91987548490425,401.59296996753153,31947300
2024-03-01,408.3346252441406,408.6982397267373,403.7943028017663,404.17756158377745,17823400
2024-03-04,407.7646179199219,410.1527047870807,405.2094495475142,406.3101300793095,17596000
2024-03-05,395.70623779296875,407.1062001502952,393.7309209213856,406.821192843755,26919200
2024-03-06,395.15594482421875,398.17300979939284,391.51976940666486,396.020774001977,22344100
2024-03-07,402.0843200683594,402.71326755552275,395.30328784063323,399.1163813277323,18718500
2024-03-08,399.2146301269531,403.34221201538827,397.357209279769,400.9246137706761,18002200
2024-03-11,397.5439147949219,398.68391382966877,394.34015491255184,396.7970416276203,16120800
2024-03-12,408.1183776855469,408.4033849510457,399.77479973523793,400.5904729541975,22457000
2024-03-13,407.9414978027344,410.968369200055,404.35444900675975,410.88976201717287,17115900
2024-03-14,417.8869934082031,420.4421618629372,410.7816654727546,412.99286375239626,34157300
2024-03-15,409.2388000488281,415.3122180052063,405.67139503823444,412.0593017539116,45079900
2024-03-18,410.1232604980469,413.4744581297676,406.6442999374372,407.10619591579865,20106000
2024-03-19,414.1427001953125,414.39822603826195,408.38374152289526,410.62442124737834,19837900
2024-03-20,417.8968200683594,418.61421185332546,413.4056235884817,414.7225113763612,17860100
2024-03-21,421.9654235839844,423.3904300401875,419.7935438740281,422.41748239432127,21296200
2024-03-22,421.3462829589844,422.446963535343,418.7223444405752,422.2897491598315,17648500
2024-03-25,415.56768798828125,420.03924040543956,414.3392444656493,417.9066492539799,18060500
2024-03-26,414.3785400390625,418.64369211377476,414.08372560652526,418.2702405050307,16725600
2024-03-27,414.162353515625,417.13029224439015,411.7841036640323,417.12045509904823,16705000
2024-03-28,413.4645690917969,414.5947310272611,411.89215553357553,413.70042062857715,21871200
2024-04-01,417.2481994628906,420.5109524938084,414.9387197575333,416.6388963047316,16316000
2024-04-02,414.17218017578125,415.0959720756304,410.6342569413904,412.8650995128624,17912000
2024-04-03,413.1992492675781,415.96078773337547,411.8626872035861,412.49166464341647,16502300
2024-04-04,410.6735534667969,421.27748545517426,410.36890189824567,417.66092523693425,19370900
2024-04-05,418.1817932128906,419.1547408159618,411.10597696046364,412.76683489834704,16554800
2024-04-08,417.2678527832031,419.91146556821536,416.00009070624833,417.8378673566601,14272400
2024-04-09,418.9287109375,420.3635245342137,414.34907001434647,419.0859553029516,12496900
2024-04-10,415.9607849121094,416.7174952724338,412.4621804028437,414.90923013212864,16216600
2024-04-11,420.55023193359375,421.96540116941117,415.07628079166767,418.4766338120234,17966400
2024-04-12,414.6242370605469,417.84767154999884,412.5309645735886,416.7371538463039,19253800
2024-04-15,406.5067443847656,419.45944655068297,406.30034426550657,419.2432392766727,20273500
2024-04-16,407.4304504394531,411.18458077665684,406.59513289625886,407.4206432860486,16765600
2024-04-17,404.7377014160156,411.6563030616971,403.2537321874578,410.054408065017,15855500
2024-04-18,397.29827880859375,404.78689570186344,396.98382006074763,403.54861503604855,21029900
2024-04-19,392.23712158203125,398.4874581931933,390.9103965002531,397.06245162548737,30565800
2024-04-22,394.0453186035156,395.9027393940693,388.9251749817352,393.1804896634458,20286900
2024-04-23,400.5414123535156,401.1605527245356,396.10917826173034,397.2688218184954,15734500
2024-04-24,402.0057373046875,405.35693528195145,399.7650572191366,402.4971147795127,15065300
2024-04-25,392.15850830078125,392.99385593125254,381.3383676792714,387.2348968478242,40586500
2024-04-26,399.3129577636719,405.8777529623426,398.76261744709456,405.0620796331898,29694700
2024-04-29,395.31304931640625,399.3128678523342,392.3058225524822,398.26131320192326,19582100
2024-04-30,382.61590576171875,395.2246663994194,382.4586913890698,394.5662074998568,28781400
2024-05-01,388.1291809082031,394.7922572147303,383.57902141142335,385.8393454420747,23562500
2024-05-02,390.9791564941406,393.0331103770738,387.84416635932274,390.80226783236736,17709400
2024-05-03,399.6470642089844,400.12860445610875,394.92982324925293,395.3425934548566,17446700
2024-05-06,406.4084167480469,406.7916755135943,399.36205183771864,401.7108501382599,16996600
2024-05-07,402.28082275390625,407.5189223273103,402.0351340682459,407.5090851826696,20018200
2024-05-08,403.4601745605469,405.1210326153664,399.6962067828019,401.13105042212936,11792300
2024-05-09,405.20947265625,405.60256858412407,402.04500095122404,403.48965172941627,14689700
2024-05-10,407.58770751953125,408.2166849740278,404.698406069441,405.8187609135271,13402300
2024-05-13,406.58526611328125,411.13542506578466,403.73528354862395,410.8012920746048,15440200
2024-05-14,409.3763732910156,410.2903281379281,404.45276171039177,404.9146577068904,15109300
2024-05-15,416.5338439941406,417.2525598208021,410.81374213755174,411.433999213995,22239500
2024-05-16,414.4761962890625,418.8376756715858,413.84611435268135,415.2736611097877,17530100
2024-05-17,413.7082214355469,416.3763121358098,411.5619590644,416.0021869426872,15352200
2024-05-20,418.7589111328125,420.1667782061981,413.49168315107727,413.7082803966284,16272100
2024-05-21,422.40167236328125,426.27085809319817,418.27649987771593,420.2258450310574,21453300
2024-05-22,423.8587646484375,425.71953602839017,420.521232077242,423.4354250381628,18073700
2024-05-23,420.3931884765625,426.89107515061806,418.83764844643395,426.2708180980622,17211700
2024-05-24,423.5042724609375,424.39034103334086,417.84324041258554,420.58022514023406,11855300
2024-05-28,423.661865234375,424.15412896604386,419.999421868943,422.9825388810405,15718000
2024-05-29,422.5296325683594,424.27223522977,419.1034664398289,419.1034664398289,15517100
2024-05-30,408.25396728515625,417.7349403773821,407.8305976923989,417.7349403773821,28394500
2024-05-31,408.70684814453125,410.3017776619535,398.2511723788605,410.3017776619535,47995300
2024-06-03,407.1217346191406,409.98671278257075,402.59293289369214,409.10064418608687,17484700
2024-06-04,409.6323547363281,409.9966250957063,403.3412097338974,406.0486602967713,14348900
2024-06-05,417.4494323730469,417.51832644992857,409.85870521580796,411.3453510614717,16988000
2024-06-06,417.9515380859375,418.7293231019465,414.0724979392672,417.44944957036887,14861300
2024-06-07,417.2919616699219,419.68435613947076,416.4551073364084,419.60560716420275,13621700
2024-06-10,421.249755859375,421.45649821147657,417.3313558315188,418.1288206635897,13982900
2024-06-11,425.9853210449219,426.1231693068597,418.670289453605,418.89674157876317,14551100
2024-06-12,434.2356262207031,436.5394165910894,426.54647009815636,428.58444890305617,22366200
2024-06-13,434.7476501464844,436.52967260389505,432.5718527345657,434.02896428414414,15960600
2024-06-14,435.7222900390625,436.2834778568933,429.96279885352675,431.49865916361745,13582000
2024-06-17,441.4325256347656,443.9627681496181,433.9008973733048,435.741958721063,20790000
2024-06-18,439.4339599609375,443.1751821409538,438.00641324566425,442.75181252074634,17112500
2024-06-20,438.80389404296875,439.62103860195157,434.442414629224,439.3945864733692,19877400
2024-06-21,442.8207092285156,443.6083190884872,439.6013156180092,440.4578496032106,34187100
2024-06-24,440.743408203125,445.74479433203504,439.5028940256874,442.8404263927747,15913700
2024-06-25,443.97265625,444.4353853435752,439.83762902888526,441.3144201727987,16413400
2024-06-26,445.16387939453125,446.5816011478092,441.25530470792563,442.05276943847076,16507000
2024-06-27,445.84326171875,449.11190006347704,444.7799552473841,445.1836151073107,14806300
2024-06-28,440.0345458984375,448.3341049043701,439.50289267468526,446.059848949654,28362300
2024-07-01,449.6632385253906,450.2933204774516,438.76451231040363,441.71809469633655,17662800
2024-07-02,452.17376708984375,452.47896819642483,446.09921948918884,446.1878533998419,13979800
2024-07-03,453.6406555175781,453.88678735468443,450.79538710423196,451.1005881786126,9932800
2024-07-05,460.32562255859375,461.10340760685847,451.8685359116121,452.4986178155469,16000300
2024-07-08,459.02606201171875,460.4634937005408,457.27360437796756,459.33126311315795,12962300
2024-07-09,452.42974853515625,460.09919566591896,450.9135678636905,459.77431483044427,17207200
2024-07-10,459.0359191894531,459.24266153927346,451.76024698147666,454.0837473649462,18196100
2024-07-11,447.6646423339844,457.58866578342753,444.5633568384772,455.81652839633193,23111200
2024-07-12,446.5323791503906,449.29889867197954,443.67725577045155,447.3003093014831,16324300
2024-07-15,446.93609619140625,450.18505497376174,444.4452428142979,446.2863044349352,14429400
2024-07-16,442.56475830078125,447.27079820143007,439.7490242805094,447.19204922721934,17175700
2024-07-17,436.6575927734375,437.9670310742686,432.38474735385836,435.74198947896895,21778000
2024-07-18,433.55633544921875,437.7701116080265,427.6787055457858,437.46491051123894,20794800
2024-07-19,430.3467712402344,434.3144456334854,425.31585048613374,426.39883667006126,20940400
2024-07-22,436.0865783691406,437.7208974938516,432.1189340633458,434.95437784378936,15808800
2024-07-23,437.96697998046875,441.4522150715158,436.24405718750495,437.03166701756135,13107100
2024-07-24,422.2637939453125,434.64916540683873,420.9740654607642,433.6351033912307,26805800
2024-07-25,411.92626953125,423.14987619224735,411.05005574464656,422.1653487650477,29943800
2024-07-26,418.6899719238281,422.28352110182095,410.8137524352177,411.72938578526725,23583800
2024-07-29,420.12738037109375,425.46350195400487,418.1287909882396,424.90231413559286,15125800
2024-07-30,416.3763427734375,422.4114705197089,410.90234276735913,421.1020622928212,32687600
2024-07-31,411.8770751953125,415.25399722383173,405.83206207673004,413.99380325758636,42891400
2024-08-01,410.6561584472656,420.84602178221576,406.6983696065998,414.27924166429307,30296400
2024-08-02,402.1695861816406,408.5788691410044,398.08380349930894,406.10769576372263,29437900
2024-08-05,389.0360107421875,394.83489176821496,379.6140759587015,383.1485558976655,40709200
2024-08-06,393.427001953125,399.3932659734361,392.33419089963513,393.8109820824443,24946500
2024-08-07,392.26519775390625,403.73493458005663,391.3200599759009,402.31724293574274,20650900
2024-08-08,396.4593505859375,399.58028569311574,393.7519001712231,396.2132187300544,20203000
2024-08-09,399.73779296875,401.73638233312255,396.03599047899144,397.77859311198716,19276700
2024-08-12,400.51556396484375,402.4354042920839,397.98532149531104,400.7616957993417,16762900
2024-08-13,407.6042175292969,408.52967573215994,403.23291326546496,403.2525929980432,19414300
2024-08-14,410.4100646972656,411.25677385836923,406.0683254390975,408.3819407203729,18267000
2024-08-15,415.2626953125,415.34158622213624,411.9388626649199,414.0495331175792,20752100
2024-08-16,412.7377624511719,415.5684441235936,411.5837759699612,414.83859034033384,22775600
2024-08-19,415.7558288574219,415.97281647426513,410.7552711189502,413.22102581055816,15234000
2024-08-20,418.9810485839844,420.0265262237166,415.86436096713305,415.92353667507666,16387600
2024-08-21,418.330078125,420.5590998224222,415.9432144212139,418.27087232284174,16067300
2024-08-22,409.8577575683594,420.94381179948715,408.9306313403218,418.54707521874735,19361900
2024-08-23,411.0807800292969,413.51694694228206,406.4451490290269,411.2681797994915,18493800
2024-08-26,407.82598876953125,411.56408163461276,405.7054455704439,410.6665432369522,13152800
2024-08-27,408.1711730957031,408.6840392458711,404.6303529004273,407.2045864016282,13492900
2024-08-28,404.9755859375,409.3153084895278,401.7306441001557,409.1969570716752,14882700
2024-08-29,407.4610290527344,416.268697643249,404.9755591436319,409.25610570352524,17045200
2024-08-30,411.4259948730469,411.7711764633265,406.4846126518204,409.90708149754283,24308300
2024-09-03,403.8314514160156,414.1284456363182,401.45446023053216,412.18542969380115,20313600
2024-09-04,403.2988586425781,405.6068015782242,398.830912042889,400.3498254636215,15135800
2024-09-05,402.7958679199219,407.4413416778363,400.5668158804491,402.0363961545014,14195500
2024-09-06,396.1974792480469,405.02486305915306,395.3097834719027,403.4566466739337,19609500
2024-09-09,400.1623840332031,403.0522412027111,396.641279237834,401.66155199530795,15295100
2024-09-10,408.5262756347656,410.627073483588,402.11531302402886,402.6084639940855,19594300
2024-09-11,417.2451477050781,418.1821164133012,403.9695029843538,409.80842324527,19266900
2024-09-12,421.15093994140625,421.51586685329676,414.00025068010603,417.51148327493246,17395700
2024-09-13,424.6917419433594,425.914746697553,419.6320082561189,419.9969351521576,15874600
2024-09-16,425.43145751953125,427.5914610863902,422.3542004104568,424.70160374609685,13834700
2024-09-17,429.1892395019531,435.79747386739723,426.34868538784633,434.199669703098,18874200
2024-09-18,424.9087219238281,430.05721907964937,424.5142071811442,429.04132931995406,18898000
2024-09-19,432.6808166503906,435.4523227974912,430.9153276838819,435.18603209956774,21706600
2024-09-20,429.3076477050781,433.22326773049826,428.2720426762547,431.2309485866615,55167100
2024-09-23,427.5717468261719,430.48131937501944,424.4944897103184,428.3311884542686,15128900
2024-09-24,423.2912292480469,427.4139642542688,420.2632749795507,427.06875254523504,17015800
2024-09-25,426.19091796875,427.1870925626301,422.69943076362244,423.94215074360574,13396400
2024-09-26,425.40185546875,429.33719028271923,423.2517246244965,429.1300753187062,14492000
2024-09-27,422.15692138671875,425.93447445668835,421.6144673905514,425.6089779793521,14896100
2024-09-30,424.40570068359375,424.52408219664926,419.54323948144145,422.3443332995087,16807300
2024-10-01,414.9273681640625,422.61066875300435,413.07311568923785,422.58108089859957,19092900
2024-10-02,411.4161071777344,417.02816727140424,411.00184714518315,416.79143435299875,16582300
2024-10-03,410.8341979980469,413.8029462214933,408.61501874387466,411.90926344701154,13686400
2024-10-04,410.3608093261719,414.00026612845136,409.28574375388894,412.5109404707377,19169700
2024-10-07,403.93011474609375,411.39639773757887,403.3975032576847,410.3016170053712,20919800
2024-10-08,409.02923583984375,409.9662346464486,402.5788433485802,405.2714281620606,19229300
2024-10-09,411.7416076660156,414.62162263212304,408.6248898614367,410.1635185105957,14974300
2024-10-10,410.1437683105469,411.63309377445904,407.49061385739407,409.5421386142519,13848400
2024-10-11,410.6172180175781,411.41612015597997,407.589263932771,410.4396908978323,14144900
2024-10-14,413.39862060546875,418.2314942204609,411.8007861364326,412.0473616280092,16653100
2024-10-15,413.0040283203125,416.692817718463,409.5717171353566,416.3969091028174,18900200
2024-10-16,410.419921875,410.65662468764714,404.85719508098555,409.4829531752425,15508900
2024-10-17,411.01171875,416.71254238623703,409.8971928147913,416.5744456758898,14820000
2024-10-18,412.4320068359375,413.9015870376485,410.55803924257515,411.42598973201757,17145300
2024-10-21,413.04351806640625,413.22104518863654,408.08242059822123,410.4199513395574,14206100
2024-10-22,421.65399169921875,424.6819160644371,412.3137102440662,412.75752809912296,25482200
2024-10-23,418.7837829589844,425.1749998576998,416.7421308498749,424.95801224079617,19654400
2024-10-24,418.9119873046875,420.14486459281426,416.61388718387514,419.5037443233538,13581600
2024-10-25,422.28515625,426.5952907757042,420.72681247783265,420.9142122484759,16899100
2024-10-28,420.74652099609375,426.02324214447043,420.46048501920137,425.7470788183642,14882400
2024-10-29,426.03314208984375,427.2364316805858,419.9673609785876,422.1372373224,17644100
2024-10-30,426.60516357421875,432.4933871760131,426.1810609771617,431.4479095602445,29749100
2024-10-31,400.7837829589844,410.4594021869807,400.7344498042727,409.6703426075015,53971000
2024-11-01,404.74871826171875,409.80845197934053,401.9180365381017,403.40736208449033,24230400
2024-11-04,402.8648681640625,404.7980415718176,400.01447130701087,404.18650910637746,19672300
2024-11-05,405.82379150390625,409.21667261639857,402.49008610038965,402.7761220934701,17626000
2024-11-06,414.4243469238281,414.69066771455005,404.8966664565658,406.77066424480597,26681800
2024-11-07,419.6024169921875,421.0029789570154,414.12845339700306,415.5092700597973,19901800
2024-11-08,416.75201416015625,420.65776126477715,416.0024150826717,419.4939322441371,16891400
2024-11-11,412.2840881347656,418.99092936118404,410.301611581567,416.7322894657105,24503300
2024-11-12,417.2353210449219,418.626010434167,411.48519380527927,412.52079883366196,19401200
2024-11-13,419.3756103515625,423.44901221052845,412.481339102593,415.8643777407356,21502200
2024-11-14,421.04241943359375,422.304884622317,414.24678510633004,419.17829445283394,30246900
2024-11-15,409.3153381347656,417.0084818478404,407.9739818358906,414.0693210931382,28247600
2024-11-18,410.0649108886719,412.6687324009395,406.4550421174999,409.18708769998454,24727000
2024-11-19,412.0671081542969,412.2150474297726,405.9125633985823,407.45119206262405,18133500
2024-11-20,409.798583984375,411.57394553855335,404.9558378403451,411.1596854793811,19191700
2024-11-21,408.0295715332031,414.85856338751086,405.47983232208855,414.5818472703372,20780200
2024-11-22,412.11114501953125,412.50644943843054,406.2407824115055,406.547145598137,24814600
2024-11-25,413.8801574707031,416.14328803070504,409.9863472135053,413.4749606494442,27691100
2024-11-26,422.9723205566406,424.0100286609721,413.93949178519347,414.67080652096905,23458900
2024-11-27,418.0309143066406,422.22122564388053,417.07228524559736,420.12605489536344,18332400
2024-11-29,418.4954528808594,419.89881842784905,412.90180567999255,415.1649667399431,16271900
2024-12-02,425.9272766113281,427.92358362660957,416.37063273208213,416.62759418862754,20207200
2024-12-03,426.1446533203125,427.3997530713115,422.7251964040861,424.80058218242306,18302000
2024-12-04,432.2917785644531,434.5153999624501,427.55792723241916,427.95323167121506,26009400
2024-12-05,437.4307861328125,439.44687793021666,431.0564230401268,432.7859063083414,21697800
2024-12-06,438.3696594238281,440.8699968788184,436.5907442566123,437.1145294101148,18821000
2024-12-09,440.7908935546875,443.0738089240489,435.3356203613735,437.4110061952819,19144400
2024-12-10,438.1324157714844,444.34868068132636,436.42271747683185,439.1800161501316,18469500
2024-12-11,443.7261047363281,445.0701760009867,438.84401807874156,438.84401807874156,19200200
2024-12-12,444.2894287109375,450.81205740820604,443.8446923743848,443.8446923743848,20834800
2024-12-13,442.0262451171875,446.13747735633456,440.3560560775405,443.1825414368637,20177800
2024-12-16,446.2956237792969,446.8787030896928,440.0596036741231,442.02626356510217,23598800
2024-12-17,449.1319885253906,449.9522746519603,444.2993336430134,445.7224537683285,22733500
2024-12-18,432.2620849609375,447.34315728839636,431.89639748062007,446.02876338491484,24444500
2024-12-19,431.9063415527344,437.98423408144293,431.2046739034814,436.4425256398133,22963700
2024-12-20,431.4813537597656,438.53762947103075,423.6047919913248,428.03224964237955,64263700
2024-12-23,430.147216796875,432.5190736490341,427.755575118412,431.619738686297,19152500
2024-12-24,434.1793212890625,434.4461751355928,429.09959787026054,429.5541964268554,7164500
2024-12-26,432.97369384765625,435.77053252746487,431.511064298451,433.9323230175154,8194200
2024-12-27,425.48248291015625,430.11749995724284,421.35149629533174,429.5047736371233,18117700
2024-12-30,419.849365234375,422.5374777077036,416.9537232035626,421.0649558192297,13158700
2024-12-31,416.55841064453125,421.72710593306806,415.72826227096317,421.1044871129431,13246500
2025-01-02,413.6726379394531,421.0748471756245,409.98638702094667,420.54116958363784,16896500
2025-01-03,418.38671875,419.0587393010629,414.62138898974536,416.1433125624827,16662900
2025-01-06,422.8340148925781,429.2281636678101,420.4918049209047,422.98225030348175,20573600
2025-01-07,417.41815185546875,425.60107637135604,415.8665512132567,423.9704269151791,18139100
2025-01-08,419.5824890136719,421.96423797941225,416.59790611740993,418.4953792965591,15054600
2025-01-10,414.038330078125,419.73078053679086,410.1543816529302,419.65173171033285,20201100
2025-01-13,412.2989501953125,413.593589604229,407.45640284839305,410.3717995418403,17604800
2025-01-14,410.79681396484375,414.81907549699406,405.90483432222504,412.91170951779225,16935900
2025-01-15,421.3119812011719,423.1304056035061,413.3662329233126,414.2161660512409,19637800
2025-01-16,419.6022644042969,424.45470380326,419.4145196873236,423.67398737859014,15300000
2025-01-17,424.0000915527344,429.3862083308609,423.1501885882937,429.0007661773637,26197500
2025-01-21,423.476318359375,425.8481750206776,420.61032363697626,425.1563998310193,26085700
2025-01-22,440.9688720703125,442.02630472978717,430.88844231911156,432.4301508467356,27803800
2025-01-23,441.47283935546875,441.5123788470024,436.3239289556834,436.81806704057095,18389300
2025-01-24,438.85394287109375,441.4135747027248,436.225124464603,439.94105276246916,15549500
2025-01-27,429.4653015136719,430.09781275609777,418.53496919379126,419.03899970511213,35647800
2025-01-28,441.9571228027344,443.1232814648123,426.3225862891417,429.50483681704293,23491700
2025-01-29,437.1441955566406,441.6408703345489,435.23682974085557,441.4530954449331,23581400
2025-01-30,410.12469482421875,417.9024230144378,408.31616280623206,413.86037732807745,54586300
2025-01-31,410.19390869140625,415.7579084081136,410.0456732964256,414.06796458574274,34161900
2025-02-03,406.1024475097656,410.53979775772405,403.8689337668832,406.774468051233,25679100
2025-02-04,407.5354309082031,409.0672770356713,404.9362598096777,407.8516865143663,20532100
2025-02-05,408.4446716308594,408.97831905399164,405.5885389886856,407.515689607161,16316700
2025-02-06,410.9449768066406,413.29707875974475,409.1463070589971,409.1463070589971,16309800
2025-02-07,404.9461669921875,413.7418190108213,403.31551731813784,411.59727657785896,22886800
2025-02-10,407.38720703125,410.5892121947109,406.10246006462063,408.85972888435845,20817900
2025-02-11,406.6163635253906,407.65404147500567,404.50143797348676,404.83747842325164,18140600
2025-02-12,404.2444763183594,405.93442005448907,399.6292135248499,402.435914112503,19121700
2025-02-13,405.72686767578125,406.18146622486773,401.59585076694265,402.22836193070845,23891700
2025-02-14,403.6416320800781,404.1160155029715,401.1215398904841,403.0091510093491,22758500
2025-02-18,404.83746337890625,405.78620005413757,401.7342617389566,403.2166759889158,21423100
2025-02-19,409.9073181152344,410.6188782021152,402.8707962337448,403.09811062253897,24114200
2025-02-20,412.07598876953125,415.2250013636158,408.52096684547683,411.24417583261857,23508700
2025-02-21,404.233154296875,413.97728805449503,403.91629474772697,413.2742134325657,27524800
2025-02-24,400.06414794921875,405.38182745676596,395.429748735741,404.5302202614153,26443700
2025-02-25,394.0235595703125,398.00441513588805,392.8352683816966,397.1923965138258,29387400
2025-02-26,395.8357849121094,399.6680779917259,390.40916096474115,394.13254018558297,19619000
2025-02-27,388.7059020996094,401.7871994813194,388.3494237890168,397.36074580317216,21127400
2025-02-28,393.1224060058594,393.7561854578909,382.80393739721217,388.83460333794534,32845700
2025-03-03,384.7052307128906,394.93461038215554,382.39794340981075,394.93461038215554,23007700
2025-03-04,384.8240661621094,388.755390806373,377.2882188683939,379.66483152587324,29342900
2025-03-05,397.1131591796875,397.7568509049982,385.02212029604283,385.54695570418704,23433100
2025-03-06,393.0234069824219,398.2321421191711,388.8544001591339,390.43881857931865,23304600
2025-03-07,389.478271484375,390.9537458547577,381.7839796807534,388.497925986767,22034100
2025-03-10,376.4563903808594,382.6355890788174,373.5450301742595,382.08104715568106,32840100
2025-03-11,376.74359130859375,382.23950999896846,373.2380702422645,375.30770541349494,30380200
2025-03-12,379.5361022949219,381.46711712441265,375.25821149680263,379.2192427611773,24253600
2025-03-13,375.0799255371094,381.5661320778761,373.7728082450696,379.4271716632625,20473000
2025-03-14,384.7745361328125,386.42827981726157,375.8127158813028,376.08007458561946,19952800
2025-03-17,384.9132080078125,388.88412112316473,381.813696346666,382.9326924641042,22474300
2025-03-18,379.78363037109375,383.5961286419255,377.38722360904,383.2990634136601,19486900
2025-03-19,384.0417785644531,385.8836435250732,380.2589866011294,381.7740797920575,19185500
2025-03-20,383.07135009765625,387.97313863322194,379.5460345045817,381.98206039861145,18470500
2025-03-21,387.4482421875,387.92354654843615,379.0706401827953,379.4865617188815,39675900
2025-03-24,389.25048828125,391.54789342681113,386.0123564410982,391.54789342681113,21004500
2025-03-25,391.310302734375,392.49859404377867,388.81486378638266,390.08239264857633,15775000
2025-03-26,386.17083740234375,391.45881045430576,384.7844825194778,391.15183295239507,16108400
2025-03-27,386.7748718261719,388.41870337339975,383.62585932715103,386.3292739557081,13766800
2025-03-28,375.109619140625,385.3389984995421,373.2578420054409,384.2992097422753,21632000
2025-03-31,371.73291015625,373.39653609737746,363.66228447346174,368.91066922952973,35184700
2025-04-01,378.4666442871094,379.12021808448793,369.59394254927554,371.0000917512926,19689500
2025-04-02,378.4171447753906,381.3284750168948,372.95090216784337,374.2877562933966,16092600
2025-04-03,369.4750671386719,373.80251903809335,365.7517184220645,371.13872318254886,30198000
2025-04-04,356.3343505859375,370.94065262193254,355.97787229621173,360.5825648601157,49209900
2025-04-07,354.3736572265625,367.38565979064595,341.43101018463227,347.4616768226877,50425000
2025-04-08,351.10577392578125,370.0097901278565,346.83776558065426,364.6723167446661,35868900
2025-04-09,386.68572998046875,389.39905670107095,349.66000929830324,350.0957251156184,50199700
2025-04-10,377.6347961425781,380.1599412978202,364.21678559967916,378.33787067807094,38024400
2025-04-11,384.6656188964844,386.25000705363004,375.1987576222842,376.9317086118959,23839200
2025-04-14,384.0318603515625,390.8052198187617,380.46692636349223,389.38915847164185,19251200
2025-04-15,381.9721374511719,388.07212889209285,380.41742551182244,384.7250528209778,17199900
2025-04-16,367.9896545410156,377.8922316795949,364.41483869971677,376.9614172312142,21967800
2025-04-17,364.1969909667969,370.6732850580017,363.31567729138493,370.10883089247193,21120200
2025-04-21,355.62139892578125,360.92919678600947,352.2050274305898,359.28536510699473,20807300
2025-04-22,363.246337890625,364.1870645763753,356.3541225187108,359.83984897446516,19485000
2025-04-23,370.74261474609375,376.68416126561135,369.38593623911186,372.3963282706759,20545500
2025-04-24,383.52679443359375,384.6656149627633,371.53478821384334,372.0398293104223,22232300
2025-04-25,388.0325012207031,388.33947870228997,380.8531326101871,383.2297451406492,18973200
2025-04-28,387.3492126464844,388.9138065441973,382.87325863987553,388.1414067328739,16579400
2025-04-29,390.2012023925781,391.2508732709842,386.5768551213708,387.4878753983452,14974000
2025-04-30,391.4092712402344,392.79562598704683,380.69467558939255,386.49757125114587,36461100
2025-05-01,421.2556457519531,432.7327295827746,420.76051687113977,426.9100091091665,58938100
2025-05-02,431.0393981933594,435.1588741169636,425.80092616148227,427.533877248033,30757400
2025-05-05,431.9207458496094,435.2182909345157,427.9002714913439,428.652877068793,20136100
2025-05-06,429.0885925292969,433.46554517602334,426.9694566129341,427.9894209087166,15104200
2025-05-07,429.1282043457031,433.8517229596541,426.9100064238295,429.61342097536215,23295300
2025-05-08,433.9012756347656,439.34769356127396,431.4157188741818,433.66359321182534,23491300
2025-05-09,434.4557800292969,436.4461774951318,431.6335394854884,435.7133964534002,15324200
2025-05-12,444.8832092285156,444.9921230759706,435.4955548202822,441.5955462250109,22821900
2025-05-13,444.7643737792969,446.27946690563454,441.0211705280613,443.4176075446257,23618800
2025-05-14,448.52734375,449.4779827199474,443.7741186799948,443.7741186799948,19902800
2025-05-15,449.5392761230469,452.57502540604634,446.860659567107,447.1979616790238,21992300
2025-05-16,450.6702575683594,450.7595407562394,445.1741794982958,448.4678481067336,23849800
2025-05-19,455.2337646484375,455.9480603525366,447.2277066057748,447.3070896149787,21336500
2025-05-20,454.5393371582031,454.70797307292094,450.71983965496236,451.9797648957129,15441800
2025-05-21,448.98370361328125,454.1524094962116,448.229716398419,450.9678549991314,19216900
2025-05-22,451.2555847167969,456.6028878213618,450.3032004241896,451.34489818162797,18025600
2025-05-23,446.6126708984375,450.0948666019555,445.3527455471655,446.414273906322,16883500
2025-05-27,457.0393371582031,457.2972865174385,452.5055441364309,452.86270711658346,20974300
2025-05-28,453.7357482910156,458.8548627693229,453.3091629867606,457.56517641086623,17086300
2025-05-29,455.0453186035156,458.0612374989779,451.702028016876,457.89257129241645,13974800
2025-05-30,456.7119445800781,458.02149174118404,451.93016282180776,456.07703188956276,34770500
2025-06-02,458.3092346191406,458.44810948050275,453.2695031394806,453.51752207653715,16626500
2025-06-03,459.3013000488281,460.4620419695056,457.20800452370844,457.8131864599202,15743800
2025-06-04,460.19415283203125,461.9997378828715,459.35088242690273,460.3231275179124,14162700
2025-06-05,463.9739685058594,465.92835889810493,460.35289815926444,461.2755213187348,20131700
2025-06-06,466.6525573730469,469.5890928719542,465.06523024972654,466.3648469522318,15285600
2025-06-09,469.0038146972656,469.67841894667356,464.90653697170796,465.9779957450024,16469900
2025-06-10,467.18829345703125,469.0533703074369,463.2596519580402,467.45614299188406,15375900
2025-06-11,468.87481689453125,471.7022387212418,465.93828127215454,466.29541399515057,16399200
2025-06-12,475.0752868652344,476.6130223697302,469.7676758011157,471.2557893550323,18950600
2025-06-13,471.1962890625,475.3828499324856,469.0137405811006,472.6348110082228,16814500
2025-06-16,475.3431701660156,476.8808754060361,471.23596219473825,471.44428961660435,15626100
2025-06-17,474.25189208984375,474.9463269378011,470.3232503868908,471.63279762120845,15414100
2025-06-18,476.4344177246094,477.1884049341582,470.70022147094187,474.2121778763568,17526500
2025-06-20,473.6169738769531,479.6289507141904,473.09117492174096,478.4087168746746,37576200
2025-06-23,482.1487731933594,483.8849056071214,468.76568216065505,474.4204952857464,24864000
2025-06-24,486.2261962890625,487.9524285572733,482.9424282150726,485.07541514458467,22305600
2025-06-25,488.36907958984375,490.64094135329833,485.5119270894243,488.1409215620263,17495100
2025-06-26,493.5080871582031,494.09340820956044,488.9048412091741,489.0735074056833,21578900
2025-06-27,492.0100402832031,495.3434002058453,489.12309627390664,493.60726767719865,34539200
2025-06-30,493.4684143066406,496.79187420420715,491.4048797426009,493.101351114434,28369000
2025-07-01,488.15087890625,494.1033336285329,487.0893808236798,492.53586720632853,19945400
2025-07-02,487.198486328125,489.5893925672679,484.82744098086494,486.107196925814,16319600
2025-07-03,494.8870849609375,496.16687121115365,489.52988173373706,489.89694493303733,13984800
2025-07-07,493.77593994140625,494.7977767455099,491.3056810299541,493.4386378219278,13981600
2025-07-08,492.68463134765625,494.25212791462184,490.1945116420166,493.2997134401056,11846600
2025-07-09,499.5200500488281,502.76412671878114,495.77990524850594,496.3354652236218,18659500
2025-07-10,497.50616455078125,500.4427003321828,493.80571105535574,499.0637004891913,16492100
2025-07-11,499.3315734863281,501.0280145407016,493.85529597280816,494.5200000462786,16459500
2025-07-14,499.033935546875,499.9764196247383,497.0597144820079,497.5458219138798,12058800
2025-07-15,501.8117370605469,504.27206541624594,498.805748905247,499.033906939414,14927200
2025-07-16,501.6133117675781,502.70460109528983,497.9128887743687,501.17679603649344,15154400
2025-07-17,507.6451721191406,509.3019216630888,501.61333461976557,501.67285674255714,17503100
2025-07-18,506.00823974609375,510.56189422136015,503.40900604524023,510.4031281876361,21209700
2025-07-21,506.01812744140625,508.0320701704435,501.54385636100875,502.69466780228106,14066800
2025-07-22,501.26611328125,507.1491456054249,501.26611328125,506.92095727911294,13868600
2025-07-23,501.8613586425781,502.77408166088094,496.73234393031225,502.73439015336794,16396600
2025-07-24,506.8316345214844,509.5995039044367,503.27998658866585,504.73833906736274,16107000
2025-07-25,509.6392517089844,514.1829150146133,506.3157616392057,508.409026924469,19125700
2025-07-28,508.4388122558594,510.91900158393673,506.07766717141,510.0063088656235,14308000
2025-07-29,508.5082702636719,513.5182406496896,507.50626407616875,511.4448362580723,16469200
2025-07-30,509.1729431152344,511.86149016920456,505.4030674134904,511.08764202727673,26380400
2025-07-31,529.2723388671875,551.0484106553389,527.6850421089878,550.8301225339796,51617300
2025-08-01,519.9568481445312,531.5542170062565,516.7326017006552,530.7605684534492,28977600
2025-08-04,531.3954467773438,533.9847498429226,523.9449485218581,524.0838536533402,25349000
2025-08-05,523.5679321289062,533.0422426180032,523.0619638515897,532.9231983823397,19171600
2025-08-06,520.7802124023438,527.4866537198485,519.8774501718309,526.6930052823053,21355700
2025-08-07,516.7127685546875,523.9053178574718,513.4488005319126,522.6255013664995,16079100
2025-08-08,517.9032592773438,520.5024931820143,515.2940949258492,518.4588193359411,15531000
2025-08-11,517.6353759765625,523.4092640243366,515.6015722772428,518.1611446296885,20194400
2025-08-12,525.0462036132812,526.7724058726347,518.5580494708657,519.5997169841131,18667000
2025-08-13,516.454833984375,528.4787877679453,515.2544004746543,527.8934364066101,19619200
2025-08-14,518.3396606445312,521.7821945996749,516.0182375574066,518.4190436500928,20269100
2025-08-15,516.0480346679688,521.9310366989816,514.9667059909838,518.6274679925785,25213300
2025-08-18,513.0023193359375,518.6770238166106,509.9467697824549,517.4567900842618,23760600
2025-08-19,505.73046875,511.0777415589167,504.5201350651639,510.919036073865,21481000
2025-08-20,501.7125244140625,506.9506829011106,500.44266872858867,505.8296325155463,27723000
2025-08-21,501.0666198730469,504.43529989468334,499.55619671725805,500.5200933584279,18443300
2025-08-22,504.0378112792969,507.51578439064156,499.248138173549,501.07655468445085,24324200
2025-08-25,501.0865173339844,504.9917771303553,500.9473838488724,503.44159720621536,21638600
2025-08-26,498.8804931640625,501.801993130018,495.3727099158942,501.1858695359189,30835700
2025-08-27,503.5509033203125,504.09746017877256,496.75395340313815,498.8407434548062,17277900
2025-08-28,506.4326477050781,507.87350408410515,502.3186878124423,503.89867767213724,18015600
2025-08-29,503.5011901855469,506.39287997665497,501.3150235761296,505.458793364042,20961600
2025-09-02,501.9410705566406,502.81553721257154,493.68337117589067,497.32034095368414,18128000
2025-09-03,502.1696472167969,504.5942937991858,499.1587173668126,500.6194673133705,16345100
2025-09-04,504.7731628417969,504.95202275876863,499.983489561643,501.1262461318779,15509500
2025-09-05,491.884765625,508.74796779288187,489.27131242222254,505.86622472604114,31994800
2025-09-08,495.06463623046875,498.04575600626316,491.91457299081776,494.97517595073856,16771000
2025-09-09,495.2733154296875,499.0891451753406,494.5677922273047,498.27429847652155,14410500
2025-09-10,497.2209777832031,500.06299449245154,493.5939546766565,499.81456783685906,21611800
2025-09-11,497.85699462890625,500.0034047018473,494.7466878610638,499.0891812108548,18881600
2025-09-12,506.6910095214844,509.32432605160386,500.67909648146514,503.4614629424367,23624900
2025-09-15,512.1166381835938,512.2259313574772,503.80926524972944,505.58800862213144,17143800
2025-09-16,505.83642578125,513.9748550906477,505.3991924428879,513.6270820344445,19711900
2025-09-17,506.81024169921875,508.07226852063866,502.74598524416496,507.4064717390096,15816600
2025-09-18,505.2501525878906,509.84107240669834,504.4651158521554,508.270998935228,18913700
2025-09-19,514.6704711914062,516.0318444319288,507.09843147001845,507.34685812925306,52474100
2025-09-22,511.21240234375,514.48167541423,509.3143886623668,512.3452424901319,20009300
2025-09-23,506.0252685546875,511.35155218118825,504.1173383670773,510.5664850795932,19799600
2025-09-24,506.9394226074219,509.2547456727144,503.72976965544393,507.16798604562155,13533700
2025-09-25,503.83905029296875,506.8003068435259,501.8615838862597,505.1010467430239,15786500
2025-09-26,508.2411804199219,510.70558375978015,503.4316440082871,506.849997214163,16213100
2025-09-29,511.3613586425781,513.5971983462931,505.6773863749633,508.28089264453985,17617800
2025-09-30,514.6903686523438,514.8990082310244,506.45253207823936,510.0099885223437,19728200
2025-10-01,516.4392700195312,517.2342231556227,508.4697238165545,511.56013673304216,22632300
2025-10-02,512.4942626953125,518.3173691617891,507.4661094259624,514.3823296081488,21222900
2025-10-03,514.0940551757812,517.2143082734997,511.75886906280147,513.8456285403139,15112300
2025-10-06,525.2435302734375,527.6880704621805,514.9387971845453,515.3461902238155,21388600
2025-10-07,520.682373046875,526.4657528279373,518.1583800775612,524.9652461341774,14615200
2025-10-08,521.546875,523.6336952116123,519.7980023635643,519.9868090400763,13363400
2025-10-09,519.1123657226562,521.0302122328587,514.1438325922749,519.0527457511332,18343600
2025-10-10,507.74432373046875,520.2849266906686,506.42270727517143,516.3697201998212,24133800
2025-10-13,510.8148498535156,513.159982800976,508.45977013619586,513.159982800976,14284200
2025-10-14,510.3379211425781,512.0371813139038,502.8155546768959,507.01894463812107,14684300
2025-10-15,510.19879150390625,513.93513816427,506.7903850161382,511.71919177145384,14694700
2025-10-16,508.3902282714844,513.597241245564,504.93214864922606,509.3541552294708,15559600
2025-10-17,510.3478698730469,512.235876086287,504.1173098719632,505.8364332653001,19867800
2025-10-20,513.53759765625,515.4356111738924,510.19875812962454,511.37132460679527,14665600
2025-10-21,514.4021606445312,515.4257076122852,509.81124074780416,514.2431942660954,15586200
2025-10-22,517.2640991210938,521.9245862885218,514.4519526367303,517.8703063443006,18962700
2025-10-23,517.283935546875,520.6526156742948,515.3461954332505,519.1720024577996,14023500
2025-10-24,520.314697265625,522.0437370421222,517.4329845218087,519.499850577073,15532400
2025-10-27,528.1749877929688,531.2157277722118,525.6807743511338,528.4333612309177,18734700
2025-10-28,538.6585693359375,550.2352153811122,537.366762825241,546.5386557673307,29986700
2025-10-29,538.141845703125,542.8321728172806,533.3521721804118,541.510525937623,36023000
2025-10-30,522.4512329101562,531.6032326010347,518.834126044735,527.1414993194383,41023100
2025-10-31,514.5512084960938,525.9887810857076,511.85824179468614,525.5515477587454,34006400
2025-11-03,513.7761840820312,521.6562706261378,511.35153740299523,516.5386570612455,22374700
2025-11-04,511.0931701660156,512.3054631947169,504.64399323613884,508.53933673798264,20958700
2025-11-05,503.96826171875,511.5900049686576,503.39189488693165,510.06960470137113,23024300
2025-11-06,493.9715576171875,502.51744045426454,492.6896676102462,502.47768369906356,27406500
2025-11-07,493.6933288574219,496.2372153715257,490.1457889557352,493.8225155697467,24019800
2025-11-10,502.8155517578125,503.66020845333964,495.66085193460816,496.8930687697553,26101500
2025-11-11,505.4786682128906,506.39289163210333,499.18851875070465,501.6230817360039,17980000
2025-11-12,507.9232482910156,508.449911619763,495.97887455805096,506.15442128351987,26574900
2025-11-13,500.1225891113281,510.26832472026865,498.1351759673349,507.098398329558,25273100
2025-11-14,506.9692077636719,508.38028442839277,494.30939583697693,495.09443251402297,28505700
2025-11-17,504.2961730957031,508.8970396915909,501.73242330739504,505.2501533046029,19092800
2025-11-18,490.6824035644531,499.8145698875434,483.71651040889276,492.2524466910109,33815100
2025-11-19,484.0543518066406,492.0735713081103,479.79134202204426,487.0156083775533,23245300
2025-11-20,476.308837890625,491.38172816347884,473.39183555424523,490.525525238351,26802500
2025-11-21,470.0268249511719,476.796695003642,466.19388806310616,476.3785437287191,31769200
2025-11-24,471.89849853515625,474.7856351712577,465.94500021095376,472.8940649877621,34421000
2025-11-25,474.8752136230469,477.0256407210385,462.82888433135173,471.9681767111092,28019800
2025-11-26,483.3475341796875,486.14507360501653,479.06661039650686,484.1539406114854,25709100
2025-11-28,489.82867431640625,490.44592067381114,484.49242217644115,485.4382224868377,14386700
2025-12-01,484.5820007324219,487.68816317334665,482.5012705124726,486.27447583839387,23964000
2025-12-02,487.82757568359375,491.312058367048,484.16389832530854,484.56211884124775,19562700
2025-12-03,475.6119689941406,482.09308589504883,473.0931871020635,474.2082166599713,34615100
2025-12-04,478.70819091796875,479.1860737742951,474.377470578239,477.6329924690825,22318200
2025-12-05,481.01788330078125,481.2568095233099,476.7568601661199,480.3807061976695,22608700
2025-12-08,488.8430480957031,490.11737199051475,482.2325023858298,482.74025101921535,21965900
2025-12-09,489.8385925292969,489.93815525049575,486.33420957194573,486.93155551686203,14696100
2025-12-10,476.43829345703125,482.10306917330496,472.9737111601482,481.88404333185355,35756200
2025-12-11,481.3265075683594,483.8751552220924,473.750231167373,474.51683677020293,24669200
2025-12-12,476.4084167480469,480.31105063829824,474.22812377070755,477.69270598810584,21248100
2025-12-15,472.7148742675781,478.588710310573,470.42505317808707,477.97146396596463,23727700
2025-12-16,474.2779235839844,475.7712732838117,468.79234263095657,469.8177748762136,20705600
2025-12-17,474.00909423828125,477.8718969329872,472.8940646732686,474.79560024235434,24527200
2025-12-18,481.8342590332031,487.4293375934554,475.7712630284666,476.06992080908344,28573500
2025-12-19,483.7656555175781,485.68709144559693,480.35083955461556,485.1992432324443,70836100
2025-12-22,482.7701110839844,486.5632169440421,480.5499868948874,483.9647726311972,16963000
2025-12-23,484.6915283203125,485.66716398872717,482.59086732909867,482.8298239351052,14683600
2025-12-24,485.8563232421875,486.99128356758627,482.680463867149,483.5267014178325,5855900
2025-12-26,485.5476989746094,485.9558848600665,483.8054577080926,484.5521325365998,8842200
2025-12-29,484.9404296875,486.1848877649252,482.0333622504328,482.71034015280554,10893400
2025-12-30,485.3187255859375,487.5089534635432,483.3474931520442,483.77557941756965,13944500
2025-12-31,481.4758605957031,485.97584057107747,481.15727202744546,485.6771523949816,15601600
2026-01-02,470.84320068359375,482.5112407273309,468.07552715971417,482.24244872265706,25571600
2026-01-05,470.7536315917969,473.9593569778809,467.4184776979013,471.95825856508776,25250300
2026-01-06,476.3885192871094,476.617480129593,467.6673473241013,471.69937935780575,23037700
2026-01-07,481.3265075683594,487.5288974221053,475.83099176167434,477.63296458601815,25564200
2026-01-08,475.9902648925781,480.5201105081445,473.7502403609407,479.10639276886474,18162600
2026-01-09,477.15509033203125,477.6927047258898,470.106493184136,471.9582322108041,18491000
2026-01-12,475.06439208984375,478.85749783991434,473.57104241242143,474.5566738594685,23519900
2026-01-13,468.5832824707031,473.6706125344443,463.88420753037366,472.57548334410274,28545800
2026-01-14,457.34332275390625,466.1242261748137,455.1431293963808,464.3919198839424,28184300
2026-01-15,454.6353759765625,462.19172164087615,453.8787357567712,462.062293141988,23225800
2026-01-16,457.8211669921875,461.1364202404358,454.45617795729186,455.8001683410004,34246700
2026-01-20,452.5048828125,454.77477325819245,447.2881239806389,449.2195254560932,26130000
2026-01-21,442.1410217285156,450.6829992738946,436.7351029497524,450.5934019351739,37980500
2026-01-22,449.1398620605469,450.8323067932568,442.7284117030413,445.6354487179439,25349400
2026-01-23,463.8841857910156,469.01134678020316,448.5325382185013,449.8665935761158,38000200
2026-01-26,468.19500732421875,472.1474075016215,459.9517180089597,463.2470406576191,29291200
2026-01-27,478.4493103027344,480.72916597612596,471.0622242712429,471.5998386603028,29213900
2026-01-28,479.49468994140625,481.59532063648624,475.8807787479093,481.06767161592717,36875400
2026-01-29,431.57806396484375,440.5381621786467,419.1533835040837,438.0392806211351,128855300
2026-01-30,428.38232421875,437.65104604221966,424.5593524472701,437.2229597325442,58566800
2026-02-02,421.49298095703125,428.8303011436502,420.37795134689077,428.33251789753194,42219900
2026-02-03,409.3868713378906,420.178808008447,406.7486263222299,420.1390072256922,61424100
2026-02-04,412.3536682128906,417.9387813848693,407.4256021580933,409.1778088233149,45012400
2026-02-05,391.9246520996094,406.4897635323938,390.5806313349955,405.6335909812077,66289200
2026-02-06,399.3615417480469,400.0086538663787,391.17798428483076,397.4002746193236,53515300
2026-02-09,411.76629638671875,413.05058563481117,399.0927243377603,403.0550898097971,45480500
2026-02-10,411.437744140625,421.80159473973595,410.8702943432265,417.75959730190846,44857900
2026-02-11,402.57720947265625,414.61360447479314,399.23212070980424,414.3348470778888,42491000
2026-02-12,400.05841064453125,404.3990960787573,396.24540458526855,403.20440420967,40802400
2026-02-13,399.5407409667969,403.7420326637702,396.2852191820681,402.65686886295305,34091600
2026-02-17,395.1004943847656,398.7442713079252,392.78083787972264,397.45004705087115,32078800
2026-02-18,397.828369140625,400.77523739702553,394.5629123207548,396.3648852083561,23223400
2026-02-19,397.5988464355469,403.55594539020564,395.8127368785549,399.82403795970674,28234000
2026-02-20,396.37152099609375,399.2552593187824,394.3059873534157,395.2539159508346,34015200
2026-02-23,383.6390686035156,394.50551684604494,382.27203437696886,394.14630950985264,43238300
2026-02-24,388.1593017578125,388.5185091169527,380.88504821898124,383.30981969967445,33884700
2026-02-25,399.7342224121094,400.60233728073825,389.31678308531696,389.68597856263057,43625500
2026-02-26,400.851806640625,406.6093255926281,397.8782360341113,403.8353349281015,34405900
2026-02-27,391.8912048339844,395.9624042352165,389.0374004516944,390.03523926255787,51367200
2026-03-02,397.6886291503906,400.32293811697235,389.78576315389057,392.01092411942045,35474900
2026-03-03,403.0570068359375,405.82103971635513,391.82136299902305,392.2903484387299,38199200
2026-03-04,404.32427978515625,410.14166638677375,399.44483360720756,400.4027502952161,35808000
2026-03-05,409.79241943359375,410.72040218284053,403.525993165685,403.54596943015656,39001300
2026-03-06,408.0761413574219,412.1572983375802,407.6271321747383,408.31564337314285,31123900
2026-03-09,408.5251770019531,409.3234358422322,402.62794618065146,404.044890641513,30131900
2026-03-10,404.8830871582031,409.31349393117443,402.05918625996463,409.1438479339772,31706400
2026-03-11,404.0049743652344,408.1260534422115,400.7220762180728,404.6934855668013,25512100
2026-03-12,400.9914855957031,405.2422886286942,400.84181586601125,403.7555185610488,27263900
2026-03-13,394.69512939453125,403.9251383935716,393.3979511212616,400.13336309353434,26848000
2026-03-16,399.08563232421875,399.7641553863696,393.9367805641587,397.209690545171,27733700
2026-03-17,398.5467834472656,403.5259891234105,396.8903674487218,399.4049101655112,26228300
2026-03-18,390.9432678222656,397.13983817793417,390.1549666521916,396.271723303423,25908500
2026-03-19,388.1792297363281,391.6417315076428,386.2234742615233,389.2569126674818,25138800
2026-03-20,381.0447082519531,386.16362631018524,379.29849030352204,385.95408868282834,50853200
2026-03-23,382.1722717285156,386.3731646745857,380.85511716508233,383.07032058481127,29680100
2026-03-24,371.9344177246094,381.6434000325674,371.04635704379217,381.53362193174286,42733600
2026-03-25,370.2381286621094,376.2451074667104,368.831172255135,376.10542586510894,31181200
2026-03-26,365.1790771484375,373.9101668945663,364.4007640805619,370.01860155518807,36836600
2026-03-27,355.9989318847656,361.6666793192034,355.73951450811694,361.11784971721505,37883400
2026-03-30,358.1842041015625,364.5703662773937,355.51000344849933,361.1178525849577,44797000
2026-03-31,369.3699951171875,372.09407550142714,362.28533367877645,363.7621155862403,45244400
2026-04-01,368.57171630859375,373.1817267376728,367.4042619540212,372.682807332766,29417200
2026-04-02,372.6528625488281,372.83249667260446,363.3629859357669,366.41637016886637,24099100
2026-04-06,372.0741271972656,372.92229624611906,368.70142726638517,372.682794233078,16146600
2026-04-07,371.48541259765625,371.64507045865594,365.7677853538718,369.5396147715723,21443300
2026-04-08,373.52099609375,384.167949815935,370.6073237610428,384.148004001906,33064800
2026-04-09,372.26373291015625,372.6927962909368,366.2567237727329,371.6949574789129,30435300
2026-04-10,370.0684814453125,374.8281921461914,369.23030048358606,372.17393720824543,28111100
2026-04-13,383.539306640625,383.70895264062807,370.2181521550117,372.8025510733858,35745800
2026-04-14,392.2604064941406,393.83700889302276,385.684652281273,387.0816509997633,37504500
2026-04-15,410.3312683105469,413.47445440771634,395.8725939925935,397.1398382929036,45063400
2026-04-16,419.35174560546875,419.9105328997013,411.2492993874727,418.95258572248235,41642400
2026-04-17,421.87628173828125,430.64726300981,419.78081413338697,423.9018933176335,48568200
2026-04-20,417.1664733886719,422.4150847565369,415.40027922801784,420.2398034863272,27582200
2026-04-21,423.2433166503906,426.25677891783357,416.2983670043314,419.33177508554746,32048500
2026-04-22,431.984375,432.7626880248645,422.7543663498755,425.2689090952171,29378200
2026-04-23,414.8514709472656,422.7443793162959,410.5208543154444,418.9825380949446,38308000
2026-04-24,423.7023010253906,424.0316048781353,414.9013556123021,416.0688403922519,27457400
2026-04-27,423.9018859863281,426.1869149113369,416.1686352924954,421.46715688013995,30867300
2026-04-28,428.3222961425781,428.99086152362304,420.9881750222059,423.6524179624475,30438100
2026-04-29,423.5426330566406,425.8975483734993,419.38166246548025,423.6623688360089,38288300
2026-04-30,406.8987121582031,413.5243765293071,397.1498378648014,409.92216255995794,70909400
2026-05-01,413.5443115234375,416.2085240460113,409.5529563541748,411.9078412872606,31372400
2026-05-04,412.72607421875,419.87060358807366,409.91216153093814,410.6505829404435,28066500
2026-05-05,410.4909362792969,415.8792597859335,407.916495085617,414.42242364358015,25700900
2026-05-06,413.0653381347656,417.51572107575487,404.23445872829495,407.11822745622237,30285900
2026-05-07,419.8606262207031,427.05506598481406,417.8549909144547,419.2020489501835,34942400
2026-05-08,414.22283935546875,417.7252633012779,413.105264767488,416.48795292910256,33383800
2026-05-11,411.7681579589844,411.79809190456297,404.6236285818644,406.9885016374445,35657900
2026-05-12,406.8887023925781,414.6020070114768,405.76117016707224,413.58422243338293,38594200
2026-05-13,404.3342590332031,405.4318878236479,400.1633000811369,402.3286237155428,29667100
2026-05-14,408.5451354980469,410.94993067744383,400.013625877668,403.6058516736889,27077500
2026-05-15,421.0081481933594,427.24464052002446,412.01761111071977,413.3746572242232,50771200
2026-05-18,422.6246643066406,424.2012362508279,414.7117792841577,415.71960624154525,32564100
2026-05-19,416.51788330078125,431.7648588737268,415.58987007798993,428.9708919761278,33018700
2026-05-20,420.1499938964844,421.18775475321456,410.4110776678385,413.2749005432513,27864000
2026-05-21,419.0899963378906,426.3399963378906,415.7099914550781,424.75,31393500
2026-05-22,418.57000732421875,424.3999938964844,416.3299865722656,419.5400085449219,22390300
2026-05-26,416.0299987792969,419.7699890136719,413.0199890136719,416.42999267578125,30398000
2026-05-27,412.6700134277344,415.94000244140625,409.5799865722656,411.010009765625,28901500
2026-05-28,426.989990234375,429.489990234375,412.6700134277344,412.9800109863281,47250500
2026-05-29,450.239990234375,450.3299865722656,432.3599853515625,432.54998779296875,79654400
2026-06-01,460.5199890136719,466.32000732421875,458.2699890136719,464.8399963378906,53628900
2026-06-02,441.30999755859375,453.5,440.42999267578125,446.8800048828125,37036800
2026-06-03,427.3399963378906,440.3900146484375,424.25,438.45001220703125,39037000
2026-06-04,428.04998779296875,436.1499938964844,426.4100036621094,435.80999755859375,26899500
2026-06-05,416.6700134277344,429.4700012207031,414.3999938964844,428.3399963378906,34782200
2026-06-08,411.739990234375,417.1600036621094,408.55999755859375,414.1400146484375,32086700
2026-06-09,403.4100036621094,411.9800109863281,398.4800109863281,409.0299987792969,35317300
2026-06-10,397.3599853515625,405.0400085449219,397.1600036621094,398.54998779296875,32576000
2026-06-11,390.3399963378906,396.8500061035156,384.0,395.2099914550781,47224100
2026-06-12,390.739990234375,391.739990234375,382.2699890136719,391.42999267578125,34865800
2026-06-15,399.760009765625,401.75,392.8500061035156,396.79998779296875,32266400
2026-06-16,393.8299865722656,396.8399963378906,390.69000244140625,395.7900085449219,31506800
2026-06-17,378.9100036621094,390.3699951171875,377.32000732421875,390.25,41987800
2026-06-18,379.3999938964844,381.3699951171875,373.2799987792969,377.82000732421875,59714200
2026-06-22,367.3399963378906,381.6300048828125,367.07000732421875,375.739990234375,45171100
2026-06-23,373.94000244140625,377.2200012207031,370.6700134277344,372.3800048828125,40647600
2026-06-24,365.4599914550781,378.8800048828125,364.7799987792969,371.57000732421875,44509900
2026-06-25,352.8299865722656,364.2300109863281,349.20001220703125,362.7699890136719,66179000
2026-06-26,372.9700012207031,376.6099853515625,355.42999267578125,357.1499938964844,186201600
2026-06-29,368.57000732421875,380.5,359.8999938964844,377.5,51229900
2026-06-30,373.0199890136719,374.1499938964844,367.45001220703125,371.0299987792969,44945700
2026-07-01,384.2799987792969,388.8299865722656,374.8900146484375,380.8299865722656,48065800
2026-07-02,390.489990234375,392.20001220703125,383.70001220703125,384.4800109863281,42128900
2026-07-06,386.739990234375,389.1499938964844,381.2200012207031,387.0400085449219,34224500
2026-07-07,388.8399963378906,395.57000732421875,388.2200012207031,392.489990234375,29297500
2026-07-08,383.3399963378906,385.30999755859375,381.3299865722656,384.0299987792969,25908300
2026-07-09,384.3599853515625,384.6499938964844,373.3500061035156,374.45001220703125,31083200
2026-07-10,385.1000061035156,391.9100036621094,381.5,387.79998779296875,24644600
2026-07-13,390.989990234375,393.6499938964844,384.1499938964844,387.75,28914900
2026-07-14,384.92999267578125,388.19000244140625,378.6499938964844,382.82000732421875,27863900
2026-07-15,395.6300048828125,398.9599914550781,386.3999938964844,387.79998779296875,36253700
2026-07-16,401.1000061035156,405.989990234375,392.04998779296875,398.30999755859375,37047400
2026-07-17,393.82000732421875,398.3900146484375,389.3900146484375,394.8599853515625,33049800
2026-07-20,402.2900085449219,403.17999267578125,389.6499938964844,391.4100036621094,27915800
2026-07-21,397.75,401.4700012207031,396.32000732421875,398.80999755859375,24126600
2026-07-22,390.3399963378906,401.0,386.9599914550781,399.5799865722656,28142500
2026-07-23,381.5799865722656,391.7799987792969,377.3900146484375,389.9700012207031,30351800
2026-07-24,381.70001220703125,389.0299987792969,380.6499938964844,387.04998779296875,27659400
2026-07-27,389.1000061035156,394.20001220703125,387.989990234375,390.0799865722656,27856200
2026-07-28,393.3500061035156,400.32000732421875,391.29998779296875,393.1600036621094,32367500
2026-07-29,390.5400085449219,401.25,388.739990234375,393.3999938964844,47209000
2026-07-30,451.1000061035156,458.69000244140625,432.44000244140625,437.8999938964844,110160700
2026-07-31,464.7200012207031,466.8399963378906,449.3299865722656,450.0,60846000
2026-08-03,487.6499938964844,491.6499938964844,475.0,476.1300048828125,66762100
2026-08-04,492.80999755859375,499.44000244140625,479.1700134277344,480.8999938964844,50455500
2026-08-05,487.4599914550781,498.239990234375,485.67999267578125,496.3599853515625,33388900
2026-08-06,499.8599853515625,501.55999755859375,488.5199890136719,488.54998779296875,36397900
