Date,Close,High,Low,Open,Volume
2012-01-03,50.25733184814453,50.51347385413004,50.12484193141939,50.26616293689222,39514100
2012-01-04,50.469337463378906,50.53999968690561,49.95704982025135,50.177864214731905,29403400
2012-01-05,50.88444137573242,50.9286035562581,50.16900192152621,50.36331955906927,41260600
2012-01-06,51.061100006103516,51.17592101630263,50.69896468844429,50.893278981512935,46325200
2012-01-09,50.893280029296875,51.211253167321374,50.72546237061012,51.19358761861347,39195500
2012-01-10,51.26423645019531,51.582209505332536,50.91093230685218,51.43205406513639,35949900
2012-01-11,51.3702392578125,51.48506363866483,51.061100581701076,51.255414876960174,37144100
2012-01-12,51.573402404785156,51.64406461867849,51.10527703050114,51.485078006778295,26188300
2012-01-13,51.387901306152344,51.40556685349243,50.946272730726044,51.29957693881054,35980400
2012-01-17,51.85603332519531,52.07684764189537,51.66171901766344,51.83836777553621,41790800
2012-01-18,52.544979095458984,52.544979095458984,51.829539458107696,51.95319494297747,48692700
2012-01-19,52.87177276611328,52.96893159029204,52.686289575967606,52.783445030787774,47774500
2012-01-20,52.79228591918945,52.818782558335144,52.6068027064516,52.6421304355262,41041700
2012-01-23,52.80995559692383,53.18092205140052,52.50081351550066,52.801121136945284,40958300
2012-01-24,52.7127799987793,52.854100989284404,52.47430019554726,52.57145900827418,38440200
2012-01-25,53.3752326965332,53.5077226238572,52.84527972595485,53.22507722094209,61591800
2012-01-26,53.18974304199219,53.70203040216432,52.93359767722692,53.60487158315967,37852700
2012-01-27,53.34872055053711,53.44587598372532,53.04841305601197,53.074909686030765,45532300
2012-01-30,53.39289093017578,53.47238420180813,52.69511703133159,52.89826575453464,42797800
2012-01-31,53.46354293823242,53.75501935356521,53.119073261463065,53.65786054845428,51449600
2012-02-01,53.89635467529297,54.09067233722449,53.57838154462641,53.77269920655793,46146700
2012-02-02,54.06416702270508,54.24081911899583,53.85218720264297,54.07300148066679,46373600
2012-02-03,54.80609893798828,54.867926661555344,54.4792947749398,54.56761913164753,36453800
2012-02-06,54.761940002441406,54.779605548700694,54.46163245475046,54.60295345546629,28541300
2012-02-07,54.87677001953125,54.98275993864312,54.47046915244467,54.717783456184065,37935700
2012-02-08,55.16823959350586,55.16823959350586,54.68244884532852,54.8855975811351,41171100
2012-02-09,55.565711975097656,55.62753971139366,55.04459007677498,55.380228766209655,46856400
2012-02-10,55.177066802978516,55.32721887823045,54.9827491814919,55.16823234598833,58090500
2012-02-13,55.689353942871094,55.760016121135855,55.33605315962161,55.5921951324361,36810200
2012-02-14,55.83067321777344,55.83950767446464,55.37137918121289,55.565696796123355,51648200
2012-02-15,55.44206619262695,56.40481687239498,55.353738432938435,56.09567476752443,105709100
2012-02-16,56.201656341552734,56.26348407574235,55.318399145291025,55.45972016191855,83642300
2012-02-17,56.025001525878906,56.254646903311375,55.7776906010503,56.21048471950036,76112300
2012-02-21,56.183990478515625,56.43130141388844,55.83068625424692,56.08683164837379,38141300
2012-02-22,55.9278450012207,56.245818128717936,55.8483517193464,56.07800047558719,43174700
2012-02-23,56.298805236816406,56.36063296009487,55.72468681282125,55.998497708310325,54250000
2012-02-24,56.493125915527344,56.59028474011032,56.35180490777717,56.45779482125015,41364900
2012-02-27,56.57261657714844,56.75809974844233,55.93667042487423,56.183981319932755,42678500
2012-02-28,57.146728515625,57.146728515625,56.55494790862879,56.62561009001487,43717500
2012-02-29,56.89059829711914,57.376385703731735,56.70510835892582,57.190902504255924,59784400
2012-03-01,57.341041564941406,57.39404156610582,56.934744162499406,57.10256514520744,67558900
2012-03-02,57.29689407348633,57.48237726739899,57.111410879573675,57.26156297863859,33358200
2012-03-05,56.70511245727539,57.33223103156003,56.519632613752826,57.2615688346381,45788800
2012-03-06,56.14864730834961,56.281137206300244,55.84833979310517,56.14864730834961,54638600
2012-03-07,56.58143997192383,56.71392986664247,56.32529800848337,56.413622358723806,42741800
2012-03-08,57.19088363647461,57.358704601989835,56.79342073139835,56.91707615692053,43711100
2012-03-09,57.42938232421875,57.53537561811645,57.252733573107164,57.28806467107306,43117200
2012-03-12,57.455875396728516,57.5088686648138,57.164398944826054,57.41170984751298,32687300
2012-03-13,58.524600982666016,58.524600982666016,57.65017184608147,57.764999549780555,61559100
2012-03-14,58.727745056152344,58.94855926484159,58.365613258033704,58.58642746672295,59926900
2012-03-15,58.89558410644531,59.01923956220647,58.60410764412961,58.904418564347374,65531200
2012-03-16,58.85400390625,58.986718741420404,58.712446365516634,58.986718741420404,53023100
2012-03-19,59.26982116699219,59.411385411531676,58.79205196690347,58.95130836693304,60966200
2012-03-20,59.37601089477539,59.4379435814795,58.800917803862,58.96017424826638,47290600
2012-03-21,59.384864807128906,59.71222042563857,59.305233203871765,59.384864807128906,39648100
2012-03-22,59.26100540161133,59.40256296034157,58.99557569752518,59.03096677474719,56953900
2012-03-23,59.225608825683594,59.34947420938163,58.88939699836848,59.33177529733497,45541700
2012-03-26,60.26076889038086,60.26076889038086,59.57065986449951,59.62374309721138,40855300
2012-03-27,60.34923553466797,60.59696625608728,60.2784533999322,60.30500176307503,37278200
2012-03-28,60.11034393310547,60.61465474362094,59.756440070427736,60.38461622035721,44421900
2012-03-29,59.88033676147461,60.101525947687186,59.45565055387683,59.8095546018486,53975300
2012-03-30,59.765316009521484,60.18114597603512,59.52642792753007,60.145761649225314,39480900
2012-04-02,60.3846321105957,60.464256956820265,59.597199352755766,59.70337256454503,40031600
2012-04-03,60.3669319152832,60.65005369221335,60.03072016444666,60.43770729689903,45539900
2012-04-04,59.54413604736328,59.951123370178664,59.199081431277214,59.915732287739225,54088100
2012-04-05,59.91571807861328,59.96880131460426,59.39370817412566,59.437948704222926,42979900
2012-04-09,59.46449279785156,59.703380870070745,59.06635501102953,59.17252148743143,36908200
2012-04-10,58.50894546508789,59.66798108109235,58.32314740835965,59.43794249888557,69254200
2012-04-11,58.79206466674805,59.18135967316968,58.64165768705102,59.022103238738666,62950000
2012-04-12,59.46449279785156,59.52642549247182,58.818624232548494,58.90709854626923,57407400
2012-04-13,58.562042236328125,59.45564155323622,58.53550061802592,59.26100076896763,55227500
2012-04-16,57.907310485839844,58.88939074527714,57.7215124300215,58.85399967509892,57588000
2012-04-17,59.08403396606445,59.26983200839193,58.06656271032792,58.15504375442705,47362400
2012-04-18,58.933616638183594,59.27867104905376,58.75666808138265,58.91591773241064,42536100
2012-04-19,58.270057678222656,59.429086414787704,58.05771802995514,58.72128533717739,81110900
2012-04-20,58.110801696777344,58.845151142396645,58.02232740517213,58.588570971632464,59906900
2012-04-23,57.579959869384766,57.668434177388626,57.05794997689509,57.56226095768979,70514400
2012-04-24,57.270301818847656,57.71268015075542,57.022564282846886,57.47379207143694,49661500
2012-04-25,58.79206466674805,58.82745573552785,58.367385341702786,58.4558596385742,57526900
2012-04-26,59.13711929321289,59.26983411392027,58.70359051238123,58.78322210486813,41799500
2012-04-27,59.490997314453125,59.676795282438064,59.07516087413543,59.38483090426358,46003800
2012-04-30,59.066341400146484,59.429088027859635,59.0221008784019,59.31407212154198,37787700
2012-05-01,59.16366958618164,59.83607966608182,58.91593209604555,59.004413146172354,37643800
2012-05-02,59.3317756652832,59.376016195517074,58.73014090495144,58.87170520157406,38299300
2012-05-03,58.70357131958008,59.41137896516825,58.55316438869263,59.36713845601125,51297600
2012-05-04,57.24374008178711,58.70358958622407,57.23489737732733,58.163887607310066,107554000
2012-05-07,57.29684829711914,57.571120726107935,56.8810115498405,56.89870371454762,50267800
2012-05-08,57.08448028564453,57.27912777478688,56.16433618942128,56.93407331681843,72659700
2012-05-09,56.907535552978516,57.22604842035846,56.19088160137364,56.420920172293854,85715300
2012-05-10,56.79253005981445,57.18181838567404,56.58018698425259,57.16412622319935,49448900
2012-05-11,56.78367614746094,57.38531087674844,56.54479147185457,56.59787808034879,47099900
2012-05-14,56.252803802490234,56.69518192597602,56.16432615274673,56.29704093982336,46360000
2012-05-15,56.06703186035156,56.86331087562034,55.96970808207806,56.40324035572941,66908600
2012-05-16,55.68657684326172,56.42977249095891,55.571560920163165,56.26166995906826,52825900
2012-05-17,54.50984191894531,55.792739363956855,54.50099246497074,55.70426169960012,62253900
2012-05-18,53.80202865600586,54.81949631616137,53.75778814354399,54.6779354514842,79496500
2012-05-21,55.30612564086914,55.35921224427598,53.83743003072749,53.90821216860328,61473000
2012-05-22,55.24419021606445,55.695417884933484,54.84605252304558,55.4653793233318,62954800
2012-05-23,55.350379943847656,55.483091422785634,54.29751731884677,54.775286743212945,56951100
2012-05-24,54.98761749267578,55.48307896963107,54.58062694007628,55.429995740001964,83131200
2012-05-25,54.91685485839844,55.13804406062336,54.757598362790134,55.04072027163169,32078900
2012-05-29,55.615806579589844,55.87238683204401,55.10264607468152,55.43000848301778,44216700
2012-05-30,55.146881103515625,55.341525262599255,54.57178795717003,55.11149002910819,56431800
2012-05-31,54.90798568725586,55.217649090129605,54.49214908190144,55.076088195233325,55260100
2012-06-01,53.44813537597656,54.253263585866534,53.43043984250802,53.91705520012013,71430800
2012-06-04,53.85512161254883,53.934749824275805,53.12077554891371,53.59854481927556,74119500
2012-06-05,54.076316833496094,54.182490044531185,53.64278803454327,53.669329649762936,47916900
2012-06-06,55.31497573852539,55.35921288767284,54.43021925526378,54.483305859287604,58781800
2012-06-07,55.09379959106445,55.8989280454191,55.04956243150014,55.8989280454191,38414800
2012-06-08,55.62464141845703,55.69542356003235,54.81951312096826,55.005311179986066,39730800
2012-06-11,54.686798095703125,56.075865470134026,54.6514070272274,56.049320481238205,51008900
2012-06-12,55.350379943847656,55.376921564619465,54.57179310877823,54.94338929989929,48802600
2012-06-13,54.96991729736328,55.606939624452366,54.784115884179315,55.19110640227372,50840100
2012-06-14,55.17341995239258,55.39460909371867,54.67795506079389,54.96107689168501,65170600
2012-06-15,55.858917236328125,55.93872849114164,55.300238452633515,55.326841076625946,41536100
2012-06-18,56.38209915161133,56.52398538944132,55.53964813450556,55.62832576458628,32191200
2012-06-19,56.9673957824707,57.20683290519382,56.62154817468996,56.66589038724513,36476500
2012-06-20,57.01175308227539,57.260053300680845,56.58609411522173,57.09156096718849,51389700
2012-06-21,55.59287643432617,57.02947561149763,55.53080139093726,56.96740056810872,42492700
2012-06-22,56.17813491821289,56.249079729056575,55.628326165513414,55.77908219713886,29504200
2012-06-25,55.09625244140625,55.734738811219216,54.93663000324434,55.71700599172096,33136400
2012-06-26,55.44211959838867,55.60174209317806,55.03419694852062,55.28249710359928,30611100
2012-06-27,55.77910614013672,56.02740631900211,55.59287762315145,55.654952667867796,35705800
2012-06-28,55.15834045410156,55.39777416775781,54.573059170553684,55.362301754734176,49793400
2012-06-29,56.896446228027344,56.896446228027344,56.053991719256665,56.22248397414488,44761300
2012-07-02,57.06494140625,57.091544026660685,56.639282565500245,56.976263749657214,33425600
2012-07-03,57.5438117980957,57.5438117980957,57.0117390657992,57.100416726903305,15895100
2012-07-05,57.57925796508789,57.863030410651305,57.18020528921298,57.490580344412216,37016200
2012-07-06,56.8609733581543,57.36644335305825,56.44418100406905,57.31323135603078,40684100
2012-07-09,56.75456619262695,56.985133512172524,56.47079363229068,56.79890840373355,35628300
2012-07-10,56.19588088989258,57.206824323146655,55.97418339171881,57.0649346767935,47365700
2012-07-11,55.88550567626953,56.275692054750685,55.42437447469978,56.12493937994048,43432000
2012-07-12,55.3622932434082,55.5928571269442,54.85682327545602,55.44210446902355,57680400
2012-07-13,56.20474624633789,56.328896294258776,55.47757878037116,55.51304780632349,32357200
2012-07-16,56.04513168334961,56.32890422794698,55.82343417145569,56.08060409713317,27621400
2012-07-17,56.337764739990234,56.52399320143334,55.539655810455606,56.39983976619287,42467800
2012-07-18,57.10039138793945,57.26888360523718,56.213601639077936,56.2313378399953,44489700
2012-07-19,57.73002624511719,57.91625132871495,57.39304848894086,57.4994589563278,53017800
2012-07-20,56.9673957824707,57.73003583185175,56.940793161206294,57.71230300623273,40573100
2012-07-23,56.27568817138672,56.47078303858225,55.43323706093845,55.85889920442599,48657800
2012-07-24,55.83229064941406,56.45304424883534,55.468706929912805,56.373233023440676,57269700
2012-07-25,55.45984649658203,55.8234302552681,55.1139989435435,55.39777146823334,46264400
2012-07-26,56.19588088989258,56.51512582851646,55.84116692251577,56.257955918754405,41928200
2012-07-27,57.52607345581055,57.63248393266274,56.43531870837709,56.60381098428801,42621000
2012-07-30,57.48173904418945,57.91626433684631,57.286644122600464,57.667964169613825,37821300
2012-07-31,57.46399688720703,57.80097466435491,57.41078488453134,57.57040736121635,34588300
2012-08-01,57.29549789428711,57.88964552337461,57.064930618197096,57.87191270167703,30920200
2012-08-02,57.0915412902832,57.659086384080645,56.67475226487073,56.86098074732694,40534900
2012-08-03,58.17343521118164,58.42173538230226,57.80985475080423,58.01381270607949,42117400
2012-08-06,58.6168212890625,58.87399121692243,58.35078833193482,58.47493839839532,23523600
2012-08-07,59.10454177856445,59.34397204870472,58.77642711550551,58.8651047427549,28223300
2012-08-08,59.07796096801758,59.20211104511467,58.85626343524823,58.95381089092049,20723500
2012-08-09,59.25532531738281,59.335139959491386,58.962682905772745,59.0691001733599,20726200
2012-08-10,59.290802001953125,59.30853483165595,58.89174905974331,59.042501792073836,20312000
2012-08-13,59.43265914916992,59.44152894300944,58.971531354570494,59.273036688410436,19890300
2012-08-14,59.45927047729492,59.778515409265495,59.29077821717974,59.65435858845865,24218700
2012-08-15,59.610023498535156,59.69870114334216,59.40605882637548,59.41492862055737,29100400
2012-08-16,60.3194694519043,60.45248934170922,59.76079403353081,59.83173887684978,35699900
2012-08-17,60.58548355102539,60.594353344098764,60.31058085677871,60.45246371760385,22584800
2012-08-20,60.6741828918457,60.68305268809238,60.30173263755156,60.54116301083431,26924000
2012-08-21,60.43474197387695,61.082094907817876,60.195304876699126,60.833794781611985,41391000
2012-08-22,60.683013916015625,60.798294130877906,60.133201916439184,60.30169410911071,44555700
2012-08-23,60.18644332885742,60.60322897057666,60.0268208487009,60.408140842093076,28800400
2012-08-24,60.55888366699219,60.70076653421229,59.94699646507591,60.0445438962704,38384800
2012-08-27,60.65640640258789,60.89583660352106,60.52338661732843,60.81602879176578,20671400
2012-08-28,60.65640640258789,60.82489181596037,60.39923662193088,60.60319442908371,27337900
2012-08-29,60.65640640258789,60.80715900190386,60.39923662193088,60.65640640258789,26672400
2012-08-30,60.0445442199707,60.4169943598102,59.946996788250345,60.39039174491739,24425400
2012-08-31,60.44358444213867,60.70074748110966,59.83169743228504,60.47905007355898,42128000
2012-09-04,60.381534576416016,60.61210189647924,59.78738683401418,60.328329335505856,32017200
2012-09-05,60.3194694519043,60.61211185634059,60.159846937272924,60.35494187356379,26129300
2012-09-06,61.65850830078125,61.67624788975347,60.67417084861933,60.69191043759155,43100000
2012-09-07,61.569847106933594,61.67626437219345,61.39249176383983,61.516641857139994,32958600
2012-09-10,60.78059005737305,61.54323003182083,60.73624784917473,61.41021017289695,25490000
2012-09-11,60.683013916015625,61.02886132627033,60.585466516644516,60.78943110596626,29810100
2012-09-12,60.86040115356445,61.02002363963728,60.48795094128499,60.904743364123576,42203400
2012-09-13,61.685123443603516,61.95116320683885,60.851545265765786,60.913620308431064,45417800
2012-09-14,62.23491668701172,62.45661416640893,61.88906916040568,61.90680198186259,38880300
2012-09-17,62.26150894165039,62.28811155224413,62.03981149914387,62.27037873373798,31798400
2012-09-18,62.31468963623047,62.34129900201998,62.092992280982415,62.101862069578914,27169800
2012-09-19,62.430023193359375,62.58964567891862,62.12851104700461,62.305873122999,36484600
2012-09-20,62.367958068847656,62.430033113891966,61.96003537774614,62.12852091962498,42520200
2012-09-21,62.3857307434082,62.73256461915267,62.3234786832737,62.679207649027575,23678500
2012-09-24,62.0211181640625,62.127838909026025,61.736536295793364,61.86993553075604,32341600
2012-09-25,61.149593353271484,62.32349448848411,61.122914861443284,62.181200152110506,41299600
2012-09-26,60.65153884887695,61.10509333220145,60.34027862893422,61.06951976635601,32770400
2012-09-27,61.48748779296875,61.629782026518505,60.695994777495116,60.80271545265743,25339500
2012-09-28,60.980594635009766,61.46972272741944,60.92723767400672,61.282966578944254,30112600
2012-10-01,60.891658782958984,61.656473486990706,60.696007563095435,61.274066134974845,37715300
2012-10-02,61.06953430175781,61.345227806437926,60.58930122598804,61.15846484505617,33254300
2012-10-03,61.46084976196289,61.57645881407152,60.99839998359444,61.23851996446916,38236000
2012-10-04,61.67427444458008,61.8432472344036,61.36301413566769,61.55866541126001,26128600
2012-10-05,61.34523010253906,62.074471440825356,61.185152404624226,61.98553410923261,25207900
2012-10-08,60.784950256347656,61.11400071791008,60.6426627492972,60.98949660487896,30911500
2012-10-09,59.815616607666016,60.7760762724481,59.67332226623599,60.62489362340444,67974000
2012-10-10,59.51321029663086,59.966764767875596,59.40649638690062,59.79779203085106,45134300
2012-10-11,59.326480865478516,60.002365332748646,59.29090728457306,59.95789666037513,30469400
2012-10-12,59.299800872802734,59.637739705387716,59.18419182651575,59.317584270321255,24891200
2012-10-15,59.73554611206055,59.81558833752716,59.16638258527471,59.522111485756966,22220100
2012-10-16,60.58041000366211,60.651550363895446,59.8067000657996,59.82448345961664,33960600
2012-10-17,60.54483413696289,60.740485386362884,60.18910520941425,60.269140656006094,33439400
2012-10-18,59.8422966003418,60.54485966258452,59.619966775010596,60.34920833069822,61707600
2012-10-19,58.41047668457031,59.82449074655858,58.33932953070566,59.771133773643115,75362600
2012-10-22,58.71285629272461,58.864045727962264,58.2504132492613,58.383812499192075,38621500
2012-10-23,58.152584075927734,58.65060067498573,57.97472294339767,58.23262633504336,52591200
2012-10-24,57.94801330566406,58.57942880722511,57.85907600223446,58.48160320142347,39872400
2012-10-25,57.94801330566406,58.446029637044354,57.77904057110419,58.34820403124271,52688700
2012-10-26,58.11699295043945,58.35711287034144,57.49447238951809,57.94802696102665,54213100
2012-10-31,57.76126480102539,58.15256732181561,57.56562032559562,58.045846602064096,38524500
2012-11-01,58.57945251464844,58.69506155694543,57.956925063519186,58.125897866463276,26945000
2012-11-02,57.9569206237793,58.8818132462038,57.90356365218595,58.84623967015295,44083000
2012-11-05,58.339332580566406,58.454948407882135,57.84131604741063,57.96582018069957,28094700
2012-11-06,58.44603729248047,58.84622807047729,58.21481248621154,58.437142203979676,29608400
2012-11-07,57.0676155090332,57.894682695467054,56.82750229327968,57.82353552599656,70737800
2012-11-08,56.16938400268555,57.36107151560834,56.16938400268555,57.22767231788136,58585800
2012-11-09,56.40949249267578,57.01422955597831,56.1693760064396,56.20494957310023,51542100
2012-11-12,56.400604248046875,56.800798440330766,56.24942166011876,56.73854638736243,32663700
2012-11-13,56.009307861328125,56.54290127441464,55.831443390299285,55.96484259169157,43288300
2012-11-14,55.35121536254883,56.347251680234635,55.262281428168045,56.284999622409444,82655300
2012-11-15,55.16445541381836,55.573544724165984,54.959912454885895,55.38678515950357,55124200
2012-11-16,55.404571533203125,55.564649220301675,54.524147646643776,55.20892366534697,70873100
2012-11-19,56.720760345458984,56.76522900600429,55.991519093284936,56.009305879006554,55306400
2012-11-20,56.738555908203125,56.818594760090576,56.19607073346404,56.70298233125692,52012700
2012-11-21,56.854156494140625,56.93419193687343,56.56067963419108,56.80079613983644,19611700
2012-11-23,57.71681213378906,57.734595530769575,57.138753349909535,57.17432692883697,16462900
2012-11-26,57.965816497802734,58.00139007433459,57.39665284322508,57.57451394091836,26430900
2012-11-27,57.77016067504883,58.1614632011526,57.672335043522885,57.95691684842596,25828600
2012-11-28,58.26819610595703,58.312664783841626,57.13876360834515,57.49449267651904,37295800
2012-11-29,58.61501693725586,58.81955650205865,58.321540046922806,58.57944336403682,41136100
2012-11-30,58.51717758178711,58.66836014378375,58.34820484487102,58.62389149144886,33497400
2012-12-03,58.40156936645508,59.02409665498208,58.37489088558306,58.97073290827344,28240000
2012-12-04,58.36600875854492,58.49051288690653,57.98360128287251,58.428260822725726,49584500
2012-12-05,57.71681213378906,58.28597582669513,57.40555179938206,58.27708073572167,54076200
2012-12-06,58.09032440185547,58.232618717238864,57.38776148582437,57.538944107194425,47512300
2012-12-07,57.74346923828125,58.437136808072346,57.54781801911681,58.374884764244015,30089400
2012-12-10,57.91245651245117,58.21482171979166,57.58340603537569,57.58340603537569,33219600
2012-12-11,58.66838073730469,58.99742445421291,58.26818308070626,58.312651748650346,40750800
2012-12-12,58.54387283325195,58.97963725414182,58.383795137929965,58.97963725414182,45917700
2012-12-13,58.08141326904297,58.83733973704211,57.83240507086352,58.428247085787845,45467700
2012-12-14,57.53004455566406,57.87687840040659,57.33439330273955,57.69012223669639,39630300
2012-12-17,58.29486846923828,58.31265186547187,57.50337503000393,57.583410490504285,42302900
2012-12-18,59.18418502807617,59.27311557538667,58.428258413522336,58.58833611266756,55596000
2012-12-19,58.926265716552734,59.37092511752438,58.89069215027932,59.35313494190567,34832500
2012-12-20,58.926265716552734,59.059664893837024,58.632788883520085,59.03297963040897,40754300
2012-12-21,58.30653762817383,58.37808103294448,57.769975737903195,58.02037083184585,51152900
2012-12-24,58.19029235839844,58.25289114010927,58.05615016251652,58.15452065131289,11418300
2012-12-26,57.68054962158203,58.288654913758506,57.49275330200975,58.23500077181059,21751300
2012-12-27,57.591129302978516,57.80575271411672,56.87570883551086,57.73420930281891,52933200
2012-12-28,57.03667068481445,57.61794888622164,57.00984361475409,57.152927007371325,33082100
2012-12-31,58.24394989013672,58.35126501762563,56.857831979540144,56.974084917252874,57544000
2013-01-02,60.09510040283203,60.12193430498872,59.45123002896266,59.674798120971346,70695900
2013-01-03,59.78209686279297,60.22028834256947,59.60324514693682,60.09509077691904,47366500
2013-01-04,59.58536911010742,59.80893721593926,59.44228907020876,59.80893721593926,33972500
2013-01-07,59.603233337402344,59.7016038084592,59.24552315380962,59.43331946507609,26766200
2013-01-08,59.48697280883789,59.755257148631905,59.17397896091432,59.59428790930633,28734900
2013-01-09,59.710548400878906,59.871517660647285,59.51381425916649,59.57641303670113,25600300
2013-01-10,60.068267822265625,60.15769368632797,59.51382337142546,60.1219287989079,37528000
2013-01-11,60.14876174926758,60.175588828830286,59.91624902179618,60.04144660825999,21158600
2013-01-14,59.88045883178711,60.05037271359904,59.62111910477325,59.8446871291554,36768500
2013-01-15,59.58536911010742,59.67480181064587,59.31709147676351,59.58536911010742,31675300
2013-01-16,59.826812744140625,60.03249153352166,59.55852834965908,59.66584347200281,33822300
2013-01-17,60.11298370361328,60.345496406593014,59.969896864008504,60.06826736054778,32024200
2013-01-18,59.97883224487305,60.04143102185467,59.71054787337751,59.93411590870546,31992000
2013-01-22,60.07722091674805,60.12193726645509,59.67480106041283,60.04144920153382,32123100
2013-01-23,60.44384765625,60.62270616899192,60.32759474003373,60.41702058502737,31975700
2013-01-24,59.61217498779297,60.16661926302434,59.52274232930049,59.61217498779297,42596300
2013-01-25,59.916236877441406,60.086150777241244,59.683724197097746,59.79998394864726,39240100
2013-01-28,60.050384521484375,60.256063323616594,59.853643529701564,59.92518694903277,32926100
2013-01-29,60.059303283691406,60.19343860871284,59.58533345185448,59.97881526592549,35554700
2013-01-30,59.93411636352539,60.34548755567497,59.799980999514695,60.16662903240232,34445000
2013-01-31,59.79997253417969,60.22921928375944,59.74631157341667,59.90728081019759,34870500
2013-02-01,60.50645446777344,60.61376275481875,59.97883037303315,60.22028084163988,53120800
2013-02-04,59.45122528076172,60.327608310697784,59.43333601408603,60.15769439105957,48483700
2013-02-05,60.32761764526367,60.51541403787937,59.56748744007905,59.710567481842666,35120300
2013-02-06,60.130863189697266,60.408092222107214,59.95201147174402,60.130863189697266,43593200
2013-02-07,60.18450927734375,60.24710804541988,59.522743074534425,60.20239171561378,46017900
2013-02-08,60.80156707763672,60.92676464416103,60.479628528643985,60.48857316132592,39837200
2013-02-11,60.81947326660156,60.864182796940725,60.61378759421722,60.83735571418571,17650400
2013-02-12,60.56904220581055,60.85520895704355,60.50644344218937,60.73894923692314,22057900
2013-02-13,60.7836799621582,61.016192634723765,60.6048214360481,60.74790825693618,23494700
2013-02-14,60.76578140258789,60.855214063339645,60.47067681947103,60.50644851922092,24478800
2013-02-15,60.5869140625,60.908852454261144,60.41700023830597,60.75682788669403,25333600
2013-02-19,61.025115966796875,61.04300522654154,60.68529508193709,60.70317751892823,23436500
2013-02-20,60.086151123046875,61.03407746895328,60.07720649070188,61.007250394673726,38200300
2013-02-21,59.44226837158203,59.92517613075443,59.227644975090335,59.86257735582957,45855600
2013-02-22,60.041439056396484,60.05038368937794,59.54958658375496,59.78209928198149,21968000
2013-02-25,59.299190521240234,60.64059889187487,59.2455363696967,60.425975462944955,40927600
2013-02-26,59.52275466918945,59.63006978797598,58.98619272076753,59.3796746668961,42088800
2013-02-27,60.130863189697266,60.49751808108384,59.44227657054599,59.52275779679824,36339500
2013-02-28,60.005645751953125,60.57797924718445,59.99670112219073,60.13978790737528,28557300
2013-03-01,60.256072998046875,60.36338814427369,59.50488744273043,59.79999897778635,31617200
2013-03-04,60.52436447143555,60.5333091070144,59.97885768801001,60.05934576270385,19380500
2013-03-05,61.41862106323242,61.49910229429564,60.88205905454262,60.88205905454262,35581900
2013-03-06,61.26659393310547,61.624304198679745,61.186105882542236,61.60641493288532,29071100
2013-03-07,61.42755889892578,61.52592938562146,61.212928660995935,61.338126221744005,21775900
2013-03-08,61.499080657958984,61.72264865148803,61.25763022695924,61.633222818627154,26159900
2013-03-11,61.677947998046875,61.69583043808394,61.23081194681876,61.418608269604,23187900
2013-03-12,61.45438003540039,61.64217635837806,61.159268603826334,61.4990895469162,27575400
2013-03-13,61.37389373779297,61.60640640163128,61.159270337271785,61.534862993872586,34297300
2013-03-14,61.57958221435547,61.713724404498734,61.44544002421221,61.588526846433076,31530800
2013-03-15,61.40838623046875,61.659360871353044,61.256002908320944,61.62350637429156,30752600
2013-03-18,61.27392578125,61.52490039020691,60.70923291109695,60.843678709791575,36163000
2013-03-19,61.157405853271484,61.57868076750136,60.61063679182423,61.46215879189038,33125100
2013-03-20,61.58765411376953,61.72210677299618,61.30082496540764,61.58765411376953,28035400
2013-03-21,60.88850784301758,61.17533698832208,60.74508985109221,61.02296050081105,30050800
2013-03-22,61.4800910949707,61.52491092790891,61.06777461841537,61.13948361569796,28837200
2013-03-25,61.256004333496094,61.81173879305958,60.960216693312745,61.67728613558739,24909800
2013-03-26,61.58765411376953,61.605584782224454,61.354603293679766,61.48905595290641,19725200
2013-03-27,61.6683349609375,61.713147959717354,61.076745933248255,61.166378769355006,22539500
2013-03-28,61.82070541381836,61.901372906852835,61.524910928932535,61.668328923500106,23662800
2013-04-01,61.3994026184082,61.928240905905035,61.229095517701886,61.86549726436229,28112800
2013-04-02,61.88346862792969,62.08962351206904,61.641452395272225,61.69523757950085,29431900
2013-04-03,61.3187370300293,62.00891710812722,61.166353748580136,61.91928430868576,35131200
2013-04-04,61.33667755126953,61.489054035653616,61.00502858065759,61.29185772007604,32287400
2013-04-05,60.825748443603516,60.91538124609285,60.22520114452604,60.36861226080008,55610800
2013-04-08,61.14842987060547,61.16635369506038,60.67336987929157,60.85263547801764,17891600
2013-04-09,61.56076431274414,61.811738960146,61.031919015536296,61.30978966534229,30931400
2013-04-10,62.76185607910156,62.8963087302042,61.74002687239503,61.775881368592124,55271300
2013-04-11,62.73497772216797,62.87839573165891,62.53778137839147,62.609490383136944,37233600
2013-04-12,62.690162658691406,62.734975656271295,62.21510248535406,62.582599155115325,32783700
2013-04-15,61.45317840576172,62.555681591657056,61.38147627447377,62.457083467774396,48795800
2013-04-16,62.26887512207031,62.34058411789507,61.67728616433541,61.80277348775562,27682600
2013-04-17,61.04985046386719,61.74899608729031,60.691312317906366,61.73107225733811,60204800
2013-04-18,60.207271575927734,61.24703125163931,59.947331656999836,61.21117676228257,56798200
2013-04-19,61.03191375732422,61.15740790875943,60.23417005172105,60.32380970825273,43062800
2013-04-22,61.65935516357422,61.883440620555426,61.022953286373046,61.24703874335425,34412100
2013-04-23,62.25093078613281,62.475016219975686,61.68623795472487,62.00892152654219,53078300
2013-04-24,62.224037170410156,62.4481225881992,61.955138772189855,62.09854988353183,44500700
2013-04-25,62.555694580078125,62.78874536114757,62.37642211827656,62.38538745100293,26437100
2013-04-26,62.3585090637207,62.537774717945005,62.0896037438379,62.40332889654996,24079800
2013-04-29,62.932132720947266,63.174148743327365,62.528781801703886,62.5556709511811,31664000
2013-04-30,63.389286041259766,63.39825137304134,62.77977341245748,63.012824168967185,30135800
2013-05-01,63.09348678588867,63.50580311504557,62.96799950477761,63.40720498866632,28537200
2013-05-02,63.89125442504883,64.02570708804268,63.14728894988984,63.20107411821529,31744200
2013-05-03,64.6441650390625,64.84135446616305,64.45593410509535,64.50971241807328,34061700
2013-05-06,64.89513397216797,64.99373209641294,64.70690305457586,64.76068136287539,19244300
2013-05-07,64.85926055908203,65.04749142174225,64.61724456527476,65.00267161887668,25838100
2013-05-08,65.17303466796875,65.22681300678678,64.71589827237244,64.82346178855619,24252100
2013-05-09,65.0833740234375,65.52257955945635,64.95788672743211,65.04751953335814,29337200
2013-05-10,65.47775268554688,65.50464183776603,65.1012840388487,65.21781281652281,20663700
2013-05-13,65.55844116210938,65.71978296569843,65.30746654286985,65.37021019767973,29730100
2013-05-14,65.8990478515625,66.0962441468902,65.5494750874981,65.57637108657993,36009800
2013-05-15,66.03348541259766,66.09622905236891,65.61220375761472,65.77354552253279,27214400
2013-05-16,65.9617919921875,66.41892824031481,65.92594433690479,66.08728613985882,27253400
2013-05-17,66.59820556640625,66.62509472910202,66.08729095954885,66.30241109966093,31114500
2013-05-20,66.49960327148438,66.71472339820606,66.23069798417312,66.47271411046236,25132400
2013-05-21,66.57130432128906,66.81332044357906,66.23069688972937,66.46374767897832,25900000
2013-05-22,65.98870086669922,67.18083053599445,65.6480865281462,66.65199203557317,59843200
2013-05-23,65.8363265991211,66.06041213123322,65.28059885615359,65.40608620705257,48222100
2013-05-24,65.80044555664062,65.81836938115728,65.2178221009575,65.39708770030111,26430300
2013-05-28,66.23068237304688,66.81330579919502,66.02452762810677,66.571289729951,27057100
2013-05-29,65.91698455810547,66.15003536835314,65.54052259900648,65.97076288410646,32090300
2013-05-30,66.26655578613281,66.58027407795842,65.92594833194298,65.94387216067051,32390500
2013-05-31,65.65705108642578,66.51753858037995,65.58534208562625,66.01558925187669,38347600
2013-06-03,65.7735595703125,65.7914902361018,64.92203758604434,65.66600292975797,47613100
2013-06-04,65.43297576904297,66.1679760452355,65.1640703934771,65.90803600580125,35251900
2013-06-05,64.5814437866211,65.46882045115751,64.52765861644994,65.21784578551463,48654200
2013-06-06,64.89513397216797,64.90409930306582,64.0615360008065,64.67104856952827,62524100
2013-06-07,65.78250885009766,65.85421781866485,65.00268920365255,65.16403096365694,31969800
2013-06-10,65.80941772460938,66.11417751307471,65.66600658304297,65.90801587630001,25390000
2013-06-11,65.15509796142578,65.7377147529702,64.93101247589445,65.15509796142578,40278900
2013-06-12,64.40215301513672,65.5584346868946,64.3035548760961,65.53154552870986,42081900
2013-06-13,65.21781921386719,65.36123031928463,64.13324665719888,64.3125122486067,28221500
2013-06-14,64.78758239746094,65.28953160308491,64.68898425513551,65.21782945838508,27690700
2013-06-17,65.41505432128906,65.7915163899742,65.07443992134229,65.29852546297126,32441900
2013-06-18,65.95282745361328,66.07831475123928,65.48672591510689,65.5046565796505,24853100
2013-06-19,65.21781921386719,66.0424518760134,65.14611024188649,65.9707429040327,43145100
2013-06-20,63.667152404785156,64.68002294298857,63.452032302968526,64.46489600262721,60908400
2013-06-21,63.32906723022461,63.8146238699468,62.798548974532444,63.64377796147619,51558900
2013-06-24,62.69965744018555,63.18520731012056,62.17813278263377,62.80755436231301,41492300
2013-06-25,63.1582145690918,63.40998312717482,62.77156803769896,63.30208623666992,28897400
2013-06-26,63.7247200012207,63.841610621425836,63.472944506640694,63.69773891023726,23742300
2013-06-27,63.99446487426758,64.39909888969177,63.958496948884516,64.05740702864286,23545000
2013-06-28,64.08438110351562,64.46204088903934,63.65277972031751,63.796644561323454,28301100
2013-07-01,64.4800033569336,65.01052153120294,64.4170612203435,64.51597127215341,24942800
2013-07-02,64.50700378417969,64.90264415214763,64.1563250435467,64.45305531952266,23067900
2013-07-03,64.76773834228516,65.07346218459617,64.21923965299682,64.27319495468596,18847500
2013-07-05,65.26232147216797,65.28929570651427,64.61491240713022,65.13643713843082,28795900
2013-07-08,65.32522583007812,65.63094278930204,65.08244414111542,65.6039685705679,20558500
2013-07-09,65.72088623046875,65.86475793659575,65.32525275898057,65.63096984422964,26108600
2013-07-10,66.0985336303711,66.19744369473499,65.62197069853376,65.6579317581395,25598900
2013-07-11,67.41133880615234,67.46528726132175,66.76392990339967,66.80889152282748,47768900
2013-07-12,67.70807647705078,67.75303124124314,67.27646820768375,67.4563009848146,31412600
2013-07-15,67.86094665527344,67.90590142717123,67.59119058315916,67.7800170895664,19783600
2013-07-16,67.77101135253906,67.96882464205412,67.600165430497,67.91487618674819,31747100
2013-07-17,67.94185638427734,68.10370862459663,67.75302991393492,67.97782431103502,24631500
2013-07-18,67.77101135253906,68.10370264049891,67.66310758174723,67.93286357863683,36278800
2013-07-19,67.06964874267578,67.20452674435833,66.8718354484122,67.18654621221806,37732400
2013-07-22,67.26746368408203,67.42032906623837,67.06065670968519,67.32141899668176,21135900
2013-07-23,66.77291107177734,67.40233246459853,66.71895576655076,67.39333877036432,24739500
2013-07-24,66.9887466430664,67.45631608437675,66.83588806227093,67.42934184778723,24426900
2013-07-25,67.41133880615234,67.49226148890645,66.95275635667254,67.30343503563358,23162200
2013-07-26,67.77101135253906,67.7799981883034,67.03368606924484,67.14158297985668,20885600
2013-07-29,67.6451187133789,67.92386151168026,67.46527911755616,67.63612501854298,20958400
2013-07-30,68.00480651855469,68.29254310618936,67.75303786189703,67.88791588801546,24104600
2013-07-31,68.13064575195312,68.52628587064893,68.0047615069457,68.13963944378989,25007600
2013-08-01,68.82305145263672,68.92196153331992,68.52632121058711,68.59825706202588,16880000
2013-08-02,69.20970916748047,69.22768970313076,68.67919075334692,68.83205617719103,18105300
2013-08-05,69.25464630126953,69.30860161484385,69.03884562751145,69.17372362117766,15462800
2013-08-06,68.84101867675781,69.22766522826747,68.56227588154587,69.16472308547189,23675400
2013-08-07,68.71511840820312,68.84999635715823,68.22057507560436,68.64318258740342,20281200
2013-08-08,69.05683135986328,69.21868357633873,68.60724263189589,69.09279242114266,19994000
2013-08-09,68.77806091308594,69.1826947621676,68.5802408348919,68.9399130806831,18558500
2013-08-12,68.93997955322266,69.0658639316018,68.50837793026109,68.51736477144239,20515900
2013-08-13,69.32657623291016,69.47943474461037,68.53530258983338,69.02984604418918,23917000
2013-08-14,69.06583404541016,69.3985322501235,68.96692395374352,69.29962215845686,29921000
2013-08-15,67.89688873291016,68.3284900517155,67.69906860338301,68.29252213178519,39406600
2013-08-16,67.86993408203125,68.2206128272653,67.75303659349906,67.90589515215365,23825000
2013-08-19,67.75302124023438,68.45437857177046,67.73504070924768,67.87890553768035,29586900
2013-08-20,68.04974365234375,68.36445435988352,67.82494930978979,67.87889775674549,18842800
2013-08-21,67.81596374511719,68.41841100894116,67.56419514890297,67.83395113637805,30705100
2013-08-22,68.48135375976562,68.52630851344996,68.0767198155319,68.11268773458684,17269500
2013-08-23,68.93997955322266,69.0298959863243,68.69720449782979,68.96695379713475,20697300
2013-08-26,68.97589874267578,69.48842959527371,68.83203392344124,68.99388613269214,27525500
2013-08-27,67.5641860961914,68.49933137124685,67.40233389742836,68.15764644504881,40068900
2013-08-28,67.82495880126953,68.11269532559753,67.48327382243623,67.48327382243623,20490400
2013-08-29,68.3015365600586,68.64322161284784,67.70808285151081,67.806992946299,27287900
2013-08-30,67.86094665527344,68.37347770414505,67.61816481833422,68.37347770414505,26228500
2013-09-03,68.24757385253906,68.7331305274006,67.92386940263138,68.41841291319373,27241500
2013-09-04,68.97589874267578,69.09278933706504,68.27454145598169,68.4813552800942,27142900
2013-09-05,69.09278869628906,69.29060882355878,68.9938854928334,69.02085971742851,17809700
2013-09-06,69.17371368408203,69.5423728296185,68.38244008718569,69.32657218686109,27715100
2013-09-09,69.98300170898438,70.09989233977045,69.44349646355278,69.47047069679715,25161900
2013-09-10,70.32467651367188,70.42358659460571,70.0639141966809,70.38761866879518,27619400
2013-09-11,70.18978118896484,70.23474280017969,69.76716674018861,69.8570899626183,28132900
2013-09-12,70.14484405517578,70.36064475081338,70.0009723512971,70.2077862105776,18332700
2013-09-13,70.18978118896484,70.26171702283712,69.81212835140346,70.21675541162227,16932500
2013-09-16,70.00096893310547,70.78325584934028,69.83911670423551,70.78325584934028,25704300
2013-09-17,70.46853637695312,70.55845274628169,70.11785773444626,70.1538187940343,27174300
2013-09-18,71.31375122070312,71.45762288512525,70.43256128674253,70.5764260909861,31714700
2013-09-19,71.48458862304688,71.65543448922675,71.3587043617073,71.53853706071305,26435700
2013-09-20,71.23929595947266,71.73533129612835,71.203220036736,71.65415874977619,26328900
2013-09-23,71.09498596191406,71.61807642339967,70.76128889908136,71.53690389210418,30319400
2013-09-24,71.09498596191406,71.47377275921988,70.86049594801061,71.24830344452202,21871300
2013-09-25,70.85149383544922,71.24832213526714,70.70719701419311,71.14911506031267,22746400
2013-09-26,71.40161895751953,71.57297783381175,71.11301851789841,71.14007373399144,22421700
2013-09-27,71.3114242553711,71.43768650286376,70.87852020627022,70.98674793873955,25151600
2013-09-30,71.14009857177734,71.3294920313305,70.34644880591944,70.5719181931179,28031900
2013-10-01,71.8615951538086,71.89767107733266,71.11303522243648,71.14911114596056,33129700
2013-10-02,71.83451080322266,71.93371783249174,71.30239974798157,71.37455156577292,25503800
2013-10-03,70.99580383300781,71.89768140836456,70.61701690274515,71.74436387194108,42998200
2013-10-04,71.60908508300781,71.7082921726107,70.93267686159548,70.99580802036276,22852700
2013-10-07,71.01384735107422,71.56399329218173,70.9507161880347,70.97777141779724,20227100
2013-10-08,69.64299774169922,71.07697999524183,69.61594251137288,71.01384883088676,43660700
2013-10-09,69.42652893066406,69.84139173078816,68.85834173508502,69.80531580719752,64526700
2013-10-10,70.89659881591797,71.0589370594456,70.1570594577988,70.1750939822885,48062700
2013-10-11,71.45577239990234,71.50988285944771,70.7072122658814,70.7162329693992,25214100
2013-10-14,71.9608154296875,71.9608154296875,70.9597307307048,71.01384118553194,31471900
2013-10-15,71.68118286132812,72.24936286154258,71.59098966189958,71.90665209834934,38684000
2013-10-16,72.4928970336914,72.52897295244809,71.96079271378062,72.01490315152668,46735900
2013-10-17,72.90776824951172,72.93483035230709,72.10509788605103,72.16822903101607,32193500
2013-10-18,74.08924102783203,74.1162962530126,73.36773624604558,73.57517110706254,39628200
2013-10-21,74.25157928466797,74.44097274177521,74.01708919839157,74.26059310587816,31176900
2013-10-22,74.35980987548828,74.76565894855946,73.89083652260165,74.54018953489118,43944800
2013-10-23,73.90885162353516,74.13432097794592,73.54810616110086,73.99904486992237,38021300
2013-10-24,74.2334976196289,74.38682194717975,73.84569021375475,73.95391793659492,23155100
2013-10-25,74.765625,75.10833587608133,74.40487272578015,74.92796317936006,35824500
2013-10-28,74.78367614746094,74.9009246191026,74.44998589624414,74.77466232716453,28618400
2013-10-29,74.90992736816406,75.09030695911575,74.58525098522887,75.03618964144133,36878100
2013-10-30,74.83777618408203,75.2977286209785,74.47702391298061,75.1714663582096,33535500
2013-10-31,74.66641235351562,75.12637164067412,74.38683263032948,74.64837095672998,31309900
2013-11-01,74.68446350097656,75.00913990765206,74.31469735384957,74.91895354597072,30867800
2013-11-04,74.79269409179688,74.91895637908111,74.53114881648564,74.90993567833836,16834000
2013-11-05,74.87387084960938,75.05425048729698,74.28765594926861,74.50410463371412,27975600
2013-11-06,74.85585021972656,75.21660268127901,74.61234626462767,75.18954745079924,25576800
2013-11-07,73.44891357421875,74.97308203157647,73.38578241776938,74.86486112382325,52173200
2013-11-08,74.44097900390625,74.45901352862327,73.51204616342619,73.71947416118263,31470500
2013-11-11,74.32369995117188,74.53112784443776,74.08018926508817,74.33271376859967,24822900
2013-11-12,74.44097900390625,74.54920679454882,74.0621920578274,74.0982679880416,20108500
2013-11-13,75.34285736083984,75.35187806367749,73.95396499739036,73.95396499739036,31345900
2013-11-14,75.57731628417969,75.63142671731795,74.98207399654936,75.14441217674151,31101200
2013-11-15,75.72161102294922,75.72161102294922,75.40595537019773,75.59534876184863,20511300
2013-11-18,74.98208618164062,75.85690835701959,74.83778937623028,75.70359085102783,31679600
2013-11-19,74.765625,75.29772927187186,74.63936273613965,74.93697699765201,25545300
2013-11-20,74.58527374267578,75.24364740917109,74.3688250482688,74.96406755886291,32177400
2013-11-21,75.34285736083984,75.405988519143,74.83780809441465,74.9009392527178,28125000
2013-11-22,75.74868774414062,75.7757429676608,75.41499747968614,75.46910792672651,25361300
2013-11-25,75.92906951904297,76.1004215664495,75.73967606825934,76.01925589359051,21695100
2013-11-26,76.32588195800781,76.51527538649574,75.78475689364534,75.94709510103193,26621000
2013-11-27,76.8580093383789,76.87604386263988,76.41609124579578,76.47922240187908,21638100
2013-11-29,77.31796264648438,77.41716284314835,77.08347256518371,77.16463823903044,16708900
2013-12-02,77.09248352050781,77.52538082118647,76.975235054291,77.4081392357482,26354600
2013-12-03,77.02935791015625,77.23678587473638,76.7317366940762,77.03837173068301,37147000
2013-12-04,77.10149383544922,77.35401839616208,76.46116173341927,76.70467247466254,37193200
2013-12-05,77.00231170654297,77.25484322979764,76.8129182246873,77.1646499596736,39829300
2013-12-06,77.56147003173828,77.72380826750101,77.19169692997549,77.6516564114332,36842900
2013-12-09,77.87712097167969,78.03945919737536,77.74183797013674,77.87712097167969,22590000
2013-12-10,77.82299041748047,77.96728720260846,77.66967293303901,77.75083858452773,26965900
2013-12-11,76.82193756103516,77.92222938147962,76.71370976728018,77.81400158772465,36830600
2013-12-12,76.62348937988281,77.038352084022,76.56937894740557,76.84895868957436,33662600
2013-12-13,76.5242691040039,77.02030425188403,76.39800686286644,76.98422834287673,34072000
2013-12-16,76.94820404052734,77.39012218088861,76.84899694441636,76.90310740382937,24902500
2013-12-17,76.79487609863281,77.13758709653203,76.65057238534065,76.9481936334209,24454900
2013-12-18,77.68773651123047,77.75988837117278,75.80281561550319,76.88506599151751,68387200
2013-12-19,77.47129821777344,77.57050531832414,77.1285802774052,77.56148461442471,44964100
2013-12-20,78.26020812988281,78.42306201828164,77.56355960334307,77.61784193193071,40475400
2013-12-23,79.08354187011719,79.08354187011719,78.66735426352153,78.90258923624143,28181800
2013-12-24,79.1197280883789,79.17401733164023,78.95687416386977,79.10163627571674,13852500
2013-12-26,79.3821029663086,79.44543466356683,79.11068436490358,79.26448892929682,15241100
2013-12-27,79.1830825805664,79.52688924385362,79.08356722832156,79.48164934521918,15827400
2013-12-30,79.06543731689453,79.17400888920261,78.83925171823019,79.06543731689453,18983700
2013-12-31,79.58113098144531,79.58113098144531,79.18304216509506,79.21019023200284,24890500
2014-01-02,78.95684051513672,79.23731526165203,78.73065498874651,79.2101741029067,29177500
2014-01-03,78.38687133789062,79.02923753452782,78.36877952927706,78.95685649480187,35723700
2014-01-06,78.09735870361328,78.49544754303005,77.80784143021097,78.40497468933614,32073100
2014-01-07,78.82115936279297,78.93877338833643,78.31449893149326,78.45926102690365,25860600
2014-01-08,78.99304962158203,79.21019274792604,78.66734183470211,78.83924508406542,27197400
2014-01-09,78.73066711425781,79.29160979104617,78.45924858236839,79.2825604358592,23674700
2014-01-10,78.98401641845703,79.07448928037799,78.33260076840706,78.92068472484867,38008900
2014-01-13,77.81690216064453,79.14687470251589,77.5183354874413,78.87544919912436,48842300
2014-01-14,79.30067443847656,79.36400613172712,78.07927355285183,78.07927355285183,37178900
2014-01-15,79.95207977294922,80.10588430777251,79.56304030669057,79.64446380066667,39835600
2014-01-16,79.96112060546875,80.07874152012054,79.76208310112693,79.88874646872438,31630100
2014-01-17,79.50875854492188,79.95208728478653,79.31876347182414,79.71685233124984,36895800
2014-01-21,80.11493682861328,80.1511204478304,79.44542252828047,80.0154146191756,26412700
2014-01-22,80.32301330566406,80.52205769877934,80.08777839537917,80.32301330566406,29376900
2014-01-23,80.0516128540039,80.08779647670731,79.49067006518433,80.07875402234991,35011900
2014-01-24,78.47734832763672,79.78017950091356,78.45020716196616,79.66256548212905,63974600
2014-01-27,77.71737670898438,78.61306978876257,77.12929274448146,78.47735704270237,63519300
2014-01-28,77.67210388183594,77.75353425598857,77.1835423448224,77.35544554376256,44378800
2014-01-29,76.83977508544922,77.57261424709365,76.68597052852283,77.00262899944099,51939300
2014-01-30,78.26020812988281,78.53163357809282,77.6992654248122,77.78069582032956,65833600
2014-01-31,78.05211639404297,78.4230640560598,77.31022797264538,77.39165837027866,45187000
2014-02-03,76.2607192993164,78.26019869191502,76.06167491498472,77.90734979337616,65596900
2014-02-04,76.8216781616211,77.12928725500309,76.41453995241747,76.6497749020038,37675500
2014-02-05,76.62261962890625,76.89403814910358,75.76311039169327,76.56833040275859,41721800
2014-02-06,77.59973907470703,77.6992612735578,76.83070954938026,76.84880825969978,32308600
2014-02-07,78.98401641845703,79.03829875508222,77.80784850557383,78.03403411169468,38359400
2014-02-10,79.43640899658203,79.47259262897315,78.90260723318981,78.95688958441525,30205400
2014-02-11,80.34110260009766,80.49490710306713,79.51778396190593,79.60825679290949,38635500
2014-02-12,80.49494171142578,80.6758874512295,80.2506573697895,80.50399106920722,32507200
2014-02-13,81.09207153320312,81.15540323502097,79.88876919866404,79.90686101233864,40454500
2014-02-14,81.25489807128906,81.43585066021504,80.82062566313768,81.0649030298934,33212400
2014-02-18,81.65301513671875,81.80681971358419,81.19159450348457,81.39063896890472,29546600
2014-02-19,81.09207153320312,81.68920492403237,80.92921759958041,81.49920981857883,41749900
2014-02-20,81.47203826904297,81.62584278716186,80.80252406787507,81.14633052324108,41814800
2014-02-21,81.36346435546875,81.85202595997595,81.26394216366349,81.73440505913244,31192200
2014-02-24,81.79774475097656,82.16868545968684,81.46298765556499,81.553460494082,31500400
2014-02-25,81.70726013183594,82.07820772103547,81.44488408395608,81.9153538603733,26771700
2014-02-26,81.63489532470703,82.18678174049542,81.30918756620652,81.92441256530354,42953700
2014-02-27,82.16455841064453,82.24631990071248,81.51952568538059,81.6467148463459,28742400
2014-02-28,82.07371520996094,82.63698652848129,81.34692088711483,82.14639672163268,48609800
2014-03-03,81.46500396728516,81.68304845097013,80.73820981553503,81.30147407016584,38885700
2014-03-04,82.50070190429688,82.6551518334667,82.2735774022533,82.35534582725964,33189000
2014-03-05,82.72784423828125,82.87320727794113,82.46437892736613,82.63699580413943,27203300
2014-03-06,82.6551284790039,82.98218129275033,82.35532255750795,82.91858672739855,24063900
2014-03-07,82.2463150024414,83.00036993417679,81.82840679397444,82.91860151768923,31167800
2014-03-10,82.31901550292969,82.36444318160885,81.79208492793018,82.20091324217074,18131700
2014-03-11,81.96468353271484,82.72781845925313,81.71938521254964,82.51886781896772,27484300
2014-03-12,82.2735595703125,82.31898723339113,81.29238720192338,81.59218621186237,27977200
2014-03-13,81.11071014404297,82.60973341165783,80.73822952324963,82.58247957736691,48542000
2014-03-14,80.55651092529297,81.20154363293207,80.52017017582592,80.84722998974001,38732300
2014-03-17,81.26514434814453,81.68305953292831,81.02893985570645,81.07436059750312,28467200
2014-03-18,82.2463150024414,82.34625032743232,81.33781708891608,81.36507091731559,31250200
2014-03-19,81.8011474609375,82.3644186246831,81.26513012375744,82.27356329441326,40869400
2014-03-20,82.0282974243164,82.2735888709489,81.38326458035174,81.5467945218703,31634500
2014-03-21,81.04119110107422,82.54364153900474,80.88639498763231,82.49811000110427,62754000
2014-03-24,80.33096313476562,81.39633468857187,79.59339928169038,81.33259468827079,77735300
2014-03-25,80.59502410888672,81.26884790542482,79.9211933652102,80.74982024710764,41723300
2014-03-26,79.55699157714844,81.17781501128064,79.54788387607454,80.99569572550486,40930400
2014-03-27,79.11080169677734,79.80284106359593,78.67372932088993,79.44771715300985,64784500
2014-03-28,79.26558685302734,80.13973835379007,79.04704376748272,79.36575069711732,39895100
2014-03-31,79.83011627197266,80.3673591862309,79.78459168586926,79.88475550128797,33924300
2014-04-01,81.232421875,81.28705417004736,79.86655892171018,80.22168273379447,38683800
2014-04-02,81.44186401367188,81.66040015914542,81.07763247312342,81.5784447626311,34631600
2014-04-03,80.79537200927734,81.66041600721503,80.33097653127304,81.52382828460904,30319100
2014-04-04,78.64640808105469,81.41455842221934,78.43697266025833,81.33260301507653,131213200
2014-04-07,77.89974975585938,78.88316617954092,77.35339880730854,78.15470982670796,83995800
2014-04-08,78.61906433105469,78.72833586283139,77.71759677209504,77.99077212796784,51495700
2014-04-09,79.96675109863281,80.01228265873284,78.70105153582789,78.91048698629103,45685200
2014-04-10,77.489990234375,80.02138955425629,77.27145401283292,80.02138955425629,73659600
2014-04-11,76.58849334716797,77.79956023160831,76.40638105577874,76.79792178755173,93657400
2014-04-14,77.18948364257812,77.5992467941662,76.47923584972662,77.26233135136799,46500700
2014-04-15,77.44442749023438,77.89060741580094,75.83270541360392,77.4717436360861,84631500
2014-04-16,78.473388671875,78.473388671875,77.48085786802541,78.11826481973645,46970900
2014-04-17,78.49162292480469,78.88317075550442,77.97259505128562,78.17292281775636,53719500
2014-04-21,79.07437133789062,79.07437133789062,78.30949126942096,78.67372285079966,25947900
2014-04-22,79.70266723632812,79.90299494488323,79.21095566454906,79.34754337012201,38593400
2014-04-23,79.00151824951172,79.72997435143897,78.95598670376818,79.70265820284824,34376700
2014-04-24,79.75729370117188,80.32185293421394,78.901357573375,80.3036444834688,48926300
2014-04-25,78.48250579833984,79.3748659119298,78.29128577399914,79.2838097499304,44334000
2014-04-28,78.73745727539062,79.32022498543265,77.49907415476656,78.85582957841385,58623800
2014-04-29,79.36577606201172,79.51146455179752,78.5917812108356,78.9742282591975,36742700
2014-04-30,79.5751953125,79.65715072302338,78.80120749849476,79.00153522739636,38689400
2014-05-01,79.81192016601562,80.26720778025742,79.50232097581961,79.70264863762803,37127200
2014-05-02,79.66622161865234,80.23078073877357,79.47500166195098,80.08508537339878,40074200
2014-05-05,80.08512878417969,80.10334418829403,79.00154844217526,79.19276850252898,27924400
2014-05-06,79.04706573486328,80.0031728951945,79.01064187715023,79.95764133626805,33698500
2014-05-07,78.81941223144531,79.2929153768846,77.88152058781014,79.21095997023025,67489100
2014-05-08,78.74656677246094,79.70266681210414,78.35501905704346,78.5371313654119,46556900
2014-05-09,79.03793334960938,79.09256564074471,78.17288270618599,78.70101801095339,35081500
2014-05-12,80.34009552001953,80.36741167895069,79.43862059244441,79.51146831435493,38951100
2014-05-13,80.39470672607422,80.68609059005719,80.23991056802,80.41291517819971,30311900
2014-05-14,79.97584533691406,80.44934152539858,79.78462532153726,80.14884995246096,26483600
2014-05-15,79.3475570678711,80.09422878047648,78.83763695598658,79.95764105132443,59680300
2014-05-16,79.86656951904297,79.91210106904941,78.89225409430183,79.43859795868337,66804100
2014-05-19,80.4220199584961,80.54949996016488,79.49323609674646,79.62981685057798,32017000
2014-05-20,80.13062286376953,80.67696663023129,79.8028152144649,80.38558282497583,33716000
2014-05-21,80.8955078125,80.94103935719681,80.230791721612,80.27632326630881,36837700
2014-05-22,81.25066375732422,81.4783076570793,80.85911597185986,80.98659599995148,30617100
2014-05-23,81.84252166748047,81.86073706748444,81.1504893044007,81.33260162160283,22687300
2014-05-27,82.86234283447266,82.88055128165186,82.13387989883111,82.20672758182276,29725200
2014-05-28,82.607421875,82.95343811179517,82.54368185908667,82.83506578142487,30468100
2014-05-29,83.13555908203125,83.14465983653051,82.73490357555738,82.8988074693748,33036100
2014-05-30,83.14463806152344,83.2721180625352,82.70756575723712,83.15374576077828,29906400
2014-06-02,83.06269836425781,83.26302608614436,82.53456290603685,83.24481068571481,30409900
2014-06-03,83.02628326416016,83.16287099322349,82.6802670380548,82.78953166359307,21774500
2014-06-04,83.33586120605469,83.4724489114727,82.68935347735797,82.81683348317765,20118300
2014-06-05,84.0369873046875,84.19178342370101,83.12641209100204,83.40868818416051,35583100
2014-06-06,84.51960754394531,84.51960754394531,84.18269214818886,84.34659599651107,22680600
2014-06-09,84.45586395263672,84.6652993404732,84.22822011448946,84.5378123997432,23399500
2014-06-10,84.60157012939453,84.64709473454467,84.28286315764602,84.38302701497165,20626000
2014-06-11,84.5833511352539,84.70172344018145,84.22822727333208,84.31017572740363,22878200
2014-06-12,83.81846618652344,84.49229001994135,83.52708234392607,84.40123387171819,35275900
2014-06-13,84.0643310546875,84.2737664793503,83.70009946017906,84.1827033703683,39447100
2014-06-16,84.13715362548828,84.38300588372317,83.73649829651819,83.91861751293085,25212300
2014-06-17,84.18270874023438,84.41035263293067,83.9368563928641,84.07344411790993,19977900
2014-06-18,84.65619659423828,84.77456889602988,83.75472888763696,84.26464889183342,34514000
2014-06-19,84.60157012939453,84.83831474931007,84.21912315272422,84.7836824442741,38422200
2014-06-20,84.7010726928711,84.79238049226876,84.48194929909229,84.63716141277698,25897500
2014-06-23,84.71936798095703,84.74675754445693,84.46372276721179,84.69197841745712,20837900
2014-06-24,84.63717651367188,85.43150853582885,84.39066352241397,84.71021997989953,31945800
2014-06-25,85.17584228515625,85.32192221564216,84.43629652864357,84.4454217353069,32818600
2014-06-26,85.22151184082031,85.23977619060908,84.56414153040268,85.23064401571469,22563900
2014-06-27,85.59580993652344,85.61406731102242,85.08451986089348,85.1119094055444,22877800
2014-06-30,85.74193572998047,85.95192697819486,85.52280534165936,85.57759142164365,19751900
2014-07-01,86.68235778808594,86.91061341152977,86.00671612730987,86.04323786295794,31862500
2014-07-02,86.82844543457031,86.95626803772494,86.65497588218015,86.73714457028979,18777300
2014-07-03,87.376220703125,87.376220703125,86.87406267864655,87.11145039821821,15291700
2014-07-07,87.1114730834961,87.38537563204771,86.9471287680418,87.27581043314207,23266400
2014-07-08,86.06148529052734,87.01102933323206,85.70540714523901,86.94711804986768,40612400
2014-07-09,86.70059204101562,86.80102504579978,86.04321490635827,86.28973481475826,29919000
2014-07-10,86.42668914794922,86.78276726661643,85.48627038331314,85.58670338763537,44245300
2014-07-11,86.98365020751953,86.98365020751953,86.38105898183592,86.6458363418121,19566300
2014-07-14,87.50405883789062,87.70492486978135,87.23015631188233,87.3762362659252,19579000
2014-07-15,87.2027816772461,87.76885117400879,86.58192609326102,87.64102858017148,39467500
2014-07-16,87.54973602294922,87.9240786302555,87.4584351566678,87.83277079816449,22052600
2014-07-17,86.39017486572266,87.62275361083364,86.11626538200576,87.31232239823399,43111500
2014-07-18,87.75972747802734,87.80537442472291,86.7371397438819,86.8375727787448,36682200
2014-07-21,87.65013885498047,87.79622576332622,87.23928161542062,87.5770954008076,29750700
2014-07-22,88.20709228515625,88.3440470346907,87.96970451701704,88.06100536143738,25770400
2014-07-23,88.77315521240234,88.87358124997974,88.35315885326443,88.51750313463805,28947500
2014-07-24,88.67274475097656,89.02882295683874,88.54492216250341,88.92838992792288,24707200
2014-07-25,88.32579803466797,88.44449542226754,87.86016155746837,88.21623978864883,29898900
2014-07-28,88.35317993164062,88.58143554545843,87.6684130901872,88.41709122487727,25603400
2014-07-29,88.19795989990234,88.74577193092128,88.12491643821771,88.5449128600004,27022200
2014-07-30,88.544921875,88.85534617005297,88.19796887957772,88.69100184743417,35348500
2014-07-31,86.75538635253906,87.96057565537477,86.62756377237528,87.81449569196253,50047900
2014-08-01,86.43584442138672,87.04756786718444,85.86064271402893,86.5727991990841,60708000
2014-08-04,87.02930450439453,87.36712533740801,86.29888371737415,86.61844716532612,33230500
2014-08-05,86.36275482177734,86.92883101656459,85.96102984510135,86.68231812100899,50331100
2014-08-06,86.29888153076172,86.83756841484717,85.75106943728115,85.82411290729421,34431900
2014-08-07,86.02497100830078,86.864949938314,85.72367194672819,86.70060562889331,33274700
2014-08-08,86.64582061767578,86.74625363136501,85.79670957108986,86.16191989670455,40236900
2014-08-11,87.1571273803711,87.43103691784572,86.91973957894702,86.98365087558324,28277500
2014-08-12,87.12059783935547,87.34885344486571,86.67321880298171,87.06581872309167,28152300
2014-08-13,88.0427474975586,88.07926922828865,87.43102418089785,87.4766711199545,27996500
2014-08-14,88.49927520751953,88.51753259338963,88.04276393686604,88.16145435954463,25006600
2014-08-15,88.92837524414062,89.1383664766121,88.08839638263976,89.0105439092449,55205500
2014-08-18,89.6131362915039,89.69530495138928,89.26618337428022,89.39401289933586,38938300
2014-08-19,90.11530303955078,90.17008911722762,89.7683570547002,89.82313616656931,21363400
2014-08-20,90.11530303955078,90.29791168879402,89.96009091204982,90.0422665456612,23435600
2014-08-21,90.29790496826172,90.34355190281941,90.02399549768677,90.16095023297424,19339500
2014-08-22,90.43485260009766,90.61745425559988,90.133553599293,90.33441959982945,24692000
2014-08-25,90.7544174194336,91.01006254723195,90.53529401929319,90.86397563660014,24124700
2014-08-26,90.84573364257812,90.9461666691964,90.6357354144285,90.89138755133497,20100400
2014-08-27,90.86398315429688,90.97354834633569,90.67224929258487,90.87311532841875,15589100
2014-08-28,90.76356506347656,90.87312329931734,90.46226598329741,90.55356683510091,23563900
2014-08-29,91.10137939453125,91.22007677173247,90.63573599231472,90.96442463319597,17906300
2014-09-02,91.36614227294922,91.393531827717,90.99180674811053,91.3204883711313,18326800
2014-09-03,90.82746887207031,91.61266170552662,90.66312456604273,91.61266170552662,25950700
2014-09-04,90.74529266357422,91.50310290135359,90.51703707140993,91.03745954291222,24663500
2014-09-05,91.20179748535156,91.2565765945909,90.41659774581997,90.88224107177648,30798200
2014-09-08,91.37527465820312,91.60353023620674,90.95528523057335,91.22918774469323,25571300
2014-09-09,90.61744689941406,91.72220284687543,90.44397046470485,91.38438214923276,36449200
2014-09-10,91.36614227294922,91.40266400124206,90.4805095178181,90.73615465006061,31080100
2014-09-11,91.29312133789062,91.33877525097111,90.60835443653811,90.97356484375462,28691900
2014-09-12,90.82746887207031,91.2383261542353,90.54442719925132,91.21093659753203,30444400
2014-09-15,89.95098114013672,90.93704719420361,89.67707854676887,90.92791501801518,32972200
2014-09-16,90.73616790771484,90.90964440100103,89.52185335213689,89.61315420330546,38166900
2014-09-17,90.87310791015625,91.30222950335117,90.32529592629761,90.7178957917943,37196500
2014-09-18,91.55791473388672,91.567046911263,91.05575643115685,91.15618251905454,30196700
2014-09-19,91.50114440917969,92.0319518848819,91.13506523179987,91.94043383613183,46918000
2014-09-22,90.6500015258789,91.2906347663757,90.25646768317984,91.28148086797471,48658000
2014-09-23,90.40291595458984,90.80560378838035,90.21987983871067,90.2839431775064,33989600
2014-09-24,91.37301635742188,91.41877887578902,90.18326768605606,90.49443046733667,35959000
2014-09-25,89.45111083984375,91.19913573260042,89.4145022209903,91.0801559757317,68642500
2014-09-26,90.40291595458984,90.56765125183321,89.58839336888106,89.74397476561639,56106200
2014-09-29,90.28394317626953,90.53104263094106,89.46026669006399,89.50602921022329,33342700
2014-09-30,90.41206359863281,90.87881473892014,89.98192107546409,90.53103636748341,41834300
2014-10-01,88.96605682373047,90.2473305247663,88.68234876208237,90.15581247091659,58164900
2014-10-02,88.96605682373047,89.24061796765955,87.83121759475813,88.92944820571459,54501300
2014-10-03,89.84465026855469,90.21072949713562,89.17656213509649,89.48772494084294,41627800
2014-10-06,89.65245819091797,90.34800801105074,89.37790401255688,90.12836327188579,36038700
2014-10-07,88.38032531738281,89.48770973342688,88.37117141806924,89.23145641168172,45154000
2014-10-08,90.10088348388672,90.38459848833732,87.91356948481686,88.42608308316498,64931600
2014-10-09,88.64573669433594,90.21071839611716,88.5084561277138,89.98191977920682,62497100
2014-10-10,86.43098449707031,88.61829913974914,86.41267669403929,88.12409319362683,77579400
2014-10-13,85.07646179199219,86.9343051147713,85.00324457178945,86.27536409770359,80835900
2014-10-14,85.08562469482422,86.1838551845785,84.84767219517177,85.60728522481438,71814500
2014-10-15,84.53649139404297,84.89341657609745,82.58712326487712,83.80433323566687,108847800
2014-10-16,84.0057144165039,84.72871899910153,82.72444056104457,82.75189528227044,93165800
2014-10-17,85.11309051513672,85.92761308083095,84.61888463555032,85.11309051513672,69546700
2014-10-20,86.38520812988281,86.45842536551285,84.93005222923031,85.10393443587677,41479300
2014-10-21,88.65486145019531,88.65486145019531,87.23630769872639,87.45595234368932,53609800
2014-10-22,88.19730377197266,89.0484350066506,88.1423873494131,88.92945524308865,39178000
2014-10-23,89.5242919921875,90.01849767393497,88.9294143947668,89.08499572539732,48123800
2014-10-24,90.25650787353516,90.32057122611162,89.35961395508276,89.71653934549194,43157600
2014-10-27,90.3205337524414,90.48526901677309,89.70734822375309,90.08258126343368,29545700
2014-10-28,91.68418884277344,91.70248966123557,90.67747625023145,90.7415395884192,34495100
2014-10-29,91.34554290771484,91.62925789512754,90.695755777953,91.38215151842546,40552800
2014-10-30,91.5377426147461,91.7573943023759,90.73237404057465,90.93371792971234,35935800
2014-10-31,92.80068969726562,93.12100625843587,92.49867394714337,93.05694294620183,54254100
2014-11-03,93.07525634765625,93.32236271568352,92.82815696200728,92.96543750175817,33481000
2014-11-04,92.76410675048828,93.00205925419195,92.1326203678198,92.78240756659812,22773300
2014-11-05,92.77326965332031,93.37729439687533,92.45294599008693,93.37729439687533,25818600
2014-11-06,93.0661392211914,93.09359394145378,92.36143548334802,92.76412333354425,24671900
2014-11-07,92.9837646484375,93.2674797062388,92.49871265534468,93.23087108644572,20931700
2014-11-10,93.31319427490234,93.4321670002095,92.78237999452789,93.02948632404372,20360000
2014-11-11,93.6060791015625,93.6060791015625,93.07526469087885,93.33152497982812,15454000
2014-11-12,93.77082824707031,93.87150020132091,93.23086684007156,93.23086684007156,22050300
2014-11-13,94.17351531982422,94.52128671569974,93.73421888816786,93.94471669513192,28027800
2014-11-14,94.46636199951172,94.46636199951172,93.83487566314695,94.14604537323204,19251300
2014-11-17,94.18267059326172,94.45722475746811,93.73422025501193,94.24673392981454,23361600
2014-11-18,94.88735961914062,95.01548628188108,94.25587322250593,94.26502712195294,26336800
2014-11-19,94.45721435546875,94.78668490213784,94.01792494816279,94.78668490213784,23760200
2014-11-20,94.87821197509766,94.96058311079271,93.98132527678194,94.05453553004656,22874000
2014-11-21,95.06124114990234,95.8117002494627,94.7592253338603,95.7201752271138,34049100
2014-11-24,95.80255889892578,95.84832141609418,95.23513580498465,95.31750693941181,17928300
2014-11-25,95.9489974975586,96.23271256857646,95.70189803041978,95.9489974975586,17526000
2014-11-26,96.57131958007812,96.62623599753482,95.93984012955487,96.04051208211565,18973800
2014-11-28,97.01976013183594,97.23940483239119,96.7635068174583,96.82757014605271,17360400
2014-12-01,95.92153930664062,96.93740582373228,95.56461398791983,96.75436970524275,35969500
2014-12-02,96.305908203125,96.47979038825244,95.82084931389006,96.02219319576513,26031300
2014-12-03,96.47982788085938,96.6171084884294,95.87580298288574,96.45237315582173,32974300
2014-12-04,96.43403625488281,96.80926232731892,96.03134848530141,96.38827374201978,31008800
2014-12-05,96.44319152832031,96.73605348183432,96.23270070862137,96.58962599626719,25622200
2014-12-08,95.75677490234375,96.61705975900279,95.25342223829846,96.19607122852958,32685800
2014-12-09,96.05879211425781,96.13200933343725,94.30162074822111,94.64024515014229,46035100
2014-12-10,94.54871368408203,96.1228488771479,94.37483152836744,95.88489642223895,39330100
2014-12-11,94.9971923828125,96.13203161359802,94.8049953923271,94.82330319255426,47576000
2014-12-12,93.96299743652344,95.17105363748766,93.95385052080363,94.09112408038492,46889400
2014-12-15,92.9928970336914,94.7958309926784,92.72748983838268,94.44805267629796,52968400
2014-12-16,91.50114440917969,93.77997664024026,91.48283661000194,92.40718496185059,65348600
2014-12-17,93.16677856445312,93.43217875565526,91.44620888501971,91.56518860767387,79715300
2014-12-18,95.40901947021484,95.41817336959475,94.24672561462319,94.5029789382258,49840900
2014-12-19,95.82884979248047,96.21466211574271,95.26850031938129,95.50733952309525,51419900
2014-12-22,96.06768035888672,96.09523737829952,95.6267470230891,95.67268006104216,33869200
2014-12-23,95.72776794433594,96.42590928176458,95.61753288840646,96.41672127500486,30156900
2014-12-24,95.8104476928711,96.17788386904806,95.78288367210158,95.84718570377213,14291300
2014-12-26,96.49022674560547,96.69232087626932,96.05848146798664,96.08603848427775,13924300
2014-12-29,96.47181701660156,96.68309908166118,96.34321297991984,96.39833400163656,17073800
2014-12-30,95.82884979248047,96.41675628747005,95.70024568472638,96.19629310394852,18604000
2014-12-31,94.84590148925781,96.37078811209784,94.70810943166218,95.99415695522946,24367100
2015-01-02,94.56114196777344,95.71857849986742,94.10183975422629,95.31439731765494,31314600
2015-01-05,93.17404174804688,94.25799518752592,92.90764563911442,94.14776013984502,36521300
2015-01-06,91.92472839355469,93.46798383699765,91.511359278223,93.31182279417406,66205500
2015-01-07,93.10977172851562,93.33023489126575,92.31058312699975,92.53105329814746,37577400
2015-01-08,94.89183807373047,95.0755561518251,93.79869658639976,93.89974363187044,40212600
2015-01-09,94.26719665527344,95.21335817236523,93.71602834655542,95.18580115860857,41410100
2015-01-12,93.28428649902344,94.55195814143683,93.0454473750687,94.45091108931737,34129800
2015-01-13,93.25670623779297,95.18578089075696,92.50345098578421,94.193686556386,56162300
2015-01-14,92.74229431152344,93.21997249810376,91.92473700090193,92.31973715163777,51354200
2015-01-15,91.53895568847656,93.32104396156602,91.4287206063525,93.17407086046464,51005400
2015-01-16,92.61368560791016,92.73310164435517,91.27252416567174,91.4194972098814,35362200
2015-01-20,93.34857940673828,93.58741149895161,92.12683390209655,93.17404233224796,30964100
2015-01-21,93.82624816894531,94.2671813426158,92.74229475075023,93.07299287890433,40128800
2015-01-22,95.56243896484375,95.66348603526734,93.36697444999896,94.19372002237502,40887200
2015-01-23,95.7737045288086,96.06765768048183,95.27765727128576,95.5532344087567,34783000
2015-01-26,95.66345977783203,95.83799685309307,95.17660057673041,95.66345977783203,19960900
2015-01-27,93.18324279785156,94.21207535330792,92.87091362323363,94.15696132595023,45253200
2015-01-28,92.70555877685547,94.7816067819832,92.68718977167545,94.68055973250381,43591700
2015-01-29,93.59659576416016,93.77113283167446,91.82368910530904,92.63205840254255,46539700
2015-01-30,92.87091064453125,94.23044834571697,92.742306579224,93.51393797946345,42927600
2015-02-02,93.67928314208984,93.76195417701322,91.63079217322002,93.08218885908146,43624700
2015-02-03,94.57949829101562,94.64380031195452,93.40368590333594,94.01914910495036,30750400
2015-02-04,94.496826171875,95.12147737163549,93.98240300193457,94.19368507308066,34073200
2015-02-05,95.31440734863281,95.37870938496079,94.49684988315002,94.73568201328462,23605500
2015-02-06,94.7356948852539,95.69104456078702,94.39581565065278,95.46139339864148,34169300
2015-02-09,94.43251037597656,94.88262445166707,94.20285933615989,94.36820836516364,22604700
2015-02-10,95.90234375,96.0309478629753,94.8092017813115,94.95618191522529,23686500
2015-02-11,96.25138854980469,96.4718516907278,95.82883127620335,96.01254939223979,20303600
2015-02-12,97.37207794189453,97.4088229632575,96.72905758903296,96.87603066608865,22520300
2015-02-13,98.2080078125,98.22637681831068,97.4639334218421,97.64765852192872,29030200
2015-02-17,98.29988861083984,98.36419065800038,97.96000235676412,98.20802954466728,17675300
2015-02-18,98.43766021728516,98.49277424383317,98.05184100626094,98.18044507380367,15149600
2015-02-19,98.92453002929688,98.98883206992917,98.34580465520935,98.37336167142365,19828100
2015-02-20,99.58592224121094,99.64103627130915,98.54789461838479,98.8602238085331,28336700
2015-02-23,99.68695831298828,99.71452233533323,99.31033410836206,99.53079722834805,17868000
2015-02-24,99.76045227050781,99.87987534683354,99.25522397536429,99.5583581490918,19745000
2015-02-25,99.512451171875,99.99931055297412,99.29198099264693,99.61349825192175,19472300
2015-02-26,100.01764678955078,100.07276782049445,99.33788148067354,99.61346561020527,22255500
2015-02-27,99.57672882080078,100.04521907635974,99.42056773841317,99.98091003354541,27757600
2015-03-02,100.4769515991211,100.51369661790227,99.75125324708331,99.76962926067176,22988600
2015-03-03,100.00845336914062,100.27484945902623,99.37461415498541,100.17380242464222,20788900
2015-03-04,99.62266540527344,99.82475953727528,99.08069205890196,99.6777864466174,21007400
2015-03-05,99.79718780517578,100.10032895847878,99.38381860223227,99.87986585080198,15381000
2015-03-06,98.66730499267578,99.86148654424619,98.4192778723711,99.6685804553401,30990400
2015-03-09,98.95209503173828,99.20011520608101,98.46523568360071,98.86941696802579,26237100
2015-03-10,97.1148910522461,98.27233494907473,97.1148910522461,98.24477092072354,34234500
2015-03-11,96.55455017089844,97.3812958847197,96.5178051382399,97.26187277647986,25459700
2015-03-12,97.18836975097656,97.29859781790607,96.4167382404854,96.48104028232659,21473200
2015-03-13,96.76581573486328,97.48233328792395,96.15954027722447,97.09651398753815,42021100
2015-03-16,98.0151138305664,98.05185885775363,97.02302613010077,97.1240732027663,25674100
2015-03-17,98.17127990722656,98.32744101322766,97.51907145710683,97.7487226159545,19603800
2015-03-18,99.13580322265625,99.58592450668635,97.39964115110199,97.9048764664841,40622200
2015-03-19,99.28277587890625,99.55835302341582,99.08986977523071,99.23684285062325,31314000
2015-03-20,99.92542266845703,100.42261073012057,99.90701141780896,100.10036115992581,31761400
2015-03-23,99.73206329345703,100.14638312590156,99.69523377120436,99.87017224577625,17268500
2015-03-24,99.37300109863281,100.18322965217155,99.3545898466381,99.7228710826466,22445300
2015-03-25,97.0988540649414,99.62161771961681,97.0620245267945,99.52954738650763,41581400
2015-03-26,96.76737213134766,97.31980102256037,95.9755548116208,96.29780441278534,47846300
2015-03-27,97.1540756225586,97.38425492201212,96.60164670877307,96.74896483219041,33878400
2015-03-30,98.26814270019531,98.35100387040211,97.74333421534281,97.74333421534281,30570200
2015-03-31,97.22771453857422,98.19447020577206,97.20009415228513,97.99191134030103,30488100
2015-04-01,96.72135925292969,97.2461678550769,96.09527118155093,97.22774957457162,32970500
2015-04-02,96.78578186035156,97.09882229540302,96.47273440078625,96.81340224879565,19164200
2015-04-06,97.57760620117188,97.84460799187714,96.06762361952985,96.21494173462249,24451100
2015-04-07,97.41190338134766,98.24054341877043,97.41190338134766,97.522384973262,19379400
2015-04-08,98.18523406982422,98.3233429878057,97.43945574704007,97.44865785693051,25866900
2015-04-09,98.80216979980469,98.83899933421897,97.80780046868092,98.13925222937856,23114700
2015-04-10,99.20729064941406,99.21649978942456,98.54437305897112,98.76534324761354,17164300
2015-04-13,98.9587173461914,99.78735745443299,98.84822872031799,99.28096705767612,17783500
2015-04-14,98.67326354980469,99.14283130252501,98.11162547927047,98.85741120994744,23755700
2015-04-15,99.29014587402344,99.50191393445527,98.81137598996025,98.93106670484724,21128600
2015-04-16,99.15203857421875,99.32697006741597,98.88502974042686,99.02313872680402,16195300
2015-04-17,97.60525512695312,98.47072472034596,97.18172595901272,98.2037228515815,46514000
2015-04-20,99.06917572021484,99.24411424736986,98.05638813963806,98.09321767296098,28945900
2015-04-21,99.49268341064453,99.81494000175717,99.37299272148313,99.64000151224045,22759800
2015-04-22,100.03591918945312,100.20164855650106,99.10599290632223,99.75049209788958,21429200
2015-04-23,100.41341400146484,100.86457048000446,99.67684446778333,99.69525572070663,29473200
2015-04-24,101.77610778808594,101.91421681051932,101.3065399216191,101.47226934363583,32508100
2015-04-27,101.51826477050781,102.34691152751721,101.29728761896286,102.15355476378694,31121300
2015-04-28,101.31572723388672,101.78529499918228,100.45945990870783,101.59193819472544,36849200
2015-04-29,100.68040466308594,101.34332204095368,100.12797585636727,100.75406371051866,34043900
2015-04-30,99.09678649902344,100.51469178406205,98.57197799299414,100.10958100584712,44080500
2015-05-01,100.40422821044922,100.46867814293071,99.46509259484365,99.48351087527597,32874300
2015-05-04,100.56993103027344,101.19601893369153,100.51468322809477,100.72645124999947,23507300
2015-05-05,98.93104553222656,100.35815978856672,98.88501389382077,100.17401918591612,47843300
2015-05-06,98.249755859375,99.39144350277066,97.59604732870022,99.10602334805087,42687200
2015-05-07,98.83900451660156,99.11522252693375,98.14846651528691,98.2221255879776,29335800
2015-05-08,100.07276916503906,100.28453021788631,99.71368996715393,99.86100108767603,33023300
2015-05-11,99.68604278564453,100.33975814401839,99.61239075224152,100.13719924700275,19679300
2015-05-12,99.23490905761719,99.7413063803186,98.3326100410962,99.09680005828811,33665000
2015-05-13,99.43746948242188,100.18324825569503,99.29015134105079,99.66764880992748,20738400
2015-05-14,100.89217376708984,100.975034927969,99.87938643965701,100.2476676318046,23904200
2015-05-15,100.89217376708984,101.28808237071063,100.6435762354254,101.14997341139855,23937400
2015-05-18,101.33412170410156,101.53668058987577,100.6527930174634,100.72645207129293,17631100
2015-05-19,101.22364044189453,101.60113080096787,101.05791108255369,101.44461057951098,14212900
2015-05-20,101.28810119628906,101.8957708958859,100.75408353410276,101.29730331064364,21131900
2015-05-21,101.81290435791016,101.95101333561828,100.96584626392143,101.11315735549954,16771800
2015-05-22,101.71162414550781,102.07991240845934,101.6287559496994,101.69320586887734,13543800
2015-05-26,100.54232025146484,101.62876688054344,100.13720944070876,101.4906649135329,25488400
2015-05-27,102.16278076171875,102.27326935572577,100.62518470715726,100.84615487065646,30572700
2015-05-28,101.9326171875,102.20883520288069,101.61957665961675,101.96944672451849,17302400
2015-05-29,101.32493591308594,102.00626470947864,101.08554746183412,101.86815571742893,30383000
2015-06-01,101.66560363769531,101.94182164037488,100.83695665417218,101.86816256972492,24570200
2015-06-02,101.34330749511719,101.84049545715645,100.7908787676888,101.28806672972806,19449600
2015-06-03,101.6471939086914,102.02468435853883,101.39859629764356,101.8037141677863,20507200
2015-06-04,100.8737564086914,101.72082142205711,100.55150685037954,101.07631528091986,31374600
2015-06-05,100.63436889648438,100.99344795733948,100.01748318019591,100.75405957526505,22641700
2015-06-08,99.61238861083984,100.66200557779834,99.4098297181787,100.58834652146442,24549200
2015-06-09,99.44667053222656,99.80574969196233,98.70088479510875,99.37301146753332,27554600
2015-06-10,100.809326171875,101.10395540047881,99.67684792813829,99.7873294985429,30297900
2015-06-11,100.95662689208984,101.41698542144319,100.7816884030912,101.1499766314766,17593500
2015-06-12,100.12801361083984,100.63441097224131,99.98990460095617,100.42264288715087,27201800
2015-06-15,99.63081359863281,99.78733384653594,98.8021666619174,99.38222302987579,31238800
2015-06-16,100.17401885986328,100.33974821151487,99.48348106540057,99.52951270365652,16456900
2015-06-17,100.45027160644531,100.77252130652798,99.83339260564183,100.3397900089979,23296700
2015-06-18,101.91419219970703,102.0891236963303,100.76329566488158,100.81853645070842,43032400
2015-06-19,101.41031646728516,102.0470747376906,101.33648799289914,101.96401594383862,27877600
2015-06-22,102.15779876708984,102.46233590872515,101.92709009142733,102.15779876708984,19120900
2015-06-23,102.24087524414062,102.33315732224094,101.81637205234225,102.2685591635036,18127900
2015-06-24,101.71484375,102.5546196822772,101.68715983496571,102.12089327895653,15815900
2015-06-25,101.51182556152344,102.21318196406355,101.34571501988685,102.11166957524838,18326700
2015-06-26,100.8381576538086,101.7240852765381,100.4597990388689,101.49337657160605,32311700
2015-06-29,98.457275390625,100.27526159615684,98.41113082108114,99.72155492432188,50874900
2015-06-30,98.80791473388672,99.40775871940085,98.50337758176366,99.19550363258682,34809900
2015-07-01,99.59233093261719,99.98915018225387,99.13091352795458,99.78612539769497,21293000
2015-07-02,99.6200180053711,99.96146943027675,99.3154878595591,99.87841767432923,20499400
2015-07-06,99.38933563232422,99.96149591848113,98.78026813863598,98.9925162649694,24311000
2015-07-07,99.63845825195312,99.73074030878674,97.66359266490147,99.5000316463679,44230800
2015-07-08,97.90355682373047,99.04787723519576,97.71899264932482,98.92790418522732,39691500
2015-07-09,97.8481674194336,99.29701769535772,97.83893710054556,99.20473562848856,28381000
2015-07-10,99.3431625366211,99.7122978458364,98.78946309313332,99.14936808343388,26415800
2015-07-13,101.08733367919922,101.17038543894196,100.19218271839118,100.2014130385864,25780700
2015-07-14,101.75175476074219,102.0286009429864,101.17036440075648,101.22573926974127,21977200
2015-07-15,101.86249542236328,102.25931463968055,101.57641890778699,101.94555420958658,28631500
2015-07-16,103.30213928222656,103.32059288203155,102.49927039761688,102.70229519882885,29838900
2015-07-17,104.82479858398438,104.82479858398438,103.95733868420578,104.13267250358443,35926800
2015-07-20,105.18470001220703,105.56305857017493,104.72328267182138,105.04627340195736,26539000
2015-07-21,105.1201171875,105.38773308813937,104.81558000869822,105.22162253976303,35468900
2015-07-22,103.92967987060547,104.43723489442426,103.5143998976567,103.5143998976567,35575000
2015-07-23,103.54208374023438,104.37263664481138,103.27446778717227,104.03119220230414,25698300
2015-07-24,102.5269546508789,104.28034234625105,102.37007440967666,104.09577818491564,30844700
2015-07-27,101.67792510986328,102.38850471407186,101.45644675851733,101.94554801137997,35994800
2015-07-28,102.55461120605469,102.7576359537528,101.31801616559468,102.13010811571755,33553500
2015-07-29,102.94223022460938,103.1637086169866,102.3793004034526,102.77611967015866,26714100
2015-07-30,103.43132781982422,103.60666164712796,102.08398983395979,102.70228747063652,25438100
2015-07-31,103.31134033203125,103.80967190759571,103.09909229692245,103.75430407942297,22081700
2015-08-03,102.98834991455078,103.61587778488212,102.30545421587755,103.32980128422237,25001800
2015-08-04,102.7945785522461,103.1267996782216,102.37007534475994,102.94223551520032,22132300
2015-08-05,103.58821868896484,104.28034487174189,103.24676723748638,103.36674028186424,28989900
2015-08-06,101.92709350585938,103.81890752593338,101.46567613907744,103.68048090776475,42125400
2015-08-07,101.79789733886719,102.03783634129366,100.95812139137996,101.6779313579891,30006800
2015-08-10,102.9606704711914,103.1821488348461,102.4346549570926,102.44388527577371,21500800
2015-08-11,101.64102172851562,102.8130258375391,101.07809195155235,102.4162066019858,36123300
2015-08-12,101.99168395996094,102.19470871253331,99.86916845731729,100.9396530063311,41889000
2015-08-13,101.8255844116211,102.58231567663483,101.60410603979808,102.09320733788121,22510500
2015-08-14,101.98245239257812,102.13010226565684,101.3826085016484,101.58563323771716,17924900
2015-08-17,102.83149719238281,102.85918111395324,101.47492871005723,101.73332136561032,21224900
2015-08-18,102.30547332763672,102.77612107847474,102.16704669025245,102.69306227977567,13984400
2015-08-19,101.63179016113281,102.53617132896208,101.04117647463347,101.9916951563224,42511400
2015-08-20,98.81716918945312,101.01351385923095,98.80793886846656,100.69052303142126,57747300
2015-08-21,94.49830627441406,98.25424447721839,94.49830627441406,97.42369156147014,97763400
2015-08-24,90.86231994628906,94.61825756452063,78.20102447431297,86.95873241083373,150829900
2015-08-25,90.5208511352539,94.81203384111147,90.44702971114845,94.19373629012497,75088300
2015-08-26,95.07966613769531,95.26423731786629,91.2960449525728,93.16939842711696,104103800
2015-08-27,97.48826599121094,97.55286414444603,95.31037533832706,96.45468849877889,69377700
2015-08-28,97.46978759765625,97.82046219162694,96.75920105216892,96.97145609632807,49919600
2015-08-31,96.26087951660156,97.4605673707421,96.02094757830913,96.92532158716126,39549400
2015-09-01,93.25247192382812,95.31962018302819,92.86487590468234,93.86153931276284,73155500
2015-09-02,95.8825454711914,95.90099907090197,93.85230451013096,94.94124995051054,43963600
2015-09-03,95.41189575195312,96.91611404131561,95.14427279728042,96.26090213463607,45131800
2015-09-04,94.27680969238281,94.91356093796726,93.75078707979195,94.10146882151919,49379600
2015-09-08,96.9345703125,97.0545363044273,95.68874471395782,96.08556396808157,37343500
2015-09-09,95.84562683105469,98.10656936772399,95.59645748203677,98.07888544909335,47146700
2015-09-10,96.88842010498047,97.52517834649579,95.62414098166752,95.73487664755157,47686700
2015-09-11,97.42365264892578,97.42365264892578,96.16859697545576,96.44545018368309,29106100
2015-09-14,97.12835693359375,97.80202939549368,96.75922162737476,97.78356875781404,19718800
2015-09-15,98.27265167236328,98.57718877110533,96.99914249671795,97.35904741680618,30020200
2015-09-16,98.82637023925781,98.91865934701946,97.94968004088558,98.29113143386056,31329100
2015-09-17,98.86329650878906,100.33983792466864,98.41110939652835,98.72487691163771,56139800
2015-09-18,97.4571762084961,98.61352620398799,97.29066152683326,97.34617112592105,48384000
2015-09-21,97.7624740600586,98.56729636039255,96.88365070898492,97.99374410589921,35772600
2015-09-22,96.30083465576172,96.59685999824838,95.40350585134257,96.26383060572579,47359700
2015-09-23,96.37482452392578,96.81886598255373,95.87528052964417,96.55983768130436,21775100
2015-09-24,96.02330017089844,96.38408078128056,94.60792194039958,95.44049529428132,38284300
2015-09-25,95.209228515625,97.14264931682996,94.61717790133258,97.05014273168429,44700000
2015-09-28,92.49876403808594,94.86697406787938,92.22124422231903,94.80221873842028,44077500
2015-09-29,92.0177230834961,93.67361738874234,91.35166425034662,92.73003168918011,49315500
2015-09-30,94.1361312866211,94.23789063882512,92.97052865270189,93.33130924404364,41411400
2015-10-01,94.56166076660156,94.57091354102802,93.05377613604257,94.3026395450525,39339100
2015-10-02,96.21754455566406,96.21754455566406,92.95201424268924,93.24803947355329,59370900
2015-10-05,97.59593200683594,97.8549532563739,96.71710890193218,96.92987333213848,32853500
2015-10-06,97.13340759277344,97.68845422460055,96.37484221578953,97.36467761085147,33051500
2015-10-07,97.71619415283203,97.92896565019376,96.47659038759414,97.7439524803314,37389300
2015-10-08,98.10472106933594,98.2712357249088,96.40257047261335,97.34615587345934,50188900
2015-10-09,98.54875946044922,98.73377967295616,97.88270081102311,98.1509748258086,23916200
2015-10-12,98.7892837524414,98.9742969100417,98.3822463363613,98.73378121672124,16162000
2015-10-13,98.15097045898438,99.2240664703833,98.05846388574633,98.22497854069447,26999600
2015-10-14,97.99370574951172,98.6412588012816,97.58666836965698,98.15096762525599,30902600
2015-10-15,99.60334777832031,99.61260055319198,98.22498075001293,98.35449136701904,38393800
2015-10-16,100.01966094970703,100.07516349609915,99.3350966078001,99.81614220253475,27091100
2015-10-19,100.59319305419922,100.65794836920307,99.66811309254405,99.89013736495728,23776300
2015-10-20,100.07515716552734,100.63020376773993,99.73287501622602,100.41743931482867,23404700
2015-10-21,99.4645767211914,100.68568177157238,99.42757974015451,100.58392948702281,30195200
2015-10-22,101.49052429199219,101.57378516068563,100.06590026837264,100.3526798629832,42778700
2015-10-23,104.33051300048828,104.75604891982007,103.67370709948922,104.21950792627982,53170900
2015-10-26,104.39530944824219,104.59882824155046,103.85876118548447,104.2565459930045,25918000
2015-10-27,104.60802459716797,104.7560336938665,104.0899751142263,104.11773343654357,31390500
2015-10-28,105.47761535644531,105.47761535644531,103.92348072037122,104.76530688306973,42221900
2015-10-29,105.31110382080078,105.48687127931115,104.88556786770229,104.9965800085194,24913300
2015-10-30,104.8393325805664,105.53314267643705,104.81158130597979,105.35737519365343,27199200
2015-11-02,106.0234375,106.15294815752885,104.89483857770439,105.11685583949651,22176900
2015-11-03,106.39344787597656,106.7727269884518,105.65338108694202,105.81064298582686,20418400
2015-11-04,106.40270233154297,106.81899258123494,105.95866786789885,106.74498448469407,28633000
2015-11-05,106.11592864990234,106.75423612462043,105.5608820473564,106.4952148472857,25004100
2015-11-06,106.18992614746094,106.31018399770684,105.23709494759015,105.91239934498606,29924900
2015-11-09,105.06133270263672,105.9309101394884,104.41377954187489,105.79214673138227,33479800
2015-11-10,104.79306030273438,104.89481966641841,104.19175689672882,104.50628776387951,35452100
2015-11-11,104.66356658935547,105.58864673036642,104.48779910406695,105.07984982968985,22748800
2015-11-12,103.64596557617188,104.74681305091033,103.57195748120786,104.23801622028321,31196900
2015-11-13,101.61077117919922,103.32217461266421,101.55526864459583,103.21116248565801,52836000
2015-11-16,103.0723876953125,103.09089324333387,101.27773771616451,101.5090076618412,33980600
2015-11-17,103.13716888427734,103.87723571931221,102.87814760935527,103.2481810268727,30579500
2015-11-18,105.11683654785156,105.21859591120612,103.45169680330447,103.55345616665905,32966500
2015-11-19,105.19083404541016,105.67187954332373,104.98731533920052,105.17233555293632,26188100
2015-11-20,105.9031753540039,105.98642917714656,105.58864444281768,105.69040382074841,22727600
2015-11-23,105.59788513183594,106.32869919067753,105.14459790063559,105.94016022041968,20696200
2015-11-24,105.50536346435547,105.75513192729842,104.38601059522023,104.91331290394312,26374400
2015-11-25,105.59788513183594,105.79215108806464,105.37586790440317,105.66264045057883,14159900
2015-11-27,105.74591064453125,105.95868218638851,105.38512994739192,105.82917152884114,8828000
2015-11-30,105.47761535644531,106.06042025609815,105.13534028362072,106.06042025609815,25041600
2015-12-01,106.53219604492188,106.53219604492188,105.7736238128624,105.90314148154981,28639400
2015-12-02,105.87537384033203,107.07798033022713,105.7181119777791,106.6154404583903,22395500
2015-12-03,104.08074951171875,106.34719261751225,103.46094056723068,106.16217944643525,42754300
2015-12-04,106.51370239257812,106.68946983747206,104.18250407841518,104.39526850958177,40037300
2015-12-07,106.03267669677734,106.65247862953667,105.52387985179546,106.5877233090663,25892100
2015-12-08,106.04192352294922,106.38420568203881,104.88557346118793,104.92257751010037,30792600
2015-12-09,104.43229675292969,106.1621991607222,103.79398919592042,105.57939415378283,48509200
2015-12-10,104.90404510498047,105.60710769145501,104.35824438219939,104.67277516738474,30154600
2015-12-11,102.48960876464844,103.96973527680305,102.42485345029793,103.69220846798659,56022200
2015-12-14,103.26667022705078,103.3129270467522,101.18524038088324,102.62836987352992,53098500
2015-12-15,103.8957290649414,104.79305776416301,103.76621843389913,104.21951270034718,48428000
2015-12-16,105.44060516357422,105.61636553702955,103.50718459317193,104.59877910630165,44944100
2015-12-17,103.90499877929688,105.90317522591855,103.88650028233239,105.90317522591855,45668800
2015-12-18,101.91184997558594,103.8140517642729,101.91184997558594,103.58207541838257,53746100
2015-12-21,103.04390716552734,103.06246216035068,102.11600167850543,102.87688389468912,26432800
2015-12-22,103.72126007080078,103.86972832658144,103.04389312203072,103.59135388667073,26540300
2015-12-23,104.49141693115234,104.5656510545755,104.07386237576947,104.2594406049717,25656900
2015-12-24,104.47283935546875,104.76049477120272,104.42644834473106,104.49140142324752,11468600
2015-12-28,104.41716003417969,104.43572210066489,103.47069994470365,104.22230081220974,19183600
2015-12-29,106.0595932006836,106.29156955757104,104.97393847013933,105.03889156689355,27725700
2015-12-30,105.10382843017578,106.00389768857885,105.08527343940754,105.96678062768686,19520100
2015-12-31,103.79549407958984,104.92753975087214,103.77693200796051,104.73268047490068,29886800
2016-01-04,101.6056137084961,101.69840280742747,100.32510715279224,101.55921561935317,50807600
2016-01-05,101.42932891845703,102.2366091006355,100.95610229933887,102.10670292134552,38795200
2016-01-06,100.45503234863281,101.03961015412754,99.66631423918113,99.66631423918113,41891100
2016-01-07,97.3094482421875,99.55497775872837,97.25376910056566,98.31158075974135,61386300
2016-01-08,96.51143646240234,98.62705950636933,96.40936630858323,98.01463858345471,69344000
2016-01-11,96.80839538574219,97.48576252636528,95.32374780421407,97.19811404851367,50024100
2016-01-12,97.93113708496094,98.43220685211811,96.57639604606472,97.7362777998481,46734200
2016-01-13,94.55352783203125,98.57135847496208,94.40505962308187,98.33010117509627,69870700
2016-01-14,96.56710815429688,97.41150540919658,93.41222859210686,94.92471882245337,78445700
2016-01-15,93.56998443603516,94.59068611913136,92.3358755380899,93.36585117877284,91443900
2016-01-19,93.77410125732422,94.98966193527504,92.67917279131994,94.84119369883473,56563800
2016-01-20,93.48646545410156,94.48860494660043,90.23879667902112,92.2987477204834,86675000
2016-01-21,93.57926940917969,94.97112767628506,92.62352786513115,93.88547992698861,61660100
2016-01-22,96.28875732421875,96.3258743963259,95.1381564063278,95.46292193806826,42229800
2016-01-25,94.85975646972656,96.49286460651886,94.77624131627235,95.94540390914484,38881500
2016-01-26,95.71345520019531,96.12172881245732,94.42366710187875,95.25878348048303,36143900
2016-01-27,93.32872009277344,95.56496826405247,92.92972051640669,95.1566947314919,54524700
2016-01-28,94.64631652832031,94.91540984640368,93.03176369917392,94.8782927943211,47641500
2016-01-29,96.62278747558594,96.65990454138611,94.5906794483604,94.61851547787143,54245100
2016-02-01,96.88262176513672,97.244504362883,95.78769293418813,96.15884949028661,32750300
2016-02-02,94.78553009033203,96.47431749377081,94.4978746264525,96.43720043135552,44928100
2016-02-03,94.33088684082031,95.4165346954631,92.67920892359054,95.4165346954631,61572900
2016-02-04,94.32157897949219,95.07318003752705,93.1988143705596,94.08032160950528,49321600
2016-02-05,91.04608154296875,94.0246570649505,90.67491796242399,93.98753999896039,70749900
2016-02-08,89.65420532226562,90.05320485189698,88.00252807631965,89.34799489919516,91673100
2016-02-09,89.37582397460938,90.73056464726669,88.31801266747483,88.45719985617242,73778400
2016-02-10,89.71919250488281,91.57500365886955,89.6542393976676,90.40584064963774,59421700
2016-02-11,89.58926391601562,90.30374791694457,88.32731208012171,88.57784340842367,76839200
2016-02-12,90.95328521728516,91.04608142181522,89.75629346763975,90.6006837098829,49186500
2016-02-16,93.00395965576172,93.00395965576172,91.72344569639579,92.29874958244108,40565900
2016-02-17,95.11029052734375,95.24019669927657,93.44005820341408,93.68131555672734,41766500
2016-02-18,94.0246353149414,95.42576706533384,93.90400310853933,95.4072120763092,38991500
2016-02-19,94.30302429199219,94.59067978312248,93.36584492480762,93.56997816839637,28257900
2016-02-22,95.83407592773438,95.92686505897805,95.09175579842807,95.18454492967174,23979100
2016-02-23,94.2566146850586,95.53712135012238,94.19166160232395,95.27730901918379,29869700
2016-02-24,95.15670776367188,95.27733292491473,92.57712463797007,93.15242857179251,40739100
2016-02-25,96.09386444091797,96.09386444091797,94.49786629455896,95.35154449613006,29389300
2016-02-26,95.97322845458984,96.84546154741369,95.74125217069877,96.82689948026396,30925000
2016-02-29,95.11029052734375,96.59493754897267,95.11029052734375,95.88045360334218,27553900
2016-03-01,98.16311645507812,98.16311645507812,95.72272771862326,96.01965717355068,37699800
2016-03-02,98.20022583007812,98.2187808223392,97.43934371896486,98.04248361811275,29209800
2016-03-03,98.01463317871094,98.12598436201597,97.30943025584568,98.0981483360286,25474600
2016-03-04,98.0517578125,98.68273374124868,97.40222689144522,98.12599194043658,31655400
2016-03-07,97.4486083984375,98.11670132593169,96.75267944552363,97.55067854454664,25861200
2016-03-08,96.64131164550781,97.62488872570673,96.47428845459162,96.78049881783025,28898500
2016-03-09,97.26302337646484,97.28157836566233,96.46502433322951,97.00321105157053,31047400
2016-03-10,97.11457061767578,98.22805412898252,95.86189281826131,97.67131237332914,44236100
2016-03-11,98.81262969970703,98.81262969970703,97.85688840933709,98.1630988458698,31454000
2016-03-14,98.97964477539062,99.2116210725558,98.41362204395922,98.44145806692228,25374900
2016-03-15,98.9425277709961,99.05387894226237,98.31155195919672,98.6270434047738,26524600
2016-03-16,99.82405853271484,100.08387089614568,98.67345080986979,98.70129391682819,31693100
2016-03-17,99.76837158203125,100.00034789968599,99.16523881961326,99.53639526437652,29623700
2016-03-18,99.92474365234375,100.17601816715475,99.3942689207592,100.00849945716193,37682300
2016-03-21,100.31559753417969,100.40866188707662,99.69205855937972,99.74789575104688,17288600
2016-03-22,100.62273406982422,100.85539854335755,99.72930334349897,99.74791337722488,18840300
2016-03-23,99.79446411132812,100.50175910492042,99.57110107090783,100.42731185847099,20912900
2016-03-24,99.82235717773438,99.85027577555489,99.14297386256142,99.31049254983999,19017300
2016-03-28,99.68274688720703,100.12015714258052,99.50591965196547,100.10154001236837,13892300
2016-03-29,101.28347778320312,101.3486235372808,99.32909806051794,99.49661672819694,29963900
2016-03-30,101.7767333984375,102.40958096047547,101.56267898906728,101.88841488598135,23807200
2016-03-31,101.6278305053711,102.08385794674165,101.46962038098816,101.702284834618,21447200
2016-04-01,102.70738983154297,102.74461699357599,100.87399292845893,101.01359301099396,26389000
2016-04-04,102.31651306152344,102.78184192631063,102.07454006373469,102.70738760385949,17163000
2016-04-05,101.33002471923828,101.9070351455972,101.19973318753723,101.52546201678986,20107900
2016-04-06,102.99588012695312,103.03310728488921,101.43237499540895,101.43237499540895,25056000
2016-04-07,101.51612854003906,102.5863861561251,101.07871834995883,102.40025038356238,28567200
2016-04-08,101.44169616699219,102.3909639610958,101.0880487731801,102.1489980549716,22898000
2016-04-11,101.06944274902344,102.39097521363149,101.06013418227099,101.87911764794269,25772100
2016-04-12,101.91633605957031,102.11177334244692,100.52965084717295,101.14388839366124,28564100
2016-04-13,103.21928405761719,103.37749421639691,102.56781918560402,102.69811073993522,25356700
2016-04-14,103.22857666015625,103.61014982246859,102.37237306226652,103.2378852276254,17199700
2016-04-15,102.9679946899414,103.35886932360297,102.70741160083368,103.14482197198878,21353300
2016-04-18,103.5170669555664,103.55428701808046,102.60501921615536,102.6701649760879,17126100
2016-04-19,102.88420867919922,103.71249344085662,102.26066264148092,103.71249344085662,42481400
2016-04-20,102.9679946899414,103.44263223101997,102.53058431878631,102.88423888288105,18078300
2016-04-21,102.97731018066406,103.34957480456953,102.5119811758715,102.91216440400738,20216000
2016-04-22,101.423095703125,102.11178052460909,100.62272938341812,101.63714303260713,39074000
2016-04-25,101.423095703125,101.43239716937663,100.92984107790795,101.11597690827926,14351900
2016-04-26,100.92986297607422,101.80468381773443,100.62275121495213,101.63716508423262,19118300
2016-04-27,100.12017059326172,100.35283504968757,99.29188569641411,99.89680760283676,33059800
2016-04-28,98.91032409667969,100.81817570166152,98.71488678256821,100.23185665897054,29818200
2016-04-29,98.3891372680664,99.11504916817084,97.60738107540043,98.91030332960702,67502800
2016-05-02,99.31979370117188,99.45939378020809,98.23092586532843,98.64041043671834,24813800
2016-05-03,98.39845275878906,99.05921894770533,98.13786260932348,98.61250007754848,38569400
2016-05-04,97.765625,98.16580822098466,97.5236519337319,97.80284507140401,27474500
2016-05-05,97.73767852783203,98.33330604908761,97.54224124288253,98.119251632035,20788100
2016-05-06,98.25885009765625,98.27746012909631,97.16067363345248,97.25373799136356,30758500
2016-05-09,98.53804016113281,98.99406757157003,98.2216199338304,98.26814856118685,19289600
2016-05-10,99.88749694824219,99.93402557503379,98.71486620762587,98.89169345035712,21178900
2016-05-11,98.98475646972656,100.03639714572475,98.956837873957,99.73858695692451,20966300
2016-05-12,98.54736328125,99.33842106669285,97.84936986461993,99.21743809727187,29196300
2016-05-13,98.18440246582031,99.06852457679199,97.98896517077465,98.46360265894603,21059300
2016-05-16,99.41287231445312,99.77582831180007,98.24024142283287,98.33331288911135,18311900
2016-05-17,98.16580963134766,99.61763384910081,97.90521942527661,99.32913213925426,29932700
2016-05-18,98.5194091796875,99.04988370115838,97.75627026984597,97.94239894040102,27524400
2016-05-19,98.00755310058594,98.37981757401431,97.2909498470286,98.13784460123273,27334600
2016-05-20,99.087158203125,99.48734142636009,98.34262896443184,98.39847327256591,29549600
2016-05-23,98.95683288574219,99.55245323331863,98.86376853774985,99.19879877045132,15729800
2016-05-24,100.93914031982422,101.06012327312231,99.47800791307841,99.50592650996603,29931300
2016-05-25,101.66505432128906,101.97217309404974,101.1438882344385,101.32071548548655,37951700
2016-05-26,101.96287536621094,102.09316690177286,101.52546502524329,101.76743806286807,21885900
2016-05-27,102.49333190917969,102.50264047445742,102.009393020061,102.02800305026156,19870000
2016-05-31,102.68879699707031,102.84701424823447,102.16763080600762,102.63295979098697,24366100
2016-06-01,102.69807434082031,102.93073876257132,102.28858978677974,102.37234557043985,19571500
2016-06-02,102.91211700439453,102.92141846794915,101.93492370426632,102.49331683275936,15696600
2016-06-03,102.42816925048828,102.76320654165066,101.75809466816352,102.71667792364983,20269900
2016-06-06,102.80046844482422,103.07036008173108,102.4375124401044,102.6143397091983,12502400
2016-06-07,102.53987121582031,102.95866436332857,102.49333548816155,102.8562914427634,12184300
2016-06-08,102.71671295166016,102.93076028823567,102.3351398120208,102.71671295166016,14568700
2016-06-09,102.54918670654297,102.66086109989709,102.10246783205955,102.2979051207849,17571600
2016-06-10,101.3858871459961,101.8139889838925,101.03223255355675,101.61855165139788,32965000
2016-06-13,100.53895568847656,101.37654908431433,100.40866417138571,100.80884728826624,25154700
2016-06-14,100.53895568847656,100.9019116432804,99.80373521326092,100.26906408868689,24588500
2016-06-15,100.25047302246094,100.9205478658909,100.08295431160344,100.78094775678358,24605700
2016-06-16,100.54826354980469,100.64132790416699,99.1150497714889,99.75720588719247,32079900
2016-06-17,99.36970520019531,100.48013992798381,99.13642107212323,100.34016802728723,29208800
2016-06-20,99.9948959350586,101.00267779503308,99.92024331750035,100.52678337644655,20562800
2016-06-21,100.31219482421875,100.51748603643027,99.93893872194946,100.12557033271811,22804100
2016-06-22,100.0695571899414,100.95604114468085,99.98557832141447,100.36816058792594,22724200
2016-06-23,101.49724578857422,101.51591250385832,100.42414459551397,100.84405313894919,18714200
2016-06-24,97.31683349609375,99.37906488013935,97.10220890894489,97.88604748889236,68012700
2016-06-27,95.38523864746094,96.67296478498963,94.94666324082823,96.67296478498963,48222600
2016-06-28,97.47544860839844,97.52210828621388,96.39301385189987,96.43966641044801,28260600
2016-06-29,99.20174407958984,99.40703525910811,98.19396201900346,98.24061457481507,31356700
2016-06-30,100.34949493408203,100.41481420097202,99.03376911909878,99.36969881146615,36300800
2016-07-01,100.85340881347656,101.22666488982767,100.26552817946164,100.3028544990235,19902800
2016-07-05,100.23755645751953,100.46151442234196,99.69633538810216,100.3215424741452,21167900
2016-07-06,101.05867767333984,101.10533022302941,99.44434852564265,99.76161861215508,24579300
2016-07-07,101.35729217529297,101.58124294848791,100.88139055289533,101.1520010001698,19161700
2016-07-08,102.92496490478516,102.98095081994181,101.73054413373004,101.89850899846694,29457900
2016-07-11,103.51283264160156,103.8954149061051,103.26088891807646,103.27021515724168,20218500
2016-07-12,104.03538513183594,104.31532892615269,103.89541323467756,104.14736407341591,21906100
2016-07-13,103.78348541259766,104.34336611933277,103.77415205035906,104.27804682220149,21107800
2016-07-14,104.49264526367188,104.68860310598014,104.23136102132652,104.47397854387052,20871000
2016-07-15,104.3246841430664,104.79125248517445,104.09139997201238,104.7352594430193,17999300
2016-07-18,105.01519775390625,105.20182223319335,104.3713311976109,104.38999791710013,20713900
2016-07-19,104.6325912475586,104.95919471193336,104.4459667987156,104.65125796400271,18936700
2016-07-20,105.85501861572266,106.05097644821318,105.07118016649325,105.20181872148694,24997900
2016-07-21,105.6124038696289,106.13495810328095,105.32313379303831,105.92966690598408,18885400
2016-07-22,106.05096435546875,106.17226953719722,105.36044534077367,105.68704169101684,20003400
2016-07-25,106.06031036376953,106.0883033229482,105.70571389612682,105.96699100748418,12968100
2016-07-26,106.1816177368164,106.56420005221385,105.64973014371535,106.02298621870692,21223800
2016-07-27,106.9188003540039,107.19873708081657,106.4708916241288,107.07743187779118,27646100
2016-07-28,107.29204559326172,107.41335078402103,106.75082467584258,107.08675440946362,16939700
2016-07-29,107.52534484863281,107.81461494686215,107.18941506779382,107.53467108974031,22385300
2016-08-01,108.09454345703125,108.36515393317985,107.46934362555041,107.59998218379215,13990100
2016-08-02,107.27339172363281,108.029230155176,106.58287257482462,107.93591791116428,21278400
2016-08-03,107.62799072265625,107.63732408367237,107.12410313608186,107.18942242465768,15011300
2016-08-04,107.9359130859375,108.03855868554203,107.3387062078389,107.59065708660185,12835300
2016-08-05,108.9717025756836,109.21432011083098,108.36516229744912,108.48647462465682,23196600
2016-08-08,108.85037994384766,109.05567112385963,108.50511685753054,109.02767104718508,12358200
2016-08-09,109.10232543945312,109.44758853133885,108.86904129827096,108.93436057303128,13276500
2016-08-10,108.82240295410156,109.19565193332679,108.53312574015371,109.16765897181169,14688400
2016-08-11,109.28895568847656,109.52223982680806,108.97168555832693,109.19563633773042,12969800
2016-08-12,109.36360168457031,109.37293504353948,108.98101939803765,109.10232458756909,19379000
2016-08-15,109.83016967773438,110.0821205343783,109.46624699081929,109.50357330733199,11777800
2016-08-16,109.22364807128906,109.6342233574692,109.20498135144088,109.62489711681278,14161400
2016-08-17,109.41961669921875,109.45694302332656,108.64511149233549,109.25165180036778,15980300
2016-08-18,109.44757843017578,109.60620992291513,109.13030832543076,109.31693989271206,10036300
2016-08-19,109.41961669921875,109.66222712701698,108.95304832677365,109.25165180036778,18743000
2016-08-22,109.50357818603516,109.69020977691359,109.0556766064614,109.26096067752681,14500600
2016-08-23,109.69953918457031,110.11945493672138,109.65288662495405,109.93282334045398,11997900
2016-08-24,108.99034118652344,109.7741723943151,108.62641853729642,109.62487426299268,17728700
2016-08-25,108.81304168701172,109.14897137757427,108.57975757519141,108.71039610826949,24266300
2016-08-26,108.9717025756836,109.68088846035474,108.31850973405756,108.85039736774391,23896000
2016-08-29,109.12100219726562,109.4102722807805,108.98103027582475,108.99968987635862,11184900
2016-08-30,108.7663803100586,109.2609414802739,108.39313143241641,108.94367851042483,19843300
2016-08-31,108.65442657470703,108.76639840892554,108.19718452075749,108.5984335383306,16169800
2016-09-01,108.9343490600586,109.06498759577242,108.15985120383127,108.6917387047422,20944700
2016-09-02,109.28895568847656,109.69953093083849,108.87837332684771,109.475580151435,18088200
2016-09-06,109.97013854980469,109.97013854980469,109.23295983737482,109.47557732837791,18525200
2016-09-07,110.03549194335938,110.22212357864527,109.61558322268675,110.07281827041655,17546900
2016-09-08,109.39160919189453,109.73686518526894,109.10233199833665,109.70887222572696,20125300
2016-09-09,106.63885498046875,108.7197528377155,106.62019537998894,108.47713531587216,50813300
2016-09-12,108.5517807006836,108.70107885234583,106.03230764825369,106.04164100750357,39646000
2016-09-13,107.58133697509766,108.3278421050166,107.05878267222757,108.01057902663645,45863900
2016-09-14,108.09454345703125,108.68242408838657,107.66530146291302,107.69330154190837,28221800
2016-09-15,109.77420043945312,109.94216532964393,108.1132182582707,108.12255161863352,38521400
2016-09-16,109.72179412841797,109.83405362669183,109.1792172590826,109.65631120536737,27596500
2016-09-19,109.2447280883789,110.33923171199936,109.02957291643907,110.00246026825381,16222900
2016-09-20,109.45053100585938,109.89956196569679,109.26343893590503,109.63762307581374,18078600
2016-09-21,110.52631378173828,110.68534273409132,109.27277423841045,109.91825392833096,31546800
2016-09-22,111.40567779541016,111.52729407328245,111.05955672664872,111.1718091220933,22614400
2016-09-23,110.69469451904297,111.32146069407953,110.53566557381346,111.32146069407953,22213400
2016-09-26,109.76856231689453,110.19888682016038,109.60953338231116,110.06792097555017,16403900
2016-09-27,110.85374450683594,110.90987070119361,109.59085517405249,109.69375795511164,20238400
2016-09-28,111.04083251953125,111.10631545625604,110.47019244074174,110.99406307164487,14794300
2016-09-29,110.2363052368164,111.05952731663936,109.75921840830478,110.85372179668363,27207500
2016-09-30,111.05950927734375,111.38692385268095,110.41402973089153,110.52628921547962,25543200
2016-10-03,110.90049743652344,111.04081289248592,110.47017291456001,110.91920378495058,19216400
2016-10-04,110.73211669921875,111.47114239441913,110.31114890121394,111.22791703137884,21239700
2016-10-05,111.12503814697266,111.48051595618527,111.01277861596084,111.05955520482546,14481300
2016-10-06,111.06889343261719,111.30276206373883,110.52631649550996,110.98469701411919,11987100
2016-10-07,110.82565307617188,111.33081010755873,110.28307621241154,111.1717740356957,19984200
2016-10-10,111.52728271484375,111.77050810871167,111.34954025735126,111.3963168420929,19687300
2016-10-11,109.93695831298828,111.45242954771643,109.45051472121969,111.43372319834621,27774400
2016-10-12,109.84341430664062,110.2176055348434,109.50664291496854,110.03986309559868,14267800
2016-10-13,109.45053100585938,109.74988260004933,108.45893018831237,109.09505321810413,22821000
2016-10-14,109.58145141601562,110.43273639644433,109.5159685049905,109.99306236366046,21313300
2016-10-17,109.28213500976562,109.73116592737041,109.14181240194512,109.48794054962181,14182700
2016-10-18,110.25501251220703,110.76952628311552,110.19888633250909,110.58242712228369,19276700
2016-10-19,110.24568939208984,110.40471837446937,110.04924056613181,110.17084970493286,13702900
2016-10-20,110.11470794677734,110.35793332711238,109.47858497005032,110.13342143447471,18132200
2016-10-21,110.52631378173828,110.59179671136036,109.8340646490043,110.19889913362789,15707800
2016-10-24,111.85468292236328,111.92952259342348,111.21855999255918,111.23727347887616,19143000
2016-10-25,111.49920654296875,111.93888069440094,111.33082084959268,111.92016720785696,20341800
2016-10-26,110.74147033691406,111.34953019809969,110.41405568461539,110.77889017390594,20463700
2016-10-27,110.2363052368164,111.31210227661,110.0772762939792,111.21855625947657,19099800
2016-10-28,109.5440673828125,110.48889866812175,109.20729597690236,109.91825862683535,35369300
2016-10-31,109.44113159179688,109.94628854824657,109.38500542011431,109.94628854824657,18749400
2016-11-01,108.61796569824219,109.64698641912875,107.6731342727702,109.62828006584954,23498700
2016-11-02,107.74795532226562,108.79568935230375,107.47666685545832,108.5431072355399,26960100
2016-11-03,106.69086456298828,107.92569055943973,106.56924831596038,107.57020569840887,36205200
2016-11-04,106.31665802001953,107.14922959482706,106.12955887353867,106.42891037080538,26997500
2016-11-07,108.84246826171875,108.95472778305496,107.86022421416989,108.03795953490456,26591200
2016-11-08,109.55341339111328,110.0492137075891,108.47761634638262,108.73019844461604,20777900
2016-11-09,110.05858612060547,110.23632143814952,108.14086037055725,108.27182624121272,70234400
2016-11-10,108.28118896484375,110.74148468470874,106.83120042623925,110.59181245445369,72825400
2016-11-11,108.32796478271484,108.56183343972666,107.42990285913706,107.81345088244684,41115200
2016-11-14,107.23348999023438,108.45896701700896,106.672206452675,108.35606420246054,35906000
2016-11-15,108.72083282470703,109.09502400150906,107.88826120330162,108.04729013388399,31796600
2016-11-16,109.36634063720703,109.44117318218797,108.20634697619117,108.20634697619117,16538100
2016-11-17,110.16149139404297,110.1801977458017,109.08569417174257,109.31020607837154,20598600
2016-11-18,109.74987030029297,110.47953928328731,109.64696753221898,110.29244723430051,16428700
2016-11-21,110.89115905761719,110.99406183376634,109.98374756090458,110.02116740105924,20268500
2016-11-22,111.22791290283203,111.49920134824889,110.95662445741517,111.33081566271785,18850600
2016-11-23,110.77888488769531,110.98469041277777,110.29244130422168,110.86308130118532,22926000
2016-11-25,111.13435363769531,111.18112307209311,110.77886882333773,110.90983465901597,7162800
2016-11-28,110.88180541992188,111.39631931508295,110.7695530334176,110.99406494353109,13479000
2016-11-29,111.26535034179688,111.79857057416216,110.6666471734255,110.98470510913947,18553000
2016-11-30,109.91824340820312,111.44306413038099,109.88082357527134,111.4056442974492,30405300
2016-12-01,108.01924896240234,109.89019808893678,107.85086325553007,109.88084134491484,39796600
2016-12-02,108.23438262939453,108.66470712372502,107.78535892494122,108.08471044027779,32876800
2016-12-05,109.07633209228516,109.50664953273711,108.29988649583501,108.79569400700143,21419700
2016-12-06,109.33824920654297,109.52534837548527,108.8798687325655,109.38502578305443,27293300
2016-12-07,110.72276306152344,110.86308566479407,108.78633112028025,109.11374576984232,26622400
2016-12-08,110.91919708251953,111.19984225169325,110.55436264485557,110.76952489283585,18578400
2016-12-09,111.78922271728516,111.8266425604214,111.32148538374004,111.33084212880043,21863100
2016-12-12,111.2840576171875,111.51792626730862,110.82567706133942,111.29341436158168,23259300
2016-12-13,112.687255859375,113.2953157034095,111.62081551505158,111.62081551505158,54477900
2016-12-14,112.45338439941406,113.19241008202187,112.12596976461408,112.82757561222992,28746000
2016-12-15,112.63111114501953,113.29529706514107,112.33175964387878,112.60304805695989,22762300
2016-12-16,112.21360778808594,113.1330869998666,111.98843198124143,112.90790403481226,26283900
2016-12-19,112.67334747314453,113.36765090062329,112.16670368084715,112.32620291761522,21138700
2016-12-20,113.10493469238281,113.31134166167188,112.8985205648843,113.02987370816345,11461800
2016-12-21,113.0205078125,113.22692197381674,112.76718589701802,113.15186097729963,7079300
2016-12-22,112.70149993896484,113.0580289054455,112.26052556887481,113.0298828236457,16645000
2016-12-23,112.77656555175781,112.82348046513157,112.41065213371695,112.51385921657061,9007500
2016-12-27,113.35826110839844,114.01502685110948,112.97358607572761,113.02049382408713,16110600
2016-12-28,112.4763412475586,113.70544196440935,112.40128739929453,113.60223487005825,17975200
2016-12-29,112.31682586669922,112.71088535685489,111.96029687439797,112.44817903008443,13267500
2016-12-30,111.16278839111328,112.54199654351892,110.8437827530598,112.5326192881425,41749000
2017-01-03,112.15731048583984,112.57951599910017,111.54745251030087,111.90398145131604,22307600
2017-01-04,112.76716613769531,112.9735802628437,112.26989964977022,112.2792769040338,19749100
2017-01-05,113.40518188476562,113.48023571766754,112.6827323721801,112.6827323721801,20644300
2017-01-06,114.39971923828125,114.69995605573881,113.23630246540947,113.52715486907482,24074300
2017-01-09,114.77500915527344,114.98142329524252,114.41847303779599,114.49353402655018,18909200
2017-01-10,115.0283203125,115.3754719844417,114.55919991386972,114.8219061917892,16176600
2017-01-11,115.33794403076172,115.33794403076172,114.48414145053232,115.07523774706324,20686000
2017-01-12,115.15967559814453,115.2347365812948,114.09008164198602,114.92511539445698,19622500
2017-01-13,115.55374908447266,115.75077880835686,115.21598179832553,115.21598179832553,16930800
2017-01-17,115.20660400390625,115.43177982153738,114.86883669835449,115.25351175521556,14538500
2017-01-18,115.44117736816406,115.55376886889361,115.08464835317035,115.37550078229125,12499700
2017-01-19,115.38488006591797,116.01349981106274,115.14093540429064,115.61005589915284,12710700
2017-01-20,115.63819122314453,116.18237266451797,115.32857000737586,115.89151311718527,22091000
2017-01-23,115.7320327758789,115.90091645221428,115.00020589782936,115.56314909954354,17434200
2017-01-24,116.51075744628906,116.68902551127925,115.76016184884517,115.95719158257691,17640900
2017-01-25,117.68354034423828,117.71168642209103,117.13935897838812,117.2425660359876,15036200
2017-01-26,117.80551147460938,118.04945608466583,117.59909735519307,117.84304196524953,16052200
2017-01-27,118.03069305419922,118.14327736660924,117.64601089824077,118.05883913230173,15053000
2017-01-30,117.11122131347656,117.6366338930297,116.46383284352035,117.6366338930297,25006700
2017-01-31,116.87667083740234,116.90481691962113,116.20113623131095,116.6984027724032,19091100
2017-02-01,117.68354034423828,117.91810053729,117.14874339040871,117.70230201007044,22861900
2017-02-02,117.5803451538086,117.93687410627578,117.14875521401892,117.47713808579262,15101400
2017-02-03,117.91810607910156,118.0400748082654,117.58972322503791,117.70230754174011,16957200
2017-02-06,118.0588607788086,118.07762244824725,117.6085019719664,117.72109346322955,11630100
2017-02-07,118.49046325683594,118.73440793453311,118.19022640667446,118.30281075160305,17541100
2017-02-08,118.68748474121094,118.85636840503675,118.10577275287525,118.33095574345009,12569100
2017-02-09,119.11907958984375,119.38178593134216,118.74378174846991,118.80945833384452,17542700
2017-02-10,119.51313018798828,119.68201384609948,119.1753628717659,119.38177702703629,13915700
2017-02-13,120.18867492675781,120.33878260265578,119.83213877410513,119.87904652804693,19120200
2017-02-14,120.59210205078125,120.60147930589487,119.85089087883476,120.23556592658343,16333500
2017-02-15,121.30519104003906,121.36149753439676,120.44201090672888,120.50769465860103,17891400
2017-02-16,121.26762390136719,121.62415998809516,120.95800271811689,121.38020821657875,15098300
2017-02-17,121.79303741455078,121.80242898517096,121.07058798130997,121.08935680613169,15563700
2017-02-21,122.39356231689453,122.46862333125809,121.96197937983489,122.0276488196376,18479600
2017-02-22,122.44039916992188,122.5248373885821,122.07448590597873,122.2808999847585,12110900
2017-02-23,121.98069763183594,122.62808616138456,121.49282265815266,122.62808616138456,17489000
2017-02-24,122.21525573730469,122.21525573730469,121.38961347197697,121.42713680913818,18624500
2017-02-27,122.36534881591797,122.37472606888832,121.7836441705879,121.99005826726956,12008700
2017-02-28,121.99006652832031,122.39350317961687,121.65229928509676,122.33721102514923,16598600
2017-03-01,123.32237243652344,123.54754106490896,122.5342536043373,122.76881380318449,25813800
2017-03-02,122.70314025878906,123.31299109983605,122.55301828312778,123.29423659019307,19951400
2017-03-03,122.92829132080078,122.96581464676852,122.29028024802228,122.61867019500744,13722700
2017-03-06,122.65625,122.86266417890893,122.16837495569023,122.52489682400545,12026200
2017-03-07,122.44983673095703,122.98464101203743,122.23404529373877,122.41231338743225,15500900
2017-03-08,122.66563415527344,123.05030208686706,122.40292781917076,122.5248894146617,15776000
2017-03-09,122.75941467285156,122.92830545015833,122.10264901980861,122.63745311212627,20855300
2017-03-10,123.27545166015625,123.47248851702439,122.74066187680167,123.32236656097416,21922600
2017-03-13,123.48189544677734,123.51004153074885,123.16289695081963,123.22856637461274,10731600
2017-03-14,123.18164825439453,123.24733199289813,122.6843816952873,123.2004170820271,14019700
2017-03-15,123.94165802001953,124.23251047739308,123.04094024311185,123.43499979662666,22709100
2017-03-16,123.8572006225586,124.176213472315,123.57573974986593,124.176213472315,18457300
2017-03-17,123.81396484375,124.14302364351644,123.74814447607645,124.01139725436978,21234500
2017-03-20,123.92676544189453,124.20882604818895,123.59770668971635,123.77633120571106,10105200
2017-03-21,122.0463638305664,124.50966313971429,121.97114672276541,124.39684465111101,35841900
2017-03-22,122.87376403808594,122.99599365776679,121.9241604012415,122.08400575599315,29177900
2017-03-23,122.56344604492188,123.05234996707969,122.35660262963178,122.7138802280771,20311700
2017-03-24,122.81733703613281,123.43785311314932,122.34724083906725,122.95836015677352,22967600
2017-03-27,123.01473999023438,123.23099451843675,121.66086097102813,121.94292149106175,18472400
2017-03-28,123.76693725585938,124.13361174850783,122.74213089771355,123.01478040406292,23721900
2017-03-29,124.34043884277344,124.38745132972274,123.7199084459151,123.85153480165503,13710000
2017-03-30,124.54729461669922,124.67892098544705,124.18062013617323,124.29343863904332,16092400
2017-03-31,124.46265411376953,124.80112389617057,124.22760605227424,124.36862915069335,19841400
2017-04-03,124.38744354248047,124.8669364484724,123.69169607929967,124.56608237398606,23700300
2017-04-04,124.58490753173828,124.60371539935657,123.98318488374885,124.0301973796948,13400000
2017-04-05,124.0771713256836,125.49685644648764,123.84212326518123,124.76350764541587,32011200
2017-04-06,124.14298248291016,124.47205551977024,123.82332055042625,124.19940607058,18832200
2017-04-07,124.0771713256836,124.45324248400934,123.63527982424354,124.10537594524827,16743100
2017-04-10,124.12417602539062,124.64128459531611,123.78570626563886,124.19939312157925,15619300
2017-04-11,123.58832550048828,124.19945935309583,122.69514531950999,124.01140933924621,33778400
2017-04-12,123.09001159667969,123.67292640902191,122.95838520853144,123.56950465074826,15955200
2017-04-13,122.60107421875,123.64468827996384,122.58228070139225,122.92075051438583,23683000
2017-04-17,123.61649322509766,123.63530109010752,122.90195216289622,122.94896465232209,13325500
2017-04-18,123.42845916748047,123.78573687617788,123.11819394880078,123.20280782311404,12841100
2017-04-19,123.62588500976562,124.37802733824026,123.4566429435221,123.96435479605734,17764800
2017-04-20,124.66011047363281,124.93277431137912,123.93617263398458,124.12420825017635,21977900
2017-04-21,124.63191223144531,124.8199478572672,124.31225023292825,124.77294971046072,22454900
2017-04-24,126.13617706298828,126.25839228201485,125.79770732915871,126.0139474977686,22469900
2017-04-25,127.04818725585938,127.27382422126091,126.43705366677366,126.54988649567011,19384400
2017-04-26,126.86959075927734,127.40549307711301,126.79437363031435,127.09522779996585,25398500
2017-04-27,127.6311264038086,127.6311264038086,127.10462092177026,127.17983804008979,16136500
2017-04-28,127.85675811767578,128.1858168203012,127.64991466062153,128.13880433529866,22771900
2017-05-01,128.99440002441406,129.16364212380194,128.2234496828861,128.27985893394936,24815500
2017-05-02,129.21063232421875,129.26705591801087,128.8251643502548,129.15422307662388,18345100
2017-05-03,128.7969512939453,128.96617902565032,128.44907037955784,128.9191665403335,23827600
2017-05-04,128.8439483642578,129.21062279277328,128.39266007059175,128.77814236231717,14630100
2017-05-05,129.3140411376953,129.3140411376953,128.69352512996355,129.17301803280077,19330700
2017-05-08,129.59608459472656,129.59608459472656,129.1165917551538,129.37984441368715,13279900
2017-05-09,130.04737854003906,130.33883579650401,129.68068984761712,129.79352265535962,28426100
2017-05-10,130.12265014648438,130.16966264574074,129.66196495389354,130.12265014648438,20499400
2017-05-11,130.01925659179688,130.0568723378422,129.16369204301526,129.76541486390744,27232100
2017-05-12,130.31068420410156,130.33888883096532,129.96280322911724,130.07563608277107,19738600
2017-05-15,130.72434997558594,130.79956709200192,130.24485699790685,130.3670866053576,20481300
2017-05-16,131.2696990966797,131.2885069674606,130.67738745599974,131.06285555669558,21786000
2017-05-17,127.93199157714844,130.47050828360977,127.91318371150409,130.2260490688274,55642200
2017-05-18,129.05081176757812,129.4833066110785,127.74394482331611,127.88498229989595,41319900
2017-05-19,129.59608459472656,130.14139777202965,129.4268568911811,129.51147074295383,36730100
2017-05-22,130.68678283691406,130.75260321085054,129.84061516134284,129.88761331849537,19509700
2017-05-23,130.818359375,131.08161207799913,130.47988956454452,131.0722153193907,19687500
2017-05-24,131.42010498046875,131.4859253408821,130.8465869882621,131.21326148516806,15891900
2017-05-25,132.5388946533203,132.87736441679726,131.636303835317,131.91836436258018,23928600
2017-05-26,132.77401733398438,132.8304266019058,132.38853487491804,132.56717378747084,13851600
2017-05-30,132.8867950439453,133.04662603601975,132.62354231038765,132.70815618627446,20306400
2017-05-31,132.83978271484375,133.35689142288967,132.16285736072678,133.35689142288967,33229400
2017-06-01,133.35691833496094,133.41332759700452,132.54835210453422,133.1124734173718,20120700
2017-06-02,134.88003540039062,134.90824003042107,133.61076966421854,133.8270099431855,37222900
2017-06-05,134.85174560546875,135.08679362975175,134.66371005528092,134.8705534643454,15727500
2017-06-06,134.31590270996094,135.13386560383643,134.11845597030174,134.69197397592228,22393000
2017-06-07,134.84242248535156,134.95524100783484,134.07147200471456,134.69198822457335,18842400
2017-06-08,134.9833984375,135.19963862239615,134.25003533714138,135.1432293868749,25417400
2017-06-09,131.6081085205078,135.2936604576783,129.84995358532223,135.14324059920662,109783700
2017-06-12,130.90296936035156,131.1380174343609,129.24823608395627,130.49869355922954,104454000
2017-06-13,131.9654083251953,132.1534439395,130.94999879251267,131.63633524051377,51193000
2017-06-14,131.3919219970703,132.50134243079742,130.32949971858153,132.50134243079742,60093800
2017-06-15,130.8089599609375,130.94998306818266,129.26704515487407,130.0662000062568,55145200
2017-06-16,130.24143981933594,130.8353793535801,129.76064053012254,130.7410982136015,48087400
2017-06-19,132.41921997070312,132.5417681964948,131.30676288123885,131.50474753102998,39626500
2017-06-20,131.38217163085938,132.45691039961582,131.33503106326938,132.28722161862973,40935100
2017-06-21,132.68313598632812,132.74912125258436,131.59896080387028,131.68380516846136,35743400
2017-06-22,132.6455078125,133.13574400497572,132.3061157385225,132.89063310138133,24099100
2017-06-23,133.15452575683594,133.32421450259653,132.12691338370868,132.49458671813522,21654300
2017-06-26,132.53231811523438,134.1444189015973,132.24006676713816,133.91816721805444,34411100
2017-06-27,130.1282958984375,132.19292886398063,130.11887353986032,132.032662456487,65957800
2017-06-28,132.00436401367188,132.1174898431659,129.8548869416145,130.6090783186127,57427200
2017-06-29,129.71351623535156,131.45761684681287,128.45022935871387,131.45761684681287,88769400
2017-06-30,129.76060485839844,130.73163991505092,129.33636861568357,130.08113762975825,68898300
2017-07-03,128.39361572265625,130.5053745905554,128.3087713507021,130.3545449466186,32797000
2017-07-05,129.65687561035156,130.00568976952712,128.3653080391119,128.79896655290713,42116600
2017-07-06,128.48793029785156,129.2138548716484,128.0259900661221,128.66705585108696,48430500
2017-07-07,129.87371826171875,130.22254684214604,128.9121200396377,128.92154239603096,36970400
2017-07-10,130.72225952148438,131.03337003542043,129.62866154254843,129.95863116240625,24853500
2017-07-11,131.08990478515625,131.25017118782864,130.0434476033589,130.5336835549497,31517700
2017-07-12,132.6455078125,132.7963519309982,131.9478789386979,132.2118489534263,36045800
2017-07-13,132.93768310546875,133.25823026987132,132.55116505312694,132.80569817375428,31073600
2017-07-14,133.9841766357422,134.15387981425283,133.10742243349867,133.53165880185142,34544800
2017-07-17,134.05014038085938,134.5215171938533,133.7955928739646,134.12556239717185,25343200
2017-07-18,134.9457550048828,134.97403646316633,133.5316245495912,133.9558608091229,25748500
2017-07-19,135.7376708984375,135.93565550087706,135.28515315964935,135.34171607883792,33752300
2017-07-20,135.91683959960938,136.1713872021437,135.30405526659118,136.08654279639362,36139400
2017-07-21,135.86021423339844,135.86021423339844,135.14372671637932,135.41711891548684,39697100
2017-07-24,136.4824981689453,136.57676493609011,135.68115152915158,135.84141798005348,26712700
2017-07-25,136.1335906982422,136.45413779998398,135.76591743281932,136.02988724464723,28120900
2017-07-26,136.5767364501953,136.65215847935085,136.2562036152452,136.4730329582666,18610600
2017-07-27,135.71888732910156,137.6043955397097,134.15391206182812,137.4724105403786,80665900
2017-07-28,135.60572814941406,135.83199428184582,134.6912556439346,134.90809941532987,38013200
2017-07-31,135.03060913085938,136.1619106997329,134.73835778397236,135.99222193777783,33848600
2017-08-01,135.3417205810547,135.53026844638194,134.92690664616674,135.4925646274285,20149400
2017-08-02,135.7093963623047,136.24677289257048,134.44610981837917,136.21849143153338,41769700
2017-08-03,135.18141174316406,135.91675825681295,134.93630103370626,135.84133625730084,27112800
2017-08-04,135.4265899658203,135.72827811426717,134.87036862556445,135.4831672826161,29472900
2017-08-07,136.28443908691406,136.28443908691406,135.48310726995953,135.67165508657965,17933900
2017-08-08,136.0487518310547,137.14234931577056,135.6622194533967,136.02047037759448,30810400
2017-08-09,135.86968994140625,135.9356896205451,134.61582550531628,134.92693602422128,36169500
2017-08-10,132.95654296875,135.19086446319452,132.82455803627815,135.0965977315882,63331700
2017-08-11,133.96536254882812,134.25761401640378,132.83404612748433,133.13573434258558,45862500
2017-08-14,135.69053649902344,135.8979434689862,134.99290795031249,135.0306117697238,34161000
2017-08-15,135.78480529785156,136.0393528079288,135.41713195453062,136.02991606497255,25509200
2017-08-16,136.02053833007812,136.6616184944221,135.5680204633718,136.12424183966536,31913000
2017-08-17,133.23939514160156,135.6999831139852,133.23939514160156,135.49257612893516,70191000
2017-08-18,133.14511108398438,134.05958339290717,132.59831217043296,133.3148142431532,60751900
2017-08-21,132.9754638671875,133.42798179092236,132.15525804789166,133.13573033215016,37111500
2017-08-22,135.00234985351562,135.14377156366257,133.64478199368594,133.69192256373492,36294200
2017-08-23,134.52159118652344,134.82326503242822,134.2293397033609,134.32360648664323,25702300
2017-08-24,134.1256103515625,134.97408316419748,133.37140430406257,134.82323907764075,38160800
2017-08-25,133.8427734375,134.98349761014808,133.66364789337766,134.6441200132211,26380400
2017-08-28,134.25755310058594,134.56866353676875,133.82388008446705,134.24811635734204,15362100
2017-08-29,134.78550720214844,135.01177328490158,132.98484405493363,133.10740664791837,24498300
2017-08-30,136.36929321289062,136.59555924020492,134.8137556327772,134.89859999854107,33642700
2017-08-31,137.83059692382812,137.8400336680139,136.68043618506394,136.75585821214628,38480700
2017-09-01,137.6420440673828,138.19826531354403,137.27437068946335,138.0097174453023,22293600
2017-09-05,136.40707397460938,137.5289534985288,135.37947560163326,137.23670207000202,44794300
2017-09-06,136.82180786132812,137.13291821482747,135.83191389751673,136.7558082172788,30722700
2017-09-07,137.14239501953125,137.4912093186364,136.64273666151746,137.07639534927827,22721100
2017-09-08,135.95455932617188,137.0292983001411,135.81313759639858,136.96329861585673,27890100
2017-09-11,137.51947021484375,137.75515862715974,136.98210811510842,137.01981193155618,27126300
2017-09-12,137.84942626953125,138.0285517470241,137.19892401348997,137.90598918131263,30256700
2017-09-13,138.03799438476562,138.05685348655612,137.38749203315098,137.61375809879775,28450900
2017-09-14,137.22723388671875,137.9154400980371,137.14238950147688,137.50064053065003,35296400
2017-09-15,137.69859313964844,138.19825141360968,136.97266881538673,137.1989348656872,46422400
2017-09-18,137.51815795898438,138.2929006317054,137.10243604918733,137.8582927563849,24858200
2017-09-19,137.75436401367188,137.9527675715396,137.29139835070094,137.76380699655252,20871200
2017-09-20,137.32919311523438,137.85828846878675,136.27098799136246,137.70711424869546,34236200
2017-09-21,136.4883270263672,137.2441694078513,136.00646092888636,137.23472642395203,28841800
2017-09-22,136.35601806640625,136.55442159460242,135.91195285237495,136.05366965822935,21702400
2017-09-25,134.91993713378906,135.89309797118938,134.25856779042533,135.81751084383774,54947700
2017-09-26,135.2694854736328,135.86472496119194,134.79707684332044,135.6096202641284,29628800
2017-09-27,136.4883270263672,136.9985220755459,135.6474401227122,135.98756054431846,33249400
2017-09-28,136.4410858154297,136.58280266040603,135.8458462329899,136.15763770870743,24149400
2017-09-29,137.42372131347656,137.52765182938194,136.35608719565548,136.71510809142347,43102400
2017-10-02,137.5465087890625,138.10394755437702,136.9323688737976,137.63153888883556,27351300
2017-10-03,137.83941650390625,138.00003373957824,137.423694521334,137.7260430238484,19715200
2017-10-04,137.97169494628906,138.2645860573342,137.44259946610805,137.5748733361533,26381100
2017-10-05,139.32276916503906,139.39834186432483,138.33070808988597,138.47242492200715,31562400
2017-10-06,139.51168823242188,139.51168823242188,138.85031918471225,138.85031918471225,23561100
2017-10-09,139.35110473632812,139.84239933804463,139.17158714783778,139.6912395311605,13704800
2017-10-10,139.45501708984375,139.9652120074052,138.84087729235864,139.82349520162856,19223100
2017-10-11,139.87074279785156,139.89910057947702,139.2093735898861,139.3888911784983,12439100
2017-10-12,139.6156463623047,140.1636420866921,139.47391512749232,139.66289010724213,14513500
2017-10-13,140.1541748046875,140.31479199273548,139.62507949893754,140.182518166298,18409900
2017-10-16,140.6360321044922,140.67381844538508,140.20140989201664,140.5037582862196,21809400
2017-10-17,140.8155517578125,140.8344521388578,140.37150092899705,140.5888048523351,13138200
2017-10-18,140.64547729492188,140.9761690541806,140.43761637483328,140.95726867505476,17218200
2017-10-19,140.1258087158203,140.14470909275042,139.1432053669071,139.82347476875606,27680300
2017-10-20,140.5037841796875,140.81556119561498,140.333709572414,140.69274475250546,30173300
2017-10-23,139.58729553222656,140.80610335252504,139.3888775808093,140.7966603707494,29297100
2017-10-24,139.8235321044922,140.11642319157542,139.30387965155288,139.8613184570835,20289500
2017-10-25,139.29441833496094,140.003031364475,138.25512787506838,139.5495230622813,36179100
2017-10-26,138.85032653808594,139.55893935889455,138.81252578092122,139.20934723056226,28230200
2017-10-27,142.89418029785156,143.1587280008324,140.96674484268425,141.18404879511095,60165100
2017-10-30,143.21542358398438,143.79176277611182,142.65798477660013,142.79025863626367,31733400
2017-10-31,143.7539520263672,143.96181299380316,143.26265739130804,143.67837932617996,26319300
2017-11-01,143.70668029785156,144.39639271354244,143.13978429630902,144.33024859943134,29481600
2017-11-02,143.43270874023438,143.60278334708093,142.45010511398695,143.54608220028703,31017400
2017-11-03,144.8121337890625,144.83101975266578,143.4610377195909,143.95234669183205,26199200
2017-11-06,145.30340576171875,145.36010689401448,144.6514941163383,144.6987234347723,28693900
2017-11-07,145.38848876953125,145.5774493436201,144.87827936104694,145.19007079583898,21333100
2017-11-08,145.9742431640625,146.01202950500024,145.14279949578267,145.3128740719149,17373500
2017-11-09,145.20899963378906,145.2845867615904,143.7161862974468,144.77437725312416,40594500
2017-11-10,145.19949340820312,145.31288127016307,144.61371138567853,144.8688160541313,20150800
2017-11-13,145.37901306152344,145.56798802858128,144.65151422206108,144.65151422206108,12522400
2017-11-14,144.84986877441406,145.02938628235736,144.1507135330698,144.86876914808204,25173800
2017-11-15,144.169677734375,144.5570563126229,143.40437797822648,144.2263644693832,24808000
2017-11-16,146.0120391845703,146.34273096094913,144.868818481663,144.89716184343652,34790600
2017-11-17,145.45460510253906,146.15377502079556,145.3128882892009,146.0498445520921,28725800
2017-11-20,145.3412322998047,145.69081005210816,145.13337136147115,145.5585362201474,21143900
2017-11-21,146.91908264160156,146.98522676926981,145.9648224074061,146.0309521183072,20147800
2017-11-22,147.0986328125,147.2403496649445,146.76794093443573,147.05138905609505,17299000
2017-11-24,147.6371307373047,147.68437448073965,147.16472213648765,147.24976664137716,8280600
2017-11-27,147.5709686279297,147.9205463024127,147.23083393335372,147.58986900450702,22653400
2017-11-28,147.94894409179688,148.04343159268387,147.10805723426927,147.90170034135338,25227300
2017-11-29,145.36961364746094,147.81668738653494,144.67044354339544,147.77890103185823,71986300
2017-11-30,146.58839416503906,146.87184223034245,145.6435768918728,145.98371168688337,56595500
2017-12-01,145.96481323242188,146.6734261266661,143.85786051346403,145.69080817325835,59015800
2017-12-04,144.2830810546875,147.04194631542236,144.14134978523757,146.8813290767954,51319100
2017-12-05,144.37754821777344,146.02153572514942,143.70673592029632,144.25471733931857,40604200
2017-12-06,145.0294189453125,145.25618023011555,143.66888007002274,143.83895463781607,28647800
2017-12-07,145.52072143554688,145.9364432309675,144.86879538516123,145.01996956836211,32666200
2017-12-08,146.16322326660156,146.94742330110267,145.93647635709456,146.58838813869409,28081700
2017-12-11,147.2969970703125,147.34424081410103,146.21990602906013,146.22936342787773,20821500
2017-12-12,147.0986328125,147.53324077117668,146.78684132035178,147.23090668037165,20310300
2017-12-13,147.38206481933594,147.8544734981913,147.16474644698897,147.69385627739274,24418500
2017-12-14,147.27813720703125,148.01509360708374,147.11751998309867,147.63715800656385,24594700
2017-12-15,148.95046997070312,149.1111016290779,147.6088308789768,147.8544926505354,49816200
2017-12-18,150.19924926757812,150.3223369874135,149.65958474006047,149.93414836863693,26844500
2017-12-19,149.30929565429688,150.06673315899417,148.89270430436744,149.91524276867096,31415000
2017-12-20,149.1483154296875,149.85841025250906,148.5613083325015,149.8300076153495,38972600
2017-12-21,149.16725158691406,149.83000384883698,148.99682132132486,149.35660731218977,18638700
2017-12-22,148.99684143066406,149.05364671122192,148.59919001984136,148.9400361501062,23330400
2017-12-26,148.19207763671875,148.38143338979822,147.65239857117848,148.16367499610274,21918700
2017-12-27,148.21096801757812,148.6086337859106,148.06895484811258,148.20150528858525,22388200
2017-12-28,148.390869140625,148.71278975393824,148.21097615148634,148.68437267157108,25393800
2017-12-29,147.47247314453125,148.55181659152484,147.41566787578128,148.52341395714984,33186000
2018-01-02,150.0572509765625,150.09511634577575,147.86068394235434,148.2299326915804,32573300
2018-01-03,151.51531982421875,151.64787029887714,150.1708751678498,150.19927780906815,29383600
2018-01-04,151.78041076660156,152.23486744305097,151.56265238264498,152.03604896763068,24776100
2018-01-05,153.30471801757812,153.40886582354656,152.21591186629269,152.49995265047153,26992300
2018-01-08,153.90122985839844,153.97697504424332,153.24794027153877,153.30474554919317,23159100
2018-01-09,153.91067504882812,154.36513166518887,153.44675570290903,154.20417858120518,24782400
2018-01-10,153.55087280273438,153.57928988222977,152.54727459308208,153.22896666886737,34004000
2018-01-11,154.60186767578125,154.611344854569,153.57934365102702,153.8160419700184,20473500
2018-01-12,155.73797607421875,155.89892914056762,154.27044412620833,154.46926255355714,37762700
2018-01-16,155.29299926757812,157.5652967965419,154.82906547469375,156.7699941060961,41231800
2018-01-17,156.9688262939453,157.2055245758842,155.27407295190625,156.03151034349398,33849900
2018-01-18,156.99725341796875,157.35702500561777,156.3534265375295,156.72267530308872,26432200
2018-01-19,157.4895477294922,157.7451858904341,156.73211042290708,157.4611450946003,38937600
2018-01-22,159.17486572265625,159.17486572265625,157.25287671185177,157.43276972860292,26081400
2018-01-23,160.49090576171875,160.63293340600265,159.59145513559,159.66720032315794,37989700
2018-01-24,159.449462890625,161.18209636076,158.5310722351941,160.83177301635945,54287400
2018-01-25,159.39259338378906,160.60448716200943,158.8813171182475,160.5476818984856,28925000
2018-01-26,161.83534240722656,161.85428231492003,159.9701732365444,160.28260225544508,32038200
2018-01-29,161.0494842529297,161.81638421987188,160.70863821796496,161.4944780887701,37277800
2018-01-30,159.72401428222656,160.40570656046702,158.89084606753565,159.58200107714234,44987700
2018-01-31,160.38673400878906,160.94535287790538,159.38313570533205,160.62343226703516,42449200
2018-02-01,159.02337646484375,160.69918986094157,158.51210009725204,159.15592692182747,38037900
2018-02-02,155.8516082763672,158.7771954037756,155.71905782406466,158.39848395345868,68478100
2018-02-05,149.70689392089844,156.93092862163684,149.59328339196753,154.39353049608908,105372200
2018-02-06,153.67396545410156,153.86332115971052,146.84759619491862,147.51981111686754,118537900
2018-02-07,151.68569946289062,154.8479843357779,151.67622228770395,153.18161955722104,91028300
2018-02-08,145.2854461669922,152.24438352324097,145.2854461669922,152.07395319669968,94184800
2018-02-09,147.79443359375,148.8737773317546,142.14207667851255,147.33996242738695,113836600
2018-02-12,150.41700744628906,151.43954567538594,148.13524717217118,149.30926130982962,63050600
2018-02-13,151.1934051513672,151.49637145642114,149.32822143193087,149.55545699590942,31785600
2018-02-14,154.02430725097656,154.26100554545883,149.59332211278897,150.30341699623577,52107400
2018-02-15,156.88363647460938,156.88363647460938,153.79709572301584,155.40664133646132,51633900
2018-02-16,156.1829833984375,157.8871992819532,155.91786806089047,156.37233911361537,62256300
2018-02-20,156.4954833984375,157.81152571946296,155.56762986017677,155.63391233637046,36785600
2018-02-21,156.05044555664062,158.79613976576488,155.9557604679469,157.26233956795636,41161800
2018-02-22,156.031494140625,157.56529422530033,155.6338428018912,156.73211173638282,37074400
2018-02-23,159.22219848632812,159.22219848632812,156.6469200242878,157.29074686325617,50096900
2018-02-26,161.33349609375,161.33349609375,159.83757610187698,159.9701265231915,39266700
2018-02-27,159.3357696533203,161.64594662442772,159.26003893514144,161.3808457700626,42209900
2018-02-28,158.3133087158203,160.76549981294153,158.20916087845245,160.2447606261022,42936300
2018-03-01,155.72850036621094,159.12749803626394,154.3272508453887,158.39846341964983,76809900
2018-03-02,157.15821838378906,157.43278207246712,153.34264270282299,153.853904706434,57445100
2018-03-05,158.90028381347656,159.30739790198226,155.83266904374514,156.41969057526578,38540200
2018-03-06,159.57249450683594,160.11217348058747,158.5688961839809,159.67664232035384,29480900
2018-03-07,159.9417724609375,160.07433738139287,158.07660310006253,158.35116677849038,34609400
2018-03-08,160.82225036621094,160.93586089670492,159.96066531819463,160.60449203379284,25828400
2018-03-09,163.94671630859375,163.94671630859375,161.73122365637659,161.96792195973956,38310500
2018-03-12,164.81777954101562,165.19649108257738,164.06034201097285,164.4295908204173,37635000
2018-03-13,162.57383728027344,165.8876128800213,162.1572460362273,165.19644356743788,55638900
2018-03-14,162.5454559326172,163.54906889887178,161.83536100513376,163.42598115509412,40536400
2018-03-15,162.4033966064453,163.35018957421886,161.80691241373543,162.65903475288013,28810400
2018-03-16,161.92056274414062,163.03777168650544,161.84481756123031,162.6780001263271,31176700
2018-03-19,158.46580505371094,160.47625819963685,157.08123814260344,160.36246333337064,71395100
2018-03-20,158.98739624023438,159.35724407651745,158.0011401669316,158.53220224258357,34075700
2018-03-21,158.29510498046875,160.0400271986878,157.60282873080612,158.57012854605242,43863500
2018-03-22,154.3879852294922,157.20452390269915,154.1888297452732,156.1044586392178,66607300
2018-03-23,150.31964111328125,154.86214562627683,150.24377304849477,154.20779622905314,80110400
2018-03-26,155.90530395507812,156.09498135829975,150.93606855032337,153.36378881987596,57481500
2018-03-27,150.86021423339844,157.06228097261555,149.53254464160668,157.06228097261555,78889100
2018-03-28,149.12472534179688,151.52399639475541,147.97724096108354,149.99718622738624,89369700
2018-03-29,151.85598754882812,153.35434969875348,148.53683473415194,149.93088007394456,68692600
2018-04-02,147.47467041015625,151.48611339180113,145.92890363589106,150.77486648346974,85549400
2018-04-03,149.13427734375,149.76017822529067,146.45999594044827,148.76442945381385,64090000
2018-04-04,151.48611450195312,151.95078655777414,146.08062638273668,146.25133316657204,65768700
2018-04-05,152.34909057617188,153.2310443168717,151.23954707298657,152.99396200071186,43054900
2018-04-06,148.53677368164062,152.16887543382583,147.82552694226538,150.6705138997664,59870900
2018-04-09,149.5799560546875,152.56720162484254,149.32391759723362,149.81703834738133,41810400
2018-04-10,152.8801727294922,153.37329354654352,150.85074860750734,151.93184343005336,48296800
2018-04-11,151.9981689453125,153.62929596129516,151.82747667334667,151.92230088987702,41622100
2018-04-12,153.8284454345703,154.3595073316183,152.83269714242965,152.9180432750942,30467900
2018-04-13,153.03182983398438,154.82417087466527,152.36800249861193,154.5965811998808,44604900
2018-04-16,154.19833374023438,154.75784449546558,153.13619519617177,154.10349503207254,28180800
2018-04-17,157.5175018310547,157.85890095637978,155.44065835785676,155.7536087619345,35536100
2018-04-18,157.83990478515625,158.3709667896733,156.76828822367082,157.51747634960722,29573900
2018-04-19,156.38897705078125,157.4131743573175,155.8484224430167,157.04332653582017,34705700
2018-04-20,153.913818359375,156.1044563012031,153.3732638177011,155.99066143784182,49197100
2018-04-23,153.5249786376953,155.2699004953339,152.6999370521454,154.66297052440083,33040600
2018-04-24,150.27224731445312,154.4923092456779,149.25752815226338,154.25522695212194,70256800
2018-04-25,150.45242309570312,151.07832384601252,148.38507236755763,150.53778372191283,52089300
2018-04-26,153.61978149414062,154.1318726590954,151.90329427839276,152.39642928674266,43005500
2018-04-27,153.7146759033203,155.91480658376165,152.84221477946244,155.8768653125236,51043400
2018-04-30,152.62403869628906,155.03278747043043,152.24469849579697,154.07498059609236,35615300
2018-05-01,154.36900329589844,154.3879739288055,151.86541515523035,152.22578482869912,36513500
2018-05-02,153.45863342285156,155.11820947238124,153.27844856507443,154.63455233406268,38646800
2018-05-03,153.43963623046875,154.00862495247145,150.9929456559059,152.6809701307795,60337100
2018-05-04,156.3510284423828,156.71139816398457,152.66202848347902,152.77583782576932,41543200
2018-05-07,157.6502227783203,158.16231408633664,156.95793216942724,157.0812195735443,32500200
2018-05-08,157.489013671875,157.83039824135489,156.341529144273,157.318306916782,26040200
2018-05-09,159.2055206298828,159.31931551044775,157.21402339785976,157.77353418777884,29122700
2018-05-10,160.85560607910156,160.9694154312959,159.59432641409032,159.71761384965237,27067600
2018-05-11,160.703857421875,161.0831832779089,160.00208867082307,160.6659161540593,24688800
2018-05-14,160.97886657714844,161.9935856715931,160.71333558372166,161.07370527638108,21821700
2018-05-15,159.19601440429688,159.793466416665,158.35200201509426,159.70812026357098,49361600
2018-05-16,160.2486572265625,160.61850501973626,159.328776784759,159.40464485391703,22941200
2018-05-17,159.63226318359375,160.84612345679966,158.85462625869465,159.68916062290717,27480200
2018-05-18,158.80722045898438,159.5658722726055,158.5701381496388,159.01583957848112,26217900
2018-05-21,159.69859313964844,160.74176079726993,159.0157951219965,160.0399921484744,22954600
2018-05-22,159.4899139404297,160.69429544203467,159.2054269064934,160.42876456346238,19477700
2018-05-23,160.83656311035156,160.85551926685656,158.25710773151837,158.2760638880234,26557800
2018-05-24,160.78924560546875,161.07374730705087,159.16759603570108,160.78924560546875,27696500
2018-05-25,160.95040893554688,161.52889023993566,160.46676632513123,160.77022409920974,27460500
2018-05-29,160.2392120361328,161.1401220279853,159.28140459832127,160.2202413973606,41220500
2018-05-30,161.38665771484375,161.67115937139093,160.4762697783192,160.81766887210475,22665800
2018-05-31,161.2823486328125,162.35395075337792,160.8650814834151,161.38665094980712,35670900
2018-06-01,163.8143310546875,163.9091552576491,162.0409462621413,162.08836559879705,45543300
2018-06-04,165.29379272460938,165.33171952800967,164.12735178783197,164.2316541147718,20459600
2018-06-05,165.8058624267578,166.08088597920042,165.07565941174363,165.6825894790961,24779300
2018-06-06,166.77316284179688,166.8016115583178,165.14203556627743,165.97656983850254,25036600
2018-06-07,165.41709899902344,166.8395931738626,164.58257892296194,166.80166636282485,39600300
2018-06-08,165.426513671875,165.84378074863625,164.23160986654014,164.63939886259396,31780300
2018-06-11,165.87222290039062,166.2799974099636,165.27477102135413,165.30321973270333,22319700
2018-06-12,166.7447509765625,166.9059652292615,165.91970907440952,166.09987949540903,22511800
2018-06-13,166.7352294921875,167.9870163809881,166.36536725123887,167.00076048285288,37858600
2018-06-14,168.4232635498047,168.69827263752708,167.38009569219312,167.5033831127348,35916000
2018-06-15,167.8352508544922,168.16717176986268,167.01020931160426,167.7878315136748,49615700
2018-06-18,167.7383270263672,167.88087504484002,166.25576962895227,166.77846986555994,31633200
2018-06-19,167.2631378173828,167.30114578630443,165.08682268886398,165.61902126170753,38236000
2018-06-20,168.45111083984375,169.1448687592361,167.88088971348046,168.03295061402073,33038000
2018-06-21,166.98757934570312,169.04985655002235,166.66444627809435,168.8787843964263,43469400
2018-06-22,166.61691284179688,167.61477798711653,166.01818215354544,167.54826041138,30073200
2018-06-25,162.86302185058594,165.35297236274906,161.3804640883687,165.10586973482756,77799700
2018-06-26,163.5282745361328,164.46912063332582,162.86301165766753,163.46174244775548,39008100
2018-06-27,161.3043975830078,164.96328482068498,161.1903591656505,164.22200610521307,52843500
2018-06-28,162.69192504882812,163.24313489216246,160.77219621532913,161.10482759536131,46407700
2018-06-29,163.12908935546875,164.33604914463746,162.89149964507553,163.47121911848802,36408500
2018-07-02,164.22201538085938,164.26953622455056,161.24738748196148,161.59901562289045,31770000
2018-07-03,162.32131958007812,164.83976512147632,162.15976029075517,164.83976512147632,25512700
2018-07-05,164.33607482910156,164.46912450766342,162.5398969178529,163.3762174695716,31626200
2018-07-06,166.89256286621094,167.01611419018047,164.4121250242315,164.7162468982091,37005600
2018-07-09,168.39410400390625,168.43211198117197,167.0921168879864,167.75736525008682,27362100
2018-07-10,168.51766967773438,168.89780748811478,167.93795009104113,168.70773858292458,23902500
2018-07-11,167.6623077392578,168.2800496968358,167.07308988859677,167.19662667905212,30280600
2018-07-12,170.55140686035156,170.55140686035156,168.28954814023365,168.40358656265124,27930100
2018-07-13,170.69398498535156,170.96958272189627,170.0667445488083,170.54192406109962,28049800
2018-07-16,170.2853240966797,171.01710461041762,170.00022798863841,170.73199400104835,21405300
2018-07-17,171.3212127685547,171.68233931032128,168.479634274446,168.479634274446,31034100
2018-07-18,170.99807739257812,171.48276973361803,170.47539157578655,171.34020719158946,23220800
2018-07-19,170.1427459716797,170.95055680523234,169.94317873132223,170.38033568727454,31094100
2018-07-20,170.104736328125,171.22615281408937,169.91465295645455,170.6559462030538,35897300
2018-07-23,170.64642333984375,170.72245378379418,168.91677786927548,169.60103736350507,22184700
2018-07-24,171.3496551513672,173.01278266905678,170.6463845805543,172.404553756926,36900300
2018-07-25,173.74465942382812,173.84918500463584,171.34023753467906,171.42578087557595,35026600
2018-07-26,171.11212158203125,171.93892917850303,170.8840302272378,171.38771928041322,40873500
2018-07-27,168.80270385742188,172.30952970176955,167.83334844617394,172.19549130075748,59456100
2018-07-30,166.4173583984375,168.907294238192,165.61906035075958,168.8122670427981,60193000
2018-07-31,167.69085693359375,168.33710864933158,166.14178149254667,167.0731293315069,47285100
2018-08-01,168.3275909423828,168.831280080712,167.35823514861437,168.08050280891155,37101900
2018-08-02,170.617919921875,170.8175016571464,167.06357267028005,167.13960311698702,47178200
2018-08-03,171.14065551757812,171.15015388738092,170.19029648949385,170.94107374109615,28934400
2018-08-06,172.14804077148438,172.19556162508772,170.81754387856236,171.02662403335418,24808800
2018-08-07,172.7752227783203,173.09834127137194,172.262020935169,172.63266026574556,29895700
2018-08-08,172.98434448242188,173.29796468395503,172.07199348693206,172.53767460460136,22680700
2018-08-09,172.87977600097656,173.56403550979823,172.62317505983725,172.87977600097656,18852900
2018-08-10,171.55880737304688,172.224055759724,170.91255572504107,171.71085378905363,33818500
2018-08-13,171.36871337890625,172.97480764104336,171.29268293137446,171.87240240514498,26089200
2018-08-14,172.44265747070312,172.64223926422764,171.1026476463606,172.02449714242638,20913000
2018-08-15,170.3328094482422,171.61579967234317,169.27791056436416,171.07408817731056,58528000
2018-08-16,170.89352416992188,172.00544221140498,170.5608927936873,171.64430123164448,27711800
2018-08-17,170.9315185546875,171.35917707490873,169.42045168262172,170.44684083194653,36092600
2018-08-20,170.7794952392578,171.3782260000378,170.11424689468353,171.31169391491724,24939000
2018-08-21,171.40672302246094,172.43311232215535,171.18814454700504,171.29268460071444,26258700
2018-08-22,172.07199096679688,172.27157272896844,170.8270230494858,171.04560154990082,18042400
2018-08-23,171.82492065429688,173.01286947726445,171.53981003651896,171.76790143100698,25776200
2018-08-24,173.42149353027344,173.5640560706057,172.35709616882636,172.3951041454524,23136100
2018-08-27,175.18917846679688,175.18917846679688,174.02024093123205,174.29583866676296,29343600
2018-08-28,175.4457244873047,175.8353750441727,175.07508516527307,175.65480456653518,20277000
2018-08-29,177.47007751464844,177.56510473132604,175.68339762567913,175.74991522722044,29175600
2018-08-30,177.15646362304688,178.21136292504863,176.56723105258516,177.12795400688447,29315500
2018-08-31,177.38450622558594,177.88819534875773,176.74776741895988,176.93783632370486,28653200
2018-09-04,176.6241912841797,177.1468770305292,175.67383247070833,176.8427697509072,29063500
2018-09-05,174.3433380126953,176.33909751132992,173.74462176416577,176.31058790432024,42623300
2018-09-06,172.78472900390625,174.6284273736687,171.61579175451047,174.41934728010858,46091400
2018-09-07,172.11953735351562,173.6020952307885,171.4827984960371,171.5398177218816,46629500
2018-09-10,172.69923400878906,173.2029231051753,171.75837340354244,173.10788140719305,26132000
2018-09-11,174.02972412109375,174.31483470281634,171.55879958259334,172.0054694436492,30116500
2018-09-12,173.51649475097656,173.89663243387557,172.02442461788567,173.7730956626611,36204000
2018-09-13,175.36968994140625,175.70232128729677,174.5238712775403,174.59990171378166,31133200
2018-09-14,174.85653686523438,175.76887327614563,174.1627644366681,175.49327557945858,31224100
2018-09-17,172.3380889892578,174.68547676235534,172.17652970747025,174.5619254580891,33071200
2018-09-18,173.76364135742188,174.60946031305892,172.3951220356433,172.48066536925043,31877300
2018-09-19,173.63055419921875,174.20077529399987,172.49962487874194,173.7921134590976,31843400
2018-09-20,175.5503387451172,175.7879285263875,174.40991069528556,174.82807103053403,33295800
2018-09-21,174.59039306640625,176.2725174272284,174.37180013708823,176.0254293999861,38605400
2018-09-24,175.0759735107422,175.1426253160669,172.6101182072972,173.32416998047074,34945600
2018-09-25,175.31399536132812,175.44728444804895,174.40000267565628,174.99981082961034,25277500
2018-09-26,175.43777465820312,177.07533464937444,175.0950292059249,175.46633556860786,36210600
2018-09-27,176.92300415039062,177.55137324849142,176.05661777519907,176.15183049700406,33113300
2018-09-28,176.8849639892578,177.3514832160462,176.10427465072263,176.4279747538366,28076800
2018-10-01,177.2467041015625,178.5415186696014,176.79923045858732,177.9131495717101,27371300
2018-10-02,176.8468475341797,178.20829946800947,176.43746476607902,177.09438028739714,25618600
2018-10-03,177.0372772216797,178.00839194130631,176.76118352642777,177.5894791396076,29128700
2018-10-04,173.6383819580078,176.43746767580012,172.38164366535705,176.323209495381,80557300
2018-10-05,171.5152587890625,174.20010087836258,169.87769861986308,173.61933809129275,83325600
2018-10-08,170.4679412841797,171.98172736488277,168.44954531582354,170.91541483418655,66864500
2018-10-09,171.0201416015625,172.34351679491533,170.18231631860465,170.5916989735109,49097900
2018-10-10,163.49879455566406,170.0585489533993,163.27982276773452,169.9538207891862,114471100
2018-10-11,161.4709014892578,165.0887519167179,159.7666899148455,162.82283766968902,143084500
2018-10-12,165.9647216796875,166.47883269205826,162.73719291661462,165.82190257311154,102078400
2018-10-15,163.955810546875,165.69808405043642,163.33695697413913,165.38391406137598,64885300
2018-10-16,168.7257080078125,169.1350907984661,165.37442029214515,165.67908941512553,71979700
2018-10-17,168.79234313964844,169.71585143166217,167.05958473898878,169.54448594774533,66987600
2018-10-18,164.87925720214844,168.2114977877448,164.17473563302576,168.15437598780687,82486200
2018-10-19,164.7270050048828,167.63081875800606,164.1271968039725,166.21223052387776,82923700
2018-10-22,165.57437133789062,166.85014068162766,164.31763291993525,165.71717591837452,52909300
2018-10-23,164.96498107910156,165.78376090778775,160.72827741275609,162.461035242932,77567000
2018-10-24,157.4151153564453,165.0507142778861,157.12949169583248,164.7746206066615,102997400
2018-10-25,162.8609619140625,163.8320766068038,159.14789768802768,159.86194961822082,83481100
2018-10-26,158.671875,161.8137066345998,156.35833901793634,157.28184741262774,130970900
2018-10-29,155.40623474121094,161.7184575073842,152.41673835569682,161.09961840488236,111871900
2018-10-30,157.96725463867188,158.08149824668382,154.24466211850046,154.949198265214,92584000
2018-10-31,161.6803741455078,163.04182592311986,160.4617123879793,160.53787965578863,73828600
2018-11-01,163.81297302246094,163.9843529791505,160.69018818478426,161.91836520423394,52706800
2018-11-02,161.26144409179688,164.27950093295797,160.1570406184769,163.30838653211322,75966800
2018-11-05,160.86158752441406,161.52803293091299,159.0716931234567,161.47091111427312,39573500
2018-11-06,162.0802459716797,162.98470869533497,160.63309689737844,160.87111416820463,34410400
2018-11-07,167.164306640625,167.164306640625,163.6321236272519,164.02247547360042,51169600
2018-11-08,166.0980224609375,166.89775721520064,165.3078031701447,166.38363163929924,40296500
2018-11-09,163.2989044189453,164.94597997817758,162.00408979588408,164.54611267909692,50602700
2018-11-12,158.3576202392578,162.4610348313479,158.2148011892867,162.15638034076258,62578400
2018-11-13,158.4909210205078,161.35664336181196,158.0434474468683,159.10024457414596,64128100
2018-11-14,157.28182983398438,160.6140720530409,156.37736699429652,160.0618701705922,75270700
2018-11-15,160.03330993652344,160.4617381753091,155.62523937523443,156.9962068338639,73254300
2018-11-16,159.47157287597656,160.24274651594462,157.83401287589223,158.47189742410555,65390700
2018-11-19,154.2923126220703,158.90032347796026,153.79723263330044,158.70991256763992,67280500
2018-11-20,151.53134155273438,153.64493639742926,149.5986421854341,150.7791987285593,102652800
2018-11-21,152.68331909179688,154.20663548445114,151.59796088344277,153.61635728282297,42965800
2018-11-23,151.57887268066406,153.1307348706751,151.46461455156793,151.46461455156793,23503700
2018-11-26,155.08255004882812,155.15871732745188,153.0546380218114,153.70205262640192,42012600
2018-11-27,155.60614013671875,155.9964918642625,153.45445516947046,154.23515862455798,36608100
2018-11-28,160.6140594482422,160.6140594482422,155.6347419622156,156.7296156515834,70141000
2018-11-29,160.09042358398438,161.14722093361175,158.8241843842013,159.93810355909136,44885700
2018-11-30,161.251953125,161.3471658544162,159.50966477412817,160.3094139299248,36722800
2018-12-03,164.07005310058594,165.0030766562481,161.3852115378138,164.81266576105054,50771700
2018-12-04,157.77691650390625,163.67022745709684,157.58650556031822,163.21322375957703,70594700
2018-12-06,158.89083862304688,158.90988407597388,154.01624864826684,154.59701147943588,71715500
2018-12-07,153.64491271972656,159.1097799392625,153.14983273064016,158.19580175817202,80432200
2018-12-10,155.25393676757812,155.92989778751638,151.7693598889099,153.35931376441266,73960800
2018-12-11,155.76805114746094,157.8245242216189,154.45419092884492,157.78643331612122,59058300
2018-12-12,157.13902282714844,159.56680216886593,157.0533400865688,158.04348565280944,53780000
2018-12-13,157.18667602539062,158.82423668345885,156.167954714676,158.16730642177217,46378500
2018-12-14,153.35926818847656,155.95841235394641,152.9974773387515,155.3871797004755,56547400
2018-12-17,149.88427734375,153.92105679393535,148.68467514022876,152.70240913490318,74834100
2018-12-18,150.82676696777344,152.28343135366674,149.51290711876385,151.04573876680175,63642100
2018-12-19,147.12322998046875,153.0165397582508,145.99026548006532,150.59827622198677,81856500
2018-12-20,144.99058532714844,148.39899417763428,143.18165999183972,146.7614342935479,99002100
2018-12-21,140.496826171875,146.704305453785,139.68756172894325,145.71416010791742,141129400
2018-12-24,137.01278686523438,141.29025515634567,136.97460155799425,139.4761543982672,56163300
2018-12-26,145.5677490234375,145.64411964369242,137.57612160589193,138.5213719326297,98982100
2018-12-27,146.13108825683594,146.25520145410403,140.43097223017398,143.57223514865748,85824300
2018-12-28,146.0546875,148.55624051718436,144.86119624081124,147.18133625556132,77856600
2018-12-31,147.286376953125,147.97382914407197,145.80645931746204,147.4868899125622,53015300
2019-01-02,147.8782958984375,148.70896087334498,144.0591251536967,144.1641529319363,58576700
2019-01-03,143.047119140625,146.3315953941148,142.7320356475282,145.7014429769087,74820200
2019-01-04,149.16729736328125,149.90249200849834,144.88028637457657,145.45315339882367,74709300
2019-01-07,150.94320678710938,151.67840140294462,149.05272091537373,149.53966005187098,52059300
2019-01-08,152.30856323242188,152.8718875311288,150.09343677319163,152.3276486002206,49388700
2019-01-09,153.54978942871094,154.21814149380342,152.26081328468933,152.90052273049088,46491700
2019-01-10,153.98898315429688,154.0749110105982,151.52561595745055,152.3849382274102,38943400
2019-01-11,153.42568969726562,153.58800275919504,152.5663672547756,153.08196363406662,30176600
2019-01-14,152.06985473632812,152.7286641054348,151.42058805047586,152.12713997381877,30710200
2019-01-15,155.0392608642578,155.2493164475894,152.68092146238382,152.76684931856983,40874200
2019-01-16,155.0106658935547,156.3760130359159,154.95336606950215,155.29709216888463,33812200
2019-01-17,156.2327880859375,156.92978291818682,154.26591677611984,154.51415771896586,39329000
2019-01-18,157.77955627441406,158.51475102441884,156.41420916481994,157.33080236185145,57183200
2019-01-22,154.61917114257812,156.71971269824772,153.49250789671987,156.6433275147163,56711700
2019-01-23,154.8197021484375,156.11822140432312,153.07244351927793,155.41168380339158,38106100
2019-01-24,155.8221893310547,156.05134485860142,154.73372607092716,155.325692972528,32417800
2019-01-25,157.6840057373047,158.16140207870615,156.53825743173726,157.07293900307005,36515900
2019-01-28,155.73629760742188,155.7458402932487,154.4377784546573,155.6503697280223,33491200
2019-01-29,154.26588439941406,155.8603866758222,153.71210281022724,155.82218680402596,30784200
2019-01-30,158.1901092529297,158.76299092400328,155.5262429911055,156.0131822132278,41346500
2019-01-31,160.5579833984375,161.35046328253006,158.94438100772962,159.16397930339883,37258400
2019-02-01,159.88009643554688,160.97811720591278,159.44089978258933,159.7655259293816,32143700
2019-02-04,161.8660125732422,161.8660125732422,159.7654714522052,159.90868453607868,26718800
2019-02-05,163.29824829101562,163.48920398033678,162.01882914668008,162.08565708189914,28156400
2019-02-06,162.81130981445312,163.62287513988616,162.07611510989648,163.33644888913645,27970000
2019-02-07,160.6248016357422,161.78965011132664,159.40266791856885,161.38863885122132,42036200
2019-02-08,160.9398651123047,160.96850772955375,159.03983684620445,159.22123523245472,29020700
2019-02-11,160.78712463378906,161.9137878744139,160.38611334884993,161.52231927400283,21434100
2019-02-12,163.1646270751953,163.40332540110373,161.67515185256516,161.9615927574532,29722100
2019-02-13,163.27915954589844,164.37718033050018,163.09776109844697,163.8902265350124,26094100
2019-02-14,163.47964477539062,164.06206903880658,162.15248320058822,162.69670758860892,30326800
2019-02-15,164.1671142578125,164.75908126838232,163.40327692769915,164.72089595792002,32521700
2019-02-19,164.49171447753906,164.98821084925265,163.6324067221351,163.66104934271635,19487700
2019-02-20,164.4630889892578,165.25556890218667,163.5751385207738,164.6063021070828,32593000
2019-02-21,163.86155700683594,164.47262389563062,162.99270651814774,164.0238700556894,25207400
2019-02-22,165.07421875,165.18878928787652,164.1289681055486,164.21491057794606,27735400
2019-02-25,165.67567443847656,166.76413780344336,165.5610893791752,166.33448389576932,32608800
2019-02-26,165.84756469726562,166.37270383550796,164.99779938955967,165.27469755744522,21939700
2019-02-27,165.74252319335938,165.94303614559277,163.9952501515587,165.0837136532886,25162000
2019-02-28,165.3606414794922,165.95260861874414,164.8927875529614,165.2269710103389,25085500
2019-03-01,166.50636291503906,166.75460386843463,165.35105688984297,166.55410548234215,31431200
2019-03-04,166.53497314453125,167.84303473405134,164.67312993379528,167.60433651295742,38063500
2019-03-05,166.6591339111328,167.17471576052435,165.83801128507514,166.6591339111328,22319900
2019-03-06,165.71383666992188,166.8500424372988,165.4464958504193,166.82139981870796,27194600
2019-03-07,163.68020629882812,165.3510945521146,163.06913917752863,165.29380928589737,39407400
2019-03-08,163.43197631835938,163.5179042234842,161.68470273586922,161.84701585743514,39303200
2019-03-11,166.83099365234375,166.94557873082096,164.08119944166066,164.10984206903333,30518400
2019-03-12,167.74755859375,168.17721246359633,166.86915091769131,167.2701621674801,33953500
2019-03-13,169.00796508789062,169.88637321874918,168.37781255137685,168.61651088809896,42426100
2019-03-14,168.7214813232422,169.3229910201753,168.67373875834647,169.1224926441927,23751500
2019-03-15,170.2873992919922,170.79343860046302,169.26576341742518,169.38033395700643,38192000
2019-03-18,170.69293212890625,171.20946697611117,169.8703149906379,170.21466669027356,32935100
2019-03-19,171.2667999267578,172.1755010409298,170.53982735902179,171.39113897479314,36893300
2019-03-20,171.94593811035156,172.99812762512659,170.4920220842065,171.27636959890333,50105000
2019-03-21,174.63381958007812,174.8825123115078,171.41030114675652,171.42943584778968,42428500
2019-03-22,170.79812622070312,174.34686168026096,170.61638304522566,173.87815636431912,70794500
2019-03-25,170.47288513183594,171.0659294347799,169.23895248122832,170.17636298036396,46336500
2019-03-26,171.2667999267578,172.83550946353304,170.39635361302024,171.7928946545936,33248100
2019-03-27,170.16677856445312,171.90767116676668,168.92330052908386,171.5250647859604,37096700
2019-03-28,170.55899047851562,171.19986430994626,169.53551019699222,170.60681993365233,30368200
2019-03-29,171.8502960205078,172.0129044757049,170.82680124335678,171.8789907716897,35205500
2019-04-01,174.12680053710938,174.33723840839122,172.9120173475694,173.61984055506585,30969500
2019-04-02,174.78683471679688,174.95901781668795,173.87813355411828,174.31814405784098,22645200
2019-04-03,175.7912139892578,176.8816584227349,175.24599907026948,175.77207928817913,31633500
2019-04-04,175.72427368164062,176.4799265657825,174.71033880808773,175.83905270315555,28530800
2019-04-05,176.63299560546875,176.73821458597078,176.02081642677598,176.23125438778,25674700
2019-04-08,177.08250427246094,177.22597801585468,175.6477084565324,176.34597166687823,22697500
2019-04-09,176.46072387695312,177.06334269873204,176.0876776052556,176.47985857166714,25631900
2019-04-10,177.40780639648438,177.46519592141675,176.49910486221066,176.69040814382015,24563000
2019-04-11,176.9868621826172,177.70426015868966,176.66164526971747,177.70426015868966,20654100
2019-04-12,177.75210571289062,177.86688472890083,177.01557297065727,177.77124041405915,24989100
2019-04-15,177.78074645996094,177.98162427245586,176.59464347133928,177.7616117646052,21073000
2019-04-16,178.39297485351562,178.78515594190452,177.84774535080425,178.4312296593462,27195700
2019-04-17,179.01475524902344,179.76084819652093,178.4886749211624,179.5886796373308,29651600
2019-04-18,179.24427795410156,179.62688437597527,178.19208840069973,179.31124210545414,28580900
2019-04-22,179.751220703125,179.81818484802227,178.32598491736357,178.4599132071581,17936000
2019-04-23,182.037353515625,182.2573514878714,179.95212361455012,180.21037639242633,33665600
2019-04-24,181.4634246826172,182.41995527278428,181.4060205869884,182.1903826767647,24977100
2019-04-25,182.199951171875,182.90778909578103,181.21472578598505,182.82170484159627,29517500
2019-04-26,182.362548828125,182.4008182247179,180.39209817304214,181.91297828889756,26359500
2019-04-29,182.71652221679688,183.0034843833008,182.06607366635453,182.36259588672448,21716200
2019-04-30,181.3008270263672,181.59736381106268,180.0286540073373,181.2434375182005,31495300
2019-05-01,180.71737670898438,183.00349958150719,180.5930376163914,182.48696471980216,34797100
2019-05-02,179.93299865722656,181.59736740449787,178.74689528147567,180.65995676755728,44110100
2019-05-03,182.8025665283203,182.9364802306823,181.09994320021843,181.4251601065977,30386200
2019-05-06,181.68344116210938,181.93213388653834,178.64166598547814,178.9190680583989,38371800
2019-05-07,178.144287109375,180.4686497604701,176.48947844979233,179.70342226295506,58818100
2019-05-08,177.69471740722656,179.03385458807503,176.91992985291418,177.5608036891417,37165300
2019-05-09,176.73818969726562,177.35036878974984,174.17467971308113,175.71469479510404,55351700
2019-05-10,176.95816040039062,177.80947204768606,173.16073276361803,176.10684875309516,58526400
2019-05-13,170.81724548339844,173.38074062338464,170.31984545791624,172.45290472385992,67185800
2019-05-14,172.6920166015625,173.73464597870762,171.0850523064176,171.71636596329495,43360600
2019-05-15,175.1311798095703,175.57119029693308,171.51549539677862,171.55376479333103,40944500
2019-05-16,176.8911895751953,177.98164842601463,174.99726315184745,175.20770104283034,39281200
2019-05-17,175.08335876464844,177.51295471989218,174.930324957589,175.1407628622321,44702300
2019-05-20,172.127685546875,173.30421414595432,171.54420127333987,172.64422026534834,38608300
2019-05-21,173.92596435546875,174.40422966538463,173.05551798850212,173.6103074994644,31613800
2019-05-22,173.1511688232422,174.15552884638188,172.8929014811781,172.9598656272866,24332600
2019-05-23,170.50160217285156,171.23813491974934,169.43985248153157,171.16161071009108,45351300
2019-05-24,170.4154815673828,172.03202048735562,170.20504368457586,171.41984153614376,25903300
2019-05-28,169.774658203125,171.85032830302978,169.75552350024287,170.89379749594914,24763800
2019-05-29,168.3780517578125,169.30588744989512,167.4789108112173,168.72240329915758,42178800
2019-05-30,169.08592224121094,169.5641875525038,168.12939161862525,168.8276548863731,30354800
2019-05-31,166.38853454589844,167.67028235199257,166.31201032822835,167.09637261272013,45446200
2019-06-03,162.7250213623047,166.3885362204301,161.91197890794407,165.9389655592827,75842300
2019-06-04,167.3067626953125,167.36415219327017,163.92063636083043,164.5519500293607,47797800
2019-06-05,168.55027770996094,168.93288414413587,166.7998248123859,168.90418939134773,34412700
2019-06-06,169.889404296875,170.30070545834934,168.09112205759428,168.83721477484926,29913200
2019-06-07,173.1702880859375,173.86856591126056,170.57809841299272,170.7980963574995,45888300
2019-06-10,175.18861389160156,176.8147279624376,174.28948718078303,174.32774199157237,41385300
2019-06-11,175.42774963378906,177.34081130742035,174.8347051855241,177.01559432582357,41260300
2019-06-12,174.41380310058594,175.3129442875019,174.08858616780785,174.94945795351458,27758100
2019-06-13,175.4468536376953,175.87728951984454,174.79641978831424,175.14077141313354,23715800
2019-06-14,174.70079040527344,175.15036106352287,174.0312217426154,174.54774196937956,22844100
2019-06-17,175.7529754638672,176.24080092031076,174.89208898158225,175.0833922235894,20379500
2019-06-18,178.306884765625,179.55993760149545,177.36947420516495,177.82861943312486,48177300
2019-06-19,178.97647094726562,179.3782121146909,177.50342000003965,178.54603502470292,31672900
2019-06-20,180.640869140625,181.5113011807149,179.02432955895262,181.4730463661354,40922000
2019-06-21,180.37303161621094,181.52086573127514,179.99041051418777,180.43042113263877,39980400
2019-06-24,180.3787078857422,180.91554692736818,180.28283750212321,180.7334019751522,19375200
2019-06-25,177.28231811523438,180.3595768290091,177.01389852604305,180.25412523127173,33921100
2019-06-26,178.10675048828125,179.58307282840747,177.81916852519063,178.4614592890434,22595700
2019-06-27,178.7873992919922,179.20920568438441,178.29849531595787,178.7490599053068,19709200
2019-06-28,179.01748657226562,179.41052015546782,178.37519576855777,179.21879395892046,21179200
2019-07-01,181.43321228027344,182.68904996644386,180.5896143256401,182.44938863078622,31025600
2019-07-02,182.1522216796875,182.1713986849882,180.85805906338715,181.37572118435347,18035800
2019-07-03,183.52313232421875,183.52313232421875,182.4206810095208,182.6124218487881,15792100
2019-07-05,183.14923095703125,183.48474811499906,181.55787587069386,182.2672788270511,21415600
2019-07-08,181.86465454101562,182.018026712597,181.11689755111894,181.96051031978268,17598800
2019-07-09,182.77537536621094,183.00544095065231,180.84848832988772,181.00187513802936,19193500
2019-07-10,184.59677124023438,185.1048521742804,183.55185117797137,183.88738294699158,28374500
2019-07-11,184.4625701904297,185.34452231821808,183.8777958349888,184.87479537267646,23736100
2019-07-12,185.5266571044922,185.53623829321938,184.49131823896153,184.66388203043448,20211900
2019-07-15,186.12103271484375,186.15938672943233,185.44040254748813,185.9580647222689,15606100
2019-07-16,185.16233825683594,186.063467200755,184.5967410270201,185.89091806397056,20190900
2019-07-17,184.251708984375,185.48837018510494,184.23253197372756,185.16241951519098,16765100
2019-07-18,184.4625701904297,184.81726435384192,182.80411752772812,183.37929606614497,28877000
2019-07-19,183.11083984375,185.81422670492674,182.91911370264745,185.72795213559561,29387900
2019-07-22,184.56802368164062,184.96107186165185,183.52310355916498,183.52310355916498,18954900
2019-07-23,185.77593994140625,185.79511695078767,184.33797142101594,185.57463254010406,23786700
2019-07-24,187.07969665527344,187.08929247374786,185.0473725156966,185.06654952487338,20422900
2019-07-25,185.3061981201172,186.47574692684879,184.9514892998651,186.44698872895958,23434700
2019-07-26,187.21388244628906,187.4631396502938,186.38944669071915,186.4853170965318,20431200
2019-07-29,186.5716094970703,187.1084487142245,185.39247945740863,187.04135112596603,20451700
2019-07-30,185.766357421875,186.49492286766355,185.0090337761061,185.14324358527168,18705000
2019-07-31,183.1971893310547,186.38946646901962,181.49080124646582,186.2648524815643,41627500
2019-08-01,182.2864227294922,186.9166819134034,181.40447068890458,183.51348771011567,63251600
2019-08-02,179.6022186279297,181.17439647331798,178.5093634747667,180.91555812374136,55214000
2019-08-05,173.2560272216797,175.92106100449575,171.78930052206408,175.8443675958383,75040000
2019-08-06,175.68138122558594,176.19905802297313,173.58195972257937,174.8569454534034,41897200
2019-08-07,176.6304473876953,176.87968997147158,172.45075209099508,173.7736876668343,49990600
2019-08-08,180.47459411621094,180.532125132757,176.93720455651518,177.42610848888714,38418100
2019-08-09,178.77781677246094,180.22536631033915,177.37818781064036,179.61183373354245,33608900
2019-08-12,176.72628784179688,178.21217653060796,175.91143338915944,177.67533743945452,24642900
2019-08-13,180.59922790527344,181.8358741828538,176.40995168747628,176.57291966962129,40241900
2019-08-14,175.2020721435547,178.2601540798423,174.87613613616753,177.69455666212252,51000500
2019-08-15,175.0006866455078,175.9976712313057,173.66817038388746,175.43207406601877,36685000
2019-08-16,177.80953979492188,178.26010429072355,176.48661912627026,176.59207070247422,32781400
2019-08-19,180.63755798339844,181.02102494613362,179.7460247221059,180.37873423979224,22494100
2019-08-20,179.23794555664062,180.8388817438944,179.1900103573567,180.18700984249392,19902900
2019-08-21,180.82933044433594,181.40450904750693,180.18703962552067,180.8101534358988,20418500
2019-08-22,180.24453735351562,181.62498926257464,178.82573143155497,181.164828874375,24243700
2019-08-23,174.5405731201172,180.65672075938477,174.0516546096097,179.01744533458427,55372400
2019-08-26,177.1768798828125,177.22480045872123,175.50883133806298,176.52499329387103,27598900
2019-08-27,176.802978515625,178.71068828315927,176.11276722889778,178.41351052537289,28012800
2019-08-28,177.43569946289062,177.73287723980545,175.34585920731524,176.22781134865835,21792400
2019-08-29,180.14866638183594,180.66634315998814,178.9599406577178,179.6405854207639,25358900
2019-08-30,179.7172393798828,181.15520736043698,178.70107768073387,181.11685335607285,26319800
2019-09-03,177.9725341796875,179.43926064882555,177.37817864070257,178.51896914509211,27964200
2019-09-04,180.5416717529297,180.69505851214467,179.1708013625663,179.68847801797523,21592100
2019-09-05,183.8490447998047,184.37630278471593,182.46859284940817,182.53570506011067,33932600
2019-09-06,183.66696166992188,184.22297803877723,183.26433215339392,184.15588043324357,19487800
2019-09-09,183.28343200683594,184.31877088251818,182.35354471926308,184.24207748864143,24407600
2019-09-10,182.75621032714844,182.8520807454584,181.09775741034485,182.29606450035914,23744700
2019-09-11,184.47218322753906,184.5680536477115,182.679520466939,183.10132691126194,25063600
2019-09-12,185.2390594482422,186.65786527105584,184.98981689287876,185.60334940650097,28689900
2019-09-13,184.57757568359375,185.40201129842833,184.33791433774377,184.97062380145195,27669800
2019-09-16,183.7531280517578,184.13659495670058,183.2067078253936,183.3888527767706,20319000
2019-09-17,184.63510131835938,184.63510131835938,183.3792636153438,183.7723117217586,20953400
2019-09-18,184.55845642089844,184.63514982481817,182.24811699654364,184.25168280521945,29781300
2019-09-19,184.86524963378906,186.01562165001684,184.51055537429374,184.88442664526212,26039400
2019-09-20,182.90957641601562,185.31577151406995,182.29604384057143,185.12404532695058,29086100
2019-09-23,182.99024963378906,183.53778655007187,182.24099939054713,182.85576919672687,22485900
2019-09-24,180.5599822998047,184.22938537072093,179.77230071771646,183.82594406913967,40820700
2019-09-25,182.5867919921875,183.06708131834836,178.86935729802784,180.3774581603941,34704900
2019-09-26,181.9143829345703,182.5099369859888,180.5695640782084,182.3466403801891,26826000
2019-09-27,179.65701293945312,182.346635929259,178.42747351393035,182.25057220712569,40773500
2019-09-30,181.36685180664062,181.65502833189487,180.0124323980325,180.38705748368295,26307700
2019-10-01,179.8876190185547,183.07673342121006,179.58984189758095,182.02970591286007,32367600
2019-10-02,176.79452514648438,178.69646700270863,175.8051301882238,178.66765081225589,48544300
2019-10-03,178.73486328125,178.8693436960579,174.6524043193298,176.7752747714594,39392500
2019-10-04,181.36685180664062,181.62621214509613,179.5129420553432,179.7050548530904,31887600
2019-10-07,180.8193359375,182.26020395700343,180.50234321433715,180.84815212530867,21216000
2019-10-08,178.11050415039062,180.45431856770648,177.9664232055835,179.6858526617765,32379300
2019-10-09,179.84915161132812,180.6656493951779,179.08068569545804,179.61862209665486,20147400
2019-10-10,181.24200439453125,181.96243850822913,179.7435037832028,179.8971999118697,25177700
2019-10-11,183.5762176513672,185.03630155205857,183.2015925003581,183.30725675614372,40976700
2019-10-14,183.55697631835938,184.14292989905076,183.13431935428463,183.31683164852305,14975000
2019-10-15,185.8911895751953,186.32344704815495,184.00844892010952,184.12371367096077,23234200
2019-10-16,185.4301300048828,185.90081890594303,184.84417633510162,185.25723285180132,20457100
2019-10-17,185.92002868652344,186.83257561023527,185.2091951016722,186.54439904030806,19045200
2019-10-18,184.1333465576172,186.0352884160247,183.19198346812016,185.58381522205525,27700800
2019-10-21,185.76632690429688,185.8912068341584,184.56560344722445,185.11314037913849,15801200
2019-10-22,184.28701782226562,186.75569730361718,184.22937079180045,186.4963369669579,22392300
2019-10-23,184.64247131347656,184.6808880190255,183.61464488848125,183.91243664988434,14828400
2019-10-24,186.43870544433594,186.55398484852535,185.14193306965694,185.9584161224696,18998500
2019-10-25,187.92762756347656,188.0236913021506,185.43973209886622,185.47814879997466,21507100
2019-10-28,189.7815399169922,190.03128510122104,188.8017455434875,188.8017455434875,18818700
2019-10-29,188.31185913085938,189.75272731271048,188.2830429398039,189.46456540215553,18569700
2019-10-30,189.2244415283203,189.5414343220832,187.59144568337132,188.6769045234742,21764300
2019-10-31,189.3108367919922,189.85835898535908,188.2157777479918,189.77191042702745,26801800
2019-11-01,191.03030395507812,191.03991912386584,189.83919560696157,190.127357525203,22131900
2019-11-04,192.21180725097656,192.624849064048,191.03028487511827,192.29825581781458,19015900
2019-11-05,192.31748962402344,192.6440829010415,191.68350409291588,192.45197007087023,15048900
2019-11-06,191.8852081298828,192.11575230927068,190.95344555860135,192.09653663000452,19725500
2019-11-07,192.52879333496094,193.76794814023677,191.97167055399365,192.84578608381594,17832400
2019-11-08,193.2972412109375,193.3164568883277,191.67386091724669,192.18298109584964,15258800
2019-11-11,193.03793334960938,193.1147667596911,192.05813881246058,192.3174992076144,10147600
2019-11-12,193.5950469970703,194.23864769842962,192.90344373827645,193.20122082433465,14778300
2019-11-13,193.64306640625,193.82557871364105,192.797767074452,192.92263234482337,15774600
2019-11-14,193.48936462402344,193.61424454800726,192.32707258035344,192.91302618611647,16945400
2019-11-15,194.9110107421875,194.9110107421875,194.03688068275392,194.66125092105418,18427900
2019-11-18,195.06471252441406,195.37209006911212,193.81595735414842,194.6036242214666,18365900
2019-11-19,195.35287475585938,195.80434789254411,194.6036245837585,195.80434789254411,16923300
2019-11-20,194.1809539794922,195.42970906427269,192.71126992546516,194.8437555444977,36629000
2019-11-21,193.7487030029297,194.10412705611637,193.143548444642,193.9696319795342,17883600
2019-11-22,193.87356567382812,194.3442544282136,192.82653859816492,194.22897503814596,17189600
2019-11-25,196.16940307617188,196.20781977884954,194.6805030095179,194.70931920084348,17752800
2019-11-26,196.5439910888672,196.79373625226233,196.00606940939053,196.294245925472,14780600
2019-11-27,197.9176483154297,197.92726348402437,196.81298856496463,197.05313326352393,16963100
2019-11-29,197.01470947265625,197.71592786318521,196.9186457337811,197.41815079284834,9854600
2019-12-02,194.99749755859375,197.0915523195465,193.82559024304922,197.02431942492706,28007000
2019-12-03,193.47018432617188,193.54703239091126,191.37611486951567,192.3174926696207,31104100
2019-12-04,194.44996643066406,194.91105482445434,194.1714050178602,194.45958159966167,15300100
2019-12-05,194.83416748046875,195.14154502375882,193.88318934942097,195.14154502375882,14962300
2019-12-06,196.91864013671875,197.06272108366758,196.10214235129337,196.25583846621763,16555300
2019-12-09,196.0253143310547,197.48538349110228,195.93885110324413,196.5632360907847,13984100
2019-12-10,195.86203002929688,196.80340789579492,195.4201719474694,196.12139043392557,21799800
2019-12-11,196.89942932128906,197.1011573092682,195.99648294539233,196.30387518283317,18780800
2019-12-12,198.369140625,199.1472218353704,196.42878182701085,196.69774274271768,32612000
2019-12-13,199.02232360839844,199.713941515907,197.84081579026684,198.26345814950494,32519400
2019-12-16,201.02029418945312,201.27003935686736,200.2614288629842,200.32867640263422,21296600
2019-12-17,201.13558959960938,201.44298184384525,200.799381164635,201.27967055330186,15996100
2019-12-18,201.2892608642578,201.84639824518203,201.07793238676012,201.30847654146683,15443300
2019-12-19,202.5476837158203,202.61491662244194,201.35656050749125,201.37577619107114,17865900
2019-12-20,203.36412048339844,204.1421868755069,202.94146351552035,203.5082014236898,27672600
2019-12-23,203.9012908935547,204.22859221546608,203.72801890750017,204.08419889375398,23774700
2019-12-24,204.00718688964844,204.170837552741,203.54511356509022,204.0842015585825,7089000
2019-12-26,205.80734252929688,205.82659986726267,204.30559332695384,204.33447198938006,17067500
2019-12-27,205.6340789794922,206.54860426822833,205.08535499282314,206.52934692947355,18134100
2019-12-30,204.286376953125,205.6533543436165,203.27557957106492,205.52820366430953,21815500
2019-12-31,204.6714324951172,204.81582582360997,203.31407645109846,203.63175646282923,18170900
2020-01-02,208.08885192871094,208.08885192871094,205.99024284000404,206.39455878794698,30969400
2020-01-03,206.18280029296875,207.42464165672527,205.31641095610559,205.33566829598263,27518900
2020-01-06,207.5112762451172,207.54015491021366,204.31524823238857,204.56553489290675,21655300
2020-01-07,207.482421875,208.0696459491326,206.82781913743477,207.5883152224353,22139300
2020-01-08,209.04193115234375,209.99497129030985,207.12624423887158,207.45354561144848,26397300
2020-01-09,210.8131866455078,211.21750259673692,209.58098145441585,210.7650506465186,23547000
2020-01-10,210.2740936279297,211.66032820349986,209.8986563211332,211.64108555426068,21898500
2020-01-13,212.7000274658203,212.7289061318919,210.80358338553634,211.1405207417673,22756900
2020-01-14,211.86251831054688,212.95033037063425,211.53521696666027,212.59413567141934,24418100
2020-01-15,211.9491424560547,212.940682447054,211.25602512597123,211.978021120721,25742100
2020-01-16,213.98033142089844,214.01884609495397,212.55559695077292,213.00804889213782,18805000
2020-01-17,215.039306640625,215.21257864059965,213.82634388461395,214.94303462571878,24325200
2020-01-21,214.9430389404297,215.48212698101295,214.34619356536214,214.44245089315348,21146300
2020-01-22,215.510986328125,216.7431916501498,215.24144233199746,216.03083166997536,20736400
2020-01-23,216.2041015625,216.30037356977513,214.38467226174947,215.3858482568453,26496100
2020-01-24,214.38467407226562,217.4459447231068,213.39313408295115,217.21490071712287,37436500
2020-01-27,209.95643615722656,211.09236944455108,209.07077483169581,209.5424841584409,42264400
2020-01-28,213.18133544921875,213.67230209824288,210.88057559990997,211.43892089957654,26731900
2020-01-29,213.52793884277344,214.60611499136584,212.58453471275507,214.36544962326587,28924500
2020-01-30,214.28842163085938,214.38467895209246,211.48707358685505,212.15131226626292,39568100
2020-01-31,210.89024353027344,215.21258388868912,210.13935411159767,215.18370522132247,52015800
2020-02-03,214.07664489746094,214.56759691896625,211.77588475981935,211.9202780928953,25408600
2020-02-04,218.97654724121094,219.35198452662482,216.26183557049177,217.00308881724794,30691200
2020-02-05,219.6985626220703,221.6527638820413,218.37972134420056,221.61426389329836,38534800
2020-02-06,221.5950164794922,221.65277380971636,219.467528452275,220.24728178839402,22467100
2020-02-07,220.64195251464844,221.83565773621697,220.00659257305335,220.60345252835998,25884900
2020-02-10,223.30857849121094,223.31819981768638,219.852627399327,219.91038473627577,21478900
2020-02-11,223.3470001220703,225.2819583652385,222.7597762540458,224.54070519336162,30198000
2020-02-12,225.52267456054688,225.62856789472264,224.10756122612838,224.665906561869,24471300
2020-02-13,225.23387145996094,226.15801810640116,223.68398613863585,223.9535301346014,22773200
2020-02-14,225.8788604736328,226.09064714753535,224.82956311869074,225.59005912839783,23438500
2020-02-18,225.9654998779297,226.38907323212206,224.54076515941188,224.78143050256236,24394500
2020-02-19,228.13148498535156,228.6031943398197,227.04368763707714,227.3132316427599,22230500
2020-02-20,226.0135955810547,228.10256862440443,223.22188397395274,227.6308740369332,42604000
2020-02-21,221.67205810546875,225.27240255835417,220.75753265793549,224.88734385067116,66017200
2020-02-24,213.1235809326172,215.87679279055124,212.03576898194058,213.4027462416078,84522600
2020-02-25,207.32835388183594,215.6265040523048,206.72188726776398,214.9141294214852,97743000
2020-02-26,208.3969268798828,212.0550429818306,206.8759201700028,208.61834956856265,79537700
2020-02-27,197.96168518066406,208.33917366018667,197.82691317530848,203.0252787407927,121822600
2020-02-28,198.11566162109375,199.43450265624674,190.77055256805642,191.2230044700076,148173700
2020-03-02,208.33914184570312,208.48354984377673,198.25045625797992,201.08068262730416,112933900
2020-03-03,201.65829467773438,211.41005881468837,199.86774398634094,209.00340544932334,131953500
2020-03-04,210.07192993164062,210.17782325205556,203.47769478289422,205.35489588925387,73086200
2020-03-05,203.6894989013672,208.2813973693051,202.2551429797237,204.74843219637864,78705500
2020-03-06,200.2528076171875,201.34060489697507,195.33360778961634,197.02788638852982,89828400
2020-03-09,186.3423309326172,193.64892573479455,184.9368391521494,186.25568026308363,116424000
2020-03-10,196.4888153076172,196.67172332048196,186.44824945300695,193.60083116102874,100599200
2020-03-11,187.93075561523438,193.25427186687946,185.53372349306278,191.90655181167068,89168800
2020-03-12,170.69906616210938,183.65647580021508,170.3332502589184,175.29094884091242,137820700
2020-03-13,185.1582794189453,187.21837410798133,171.47886994366365,180.08506471110036,134882000
2020-03-16,162.97857666015625,177.78429888571935,162.8438046527912,167.64747559955362,92054400
2020-03-17,175.33914184570312,177.5051299343978,163.44064669091188,168.918192252125,121257100
2020-03-18,170.00595092773438,172.52811823197783,160.57186949892508,165.20226689783283,114156300
2020-03-19,171.02642822265625,176.63874595959146,165.22158114311028,169.12998408539326,120896500
2020-03-20,164.32632446289062,176.04191382185977,163.74873634345326,174.95411625351372,118983900
2020-03-23,164.44497680664062,168.0626503883391,159.1101006221059,164.8887365225988,124639800
2020-03-24,177.17913818359375,177.3431375763082,171.6706221843956,173.561465555149,94881800
2020-03-25,175.86712646484375,182.82269672163997,173.62898595657452,177.91231265868825,88754900
2020-03-26,185.1283721923828,185.9194437189423,177.13090991327815,177.38172993078925,79887600
2020-03-27,178.76126098632812,183.7874057618229,178.14384546533603,180.33373263115413,58845000
2020-03-30,185.26344299316406,185.69757553731253,179.76458287756057,180.45917728377884,49356900
2020-03-31,183.68130493164062,188.36016773929651,182.5236525554176,184.95473284972996,62659300
2020-04-01,175.8767547607422,181.03797314721095,174.47792441087148,178.24995427430997,53715400
2020-04-02,179.44618225097656,183.39186790261192,174.5840373099753,174.8445138290625,56465300
2020-04-03,176.8993682861328,180.46881715728819,174.8927640447332,179.00244968850615,47487600
2020-04-06,189.54678344726562,190.675495755822,182.51403299538356,183.75850613958147,64763500
2020-04-07,189.46957397460938,195.50868507557513,189.08369477137842,195.22891014093685,69904500
2020-04-08,193.49244689941406,194.0712657278729,189.2477018889726,191.1578290474795,45940400
2020-04-09,193.77220153808594,196.04892419321612,192.0067754575091,195.20962881995843,68252600
2020-04-13,195.8656463623047,196.24188378038906,191.73667659243273,192.94256764018388,42853900
2020-04-14,204.38406372070312,205.00147935205533,199.13602349403456,199.91743854242642,63959600
2020-04-15,202.03977966308594,204.35509904368442,199.81129561551657,201.12330551508464,47036000
2020-04-16,205.7250213623047,206.80549507582907,202.29064586973047,204.22007162693848,64657400
2020-04-17,207.69300842285156,208.86995919487663,204.5962886350872,208.5419603817808,62863200
2020-04-20,205.23300170898438,208.26219924335518,205.06900230315188,205.83111892088505,38249100
2020-04-21,197.66001892089844,203.70877272450335,196.44448600663557,203.16853587371983,72932800
2020-04-22,203.5254669189453,204.85677533483243,200.97862563660664,201.7214586373907,40089100
2020-04-23,203.0913543701172,206.8730269955325,202.68617673743162,204.3165290973986,43278500
2020-04-24,206.29417419433594,206.73794854331757,202.1073243259096,203.5254532684973,34231900
2020-04-27,207.9534912109375,208.98574098460935,206.93089798640045,208.5612649924583,36451700
2020-04-28,204.0367431640625,209.65137833959244,203.75698294826117,209.65137833959244,46862800
2020-04-29,211.27215576171875,212.2079285881546,207.54836283847436,208.56131447455314,48716400
2020-04-30,211.1852569580078,212.2753722799079,209.68030752785754,212.18855167132557,43359500
2020-05-01,205.23300170898438,209.02431586108833,204.210393799122,206.93089089908722,48795000
2020-05-04,207.62547302246094,207.8473528266269,203.67014497762716,203.99815849028087,32841000
2020-05-05,209.9793701171875,212.3718534949346,209.19795518431812,209.76713214525415,37783100
2020-05-06,211.27215576171875,213.24016388637955,210.4135617449259,211.65803508958078,36455200
2020-05-07,213.99261474609375,214.8704922656383,212.6420079030981,213.99261474609375,38624800
2020-05-08,216.92529296875,217.0603521546101,214.62927208878122,215.6615217181276,31852300
2020-05-11,218.8643798828125,219.8869730565774,215.37212439044205,215.60366075294203,35714100
2020-05-12,214.28201293945312,220.05100636516602,214.25307273166106,219.4625309394779,41054100
2020-05-13,211.60012817382812,216.68416937993587,209.06294320605824,214.80298213148262,65521200
2020-05-14,214.0022430419922,214.0408250771921,208.3683238004577,210.27845103036063,51549300
2020-05-15,215.39144897460938,215.44932939218967,210.62576498915945,211.0598828413621,55747200
2020-05-18,219.4046173095703,220.6105082670921,217.51378853157144,218.29520351678974,42398100
2020-05-19,218.85470581054688,221.73920184694722,218.7100048055211,219.665060879384,36237300
2020-05-20,223.22486877441406,223.58180775924146,221.38226400343152,221.40156237893086,37417000
2020-05-21,220.7938232421875,223.94843835442734,220.282526614009,223.27314230969628,43642900
2020-05-22,221.5559539794922,221.75853543214174,219.47217071585553,220.38864496818147,28762400
2020-05-26,220.9578094482422,225.32797190006696,220.71663125237555,225.12537573858546,33055300
2020-05-27,222.16371154785156,222.27948709749987,216.03779389841856,220.6201798492537,55665600
2020-05-28,221.87429809570312,225.2314944563368,220.96746572510492,221.02534613678586,42784300
2020-05-29,225.1253662109375,225.3569025684961,220.68768170666104,222.25052635957226,50691800
2020-06-01,225.8007049560547,226.1769424081336,223.8133986850556,224.2571731076787,25776000
2020-06-02,227.31527709960938,227.37315751116316,223.823006825593,226.22514694751698,33383400
2020-06-03,228.337890625,229.09036548290538,227.04517891735227,227.9230564380085,37228700
2020-06-04,226.73643493652344,229.39903680936783,225.43406684460547,227.9905644471948,38716100
2020-06-05,231.2319793701172,231.820454680359,227.31524833357355,227.88442526895665,47365600
2020-06-08,233.0264129638672,233.15181563588544,229.51485846068348,231.08733053874474,32937300
2020-06-09,234.7146453857422,235.56358270573824,231.9845061835832,232.16780398505347,35046300
2020-06-10,237.5315399169922,239.07508598051442,235.8818748775985,236.4028279301844,58084400
2020-06-11,225.76206970214844,234.99436256720242,225.70418929552545,233.6148304748629,72919400
2020-06-12,227.5564727783203,231.91696428101858,223.56256215041086,230.6531927971664,72034800
2020-06-15,230.32516479492188,231.00046076334,223.30205728267734,224.23782981046676,45307400
2020-06-16,234.28048706054688,235.76613815413336,230.66281440501248,235.1776628133525,48890100
2020-06-17,235.0233154296875,236.83698011008477,234.16472167105553,235.77579019701227,34749300
2020-06-18,235.66004943847656,235.90122764649206,233.93321994603943,234.70497843540934,30578600
2020-06-19,235.6214599609375,238.28406199401456,233.8946158026866,238.0235854158861,49422100
2020-06-22,238.44715881347656,238.5727795309669,235.20008666743954,235.48999197391447,24068700
2020-06-23,240.47659301757812,242.70895256967864,239.49088538804534,240.04172026973157,32767400
2020-06-24,235.51901245117188,240.95012181687974,234.02110437194023,239.72280187178637,46032400
2020-06-25,237.76101684570312,238.06059549512244,233.03536861977014,235.60597049212052,36940800
2020-06-26,232.1463165283203,237.69340305450055,231.62445742433064,237.51944510452128,52824600
2020-06-29,234.67823791503906,234.68791125631003,229.37276413064143,231.9047022245296,34377800
2020-06-30,239.27825927734375,239.8194355201418,234.42697553635264,234.61059206429056,38909200
2020-07-01,242.07115173339844,243.06653272793153,238.77575672441694,239.31693302288755,34689200
2020-07-02,243.71400451660156,245.72409837734443,243.25014123979867,244.51611034175,31956500
2020-07-06,249.7056121826172,250.22744172802933,246.84507556411904,246.8644074996349,34589000
2020-07-07,247.98544311523438,252.11194927639178,247.68586443037847,249.45437549713066,36578200
2020-07-08,251.25181579589844,251.28080632650773,247.8791229368149,249.30939126129002,30426300
2020-07-09,253.36822509765625,254.0350368253854,248.97116062467754,253.16529137370648,40312900
2020-07-10,255.09800720214844,255.34927807670732,250.546317886797,253.22320796556298,32885300
2020-07-13,249.8505859375,260.7224780969237,249.02914818707566,257.93926898540803,64108100
2020-07-14,251.6190948486328,252.02499184326626,244.26486240525014,247.3283185826136,72230500
2020-07-15,252.1313018798828,253.86114931324968,248.8359063917406,253.03003806067596,54523900
2020-07-16,250.41107177734375,251.0488929703051,247.0287054307238,249.34803645574152,47594100
2020-07-17,250.7010498046875,251.56112205959127,248.52667106417573,250.86531968295154,35137900
2020-07-20,257.813720703125,258.4418687863912,250.0922681199799,251.33889094169265,40610100
2020-07-21,255.12709045410156,259.3888760723057,254.28633544289957,259.3792027299571,43243800
2020-07-22,256.0258483886719,256.95360457640516,253.7258340975872,255.619980861951,29865500
2020-07-23,249.33840942382812,256.32539350200807,247.92745813276528,255.61994734837268,51363500
2020-07-24,246.97073364257812,248.29468380070477,242.87324769475924,245.50181607372636,54054500
2020-07-27,251.37754821777344,251.7640986056243,247.83091080706387,248.61368492733075,36445700
2020-07-28,248.17872619628906,251.11656138758613,247.88882086144542,250.59470229297185,31302400
2020-07-29,251.0392303466797,251.89933198193543,249.24175831041697,249.71528018175377,27556900
2020-07-30,252.35353088378906,252.9140243416056,247.9274463185594,249.0774532585277,41774500
2020-07-31,256.85693359375,257.01155960937103,252.08296226957665,256.97289573249157,53686300
2020-08-03,260.3262939453125,261.0704040599255,258.8670347613304,258.9926702529182,32081600
2020-08-04,261.2926330566406,261.3892779920553,259.079590850786,259.8237008188815,24911300
2020-08-05,261.94012451171875,262.3943292112802,260.8867624407989,261.77585464764775,21612100
2020-08-06,265.40948486328125,265.7380540741825,261.10903560421986,261.74685683428555,28048200
2020-08-07,262.345947265625,265.6413413677086,260.20055985428183,264.86821151701974,44969400
2020-08-10,261.22491455078125,262.8387990496852,257.70726980164903,262.6358358875512,35088400
2020-08-11,256.2770690917969,261.35061862362437,255.73589283442016,260.065302893434,43104300
2020-08-12,262.72296142578125,263.6700349284336,258.38387662217406,258.4322138522942,38773400
2020-08-13,263.3221130371094,265.5931072822826,262.3847130048665,263.49605626159166,31895700
2020-08-14,263.0129089355469,264.21122402301853,261.62130390213883,263.94063579385056,30799500
2020-08-17,266.0666198730469,266.569132278823,263.0514864545993,264.72332302121924,24803000
2020-08-18,268.6275329589844,269.10105480398965,265.6703807791961,267.1296396787266,23529500
2020-08-19,266.8203430175781,269.642185916782,266.3081573856884,268.5888241263631,31999400
2020-08-20,270.52166748046875,271.0048626981277,265.6220608953523,266.0279578546199,27723400
2020-08-21,272.3964538574219,272.8506585193085,270.06744948407925,270.7149440202601,34748900
2020-08-24,274.0973815917969,276.3877226869671,271.81668434852105,275.6629297078929,36418500
2020-08-25,276.2524719238281,276.44576188898145,272.8797773228318,273.3243088523947,34866600
2020-08-26,282.1473083496094,282.39857926912845,276.2233309949189,277.49897328985776,42216700
2020-08-27,281.26788330078125,283.97379381939345,279.00653355161637,283.12336564188365,49482700
2020-08-28,282.6982116699219,283.32635959628595,281.15198097217353,282.50492177324173,28021000
2020-08-31,284.9692077636719,286.7763531049731,282.78515600775756,283.2200434874042,36321000
2020-09-01,289.8398742675781,289.95583641788903,285.84867647361267,287.61715824965336,36216200
2020-09-02,292.58447265625,293.29959237322646,286.91176367732436,293.0869852287328,50836800
2020-09-03,277.7503356933594,288.5835664441863,274.8511637909795,288.08105393152505,110083300
2020-09-04,274.0490417480469,279.21923751445735,262.66496131176126,275.96250581161735,123959000
2020-09-08,260.8771667480469,268.8692067753301,260.596905202906,263.0708628979168,99568600
2020-09-09,268.54058837890625,270.6376391822243,263.82459816912103,266.3758831646691,64837900
2020-09-10,263.1867980957031,272.7154242272549,261.46662410129585,271.49776270032766,69667500
2020-09-11,261.3602600097656,265.9699309751441,257.92955686018064,264.9358863094109,71809000
2020-09-14,265.9120178222656,267.9027799251302,263.7859468911005,265.1388877146155,38525200
2020-09-15,269.68084716796875,271.0241437036458,265.88294075558133,269.6518566416104,41849900
2020-09-16,265.38043212890625,270.9371764795811,265.0325457691461,270.47332799990096,42321000
2020-09-17,261.2347106933594,265.177571313958,257.7170347987162,258.55778989114464,81570800
2020-09-18,257.9006042480469,262.9451633728137,253.80311834308048,262.65525804629056,86251100
2020-09-21,258.5190734863281,258.65435278987366,251.36776181400703,253.64845821276162,57168600
2020-09-22,263.3221130371094,263.9019237853836,257.5817506939973,260.9157804641727,41128900
2020-09-23,255.2816619873047,263.186727464168,254.4022432863004,263.0031109501181,48837300
2020-09-24,256.4703674316406,259.6691173588937,252.4405064083363,252.60480575598547,70631700
2020-09-25,262.4329833984375,263.2447478224257,255.41697942353812,256.9728833551039,55242400
2020-09-28,267.8834533691406,267.8834533691406,262.53931518411497,267.28426649719216,58438300
2020-09-29,266.67547607421875,268.3763033367359,266.11495305655995,267.322941207844,27050000
2020-09-30,268.5019226074219,271.64269161107853,266.5981322162988,266.8687203661687,49380800
2020-10-01,272.7636413574219,273.372471918658,270.4346373731467,272.31911011107854,50020200
2020-10-02,265.090576171875,272.7540457725868,264.24982115406823,266.74309567211236,75497400
2020-10-05,270.7439880371094,271.06288395160846,266.94608014130233,267.0523689488354,28184600
2020-10-06,265.9120178222656,271.73935145189307,265.0325989140063,270.05784139208856,49704200
2020-10-07,270.51202392578125,271.3044416697659,267.96073901764834,268.5502525196212,27539700
2020-10-08,271.951904296875,272.97627567976207,270.88886904334345,272.9086212791073,25443300
2020-10-09,276.107421875,276.18474963056843,273.2082503710338,273.59480067318304,30201100
2020-10-12,284.6309509277344,287.46246759827847,279.7410180761956,280.7847066862767,79370700
2020-10-13,284.62127685546875,287.06624327495626,283.2586629153269,286.42845159325793,64240000
2020-10-14,282.2439880371094,286.389811260261,280.50449705117353,285.423420825431,36949100
2020-10-15,280.3498229980469,280.9393069061614,276.90947599898783,277.5472971156975,42514200
2020-10-16,278.81329345703125,283.4132915368663,278.4653775900794,281.992696521591,40570700
2020-10-19,274.26165771484375,281.68356040299943,273.28562320201286,280.7268135943955,36756800
2020-10-20,274.85107421875,277.95317888560766,273.44015261046803,274.9960268682495,32195400
2020-10-21,274.6385192871094,277.6633262788834,274.1553240358202,275.1023973454302,29306100
2020-10-22,274.6287841796875,276.36830438824296,271.38172697740964,275.4695390091383,32196200
2020-10-23,275.1699523925781,275.33425171273075,272.30944548904887,275.198942920618,24658500
2020-10-26,271.04351806640625,275.71117074606025,267.4582179216346,272.88932727895894,38421100
2020-10-27,273.15997314453125,273.9814110607586,270.7826605035529,272.03895649879405,30559100
2020-10-28,262.5103454589844,269.27507936827647,262.2590744763743,268.6662485977363,53413500
2020-10-29,267.1006774902344,270.0964643686435,263.3607215795069,263.824599624501,43246300
2020-10-30,260.3262939453125,265.9893284745817,258.093934109574,265.1195828683809,65838300
2020-11-02,260.9061279296875,264.3271291982488,257.9972829744233,262.71327351609733,39987400
2020-11-03,265.4190979003906,267.5161778902707,261.73715310709935,262.81950555662746,43604100
2020-11-04,277.2670593261719,279.06453122410136,272.39644369620936,274.0586362806946,75728200
2020-11-05,284.4956359863281,285.4620262231915,282.1859491641176,283.664525046843,52054200
2020-11-06,284.70831298828125,285.4331059191332,280.0889672219941,283.8385673696389,40959800
2020-11-09,278.8906555175781,289.0860938892739,278.43645076273805,287.64615186245305,86537100
2020-11-10,273.8943176269531,277.0254123708619,271.18840742945133,275.58550044093386,69024900
2020-11-11,280.0212707519531,280.4947925750533,273.85569574340076,276.41662421306324,36102900
2020-11-12,278.7069091796875,282.25357395340086,277.5955664222403,280.9876052352474,34414600
2020-11-13,281.1518859863281,281.77038985322787,278.19473441594687,280.4174495092442,24806900
2020-11-16,283.345703125,283.64528181718896,280.2435684216537,280.8523991483272,30168400
2020-11-17,282.4469299316406,283.8675250915629,281.80910868719633,283.53895587325457,21843500
2020-11-18,280.3594970703125,283.5099391249952,280.27252547573397,281.8960837168814,28069600
2020-11-19,282.5532531738281,282.8625052053879,279.14189596015774,279.8087077505035,22718400
2020-11-20,280.62042236328125,283.2200146512224,280.5334507745859,282.4758752392317,25907300
2020-11-23,280.630126953125,282.91079417792025,278.38809411079086,281.6158345599932,26875600
2020-11-24,284.5729675292969,285.06583604517687,279.8956417745686,281.69311366936597,24516800
2020-11-25,286.3221740722656,286.9599953366419,284.6889717798242,285.63604508000066,23326800
2020-11-27,288.96044921875,290.08146580130943,287.8877403671693,288.2839640336523,17163100
2020-11-30,289.54986572265625,289.88810823626227,284.87254006825106,289.2792776101499,27836200
2020-12-01,293.2608642578125,294.8844227746876,290.7192524254335,291.82095179431667,27521300
2020-12-02,293.6376953125,293.9759378121451,290.2553292998312,292.09146495118745,23620000
2020-12-03,294.0533447265625,295.5995756592862,293.3285517417141,293.94705591156435,22828700
2020-12-04,295.2516174316406,295.3965996013808,293.4251547070318,294.1016103675952,19332100
2020-12-07,296.9234619140625,297.2906949990062,295.25159584014904,295.4352123826209,20851000
2020-12-08,297.9285583496094,298.228137068231,294.7008173711153,296.4499819508995,18341500
2020-12-09,291.18304443359375,297.99608391256794,290.12000925815147,297.71585197368455,48839300
2020-12-10,292.3525085449219,293.4735253135812,288.0714047546472,289.15375763696545,27519500
2020-12-11,291.70489501953125,291.8305304673564,288.43849134363336,290.699840928819,26760400
2020-12-14,293.8213195800781,295.7637440584094,292.82593873547404,292.8935636436746,28804800
2020-12-15,296.96221923828125,296.96221923828125,293.88907426620466,296.07312677958816,25709000
2020-12-16,298.5953369140625,299.37811083246515,296.3146400776585,297.35835829679314,25461900
2020-12-17,300.5473937988281,300.7793180415245,298.9915195175857,300.18983409404035,23730500
2020-12-18,299.6390686035156,301.49455154140685,297.2713998246905,301.18529946977486,41173400
2020-12-21,299.0783996582031,299.6108658688817,293.92787781585747,296.6967493839383,37095500
2020-12-22,299.8916931152344,300.81141034243274,297.07439618312935,299.97882235494683,26176300
2020-12-23,298.3814392089844,300.2983418646353,298.22653291084043,299.94013397627043,21201300
2020-12-24,299.69805908203125,300.14339616488587,298.56534939699964,298.6427877632281,16785000
2020-12-28,302.7186279296875,303.19303759184373,300.4725314399049,302.30233396818903,22497700
2020-12-29,302.98968505859375,304.6645812057286,302.08932016967725,304.04495619915394,25871900
2020-12-30,302.99945068359375,304.4710161192308,302.37982552415474,304.1515422088258,18138100
2020-12-31,303.7449035644531,304.22897463129027,301.8280010488041,302.902624635413,21611400
2021-01-04,299.4560546875,305.24555554776396,295.4576227654511,305.0712675012697,45305900
2021-01-05,301.9247741699219,302.19588231521544,298.4685294069981,298.4685294069981,29323400
2021-01-06,297.742431640625,301.9441648364743,296.23213231844335,297.2196266305306,52809600
2021-01-07,304.9454345703125,305.7780226635541,300.36611142141976,300.39515450501295,30394800
2021-01-08,308.8664245605469,309.2149711383358,305.04225080878547,307.23026177468654,33955800
2021-01-11,304.4032897949219,307.08503310784016,303.75462150760245,305.9135892944069,32746400
2021-01-12,303.9190979003906,305.5261873468905,301.2857509268809,304.44187321874136,29266800
2021-01-13,305.9715881347656,306.7654420740711,303.5802763522072,304.1805196299968,22898400
2021-01-14,304.3355407714844,307.4142262235042,303.86113094918653,306.417040826956,23500100
2021-01-15,301.9247741699219,305.08092679773813,300.68555349227927,304.12247559532705,35118700
2021-01-19,306.329833984375,306.83325722127717,303.14463832144224,304.23864358090657,24537000
2021-01-20,313.4553527832031,314.3944517891422,306.42666132440587,309.9410218264804,30728100
2021-01-21,315.96282958984375,316.70831788759295,313.41664078151587,314.7913859659749,25130600
2021-01-22,315.0528869628906,316.0597337036347,314.36548464262086,314.92702373395787,21609400
2021-01-25,317.6570739746094,319.79668917864336,311.1705399641472,318.4316053421389,39080600
2021-01-26,318.12176513671875,319.2545042371562,316.795415370245,318.37349150244887,25498100
2021-01-27,309.2536315917969,315.8757201748006,307.2495703041456,315.8660588444002,55264000
2021-01-28,311.0834655761719,316.0209968128758,309.8345538382475,310.45417904152515,42836300
2021-01-29,304.5386962890625,310.5024535975397,302.7960527868326,309.3987577128749,55259000
2021-02-01,312.1484069824219,313.2327214700414,305.9522735468466,307.9756871077355,35646000
2021-02-02,317.2408142089844,318.3929057368792,314.94632202925646,315.1109191955359,33930800
2021-02-03,315.98211669921875,319.6804253641339,315.9240305564477,319.31252676302245,24824500
2021-02-04,319.7192077636719,319.8063369990852,316.0596321495655,317.3763206460709,22350900
2021-02-05,320.8035583496094,321.81043442600395,319.03187127190756,320.6680338165414,22732000
2021-02-08,322.95281982421875,323.10772610139503,320.8519680704715,322.4881305380413,20462800
2021-02-09,322.8851318359375,324.14370494507085,322.01378017307627,322.02347105010796,17597500
2021-02-10,322.1492919921875,324.7729488774115,319.00283008692946,324.31792089699087,28068700
2021-02-11,323.92095947265625,324.32759214036884,321.5393382627716,323.6789239561336,22046100
2021-02-12,325.7314147949219,325.89598240320623,322.033104956612,323.07868540357345,20346800
2021-02-16,324.8504333496094,327.41600420174075,323.6886509226213,326.5253004016693,27080800
2021-02-17,323.2917175292969,324.9666141704549,319.6515229506811,321.87823819098367,31360300
2021-02-18,321.878173828125,323.23356672708246,317.89909482097755,319.7095451897931,32236200
2021-02-19,320.474365234375,323.3497482551594,319.45782791752555,323.22388506357134,39157700
2021-02-22,312.1677551269531,317.35698283456264,311.96445354950856,316.0984098661009,47256900
2021-02-23,311.2383117675781,312.90351724809113,301.0921726135977,306.90102481836163,97241900
2021-02-24,313.8039245605469,314.1137371441251,305.8941900752673,308.5856241112255,58206300
2021-02-25,302.86383056640625,313.70703212959273,301.3244884248278,311.151152767555,110182600
2021-02-26,304.1321716308594,308.9438094751332,300.97601894949236,305.7876863391182,104739800
2021-03-01,313.2810974121094,313.61995305490194,307.8111004768083,309.0987164649975,49164500
2021-03-02,308.25653076171875,313.9976080378478,308.00483383141346,313.92016964668335,48370000
2021-03-03,299.31085205078125,308.10157040167365,299.25276588125433,307.16247126718065,86301100
2021-03-04,294.4119567871094,302.09900581292595,290.5490505272397,298.9428537741916,139131600
2021-03-05,298.84613037109375,299.746495535747,287.9739122589407,297.0260182885546,121523700
2021-03-08,290.38458251953125,300.1821771494048,289.96828845196154,298.30397886158335,88409800
2021-03-09,301.8376770019531,303.73525694853805,297.1422110624417,297.67467744361676,80391100
2021-03-10,300.97607421875,306.387985973286,300.2887014783937,306.0878642326224,76798100
2021-03-11,307.90789794921875,309.66989398051334,304.8195225253842,305.7101966431199,53484800
2021-03-12,305.4101257324219,308.0918984967529,301.4698094897482,303.86109232570243,69315600
2021-03-15,308.6726989746094,308.8372961135576,304.0934062516041,305.729568585238,42955700
2021-03-16,310.366943359375,313.871642149708,308.93411213610096,310.8607052243403,54925900
2021-03-17,311.6449279785156,313.53281684257354,305.6230830912627,307.3367134727356,78258700
2021-03-18,302.09912109375,307.75306838433755,301.6440930467072,306.77523524071523,82718100
2021-03-19,303.1640930175781,304.70343572412764,299.794947188209,301.9345333915486,78446200
2021-03-22,308.849365234375,310.914117396103,305.5535301852278,305.5535301852278,56194800
2021-03-23,307.5019226074219,311.25335988892084,306.68765967352556,309.9350378767081,53455400
2021-03-24,302.31585693359375,308.90755666394017,302.17045810055293,308.86877378090526,64803700
2021-03-25,301.79241943359375,303.3046561849449,297.9731482079596,300.4740971153322,78729000
2021-03-26,306.31927490234375,306.63915226798906,300.1832087727299,301.5790668600298,63519600
2021-03-29,306.23199462890625,307.2788954499106,302.89737781731935,305.7860951665027,54608000
2021-03-30,304.6907653808594,305.2626870898659,301.9959322932917,304.2739455970751,44635700
2021-03-31,309.3534240722656,310.91408735554086,306.1351255168878,306.47440914710774,55032500
2021-04-01,314.62677001953125,314.76246572139036,312.9206783435734,313.17272268188594,55685600
2021-04-05,320.90826416015625,321.67407077598705,316.86602876786066,317.10837001238053,42172500
2021-04-06,320.685302734375,322.633706063615,319.90979306618453,320.598063443454,33537200
2021-04-07,321.46075439453125,322.29442351628467,319.2796835663621,320.2102655032343,32046400
2021-04-08,324.8148193359375,324.9990010571739,323.5158737532568,324.31076017304844,29940800
2021-04-09,326.7825622558594,326.9861501688162,322.72095085143667,323.45764800289913,36664900
2021-04-12,326.3561096191406,326.7729294463772,324.4755392559447,325.74540496949743,25833000
2021-04-13,330.1656799316406,330.6309561353368,327.6647020061011,327.8779634603512,30374000
2021-04-14,326.20098876953125,330.53405101338524,325.3867258114292,330.40802884439285,42564300
2021-04-15,331.1446838378906,331.53245341080236,325.91982312701936,329.0702586196048,36342800
2021-04-16,331.5324401855469,331.74570160907507,329.6615437771417,331.6681358645209,40860100
2021-04-19,328.4983215332031,331.1155885314801,326.57896873500243,329.96207172902274,34533100
2021-04-20,326.10406494140625,329.1187757229305,324.1362552848905,327.8392364774025,38081800
2021-04-21,328.8958435058594,329.08002521372185,323.7388148510512,324.824498866238,36598100
2021-04-22,324.93109130859375,329.4870880981797,323.7775448352505,328.5080497708654,45936100
2021-04-23,329.0218200683594,330.33043890861984,325.5611805627224,325.5611805627224,36381900
2021-04-26,331.1640930175781,331.4452170856451,328.5177165304616,329.2641463405706,30812000
2021-04-27,329.7294006347656,331.66813005738095,328.77944215058864,331.4548686375867,33187200
2021-04-28,328.61468505859375,330.4080159525857,327.9651975909243,329.3998682226513,33615700
2021-04-29,329.79730224609375,332.29825048050515,326.57900392431367,331.88143070521437,37708900
2021-04-30,327.6356201171875,329.8360972860039,326.7244147806382,327.35452560683456,38263400
2021-05-03,325.8907775878906,329.58405537117176,325.4448780314179,328.8376550720035,29729700
2021-05-04,320.026123046875,323.6612412033449,316.21649673606737,323.3413342392819,65147000
2021-05-05,318.95013427734375,322.9342394294813,318.17465418454293,322.0714904622713,46219300
2021-05-06,321.3541564941406,321.5092584227656,316.4491726342146,318.6884031101518,46814300
2021-05-07,323.96173095703125,326.33665698916013,321.52861582031727,324.12650640824586,53324500
2021-05-10,315.7802429199219,322.75965076237094,315.57665504063726,322.5851722224087,60700500
2021-05-11,315.34405517578125,316.1389413976423,309.2467424078614,309.90593294309514,71963600
2021-05-12,307.18206787109375,312.73651000523404,306.31931888089315,310.4197431979524,91164900
2021-05-13,309.5569763183594,312.52323047581723,307.19172365150604,310.1192245133992,69877800
2021-05-14,316.3909912109375,317.30216690670983,312.2130017076869,312.7170903364963,44370000
2021-05-17,314.4716491699219,316.3715959603401,311.60233754605224,314.6849106165879,39395000
2021-05-18,312.3487548828125,316.64303422977486,312.07733389792406,315.4216545891111,36528500
2021-05-19,312.7073669433594,313.0078676452013,306.61005446478663,306.9590411530746,66319100
2021-05-20,318.7561950683594,319.60924077447305,313.967560459338,314.1904954170739,46466100
2021-05-21,316.9920349121094,320.7240662227808,316.63337462159143,320.30724640313395,50330400
2021-05-24,322.3235168457031,323.4479836254808,316.8853646355601,319.2796970065807,32475800
2021-05-25,322.7694091796875,324.5530369200139,321.59648601653095,323.8357164110421,31280300
2021-05-26,323.8938903808594,324.3591665878998,322.7500469283273,323.43828770635344,25444900
2021-05-27,322.68212890625,324.2912778723172,322.4785706006059,323.4479353091286,27931700
2021-05-28,323.699951171875,325.2897234992017,323.38007383329324,323.8841328337644,29927400
2021-06-01,322.6240539550781,325.5030690773311,321.27662245737076,325.0280601294368,31145400
2021-06-02,323.2541198730469,324.0974626171343,321.53835462068525,323.0408584081203,22047900
2021-06-03,319.890380859375,321.69338516999375,318.2230722364377,320.42351966107435,37057800
2021-06-04,325.3188781738281,325.7647777608782,321.6158970214758,321.6837596667815,38736500
2021-06-07,326.2881774902344,326.3463370080372,324.0974037107796,324.7856443932228,32611900
2021-06-08,326.4432678222656,328.89575934486305,324.76625623131565,328.0330105569418,27282800
2021-06-09,326.5208435058594,328.5855953125596,326.3366618228329,327.81011528704465,21485300
2021-06-10,329.92340087890625,330.0300168347859,326.4143041290614,326.8602037691761,33702100
2021-06-11,330.7861022949219,330.7958054113523,329.28359838179995,329.933056363857,21222800
2021-06-14,333.95587158203125,333.9655451136697,330.02992645276777,331.21255267389915,27827700
2021-06-15,331.7748718261719,333.91716017662094,331.05752161544734,333.60695627915476,35963800
2021-06-16,330.5631408691406,333.3064305766439,327.11220412020464,332.2401232480019,55399500
2021-06-17,334.7605285644531,335.76867651691026,329.50658646954747,329.55504288980995,59722700
2021-06-18,332.13348388671875,334.2466921636833,331.3870540179676,333.10284873846405,55414900
2021-06-21,334.1976623535156,334.51794039002993,330.1119109228464,332.32462521783617,32992600
2021-06-22,337.31298828125,337.75940508657436,333.69305236731316,333.99390169448657,28941600
2021-06-23,337.4778747558594,338.62307441836913,336.64326833463394,337.2546812146828,27188500
2021-06-24,339.5646057128906,341.08825181025344,338.86585204635196,339.4093238295497,32581600
2021-06-25,339.147216796875,340.3700429160233,338.5455181087182,340.1274205664771,28682800
2021-06-28,343.2717590332031,343.40764175017654,340.3700055288033,340.42823251693966,39130300
2021-06-29,344.513916015625,344.5430295039361,342.2624038132852,343.0970102228554,29426000
2021-06-30,343.97052001953125,344.74692923994303,343.3882205084683,344.35870982124544,32724000
2021-07-01,344.10638427734375,344.6110280307985,342.27214535845417,343.6211396469897,29290000
2021-07-02,348.0562744140625,348.3765228310219,345.7659044123315,345.9988123519383,32727200
2021-07-06,349.5605163574219,349.8419665254549,345.9696943777668,348.65796848615605,38842400
2021-07-07,350.2981262207031,352.05470949206136,348.34743324169887,351.7538601770984,35265200
2021-07-08,348.1824645996094,349.03649999370606,343.96085948535847,345.24188295951797,50890000
2021-07-09,350.3563537597656,350.83188404216685,347.01786817849813,347.60016768536724,35184500
2021-07-12,351.7247619628906,352.1808931403898,350.18165783912826,351.753875458604,25717700
2021-07-13,351.7247619628906,354.68474262269365,350.8707265993189,351.3462569016323,39723000
2021-07-14,352.35565185546875,354.7042200064748,351.53072980560654,354.06369334247563,35336400
2021-07-15,349.88079833984375,352.4720178509438,347.88159271368477,352.2682233868746,53391600
2021-07-16,347.0470275878906,351.7150793969607,346.69763599075077,350.7348755909981,47262000
2021-07-19,344.20343017578125,344.69835954632407,341.65103874777697,343.6017019715255,64404600
2021-07-20,348.201904296875,349.6479240427904,343.35914199321553,345.13515420203834,42183700
2021-07-21,350.8901062011719,350.8901062011719,347.5516206658584,347.7748438652309,30259900
2021-07-22,353.2096252441406,353.21930999848774,351.0939358655894,351.0939358655894,30252200
2021-07-23,357.3341369628906,357.61555750798505,353.1804443520867,354.52940894558446,31960800
2021-07-26,357.61553955078125,358.00375890669227,355.78133044710984,356.645050394961,28438100
2021-07-27,353.67535400390625,357.353516177006,349.531375993439,357.353516177006,57933100
2021-07-28,355.0340576171875,356.6062750287339,352.5204940964089,354.81086405189757,42066200
2021-07-29,355.6649169921875,356.82948634161215,354.47120453246976,354.47120453246976,25672500
2021-07-30,353.8113098144531,354.3936093484703,351.71504926218205,351.74416275803367,36484600
2021-08-02,353.8403625488281,356.0530767045384,353.1318947821172,355.4707772705137,27334100
2021-08-03,355.98516845703125,356.1016224312695,351.31711741542796,354.50032105152934,35558500
2021-08-04,356.4994812011719,357.4505712313358,354.8399530455908,355.9462952769854,29602200
2021-08-05,358.7607727050781,358.9936806467521,356.6062853936496,357.3147235885684,21443900
2021-08-06,357.1886291503906,358.46968232861104,356.0822865815548,357.4991928815327,33332100
2021-08-09,357.8485107421875,358.37255361139034,356.54805870512257,357.6446866760717,25960200
2021-08-10,356.0142822265625,358.65401424027687,354.8302841259189,358.36287930445565,35130800
2021-08-11,355.4029846191406,357.77098158915265,354.0734186189682,357.27605203758714,34249800
2021-08-12,356.68389892578125,357.04297519552864,353.5492081086965,354.89820232961824,25969200
2021-08-13,357.9359130859375,358.2658759329415,356.53840595922236,357.0333650382217,19336200
2021-08-16,358.0911560058594,358.12995425400317,352.96697363746,356.8198173800413,34856900
2021-08-17,354.9371032714844,356.31518165085123,352.5108797417673,355.3446922389644,44793900
2021-08-18,351.52093505859375,355.80079659606537,351.19097223749185,354.4032895790549,38541900
2021-08-19,353.2192687988281,354.8885115391661,349.3373116926452,349.5896483819814,48499400
2021-08-20,356.8780517578125,357.2759559368995,353.97626852339454,354.2868322168747,39486000
2021-08-23,362.21575927734375,362.90479843928557,357.9067840926924,357.9164688468706,34034700
2021-08-24,363.32208251953125,363.9237811600913,362.341878827467,362.8077243638605,21732900
2021-08-25,363.7393798828125,364.31199463604713,362.82711756621313,363.5744132863753,20441900
2021-08-26,361.4296569824219,363.56471578355405,360.9929249278574,362.88539100832384,29133300
2021-08-27,364.9427795410156,365.4474232801606,361.57518071717175,362.0604253337661,27104700
2021-08-30,369.038330078125,369.5235748062067,365.70952873457384,365.7289574785693,27295700
2021-08-31,368.7374267578125,369.3488101474605,367.19432268536974,369.28089840437747,29628200
2021-09-01,369.3487854003906,371.4159322397432,369.14499095082925,369.79523177921465,28138300
2021-09-02,369.17413330078125,371.02777146554007,367.9610216445504,370.69780864908336,25453400
2021-09-03,370.3096008300781,370.70750498800527,368.0095459804599,368.02894510390183,24605400
2021-09-07,370.8336486816406,371.4838895379319,369.26146076930337,370.4163453946835,23970200
2021-09-08,369.5429382324219,370.65899507579223,367.28171104948837,370.65899507579223,32949200
2021-09-09,368.27154541015625,370.87244941105996,368.0289231052142,369.766107101354,29399000
2021-09-10,365.4765625,370.69779968081804,365.14659969152603,369.9796470751384,40249400
2021-09-13,365.2242126464844,368.2327352961627,363.17649451023095,367.8057176495254,48741800
2021-09-14,364.1858825683594,367.43699855087266,363.23479223980155,366.7091314592077,41826600
2021-09-15,366.8935546875,367.2429463188661,362.35167079867114,364.64204148854424,34097900
2021-09-16,367.14581298828125,367.71839813414806,363.6423607524732,365.56391065491147,35193100
2021-09-17,362.7980041503906,366.71878923852006,361.7596031021072,366.6702766200241,60912300
2021-09-20,355.301513671875,358.7505593220141,350.667127281048,357.0114487825912,76203200
2021-09-21,355.7386169433594,358.3229841141822,354.61159767451653,357.12794816062376,41927500
2021-09-22,359.06134033203125,360.5186880599965,355.5539747154909,356.65184808119517,46972900
2021-09-23,362.3743896484375,363.4042463619607,359.5762772004437,360.21751377392695,44652000
2021-09-24,362.7144470214844,363.13224261893384,359.74145968515217,360.1106592295025,36056800
2021-09-27,359.8192138671875,360.69361670499325,357.2737175316514,359.6734850025232,43338100
2021-09-28,349.63714599609375,359.77056340071175,349.13194279172444,355.2722416593605,97701600
2021-09-29,349.06396484375,353.0376631925343,348.44217849629433,350.9002374139958,58076600
2021-09-30,347.781494140625,352.36728337983305,346.945962244198,350.7059150777573,61384600
2021-10-01,349.93841552734375,350.9779976120067,344.3033481176545,348.4033552549904,56375500
2021-10-04,342.5932922363281,348.65584917444676,340.35870429177703,348.32552058741487,76766000
2021-10-05,347.21795654296875,349.4622696577363,343.4288584043883,343.652299412036,47232900
2021-10-06,349.44293212890625,349.7149692484246,343.10830689611487,344.01185558060564,56806500
2021-10-07,352.6490478515625,355.29170657655396,351.94951966995245,352.48386870945467,39411200
2021-10-08,350.8905334472656,353.9606834069778,350.35615473302096,353.7274875690188,41822300
2021-10-11,348.1993103027344,352.8725371338533,348.11184333183206,349.3554457591394,34847200
2021-10-12,346.98486328125,350.0841294694706,346.3436265923632,349.6469428519261,43905100
2021-10-13,349.76348876953125,350.4338711616583,347.26655896985903,349.2874312866479,40120800
2021-10-14,356.2049865722656,356.4187321217917,352.68792497082467,353.3485822512437,43433900
2021-10-15,358.4493103027344,358.56589339676304,356.3895965753738,357.41945343905405,40419900
2021-10-18,362.0538330078125,362.2675785774531,356.5547693978069,357.1571351895697,34513500
2021-10-19,364.79364013671875,364.8422065438889,362.10241481338824,363.12254656253174,29091000
2021-10-20,364.31756591796875,365.8623511829623,362.84076768993475,365.25026030158716,31390300
2021-10-21,366.54241943359375,366.7367443478896,363.21968280779555,363.52086567008075,25469300
2021-10-22,363.4624938964844,366.25088086720007,361.80112595030903,365.2890409483321,36275800
2021-10-25,367.1836853027344,368.096959102957,362.93794947075344,364.8810801691298,32597800
2021-10-26,368.3398132324219,371.8277289256972,367.16422758060594,369.41826607898804,47191300
2021-10-27,369.1947937011719,372.2552182979416,368.5244113090448,368.78672325168736,45760500
2021-10-28,373.29473876953125,373.5473551799944,370.32175197644,371.0892966968225,38007000
2021-10-29,375.131103515625,375.29628268005507,369.87496077730646,370.2247100904669,37310100
2021-11-01,376.4134826660156,376.5397908807335,373.4890916975087,375.5682257211383,30765300
2021-11-02,377.9873352050781,378.46342219656395,375.75274766068503,375.80131404868115,25135300
2021-11-03,382.00006103515625,382.41782702389656,377.4337216341692,378.4732740352497,33748900
2021-11-04,386.896728515625,387.8488731677204,382.719009655053,383.2630838420163,40265300
2021-11-05,387.26593017578125,389.5879557988873,385.8668737874535,388.664986564109,43383800
2021-11-08,386.74127197265625,388.25691143350406,386.10003533155617,387.23677975210165,29256300
2021-11-09,384.0792541503906,388.20840724129505,382.71906847393984,387.81006185572306,50490700
2021-11-10,378.4344787597656,384.1181130852448,376.5107684397136,381.3103042722085,54937400
2021-11-11,379.48370361328125,381.5822883113041,379.1436498134024,381.40741366559087,32243000
2021-11-12,383.4767761230469,384.011125095005,379.03671627670747,380.63006770296744,34730600
2021-11-15,383.3893127441406,384.97296869555885,380.95070435957723,384.6523652393564,33716900
2021-11-16,386.1194763183594,386.6149544360584,382.4663814751148,382.66067673603766,27872900
2021-11-17,386.3234558105469,388.3540234185503,385.36161579881247,386.4400388847189,28703300
2021-11-18,390.3263244628906,390.8315276998978,386.1486059054176,388.36377340586023,45721500
2021-11-19,392.5026550292969,393.77540319697215,391.1327444019126,391.9585808347099,45191700
2021-11-22,387.9460144042969,397.08844748180036,387.83915645266666,394.03774784218194,61715400
2021-11-23,386.177734375,388.84953859201204,381.7473995725945,386.7897955261428,70098700
2021-11-24,387.4213562011719,387.70308876680224,381.37821935323643,383.70024480865015,46954400
2021-11-26,380.0763854980469,386.2361064003588,378.68702448181364,384.84674538412554,51533300
2021-11-29,388.3249206542969,389.33535682537865,383.90431058676927,384.63298453085525,54447100
2021-11-30,382.6218566894531,389.78228826501027,380.6107093860575,387.440812314893,81332700
2021-12-01,376.11236572265625,389.0924939464996,375.64603334024446,386.9550383610428,77766500
2021-12-02,378.8230895996094,380.6010413339081,373.411462906693,374.8299401671046,84416600
2021-12-03,372.23583984375,381.1839484767018,368.1261077111133,380.18323734532777,105349100
2021-12-06,375.218505859375,376.5786912592903,368.51468201368897,372.7215760878553,67588800
2021-12-07,386.51776123046875,387.1298520358076,381.81538933285583,381.85426024187535,56005300
2021-12-08,388.2471923828125,388.4512424421491,384.9536014584753,386.8481656391627,39204000
2021-12-09,382.53436279296875,388.8203905916405,382.340037900193,387.0229891078201,49973700
2021-12-10,386.69268798828125,386.95499992733414,382.17488593364493,385.3421980821005,52545800
2021-12-13,381.106201171875,387.0035798094843,380.73700162639506,386.6829763172521,50166400
2021-12-14,377.1617126464844,378.9979558954656,372.72165150529594,376.28728003763007,75199200
2021-12-15,385.760009765625,386.11951385042335,372.96451072965965,376.909063672621,73858000
2021-12-16,375.8402404785156,387.1492724970688,374.2565846183747,386.7217814802278,82591400
2021-12-17,373.9652404785156,378.123539191252,370.9145109003366,372.4301505475138,80492500
2021-12-20,370.33758544921875,371.1255560766206,367.20514837555993,369.24804728232675,65336800
2021-12-21,378.62591552734375,378.9372206550842,369.86095132660364,373.6062316713703,48899500
2021-12-22,383.2370300292969,383.44131102709355,377.6725771503509,378.3340782683433,37042200
2021-12-23,386.126220703125,387.5951377661711,383.42182085959166,383.5871812759535,29595500
2021-12-27,392.50787353515625,392.50787353515625,387.3909031979328,387.4200861977094,32820700
2021-12-28,390.6886901855469,393.5779258347806,389.8131705286223,393.40282784093364,33113700
2021-12-29,390.63031005859375,392.08951932991863,388.2566606022235,390.82488316984586,32248500
2021-12-30,389.4630126953125,392.595450205438,388.8793229709508,390.4163438803338,23850100
2021-12-31,387.03094482421875,390.15364435086724,386.53480417213575,388.7917216357938,34752900
2022-01-03,390.75677490234375,391.0097140063851,386.0873171654606,388.19828992742805,40575900
2022-01-04,385.6885070800781,391.34050919275626,382.59499023423507,391.30158862899646,58027200
2022-01-05,373.8396911621094,385.12424866501397,373.5867520579978,384.00549782002093,75739800
2022-01-06,373.57696533203125,376.81642607500663,369.79276526856927,372.02049941593384,70814300
2022-01-07,369.5301513671875,375.26973173594047,367.7596666339239,373.58676631105357,72652300
2022-01-10,369.77337646484375,370.288992287326,359.267080640251,364.6272526796805,91770500
2022-01-11,375.3280029296875,375.4933633179255,366.9618657290752,369.0436550476414,68295700
2022-01-12,376.81646728515625,379.5889707439038,374.54010446184316,377.89626785911645,54576400
2022-01-13,367.3899841308594,378.8788226987878,366.4560985140958,378.19784650025264,77994000
2022-01-14,369.6760559082031,370.0068064199914,364.6660807383496,364.8703913946755,80121200
2022-01-18,360.4733581542969,365.98918287000924,359.71457043714145,363.8684722871507,75450900
2022-01-19,356.5140380859375,364.5007689267913,356.25136140354783,362.029832788458,81791500
2022-01-20,351.88348388671875,363.70307408651166,351.3484523152494,359.734037581992,88610700
2022-01-21,342.1262512207031,352.3309798433953,341.8441290801608,349.6946830737125,143388900
2022-01-24,343.69244384765625,344.35397467492515,325.0632096858729,336.5034209388335,198685800
2022-01-25,335.7251892089844,341.484215932367,332.38847051367037,337.24279444579196,124398400
2022-01-26,335.1997985839844,347.17503907067993,331.51285522302607,343.3129977401189,146559500
2022-01-27,331.82415771484375,341.717578860409,330.8026935247298,339.89843625241,95255700
2022-01-28,342.23321533203125,342.4472338873204,328.7598729741147,333.7017154948516,108167900
2022-01-31,353.1772766113281,353.7609662648605,341.96082238980597,343.5951593572345,94326400
2022-02-01,355.58013916015625,356.23193242737494,349.37366005965646,354.51978388230384,74433000
2022-02-02,358.46929931640625,360.0355325270616,354.3835316340809,359.704782025708,78777100
2022-02-03,343.93560791015625,352.08772832642944,342.875252752368,348.78019330152955,95384800
2022-02-04,348.2743835449219,351.5721813751419,342.3986253392621,344.45123232666253,86318300
2022-02-07,345.47265625,351.2316520904139,344.2177279914136,348.86774024734893,58198100
2022-02-08,349.3541564941406,350.44369468405654,343.2060142079704,344.33447295829444,64720900
2022-02-09,356.7572021484375,356.8350135761256,352.2725504590075,353.8679667596408,55766400
2022-02-10,348.6829528808594,356.5237692365518,346.8443644225489,349.7433081789407,112468500
2022-02-11,337.6221618652344,350.2783816942469,336.3964163917307,348.6829650660236,101569100
2022-02-14,338.0403747558594,341.4354881578317,334.53829662301456,337.06756867725016,80254400
2022-02-15,346.4455261230469,346.678990144254,342.25273317860683,343.31308852518026,55128800
2022-02-16,346.35797119140625,347.3794059544113,341.17289687012845,344.1983399690961,58947100
2022-02-17,336.05584716796875,343.8480031004659,335.6375180221019,343.1475815875544,61801400
2022-02-18,332.2230224609375,337.37888294301985,329.9174767418236,336.98976643850756,80001500
2022-02-22,328.8863525390625,334.6842996684191,325.2578039111274,329.2852066987718,85967100
2022-02-23,320.4617614746094,332.8747456878639,320.15045643355603,332.03814678867604,86215400
2022-02-24,331.2307434082031,331.7658045821459,309.60528254944063,310.1694970315348,130614100
2022-02-25,336.36724853515625,336.57155924840185,328.2151560760343,332.0285404288966,78842100
2022-02-28,337.3692626953125,339.06196609445857,332.03830238561784,333.1959444282771,77515500
2022-03-01,332.2035217285156,338.6143099045402,329.68395767300495,336.3476849169218,67407000
2022-03-02,337.77777099609375,339.11051074418504,330.98757301152676,333.750339065548,70609000
2022-03-03,332.95269775390625,340.52112967168375,331.0946341359725,340.4141055397929,71089400
2022-03-04,328.1274719238281,332.0284337216448,325.81221844037054,330.5984076269794,76936300
2022-03-07,316.0257873535156,329.2754318745046,315.82150637733827,328.1177901966875,89933800
2022-03-08,314.556884765625,324.14873946634606,311.23961212376486,315.23783128014855,116153900
2022-03-09,325.88031005859375,327.2325248047773,320.1407599335738,322.7284277548084,64723400
2022-03-10,322.261474609375,323.46777439300604,317.8254810506982,321.82372966537287,69362700
2022-03-11,315.5783386230469,325.5398947178909,315.0919355025774,325.2285895957447,66228400
2022-03-14,309.5177307128906,317.7087414713096,308.8173091315427,314.3428406690173,79802600
2022-03-15,319.2263488769531,320.00461165026024,310.54893419032584,312.15405848421847,76471000
2022-03-16,331.06536865234375,331.1821006306383,319.4695072428963,323.13700512453204,105243000
2022-03-17,335.0733642578125,335.13173025381406,327.8746044366326,329.16842359825154,67810000
2022-03-18,341.9316101074219,342.2234697530368,332.26191499890564,333.4195566448327,85446300
2022-03-21,340.9809875488281,343.3186324478158,336.5979479498107,341.09789357328924,73799100
2022-03-22,347.6822509765625,348.54913327087644,341.09797022303843,341.47781828362815,63345900
2022-03-23,342.68548583984375,348.36397350473,342.62704769272557,344.8088475078949,70615500
2022-03-24,350.3022766113281,350.3509948884147,342.4517676660401,344.60431889958267,53555300
2022-03-25,350.0101013183594,351.29580018977583,345.71471853730384,350.243853940656,57584200
2022-03-28,355.42559814453125,355.5230049812949,348.7633807065235,350.00036133268156,56833900
2022-03-29,361.5423583984375,362.16570862470064,356.5456880901624,359.3118697413128,68073000
2022-03-30,357.5489196777344,361.33782852557766,356.06843686648347,359.68200152367945,68757700
2022-03-31,353.1171569824219,358.0456391088496,352.279493961754,357.6949804858477,67011400
2022-04-01,352.4451599121094,354.1593955264717,349.26988108447256,353.38020022216114,54527800
2022-04-04,359.7015075683594,359.71125717005106,353.019820174865,353.2827919009814,45950200
2022-04-05,351.7146301269531,358.96125893501994,350.5750266015486,358.2502217162296,62738700
2022-04-06,344.0783386230469,347.5068387031979,341.44850312291874,346.4062040659175,90077100
2022-04-07,344.8965759277344,347.0880960702405,339.6271839292701,343.0849038199109,63777400
2022-04-08,340.0752258300781,343.91282354869514,339.44212594464426,343.162847342799,61956100
2022-04-11,332.0299072265625,336.76357619913693,331.68899816767185,335.8480054578386,66107400
2022-04-12,330.6273193359375,338.65314282857037,329.2539632767462,336.77331286308385,72790200
2022-04-13,337.3480224609375,338.3999391002266,330.24748854144997,330.9682456882889,61367800
2022-04-14,329.6338195800781,337.9518637748371,329.41953643655626,337.43564025513336,73519400
2022-04-18,329.8870544433594,332.1759811486784,327.0624347689701,328.58188617241785,58560600
2022-04-19,337.26031494140625,337.83497659773195,328.2215139748147,329.2442113806773,56515700
2022-04-20,332.34149169921875,338.5264527308167,331.1239808553761,338.0686674645564,65500000
2022-04-21,325.465087890625,338.8284920047036,324.5397972136839,336.2181551269493,75801000
2022-04-22,316.9425048828125,326.838439334833,316.51393856889234,325.62092815310405,82562100
2022-04-25,321.0137634277344,321.3254533350625,314.04960740276744,315.31583650464313,101755900
2022-04-26,308.897216796875,319.1437803869639,308.6244657518132,318.95871630604034,105819600
2022-04-27,308.5271301269531,314.48806102632363,306.81286460970716,308.99463546845755,111204200
2022-04-28,319.484619140625,321.31576034389815,309.26724715521,313.4847216823124,99450000
2022-04-29,305.1083068847656,318.72496285370096,304.47520700530265,315.28671241202,91977900
2022-05-02,310.20233154296875,310.43608414182137,301.6018172427122,304.69915807506743,115511800
2022-05-03,310.53350830078125,312.8224350402843,307.7673267371829,310.22181833531886,78185500
2022-05-04,321.0333251953125,321.7053936845587,305.73165437547124,311.01076573447637,116083400
2022-05-05,304.8647766113281,316.79638528062134,301.57262187157147,316.71847764967674,154607400
2022-05-06,301.21221923828125,306.90042702253174,297.17980856751376,302.8680460761537,139572800
2022-05-09,289.4267272949219,301.3096472968291,288.03390175661394,295.5922200348363,113387300
2022-05-10,292.94293212890625,297.81297672621145,288.86183237841306,296.59546557688515,124124600
2022-05-11,284.2547302246094,296.18633825965026,283.38787783221585,290.68319437612166,140326100
2022-05-12,283.5826721191406,288.0631187959251,277.53408545389686,279.9788571911552,120910900
2022-05-13,294.09228515625,295.12473233696886,286.4365588211198,288.03394787771657,83684900
2022-05-16,290.68328857421875,294.4040106030946,289.40733898555396,292.34883587193235,59190400
2022-05-17,298.21234130859375,298.5921893526094,292.73838589410195,296.53704468062864,62715300
2022-05-18,283.5729064941406,294.39412885704473,282.3164269513766,293.70259100455945,79477100
2022-05-19,282.05352783203125,286.73853871249423,280.10550973056866,281.77108660888524,79920700
2022-05-20,281.17681884765625,286.1637385375953,272.9269641320652,285.5111693670965,91764200
2022-05-23,285.8520812988281,286.23192923158854,279.8229651243598,282.2190181810846,63648400
2022-05-24,279.7743225097656,281.35221225976335,274.9140273398157,280.6412047467661,73491100
2022-05-25,283.6897888183594,285.76443214434636,278.0794890888608,278.28402259688585,67144500
2022-05-26,291.54998779296875,293.09868765966417,282.6085957753754,282.89106659862995,59462200
2022-05-27,301.066162109375,301.21225750200745,294.5597896794027,294.6766659935086,66985600
2022-05-31,300.2674560546875,303.2381712461334,296.4201090925534,301.0369313919927,60968300
2022-06-01,298.0467224121094,304.523875630762,295.8357329172192,302.40054336965414,65341700
2022-06-02,306.2088623046875,306.3841767382333,295.51423599259175,296.92656050861325,59291300
2022-06-03,298.2414855957031,302.40049218011103,296.9947556078543,300.99791722823267,60914700
2022-06-06,299.2350769042969,304.23174834342313,297.67665639934773,302.673327838474,51785000
2022-06-07,301.8161315917969,302.59535654257195,294.8227548582987,295.9136400649913,44900300
2022-06-08,299.6441345214844,303.6180780499389,298.7967217470481,301.01746101503045,38342100
2022-06-09,291.6182861328125,301.01746695663655,291.4527212499062,297.95909417977526,55900500
2022-06-10,281.33270263671875,287.20597460384334,280.8846669045221,286.01768266023385,85963500
2022-06-13,268.25177001953125,275.001643941255,267.39463751053967,272.47896468943065,94442000
2022-06-14,268.73883056640625,271.4173553543754,266.2356202670673,270.44334634056844,64697500
2022-06-15,275.44964599609375,279.37489983286076,269.4205298192977,272.1575215881491,86051400
2022-06-16,264.3363037109375,268.8849088704275,262.28112936584387,268.4271234740811,81910300
2022-06-17,267.55047607421875,269.9854980416754,263.47912647848466,265.1057045070877,82703400
2022-06-21,274.3006286621094,276.61349173532,271.9195063318225,272.02683895071556,51633700
2022-06-22,273.90057373046875,278.30177743750676,271.20713224352835,271.8024054461043,67472900
2022-06-23,277.979736328125,278.8287481171388,273.54922781064863,276.37927703453715,57457800
2022-06-24,287.5043640136719,287.92401558987484,280.56586254296246,280.80006451551657,58422300
2022-06-27,285.39642333984375,289.42678703662733,284.2643977545866,288.8607891347618,54151500
2022-06-28,276.701416015625,288.5193252831806,276.5159961701036,285.93324557135105,61609800
2022-06-29,276.9549560546875,278.457820808839,274.0663572575605,276.56460969532196,57302700
2022-06-30,273.51995849609375,277.09168696089944,269.12849346614837,273.97862381270477,79313600
2022-07-01,275.3253479003906,275.71569439598346,270.3483481823784,272.22205305536403,56675100
2022-07-05,280.038818359375,280.1559193205776,270.075081156703,271.5974532153894,61829300
2022-07-06,281.8345031738281,283.9326717616443,278.7019325880471,280.4194931796064,63194700
2022-07-07,287.8654479980469,288.56808365550654,282.6444776054049,282.6444776054049,56620100
2022-07-08,288.2264709472656,289.5926984461402,284.0984834291946,285.0353208882049,59895500
2022-07-11,282.0687255859375,286.040539649993,281.19043841491765,285.8161060220792,55273900
2022-07-12,279.3361511230469,285.2304803476507,277.7454604235964,283.31776204142346,55797100
2022-07-13,278.7604675292969,281.10257652613404,273.2662514366693,273.8322792280034,73939400
2022-07-14,279.755859375,280.62437810279306,273.0515309298952,276.16459414754115,63741800
2022-07-15,284.8304748535156,284.93783728464246,281.1318763281155,282.7421043242773,63818100
2022-07-18,282.4199523925781,289.01691741139587,281.24891307414424,287.6116464040557,59519600
2022-07-19,291.1053466796875,291.39812890521887,284.44009126466915,286.0405209277583,55172600
2022-07-20,295.72125244140625,296.90206024914977,290.7442528094692,291.52497556868116,67769400
2022-07-21,299.9662780761719,300.02482854809307,293.5254581311453,296.1798553904856,55049400
2022-07-22,294.7063903808594,301.1081694593646,292.8814970769838,299.0393058254194,57127700
2022-07-25,293.02777099609375,295.2039963017495,291.027226900708,294.7355627102361,40582400
2022-07-26,287.2701110839844,291.58351859643307,286.4601428848884,291.32977998348684,50074100
2022-07-27,299.41009521484375,301.09838033677926,291.26148160253575,291.82750935090854,69304400
2022-07-28,302.3377990722656,302.91356549576466,295.4480791144159,299.1954599297295,55139900
2022-07-29,307.85150146484375,308.7590936927906,302.4548791564084,303.879687273535,57501000
2022-08-01,307.6659851074219,311.12061210718633,304.9920807587046,306.08506268864676,46358800
2022-08-02,306.74871826171875,310.86693803333435,304.3187836531633,305.3727520054132,48676500
2022-08-03,315.1022033691406,315.92193976507576,308.3686012212413,308.4271516936994,53735700
2022-08-04,316.5758056640625,316.8880947466427,313.0333526987041,315.1803029145353,38973700
2022-08-05,313.9897155761719,316.0195349770357,310.7107696713476,311.491462568251,53894000
2022-08-08,312.974853515625,318.59593879727134,311.5110317053239,314.90710902657366,43878500
2022-08-09,309.432373046875,311.3353531473063,307.81243659216807,311.0816145255079,39764200
2022-08-10,318.0689392089844,318.3617214257896,314.29228388628064,316.76126202887053,51459600
2022-08-11,316.2635498046875,322.39208223187165,315.56091418583384,320.3915377881437,45897700
2022-08-12,322.42138671875,322.6165450793937,317.25896710802823,318.3129056437859,40928400
2022-08-15,325.0269775390625,325.5246864619341,321.4552489111956,321.4747855946209,38266600
2022-08-16,324.26580810546875,326.35420819540025,321.22106348744586,324.0511130474527,41186900
2022-08-17,320.5672302246094,323.43632355321506,318.48859834556515,321.13325804129107,47842200
2022-08-18,321.3381652832031,322.5189732145217,318.90823058794865,320.51842863638876,41937200
2022-08-19,315.0729675292969,318.9569851504218,314.31178143869266,318.3031614705781,51770600
2022-08-22,306.7779846191406,311.052348829549,305.9680163669286,310.8181468831801,51098900
2022-08-23,306.5242919921875,309.35434152618393,305.7728444052722,306.5437988949074,39497100
2022-08-24,307.4123229980469,309.2274475970766,305.4410240635622,306.0460655965721,38057100
2022-08-25,312.84796142578125,312.8674981086766,308.1442369849633,309.1884071663571,38098300
2022-08-26,300.02490234375,313.7555572354442,299.9370766142662,312.5552127027734,69047700
2022-08-29,297.0679931640625,299.8102168935229,295.9652426671527,297.2729198727488,48321900
2022-08-30,293.75970458984375,299.3320068591553,291.2419445706575,298.71719702917835,51184500
2022-08-31,292.0519714355469,297.5559559895286,291.94463879300986,296.65813213421137,50044000
2022-09-01,292.1787414550781,292.5495809696752,285.8843273907803,289.5633877373712,57990700
2022-09-02,288.0508728027344,296.42392056621236,286.440644964557,295.04792447226936,64666800
2022-09-06,285.98193359375,289.44632923624584,283.85452002401945,288.52899865452224,57005400
2022-09-07,291.7591552734375,292.7545432113645,286.19662144134224,286.46012838191547,49260400
2022-09-08,293.27178955078125,294.58923504644343,288.32409480360485,289.69032244366866,55649800
2022-09-09,299.683349609375,300.1810585439501,293.2718030746139,295.5260862300546,56125200
2022-09-12,303.24530029296875,303.57709631157707,300.74704692101136,301.0593360378884,45905700
2022-09-13,286.6163330078125,295.71152355943633,285.7282775028178,294.52094725160663,79562200
2022-09-14,288.89007568359375,289.76836270160635,285.9917076770831,287.7580500540228,54907200
2022-09-15,284.0790100097656,289.37803753073274,282.4785506213726,286.9773782296725,65299400
2022-09-16,282.3420104980469,282.73235709718057,278.731237447603,280.78059431997553,79920400
2022-09-19,284.5406494140625,284.6970745912991,279.6427184448839,279.70137415696615,52613800
2022-09-20,282.27252197265625,284.5601839494864,279.9750741000764,282.0378693199994,51271100
2022-09-21,277.2181701660156,287.37581184198143,277.0813167842155,283.11330785148755,82931000
2022-09-22,273.8061828613281,276.6999734866087,272.58413937353527,275.6930108460692,62757100
2022-09-23,269.3481750488281,271.63583691551656,265.9362092867827,271.3425285725791,74815200
2022-09-26,268.2337341308594,273.23922100426324,267.44185209694496,268.8789768686887,71176700
2022-09-27,268.3412780761719,273.94310779342754,266.02425795648827,271.59678965082986,69780100
2022-09-28,273.6791076660156,274.9598069578421,266.8454494776389,268.32165784227294,79652100
2022-09-29,265.7896423339844,270.0716887242896,262.82740925830205,269.6903967252643,81216000
2022-09-30,261.2827453613281,269.0353839204615,261.1263201777009,264.9684186513129,78482400
2022-10-03,267.4125061035156,269.00605596137075,261.5466959774545,263.05226226362504,61267400
2022-10-04,275.82012939453125,276.52402769113763,272.7503415958443,272.7503415958443,66696900
2022-10-05,275.67352294921875,277.46258183875364,269.26023985446955,272.05626158200477,55766300
2022-10-06,273.5031433105469,277.82427276832533,273.1805070928327,274.6762872643789,53489400
2022-10-07,263.0815124511719,268.996190648069,261.75191370090846,268.8690933592522,71354700
2022-10-10,260.45166015625,263.66808662550505,257.74362281790576,263.27700888325273,60393000
2022-10-11,256.87359619140625,261.6444597639264,255.19206279838772,258.7799963749924,66522500
2022-10-12,256.7856140136719,259.42521062634756,256.0915015138821,257.50905437021186,50580200
2022-10-13,262.8078308105469,264.12764394193346,248.5734536032913,249.45333399672413,112894100
2022-10-14,254.90847778320312,265.73090173715434,254.32192079522082,265.1345588543573,77244300
2022-10-17,263.32598876953125,264.1960683906086,260.77434594840025,260.8721154137595,64576500
2022-10-18,265.4083251953125,271.0101539048648,262.7295853642135,270.34536935380896,69781000
2022-10-19,264.4404296875,267.5590871120454,262.07457015959795,263.89295658178486,53115400
2022-10-20,263.0913391113281,268.6931983717576,261.9279809158459,263.55082875225395,60605500
2022-10-21,269.26019287109375,269.7978800833209,260.85252752642265,261.9865874878013,77897700
2022-10-24,272.2224426269531,273.1511778563182,265.88735790217254,269.5241608272236,63963600
2022-10-25,277.8536071777344,278.23489911038496,271.68473333216065,273.16097158157777,59014500
2022-10-26,271.7140808105469,277.6287902965968,271.2252633241817,272.2322261526919,63492400
2022-10-27,266.7671813964844,272.05618881434197,266.24903618804586,270.59952262808065,57760300
2022-10-28,274.9304504394531,275.3997258683495,265.9753123912375,266.14152342908994,62651300
2022-10-31,271.73370361328125,273.5032208592864,269.81751722579304,272.68201090824454,47742000
2022-11-01,268.9571228027344,275.7614831825195,268.59540266363206,275.204224129554,45895900
2022-11-02,259.7380065917969,271.9877694465551,259.6695649953625,268.9277677479085,79803100
2022-11-03,254.66412353515625,258.58444930817916,254.28286141146174,257.1277827515424,70038900
2022-11-04,258.7604064941406,260.6472347514151,253.2856449110451,259.59140215287795,78313200
2022-11-07,261.6052551269531,262.142972091056,257.67517453380106,259.8064109324985,47333800
2022-11-08,263.51171875,266.7476878754442,259.5816073657685,263.1206707578258,63213800
2022-11-09,257.43084716796875,262.55364485772475,257.1473246731768,261.77154881663506,64862100
2022-11-10,276.42620849609375,276.71948696896897,267.72526572529426,269.83696023512476,99256700
2022-11-11,281.51971435546875,282.18452870756767,274.90113736604735,276.24049229556425,66961800
2022-11-14,279.0561218261719,282.7417948379583,278.0784868785844,279.4667117965301,55290700
2022-11-15,282.917724609375,286.7011661843519,279.5742007553002,285.6746318321595,73985400
2022-11-16,279.0561218261719,283.0057753682395,278.2349120504045,280.9625219079878,48859800
2022-11-17,278.4402160644531,279.9164544303959,274.44169257936795,274.5981177562604,55462100
2022-11-18,278.449951171875,281.5490367833149,276.00586416945714,281.4512971712553,53588600
2022-11-21,275.5855407714844,278.21535143793466,274.7545450656288,277.0617493138327,40083500
2022-11-22,279.55462646484375,279.711021746378,274.187392210329,276.31865831799763,41873400
2022-11-23,282.3604736328125,282.9861443541074,279.3982415549333,279.5742086482621,46390000
2022-11-25,280.5030212402344,281.47087025300624,280.0142037856951,280.7669719250677,15498800
2022-11-28,276.38714599609375,280.5420941973852,275.45841076977536,278.52816875015134,38714200
2022-11-29,274.2950134277344,277.0128370816902,272.92633062269323,276.6120032182411,35618900
2022-11-30,286.7989196777344,286.9064750158597,273.70840571881683,274.5589431887968,74718100
2022-12-01,287.15093994140625,289.13553770503285,284.3744602516807,287.12161208618227,51547300
2022-12-02,286.007080078125,286.88697536237026,281.9107874314308,282.0867843893096,53583200
2022-12-05,281.2069091796875,285.15653258522,279.75021293114065,283.88561918438853,41482100
2022-12-06,275.3801574707031,281.1873104465043,273.9919327917334,281.05045709162715,53937600
2022-12-07,274.255859375,276.25024250355824,272.54499866136973,274.1972036801933,45614300
2022-12-08,277.5016784667969,278.4695274919775,273.532483071853,275.60506433206405,42594900
2022-12-09,275.7320861816406,279.2515769032235,275.29213865330206,276.4848541246429,47860500
2022-12-12,279.1929931640625,279.25167871293957,274.871863125392,275.9081538496914,35732500
2022-12-13,282.1943054199219,290.2402513163145,279.5155953648504,290.0153845506873,80667700
2022-12-14,280.1021728515625,284.8925776911261,276.856417960983,281.6077090523937,64984400
2022-12-15,270.69732666015625,276.68044714031987,269.5046109553816,276.01563277082005,60554100
2022-12-16,268.11639404296875,271.5576584419353,266.5130583502916,270.0227941935211,68300400
2022-12-19,264.3483581542969,268.47404612090867,263.11357960823074,268.3858519256861,44167900
2022-12-20,264.1426086425781,265.8869638627262,261.6044756479317,263.18222187170676,51064200
2022-12-21,267.9742431640625,269.27759708328415,264.3385134662635,265.1813077297633,46394700
2022-12-22,261.41827392578125,265.0931820504398,257.2043613322855,264.96578045041497,60278400
2022-12-23,262.0062561035156,262.67266222528946,258.25296279970826,260.1541178129993,39373600
2022-12-27,258.3019104003906,261.50644919316005,257.7629358770659,261.39863634460903,38009000
2022-12-28,254.8916778564453,260.15414242154066,254.52909164342893,257.90021034217796,47139000
2022-12-29,261.10467529296875,262.04544340160635,256.99857554474977,257.69434977774887,45893600
2022-12-30,260.9478759765625,261.07527757710335,257.03778328615977,258.34113754746767,37858300
2023-01-03,259.1839904785156,264.7404360908657,256.88104154378675,263.27047250356884,42335300
2023-01-04,260.41864013671875,262.094419519153,257.2729276346424,261.30064187756807,47754900
2023-01-05,256.34197998046875,258.919320349099,256.02841054713053,258.7527412605254,45396700
2023-01-06,263.4173889160156,264.5345752837796,255.126804985391,258.07654065905234,54659700
2023-01-09,265.1225891113281,269.77747289377504,264.51500906581396,265.40676048327515,45568700
2023-01-10,267.36669921875,267.4745120737934,263.58400819036984,264.09358467777196,35247800
2023-01-11,271.9921569824219,272.09996982647135,267.6508731910464,268.4348714453479,44077000
2023-01-12,273.462158203125,274.4911504479409,268.25849055952096,272.55078814271513,60600000
2023-01-13,275.3437194824219,275.5887133592469,270.6300396848258,270.96322776853043,44802900
2023-01-17,275.9022521972656,277.1860174377972,273.9814790914933,275.147652081972,36269700
2023-01-18,272.3155212402344,278.9891501528121,272.10973481609165,277.4407725443882,47754500
2023-01-19,269.6402893066406,271.8256457334946,268.40554034607356,270.68887041099316,44150400
2023-01-20,277.0194396972656,277.35262774545413,270.1890099432116,271.2474001259053,60613600
2023-01-23,283.1737060546875,284.39867540350957,277.06847796030434,277.8622557058228,52799900
2023-01-24,282.5954895019531,283.751853248069,281.03733226985304,281.5567180138864,44875100
2023-01-25,281.9682922363281,282.5856515284954,275.54943634148947,278.08756867530457,50872000
2023-01-26,287.4660339355469,287.6424223629357,282.7425444478146,285.38849048457257,51596300
2023-01-27,290.3275146484375,292.28746540168373,286.0352177137922,286.152809973951,56441900
2023-01-30,284.4574279785156,288.48514213201554,284.08506247493875,287.06416594239596,49405800
2023-01-31,288.7203369140625,288.81834043174297,284.38886255344715,284.4966454883634,46705100
2023-02-01,294.8941955566406,297.35391334937026,286.4467829160311,288.5145464564292,67562200
2023-02-02,305.4779052734375,307.39864851001664,300.5878380395017,301.41101371232133,83070600
2023-02-03,300.04888916015625,306.13455850213956,298.44174490358915,298.83372911935095,76170800
2023-02-06,297.5107421875,299.7842924007308,296.16818061095165,297.43235731063703,40802300
2023-02-07,303.6748352050781,304.8018011322079,296.26622226916135,297.38337887049175,67584000
2023-02-08,298.2751159667969,303.30239469294725,297.58915111170046,302.36162665672765,56720900
2023-02-09,295.6389465332031,302.80256370985006,294.1886022038024,302.6555733935558,49137800
2023-02-10,293.6986389160156,295.5311881263179,291.2976872269125,293.4830431320697,50050100
2023-02-13,298.4024658203125,298.99045695593253,293.92397171731164,295.0999539885517,39636700
2023-02-14,300.6075134277344,301.5580909500732,294.88445954815694,296.8248219904053,64079100
2023-02-15,302.9104309082031,303.07700999440743,298.10855697315515,298.7945218744599,43100600
2023-02-16,297.2265319824219,302.25381065614226,297.0795416511825,298.28492218029794,59498600
2023-02-17,295.12939453125,295.8839648215853,292.1306722050672,295.041200334183,58230700
2023-02-21,288.14215087890625,292.7480469851319,288.0049698813135,291.3074820247996,46526700
2023-02-22,288.3576965332031,290.4254298065943,286.70153608752975,288.72028256453945,51389200
2023-02-23,290.8763427734375,292.1601083198404,286.6918281377228,292.0033086469198,69294400
2023-02-24,286.00579833984375,287.10336589485115,284.2418248494622,285.9176041512956,74332000
2023-02-27,288.05401611328125,290.5529418079931,287.4660248008548,289.16139327194696,48995000
2023-02-28,287.68157958984375,290.1903142523565,287.0935883612757,287.4267764126198,48243100
2023-03-01,285.3688659667969,288.0441798329406,284.3888905066176,287.387613022248,58287000
2023-03-02,287.73052978515625,288.5341166983965,282.59546884913095,282.8796700562959,53565900
2023-03-03,293.6790466308594,293.914261084036,288.96536693308644,289.4749733262371,60511500
2023-03-06,294.0122375488281,297.91255078931,293.8162603935119,294.9138281640149,56736300
2023-03-07,290.4059143066406,294.9824127073463,289.7983343272335,294.06123341389787,65955800
2023-03-08,291.8562927246094,292.4540633879132,288.97516253842946,290.8273005687011,50876300
2023-03-09,286.7995910644531,294.9529931979204,285.98619477194666,292.356034581254,71456700
2023-03-10,282.77191162109375,288.4557873254567,281.62535706186685,286.9662054618756,98593600
2023-03-13,284.86907958984375,288.57338577191166,279.4792143568282,280.98838499588663,97123600
2023-03-14,291.41534423828125,291.9641281908985,287.57385656996024,288.41662124487874,73602500
2023-03-15,292.94403076171875,293.2772187994073,287.36796850276227,288.8085334957989,83631500
2023-03-16,300.666259765625,301.0288458902674,291.23890089901585,292.0326786060645,98198100
2023-03-17,299.2452392578125,302.9593539690395,297.2950980069192,300.57802119938503,89923700
2023-03-20,300.30731201171875,300.63119141205766,296.42060944375663,298.6289679407681,56359500
2023-03-21,304.5964050292969,305.04788323131515,300.72932185078076,302.24082881743965,49757000
2023-03-22,300.45452880859375,309.4155616024022,300.2876918296602,304.5277173641124,75791900
2023-03-23,304.01727294921875,308.3358335477737,301.3279933399785,304.1841398375628,74576000
2023-03-24,305.13623046875,305.23435576063616,301.2691474607354,303.5952799906133,57195200
2023-03-27,303.045654296875,306.9127374035687,302.19176055680384,305.833089590293,50287400
2023-03-28,301.43597412109375,302.49600280278304,299.1294607378363,302.466559225668,48585900
2023-03-29,306.932373046875,307.5507181893601,304.31177457462326,305.1264302220419,53274300
2023-03-30,309.83758544921875,310.46575510812926,307.0207064008411,309.4057262969123,58354800
2023-03-31,314.99041748046875,315.2259960757609,309.7590750261057,310.06333534027965,62138100
2023-04-03,314.2248229980469,314.48984514713516,311.54536759921757,312.8703585335609,47126800
2023-04-04,313.1648864746094,315.677505418444,311.9478151451285,314.66656912426663,45875400
2023-04-05,310.0731506347656,313.15502177624506,308.25738336194655,312.2127972814154,62795700
2023-04-06,312.1636657714844,312.65441200282,307.03047936148835,308.4241818849287,46916500
2023-04-10,311.987060546875,312.03615315052036,307.4525693445177,309.23889313719735,45134700
2023-04-11,309.9847717285156,312.0066738913755,309.47440639730115,311.9477567831826,40113600
2023-04-12,307.2463684082031,312.52680195388945,306.78506581343356,311.9379005633457,62813300
2023-04-13,313.26300048828125,313.7340977577321,307.8255231987492,309.00329632515286,54613800
2023-04-14,312.6741027832031,314.4309529600365,309.7688631396703,311.7122292583174,56278300
2023-04-17,312.9391174316406,313.29247036616664,310.1909499532342,312.2618850971799,43007000
2023-04-18,312.95867919921875,315.4713275158406,311.76128712291046,315.04926298343963,46746900
2023-04-19,312.8114318847656,313.8714604417356,310.4264125607393,310.55401136414963,38960100
2023-04-20,310.42645263671875,313.3611056829367,309.14069983335924,309.8473756449807,62462100
2023-04-21,310.7503662109375,311.52575377293005,308.28684008542274,310.0633393438064,59002300
2023-04-24,310.1025085449219,311.8593582207366,307.9333889652998,310.52454305121694,44043100
2023-04-25,304.25286865234375,309.14071237711994,304.15474335870545,308.4733046259451,57121600
2023-04-26,306.0981140136719,309.1113036974002,305.5779240970005,307.6390646932986,55400500
2023-04-27,314.4211730957031,314.92171397402467,309.21924413400245,309.85723831198396,65430400
2023-04-28,316.5902404785156,316.6785712153417,313.0568612415905,314.1855717047368,59712600
2023-05-01,316.2270812988281,317.6404329412085,315.1474335230133,316.1289260550677,41013400
2023-05-02,313.4690856933594,316.48227491711145,311.7318247639411,316.15836561209886,56519400
2023-05-03,311.4176940917969,316.5018169165337,311.30971436549413,313.8321567152472,59882100
2023-05-04,310.31854248046875,312.3404149311977,309.2879572324431,311.19205535831844,50224500
2023-05-05,316.91412353515625,317.7680172064844,310.3577309572595,312.5759135629798,51806100
2023-05-08,317.6993408203125,318.0428692194948,315.3732081600549,316.4528560062947,36465800
2023-05-09,315.6872863769531,316.9043275857456,315.37320156411107,316.0406093268182,31768800
2023-05-10,319.1225280761719,319.9764218717756,315.64803577940484,318.1213864238547,60446600
2023-05-11,320.1628723144531,320.7026812198648,318.1213510973268,319.67212605397896,44278500
2023-05-12,319.01446533203125,321.11487339109647,316.96314986336023,320.6928089058947,48432800
2023-05-15,320.74200439453125,320.9775530551261,317.9643633096372,319.48569495005876,33375600
2023-05-16,321.1051025390625,322.8128899714254,319.9861866676694,320.0254547559925,40019200
2023-05-17,324.9918212890625,325.5708983222604,320.9873447050186,322.16511784019536,47486100
2023-05-18,331.0279541015625,331.24388364276535,325.3647533407416,325.3843724071153,64213500
2023-05-19,330.2821044921875,331.95062404196796,329.2220756461821,331.2439481288907,61554900
2023-05-22,331.3911437988281,332.40207988096876,330.0170303294707,330.02685483940945,43015900
2023-05-23,327.1903076171875,330.82184165067144,326.83698471374663,329.6735122617162,48216700
2023-05-24,325.5120544433594,326.7487448548638,323.46073825386406,325.2372376800007,62891200
2023-05-25,333.43267822265625,334.6988121050236,330.43913767543575,332.8634256751795,66862800
2023-05-26,341.9520263671875,342.7863010934035,334.3552829944159,334.4534382479904,63007000
2023-05-30,343.50274658203125,347.37962387982896,342.0795705146639,346.18220186431466,72652200
2023-05-31,341.549560546875,344.1112715102419,340.09697083767367,341.9225324839208,65105400
2023-06-01,345.4952392578125,346.8202303805542,340.2442475601742,341.29445189025756,50488600
2023-06-02,348.0863342285156,349.24448827334294,345.49520941716,347.25205955281666,53372100
2023-06-05,348.3317565917969,350.8836436269123,347.3012012279909,347.8704538202461,47266200
2023-06-06,348.2727355957031,349.23460886434486,346.39808164669563,347.72310228584183,41390400
2023-06-07,342.3642578125,350.5106344564043,341.73608816769587,348.55747375650026,69225900
2023-06-08,346.61407470703125,347.0753773858951,342.4329369727751,342.6586610808147,47153900
2023-06-09,347.9390869140625,351.04060676974495,346.4962917589313,348.06668572991623,53196900
2023-06-12,353.8182373046875,353.9163925495602,348.62616331728384,349.59783135014015,44606500
2023-06-13,356.5370178222656,357.3712625849286,353.3667858847022,356.56646140267986,57097800
2023-06-14,359.12811279296875,359.4127540150757,353.74955286754476,356.5467826318429,69525600
2023-06-15,363.40740966796875,364.8894429222012,357.2436381860123,357.86195327861964,71138800
2023-06-16,361.12054443359375,365.94950092806926,360.6788907605711,365.8219021049376,80932000
2023-06-20,360.6036071777344,361.9992516934067,357.6452823141966,359.66992816528324,49204700
2023-06-21,355.6893615722656,359.89591050570834,354.7654906855593,359.4634590270858,53378300
2023-06-22,359.8861389160156,360.043366747909,354.03823537075647,354.4412029254088,47603000
2023-06-23,356.3183898925781,358.61822910430584,354.6279059428646,355.9940362893382,48922900
2023-06-26,351.5417785644531,358.57890804736354,351.4533266707655,355.78764942462146,52685500
2023-06-27,357.5863342285156,358.3136555536131,352.3576530458845,353.0849443771132,49428100
2023-06-28,358.2840881347656,360.23008989079324,355.689379134913,355.76802304065137,46498000
2023-06-29,357.5665588378906,358.62804147138905,355.9252349421489,357.9891722966641,46151000
2023-06-30,363.0804443359375,364.132059408926,360.9280242433046,361.24250996933307,58712500
2023-07-03,363.9354553222656,364.5644566744181,362.6381006665026,363.7192295463051,19432900
2023-07-05,363.92559814453125,365.62592029282894,362.33340387544496,362.372725830964,34460900
2023-07-06,361.1539306640625,361.5962201137862,358.26438224364455,360.220251816887,49374700
2023-07-07,359.95489501953125,364.12215218790664,359.7288612774692,360.92792588819304,47133700
2023-07-10,360.07281494140625,360.75097612528987,357.1734584248159,359.67968541300456,48498800
2023-07-11,361.851806640625,362.3039041308839,358.3627105914411,360.4954841759857,38214100
2023-07-12,366.42205810546875,367.76854279130197,363.9452845284982,365.95028456845836,61975400
2023-07-13,372.64337158203125,373.46895267792223,369.01669355737863,369.59656492256886,46960000
2023-07-14,372.5647277832031,376.289665406279,371.6899868150142,373.07579318427884,55148500
2023-07-17,376.04400634765625,376.91874743367106,372.8006497232177,373.28223122359674,40868900
2023-07-18,379.1202392578125,380.4863996234186,373.4787539929025,375.40510969416385,55262000
2023-07-19,379.0318298339844,381.32186135242125,377.70499127103625,380.18176458690317,54093000
2023-07-20,370.2943420410156,377.5083749640253,369.2721813289526,376.0439248109553,71941700
2023-07-21,369.1838073730469,373.40019495574614,368.751355826418,372.67287372158023,60499600
2023-07-24,369.77349853515625,371.10030708517195,367.9159185749525,370.1567901180446,40380100
2023-07-25,372.27972412109375,373.94072429184797,370.4614661242125,370.48114209864303,38894400
2023-07-26,371.0413818359375,372.73186617653244,368.7415420924305,371.2379616405588,47075700
2023-07-27,370.1567687988281,378.10793162303287,368.8692522842773,376.4960914801021,63940200
2023-07-28,376.8990478515625,377.9211786460314,373.69498364625855,374.206049043493,56902900
2023-07-31,377.0955810546875,378.27499960431606,375.7785806707894,377.20370891876894,44019900
2023-08-01,376.2209167480469,376.97769191496076,374.1569490273522,375.7491432709596,41060600
2023-08-02,367.9649658203125,372.75138510695854,366.72657955945874,372.75138510695854,72687100
2023-08-03,367.3753662109375,369.4983018652998,365.39001240778197,365.5571082205294,47666400
2023-08-04,365.6553649902344,371.6113658724889,365.1541075912585,369.30168863408903,61702800
2023-08-07,368.7513732910156,368.84966319151647,365.1345329059706,367.4638565778944,37230400
2023-08-08,365.6160583496094,366.2647356007834,362.490637952567,366.24508962124304,44726500
2023-08-09,361.5963134765625,366.0584111000442,360.83953821633634,365.90115325495816,51150900
2023-08-10,362.26458740234375,367.9355570708687,360.74119910131196,364.6037487888542,72035300
2023-08-11,359.95489501953125,361.6847010137196,358.4315067818279,359.70918530416867,48707200
2023-08-14,363.9944152832031,364.1123511595301,358.4413811511349,359.15883439674536,42130800
2023-08-15,360.1318359375,363.8174817408834,359.4634827031511,363.02135465299926,45539900
2023-08-16,356.3183898925781,361.12445606745706,356.2201000129945,359.59122992630523,53190500
2023-08-17,352.42633056640625,358.058007797812,352.01355505893343,357.71400821234437,62604300
2023-08-18,351.9841003417969,353.2421329350638,348.6227781037681,349.1633574955248,61191400
2023-08-21,357.65509033203125,358.33325161164004,352.9866052878671,353.4485407972548,50696500
2023-08-22,357.14398193359375,360.269402241501,356.4559827490985,360.2595642550805,44530200
2023-08-23,362.775634765625,363.86660148965944,358.1071502121783,358.3233759596713,51770600
2023-08-24,355.0210266113281,366.3433186005974,354.814638865053,366.24505871732504,66842500
2023-08-25,357.7730407714844,359.46352504551834,352.42639423006847,355.85652272428956,69960500
2023-08-28,360.46600341796875,361.39968237368765,357.9990681887623,360.69203716817907,40910000
2023-08-29,368.3385009765625,368.6923385554893,359.94507888520656,360.2694025048502,58492400
2023-08-30,370.39263916015625,370.97254048337203,367.44412257396607,368.44663740934226,41731500
2023-08-31,371.5032653808594,373.2035874718416,370.402490614343,370.471296535716,35730700
2023-09-01,371.110107421875,374.2944956090259,369.6260112017312,373.87188211383943,39801200
2023-09-05,371.5818786621094,372.800589196893,369.380299316676,370.30417020396686,32344200
2023-09-06,368.30902099609375,371.149439669224,366.3040513379726,370.805440073003,42998700
2023-09-07,365.6750183105469,366.45146939646156,362.8149536720257,363.85676044832894,52060700
2023-09-08,366.1860656738281,368.4171289383869,365.22290284914124,365.6258703550477,35800100
2023-09-11,370.5007629394531,371.0118283442909,367.24756874146516,369.21324644388017,39936600
2023-09-12,366.3925476074219,370.48116131723054,366.1075159081642,368.8299690541731,41391000
2023-09-13,367.7881164550781,369.39014857434654,365.49811513938084,366.62837381440505,46300700
2023-09-14,370.79559326171875,371.77843208818126,367.47362322311847,369.53756076360116,48039400
2023-09-15,364.4465026855469,369.8619548094555,363.5127937007819,369.45898724728664,69811200
2023-09-18,364.8263854980469,365.9386058426175,363.2220343841815,363.5074786408104,36903500
2023-09-19,364.0487976074219,364.846047022524,361.0271075817854,363.50746579523855,37621700
2023-09-20,358.802734375,365.46617463630355,358.7239766256181,365.11185487592627,45514200
2023-09-21,352.227783203125,355.9089414005132,352.06047557981543,355.12151422904833,69734800
2023-09-22,352.277099609375,356.10586190471264,351.9621286645115,353.9700308914129,51589700
2023-09-25,353.9502868652344,354.0388968388634,350.32821151607146,351.31247308077525,39168000
2023-09-26,348.63531494140625,351.9129230972597,347.65105327925147,351.37156116070526,53657700
2023-09-27,349.4522399902344,351.36170985960024,345.8301345452568,349.78688532316824,56066000
2023-09-28,352.3755187988281,354.50152754238655,347.68057155948935,348.536874378989,56453300
2023-09-29,352.6313781738281,357.23774510147166,351.4010512242257,355.84993269784667,64829600
2023-10-02,355.5743713378906,356.9720060523361,352.2869410494211,352.8971784631042,51625100
2023-10-03,349.33416748046875,355.32831748657793,347.7199639129251,353.1334031343056,60478500
2023-10-04,354.0881042480469,354.9345547909679,349.70812819170675,350.17073233689933,54786700
2023-10-05,353.0447998046875,354.48181334692805,349.55068309904425,354.07826248177054,45897400
2023-10-06,358.9602355957031,360.15118378118626,349.2652523404519,350.05264964515703,75049100
2023-10-09,360.7909851074219,361.33231705565373,355.10195338712657,356.5980204354887,45304800
2023-10-10,362.78900146484375,365.43666773183907,360.6236438363475,361.1255968573327,46968800
2023-10-11,365.3775939941406,365.5646061019628,362.39528253424044,364.11774034197475,38215100
2023-10-12,364.1078796386719,367.8579138612387,361.71613120455214,365.87956850775583,49587900
2023-10-13,359.5310363769531,365.31849875234707,358.13337184276384,364.73778807689456,52469900
2023-10-16,363.5960693359375,364.649236422345,360.7023379238582,360.84997115156034,44201100
2023-10-17,362.4051818847656,364.09811326598583,357.9366252092279,360.05278192643203,50999100
2023-10-18,357.651123046875,362.1196789996307,356.32236391560224,359.9149426875973,54280500
2023-10-19,354.3046875,360.2594588062133,353.5074379211459,359.0685105524273,72274200
2023-10-20,349.0191345214844,354.37351949388653,348.7927435626663,353.80263100200693,72559700
2023-10-23,350.0722961425781,353.6057912748692,345.5938883563463,347.70022235548595,60665200
2023-10-24,353.4778747558594,354.245597605717,350.190444601993,351.88337576286887,47082100
2023-10-25,344.8262023925781,351.26328161200416,344.2454916580146,351.08612173446545,71190500
2023-10-26,338.2513427734375,344.56046319125295,336.9619624891379,343.62540266266313,78621400
2023-10-27,339.87542724609375,343.3498700707274,338.66477446322807,340.97779561555586,63476700
2023-10-30,343.70416259765625,345.02306953665595,340.9974431987372,342.3556989748793,55298500
2023-10-31,345.3478088378906,345.72183299342765,341.1646976913509,343.7336356854327,47671900
2023-11-01,351.3420104980469,351.9030468160759,346.0860571858595,346.18448935280355,58992700
2023-11-02,357.72003173828125,357.95624490601404,354.62943595313834,355.8499407400772,58162400
2023-11-03,361.9228515625,363.21223195183893,358.7830544209634,359.0094454192966,53280500
2023-11-06,363.399169921875,363.9602061702553,361.1353805495958,362.6905004600463,38848700
2023-11-07,366.8343200683594,367.7004450680254,363.241741103211,364.4425414885638,50777400
2023-11-08,367.070556640625,367.90718508359936,364.787062313558,367.20833765767605,35663400
2023-11-09,364.24566650390625,368.90120425160836,363.7535357458132,367.759487325637,53859400
2023-11-10,372.434814453125,372.5824477067619,365.43669785789075,365.96820760826813,58309800
2023-11-13,371.2733154296875,372.3264825668153,369.3343188464061,370.8599423722135,40733500
2023-11-14,379.2655029296875,380.1808890311,377.14934653163624,377.6710039696422,67792600
2023-11-15,379.5509338378906,381.6474157438796,378.19264809388204,381.155284969226,54141400
2023-11-16,379.8757629394531,380.11197610306954,377.52336338174916,378.78321698316876,45343500
2023-11-17,379.96441650390625,380.97820491058053,378.2419584317802,379.1474624259611,46571900
2023-11-20,384.5904235839844,385.2498921677471,379.9742336094992,379.9742336094992,44429600
2023-11-21,382.35614013671875,383.10418863348156,380.61400775783403,382.8876498600651,43337000
2023-11-22,383.92108154296875,386.8837186036944,382.9171455132762,384.4230645764553,44121000
2023-11-24,383.3797607421875,384.1081047433518,382.38564687454755,383.5175417523055,15718800
2023-11-27,383.0450439453125,384.99386240381386,382.1690368318147,382.8875585079216,34139700
2023-11-28,384.0490417480469,384.629752496103,381.9427074752137,382.29705727580426,35491100
2023-11-29,383.6749572753906,387.9368262175739,383.33045975697513,386.50963508582805,38811700
2023-11-30,382.7104187011719,384.40334982807576,379.7478117570499,383.9407456818497,52834400
2023-12-01,383.8029479980469,384.39351093056035,379.9938606373886,381.64741281860364,40490100
2023-12-04,380.23992919921875,380.5155212317235,376.6375283217996,380.01353822930184,51186900
2023-12-05,381.1946716308594,382.38561971941857,378.1631291761713,378.3403190869991,42933000
2023-12-06,378.9898986816406,384.2261773485947,378.64543116817373,384.1277451859132,41994100
2023-12-07,384.2852783203125,385.1120545223201,380.86988910871304,381.9624351866648,49593500
2023-12-08,385.99786376953125,386.440763442931,382.36593626126034,382.5529483580109,46687500
2023-12-11,389.2951354980469,389.56090535273165,385.36794134333326,385.5746278679813,41198000
2023-12-12,392.3955993652344,392.5137059555065,388.20263518688597,389.3345300600356,39221200
2023-12-13,397.3857116699219,397.99594896826926,392.5628365303986,393.3305592665899,55408100
2023-12-14,397.04132080078125,399.90549576506845,394.039304750529,398.60629321740066,55447800
2023-12-15,398.9606628417969,400.141788982471,397.2185303197238,397.81891558242137,62896600
2023-12-18,401.4735107421875,402.3709814532671,399.0276856016672,399.3531274608477,46610000
2023-12-19,403.5248107910156,403.6431532646825,401.73974158623844,401.9271272019684,35711900
2023-12-20,397.5285949707031,404.8168311468239,397.3510812317631,402.7260335176809,54042400
2023-12-21,402.1539611816406,402.51889062414244,398.89942259726985,401.4537481111412,45568900
2023-12-22,402.755615234375,404.32371344102273,400.8817888923147,403.36707150520004,34314000
2023-12-26,405.22119140625,405.8918189348546,403.5150068640605,403.61363564115584,22722500
2023-12-27,406.04608154296875,406.3322463869044,404.644888619348,405.5033831511548,31980500
2023-12-28,405.8487243652344,407.4472786001535,405.493510166212,407.20059203535254,27029200
2023-12-29,404.0923156738281,406.18424303030133,402.1780255292888,405.8289987195395,42662100
2024-01-02,397.25421142578125,400.7078236681065,394.9353514690267,400.461137079369,58026900
2024-01-03,393.0506286621094,395.6852544540013,392.61648800716534,394.6294287174648,47002800
2024-01-04,391.0278625488281,394.2939907267975,390.81077713610307,391.1857455865472,39432800
2024-01-05,391.4915466308594,394.26430098559865,390.10023090449675,391.19553482231566,44922800
2024-01-08,399.5829162597656,399.86905099818864,392.5671345830091,392.7151405016946,42473800
2024-01-09,400.3723449707031,401.29988897993053,396.3858811510308,396.58324247290847,39132900
2024-01-10,403.0859069824219,404.0923774761502,399.8000546991392,400.68812044220664,33962800
2024-01-11,403.92462158203125,405.75010833943963,398.88233210983117,404.3587923820562,54536200
2024-01-12,404.1318359375,405.79943969142045,402.7405199592706,404.96069926457324,39595000
2024-01-16,404.0923156738281,405.67111570510156,401.43796583773303,402.8983611364545,43903000
2024-01-17,401.81292724609375,402.1878956347256,397.57980756543736,400.7867328397497,54386000
2024-01-18,407.5163269042969,408.0985035821571,403.7371019910327,405.0790624458076,59562500
2024-01-19,415.5978088378906,415.7556918630463,409.13463247146666,409.71680918810495,70325100
2024-01-22,416.1405334472656,419.10077238644385,415.53860253748337,417.79826002605955,44880600
2024-01-23,417.86737060546875,418.0844560150282,414.9959350071137,416.8312688317537,33003800
2024-01-24,420.1861877441406,424.1529273697124,419.69281456588413,421.77486503694314,46948000
2024-01-25,420.6992492675781,423.3535989601469,418.3606655868111,422.6825886567921,44367200
2024-01-26,418.19293212890625,420.5611171421055,417.54167598048286,418.81458709390614,37137000
2024-01-29,422.4754333496094,422.6727946600037,417.995596599009,418.6468527875806,38694700
2024-01-30,419.6632080078125,422.0116691243493,418.7554182347818,421.43936949466547,36739000
2024-01-31,411.4436340332031,417.2654315784379,411.26602691421135,415.272214756942,64010600
2024-02-01,416.28857421875,416.78194741657956,412.2725091612711,413.2395314697367,51008600
2024-02-02,423.32403564453125,424.5377143092311,417.18647251424335,418.1830657905494,59602400
2024-02-05,422.7715148925781,423.91611423807007,419.367227704789,423.3832928537203,39889200
2024-02-06,421.9228515625,424.5179991788691,419.58426762321915,423.9160682702638,35846100
2024-02-07,426.2645263671875,427.09338964924376,423.4029681072797,424.7054804561285,37712700
2024-02-08,427.053955078125,427.8137389159285,425.70211741625366,426.382944683857,29889900
2024-02-09,431.2574462890625,432.0468613748132,427.39929486367424,428.1886798363185,36943900
2024-02-12,429.57012939453125,433.31978339162515,428.88927204043836,431.14892949261775,33203300
2024-02-13,422.8701171875,425.55406834305234,419.69279287918516,421.6169602202019,64491700
2024-02-14,427.478271484375,427.90256520413857,423.19579577332206,425.5442569952469,45092700
2024-02-15,428.7511291503906,429.2149010993665,425.6132531423956,428.1689524677369,38796100
2024-02-16,424.8633728027344,429.2247747002088,424.15291424350715,429.12612415809764,53716500
2024-02-20,421.65643310546875,424.37983239693597,417.8870550394781,422.87011177333653,53999500
2024-02-21,419.9690856933594,420.05791936146005,416.04185462250535,418.9231370059664,49779000
2024-02-22,432.2639465332031,433.3000180733952,427.96171712915435,428.73137801666724,53887800
2024-02-23,430.99102783203125,434.7505286525933,430.0141586762791,433.82298476432334,39853900
2024-02-26,430.7640380859375,432.7868858474637,430.57655390040327,431.80013965543253,33043200
2024-02-27,431.80023193359375,432.18504737190904,429.26428645098287,431.86931140894353,33713200
2024-02-28,429.50103759765625,430.8825064645186,428.5438925123563,429.6589206142435,32938800
2024-02-29,433.1816711425781,434.2572211088349,429.2544096158732,432.4218872525922,42495200
2024-03-01,439.7039794921875,440.6611245537349,434.01046450298435,434.06966686859715,43853000
2024-03-04,438.13507080078125,440.12831755147187,437.8883842316844,439.7039937666643,34325700
2024-03-05,430.2707214355469,435.1058025012789,427.9025362866196,435.0959254018696,57917100
2024-03-06,432.9743957519531,436.13196568615194,431.0995838983498,434.48411631091494,46234500
2024-03-07,439.546142578125,440.7992995133113,435.0169506522898,436.55630255352224,44526700
2024-03-08,433.2013854980469,442.693910981613,432.53040518587756,439.90140185906074,72096000
2024-03-11,431.5929870605469,432.8461440453612,429.6688196926347,431.71139180076773,45860000
2024-03-12,437.77984619140625,438.1350603881726,430.67526112502065,433.901940644511,55300900
2024-03-13,434.4150390625,436.8029782510088,433.30001097548626,436.78322405350747,37928700
2024-03-14,433.31982421875,436.1715056274267,430.60627164587515,435.6485312451789,52195200
2024-03-15,428.1689453125,433.0533211737261,427.0045618535446,430.29044372372584,73069800
2024-03-18,432.2525939941406,435.77005339953286,432.015441232783,433.4876578345993,47323800
2024-03-19,433.32952880859375,433.7346333318046,428.15212113029696,430.2468145521752,43004100
2024-03-20,438.4673767089844,438.803310427028,432.8256140023546,434.5250629102318,43653500
2024-03-21,440.5423278808594,443.97086631640985,440.34473575766197,443.51637126483735,39345700
2024-03-22,441.0462341308594,442.1429563269523,439.17880316614946,440.0285427517674,28253900
2024-03-25,439.44561767578125,440.92769432844847,437.2521430237167,438.2500541325225,27789200
2024-03-26,438.0228271484375,441.88611062299844,437.79556453713616,440.9672001706422,34142000
2024-03-27,439.5147399902344,441.20432901385453,436.6493979452697,441.105517877216,41359200
2024-03-28,438.7045593261719,440.3150873730311,438.3488452662453,439.46534778476365,36839600
2024-04-01,439.6333312988281,442.18248976686664,437.7263698364116,439.65308146497904,38729000
2024-04-02,435.83917236328125,436.15535592740196,432.7959884791613,434.8214810155187,44259700
2024-04-03,436.8173828125,438.694673809478,433.70502798159896,433.71488798828096,39949800
2024-04-04,430.13812255859375,441.6094104504409,429.910859971514,440.9967934965204,57267700
2024-04-05,435.20684814453125,437.8745980464935,430.7507282504202,431.5609373498813,54744600
2024-04-08,435.3352966308594,437.2125875865216,433.9520311978938,436.13561556539395,28144900
2024-04-09,436.94580078125,437.9437117785747,432.21302808963225,437.66705870710007,39443600
2024-04-10,433.1319885253906,433.9915882227058,431.06696518911195,431.7783632408433,61502200
2024-04-11,440.04827880859375,440.9967993468194,432.7268171178065,434.99935255997985,45474600
2024-04-12,433.0331726074219,436.95573693295404,431.6597971695677,435.829374285995,53665000
2024-04-15,425.9092712402344,436.86675345867155,425.06942184073426,436.77783248501964,63453600
2024-04-16,425.9488525390625,428.57707219015,424.56558697347117,425.7512302498661,47619000
2024-04-17,420.75164794921875,427.94465825778315,419.82287756668256,427.92490809219123,56880500
2024-04-18,418.3507080078125,423.12298141821606,417.77762150042236,421.3938920422411,46549400
2024-04-19,409.6954040527344,417.69862441269396,408.134296500219,417.17495850837054,75231000
2024-04-22,413.8155212402344,416.14730709405615,408.9938276035389,412.32355460226944,47807700
2024-04-23,419.9908752441406,421.18640859511777,413.86494655360076,415.7422375545966,44384700
2024-04-24,421.4136962890625,424.5952221276178,419.13130059541714,423.0835051077627,48440300
2024-04-25,419.3782653808594,420.23786493944755,413.1436658883996,414.230497882568,57392200
2024-04-26,425.85003662109375,427.38150380995216,421.8188012818527,422.51041898043206,41874900
2024-04-29,427.5791015625,428.57704279451684,424.84221094712433,427.9545657944638,30022200
2024-04-30,419.5166015625,427.39136982222493,419.4375707439293,425.9982141906258,43665900
2024-05-01,416.4833068847656,425.0003330647084,415.63359737530845,418.09383507210157,52251700
2024-05-02,421.7989807128906,422.6981107728826,415.6039115799332,420.2180930266731,36559000
2024-05-03,430.2764892578125,431.26454032422834,427.45064752834196,429.2489077059209,48515300
2024-05-06,434.989501953125,435.0784229348323,431.3040604511998,432.07473911225696,30227200
2024-05-07,435.05865478515625,436.6889330215927,434.32747648868434,435.4341190165748,30996100
2024-05-08,434.8017578125,436.20480361971187,432.3217399415846,432.44033140017706,24896700
2024-05-09,435.750244140625,436.32333061017573,433.22083597558594,435.0684865337355,24580100
2024-05-10,436.77783203125,439.0009468290101,435.23647485037026,437.25210737649155,27116600
2024-05-13,437.7856750488281,438.78361632455744,436.3727691901708,438.6848051824084,22994200
2024-05-14,440.6015930175781,441.1351490219814,437.1730547027617,437.36078681259016,34478300
2024-05-15,447.48834228515625,447.73535506298566,441.56003561725066,443.0717526114495,41464700
2024-05-16,446.579345703125,449.25695573333155,446.41136374933757,447.300603706104,34780400
2024-05-17,446.3619689941406,447.31048959544074,444.1684943734974,446.70776275246817,35803700
2024-05-20,449.474365234375,450.1363426383365,446.39165038189213,446.5793825180434,24474200
2024-05-21,450.3536376953125,450.54136979919565,447.42901515243744,447.62663741534305,23167700
2024-05-22,450.2647399902344,451.3614923460644,447.6661608786562,450.6105638917276,25120000
2024-05-23,448.2392578125,455.0765544193966,446.4508877649814,455.04691409303155,40899200
2024-05-24,452.4779968261719,453.7427009819922,448.1503283413245,449.8497773775448,29669500
2024-05-28,454.1872863769531,454.2465670260158,451.2330234712752,453.6932608661482,26216800
2024-05-29,450.9860534667969,452.76453341311486,449.8991912094127,450.0375328389557,29739200
2024-05-30,446.1543884277344,450.19554329360784,444.8304037908416,450.0572016890606,30536800
2024-05-31,445.324462890625,447.0733324786168,437.76587868424843,446.38168470948995,55941300
2024-06-03,447.7156066894531,450.1363138301229,442.54808850150624,449.13840270768463,32997500
2024-06-04,448.94073486328125,450.13626814861834,445.7394592236012,447.458658340774,23767400
2024-06-05,457.9913024902344,458.07033330703183,448.98028172906453,452.50763121803925,33817400
2024-06-06,457.83319091796875,458.98922386503307,456.6672979648091,458.6730403056571,21966800
2024-06-07,457.4280700683594,460.1748505674893,456.32145780294337,457.46760055010213,25829700
2024-06-10,459.2757568359375,459.6314708938704,456.01520042833266,456.3017436759834,20660800
2024-06-11,462.4276428222656,462.5462342770449,456.5092266656226,458.001193404112,22053300
2024-06-12,468.48443603515625,470.80636221517653,465.658624284143,466.3502419815798,34532600
2024-06-13,471.023681640625,472.6737401049363,468.7511763645749,472.01173265680745,25859000
2024-06-14,473.4642028808594,473.5333736936647,470.36170799369097,470.8260932107854,23372600
2024-06-17,479.2640075683594,481.04248727720847,472.42671164925935,473.7309160310512,37054500
2024-06-18,479.4122314453125,480.09398906770866,477.65350181941676,479.21463933122305,24438600
2024-06-20,475.7169189453125,481.0227480217305,473.8890185540874,480.6077834849521,33918700
2024-06-21,474.4423522949219,476.77416848361605,472.9504156934659,475.440293517699,37456800
2024-06-24,469.04095458984375,474.9489956100667,468.90242329701425,473.2171581441821,37751000
2024-06-25,474.40478515625,474.70165954196335,470.1889876740023,471.129140230183,29014700
2024-06-26,475.384521484375,475.9288314829693,473.16777877246136,473.583402930518,22737100
2024-06-27,476.6116027832031,478.0861593754013,474.32557950230506,475.1370763918568,26222100
2024-06-28,474.1375427246094,482.1436072423702,473.49429478929665,477.4033117975724,34881600
2024-07-01,476.9184265136719,477.4824878396145,471.3171649653183,475.05793318372764,24898300
2024-07-02,481.9259033203125,481.98527819601577,475.2954269921551,475.4240826231297,26723600
2024-07-03,485.9437561035156,486.0724117323164,481.17377316359585,481.17377316359585,18064900
2024-07-05,491.01055908203125,491.4459949155481,486.4879820207779,486.78488656227495,28495900
2024-07-08,492.1783447265625,492.73253034096933,490.35744482196145,491.376753741408,22109400
2024-07-09,492.6038818359375,494.8107486472105,491.08976215311105,493.69247152313164,25614500
2024-07-10,497.74005126953125,498.2942369269607,493.2175036938141,494.52378120012463,28046900
2024-07-11,486.82452392578125,498.05673460649984,485.6369961812132,497.8489225363497,49966600
2024-07-12,489.6844787597656,494.43464949995774,486.933332417575,487.39845569345266,37109400
2024-07-15,491.0007629394531,495.8103397388106,488.9621448091182,491.45598043046874,31151400
2024-07-16,491.18878173828125,493.2669931402223,488.03188641552396,492.4554961793261,25950600
2024-07-17,476.7699279785156,483.72696575198995,476.70067742779014,483.21237345638946,56268800
2024-07-18,474.5136413574219,480.6690887882238,471.32705866428927,480.4909641521686,49347400
2024-07-19,470.3077392578125,476.69081038315727,469.0212433135794,474.17716317121153,42042900
2024-07-22,477.3143005371094,478.33360958385947,472.75212922630016,476.1663358493662,40300000
2024-07-23,475.6318664550781,479.4023218426893,475.15686747764715,476.413675873234,23282500
2024-07-24,458.5708312988281,469.2686376662744,457.7098653963061,468.90248253079744,58818600
2024-07-25,453.51385498046875,463.08350861797516,450.9012698036603,458.9073044861217,59256800
2024-07-26,458.16510009765625,461.0943714926242,454.998298988983,457.8484139466182,39992100
2024-07-29,459.0853576660156,463.0537491118386,456.82902210049895,460.8765699693015,28218500
2024-07-30,452.78155517578125,461.7178367342233,449.43662944102124,461.0152138765976,41317200
2024-07-31,466.1810302734375,467.88318054552457,461.56939023161044,463.01422923671885,44552100
2024-08-01,454.889404296875,470.6144736045948,451.2476045693235,466.8638300127631,56653900
2024-08-02,444.0926513671875,448.86263428021607,439.85707252429887,446.21045588905764,66323200
2024-08-05,430.8515319824219,437.69972643798087,419.05525994795903,420.3021625718776,87483500
2024-08-06,434.9683532714844,442.4301081222253,430.04993302092026,432.6922358150409,63164400
2024-08-07,430.2576904296875,444.3400139949741,429.86184790505104,441.85605458654345,54929200
2024-08-08,443.41973876953125,444.3301736904715,432.6130580671069,436.48248198323597,47890100
2024-08-09,445.73541259765625,447.36828199277033,440.98521139268263,442.1034884926195,33574000
2024-08-12,446.69537353515625,449.65433226208825,443.8947276771572,446.7052794147843,27795000
2024-08-13,457.7790832519531,458.0463003756158,450.9507011946519,451.08926269593627,40084500
2024-08-14,457.9275817871094,460.2828556615313,453.6425036465701,458.69948537304487,34733700
2024-08-15,469.4962463378906,469.8920888985799,463.5189240086724,463.89498501162524,38280600
2024-08-16,470.09991455078125,471.46559709537195,466.7549889446626,467.71492303753774,38383600
2024-08-19,476.27508544921875,476.3146787618839,468.45708234495805,470.2384190047046,23737700
2024-08-20,475.275634765625,477.92781315701507,473.5833602435094,475.36469707718084,29209300
2024-08-21,477.49237060546875,479.34295796614543,474.3453815043976,476.0574073595781,25658800
2024-08-22,469.92181396484375,480.50087108600786,468.89259906395546,479.8081238986909,37739600
2024-08-23,475.01837158203125,477.72992512220515,470.34735638677375,474.2662494960862,36061500
2024-08-26,470.40667724609375,475.3943780311616,468.32846606891127,474.47403729011756,27452600
2024-08-27,471.8119812011719,472.8807591898748,466.81437423876616,468.7738357857168,27510000
2024-08-28,466.45806884765625,472.0692054646564,463.0339871430499,471.346801146548,37372400
2024-08-29,465.7752685546875,472.9698061378377,464.4986483367516,468.36807210677364,41081500
2024-08-30,471.3270568847656,471.9505233094589,465.62685714654253,470.1098416754634,33466500
2024-09-03,457.01715087890625,468.41758089345274,454.64206506764924,468.28895545355164,44985200
2024-09-04,455.8295593261719,459.6297325855357,452.9794746829276,453.9097213390106,32505100
2024-09-05,456.2550964355469,460.5302382843721,453.18726380172785,454.2065727199707,34452400
2024-09-06,444.0333251953125,456.43328283285973,443.53851438742817,455.5525050984152,50624400
2024-09-09,449.7433776855469,450.73299918390046,445.15154963762876,448.35791362802206,32981200
2024-09-10,453.8998107910156,454.404527431382,447.5365516543528,451.50491342000015,29680300
2024-09-11,463.75640869140625,464.49862479430976,446.5963760163785,455.1368141392579,57843000
2024-09-12,468.3086853027344,469.1201821772386,462.00480120861374,463.78610782015113,40067800
2024-09-13,470.40667724609375,471.5843292398022,467.34875045430647,467.57637427019046,29111800
2024-09-16,468.3284606933594,468.94202118034616,465.0132528878114,468.2789916995769,22585600
2024-09-17,468.5758972167969,472.64325748454945,466.082061787513,471.3468556724097,30084400
2024-09-18,466.5472106933594,473.86049863130677,465.94352581139685,469.7733867817461,39909200
2024-09-19,478.3434143066406,481.1836532649459,475.50320554918557,477.6011982117997,52782500
2024-09-20,477.4329833984375,478.670010233335,473.33593602484865,477.4824523914932,34577700
2024-09-23,478.6985168457031,479.78863625808964,477.2714569319046,478.60932938150205,24843000
2024-09-24,481.007568359375,481.9589315670274,475.85432326157445,480.10574366251944,25952600
2024-09-25,481.4534912109375,483.4057861989954,480.20480632461255,480.3831812388623,26549900
2024-09-26,485.0707702636719,489.26276299508504,481.4337419762806,488.9357120142865,32020200
2024-09-27,482.37518310546875,486.2302350383357,481.19587618082716,486.091478815064,22851100
2024-09-30,483.68328857421875,484.020229062973,478.5795822480605,481.41386237049977,30281100
2024-10-01,476.94439697265625,483.6139194959118,473.1091848680393,483.31662795419345,42735400
2024-10-02,477.61834716796875,479.53099347672526,473.42635462803594,476.0426111384499,23744000
2024-10-03,477.26153564453125,480.19492312784206,474.6848980169124,475.42815712622803,25337200
2024-10-04,482.9400634765625,483.4950278786583,478.0543806808698,483.0688998990654,30686600
2024-10-07,477.7669677734375,482.19679333270193,476.5480119306122,481.0274062437878,24975100
2024-10-08,484.9022521972656,485.5860530274448,479.50125391077506,480.30397136476074,28272000
2024-10-09,488.71759033203125,489.2923942618866,483.56434577663606,484.60489634017404,24995000
2024-10-10,488.1626892089844,490.0257969581118,485.13019433844016,486.4383376827158,25750400
2024-10-11,488.9257507324219,489.9465223032904,485.7644497271091,486.32930368033,20644500
2024-10-14,493.0285949707031,494.34662795774636,490.808737205875,491.3141328885459,26060100
2024-10-15,486.4383544921875,494.019591930527,484.28784466660454,493.355600435728,34784500
2024-10-16,486.4977722167969,487.2707604745814,483.18779530560226,486.76533460642946,22996800
2024-10-17,486.8346862792969,492.02757992175697,486.7752279737182,491.978041414871,27210700
2024-10-18,490.02581787109375,491.11593737118017,488.86632025661703,489.61949922818457,25335000
2024-10-21,490.96728515625,491.7700026314171,486.8942092236496,488.8167753413639,30336500
2024-10-22,491.50238037109375,492.9790090488197,487.54825154691343,488.30143046324906,26685800
2024-10-23,483.9706726074219,489.80774860991164,480.69042485410046,489.1536769704334,39346600
2024-10-24,487.8951110839844,488.56899209054706,485.0409912405532,487.68697675640317,22024900
2024-10-25,490.86810302734375,495.78351439895096,489.9860877731949,490.6897281141299,38762100
2024-10-28,490.9474182128906,494.0393713144082,490.65012666208736,493.9799130042475,20477800
2024-10-29,495.6646728515625,496.8439798063239,489.41138819730327,491.2645761995589,28014100
2024-10-30,491.91864013671875,495.8529597761459,491.43305383710356,494.9015965333086,29756000
2024-10-31,479.5012512207031,488.00412245137545,479.40214395365643,487.954583939498,41245200
2024-11-01,483.04901123046875,486.3391785967361,480.83907364624326,481.1363651731337,33655800
2024-11-04,481.6418151855469,484.98152122615164,479.89762415814664,482.4445325917277,23291600
2024-11-05,487.7861022949219,488.45009377025474,483.1382526974681,483.2274401655053,24353600
2024-11-06,501.03594970703125,501.85850679379894,495.10971593005127,496.06107920229374,43082200
2024-11-07,508.9243469238281,509.70728521710686,503.7711019992823,503.83056030755586,32853100
2024-11-08,509.5190734863281,510.29203161978796,507.80458109311115,508.4289236749699,22924500
2024-11-11,509.2216796875,510.9460310487798,506.3279110734033,510.73789673440615,24167500
2024-11-12,508.3000183105469,510.0342895835151,505.24771417717085,509.1523347344934,25835300
2024-11-13,507.6460266113281,510.3514707063744,505.3667105266914,507.7947026439167,24567400
2024-11-14,504.1180114746094,508.18113740505333,503.2062669199819,507.30907205086606,28679500
2024-11-15,492.10693359375,498.8061554755535,490.0456112891242,498.4196764454938,51461100
2024-11-18,495.52587890625,497.62685004551037,492.2654707437731,493.652881689858,27080800
2024-11-19,498.9349670410156,499.4205835584643,492.612304704476,492.94927544853863,24523000
2024-11-20,498.64764404296875,498.95485541909744,492.097037384635,498.6377242426763,29565500
2024-11-21,500.44134521484375,502.4035299899302,493.088021478257,501.6900000053646,34526700
2024-11-22,501.24407958984375,501.97741895532835,498.2611231276005,499.88639768637404,23826600
2024-11-25,502.0368347167969,506.85316942781503,499.727789745264,505.31708246990956,26375200
2024-11-26,504.7323913574219,505.55494837109245,502.6710994101925,503.5134355358176,26557100
2024-11-27,500.7583923339844,503.67197027101724,497.41868646059413,503.60262241026015,24957400
2024-11-29,505.15850830078125,505.7531216213566,500.7683318681806,501.38275454356886,15334000
2024-12-02,510.6586608886719,511.6199741872277,506.03065079539806,506.4171600748149,25147200
2024-12-03,512.2245483398438,512.5020608313189,508.756005115966,509.3308092150262,18597900
2024-12-04,518.5570068359375,518.8146796626284,514.9298686374995,515.6434288103802,26086200
2024-12-05,517.1199951171875,519.3299326318131,516.7334859011141,518.6065131914003,18169600
2024-12-06,521.748046875,521.9858801083601,517.6551619389516,517.7839983547849,23762600
2024-12-09,517.6849365234375,521.6192257616104,516.5353285463648,520.8264281316256,20674400
2024-12-10,515.9208984375,520.6579655236552,514.4938385293885,518.9137744707876,24350000
2024-12-11,525.1572265625,525.8410274761027,519.8751744986995,520.2814629318415,32168600
2024-12-12,521.7678833007812,524.2057949010591,521.2922168369533,522.9372703487448,23577500
2024-12-13,525.76171875,528.3779449247531,522.5607082907461,525.6923406392922,28780400
2024-12-16,533.3330078125,534.3042408794819,528.2094917796982,528.2887896903175,31979900
2024-12-17,530.9843139648438,532.6492071689107,529.3293405604305,531.5392783661994,28579100
2024-12-18,511.8280334472656,532.0546259876975,510.38119437057514,530.3401942657196,54703200
2024-12-19,509.5487365722656,517.0705459413463,509.21182628972144,516.5056617171667,46441800
2024-12-20,513.9984130859375,520.1030827285903,504.7126629138714,505.852321010616,60530000
2024-12-23,519.0060424804688,519.383239168352,512.31586004398,515.7105696508168,29672800
2024-12-24,526.043701171875,526.1330021589947,520.316321172994,520.9516062143355,17558200
2024-12-26,525.6864013671875,527.3142968325767,522.4207352238725,524.4158916610216,19090500
2024-12-27,518.6983032226562,522.559570841844,514.0330238895601,522.1228199982326,33839600
2024-12-30,511.7997131347656,515.522001257147,508.0476479190875,511.70047635181544,34584000
2024-12-31,507.4521179199219,513.8345638741997,506.48928482473434,513.0802310210817,29117000
2025-01-02,506.45947265625,512.8221071633047,501.97285552495356,510.4993728244697,36389800
2025-01-03,514.747802734375,515.8099028942349,508.74252327822325,509.5564103096281,29059500
2025-01-06,520.663818359375,524.0188462353756,518.1724172371826,520.147702167464,36109700
2025-01-07,511.3728332519531,522.1029453633986,509.4869105259949,521.7059376977747,36690300
2025-01-08,511.4621887207031,513.0999589170985,506.79690947040035,511.2735903919427,30777800
2025-01-10,503.4419860839844,507.799529251394,500.1961615298894,507.700292461824,40532500
2025-01-13,501.8240051269531,502.28059733248006,496.00732395497107,497.4962392396563,31694200
2025-01-14,501.3475341796875,506.39001083545065,497.88333436019064,504.9804910575475,33737200
2025-01-15,512.8817138671875,514.0231792721111,507.680415704871,509.2388513156959,34957600
2025-01-16,509.2884826660156,515.224272558158,509.1594384871324,515.1448467748171,28229000
2025-01-17,517.8844604492188,520.1972592877152,509.31822917298143,518.9862432829292,51837900
2025-01-21,520.9217529296875,522.0830897487288,516.2167908885407,520.6041104370049,23628000
2025-01-22,527.582275390625,529.875202608773,525.3489023631776,525.6566091124832,33593000
2025-01-23,528.703857421875,528.8229657869698,524.5448186856646,525.1304247166951,23096600
2025-01-24,525.716064453125,529.8452955948869,524.2470209693237,529.0810270552897,19878300
2025-01-27,510.4100646972656,514.1620993962705,506.3800397959972,507.2237644449725,60771700
2025-01-28,517.9539184570312,519.135127001106,507.9980395084438,511.4125906777684,33194200
2025-01-29,516.9812622070312,518.7282661051813,513.0803108268819,518.5992219137866,26649000
2025-01-30,519.1847534179688,522.2122024136221,514.3805539731445,519.8399100776113,27431300
2025-01-31,518.4302978515625,527.5921301044531,517.338450995146,523.0260873773669,38755200
2025-02-03,514.2813110351562,517.0010535797855,507.27348469906485,509.6755846757201,40580800
2025-02-04,520.5941772460938,521.2294622346358,514.4003000680867,514.7973683319532,26046800
2025-02-05,522.9566040039062,523.1154555461139,516.7726625026758,517.9638067327847,21134100
2025-02-06,525.6864013671875,525.8948713447239,521.8549400712387,523.4629639433027,19434500
2025-02-07,519.0556640625,528.1678176426686,518.3310780658987,526.2223405922623,29605500
2025-02-10,525.3388671875,526.440649799091,522.8573420708846,523.3238397124358,20852800
2025-02-11,524.0881958007812,526.0039260192839,521.9441846467193,522.0732288061517,19325500
2025-02-12,524.3959350585938,525.2793726405877,518.0928847804781,518.4402741025981,25009400
2025-02-13,531.9397583007812,532.2573402077036,525.2793229514261,526.0634630928408,28714800
2025-02-14,534.1731567382812,534.8580601398642,531.7114424599516,532.0489565555039,17862600
2025-02-18,535.3841552734375,536.0095045421328,532.078746365208,535.7414804029439,20565000
2025-02-19,535.5330200195312,536.8134652370089,532.4956355398415,534.5900283086233,19666900
2025-02-20,533.260009765625,535.1161861718319,528.5252998523972,534.7489252091573,26550800
2025-02-21,522.1923828125,534.421347555334,521.8251218909734,534.4014759647268,47093800
2025-02-24,516.0282592773438,525.1602852244356,515.6908057368098,523.9790766643296,39268400
2025-02-25,509.5266418457031,515.4823026566079,505.6753096745888,515.4028768822437,48940000
2025-02-26,510.7574768066406,515.8197643424149,507.591048002011,511.72034015672153,34457600
2025-02-27,496.5731201171875,515.2342110395801,496.3547446499532,514.3011549788575,52448000
2025-02-28,504.41473388671875,505.0202115627976,493.2577747457523,496.43413947250224,47654000
2025-03-03,493.3768615722656,509.2486881332856,489.93250314963643,507.73993161461107,44587200
2025-03-04,491.8879699707031,500.0174498903787,484.1356867718227,490.5280988504062,67875400
2025-03-05,498.30023193359375,499.9082555325708,487.6296728031353,492.5331693757525,46323700
2025-03-06,484.59228515625,494.8955530213461,482.60706486522406,490.04170516165766,57574300
2025-03-07,488.15576171875,489.6347411717219,476.9789615630039,483.5599718062666,54714700
2025-03-10,469.2366027832031,480.393531072757,465.1966722399011,479.8773847046623,76668000
2025-03-11,468.1149597167969,475.27167052229146,463.5588826960084,468.8594173402994,68760800
2025-03-12,473.3956604003906,477.50505079394827,468.3035653299785,475.6190975102553,46971100
2025-03-13,464.8790588378906,472.760386273074,462.98316971511383,472.7306091786664,46563300
2025-03-14,476.1153869628906,477.0087300371878,469.6237081167645,470.2292160585815,43563000
2025-03-17,479.202392578125,482.2497130174167,474.2691189068619,476.06574086012523,41744400
2025-03-18,471.0332336425781,476.0657441300447,468.9189691557921,475.86724027334935,39072300
2025-03-19,477.3363342285156,481.74349565345614,471.3608014299573,473.28646764378425,40430300
2025-03-20,475.7183837890625,480.96927004322396,472.6611273475336,473.35596661844284,36780500
2025-03-21,477.28668212890625,478.0509810732746,469.4152905592447,470.57662752286865,42234900
2025-03-24,487.76043701171875,488.60541998448804,481.53742091872255,484.8576794709337,34567200
2025-03-25,490.5438232421875,490.7028813411277,487.5218103740152,488.48607924199416,26035200
2025-03-26,481.51751708984375,490.24562966600536,479.96673847902554,489.390696139039,34627100
2025-03-27,478.77386474609375,483.70454516246133,477.41196560654595,479.55920474042404,33469800
2025-03-28,466.16876220703125,477.6803158784236,465.2840071747282,476.9745201773356,46363800
2025-03-31,466.1488952636719,467.08331235256605,454.6273605455005,459.19026229129486,53000300
2025-04-01,469.90655517578125,470.83105198841025,461.6754876852753,464.53844262078127,41156200
2025-04-02,473.3361511230469,476.7260031222664,463.1069521266998,463.3654253458386,49894500
2025-04-03,447.99676513671875,457.35115906183495,447.47984907108474,453.7426062022167,70456300
2025-04-04,420.1722106933594,437.7675929050692,420.1722106933594,435.55079068681124,117088400
2025-04-07,421.1861572265625,440.5212273303754,400.01204418212296,406.24497996843866,161557000
2025-04-08,413.6012268066406,440.5212103571544,407.36829126047905,435.57062951414565,101248100
2025-04-09,463.2461242675781,465.06529634282225,412.97496569005153,413.11415290728195,142876900
2025-04-10,443.5432434082031,452.89763762867176,430.07333074405074,450.8796353482819,108384100
2025-04-11,451.7146911621094,453.09649143953806,438.7219217931667,442.0223093443537,52483800
2025-04-14,454.7764892578125,462.3017305650004,449.95514472763216,461.7152208667026,43941200
2025-04-15,455.2834777832031,459.64754944257936,453.4543549864483,455.83024573579985,35404200
2025-04-16,441.5550537109375,449.9451788691767,435.17301051795084,446.37639807774553,48980600
2025-04-17,441.4755859375,445.10401010316673,438.7517574071589,444.5274509761507,44837000
2025-04-21,430.5505065917969,436.48522787937225,425.40112526573694,435.64027525418857,44149300
2025-04-22,441.85333251953125,444.9349886334612,435.03385628214005,436.22677695266526,52304400
2025-04-23,451.8737487792969,460.641633756553,450.20368411807647,455.46243104941027,55801100
2025-04-24,464.58819580078125,464.896361425193,453.1362539590864,453.78243704630535,45956100
2025-04-25,469.767333984375,470.2942006570759,462.6397231543872,464.2103725610634,38697100
2025-04-28,469.61822509765625,472.0040358662156,463.27592382131877,470.2345562596675,33550800
2025-04-29,472.7198486328125,473.60460372916896,466.81494870601875,467.3915381780168,30613100
2025-04-30,472.6601867675781,474.37997416490805,459.697238824554,464.36947606745446,46810600
2025-05-01,478.83343505859375,484.300932012728,477.898987697636,480.5532222946606,43316500
2025-05-02,485.9411926269531,488.00891762969025,481.9648310617846,483.66474747370063,39218100
2025-05-05,483.058349609375,486.14003597307794,481.2391774925475,481.73622270162116,28309500
2025-05-06,478.5650634765625,482.1835367600156,475.36409117258444,476.7259901676863,32786300
2025-05-07,480.4438781738281,482.9291041737698,473.9624196873836,479.2310866723673,38006300
2025-05-08,485.4044189453125,489.78836133137906,481.30877127503675,485.642990937839,39577600
2025-05-09,485.0863342285156,488.6352445339485,483.3268049949173,487.31308720263786,27767400
2025-05-12,504.84881591796875,504.88858802841014,498.51646492128515,503.99388239825186,45090600
2025-05-13,512.5431518554688,514.3325026354601,505.4155095627927,506.15112683099704,53269600
2025-05-14,515.6148071289062,516.1615447200978,512.7021295054291,513.7161211405411,47014500
2025-05-15,516.1815185546875,518.8456739501621,512.1256121181644,513.4676707665623,50153300
2025-05-16,518.4280395507812,518.616919133845,514.0440673713118,517.5830263951985,48394600
2025-05-19,518.9251708984375,519.442117353632,511.2010686059385,511.2010686059385,52536200
2025-05-20,517.1954956054688,517.8515686536134,513.6067827063093,516.4001746478178,42517600
2025-05-21,510.0081481933594,519.909311026266,508.2187974987168,513.2191016405527,71292800
2025-05-22,510.9624938964844,514.6505913275334,509.27252798800356,510.62447644500173,55607200
2025-05-23,506.2306213378906,508.8152626278632,502.59224657648224,503.1887069260503,58368100
2025-05-27,518.1398315429688,518.626986864166,511.54906721801433,513.0998460017336,47226300
2025-05-28,515.8434448242188,520.5852756508032,515.326559052752,519.0941399870436,46637200
2025-05-29,516.8574829101562,523.3687637584553,514.2629211840699,523.21968658337,58513300
2025-05-30,516.042236328125,517.6029654866918,508.9046747674079,516.370303138387,67662800
2025-06-02,520.1181030273438,520.3566750351536,512.9208369697641,514.18335129797,44762800
2025-06-03,524.183837890625,525.6153304447355,519.6010958649408,520.4659496294596,44070300
2025-06-04,525.6452026367188,526.708886650537,522.8617009643712,524.8896842213366,41359300
2025-06-05,521.688720703125,529.8999177687056,519.5713031286073,527.0468829475419,61031200
2025-06-06,526.7883911132812,528.6572860020211,525.0885352856423,526.8679353376542,42467000
2025-06-09,527.5638427734375,529.2040557008712,525.8838273941709,527.0071545180014,33688700
2025-06-10,531.0530395507812,531.7389643345455,525.7644714899908,528.0309659877803,40664800
2025-06-11,529.263671875,533.607902979141,526.9772759658763,532.4547240748923,53701000
2025-06-12,530.5062866210938,531.4805365276557,527.703004925698,527.9515275399644,34104900
2025-06-13,523.8458862304688,528.7268432784747,522.6231138097035,524.5616021772432,55814400
2025-06-16,531.132568359375,532.2062030416474,527.3152949826874,527.3649873706377,37622100
2025-06-17,525.9533081054688,530.178191841852,524.7901787794913,528.5677704245282,42180900
2025-06-18,525.8638305664062,529.4027896913979,524.2832609295995,526.9672562637179,43983500
2025-06-20,523.7167358398438,530.4069457539052,521.7782471531975,529.1146401876316,61643500
2025-06-23,529.1017456054688,529.6192118620138,521.1400908129034,524.2849177292203,50666100
2025-06-24,537.1927490234375,538.1083222601969,533.6995634797794,534.3165868287479,45442000
2025-06-25,538.5661010742188,540.7058200544818,536.7946645040316,539.4618115177252,44804200
2025-06-26,543.601806640625,544.0496618306095,538.9243834682991,540.745568102249,43811400
2025-06-27,545.4630126953125,547.3538694850535,541.9299793720932,544.6369739056408,57577100
2025-06-30,548.9959106445312,550.150323841353,546.3785118204822,548.6177271894713,45548700
2025-07-01,544.3682861328125,548.0704878876566,542.0494367342798,547.0951436887766,56166700
2025-07-02,548.159912109375,548.3589656247289,543.5023514145969,543.5421378206258,36538300
2025-07-03,553.553955078125,554.5292991491806,550.528547956803,550.528547956803,26443500
2025-07-07,549.3840942382812,551.6830197478901,546.9458251844275,550.8669428006658,45349300
2025-07-08,549.6925048828125,551.3544830925421,548.4583975297523,550.7274980013236,36153300
2025-07-09,553.5838012695312,554.957191559505,550.448875446199,551.8222657361728,43045500
2025-07-10,552.7876586914062,554.6287670725607,550.1005880395711,554.2207589895446,34710900
2025-07-11,551.5436401367188,553.1259849885996,549.4039211443059,550.6479296881262,39618600
2025-07-14,553.5440673828125,554.280510790838,548.9860026438791,551.3346764161255,36453300
2025-07-15,554.051513671875,558.1119745200461,553.9918036921638,557.5646229155932,43277700
2025-07-16,554.6187744140625,557.524821997974,548.9162589009651,554.6088733698717,52314700
2025-07-17,559.1072998046875,559.6148651110749,554.539333532434,555.3454488006327,40423800
2025-07-18,558.56982421875,562.0231629422733,557.2959302535468,560.4208944407413,50484700
2025-07-21,561.4658813476562,563.3468370391857,559.3660092861638,559.3958946507648,39595200
2025-07-22,558.559814453125,561.6449312247784,555.9324539325285,561.5951830334812,43270600
2025-07-23,561.1075439453125,561.1473303500087,556.8978386154415,559.6446191045442,40215300
2025-07-24,562.3018798828125,563.5259649748344,560.590092369004,562.4212998555654,42275500
2025-07-25,563.6553344726562,564.9789766749151,561.5654242523398,562.2222340881906,30630800
2025-07-28,565.4168701171875,566.3125198933016,564.1529379000713,565.0187630549528,31498700
2025-07-29,564.541015625,569.3677442783611,563.8145341030877,568.0242394036405,45463300
2025-07-30,565.2974853515625,567.8849991894002,562.3416890497874,565.4566917408055,43433800
2025-07-31,562.3018798828125,571.8757657350329,561.1673293990499,571.7861703841629,64613600
2025-08-01,551.2252197265625,556.3405979294319,549.0357523301388,556.1515061828632,69400800
2025-08-04,561.3961181640625,561.6150952409816,556.2708397121321,556.3703360927129,47669800
2025-08-05,557.5845947265625,563.8444243211386,557.047144120063,562.6800492447384,48666600
2025-08-06,564.6007690429688,565.0386624956789,557.9428326498341,558.4205125100245,41823700
2025-08-07,566.5115356445312,570.5719965866228,562.4013265086303,568.9298809926769,44463000
2025-08-08,571.7960815429688,572.0150586353669,567.4172078636645,567.7157577691117,35255500
2025-08-11,570.104248046875,574.0353274481827,568.8304148017489,571.9354554685915,33112900
2025-08-12,577.2697143554688,577.568264258411,569.7459530883017,572.4031383383943,42143300
2025-08-13,577.558349609375,580.5240464797514,576.165035771658,579.9667330931853,41209300
2025-08-14,577.110595703125,579.091047893356,575.1400445589929,575.5083270283026,45425000
2025-08-15,574.57275390625,577.060771050305,572.811218330625,577.0209239007323,49480200
2025-08-18,574.34375,575.0006204675227,572.482718246351,573.6769784888112,29831000
2025-08-19,566.5514526367188,573.7965277870278,565.5263603018907,573.6273596101793,53752600
2025-08-20,563.1876220703125,565.7253875756548,556.1614636230435,565.6059676042936,76781100
2025-08-21,560.5802001953125,563.774775630925,558.2911756152315,561.6450181787756,46436900
2025-08-22,569.2284545898438,571.238791941298,560.5702032580724,561.9634564557491,51502100
2025-08-25,567.5863647460938,570.5420998652211,566.4318908111547,567.6659983001664,34044700
2025-08-26,569.8654174804688,570.1739291946637,566.0736815609588,567.0987738406898,34103000
2025-08-27,570.7412109375,571.6567843025553,567.6361701841732,568.8503542214644,36927100
2025-08-28,574.3140258789062,575.2295992365423,569.7161747720991,571.3582297430389,46787900
2025-08-29,567.6660766601562,572.2738897636767,565.8149455424127,571.90560730373,56030400
2025-09-02,562.9088745117188,563.2571726003424,556.8580000613789,558.6195355636612,65876800
2025-09-03,567.3375854492188,568.9597775003773,564.0135677896833,566.5015849549442,54230200
2025-09-04,572.4728393554688,572.8410610450118,566.3026052373926,568.0043701424134,47526300
2025-09-05,573.298828125,578.3345721151251,568.7905728965633,577.707586970244,68342500
2025-09-08,576.0953979492188,578.0559870759845,575.0006946855148,575.5977945125156,46371400
2025-09-09,577.7275390625,578.1554707195171,574.274139701763,576.8915385805233,44007600
2025-09-10,577.9166870117188,580.9719796320359,575.7769677758832,580.942094267134,49308000
2025-09-11,581.2804565429688,582.0766099053841,578.8322257294989,580.4444560297375,44745800
2025-09-12,583.8480224609375,585.0422828265267,581.3002953608963,582.2357922273038,50745900
2025-09-15,588.843994140625,588.9534523182087,585.4702282697297,585.6195335974215,44360300
2025-09-16,588.3463745117188,590.018314719858,587.6596793599289,589.7695130089575,36942100
2025-09-17,587.1720581054688,588.9136701422223,581.5690385221046,588.2667613743852,69384800
2025-09-18,592.4666137695312,595.2731046813599,590.1179399259114,592.0585449007204,61069300
2025-09-19,596.4772338867188,597.1738908683575,592.9940097211341,594.4669572446983,58196100
2025-09-22,600.0083618164062,600.6759063866804,595.5446250028239,595.56457167487,57154800
2025-09-23,596.0228881835938,600.376978885606,594.8072966999976,600.1776946146698,64635500
2025-09-24,593.9305419921875,597.7167610032964,591.2005236200914,597.3979183069385,49850300
2025-09-25,591.3699340820312,592.9541133753095,586.358211090951,590.0447574609248,70920200
2025-09-26,593.8009643554688,594.1297803627111,588.9088608410209,592.1868651388552,54337400
2025-09-29,596.5509643554688,599.858888854889,595.2357610619866,596.929586249639,48332900
2025-09-30,598.1849975585938,598.5237869140956,593.9305184146496,596.2520555976123,46533800
2025-10-01,601.0545043945312,601.592517201177,594.1696797218984,594.9966151966095,46899600
2025-10-02,603.5255126953125,604.950301116935,600.7357150581139,604.8506893778672,43765400
2025-10-03,600.9848022460938,605.1197232184186,599.2013385970163,604.3027001978111,46482100
2025-10-06,605.498291015625,607.1422494333636,603.7645725777412,606.2355880916678,41962100
2025-10-07,602.3099975585938,607.4910851983766,600.835403229105,606.8035939044607,58209500
2025-10-08,609.2147216796875,609.523591030116,603.0572205300643,603.2066381307736,50629800
2025-10-09,608.4774169921875,609.3840783602061,605.2691043090726,609.2545466200572,45551000
2025-10-10,587.3545532226562,610.9483641105261,586.9061788056832,609.1748739271294,97614800
2025-10-13,599.8190307617188,600.7556121211176,595.056398092238,597.497493628088,65872600
2025-10-14,595.8236694335938,600.4966033203683,587.9823159734815,593.1434568492728,69203200
2025-10-15,600.0282592773438,604.4919961772353,593.7611729131481,601.8117836952674,62805500
2025-10-16,597.806396484375,606.0961241101174,593.3327470469682,602.9077579751356,70982000
2025-10-17,601.7320556640625,603.306322454893,594.1995718879336,595.7738386787643,72024900
2025-10-20,609.3143310546875,610.5697551235123,604.8606284241672,604.9303809627713,45761700
2025-10-21,609.1549072265625,610.4899962848245,607.1024069621277,609.4139706950965,44538200
2025-10-22,603.286376953125,609.1848147458128,597.5573034367524,608.5969960402966,61478800
2025-10-23,608.35791015625,609.1450131867009,602.319966975814,602.7085014161719,42844300
2025-10-24,614.8540649414062,616.1692681518385,612.8912638677524,613.7481193370727,47632500
2025-10-27,625.80419921875,626.2624862060553,621.7589773359792,622.2471843336021,54098600
2025-10-28,630.6165161132812,632.3701204498367,626.9598898422056,628.0658354818435,61195700
2025-10-29,633.4561767578125,634.69165413006,627.9562469711387,633.276839153424,67422800
2025-10-30,623.7715454101562,631.1944440896802,623.6619603385896,629.869267455657,61628600
2025-10-31,626.7805786132812,631.8919134270566,624.4092354874234,631.8619934183905,66305100
2025-11-03,629.7796630859375,633.5060422247587,627.5577374609765,632.7986042633725,37154300
2025-11-04,616.996337890625,624.6683271251044,616.2092348629542,621.0117005353788,63830800
2025-11-05,621.0116577148438,624.3195213581258,614.9637416360841,616.2390515684897,48688500
2025-11-06,609.44384765625,619.776101814492,608.078838551967,619.5270116741043,72115100
2025-11-07,607.5209350585938,607.7301926884926,596.4912153281726,606.0961466218313,81835400
2025-11-10,620.9617919921875,622.0378784586748,614.644899897251,616.6674802752618,55919900
2025-11-11,619.307861328125,620.4536395227035,615.2726130875191,618.3115007347396,44868800
2025-11-12,618.8196411132812,622.5858524528388,615.5615225825271,622.5659665942537,47444400
2025-11-13,606.1858520507812,615.8704485105809,603.8742880136988,615.2925422980531,71333600
2025-11-14,606.64404296875,611.1176919097272,594.9965862233795,597.3679290922347,80087300
2025-11-17,601.4630126953125,610.2509204798646,597.6868279161546,604.0934192729386,63850400
2025-11-18,594.1397705078125,600.1179339423381,589.1878876531316,597.4377215700049,83327300
2025-11-19,597.6868286132812,603.9539148983285,592.4260762649179,594.897031094223,73111500
2025-11-20,583.5385131835938,611.7953468701894,582.6218784315797,609.3940836964333,117743200
2025-11-21,587.9224853515625,594.807310091711,578.6264242609341,585.3319113971087,103344200
2025-11-24,602.9575805664062,604.4720682054578,592.9939741263881,593.1135933516537,60168100
2025-11-25,606.674072265625,608.0390815394395,595.1461718391749,601.3136469136847,57560900
2025-11-26,612.034423828125,613.9474190856081,608.1685399702174,610.2808195033393,42393600
2025-11-28,616.996337890625,617.0660904342964,613.1802595402138,613.8677508272276,23034400
2025-12-01,614.923828125,617.1855860502521,610.2907880213397,611.3967336448243,40957600
2025-12-02,619.7362670898438,621.4798980663827,615.3423437866954,617.2055331651553,54541800
2025-12-03,621.2507934570312,621.9481972408511,615.7807833814271,617.3649627124794,47841600
2025-12-04,620.6728515625,622.6655726885474,617.2852013230104,622.6555993528335,47067800
2025-12-05,623.2036743164062,626.6311575742,621.4401572213803,622.1077018660956,53614200
2025-12-08,622.0079956054688,626.5513972974647,619.4273950138578,624.9273247300189,43462400
2025-12-09,622.7752075195312,623.5922305440594,618.7399590794447,620.7426537012356,37156000
2025-12-10,625.3258666992188,626.920080160108,618.7299643381673,621.5795410824109,55031400
2025-12-11,623.3033447265625,623.5026290294861,615.4719033941835,621.5497401616841,58272800
2025-12-12,611.3867797851562,621.2706598008424,609.1349951238292,619.8160122611713,75158700
2025-12-15,608.3179931640625,616.1693197420918,607.102462393675,616.1195138735233,49538200
2025-12-16,609.5235595703125,611.2771638485672,604.7011478051123,606.0462710202155,55152800
2025-12-17,598.2247924804688,611.4166568355257,598.0953215609716,610.8287773715621,70654300
2025-12-18,606.8931884765625,610.6992932536183,604.7111563372118,607.5806797208244,78875800
2025-12-19,614.8042602539062,615.372193060386,609.6431199441153,609.722845815118,60369800
2025-12-22,617.7513427734375,620.1855972768566,616.3147325600856,619.8862552767364,43703100
2025-12-23,620.6444702148438,620.9437513214359,616.3247143117193,616.7437078609482,41120400
2025-12-24,622.460205078125,622.809417120355,620.255389239048,620.5247726871431,18468700
2025-12-26,622.4203491210938,624.0465142854792,621.6721158574088,623.1884938656726,28959800
2025-12-29,619.4074096679688,621.312944373981,617.2724362589381,618.6392040742111,32458300
2025-12-30,617.9707641601562,620.7142858196408,617.7612369489017,618.3798323976478,31226800
2025-12-31,612.8628540039062,618.4995685313527,612.6034567489972,618.1903012408169,40746500
2026-01-02,611.6756591796875,621.3827185880021,608.7126848809434,618.5993129536024,61859200
2026-01-05,616.5341796875,619.3475438678657,615.2671519649484,617.8610636312775,46828400
2026-01-06,621.951416015625,622.550039153126,617.0829067758982,617.7712838046286,43137500
2026-01-07,622.550048828125,626.4607976434537,621.0934661514185,621.5723159557587,44880300
2026-01-08,619.0083618164062,621.9514248328863,616.3446684463296,621.5623898130801,50435900
2026-01-09,625.173828125,626.4108973206594,617.6016810573577,619.946120817708,49688700
2026-01-12,625.6925659179688,627.368601054656,620.7941591397378,620.8440291770474,37388700
2026-01-13,624.7647705078125,627.9871421828441,622.2307758506613,625.7923733874012,44481400
2026-01-14,618.0905151367188,621.9813522711377,613.1122798122711,620.7741807448011,72598700
2026-01-15,620.3153076171875,628.5159146085045,619.2877047511574,625.1238996016858,53934900
2026-01-16,619.7965087890625,624.6051616315584,617.4221104790464,624.0265108868263,61058100
2026-01-20,606.6276245117188,613.611135001854,605.6199939698072,609.0918377338978,81988900
2026-01-21,614.8282470703125,618.958448118544,606.4280383777512,608.0342310571399,79837900
2026-01-22,619.2976684570312,620.9936758988773,616.3247080096578,620.8838887514372,42254800
2026-01-23,621.2530517578125,623.9267921630139,617.1926928942361,618.2701049354484,43645800
2026-01-26,623.9866333007812,626.1315320367429,620.654474506515,621.7419335987944,35983000
2026-01-27,629.6432495117188,630.5510790290263,625.8621995501378,627.428447510711,38997200
2026-01-28,631.728271484375,635.1003139672691,630.3216198646463,633.9630457840011,50691700
2026-01-29,627.9472045898438,632.1772064107698,616.8135217006399,631.1596506954837,79944000
2026-01-30,620.405029296875,626.7799907137291,617.8410762491409,624.2360100363766,65650700
2026-02-02,624.6650390625,627.0094788951942,617.2026180242116,617.2425627681274,49020300
2026-02-03,615.0676879882812,628.4959413976924,609.5207880738473,626.8199062679399,81234000
2026-02-04,604.322998046875,613.6509473291842,599.0554072347201,613.5711796318161,81850700
2026-02-05,595.6235961914062,603.3852370585454,593.3589241811554,598.7960977080248,89354500
2026-02-06,608.2138671875,609.9696699932801,597.3594924154261,598.7761302609774,78019300
2026-02-09,612.8728637695312,615.0078372205985,603.6446538426547,606.1088060763491,56797600
2026-02-10,610.029541015625,615.566515685603,609.5706636004911,613.8605219833995,53938900
2026-02-11,611.6657104492188,616.0653561148772,606.2584951427149,614.9280269463444,58575100
2026-02-12,599.22509765625,614.3593449076634,598.1576109292407,613.2619605146361,81378900
2026-02-13,600.5020141601562,605.0512695366964,595.0149707463246,599.0155339597561,69237500
2026-02-17,599.8834838867188,602.527265543405,591.9422745141455,596.9703796848319,69013800
2026-02-18,604.3629760742188,608.333642172117,599.3049116850376,600.6916520079001,64250700
2026-02-19,602.04833984375,604.3928403408552,599.3347767407971,601.3899214380363,60960800
2026-02-20,607.3757934570312,608.9121436812641,597.8183444916572,598.70626248816,74127300
2026-02-23,599.9932250976562,606.5777139403463,597.6387991893799,605.1809875790976,63859100
2026-02-24,606.4380493164062,607.5554060860559,598.3172099190714,600.9809641013653,55023700
2026-02-25,615.227294921875,615.3769659271486,609.5606824638733,609.6305248735758,55710700
2026-02-26,607.8048095703125,614.1398874724765,602.5571907580546,614.1398874724765,96178900
2026-02-27,605.8594360351562,606.8870389785335,600.7714740333364,601.5595911757949,68125200
2026-03-02,606.6575317382812,608.4831769130049,596.5812880631398,597.449233707877,75264600
2026-03-03,600.162841796875,602.5372399706525,590.4756942596103,594.9252095120197,97015500
2026-03-04,609.3112182617188,611.436205359631,602.0084551337541,602.7367159421393,70943900
2026-03-05,607.4755859375,611.3165531665334,600.8412876368789,605.9691941386595,89602400
2026-03-06,598.337158203125,604.5724349663923,596.9205203720956,598.8958365654587,86302300
2026-03-09,606.3283081054688,607.8347607375977,589.9370196014203,592.83015152989,93068200
2026-03-10,606.3383178710938,611.8452732023572,603.9938171455258,606.3483040570791,64078900
2026-03-11,606.2584228515625,610.9872467457833,603.6047159994632,607.5154643204306,60114800
2026-03-12,595.85302734375,602.716824803038,595.6435001258386,601.3400708370464,71836600
2026-03-13,592.3213500976562,602.1780807449821,591.1740956767717,598.3172021392496,63145500
2026-03-16,598.9656982421875,602.4374809704295,597.6986704778886,598.6264723831473,49077200
2026-03-17,601.8887939453125,604.4727195335382,600.4521836848432,601.7192114600242,47106600
2026-03-18,593.4986572265625,601.7391485345295,593.1594313501803,600.0730994941966,56128000
2026-03-19,591.623046875,594.3964663870662,585.6970372512312,588.1213056121308,75597600
2026-03-20,580.6888427734375,589.777367794347,577.177115328303,589.6676415345306,91964700
2026-03-23,587.3545532226562,594.426798587646,585.316814476339,589.8718065319924,89936100
2026-03-24,583.3389282226562,587.2846043834495,581.291190762444,584.168034177979,57750900
2026-03-25,587.1747436523438,590.7208345412774,585.0470769253521,588.4933019738706,60475500
2026-03-26,573.1600952148438,583.9882223389391,572.8005050402526,581.9604215239336,81492100
2026-03-27,561.9624633789062,570.3932010852176,560.953562318283,570.1834096572744,82702200
2026-03-30,557.6671752929688,567.4264087803426,554.990063621082,566.7571613464482,70602600
2026-03-31,576.54638671875,578.0048059355398,563.5906539497258,563.6705222317372,95878000
2026-04-01,583.6685791015625,587.0948065489223,579.7828346644924,580.8416686249938,79435100
2026-04-02,584.3378295898438,585.4066623334502,571.2921684003409,573.3399058573888,50941700
2026-04-06,587.85400390625,589.9616731281693,584.04818857967,585.5864761740653,35108500
2026-04-07,587.9439086914062,588.33343423744,577.7650922119919,584.9971348275072,49948200
2026-04-08,605.4246826171875,609.2304976949432,601.4590090396181,608.0418015962135,63086000
2026-04-09,609.5202026367188,609.8298599139192,602.3680889271087,605.2648690435934,37837500
2026-04-10,610.3992309570312,612.9963525292593,608.9108762966896,611.1684052317679,34038500
2026-04-13,616.7122802734375,626.0519920071752,607.4424380458482,608.8109292631304,32972100
2026-04-14,627.909912109375,627.909912109375,619.4192432257902,619.5391066149297,49921100
2026-04-15,636.7003173828125,637.1298380333551,627.5104045058445,628.389443361703,50102400
2026-04-16,639.7669067382812,641.4750515662109,634.5626649382287,638.508341093032,42320600
2026-04-17,648.1376953125,649.2864572780229,643.3629742993419,644.8813252169399,53488900
2026-04-20,646.0799560546875,648.0478251654257,641.8146849601577,647.3285838511964,37138500
2026-04-21,643.6226806640625,649.4862317832127,641.5050128476822,647.6981578004061,39580500
2026-04-22,654.390869140625,654.6106593494021,647.8081371457112,649.4363527672372,37368400
2026-04-23,650.7048950195312,656.1988574654163,644.8114082493845,652.8325617169355,40099800
2026-04-24,663.1512451171875,663.7805584259092,655.8093378063087,657.7871447947734,45563100
2026-04-27,663.5008544921875,663.7006471456002,659.9647623025988,662.6718094811696,32717000
2026-04-28,656.8281860351562,658.9159186391063,653.0923012400261,656.6883250827437,34147900
2026-04-29,660.84375,660.9935487523345,655.8692364466933,657.906975030037,31724900
2026-04-30,667.0069580078125,668.165718724101,656.8381407338443,664.6195670718752,40622200
2026-05-01,673.4099731445312,675.2279215792395,668.0658095505829,668.425399726581,39172600
2026-05-04,672.141357421875,675.9871067346722,668.165745937857,673.9193717407993,34542000
2026-05-05,680.8617553710938,682.0205161358222,676.7662804889583,677.2157986999623,37101100
2026-05-06,695.0062255859375,695.1660231170968,685.7263848294704,687.0250065058129,38778500
2026-05-07,694.1771240234375,700.4701959320079,691.0106209986512,695.8153383268437,43779100
2026-05-08,710.44921875,710.44921875,698.7321150158692,699.1516368844667,44320400
2026-05-11,712.5069580078125,713.805579696499,708.1317613118729,709.5801817559162,36019100
2026-05-12,706.463623046875,709.4003981235137,695.8752835015275,707.4425277497028,45873000
2026-05-13,713.9254760742188,715.8633489513101,704.0563165931343,709.1806902070881,40012500
2026-05-14,718.9998168945312,721.2374091114184,713.4359241362712,713.8355094170396,33327500
2026-05-15,708.1517944335938,714.3450008365951,704.7754998097428,709.3604881552494,51792700
2026-05-18,705.1051025390625,711.2883097073819,698.0827906816122,710.7588622671137,49834500
2026-05-19,700.7599487304688,705.714465040699,694.4868131207006,699.0418050981273,46827500
2026-05-20,712.3671875,712.3671875,703.0174157954351,704.5157692199168,36779200
2026-05-21,713.7256469726562,716.3327671783537,705.9941534147096,708.2116871156971,36415400
2026-05-22,716.7523193359375,721.3273088449104,715.1640988544713,717.2817668085307,33118600
2026-05-26,729.4783935546875,730.3673702569255,723.3650554496121,725.1631283460116,34254700
2026-05-27,728.6492919921875,732.515039000156,724.6436840304248,732.155448805963,35148700
2026-05-28,734.79248046875,735.7913827320126,725.6125662306399,728.9289290608506,32840000
2026-05-29,737.49951171875,740.815874477768,734.4428732975097,737.0300569298091,37541700
2026-06-01,741.9246826171875,744.8315224447946,735.1820921097265,736.2309273283665,33890600
2026-06-02,745.3408813476562,745.6206032443648,738.4184960219842,741.5850600741305,30085200
2026-06-03,743.39306640625,747.828194840854,740.1965670083828,746.4896389980919,40270200
2026-06-04,739.7969970703125,742.6838392688934,731.815777671541,734.6726235372454,40782600
2026-06-05,704.2860107421875,730.8867822650427,703.5468328396532,729.2585667367451,99606600
2026-06-08,715.283935546875,722.2363170978037,712.2872288217055,717.0220156925686,47401500
2026-06-09,707.052978515625,724.863361278284,685.6165148330579,722.1863106332692,91932200
2026-06-10,692.9285278320312,710.4992458337158,692.1693523412803,700.8897497708573,65334300
2026-06-11,716.332763671875,717.5813914617661,694.2370511794155,698.5223198057862,71798900
2026-06-12,720.5481567382812,723.2152086039907,710.4992028084189,716.8222099862159,51168400
2026-06-15,743.1832885742188,743.9424640540115,736.5705604269921,737.2897407963812,46710200
2026-06-16,729.0587768554688,743.4029984406948,728.8390476265988,741.4351902855873,45348700
2026-06-17,721.7168579101562,734.8723831709506,720.058646070882,734.38293083454,51669300
2026-06-18,739.8070068359375,741.005701773832,731.7059239216511,736.390778085872,50154600
2026-06-22,737.9500122070312,745.4500122070312,734.3900146484375,742.02001953125,43518600
2026-06-23,713.6500244140625,723.6099853515625,712.1099853515625,715.739990234375,53354200
2026-06-24,710.6199951171875,719.9299926757812,704.4500122070312,715.3699951171875,52480400
2026-06-25,716.3800048828125,726.8300170898438,705.2999877929688,725.9000244140625,49668000
2026-06-26,706.52001953125,715.5599975585938,702.8099975585938,707.1300048828125,47081800
2026-06-29,724.0800170898438,724.5800170898438,705.1699829101562,713.989990234375,44939100
2026-06-30,736.4000244140625,737.6199951171875,723.9099731445312,724.1799926757812,42121800
2026-07-01,725.1699829101562,731.9199829101562,724.5999755859375,729.1900024414062,40803800
2026-07-02,712.5999755859375,730.8300170898438,707.5599975585938,725.5800170898438,50959800
2026-07-06,722.8200073242188,726.0800170898438,718.4500122070312,719.9299926757812,30220400
2026-07-07,709.4299926757812,716.3499755859375,704.9000244140625,714.1699829101562,42483100
2026-07-08,711.4400024414062,712.260009765625,700.9099731445312,704.9500122070312,35603200
2026-07-09,723.280029296875,724.22998046875,715.1300048828125,718.3300170898438,33654700
2026-07-10,725.510009765625,726.3900146484375,717.0,720.7000122070312,26415900
2026-07-13,711.739990234375,718.739990234375,710.0800170898438,717.719970703125,36552400
2026-07-14,719.6900024414062,722.2899780273438,714.3400268554688,720.219970703125,29448100
2026-07-15,717.739990234375,724.3599853515625,710.22998046875,723.8499755859375,32627600
2026-07-16,705.9400024414062,713.5999755859375,702.6099853515625,712.010009765625,39402000
2026-07-17,695.3300170898438,702.2999877929688,686.760009765625,691.6500244140625,54109300
2026-07-20,696.0599975585938,705.7999877929688,695.510009765625,702.1599731445312,29687600
2026-07-21,708.969970703125,710.0499877929688,702.7999877929688,706.5700073242188,33728300
2026-07-22,705.3499755859375,709.6500244140625,703.6199951171875,703.6199951171875,23692200
2026-07-23,691.9600219726562,698.6599731445312,687.7899780273438,694.6699829101562,44028600
2026-07-24,684.22998046875,692.6300048828125,682.47998046875,690.4099731445312,42876700
2026-07-27,682.1199951171875,692.2999877929688,675.9500122070312,691.6799926757812,42681500
2026-07-28,675.489990234375,679.4000244140625,667.8800048828125,676.22998046875,51398700
2026-07-29,661.72998046875,680.0499877929688,661.1400146484375,675.510009765625,57233300
2026-07-30,683.5499877929688,685.1199951171875,673.2999877929688,674.760009765625,66753700
2026-07-31,687.989990234375,695.77001953125,680.0499877929688,692.1099853515625,50540500
2026-08-03,700.0700073242188,701.5900268554688,685.8200073242188,688.2999877929688,44965100
2026-08-04,723.8499755859375,725.6599731445312,707.530029296875,708.1599731445312,59778600
2026-08-05,717.2999877929688,728.5399780273438,716.9199829101562,726.25,33540200
2026-08-06,714.6500244140625,719.3200073242188,708.5,710.8200073242188,32876300
