Date,Close,High,Low,Open,Volume
2012-01-03,99.05699920654297,99.74069052402149,99.00261520878092,99.25899945283537,193697900
2012-01-04,99.21238708496094,99.29784850543541,98.4432402281024,98.8239282382267,127186500
2012-01-05,99.4765625,99.62417879747561,98.22573013673339,98.67634394040715,173895000
2012-01-06,99.22013092041016,99.61636049592684,98.89382700053054,99.60081882693639,148050000
2012-01-09,99.46099090576172,99.5852887076412,98.98707071255846,99.44544923496878,99530200
2012-01-10,100.32341766357422,100.72740645801758,100.1835662694769,100.5254120607959,115282000
2012-01-11,100.37776184082031,100.50983642378337,99.84946350896806,100.01260958299531,111540700
2012-01-12,100.61860656738281,100.76622282643291,99.86499545368103,100.66523158720646,118983700
2012-01-13,100.09807586669922,100.26123380347892,99.22793181673701,99.94269469418076,179836200
2012-01-17,100.48655700683594,101.24794507420313,100.14471123860189,101.06148051294105,132209200
2012-01-18,101.5975341796875,101.6519122559089,100.28454132815568,100.46322908548838,163395200
2012-01-19,102.1336441040039,102.21910555703215,101.62087538583445,101.94717951880746,126328900
2012-01-20,102.51432037353516,102.51432037353516,101.71409583933826,101.96271527181696,138230200
2012-01-23,102.2501449584961,102.7473718414185,101.76068298529196,102.17244844201721,129295800
2012-01-24,102.1336441040039,102.16471560745613,101.46549415891793,101.62087538583445,103083300
2012-01-25,102.98823547363281,103.22907812713838,101.58201596394431,101.978239827309,198613200
2012-01-26,102.45991516113281,103.64082158834339,102.0559146177061,103.44659215369144,184880500
2012-01-27,102.41331481933594,102.59200260224301,101.89276943703314,101.96270105193189,135259100
2012-01-30,102.06368255615234,102.11807248978441,101.04592218514541,101.39553280692901,147311800
2012-01-31,102.02484130859375,102.69297917127493,101.527602584103,102.56868134497591,157212000
2012-02-01,102.9183120727539,103.43884562755326,102.65416283983949,102.77846069044121,166234500
2012-02-02,103.08145141601562,103.34561248640146,102.71631094440255,103.12029967826282,113090400
2012-02-03,104.5265121459961,104.58866699052366,103.92829399521406,104.10698176396555,160598500
2012-02-06,104.45659637451172,104.50320954597869,103.97491112958639,104.09144405825384,107694500
2012-02-07,104.72071838378906,104.8994179677657,103.82726788319314,104.23903326397092,135528100
2012-02-08,105.031494140625,105.05480072066084,104.34780284671514,104.7751099054088,139361400
2012-02-09,105.16355895996094,105.3422466752722,104.54202255539293,105.20240720802536,148602900
2012-02-10,104.38665771484375,104.47211913199939,103.9826572105787,104.2312765531488,167907500
2012-02-13,105.16355895996094,105.28786861183872,104.68187387746066,105.13248747440194,115841900
2012-02-14,105.031494140625,105.0936489723279,104.30118968664345,104.88387789718337,165329500
2012-02-15,104.54203796386719,105.52872670699139,104.33226687725784,105.37334554665296,195195100
2012-02-16,105.69967651367188,105.79290286270115,104.36337685506564,104.54984140794988,186567800
2012-02-17,105.9793472290039,106.15027007288458,105.62973663191103,106.06480865094424,129869400
2012-02-21,106.02598571777344,106.47659951791721,105.69968162556441,106.22798010204772,134042300
2012-02-22,105.68412017822266,106.08812072602178,105.49765565120212,105.86280794068564,124455300
2012-02-23,106.1502685546875,106.22795321136184,105.27234776502247,105.62973512115879,137704300
2012-02-24,106.38333892822266,106.59311003437682,106.15027309341107,106.38333892822266,105539100
2012-02-27,106.5620346069336,106.84949036247045,105.50542606044542,105.67634890287904,145728900
2012-02-28,106.872802734375,106.99711241830117,106.3833407631807,106.5931118729531,129355900
2012-02-29,106.45326232910156,107.36225457928161,106.08033331249732,107.02817381709315,185934700
2012-03-01,107.0048599243164,107.20686609154737,106.38332346059855,106.67855594819949,145023500
2012-03-02,106.6785888671875,107.07482456067473,106.43774622869759,106.93497318214227,120638300
2012-03-05,106.2435073852539,106.59311801848176,105.87835507693323,106.51543335266703,140765000
2012-03-06,104.68965911865234,105.21795745951111,104.38666169261317,105.1558144763233,202129900
2012-03-07,105.41998291015625,105.59090578221347,104.82951776856753,104.93052088064462,143692200
2012-03-08,106.46881103515625,106.68635892751432,105.84728627353296,106.0648223110661,116968900
2012-03-09,106.88057708740234,107.16025608769007,106.53873139173024,106.67080598236288,122836800
2012-03-12,106.8883056640625,107.02814511667295,106.5076118405902,106.86499908862743,104003500
2012-03-13,108.81507110595703,108.86946102524583,107.28454257071303,107.46324214424384,184090500
2012-03-14,108.69850158691406,109.118031710088,108.36442098556437,108.8461177697325,145163600
2012-03-15,109.32788848876953,109.37450166627546,108.58204208419531,108.86173300405734,165118500
2012-03-16,109.47928619384766,109.61973857614291,109.24518698324175,109.52610365461274,152893500
2012-03-19,109.90843200683594,110.24396497610545,109.330989054009,109.4090260689342,125291100
2012-03-20,109.58849334716797,109.72114674280051,108.96423296842117,109.28416804971066,121729700
2012-03-21,109.40898895263672,109.75232074421493,109.18268883019054,109.65088694735505,122388400
2012-03-22,108.62092590332031,108.8940436322655,108.26198410121108,108.60531611420848,135216700
2012-03-23,108.9720458984375,109.09690037157284,108.11369818588223,108.71454991941545,120521000
2012-03-26,110.50145721435547,110.50145721435547,109.71333586485449,109.7523424600255,120164000
2012-03-27,110.15814208984375,110.67315787317933,110.08791591214658,110.60293169548217,119868500
2012-03-28,109.61192321777344,110.27520223068386,108.9642539917069,110.10353029573713,148562100
2012-03-29,109.4245834350586,109.62747483603847,108.53501656542198,108.96419617506515,164963700
2012-03-30,109.877197265625,110.06447893151841,109.2841565171252,109.96303320747926,135486800
2012-04-02,110.6809310913086,110.96965848826208,109.52605722382089,109.74454655262193,151741100
2012-04-03,110.2283706665039,110.71217879476286,109.58070145338536,110.52489707671633,155806700
2012-04-04,109.13590240478516,109.51045386086129,108.73013138174994,109.41681897353628,146896000
2012-04-05,109.08129119873047,109.401226322896,108.66772117257617,108.7613679813429,137439400
2012-04-09,107.856201171875,109.12032009615308,107.55967474498347,107.70793795842923,127555900
2012-04-10,106.0457992553711,107.94978763436303,105.93655460608993,107.64546240373883,235360300
2012-04-11,106.90415954589844,107.3255283664419,106.70907896278548,107.13044778332896,154133000
2012-04-12,108.30097961425781,108.3868155854051,106.92761598268042,107.0056530134613,154321500
2012-04-13,107.0134048461914,108.32435256419582,106.91195913218883,108.05123498346917,169246700
2012-04-16,106.94320678710938,107.71571848353014,106.57645423974266,107.55965635644958,147825300
2012-04-17,108.52723693847656,108.74572625011857,107.45038825483061,107.55963291065162,147877600
2012-04-18,108.16046905517578,108.52722147032553,107.98099826907253,108.0434254787547,123884200
2012-04-19,107.46604919433594,108.58190500235888,106.95884417374009,108.17614574859425,198666700
2012-04-20,107.64546966552734,108.33215716834657,107.58304244647336,107.94199597934012,143199600
2012-04-23,106.74031066894531,106.83395746654723,106.07704368097134,106.54523004187475,171844900
2012-04-24,107.1461181640625,107.41923589760134,106.74815783587046,106.83399381725862,137484200
2012-04-25,108.61309051513672,108.6599079599814,108.09807480829252,108.19170969798186,150252200
2012-04-26,109.3699951171875,109.494849564151,108.31655506944303,108.37898229292477,136291600
2012-04-27,109.54948425292969,109.86160851573109,109.08909679792554,109.69774744513245,130725000
2012-04-30,109.1436996459961,109.40901833391821,108.84718520515221,109.33098132451006,115092200
2012-05-01,109.82256317138672,110.54045824800346,108.95640495486929,109.08124747188332,138832200
2012-05-02,109.49486541748047,109.60411009769678,108.82378755135822,109.18272925487877,121081000
2012-05-03,108.659912109375,109.59629676235535,108.45703253837526,109.51046080793684,143759700
2012-05-04,106.90415954589844,108.69890329189238,106.84173233048942,108.09025282512187,193927300
2012-05-07,106.98225402832031,107.34119582633065,106.48284794346833,106.52185455563186,127765900
2012-05-08,106.55303955078125,106.72471145299215,105.28111006806674,106.34234914229035,213377700
2012-05-09,105.9209976196289,106.59987449459226,104.94559433639269,105.4215916148831,220752500
2012-05-10,106.13945770263672,106.78712673272935,105.89755966025484,106.65446144486663,150600000
2012-05-11,105.81954956054688,106.80275176216949,105.42938825576007,105.47620570724999,153032400
2012-05-14,104.6490707397461,105.81955471107717,104.493008591591,104.80513288790117,163910000
2012-05-15,104.0481948852539,105.19526986420992,103.88433383498929,104.57882035430221,207629300
2012-05-16,103.65023040771484,104.99238594765214,103.62682168722093,104.51638878631653,207265500
2012-05-17,102.11302947998047,103.79852937755874,102.05840117546862,103.67367488734267,247992900
2012-05-18,101.23904418945312,102.69044449784693,101.09078101119509,102.51096175217863,319615900
2012-05-21,102.97917938232422,103.01819789553936,101.40292432130522,101.56679731409739,177861100
2012-05-22,103.1586685180664,103.96240002412007,102.4875904550062,103.2445044996246,197531200
2012-05-23,103.21327209472656,103.36153529159718,101.43413754583467,102.41733972071351,204958400
2012-05-24,103.41615295410156,103.65805105438237,102.54999439410318,103.49418997660798,167357600
2012-05-25,103.0805892944336,103.66583106883779,102.83088042210278,103.37710369685847,135465600
2012-05-29,104.32909393310547,104.50856473647373,102.35487937573276,103.90772511068128,152883500
2012-05-30,102.8152847290039,104.32131329302139,102.60460623422803,103.43954508859494,162370400
2012-05-31,102.58899688720703,103.35370957990114,101.70722867903024,102.77627856791369,196186000
2012-06-01,100.00613403320312,102.61240831451583,100.00613403320312,100.98153715406355,253240900
2012-06-04,99.95931243896484,100.45871833984293,99.21019763425977,100.18560071462915,202545800
2012-06-05,100.71623992919922,100.86449121595926,99.70961714506392,99.76423948688479,164149400
2012-06-06,102.97917938232422,103.02599683547098,101.38731453466347,101.41853410794698,184202800
2012-06-07,103.04157257080078,104.1964463583002,102.830882194487,104.1496289206248,184772700
2012-06-08,103.86091613769531,103.88432485713867,102.44852259288852,102.77626847864528,143915400
2012-06-11,102.54217529296875,104.75828817780035,102.440729565012,104.6958609534251,169756100
2012-06-12,103.72046661376953,103.79069278205222,102.3471032824319,102.83869836718726,181931800
2012-06-13,103.05718231201172,104.06379294196269,102.70602771603446,103.41612393856572,172223900
2012-06-14,104.149658203125,104.56322822790209,102.98697324459857,103.26788985640734,230615500
2012-06-15,105.21485137939453,105.30897146645717,104.39911603174345,104.61873754720624,169444500
2012-06-18,105.41874694824219,105.67758906952386,104.54026118035597,104.77557328774576,131360900
2012-06-19,106.43840026855469,106.86980370472612,105.39519267507403,105.95209746876228,137382600
2012-06-20,106.26585388183594,106.75216871868646,105.31677815686922,106.44626659688737,206451800
2012-06-21,103.88139343261719,106.50117195303378,103.79511272836535,106.39136123566513,205272200
2012-06-22,104.68142700195312,104.8775183808978,104.02255087266336,104.42258494552999,130029200
2012-06-25,103.0029067993164,103.61471107198247,102.6342539723932,103.57549039430481,146375700
2012-06-26,103.52057647705078,103.8343299221978,102.69699014018632,103.30095504968294,141634000
2012-06-27,104.45397186279297,104.65790262253563,103.51273547929382,103.86569762704725,108088000
2012-06-28,104.15592956542969,104.3128123005834,102.97154151324192,103.76374666449001,169242100
2012-06-29,106.75214385986328,106.88548455180535,105.77168703517117,106.0462077650047,212250900
2012-07-02,107.07377624511719,107.18358698370687,106.29726172525899,107.05024622745317,129524500
2012-07-03,107.77969360351562,107.85812299235609,106.94041656047443,107.05022727962769,80450000
2012-07-05,107.29338073730469,108.08559776815811,106.90119788035815,107.37966144457177,126177500
2012-07-06,106.27371978759766,106.4933412401436,105.77172618628244,106.25802912142393,151192100
2012-07-09,106.14037322998047,106.33646465675609,105.6540583530167,106.18743325745127,103780500
2012-07-10,105.21485137939453,106.85417339426857,104.85403776486282,106.6816119223371,167884800
2012-07-11,105.23050689697266,105.57562972554456,104.6187025984937,105.26972757630509,141733400
2012-07-12,104.72064208984375,105.28538625312541,104.00687852298856,104.61868270513226,143583200
2012-07-13,106.47764587402344,106.58745659544934,104.97950448505718,104.99519515053831,129642600
2012-07-16,106.22663879394531,106.5403922484938,105.81092593908026,106.23449011060309,97525200
2012-07-17,106.95611572265625,107.17573717841037,105.53641560922003,106.65021355439359,138860300
2012-07-18,107.74832916259766,107.96011128575789,106.64238244936672,106.705121182885,113349700
2012-07-19,108.03068542480469,108.38364759909999,107.62282387464921,107.96793473205673,129847300
2012-07-20,107.04240417480469,107.5836185043566,106.92475408945539,107.41889641639501,142904500
2012-07-23,105.95996856689453,106.97180710843284,104.9795113583731,105.47366562137887,145210900
2012-07-24,105.05007934570312,106.08544768535333,104.344155091192,106.03838766418183,173301200
2012-07-25,105.0736312866211,105.54424351142342,104.51672639019738,105.26972270573967,129122300
2012-07-26,106.80707550048828,107.03454825491123,106.09329984394427,106.58745406285486,156526500
2012-07-27,108.77584075927734,109.08175490358659,106.78355694175544,107.37183127747873,236768900
2012-07-30,108.77584075927734,109.29352504714713,108.45425988512065,108.65035133036176,106782000
2012-07-31,108.01500701904297,108.92486214516312,108.01500701904297,108.6268113143957,120575900
2012-08-01,107.92083740234375,108.81501352011097,107.77180605463809,108.79148351452235,138293800
2012-08-02,107.17574310302734,107.90520952519154,106.34431726478712,107.10515305301955,199556600
2012-08-03,109.3013687133789,109.52882950780801,107.2071016925531,108.68171308745032,157825000
2012-08-06,109.51309967041016,109.944503059127,109.46603965863503,109.59154100234663,86326200
2012-08-07,110.06218719482422,110.53279937570085,109.83471446753494,109.95236452063678,109545100
2012-08-08,110.19554138183594,110.3210307976617,109.66216648281106,109.69354781312057,89754700
2012-08-09,110.28965759277344,110.50927902340426,109.92884411761116,110.03865483292658,90291700
2012-08-10,110.47007751464844,110.50929819873878,109.66218168997133,109.84258247462006,99792700
2012-08-13,110.41516876220703,110.470068140497,109.84257315371593,110.28182802239266,79426900
2012-08-14,110.43081665039062,110.89360140471703,110.10138456714563,110.82299941165391,102379400
2012-08-15,110.55633544921875,110.74458751297469,110.24259397809544,110.3131840138277,71085900
2012-08-16,111.37206268310547,111.50540338312187,110.43866581452288,110.71318656097975,112014200
2012-08-17,111.5211181640625,111.61525019395164,111.27012734412538,111.56033884581034,90813700
2012-08-20,111.52897644042969,111.55250645725224,111.05835216703407,111.36425435419949,78255700
2012-08-21,111.19171142578125,112.23491956294905,110.94855989916213,111.80351590194364,105581100
2012-08-22,111.23873901367188,111.41913975678767,110.65046479316979,110.9092949179374,133243500
2012-08-23,110.32886505126953,110.97203860149371,110.15630366666744,110.96419925436412,111466400
2012-08-24,110.99557495117188,111.24657769528216,109.98374856409258,110.05433859769751,99481200
2012-08-27,111.01910400390625,111.44266813881818,110.86223327442644,111.29363675684803,68785900
2012-08-28,110.90930938720703,111.2544322232149,110.57203786831737,110.73674796920308,75689600
2012-08-29,110.99557495117188,111.29363771768544,110.68967283708096,111.00342626721881,65421300
2012-08-30,110.19554138183594,110.548503552758,109.96022927839763,110.5171222224485,96589900
2012-08-31,110.72108459472656,111.23876892038132,110.09358953046076,110.82304401513284,151970400
2012-09-04,110.61906433105469,110.95634771607078,109.91314017594948,110.62690367732293,120226200
2012-09-05,110.52497863769531,110.96422153452436,110.3053571892808,110.66615872518838,100660300
2012-09-06,112.76825714111328,112.77609648926227,111.18383511667396,111.19167446482294,158272500
2012-09-07,113.2074966430664,113.25455666750294,112.85453449132231,112.95649388811144,107272100
2012-09-10,112.5643081665039,113.29377443193032,112.52509945946134,113.09768302283835,86458500
2012-09-11,112.87810516357422,113.23890679319939,112.60357229751098,112.63495363741934,88760000
2012-09-12,113.2545394897461,113.3800408481883,112.87019606769245,113.2545394897461,87640900
2012-09-13,114.98014831542969,115.33311043523979,112.94080497404406,113.23885575799954,225470200
2012-09-14,115.49003601074219,116.17243049365887,115.11353177257058,115.20766381635022,169777000
2012-09-17,115.09784698486328,115.45080921706688,114.80762348722995,115.25471775823456,119427800
2012-09-18,115.00366973876953,115.15270110385434,114.71345832368948,114.90171035881791,98326600
2012-09-19,115.06643676757812,115.43508957512931,114.83897599855305,115.13702680260627,128318300
2012-09-20,115.07424926757812,115.13698796523838,114.22713322757538,114.54087458973976,154009800
2012-09-21,115.02619934082031,115.6570440215981,114.97888809542525,115.63338839890056,108737500
2012-09-24,114.85267639160156,115.11290018218885,114.37165884518696,114.45840010871606,95682000
2012-09-25,113.63047790527344,115.31798063298368,113.59892905109433,115.09718678317952,133165200
2012-09-26,112.9917221069336,113.63834115951988,112.72361705055607,113.60680434268274,146502200
2012-09-27,114.05626678466797,114.31649063036093,113.1651983462975,113.46485223510027,111830300
2012-09-28,113.52794647216797,113.9931897318672,113.12578887973723,113.62256895689033,150696100
2012-10-01,113.82756805419922,114.88422560802185,113.55945103636881,113.96162054693576,135911200
2012-10-02,113.94589233398438,114.4584468983204,113.41756334282445,114.27708310311318,113422200
2012-10-03,114.41112518310547,114.6792302527728,113.65412121788466,114.25341702638123,121283100
2012-10-04,115.23120880126953,115.39679812856747,114.68710551828647,114.844813650309,124311600
2012-10-05,115.23908996582031,116.04341708098775,114.89212485604773,115.84627890792234,124842100
2012-10-08,114.84481048583984,115.2233123987364,114.58458666061131,114.81327367324799,78415400
2012-10-09,113.7093276977539,114.8527270156304,113.66989764561418,114.75810451638513,148872900
2012-10-10,112.98382568359375,113.80392719915768,112.83399875099886,113.69351827420662,124247500
2012-10-11,113.04690551757812,113.93797383982869,113.02324990126688,113.77237249329181,123601500
2012-10-12,112.67631530761719,113.51217939640986,112.43186585135082,113.1257962038707,124181900
2012-10-15,113.6147232055664,113.73300134836917,112.58172065054065,112.94444831004544,107689100
2012-10-16,114.76597595214844,114.84483604972023,114.07205762943516,114.1509056946454,108815500
2012-10-17,115.28643798828125,115.3810725235533,114.67136765464657,114.84485026488846,128834100
2012-10-18,114.9867935180664,115.53877816014531,114.6003982524298,114.9867935180664,148108500
2012-10-19,113.07056427001953,114.78172208068948,112.80245925615056,114.7738408858199,185645200
2012-10-22,113.08636474609375,113.2913841511647,112.1952961938351,112.88133330866144,125578600
2012-10-23,111.51713562011719,112.021808931221,111.05189235551666,111.86410077756872,192056300
2012-10-24,111.2017593383789,112.0533981134701,111.02827669721042,111.91933350063202,120179400
2012-10-25,111.52500915527344,112.19528380270224,110.84686534438973,111.99026442027414,134457400
2012-10-26,111.4619369506836,111.8483201006805,110.70492101016121,111.42250690638427,146023500
2012-10-31,111.4619369506836,111.99814704960181,110.933596015321,111.85621332895647,103438500
2012-11-01,112.6290054321289,112.77093917012807,111.59600311992946,111.69850680880832,100995600
2012-11-02,111.6275405883789,113.33081764843509,111.50926247269238,113.29926879601088,137702200
2012-11-05,111.8562240600586,112.10855470953366,111.13074486595957,111.4619476439602,98378500
2012-11-06,112.73148345947266,113.17307098429916,112.07698336647708,112.19526144192788,107068100
2012-11-07,110.17657470703125,111.72213112765029,109.65612708213864,111.70636873830804,264304500
2012-11-08,108.8518295288086,110.72070795516842,108.76508823448505,110.16083014046887,181517300
2012-11-09,108.94646453857422,109.95581122301071,108.46544681924419,108.52063926186287,201055300
2012-11-12,109.0331802368164,109.45899338120289,108.78873083611687,109.28551083250798,97677500
2012-11-13,108.65470886230469,109.80600149719747,108.31563685942771,108.45757061904222,123018300
2012-11-14,107.18798065185547,109.15936273137045,106.94353119917342,108.98589217814555,191505000
2012-11-15,107.00657653808594,107.62953977853589,106.59652585103657,107.22737028518404,178128400
2012-11-16,107.53495788574219,107.74787054327442,106.21807595278855,107.16433705063014,239483900
2012-11-19,109.71138763427734,109.72715003167846,107.56652241601175,108.74145873770951,151495800
2012-11-20,109.75868225097656,109.9400460525087,108.88338803333866,109.53788839719066,119807400
2012-11-21,109.96366882324219,110.05830332684951,109.63247814151408,109.85327192933282,81710800
2012-11-23,111.4619369506836,111.50135496262274,110.42892273242614,110.49990162510899,65409200
2012-11-26,111.22534942626953,111.46979881322366,110.54719369196546,110.90992115894316,100124400
2012-11-27,110.65760040283203,111.49346432883739,110.58663354851667,111.1149624067963,128646200
2012-11-28,111.54869842529297,111.61177206875587,109.60885299884377,110.20814887064024,177086500
2012-11-29,112.06914520263672,112.37668038226722,111.47773047008856,111.96664149766892,151085900
2012-11-30,112.0927963256836,112.30570898990831,111.70641308332223,112.0849151278838,136568300
2012-12-03,111.54077911376953,112.69995256723674,111.45403783383799,112.60533009180578,124656300
2012-12-04,111.38307189941406,111.87197073633429,111.0834180149225,111.53289884165984,127512200
2012-12-05,111.5802001953125,112.10064783310617,110.68913184869838,111.47768450025535,147300500
2012-12-06,111.95870971679688,112.00602095393204,111.31210275535074,111.4776920853238,103220600
2012-12-07,112.29778289794922,112.51857667170528,111.71424962024635,112.39240536317088,108726400
2012-12-10,112.34513092041016,112.61323601457389,112.0927882207063,112.14011150117241,98840700
2012-12-11,113.11003875732422,113.63836779780718,112.75519233101338,112.81038478150634,152570400
2012-12-12,113.16519927978516,113.9853008667388,113.00749113840482,113.55159445367292,145880100
2012-12-13,112.4712905883789,113.41755154926021,112.18741109687842,113.09424201098115,135715000
2012-12-14,112.05335235595703,112.43185431286832,111.87986978563096,112.22683492628309,137701700
2012-12-17,113.3702392578125,113.43332492560273,112.3135693627771,112.34511821285264,143238200
2012-12-18,114.6319351196289,114.73445085046994,113.38602005138975,113.55162146025891,177762800
2012-12-19,113.78024291992188,114.79748245446757,113.74082491803912,114.7580524202277,150895400
2012-12-20,114.43474578857422,114.45052020912809,113.53579633472258,113.8512245840128,168487000
2012-12-21,113.39600372314453,114.428395051869,112.72098747883317,112.90363750756497,245883800
2012-12-24,113.04663848876953,113.21340228989425,112.91957227611195,113.14986918356546,53874600
2012-12-26,112.57017517089844,113.33256052500967,112.25252167534615,113.27696449855075,106947700
2012-12-27,112.41925811767578,112.83221725540028,111.11685971503802,112.60190822721307,167920600
2012-12-28,111.20420837402344,112.30807028299807,111.07714216866083,111.68863767898067,148806700
2012-12-31,113.09425354003906,113.21337050740262,110.81504791700321,110.91035360859163,243935200
2013-01-02,115.99288940429688,116.06435959081082,114.93667443869583,115.23845360535289,192059000
2013-01-03,115.73085021972656,116.23910298631965,115.421133879423,115.9373358583968,144761800
2013-01-04,116.23904418945312,116.42964342465343,115.68314490057182,115.9213909151483,116817700
2013-01-07,115.9214096069336,116.03258948263709,115.49256428800751,115.82611603281563,110002500
2013-01-08,115.5878677368164,115.87376057132012,115.13519903314497,115.7149339116397,121265100
2013-01-09,115.88172149658203,116.19938699897473,115.65936170375709,115.84201179407047,90745600
2013-01-10,116.80289459228516,116.81083168307877,115.92139280635784,116.52493888446193,130735400
2013-01-11,116.79501342773438,116.85853441989158,116.42970107547124,116.77117790854834,113917300
2013-01-14,116.715576171875,116.79499557648535,116.28673077529884,116.65204307172668,89567200
2013-01-15,116.79501342773438,116.906193340562,116.10409843158263,116.17556863603573,93172600
2013-01-16,116.77909088134766,116.96174094194747,116.42966494441033,116.55673112469626,104849500
2013-01-17,117.53356170654297,117.86710144104546,116.85853302533695,117.29531557684076,133833500
2013-01-18,117.79556274414062,117.92262888845825,117.08082477062489,117.50966997827322,169906000
2013-01-22,118.430908203125,118.430908203125,117.51763371615662,117.79558945516813,111797300
2013-01-23,118.62147521972656,118.72471798259127,118.21646549399568,118.4308881100627,104596100
2013-01-24,118.65325164794922,119.23297432138884,118.33558625875963,118.4467661155521,146426400
2013-01-25,119.3204345703125,119.3204345703125,118.62158222394854,119.02660443273042,147211600
2013-01-28,119.1773910522461,119.38386446798785,118.73265950514013,119.35209187006105,113357700
2013-01-29,119.64599609375,119.79688571813418,118.8597874750807,118.93920689350456,105694400
2013-01-30,119.1773910522461,119.86829358595888,119.06619907719788,119.63004757229031,137447700
2013-01-31,118.88363647460938,119.42366197722349,118.80422915678977,119.03452613148251,108975800
2013-02-01,120.10655975341797,120.24950011498701,119.43153128770369,119.63800473809154,131173000
2013-02-04,118.75650787353516,120.13038825699931,118.66915138740563,119.37595248644334,159073600
2013-02-05,119.95562744140625,120.29710403972763,119.3520693715272,119.39972825943345,113912400
2013-02-06,120.04307556152344,120.12248286661853,119.44746624364863,119.53482276164505,138762800
2013-02-07,119.8841781616211,120.19389433962947,119.01061349662547,120.08271448387507,162490000
2013-02-08,120.55128479003906,120.62275497410366,120.09067896323695,120.09067896323695,103133700
2013-02-11,120.5274658203125,120.6306964951852,120.22568665291844,120.50364242474966,73775000
2013-02-12,120.7259750366211,120.94833475698456,120.40037254691174,120.535375797297,65392700
2013-02-13,120.82925415039062,121.19456647619039,120.48777734205025,120.97220666664298,82322600
2013-02-14,120.94036865234375,121.08332109128946,120.32888556562008,120.46388879714456,80834300
2013-02-15,120.79745483398438,121.17864122531465,120.35273535781624,121.05157505563892,215226500
2013-02-19,121.70275115966797,121.72657454610753,120.8371358051802,121.00389951025706,95105400
2013-02-20,120.18596649169922,121.65514038456854,120.12243340316294,121.61543068952118,160574800
2013-02-21,119.4553451538086,120.24949052415784,119.07415876899604,119.88419043970734,183257000
2013-02-22,120.62278747558594,120.62278747558592,119.5109883649049,120.03511530696797,106356600
2013-02-25,118.3276596069336,121.39306120629088,118.3276596069336,121.21041116495336,245824800
2013-02-26,119.13772583007812,119.28066622101228,118.11327122424946,118.89947972748773,186596200
2013-02-27,120.63864135742188,120.97218100097864,118.93122132486675,119.03446411371702,150781900
2013-02-28,120.40042877197266,121.40104798088136,120.24160205721437,120.63072569071696,126866000
2013-03-01,120.79745483398438,120.98010487933267,119.44741010484628,119.98742314942277,170634800
2013-03-04,121.44071960449219,121.44071960449217,120.32892083214897,120.51950798300906,99010200
2013-03-05,122.5286865234375,122.8542890406072,122.01249686856609,122.02838316927354,121431900
2013-03-06,122.69544982910156,123.02898940363971,122.42544333319387,122.96545632500924,94469900
2013-03-07,122.91787719726562,123.07670392240934,122.71140366634907,122.85434408366768,86101400
2013-03-08,123.44193267822266,123.60869638546416,122.82250038736589,123.45781897528657,123477800
2013-03-11,123.9105224609375,123.91845955363422,123.19579635187192,123.34668593700103,83746800
2013-03-12,123.63253784179688,123.96608954041865,123.2593006889505,123.82313708133847,105755800
2013-03-13,123.80726623535156,123.98197919731473,123.27519025762645,123.69608636116567,92550900
2013-03-14,124.46640014648438,124.5219961387445,123.81520724585968,124.13286054601369,126329900
2013-03-15,124.30210876464844,124.46961425384858,123.88731298158993,124.31806572558008,138601100
2013-03-18,123.61609649658203,124.15053901869909,123.00188134721417,123.11355572240886,126704300
2013-03-19,123.32894897460938,124.04685403184246,122.5153143172417,123.8793485318994,167567300
2013-03-20,124.1904067993164,124.39779855898763,123.84739915923804,124.0548030905015,113759300
2013-03-21,123.12950897216797,124.15053527792473,122.92211718779645,123.44857512836933,128605000
2013-03-22,124.11862182617188,124.11862182617188,123.42463413590892,123.52036371101666,111163600
2013-03-25,123.6001205444336,124.65306063869814,123.12152136925238,124.44565670835334,151322300
2013-03-26,124.58927154541016,124.621173295254,123.97505635946219,124.11066009658933,86856600
2013-03-27,124.58927154541016,124.62915786141102,123.6400332139255,123.84742501689733,99950600
2013-03-28,124.97221374511719,125.11580211773388,124.23835142841142,124.50955903361995,102932800
2013-04-01,124.47762298583984,125.16362637994057,124.17450152726593,124.90836364185785,99194100
2013-04-02,125.09180450439453,125.40289827513945,124.73283985449396,124.92428685633467,101504300
2013-04-03,123.82352447509766,125.2593469840784,123.49648581961677,125.16362954067888,154167400
2013-04-04,124.32603454589844,124.57331266105271,123.71181936943508,123.98302683950139,131885000
2013-04-05,123.76763916015625,123.9191998269034,122.65886796377572,122.80244406600421,159666000
2013-04-08,124.605224609375,124.61319700368796,123.44060994518226,123.85540570974885,86571200
2013-04-09,125.03594970703125,125.49063173014868,124.42173461621387,124.83653032950808,101922200
2013-04-10,126.56747436523438,126.72700741440487,125.339056497871,125.37095823906851,135711100
2013-04-11,126.98228454589844,127.39708025843085,126.46378686233473,126.59141818489745,110142500
2013-04-12,126.67119598388672,126.86263080396556,125.969235852682,126.57546640225395,116359900
2013-04-15,123.7357177734375,126.13673460284944,123.71977298854756,126.03303264310722,217259000
2013-04-16,125.56242370605469,125.62623936944615,124.36590740354971,124.66901659016757,147507800
2013-04-17,123.72774505615234,124.69294008948665,123.0656713372124,124.66899856903156,226834800
2013-04-18,122.9539794921875,123.96703307911802,122.48335280270574,123.9351191707794,167583200
2013-04-19,124.02290344238281,124.07874671386745,122.9380614754793,123.24118284275332,149687600
2013-04-22,124.57331085205078,124.8684476727433,123.44061010681544,124.26221707111709,106553500
2013-04-23,125.85752868652344,125.97717541789395,124.57326769292257,125.19545503922956,166141300
2013-04-24,125.93738555908203,126.27240880268933,125.66616583383949,125.89749923140535,96781200
2013-04-25,126.44780731201172,127.04606527900626,126.1127843110855,126.30421907070648,131060600
2013-04-26,126.22453308105469,126.51169756142045,125.81770963377178,126.29632115824695,95918800
2013-04-29,127.0700454711914,127.34922533121598,126.3680852807856,126.56750468291504,88572800
2013-04-30,127.37322235107422,127.40513628846163,126.51971318577394,127.04618360825869,116010700
2013-05-01,126.25639343261719,127.15777290043036,126.11281732531562,127.09395723998766,138874200
2013-05-02,127.42908477783203,127.54075923224427,126.45591645869565,126.57556331285068,96407600
2013-05-03,128.72120666503906,129.12802995579105,127.45290243625325,128.53774425893852,144202300
2013-05-06,129.0482940673828,129.23175652569444,128.76112961578417,128.8169728957373,66882100
2013-05-07,129.70236206054688,129.74223619694828,128.96051568095925,129.32745267427217,90359200
2013-05-08,130.29270935058594,130.33259568115648,129.4870590280976,129.55884712016504,97419200
2013-05-09,129.9257354736328,130.57982479699785,129.59868472615298,130.23682926056387,106738600
2013-05-10,130.3485107421875,130.46018512892348,129.63059353751743,130.01348758197958,103203000
2013-05-13,130.45220947265625,130.66758586592758,129.87789270992621,130.18100196800114,81843200
2013-05-14,131.8002471923828,131.89597676708692,130.55587226556133,130.55587226556133,119000900
2013-05-15,132.51019287109375,132.77342792747586,131.54500983595298,131.58489614842185,120718500
2013-05-16,131.88804626464844,132.70168103939193,131.68862681202683,132.23902644871808,109913600
2013-05-17,133.16432189941406,133.2440823692801,132.19912649274443,132.37461656668438,129801000
2013-05-20,133.15631103515625,133.67480875906975,132.90106054175993,133.03666426818828,85071200
2013-05-21,133.34771728515625,133.85025789604174,132.8132749366925,133.27592924691263,95804200
2013-05-22,132.358642578125,134.86336200732845,131.75241196442164,133.4833709514435,244031800
2013-05-23,131.975830078125,132.34276733423823,130.77134061225075,130.9468307558352,211064400
2013-05-24,131.86402893066406,131.91987218250895,130.80311668991547,131.1939829380616,151573900
2013-05-28,132.65377807617188,133.83433743391012,132.2629116976183,133.2440516692443,143679800
2013-05-29,131.7923126220703,132.25496715587354,131.0903523402177,131.95184573023792,160363400
2013-05-30,132.27890014648438,132.88513084280945,131.79231624167204,131.8960182420473,107793800
2013-05-31,130.3804168701172,132.6617755656729,130.12516633683597,131.9119565845916,176850100
2013-06-03,131.09828186035156,131.18602685873992,129.75020514492624,130.68348621600742,168390700
2013-06-04,130.46817016601562,131.69660071073977,129.80609617635716,131.17013047728656,157631500
2013-06-05,128.6414794921875,130.3564815906289,128.52980510677637,130.09324650253228,211737800
2013-06-06,129.80604553222656,129.81403009639175,127.82780890234515,128.58560003094243,200225500
2013-06-07,131.4572296142578,131.57687634803057,130.13308229308402,130.6994385666527,188337800
2013-06-10,131.4572296142578,131.93582872093927,131.11422202479187,131.8640406806756,105667100
2013-06-11,130.10121154785156,131.24985698047632,129.81404714679704,130.26074462141668,159505400
2013-06-12,129.0243682861328,131.13023693234715,128.9047214994826,130.99463318361163,177361500
2013-06-13,130.98667907714844,131.21800028750192,128.66543371926818,128.95259821891932,163587800
2013-06-14,130.1649932861328,131.3535370030047,129.94962915002972,130.84302394996004,141197500
2013-06-17,131.17007446289062,131.79226186523994,130.19690705478706,131.0504155491519,136295600
2013-06-18,132.20712280273438,132.40654225250657,131.2339549141184,131.24192731033426,114695600
2013-06-19,130.3804168701172,132.32675239421872,130.32458576067268,132.09543121807025,206149500
2013-06-20,127.14983367919922,130.39638809678348,126.81481047109517,129.1121263799195,321255900
2013-06-21,127.55799865722656,128.11129833699835,126.27495617903132,128.01507443373367,271956800
2013-06-24,125.94609832763672,127.04469467565531,124.87957251588469,126.22676752293711,222329000
2013-06-25,127.15705108642578,128.3839548132033,126.23486046933154,127.08487092202705,162262200
2013-06-26,128.41603088378906,128.70471484578036,127.70234167719953,128.19951485329543,134848000
2013-06-27,129.16978454589844,129.76319371543048,129.06553384741375,129.1858259385878,129483700
2013-06-28,128.64056396484375,129.4264211180211,128.1915027344567,128.8089680442393,160402900
2013-07-01,129.39431762695312,130.29243985914096,129.16978706890617,129.31412289793735,131954800
2013-07-02,129.2740478515625,130.1481141804139,128.70469459754082,129.20186769541985,154863700
2013-07-03,129.3301544189453,129.72308898353296,128.48014419465062,128.68863334378054,75216400
2013-07-05,130.7255096435547,130.77362160048625,129.34624311017788,130.28446297834677,122416900
2013-07-08,131.47125244140625,131.82408972793098,130.77360468414122,131.39908451534427,108092500
2013-07-09,132.41748046875,132.57785769399422,131.72784738780172,132.29718837281837,119298000
2013-07-10,132.4656524658203,132.91471379448456,132.01659113715607,132.28923376727315,121410100
2013-07-11,134.2698974609375,134.4062187484436,132.45759887597197,134.0052694666018,135592200
2013-07-12,134.3260040283203,134.6627999066781,134.02129093990092,134.22978013050357,104212700
2013-07-15,134.8391876220703,135.03164760956813,134.46229446071817,134.69485180844424,69450600
2013-07-16,134.3340301513672,135.00762190461066,133.9731783004153,134.92742716617727,88702100
2013-07-17,134.67884826660156,135.10385348527035,134.50242962081455,134.84725233248912,92873900
2013-07-18,135.41659545898438,135.73736219982524,134.87932493357596,134.9675342578072,103620100
2013-07-19,135.65719604492188,135.70530800718743,134.9675627017761,135.13596680570816,103831700
2013-07-22,135.9218292236328,136.11428931599022,135.52889445690425,135.84966127749993,79428600
2013-07-23,135.63308715820312,136.18639898043526,135.5609192429549,136.16234300868584,80829700
2013-07-24,135.1359405517578,136.2104816202709,134.86328575855282,136.1543428511992,112914000
2013-07-25,135.46473693847656,135.5850290810121,134.67086508335456,134.89539573288428,111088600
2013-07-26,135.60906982421875,135.64916720055825,134.33405401423084,134.89538057498012,107814600
2013-07-29,135.19204711914062,135.5689403426745,134.80713931663738,135.26421503786028,79695000
2013-07-30,135.19204711914062,135.74535896798815,134.87129265638765,135.60102313054884,85209600
2013-07-31,135.2882843017578,136.20244798733077,135.11186567506843,135.47271750747908,142388700
2013-08-01,136.8519744873047,136.97225434464943,136.2425239140975,136.31470406450202,110438400
2013-08-02,137.08453369140625,137.10057508603097,136.36283000127966,136.54726321346777,91116700
2013-08-05,136.88406372070312,137.09256514988948,136.603406603259,136.7798252421093,54072700
2013-08-06,136.10621643066406,136.91614167203338,135.801503349237,136.61943093390846,87495000
2013-08-07,135.66519165039062,135.86566628912405,135.16000388126307,135.67321846698053,84854700
2013-08-08,136.16238403320312,136.46709717916897,135.4647239342779,136.3067199071867,102181300
2013-08-09,135.76942443847656,136.40293106532772,135.29630729022017,135.98594044578007,91757700
2013-08-12,135.60906982421875,135.7694470935755,135.02368728486604,135.087840639809,68593300
2013-08-13,136.0099639892578,136.24250910017176,135.04768852713698,135.84958678490372,80806000
2013-08-14,135.31234741210938,136.1623578022669,135.28026462229258,135.94584179700064,79829200
2013-08-15,133.41989135742188,134.26187508835866,133.18733391409535,134.24584592647517,152931800
2013-08-16,132.97885131835938,133.62037266973894,132.71422330206522,133.1632845772303,130868200
2013-08-19,132.1288299560547,133.28356584719572,132.12080313936553,132.82647779195196,96437600
2013-08-20,132.7783203125,133.27549333672852,132.20095256488122,132.34528838378748,89294400
2013-08-21,131.96043395996094,133.13922590140214,131.66373538830626,132.40949522603344,159530500
2013-08-22,133.16323852539062,133.35569853504668,132.2250189208133,132.23303349938314,101471400
2013-08-23,133.61227416992188,133.7806781757617,132.9306680415118,133.5561476586389,90888900
2013-08-26,133.11512756347656,134.1575978771371,133.02691825456688,133.74862188310223,89702100
2013-08-27,130.9740753173828,133.11514271073557,130.87785141889483,131.80002974206948,158619400
2013-08-28,131.43922424316406,131.90432697655547,130.74959084344627,130.91798272518926,108113000
2013-08-29,131.64767456054688,132.34532233623182,131.03020929282573,131.1505014087714,119200500
2013-08-30,131.23065185546875,131.93632627474508,130.8457440976803,131.92028488267144,134928900
2013-09-03,131.8240509033203,132.77831176464673,131.27073916113972,132.49764248684622,142375100
2013-09-04,132.91465759277344,133.1391881621649,131.6155861218658,131.85614584907213,97389400
2013-09-05,133.0830535888672,133.4358785794302,132.89860816116658,132.99484428222704,63090500
2013-09-06,133.1472625732422,133.90104935321227,131.89630248563392,133.52415596322723,159756500
2013-09-09,134.4222412109375,134.50242371441064,133.47599467635965,133.47599467635965,87559300
2013-09-10,135.41659545898438,135.44065143504744,134.9274368857021,135.2321622305009,105847200
2013-09-11,135.8415985107422,135.8415985107422,134.99961489000606,135.23216006689512,94545900
2013-09-12,135.48069763183594,135.96985602034775,135.29626447301865,135.7934374385241,83209000
2013-09-13,135.78546142578125,135.8897121362839,135.31234429288278,135.6250841883918,72727800
2013-09-16,136.5712890625,137.31706079806074,136.35477310882155,137.25290746971172,106299200
2013-09-17,137.18072509765625,137.21279564045068,136.69156672707499,136.69156672707499,82523300
2013-09-18,138.76852416992188,139.1454174065867,136.78783409161912,137.13264453929182,203460600
2013-09-19,138.53598022460938,139.209584262849,138.39965894815614,139.1454309146357,146616900
2013-09-20,137.5674285888672,138.86477888413953,137.45461605430629,138.86477888413953,132867100
2013-09-23,136.9307861328125,137.51096819258325,136.49565573580432,137.3820484092429,104616500
2013-09-24,136.60850524902344,137.41431251754625,136.35065331683055,136.90665000377106,106333100
2013-09-25,136.21360778808594,136.97106832381147,136.09274165818883,136.6970968989521,117306500
2013-09-26,136.73741149902344,137.12419547197402,136.22169543654238,136.43926680066994,77146900
2013-09-27,136.10891723632812,136.29424947696288,135.75436004857892,136.05250482207532,99141800
2013-09-30,135.38368225097656,135.81075914327903,134.69068746986702,134.9566053586741,143937000
2013-10-01,136.455322265625,136.58425430618823,135.35137087043813,135.48835655267303,127160000
2013-10-02,136.326416015625,136.4553480805799,135.23858399361887,135.65760705690312,113350000
2013-10-03,135.06936645507812,136.1330376052511,134.44083797384468,136.0121591769283,176698000
2013-10-04,136.09275817871094,136.22974390776955,134.99686005060178,135.1741385930636,96878000
2013-10-07,134.91627502441406,135.73820169806507,134.77123565028526,134.9082213799537,96295000
2013-10-08,133.34495544433594,135.06938214624023,133.24826252695607,134.89210360061676,178015000
2013-10-09,133.44168090820312,133.92515786411457,132.57946127858193,133.60283989350694,168973000
2013-10-10,136.31845092773438,136.3909706505174,134.75518243763003,134.8035289194854,195955000
2013-10-11,137.19671630859375,137.24507506430263,135.99607156476984,136.108884070142,105040000
2013-10-14,137.74473571777344,137.85754827570224,136.24593327920675,136.3506921885859,112106000
2013-10-15,136.74545288085938,137.91387063530235,136.56012070355484,137.39815461906903,155485000
2013-10-16,138.65524291992188,138.72776261284324,137.5029322957254,137.56739834353596,161676000
2013-10-17,139.58193969726562,139.66252534448827,138.06701805811292,138.09119129315104,129389000
2013-10-18,140.52468872070312,140.62138163055917,139.81557459338657,140.09761197465284,138316000
2013-10-21,140.53273010253906,140.8147674591963,140.21846587728828,140.57302291000988,104104000
2013-10-22,141.34664916992188,141.76566007667307,140.55694923163315,140.94374555490856,126663000
2013-10-23,140.66973876953125,140.9275906247398,140.17819599066178,140.86312458702778,105484000
2013-10-24,141.13710021972656,141.31437875479287,140.62138419834457,140.95176804057175,70350000
2013-10-25,141.78175354003906,141.82204635324476,141.15322500007932,141.42719645685352,93625000
2013-10-28,142.00741577148438,142.20081394819366,141.58033888993947,141.73344424287887,84979000
2013-10-29,142.76483154296875,142.82124393757368,142.12824939260219,142.32970115223762,87401000
2013-10-30,142.05572509765625,143.03881072149943,141.54807499695318,142.93406416185863,140002000
2013-10-31,141.65284729003906,142.53924015965924,141.44334183705726,141.9429383841291,133795000
2013-11-01,141.99130249023438,142.31362047551306,141.19354887755154,141.83819714375193,142805000
2013-11-04,142.49087524414062,142.5472753490999,141.80593427033165,142.37806273858112,85677000
2013-11-05,142.03964233398438,142.4264263574085,141.47557973823203,141.93488346061523,85825000
2013-11-06,142.76483154296875,143.0307493411643,142.25716917408275,142.6520190493985,87348000
2013-11-07,140.95985412597656,143.14359714925072,140.8228683711059,143.03078462784882,157000000
2013-11-08,142.86158752441406,142.87770711508057,140.89542781067698,140.91153510569842,136713000
2013-11-11,142.88571166992188,143.05492426446332,142.55532782924982,142.72454042379127,62614000
2013-11-12,142.5956268310547,142.9179447460286,142.12019130735374,142.5795072466139,83990000
2013-11-13,143.7398681640625,143.78014868079342,141.89456309997814,141.89456309997814,103844000
2013-11-14,144.45700073242188,144.57786684442002,143.63507428392344,143.8687528656655,103435000
2013-11-15,145.0855712890625,145.14197139251405,144.50538919151205,144.69072138233938,102818000
2013-11-18,144.57789611816406,145.4481691876723,144.2555782238156,145.3273030512015,104796000
2013-11-19,144.26364135742188,144.94051635746246,144.01384312852406,144.50538594190505,93891000
2013-11-20,143.81239318847656,144.9888646612921,143.41754328560532,144.55373424019442,124909000
2013-11-21,144.97279357910156,145.08560610871956,144.12669345914492,144.2153327535336,92841000
2013-11-22,145.69798278808594,145.71410237319768,144.85994879688698,145.02916140581752,81296000
2013-11-25,145.5529327392578,145.98806314025146,145.34341503508614,145.95583626803113,79486000
2013-11-26,145.59323120117188,146.0283739514403,145.3756721216791,145.62547037300584,86994000
2013-11-27,145.94776916503906,146.04447437220907,145.56903886735944,145.74631740225797,58800000
2013-11-29,145.85110473632812,146.45546014269414,145.68994575375896,146.10896894495255,55870900
2013-12-02,145.47230529785156,146.19752652291587,145.24668037024773,145.92355515305925,99726000
2013-12-03,144.8438262939453,145.35954234636517,144.376456700246,144.9969316103207,116563000
2013-12-04,144.8277130126953,145.43206836428718,143.71570752680222,144.32006287839408,123033000
2013-12-05,144.19114685058594,144.83579508990124,144.05416109777335,144.5698772300971,106934000
2013-12-06,145.80279541015625,145.9397811950153,145.16620066773703,145.58522396566465,127728000
2013-12-09,146.1734161376953,146.3909875169971,145.98003028555303,146.2298285416646,70124000
2013-12-10,145.64967346191406,146.14121642019498,145.56103416466198,145.835005703207,80976000
2013-12-11,144.01380920410156,145.73018182441257,143.836530703617,145.70600860122263,130591000
2013-12-12,143.53839111328125,144.12662672422988,143.2402341907693,143.9493482175378,115565000
2013-12-13,143.5222930908203,143.96548942412403,143.2483216468288,143.83655734613754,107808000
2013-12-16,144.416748046875,144.89217128031646,144.1588838754651,144.19917668920297,96195000
2013-12-17,143.9573974609375,144.56981857284455,143.63507961987722,144.5456453495469,89886000
2013-12-18,146.41514587402344,146.43931910308544,142.88571917892682,144.17500314624834,234906000
2013-12-19,146.2458953857422,146.41510794534184,145.61736700166898,145.99608492408063,136531200
2013-12-20,147.0966339111328,147.44501858055847,146.29456168685633,146.39177956558183,197087000
2013-12-23,147.88253784179688,147.97165836736377,147.5098609984428,147.81772179025754,85598000
2013-12-24,148.20657348632812,148.27138952376308,147.8825056615485,147.89060303032971,45368800
2013-12-26,148.96005249023438,149.04107562946845,148.52255968059828,148.53875441852878,63365000
2013-12-27,148.9519500732422,149.21929922638432,148.79801353135161,149.15449555206771,61814000
2013-12-30,148.9276580810547,149.08969200521037,148.7332099546303,148.96815729029663,56857000
2013-12-31,149.6324462890625,149.6324462890625,149.01670034217443,149.1301376375616,86119900
2014-01-02,148.19845581054688,149.1301723133106,147.84197383469942,149.05724655469206,119636900
2014-01-03,148.1741485595703,148.74938307567257,147.96350574252648,148.44960740394913,81390600
2014-01-06,147.7447509765625,148.71696664719906,147.51790106549373,148.66026035062836,108028200
2014-01-07,148.65219116210938,148.90334560626084,148.2227956874511,148.3362206739194,86144200
2014-01-08,148.6845703125,148.9357246974411,148.17415181252719,148.62785165143927,96582300
2014-01-09,148.78182983398438,149.17882348538907,148.10127988505937,149.16261638306318,90683400
2014-01-10,149.18692016601562,149.25173621262283,148.27141050598445,149.0329836006231,102026400
2014-01-13,147.20193481445312,149.21927960637308,146.91836623642428,148.80609133435902,149892000
2014-01-14,148.80613708496094,148.8871602357065,147.4126229564378,147.68808188913727,105016100
2014-01-15,149.60818481445312,149.83503474562457,148.83851452209328,149.15448495211024,98525800
2014-01-16,149.41372680664062,149.60817489005757,148.93572250926636,149.30030184857904,72290600
2014-01-17,148.78182983398438,149.43807531061898,148.52257800875446,149.15451901309868,107848700
2014-01-21,149.2193145751953,149.69733134981286,148.3038173231638,149.640612675958,88621200
2014-01-22,149.3165283203125,149.53528089724108,149.0005578702578,149.4704648610254,61270900
2014-01-23,148.09315490722656,148.5873663969162,147.30728978007647,148.56306192712782,132496900
2014-01-24,144.93344116210938,147.17764851082234,144.88483222556744,147.12903957428043,208677100
2014-01-27,144.22047424316406,145.44385681285388,143.49941285328634,145.0711677028252,180843100
2014-01-28,145.07925415039062,145.26559249430284,144.309571586072,144.32577868279253,110463200
2014-01-29,143.6857452392578,144.65796091368173,143.30495880939623,143.87208358927742,216597300
2014-01-30,145.2089080810547,145.67881509762626,144.42303059707754,144.88484024457557,118938100
2014-01-31,144.3582305908203,145.25753315368803,143.3374056663746,143.41031908332138,194677900
2014-02-03,141.10939025878906,144.51215201274135,140.83393135981478,144.18808417422994,254837100
2014-02-04,142.09783935546875,142.46241883140405,141.06080724674717,141.7413572501461,165012400
2014-02-05,141.91958618164062,142.23555668211765,140.73672732853052,141.60361568116363,164230500
2014-02-06,143.791015625,143.791015625,141.96000980311717,142.2516756507293,132877600
2014-02-07,145.57345581054688,145.72739232621592,143.99360381729878,144.46351073161745,170787200
2014-02-10,145.8408660888672,145.88948739618692,145.19273034003433,145.58971163183492,92218800
2014-02-11,147.43687438964844,147.80956344164937,145.86511978483205,145.96235000322815,117814100
2014-02-12,147.50982666015625,148.12556046284902,147.2181606773239,147.65565347037497,94717700
2014-02-13,148.27139282226562,148.42532936929877,146.50520212185364,146.51329949081497,100542200
2014-02-14,149.0896759033203,149.3651347808746,147.99592539920312,148.1336548379803,96498400
2014-02-18,149.2679443359375,149.47048984707172,148.7899275342391,149.21932302885187,80460900
2014-02-19,148.2794952392578,149.84314037694602,148.15796053646054,148.87902193510337,126524300
2014-02-20,149.15452575683594,149.49480074668332,147.9392526377821,148.4820731474718,104998100
2014-02-21,148.98434448242188,149.79452635733034,148.91143108065475,149.43804435438753,118116400
2014-02-24,149.81069946289062,150.81531684788794,149.23546502277804,149.3002810415507,114063900
2014-02-25,149.75396728515625,150.3616034985792,149.2597560037433,149.93220823008488,117085000
2014-02-26,149.76214599609375,150.36978248940375,149.34084789926126,149.97278886331196,98677200
2014-02-27,150.54800415039062,150.58850335481804,149.3732305245271,149.54337416022142,93880800
2014-02-28,150.92874145507812,151.62549820234793,149.9241240723111,150.523650610442,150842000
2014-03-03,149.86749267578125,150.24827928043163,148.870972079253,149.60013107917146,167748500
2014-03-04,151.97393798828125,152.29800583680787,151.30148545831236,151.3338872982066,167545900
2014-03-05,152.11163330078125,152.37089741132786,151.86857628774212,152.10353593322412,88376900
2014-03-06,152.46002197265625,152.80840661345044,152.13595416194056,152.48433880273475,82516500
2014-03-07,152.52488708496094,153.0920244797921,151.85243441707706,153.0920244797921,114513500
2014-03-10,152.44386291503906,152.5005692321088,151.5688647864413,152.28992634208242,74939200
2014-03-11,151.69032287597656,152.88940074543723,151.34195066366033,152.67064821538273,99009100
2014-03-12,151.7308807373047,151.78759941004608,150.612825645166,150.95311295682245,104824400
2014-03-13,150.0294647216797,152.30608603892492,149.60817907275467,152.18455134749405,155014300
2014-03-14,149.60818481445312,150.53179163776375,149.42994381676212,149.7621213454039,153919600
2014-03-17,150.961181640625,151.3176636232725,150.296826607074,150.36164263686388,98359500
2014-03-18,152.0387725830078,152.2413181036516,151.107055770608,151.26910207704103,101804600
2014-03-19,151.22854614257812,152.26557791510368,150.26442776912222,152.05492272348843,176267300
2014-03-20,152.11163330078125,152.22505825854708,150.628999119875,150.89636059797874,117241000
2014-03-21,151.5216827392578,153.816485435852,151.38334541893903,152.75046482513406,163128000
2014-03-24,150.8950653076172,152.22963968747018,150.23592364051524,152.0424664998827,121411000
2014-03-25,151.6112518310547,152.12392334731533,150.76494896984136,151.6600753246106,103852000
2014-03-26,150.5208282470703,152.44943086169064,150.48013786097638,152.2053009620895,119843000
2014-03-27,150.203369140625,150.8218204046986,149.65000755322882,150.34170643323534,142383000
2014-03-28,150.94395446777344,151.70074334022652,150.54520863425822,150.63472249823263,101642000
2014-03-31,152.18081665039062,152.41681332702916,150.9683256748882,151.90414202401686,99745000
2014-04-01,153.1898651123047,153.27937894317867,152.1726681328073,152.67719386121232,89193000
2014-04-02,153.70254516601562,153.90598457356617,153.10036004956183,153.38518018691502,78774000
2014-04-03,153.49913024902344,153.9792443473748,153.02714925816758,153.93855397598136,77435000
2014-04-04,151.68441772460938,154.3698203951336,151.44030036843486,154.33727555329568,169381000
2014-04-07,150.0081024169922,151.57051582531005,149.6988829118913,151.31825290656013,140803000
2014-04-08,150.62655639648438,150.8706737747982,149.39777431317123,149.94299048633408,112660000
2014-04-09,152.24586486816406,152.29468832413113,150.59393838419962,151.03337432180768,100254000
2014-04-10,149.04786682128906,152.31103080501325,148.8606936056731,152.23779559035867,172959000
2014-04-11,147.7051544189453,149.25943459298824,147.54240536370077,148.21782573907478,167251000
2014-04-14,148.86888122558594,149.21879118362943,147.6482443016857,148.8607356992383,132382000
2014-04-15,149.8942108154297,150.00000332158706,147.7051999591512,149.17811226817605,157093000
2014-04-16,151.46473693847656,151.47287004603055,150.26036650474998,150.92765383291942,105197000
2014-04-17,151.67625427246094,152.09941163342893,151.00083408261222,151.26124243303977,105255000
2014-04-21,152.2052001953125,152.25403607647112,151.52979238454628,151.7169531363145,68329000
2014-04-22,152.89691162109375,153.311923517907,152.27846032873288,152.35982863677876,85790000
2014-04-23,152.5388641357422,152.9213312123795,152.41680545892427,152.83996290015287,73869000
2014-04-24,152.8480224609375,153.30372452439698,152.1156335015634,153.287445903002,88170000
2014-04-25,151.59487915039062,152.4411939035435,151.25310249056298,152.35168008190143,100380000
2014-04-28,152.07505798339844,152.73419979884733,150.5126445349748,152.21339531603945,135121000
2014-04-29,152.78298950195312,153.01897374265013,152.23777339962396,152.56327147305893,84098000
2014-04-30,153.23875427246094,153.39337026633964,152.31920383536794,152.5307888446591,101508000
2014-05-01,153.2550048828125,153.6700168823635,152.7667452458456,153.16549102993386,93019000
2014-05-02,153.03526306152344,153.91412282153638,152.80741191081154,153.23870247587024,98122000
2014-05-05,153.32818603515625,153.43397848315044,151.86342005773432,152.2865774327571,75883000
2014-05-06,151.99365234375,153.09223013420257,151.96110750132425,152.98643766664537,85454000
2014-05-07,152.88877868652344,152.96201388893328,151.36704356259412,152.50631162910932,106500000
2014-05-08,152.72601318359375,153.84086948638844,152.23776609686223,152.75043733403757,93618000
2014-05-09,152.953857421875,153.018947091661,152.03430751999167,152.75041805717186,83679000
2014-05-12,154.44300842285156,154.51625602428436,152.98638816916795,153.63739655966125,86940000
2014-05-13,154.58140563964844,154.95572719784522,154.4267897024539,154.64649532345615,66454000
2014-05-14,153.84896850585938,154.51625551859303,153.6292505361846,154.44300791739994,72367000
2014-05-15,152.49818420410156,153.57235030141035,151.74952862883643,153.5397930407276,154956000
2014-05-16,153.02708435058594,153.09218643381024,151.9447854987682,152.58764839306005,97458000
2014-05-19,153.58856201171875,153.710620643705,152.59577708172614,152.734114336961,63839000
2014-05-20,152.62030029296875,153.5317051894253,152.22969996833885,153.5154265542856,111644000
2014-05-21,153.90597534179688,153.97921054405273,153.0352487695706,153.05966050365586,89093000
2014-05-22,154.28028869628906,154.59765363952744,153.68624917011562,153.94664512553845,61549000
2014-05-23,154.8987579345703,155.00453797481188,154.28029423644236,154.41863153287755,61092800
2014-05-27,155.8508758544922,155.8996993290503,155.38702801227626,155.47654185461843,72010000
2014-05-28,155.73696899414062,156.09502440654688,155.47656054258755,155.85089458745549,66723000
2014-05-29,156.5425567626953,156.5669684990892,155.69625426147576,156.0949999841699,64377000
2014-05-30,156.7948455810547,156.89250495973772,156.26590798243546,156.39611220937385,76316000
2014-06-02,156.97381591796875,157.04706352945007,156.21702740727815,157.01450627613528,64656000
2014-06-03,156.8924560546875,156.97382435844173,156.44488692469795,156.59135732162838,65047000
2014-06-04,157.20982360839844,157.2993374358825,156.46116814987485,156.62391717704,55529000
2014-06-05,158.2351837158203,158.39793277390402,156.81110772791277,157.3888811636107,92103000
2014-06-06,158.9920654296875,159.0327434021092,158.50380559099222,158.57704084170746,78696000
2014-06-09,159.15476989746094,159.53723709979357,158.821126181901,158.96760905917904,65119000
2014-06-10,159.17100524902344,159.2035500923687,158.61764357650085,158.959420307931,57129000
2014-06-11,158.61758422851562,158.78033321826143,158.25952900090365,158.60130560445546,68772000
2014-06-12,157.49462890625,158.5199713540095,157.1447191240147,158.43045752788692,106350000
2014-06-13,157.97476196289062,158.12937788880913,157.29934168579962,157.80386740872933,82017000
2014-06-16,158.10498046875,158.43862411088267,157.59232155350134,157.77948235059347,87424000
2014-06-17,158.54443359375,158.65835918902116,157.71439716136956,157.8852917627556,84834000
2014-06-18,159.70811462402344,159.79762848613726,158.19452449361899,158.5444468335037,105267000
2014-06-19,159.88706970214844,159.98472904541995,159.33372056374375,159.84637934386478,85929000
2014-06-20,160.21176147460938,160.34258962725573,160.01551924563984,160.2853476318007,100587000
2014-06-23,160.16265869140625,160.30165888556718,159.86830166951967,160.2526014613287,70611000
2014-06-24,159.1978302001953,160.66961543227083,159.0179446453607,159.87648707044283,96237000
2014-06-25,159.91732788085938,160.08085675522173,158.8298427754924,158.86254355978355,82782000
2014-06-26,159.80287170410156,159.95822851636223,158.73174312666816,159.94187188442567,84312000
2014-06-27,160.11358642578125,160.16264384547245,159.35315899120386,159.42674512074063,71445100
2014-06-30,160.03176879882812,160.39971181503557,159.87641203107472,160.0154121715775,70201200
2014-07-01,161.1029510498047,161.59355022009925,160.36706477081802,160.42429427069445,90470000
2014-07-02,161.26646423339844,161.4708784550265,161.045705857087,161.11929198252415,52475000
2014-07-03,162.0596160888672,162.13320222505553,161.60173016175438,161.72437372206824,52938800
2014-07-07,161.4954376220703,161.87973742932755,161.25832256990083,161.74892178491837,61696000
2014-07-08,160.45700073242188,161.25830103190125,160.06451642224636,161.20105905799682,108143000
2014-07-09,161.1765594482422,161.32374421024554,160.5142592103693,160.8576736864346,72992000
2014-07-10,160.53878784179688,160.9639730161399,159.49218777915013,159.6230159060952,99040000
2014-07-11,160.75949096679688,160.87396241049595,160.08083438041956,160.44060533960288,64243000
2014-07-14,161.56898498535156,161.78157125697973,161.43815690598697,161.5771570616422,58658000
2014-07-15,161.26646423339844,161.97783420865275,160.55510673459807,161.66712059931285,111307000
2014-07-16,161.86338806152344,162.10867518468064,161.4218462869287,161.98603162310204,79986400
2014-07-17,160.02365112304688,161.9778507827125,159.7946956930584,161.3646080550795,145398000
2014-07-18,161.65902709960938,161.82255606110758,160.4570698940845,160.5470126943775,124330000
2014-07-21,161.3564453125,161.48727343976287,160.61237437470638,161.15203104232307,67592000
2014-07-22,162.0596160888672,162.35397311007625,161.78978777972088,161.9042592614991,67678000
2014-07-23,162.4193115234375,162.59102490435984,161.97778243548714,162.3048400949726,65612000
2014-07-24,162.42755126953125,162.76279361986664,162.2640223716583,162.5747360111355,56888000
2014-07-25,161.6671142578125,162.1086434695701,161.3482285836394,161.96964330148987,76837000
2014-07-28,161.7325439453125,161.9696589663929,160.76770227600386,161.69983068115712,69259000
2014-07-29,161.03750610351562,162.26399131752024,161.01297739735176,162.03504840902227,80466000
2014-07-30,161.06204223632812,161.8224695918301,160.39157010951192,161.60987082666983,104222000
2014-07-31,157.88140869140625,160.08090831793973,157.7832938304763,159.94190810613654,183479000
2014-08-01,157.39898681640625,158.42923023858918,156.63857172594055,157.4480442446354,189261000
2014-08-04,158.5355224609375,158.87076484057556,157.03103650667495,157.70150878949482,91340000
2014-08-05,156.99832153320312,158.2984056904794,156.42596410860835,157.8895771762751,152690000
2014-08-06,157.04734802246094,157.71782011265987,156.23786329657847,156.26239200253377,94818000
2014-08-07,156.1970672607422,157.91415251800467,155.8045952646244,157.75879564050018,135733000
2014-08-08,158.00401306152344,158.11029996727902,156.13157190152958,156.54858487699323,117014000
2014-08-11,158.4619140625,159.1650995148492,158.38832793383025,158.6009142421388,74544000
2014-08-12,158.24110412597656,158.74804730024044,157.75868965521244,158.3065181607931,73632000
2014-08-13,159.312255859375,159.4921413624585,158.59272632349422,158.86254210166624,69047000
2014-08-14,160.06454467773438,160.06454467773438,159.42677315668448,159.57395791809583,57371000
2014-08-15,160.03176879882812,160.79218353389345,158.8788698684539,160.64501131799088,139951000
2014-08-18,161.3727569580078,161.44634308040656,160.824928363839,160.91487111669977,75424000
2014-08-19,162.21499633789062,162.33763991591258,161.4382245653506,161.76528242438084,59135000
2014-08-20,162.6483154296875,162.84455758490736,161.96148660109995,161.9941873887426,72763000
2014-08-21,163.12257385253906,163.3351601840809,162.65650336711872,162.78733148335488,67791000
2014-08-22,162.86904907226562,163.27787744486474,162.5011060322168,162.99169259346465,76107000
2014-08-25,163.69491577148438,164.013801476842,162.83637349507399,163.64585835165315,63855000
2014-08-26,163.80123901367188,164.20189546138394,163.76035366570835,163.80123901367188,47298000
2014-08-27,163.73582458496094,163.99748083017533,163.48235289519477,163.88299686555166,47874000
2014-08-28,163.64585876464844,163.75215815885414,163.0326160623012,163.19614495430284,58330000
2014-08-29,164.1119384765625,164.12828263316752,163.38422426106558,163.899339676143,65907000
2014-09-02,164.03016662597656,164.34905234789187,163.41692389333517,164.32452363670265,72426000
2014-09-03,163.9402313232422,164.6843022004053,163.71128835741598,164.65977348809938,57462000
2014-09-04,163.7030792236328,164.82326508689715,163.25336547239246,164.21819454191441,85236000
2014-09-05,164.43902587890625,164.50443994646744,163.049011253489,163.67042618063405,102177000
2014-09-08,164.01382446289062,164.52078031725583,163.53140979833506,164.28365278623264,64146000
2014-09-09,162.9754638671875,163.98117888266142,162.640221369876,163.86670735631853,88591000
2014-09-10,163.588623046875,163.69490996058474,162.52566657459795,163.06531065003958,67251000
2014-09-11,163.7766876220703,163.80121633216064,162.81184594485,162.93450197175642,66774400
2014-09-12,162.820068359375,163.62954093349015,162.3539978063749,163.61319677393263,117409300
2014-09-15,162.69737243652344,162.97538527482644,162.20678576440062,162.8445571716785,76401000
2014-09-16,163.92388916015625,164.2182462102684,162.30493162276784,162.3948744013148,116201000
2014-09-17,164.14468383789062,164.9050990495353,163.32702663321868,164.16104047539253,151266000
2014-09-18,165.01951599121094,165.04404469926882,164.43080204491403,164.64338834023368,94990000
2014-09-19,164.87083435058594,165.8566066529436,164.53402494905814,165.54445315364154,121649000
2014-09-22,163.59754943847656,164.60797770517428,163.25252973818064,164.58333433620854,125553000
2014-09-23,162.6610870361328,163.68793600555767,162.61180029116483,163.00610678568628,111393000
2014-09-24,163.934326171875,164.04112243928157,162.25851474248702,162.68567474256693,107276000
2014-09-25,161.2892608642578,163.51547553253457,161.23176382488694,163.50725271635247,150300000
2014-09-26,162.5706787109375,162.9732079077673,161.35489337826505,161.5849064808038,103547000
2014-09-29,162.27496337890625,162.5624860556339,161.05096763659645,161.17418447817954,95112000
2014-09-30,161.8478240966797,162.8993163958531,161.51101464005058,162.39821361774884,131302000
2014-10-01,159.6544952392578,161.64247349502955,159.29304236824868,161.58496393156062,177798000
2014-10-02,159.67909240722656,160.23769211185038,158.01149103608077,159.51478657901976,157285000
2014-10-03,161.43702697753906,161.78204659007955,160.25409542895878,160.7469752176856,121569000
2014-10-06,161.2480926513672,162.32424057218302,160.6648496341685,162.11064802945648,104778000
2014-10-07,158.75904846191406,160.7798925900539,158.7261948127793,160.41843977568934,147913000
2014-10-08,161.53561401367188,161.76562710804325,158.01968524568244,158.84937444075254,186461000
2014-10-09,158.33184814453125,161.50275720885446,158.2004085118154,161.28095439549315,210705000
2014-10-10,156.52464294433594,159.07944378533804,156.48357901171443,158.2908307642907,221909000
2014-10-13,153.95339965820312,157.0257234403883,153.86303645668144,156.45891339605353,230939000
2014-10-14,154.1916046142578,155.93314860459063,153.6494254700568,154.78307049251805,215847000
2014-10-15,153.14833068847656,154.18340229625286,149.4434647480626,152.10506133763343,380715000
2014-10-16,153.01690673828125,154.09304229233166,150.24030352753704,150.3799534623979,270391000
2014-10-17,154.82412719726562,155.87561917229954,154.1258651277756,154.78305074586507,214625000
2014-10-20,156.32748413085938,156.450700988959,154.49558914337516,154.54487588661502,130011000
2014-10-21,159.42442321777344,159.53120695586858,157.2967832458834,157.461076526223,154949000
2014-10-22,158.2908477783203,160.11453282083235,158.22512793037274,159.7037931722446,151822000
2014-10-23,160.1309051513672,161.17418705428872,159.58051569220675,159.8762486515083,154944000
2014-10-24,161.36312866210938,161.41242793581398,159.76946978605272,160.39378937044268,117927000
2014-10-27,161.14125061035156,161.3794738970749,160.21297574996836,160.78800828237735,82954000
2014-10-28,162.98965454101562,162.99786481865502,161.60956327632263,161.6835059141772,106736000
2014-10-29,162.74322509765625,163.57291447662246,161.66708948159052,163.10467790743206,142557000
2014-10-30,163.78652954101562,164.25476617446097,162.15999167381887,162.3078644502813,113330000
2014-10-31,165.6594696044922,165.79090926192782,164.92835374532302,165.7580430801811,146903000
2014-11-03,165.74986267089844,166.30846251349826,165.3719767213684,165.87307953771372,93600000
2014-11-04,165.17481994628906,165.61020289627302,164.34511797630753,165.30624708484441,93343000
2014-11-05,166.21812438964844,166.42349422185907,165.4870082883698,166.382417748461,91709000
2014-11-06,166.8834686279297,166.9738318273301,165.64303974050227,166.25914904511157,107089000
2014-11-07,167.03955078125,167.25314336131757,166.43987457097933,166.89990084377743,89540000
2014-11-10,167.5653076171875,167.61459435889068,166.86705788509786,167.0724276653789,66319000
2014-11-11,167.72958374023438,167.8363800261612,167.29420085345245,167.63101026693292,54499400
2014-11-12,167.54891967773438,167.77893287364535,167.01495062418613,167.0478168149043,90120300
2014-11-13,167.73779296875,168.26353900840627,166.9327470875082,167.71314960242034,85357900
2014-11-14,167.7789306640625,167.98430048161973,167.3517579338054,167.66392406762162,80417500
2014-11-17,167.88563537597656,168.05815145677695,167.29416957719377,167.4584753816791,80441000
2014-11-18,168.85504150390625,169.1589847777636,167.94319914755718,167.94319914755718,76068100
2014-11-19,168.5839385986328,168.85502820048956,167.8281793456274,168.65786870783663,82373000
2014-11-20,168.87966918945312,168.98646547998158,167.72959096735502,167.79531079731285,72840300
2014-11-21,169.78326416015625,170.7361827549407,169.20823139943258,170.57188947113022,142327300
2014-11-24,170.259765625,170.3665619265749,169.97225544081888,170.18583550919146,65880800
2014-11-25,170.1365203857422,170.69512010282136,169.88186389502815,170.48975034775842,79108300
2014-11-26,170.57186889648438,170.67044234792576,170.0707662937031,170.28434628341694,62167800
2014-11-28,170.21041870117188,170.76080803777833,169.97219534508986,170.44865459202666,57890100
2014-12-01,169.02755737304688,169.66831015268465,168.7154037975682,169.55330356492345,103968400
2014-12-02,170.12014770507812,170.32551753306765,169.04401181197758,169.06865518855398,74507200
2014-12-03,170.77728271484375,170.99086275971644,170.1283197673002,170.2926130737235,68952000
2014-12-04,170.58839416503906,171.0894970386039,169.79976852303662,170.48980812555166,91316600
2014-12-05,170.86761474609375,171.25371083988844,170.4979517403766,170.76081847574991,91025500
2014-12-08,169.72576904296875,170.96619776455188,169.16715683005884,170.4733179076276,108588200
2014-12-09,169.6107940673828,169.71759036358128,167.50780953618442,167.8856829100341,125180100
2014-12-10,166.8917236328125,169.20828854690436,166.7027743845804,169.1507915188003,159856400
2014-12-11,167.73779296875,169.38075090952267,167.34348657270138,167.48313649349413,159012800
2014-12-12,165.02696228027344,167.43390294615187,164.99410862632274,166.46455093509903,202330200
2014-12-15,163.89329528808594,166.37416574884256,163.29361903813998,165.9223497243175,189965800
2014-12-16,162.5789031982422,166.2673356886068,162.53782674348534,163.12929259461615,259543800
2014-12-17,165.7662353515625,166.21805129068335,162.89105896505168,163.01428833105243,253910100
2014-12-18,169.86544799804688,174.95040565365042,167.51601726093492,168.18963614241468,257633900
2014-12-19,170.5881805419922,171.2572489465312,169.83650580930632,170.5138298050776,245084600
2014-12-22,171.37290954589844,171.37290954589844,170.53864099505515,170.7781792073314,148318900
2014-12-23,171.60421752929688,172.0007002789563,171.31510790944475,171.95114151074378,122167900
2014-12-24,171.6206817626953,172.09150250128513,171.5793786021985,171.82718496122445,42963400
2014-12-26,172.1741485595703,172.51281690827093,172.01720407583304,172.06676283828526,57326700
2014-12-29,172.40548706054688,172.6119903736604,171.92639786164804,171.9924804343198,79643900
2014-12-30,171.48031616210938,172.1163371429564,171.40596540775925,171.98418463246966,73540800
2014-12-31,169.77870178222656,171.9676437341075,169.65480487723386,171.80244365946461,130333800
2015-01-02,169.68785095214844,170.8855799305739,168.6553346631324,170.47257341496748,121465900
2015-01-05,166.62332153320312,168.81225065477216,166.31770079651972,168.6470505972124,169632600
2015-01-06,165.0539093017578,167.44934175106874,164.2609313452381,166.92894957322903,209151400
2015-01-07,167.11073303222656,167.44940147841223,165.92954017391855,166.37558176833852,125346700
2015-01-08,170.07608032226562,170.2908517797395,168.4984049909054,168.51491617689666,147217800
2015-01-09,168.71315002441406,170.5055966664213,168.10189588592164,170.4890728778248,158567300
2015-01-12,167.39149475097656,169.00222985064968,166.78850891492957,168.84528539651083,144396100
2015-01-13,166.92068481445312,169.72912357347792,165.62383853897953,168.60574554907672,214553300
2015-01-14,165.91294860839844,166.1111962382504,164.02138464722543,164.91346747166824,192991100
2015-01-15,164.3931427001953,166.86291398308043,164.277501361906,166.54903755284403,176613900
2015-01-16,166.5489959716797,166.70594044959492,164.00487456052744,164.18659841874955,211879600
2015-01-20,166.9041748046875,167.44934637710867,165.34301083199585,167.18501618298058,130991100
2015-01-21,167.74676513671875,168.22585431367148,165.9790973615987,166.4416627451499,122942700
2015-01-22,170.2412872314453,170.37343973468046,167.12721463947537,168.4983992677013,174356000
2015-01-23,169.30783081054688,170.24122923165683,169.17566574838096,169.9851546972276,117516800
2015-01-26,169.70436096191406,169.79522289212784,168.3827477816635,169.0931194349828,92009700
2015-01-27,167.46591186523438,168.6058014503683,166.63989870883796,167.6558913620966,134044600
2015-01-28,165.3182373046875,168.74618612993115,165.1282578484053,168.64706860560267,168514300
2015-01-29,166.84634399414062,167.1024059669704,164.11223080965064,165.51646277051452,173585400
2015-01-30,164.748291015625,166.99504739330268,164.48397340858196,165.67343415017112,197729700
2015-02-02,166.78854370117188,166.87940563546837,163.4349329327051,165.24390342208943,163107000
2015-02-03,169.2005157470703,169.20878394437813,167.3089513455954,167.68065470962785,124212900
2015-02-04,168.55616760253906,169.6465105332436,168.10185804807884,168.44052631630873,134306700
2015-02-05,170.25782775878906,170.40651668099608,169.14271756005886,169.2170557191821,97953200
2015-02-06,169.78697204589844,171.18293601095024,169.26657983067707,170.6212406255758,125672000
2015-02-09,169.02703857421875,169.86130713891177,168.622287680321,169.1426798861956,87219000
2015-02-10,170.8277587890625,171.08382082082983,169.06834693936443,170.0595726937605,96164200
2015-02-11,170.9268341064453,171.35636432033186,170.0182275279404,170.6625165467923,91087800
2015-02-12,172.57061767578125,172.62844463006107,170.95989500311532,171.71982537678446,97545900
2015-02-13,173.28102111816406,173.33057988581692,172.43848425618765,172.6945588956595,93670400
2015-02-17,173.55360412597656,173.72707241390395,172.71933547479566,172.9671293090362,76968200
2015-02-18,173.5701141357422,173.64445228011232,172.91755681349412,173.18188702097638,80652900
2015-02-19,173.44619750976562,173.80964522816615,172.83495598696246,172.9753766774431,91462500
2015-02-20,174.48699951171875,174.56133766054108,172.4136987099765,173.03320849141335,140896400
2015-02-23,174.46217346191406,174.46217346191406,173.85917502776118,174.2391464711458,74411100
2015-02-24,174.95774841308594,175.15599599901086,174.09043255510053,174.38779763201114,72472300
2015-02-25,174.80914306640625,175.31301152317158,174.4704746962613,174.83392244920137,73061700
2015-02-26,174.6026153564453,174.87520113297848,173.99961684898244,174.7182566612815,72697900
2015-02-27,174.00787353515625,174.76780386009438,173.95831477978405,174.50347369283446,108076000
2015-03-02,175.1064910888672,175.16430544173227,174.05745110558516,174.1070098663145,87491400
2015-03-03,174.3878936767578,175.1560924668457,173.52884553919984,174.67700332329895,110325800
2015-03-04,173.6527099609375,173.86748140808916,172.68627626062957,173.7931306588669,114497200
2015-03-05,173.84268188476562,174.12352324808586,173.338813507535,173.9748343708267,76873000
2015-03-06,171.39768981933594,173.41316346565193,171.06728967572505,172.98363319579175,188128000
2015-03-09,172.10804748535156,172.46322698067183,171.43897905633878,171.59592352318504,89818900
2015-03-10,169.31619262695312,170.82779838845576,169.274889443619,170.74520462574947,157121300
2015-03-11,168.919677734375,169.74569082843064,168.83707138338562,169.57222253293673,110145700
2015-03-12,171.06727600097656,171.13334594125118,169.497843934388,169.54740269157224,93993500
2015-03-13,170.01832580566406,171.7529462421964,168.98580913964608,170.79478035514373,162410900
2015-03-16,172.289794921875,172.3806568570192,170.0430385291803,170.74515462838175,136099200
2015-03-17,171.77764892578125,172.15760780310515,170.96814720565243,171.5546219127697,94510400
2015-03-18,173.84268188476562,174.51175032254008,170.67078274412282,171.30681621137117,228808500
2015-03-19,173.04971313476562,173.85094670509045,172.6614860397028,173.4296846377479,117917300
2015-03-20,174.5772705078125,175.08338827650132,173.81394763146972,173.99648273888036,177715100
2015-03-23,174.2370147705078,175.15798235498923,174.2370147705078,174.5854872808226,71784500
2015-03-24,173.25804138183594,174.568956856019,173.19166383146083,174.11263177005281,77805300
2015-03-25,170.7191162109375,173.6977496835964,170.6776413272634,173.46543463004932,159521700
2015-03-26,170.31256103515625,171.22522364528578,169.358398223387,170.0553560026632,153067200
2015-03-27,170.70252990722656,170.87675986583287,170.00557209213895,170.19641226043072,118939000
2015-03-30,172.7850341796875,173.08372670196508,171.71472669332005,171.73131157884472,96180400
2015-03-31,171.27503967285156,172.6606504185664,171.21696723081993,171.96369249262716,126768700
2015-04-01,170.6693115234375,171.26669662045506,169.6819663586385,171.24180662976426,137303600
2015-04-02,171.28330993652344,171.73134247042432,170.4204146457377,170.60294970108774,86900900
2015-04-06,172.4365692138672,172.95097921240085,170.26275905467685,170.3955014457633,114368200
2015-04-07,171.9802703857422,173.20822323643148,171.94708794554901,172.4614980599821,81236300
2015-04-08,172.56097412109375,173.00071403607225,171.81424930779085,172.20420925657785,89351900
2015-04-09,173.32435607910156,173.5566711080269,171.90557591389464,172.3950959634002,85548900
2015-04-10,174.27024841308594,174.31173596083772,173.37418321480183,173.57330318765517,72722900
2015-04-13,173.4820098876953,174.75975527148466,173.43222990187343,174.12917502382024,74436600
2015-04-14,173.8138885498047,173.99642359516923,172.6606058505757,173.28288096153133,75099900
2015-04-15,174.59373474121094,175.0998521601275,174.19548235491735,174.27845740466043,99529300
2015-04-16,174.5440216064453,175.05013921914878,174.0627939861519,174.2619265856519,68934900
2015-04-17,172.5361328125,173.5981479249098,171.7562126949012,173.35754046703426,191113200
2015-04-20,174.11257934570312,174.44445433742973,173.3741467279249,173.45710914574687,92189500
2015-04-21,173.90518188476562,174.9505996686606,173.606489280764,174.79295459151788,72559800
2015-04-22,174.7597198486328,174.942254866461,173.32432969387318,174.24529722556355,78264600
2015-04-23,175.199462890625,175.84662790681259,174.24530025173053,174.36145775052785,102585900
2015-04-24,175.60601806640625,175.87152817072322,175.1579855906446,175.6143231698028,61327400
2015-04-27,174.87588500976562,176.29466502117256,174.68504488080637,176.17021507638887,79358100
2015-04-28,175.43177795410156,175.48155793071655,173.68111036857317,174.8509904598969,86863500
2015-04-29,174.70999145507812,175.3073640004478,173.90518118255187,174.54404127335286,125684900
2015-04-30,172.9593048095703,174.52743764078912,172.2623470377464,174.1374775440112,161304900
2015-05-01,174.8344268798828,174.87591442186115,173.63965656814005,173.73921654071185,103399700
2015-05-04,175.33226013183594,175.9130477655993,175.1497250669073,175.25757748874994,70927200
2015-05-05,173.32435607910156,175.44839909533542,173.183308572984,175.09162144791608,113326200
2015-05-06,172.61082458496094,174.17895746152567,171.54880933841025,173.87197243782254,135060200
2015-05-07,173.29946899414062,173.7226241798103,172.17938137022506,172.5112563713364,88244900
2015-05-08,175.5810546875,175.78018718250456,174.88410994530398,174.96708498327587,155877300
2015-05-11,174.74317932128906,175.80519468415648,174.66850933332694,175.5396971735505,75708100
2015-05-12,174.22039794921875,174.7597105314007,173.09200547199407,173.91341300842794,119727600
2015-05-13,174.25364685058594,175.24928460026194,174.02133179766892,174.62700942418684,94667900
2015-05-14,176.0706787109375,176.16194623607984,174.99206595749692,175.26586853292397,95934000
2015-05-15,176.26148986816406,176.40253736481634,175.7802622947641,176.26148986816406,76510100
2015-05-18,176.80911254882812,177.0580124734228,176.02919235784495,176.0955698911435,74549700
2015-05-19,176.75103759765625,177.19908280806544,176.46894256012197,176.92528021508664,72114600
2015-05-20,176.6266326904297,177.3733580179938,176.31134247379313,176.85064269256458,76857500
2015-05-21,177.14097595214844,177.34840098253736,176.31956827412938,176.48551842661584,64764600
2015-05-22,176.71783447265625,177.17415941398292,176.65145694332057,176.75930935079924,57433500
2015-05-26,174.81784057617188,176.65148370371313,174.40299045014385,176.228328472623,124308600
2015-05-27,176.47723388671875,176.70954893500715,174.86761343770593,175.2741711023209,93214000
2015-05-28,176.2781219482422,176.38597437256442,175.5894692165826,176.17025686369877,74974600
2015-05-29,175.18287658691406,176.25318413307215,174.91737914129027,176.21170925672558,124919600
2015-06-01,175.53968811035156,176.17854818800532,174.7514627440418,175.8466731518273,93338800
2015-06-02,175.3654022216797,176.05405477905722,174.46103221002957,175.08330724450371,91531000
2015-06-03,175.83006286621094,176.45233800913786,175.34054279222792,175.89644040068288,87820900
2015-06-04,174.34490966796875,175.78028749043622,174.02961953601317,175.12482989319332,151882800
2015-06-05,174.0462188720703,174.7182740253216,173.3907486078771,174.19555883491697,121704700
2015-06-08,172.9758758544922,174.08768362665737,172.90120588284333,173.93833102314068,89063300
2015-06-09,172.95101928710938,173.49033206041878,172.32045163762882,172.95101928710938,105034700
2015-06-10,175.02523803710938,175.40690566336218,173.65623790120128,173.71431032637201,134551300
2015-06-11,175.58949279785156,175.9711478771171,175.23271505656643,175.4650301466123,73876400
2015-06-12,174.24533081054688,175.46499109192928,173.97152823103042,174.7680459769165,135382400
2015-06-15,173.49851989746094,173.7806147816004,172.40331012108823,173.1085599916507,124384200
2015-06-16,174.4444122314453,174.52738728945883,173.17497233718007,173.34920223470553,85308200
2015-06-17,174.72657775878906,175.33226807449984,173.70604996607278,174.72657775878906,126708600
2015-06-18,176.54356384277344,177.0081938141268,174.7597139184238,175.32390383786228,165867900
2015-06-19,175.75990295410156,176.37687224004762,175.3847242582681,176.30183904524156,130478700
2015-06-22,176.66033935546875,177.24395207329624,176.4519053332587,176.67701763935042,70696000
2015-06-23,176.7853546142578,177.1188566072924,176.39351044536755,176.8687332929665,68476800
2015-06-24,175.50140380859375,176.89374121005542,175.47639274978548,176.51856260613104,92307300
2015-06-25,174.96780395507812,176.12669626422877,174.8927707826826,176.00164097690288,97107400
2015-06-26,174.93446350097656,175.56809817200963,174.384194782506,175.3263076494394,104174800
2015-06-29,171.26609802246094,174.94287791831636,171.19106481359992,173.45882841908406,202621300
2015-06-30,171.62457275390625,172.85016577780942,171.1493370940324,172.8001309279785,182925100
2015-07-01,173.00018310546875,173.44206207348822,172.21646939711758,173.1919387824699,135979900
2015-07-02,172.841796875,173.6421889804988,172.4249289021321,173.4754443357118,104373700
2015-07-06,172.3498992919922,173.1252676311306,171.35775146051736,171.55785267148914,117975400
2015-07-07,173.4337921142578,173.55884744416352,170.17388081547682,172.55003385811443,173820200
2015-07-08,170.52401733398438,172.3832449894244,170.29057227957045,172.0997778121791,164020100
2015-07-09,170.8324432373047,172.87510592034906,170.7240662449723,172.61663716190128,144113100
2015-07-10,172.98355102539062,173.40041904782046,170.87419984963972,172.82513914137888,129456900
2015-07-13,174.89280700683594,175.0011840376992,174.20080458943872,174.24249393444856,106069400
2015-07-14,175.6514892578125,175.95998021965312,174.79274222056702,174.85110984533196,81709600
2015-07-15,175.59312438964844,176.1517259350618,175.11788880399487,175.69316863008046,97914100
2015-07-16,177.0021209716797,177.0021209716797,176.40183015050818,176.6436079459637,106683300
2015-07-17,177.15216064453125,177.2105282508738,176.58522646644715,176.99374882365558,89030000
2015-07-20,177.243896484375,177.73579756928322,176.92708552080313,177.37729726998376,70446800
2015-07-21,176.54356384277344,177.36896690292505,176.24341843197277,177.1104981066195,77965000
2015-07-22,176.22679138183594,176.56029344734014,175.8266016250339,175.85994547068282,88667900
2015-07-23,175.2346649169922,176.4602581243097,174.87616446460365,176.36021385328118,90509100
2015-07-24,173.4170379638672,175.39298764276856,173.08354874880976,175.33463275494265,117755000
2015-07-27,172.40826416015625,173.04191167062774,171.96638509196006,172.53333219491864,132361100
2015-07-28,174.52593994140625,174.66767351979433,172.41658910232414,173.24197951304296,123544800
2015-07-29,175.7265167236328,175.95161625375798,174.5092567292299,174.65099030361242,105791300
2015-07-30,175.7681884765625,175.9349330931648,174.60095071674886,175.217919792156,91304400
2015-07-31,175.50140380859375,176.2934503550564,175.21793666089977,176.2684392962481,103266900
2015-08-03,174.90943908691406,175.5264081982769,173.95898072291158,175.46805330387474,113965700
2015-08-04,174.56761169433594,175.29295779354038,174.08404338759993,174.83440054389425,81820800
2015-08-05,175.1429443359375,176.17676893261617,174.85946440032282,175.4597553953376,85786800
2015-08-06,173.7089080810547,175.43473505916185,173.12528267877659,175.32634530357268,116030800
2015-08-07,173.37538146972656,173.7005379686232,172.4749451523665,173.55047160996344,117858000
2015-08-10,175.55978393554688,175.64314989691428,174.4842574429596,174.4842574429596,80270700
2015-08-11,173.97567749023438,174.64266878819345,173.21697472978343,174.22580081719414,126081400
2015-08-12,174.18409729003906,174.36752020008473,171.21599961373644,172.6750373934088,172123700
2015-08-13,173.96734619140625,174.7093706772288,173.42541019141387,174.02570109250638,89383300
2015-08-14,174.60096740722656,174.67600058360037,173.6338307279643,173.7755643017148,72786500
2015-08-17,175.57650756835938,175.57650756835938,173.5505346596282,174.0090921251245,79072600
2015-08-18,175.06787109375,175.6514837139726,174.83442604566096,175.30131614183904,71692700
2015-08-19,173.68386840820312,175.09287138975742,172.87514356925766,174.32583589007928,172946000
2015-08-20,170.05712890625,173.65886172552786,169.99876128116887,172.1748126984539,194327900
2015-08-21,164.93798828125,170.0321155609395,164.67953216633668,168.18955347177467,346588500
2015-08-24,157.9929962158203,164.6462069534633,152.07346461980424,156.31719117881585,507244300
2015-08-25,156.1337127685547,162.95366576557146,155.84190013873254,162.93698748683326,369833100
2015-08-26,162.1283721923828,162.40349398586034,157.05090827840053,160.14407565768153,339257000
2015-08-27,166.1385955810547,166.26365090686062,162.75362906333933,164.26268936314614,274143900
2015-08-28,166.1468963623047,166.61378645112822,165.01301498010434,165.49658334975751,160414400
2015-08-31,164.8046112060547,166.02187149373609,164.254342334015,165.1714571207478,163298800
2015-09-01,159.8855438232422,162.386751628339,159.0184513266002,161.0110797024553,256000400
2015-09-02,162.92034912109375,162.96203846399754,160.4274739883416,162.2616905798971,160269300
2015-09-03,163.0370635986328,165.1214034229012,162.54516245333764,163.62900898451664,152087800
2015-09-04,160.56922912597656,161.62807751318965,159.75217132697426,160.78600864944872,207081000
2015-09-08,164.60450744628906,164.75458655536866,162.72026849359887,163.36224883448918,116025700
2015-09-09,162.40345764160156,166.30534940483957,162.03662442512285,166.18029407215408,149347700
2015-09-10,163.2871856689453,164.42939981290357,161.9532031029294,162.21165920366735,158611100
2015-09-11,164.02915954589844,164.09585992580918,162.1865981260299,162.89527853100932,119691200
2015-09-14,163.4205322265625,164.25426793803848,162.93696398729074,164.2042458308375,79452000
2015-09-15,165.4632568359375,165.90513591068714,163.3789167770044,163.92084010360617,113806200
2015-09-16,166.8972625732422,167.08903100857285,165.4215590465416,165.76339385199034,99581600
2015-09-17,166.52210998535156,169.1567191508858,166.14693127954274,166.76390058189295,276046600
2015-09-18,163.80084228515625,166.50780585133356,163.39019601063427,164.0187487536993,223657500
2015-09-21,164.6472930908203,165.66972706910326,163.59970523919577,164.6305281045718,105726200
2015-09-22,162.51025390625,162.97119523935484,161.37885361480554,162.4851128142571,153890900
2015-09-23,162.25042724609375,163.14715588396928,161.67215665007348,162.67783852718148,92790600
2015-09-24,161.66378784179688,162.12472915587193,159.70270601966715,161.03523499204192,159378800
2015-09-25,161.6218719482422,163.42371808373352,160.75027162388326,163.12201224652293,155054800
2015-09-28,157.56561279296875,160.83409505669493,157.25553083417196,160.72514181152218,178515900
2015-09-29,157.6577911376953,159.01547380900044,156.6604853688763,157.78350936374622,159045600
2015-09-30,160.59945678710938,160.76706833242253,158.76408031426854,159.54347975454826,163452000
2015-10-01,161.01849365234375,161.32019955209685,159.08255279057036,160.97658756861168,131079000
2015-10-02,163.42372131347656,163.44886240141275,158.4958634709605,159.04061688143545,211003300
2015-10-05,166.33180236816406,166.55808491469153,164.53833255732263,164.64728578119457,126320800
2015-10-06,165.76194763183594,166.7592535071073,165.09987760721134,166.19774784370665,110274500
2015-10-07,167.11962890625,167.4716169552266,165.50214631315984,166.69220479911124,124307300
2015-10-08,168.62815856933594,168.9130994493407,166.43240532450972,166.7341111939089,153055200
2015-10-09,168.72872924804688,169.20642276618494,168.10017639559013,168.77063532913212,107069200
2015-10-12,168.887939453125,169.0890681515825,168.37671603131454,168.80412730347533,56395600
2015-10-13,167.82363891601562,169.42435684319722,167.65602735233972,168.15886204336746,88038700
2015-10-14,167.01902770996094,168.34318034427724,166.72571077201667,167.76490977995587,99106200
2015-10-15,169.5835418701172,169.59191797003,167.31236557573996,167.68111857892492,134142200
2015-10-16,170.35459899902344,170.37135120218616,169.22319867641423,169.98584592238217,114580100
2015-10-19,170.43841552734375,170.43841552734375,169.39921615727704,169.7092981902237,76523900
2015-10-20,170.22052001953125,170.83230797669893,169.7512025297619,170.0026262672648,78448500
2015-10-21,169.1645050048828,170.79035073953665,168.99688070478732,170.6395042149771,102038000
2015-10-22,172.02232360839844,172.23184120585051,169.16451329798593,170.11152414267062,174911700
2015-10-23,173.907958984375,174.27671195318962,172.89390110807238,173.69006531550164,144442300
2015-10-26,173.48057556152344,173.7906575223188,173.1118225335832,173.7319992431136,69033000
2015-10-27,173.14532470703125,173.4805477033603,172.4664770393679,172.8100889227646,77905800
2015-10-28,175.11485290527344,175.13999400075386,172.81854759844293,173.48061775933203,135906700
2015-10-29,175.0142364501953,175.38298945811434,174.49463691427613,174.6119662542559,90525500
2015-10-30,174.25997924804688,175.5254737879926,174.10075660741566,175.20700293085025,131076900
2015-11-02,176.32164001464844,176.51439263594077,174.46112260790636,174.5868408471371,86270800
2015-11-03,176.83285522460938,177.3859847602942,175.74336114194094,175.9696437316192,95246100
2015-11-04,176.29653930664062,177.25193931911244,175.76017461170807,177.1262338390279,96224500
2015-11-05,176.1204833984375,176.81608334110962,175.23213085100582,176.35514207934628,78408700
2015-11-06,176.02830505371094,176.26297653576705,174.7041650460284,175.7768941585432,110471500
2015-11-09,174.38568115234375,175.56736342301136,173.43865755824206,175.41650410925396,131008700
2015-11-10,174.78793334960938,174.8214633216322,173.6397811726082,173.90795700910348,75874600
2015-11-11,174.1007537841797,175.10643573134107,174.03370661597697,175.05615355217398,67846000
2015-11-12,171.6703338623047,173.5308511321067,171.65358166199235,173.06153376457812,121315200
2015-11-13,169.74278259277344,171.52787673580528,169.65898322089475,171.25970084267732,153577100
2015-11-16,172.32400512695312,172.38267618416583,169.44104134703582,169.55838346146123,117645200
2015-11-17,172.19830322265625,173.5140669260381,171.7038448214845,172.6341033533533,121123700
2015-11-18,174.930419921875,175.07289034629054,172.6341153557277,172.67600864272038,121342500
2015-11-19,174.7795867919922,175.19862199754098,174.48625703293217,174.81310398174264,88220500
2015-11-20,175.41648864746094,176.0953235296875,175.03935957821705,175.53381797540212,94011500
2015-11-23,175.2153778076172,175.9780121229308,174.75443654807228,175.47517757537733,64931200
2015-11-24,175.45005798339844,175.85232822831483,173.82419922577145,174.20970448066703,98874400
2015-11-25,175.4248809814453,175.77686897218496,175.1650684470999,175.57572749693176,51980100
2015-11-27,175.6260223388672,175.82716382863123,175.03937564531228,175.517069100086,37317800
2015-11-30,174.8969268798828,175.90260887737918,174.78797362760773,175.78527952413694,112822700
2015-12-01,176.5646514892578,176.681993612213,175.2488877171369,175.5254524613775,97858400
2015-12-02,174.76283264160156,176.8328677084274,174.51140894509155,176.51439684031868,108441300
2015-12-03,172.31564331054688,175.2824066907532,171.59490230582782,175.014230831383,166224200
2015-12-04,175.6763153076172,175.9696450663858,172.31565756611263,172.31565756611263,192913900
2015-12-07,174.6120147705078,175.7685435036695,173.64822590694013,175.3495082033207,102027100
2015-12-08,173.43869018554688,174.56170160436466,172.45814921945004,173.05318491064102,103372400
2015-12-09,172.08937072753906,174.88852275963552,171.1172060065192,172.80173567385899,162401500
2015-12-10,172.53358459472656,173.8409726411973,171.9217966576867,172.1564553948511,116128900
2015-12-11,169.18963623046875,171.08367050452372,168.87954152371802,170.42160059431686,211173300
2015-12-14,170.0444793701172,170.17019760312135,167.5721742429756,169.34889219017325,182385200
2015-12-15,171.82955932617188,172.73467682022866,170.01932433805825,171.55299458177075,154069600
2015-12-16,174.34376525878906,174.6454710813745,171.63680174288578,172.9525654775375,197017000
2015-12-17,171.6871337890625,174.72094509506968,171.6703687973993,174.6538979163587,173092500
2015-12-18,168.62850952148438,171.08179917599455,168.46832640071943,170.94691963686665,251393500
2015-12-21,170.0195770263672,170.19662494122107,168.687543280863,169.80038648497396,99094300
2015-12-22,171.56231689453125,171.85739236404658,169.9183562341986,170.9047326303982,111026200
2015-12-23,173.68690490722656,173.72906040239997,172.4728986849185,172.56563562867956,110987200
2015-12-24,173.40023803710938,173.9482336918369,173.1810474936482,173.4339675755186,48539600
2015-12-28,173.00393676757812,173.04607937608148,171.93324951228385,172.70886132378988,65899900
2015-12-29,174.8502197265625,175.1790118238626,174.06618198070987,174.0998986396959,92640700
2015-12-30,173.61093139648438,174.6900574939759,173.46761307717205,174.6057465465948,63317700
2015-12-31,171.87428283691406,173.57726411896667,171.87428283691406,172.9365444743356,114877900
2016-01-04,169.4715576171875,169.47998356786456,167.42291956654066,169.0247378144135,222353500
2016-01-05,169.75820922851562,170.2134550219774,168.6538049825555,169.79192589823398,110845800
2016-01-06,167.61680603027344,168.66218976902232,166.58827419024678,167.21212890813374,152112600
2016-01-07,163.5954132080078,166.45337941363837,163.20760085423277,164.67452645671497,213436100
2016-01-08,161.79969787597656,165.11292267031985,161.51306122906905,164.55650127523245,209817200
2016-01-11,161.95993041992188,163.05590878200323,160.02933257438642,162.71867774379808,187941300
2016-01-12,163.26670837402344,164.01702990689049,161.14219740184032,163.401600818237,172330500
2016-01-13,159.1947021484375,164.27834272629687,158.81532848192018,163.93268573198264,221168900
2016-01-14,161.8081817626953,162.92945090371774,158.20833189652004,159.80171165185732,240795600
2016-01-15,158.334716796875,159.13561930320137,156.40411968734966,157.45794215989585,324846400
2016-01-19,158.5454864501953,160.27375793421498,156.97739804546177,160.14730437901238,195244400
2016-01-20,156.51377868652344,158.0734417911493,152.61042724478108,155.99108662216324,286547800
2016-01-21,157.3905029296875,159.22836322824276,155.6622314255676,156.98583868428858,195772900
2016-01-22,160.6194610595703,160.82178680616093,159.2368460469932,159.99559332480396,168319600
2016-01-25,158.19140625,160.3074772476961,157.99750650746512,160.11357750516123,130371700
2016-01-26,160.34962463378906,160.6278353098517,158.5117644188856,158.84898246402852,141036800
2016-01-27,158.6045684814453,161.49625239213077,157.7024898893812,159.82700049285475,185681700
2016-01-28,159.43072509765625,160.3496553813156,157.78676430027338,160.14732966105083,143798800
2016-01-29,163.3172607421875,163.45215316238034,160.07991984185455,160.19794749351098,210529300
2016-02-01,163.25819396972656,164.04224468266708,161.7322608851968,162.31397302549723,136061600
2016-02-02,160.3159637451172,161.84189715589827,159.7932588700517,161.83347120425384,182564900
2016-02-03,161.2770233154297,161.68168761708515,157.7361817318406,161.3697602245639,205054900
2016-02-04,161.52993774414062,162.49944941735478,160.14732296923702,160.77961654673646,139531800
2016-02-05,158.45278930664062,161.5889669028916,157.82049564391338,161.01569349009503,180788300
2016-02-08,156.3198699951172,156.91000823816955,154.1110613436716,156.6149455486678,191526700
2016-02-09,156.3282928466797,157.60131910006854,154.44827645822463,154.58316887226096,184513100
2016-02-10,156.19342041015625,158.78160279410181,156.06695394221933,157.15450639185042,148214100
2016-02-11,154.16162109375,155.20701788010714,152.66940449594475,153.72322723314252,219058900
2016-02-12,157.33990478515625,157.35675668155875,155.08894166729007,155.93199959296473,127632400
2016-02-16,159.99557495117188,160.02086566659136,158.18300507119434,159.14409084927416,120250700
2016-02-17,162.60902404785156,162.97997160988223,161.03249690922124,161.15896332211912,136009500
2016-02-18,161.94305419921875,162.93786961150857,161.63112676698148,162.87884935997835,102343000
2016-02-19,161.86715698242188,162.01890126735088,160.56041434022336,161.1674172080311,114793000
2016-02-22,164.2108612060547,164.35417954418443,163.37622902795616,163.4436752219077,103640300
2016-02-23,162.13694763183594,163.82306391154782,162.01890714277164,163.55327913205167,111455300
2016-02-24,162.87881469726562,163.1570254008844,159.60775817044836,160.71216217133053,150812200
2016-02-25,164.85162353515625,164.8600623516191,162.5669426183358,163.32568998512167,110728300
2016-02-26,164.4722137451172,165.81267313539044,164.312030636082,165.71994908705076,129833700
2016-02-29,163.1823272705078,165.43329090200194,162.9884275052904,164.48906992628648,125918100
2016-03-01,167.01824951171875,167.1025604717824,163.93265361565753,164.40476411830258,141799700
2016-03-02,167.76861572265625,167.8191971666362,166.29326357434144,166.70636680692752,102415000
2016-03-03,168.42616271972656,168.44302748531464,167.0182570982276,167.59153048775184,95172200
2016-03-04,168.97415161132812,169.74977648835898,167.79387525766805,168.6200687052301,129293600
2016-03-07,169.1090087890625,169.51368590949613,167.97931410528602,168.05518624135055,100219000
2016-03-08,167.26275634765625,168.54420852554634,167.1025860814623,168.038381279782,123974900
2016-03-09,168.0889129638672,168.4345569770791,167.28799754972553,168.07204820145247,94801200
2016-03-10,168.2238311767578,169.51372208535355,166.40283520236756,168.57792694871588,156838700
2016-03-11,170.93846130371094,170.98061678289588,168.20696120355464,169.67387411243973,137964500
2016-03-14,170.71926879882812,171.17451452211145,170.1038399749677,170.43263212624063,73612000
2016-03-15,170.44107055664062,170.74457201573492,169.49684951236813,169.75819548969022,93169100
2016-03-16,171.42745971679688,171.83213693477836,169.9183911248905,169.96054660976955,129303200
2016-03-17,172.51498413085938,173.02081127539734,170.94689554110465,171.34313387955126,134278500
2016-03-18,173.19290161132812,173.53185895502068,172.70140441169823,173.01494060113356,138372400
2016-03-21,173.4386444091797,173.66744772876373,172.70140507211255,172.9302083916966,72926700
2016-03-22,173.34544372558594,173.91320443773537,172.5065197008016,172.66751604840624,97471900
2016-03-23,172.2014617919922,173.150552830856,172.0319701661417,172.96412238673693,81052500
2016-03-24,172.1251983642578,172.15910186414206,170.95578622618342,171.17610725384458,84360900
2016-03-28,172.2268829345703,172.7522707695527,171.77775857297658,172.5404191676539,62408200
2016-03-29,173.8199462890625,173.93011322688284,171.51500051418233,171.82006724704564,92922900
2016-03-30,174.5827178955078,175.30300577426357,174.21832632004393,174.81999071796844,86365300
2016-03-31,174.158935546875,174.91312658967516,173.9979262910424,174.48942346607075,94584100
2016-04-01,175.34532165527344,175.5317520880499,172.85394489943778,173.16749404386812,114423500
2016-04-04,174.77761840820312,175.47249805525396,174.47255150249285,175.26911580798074,63497000
2016-04-05,173.03189086914062,174.7860151498737,172.77766639834624,173.43864226417537,99662200
2016-04-06,174.92161560058594,174.98094025112778,172.85394205681024,173.03190307804113,91839800
2016-04-07,172.82850646972656,174.1928310839261,172.0997365590909,173.83692200157756,113859000
2016-04-08,173.29461669921875,174.4386205635236,172.760746505157,174.00643500437033,95040600
2016-04-11,172.88784790039062,174.62503351153455,172.79463268426892,173.93015409491906,83757500
2016-04-12,174.49790954589844,174.7775551858431,172.61666646292107,173.05732137408188,115350600
2016-04-13,176.26055908203125,176.3453049075951,175.2775643992399,175.41315254798303,96336400
2016-04-14,176.26898193359375,176.76896148372217,175.92155517350372,176.31983717373794,65212900
2016-04-15,176.07408142089844,176.40456936338802,175.75206288653632,176.26898125098356,75761600
2016-04-18,177.31134033203125,177.34523090258335,175.41314512118754,176.07412115532838,82531000
2016-04-19,177.8705596923828,178.12478414344164,177.05705696546582,177.73498452482514,88316100
2016-04-20,178.04006958007812,178.7349360253094,177.4384054150759,177.91295087628632,81100300
2016-04-21,177.08251953125,178.16719870773824,176.8113432719301,178.05703173609004,85695000
2016-04-22,177.08251953125,177.3536828601742,176.1842708004453,176.7266103886894,99251700
2016-04-25,176.77745056152344,176.81982346782792,175.87071950211055,176.4808531477876,66166500
2016-04-26,177.04014587402344,177.5485948928953,176.56560035262072,177.14183050563952,75864200
2016-04-27,177.40451049804688,177.7943101471621,176.30287974419332,176.65878883136563,77329400
2016-04-28,175.7944793701172,177.75198635557425,175.37925845223072,176.65036822776358,97216200
2016-04-29,174.84532165527344,175.5232491969226,173.74369101639257,175.17580955389846,142424100
2016-05-02,176.23507690429688,176.41302497381514,174.91312523773163,175.34529776552623,62188000
2016-05-03,174.7012939453125,175.24363348503738,173.95557222929278,175.0063607445574,106422100
2016-05-04,173.72677612304688,174.43860730448847,173.22680946555437,173.70983730544705,92243800
2016-05-05,173.69284057617188,174.54871613754133,173.26913749879046,174.19280710418795,67619200
2016-05-06,174.32847595214844,174.37084886559472,172.76925100834785,172.9217779802772,89315000
2016-05-09,174.4725341796875,174.9047068655351,174.0234097423171,174.2013708073119,74374900
2016-05-10,176.6418914794922,176.65884323088056,175.108087703987,175.1758817791427,77472200
2016-05-11,174.98944091796875,176.71814447543505,174.98944091796875,176.18428717716878,81727000
2016-05-12,175.04026794433594,175.82836263828253,174.03185223626025,175.65887101006464,89586300
2016-05-13,173.51490783691406,175.29446622372728,173.1929022383585,174.7436573056343,96474600
2016-05-16,175.22666931152344,175.70121475883096,173.62507196166376,173.68439660777403,77486800
2016-05-17,173.59115600585938,175.24359542185923,173.0657553971476,174.9554804324832,114924900
2016-05-18,173.64205932617188,174.81995377820982,172.55738010114683,173.2437772589709,120062100
2016-05-19,173.0403594970703,173.32847452848824,171.83704413315402,172.92172313528684,115430500
2016-05-20,174.133544921875,174.65046334051098,173.59967475481287,173.65051706969587,104990400
2016-05-23,173.89622497558594,174.4300820673808,173.70979458467602,174.1504364810159,58682600
2016-05-24,176.15036010742188,176.4639092607521,174.684350690245,174.70977184721838,93537800
2016-05-25,177.34518432617188,177.7604180561647,176.15033837426097,176.8282659808313,76621400
2016-05-26,177.39608764648438,177.7096368689698,177.08255135439703,177.4808334753503,55280700
2016-05-27,178.15870666503906,178.16717607316846,177.50620018804196,177.55704249760646,64211200
2016-05-31,177.8197479248047,178.54004850476804,177.26045662250806,178.42988153996555,109879400
2016-06-01,178.1841278076172,178.3620758910807,177.01470296613778,177.209602796253,69936200
2016-06-02,178.7265167236328,178.743455544572,177.31134935135105,177.7858949456015,63044700
2016-06-03,178.19259643554688,178.54003612321796,176.98928103642675,178.16717528087767,101757100
2016-06-06,179.099365234375,179.45527440534923,178.38753396202972,178.54854326255548,64887000
2016-06-07,179.3789825439453,179.93827387747152,179.2264555968358,179.25187675468737,60974800
2016-06-08,179.9636688232422,180.0907875243807,179.38743875534112,179.51454452608584,66170900
2016-06-09,179.71792602539062,179.83656238777846,178.96373495084086,179.23489823755855,73786900
2016-06-10,178.01466369628906,178.68410904426875,177.4723112022157,178.34515166586806,113829200
2016-06-13,176.6418914794922,178.26891049203684,176.5571585833458,177.41303453769132,117751200
2016-06-14,176.2943878173828,176.88758252746695,175.34529696987707,176.2604972572832,125059300
2016-06-15,176.0486297607422,177.4129541957186,175.86219937108888,176.29437185779872,109124500
2016-06-16,176.57406616210938,176.74355778520848,174.2182774214604,176.0486783356093,149533100
2016-06-17,175.91648864746094,176.49571546014107,175.26058875857578,176.4701621006193,117055700
2016-06-20,177.0493927001953,178.54857937058586,176.96420617446128,177.8756526087873,82789600
2016-06-21,177.55197143554688,177.96083819196116,176.98977152195235,177.4327180900244,72461700
2016-06-22,177.26234436035156,178.4548777236498,177.1175246684293,177.73083125459377,95560500
2016-06-23,179.57073974609375,179.62184645879435,178.2589531287725,178.71892654071584,102731400
2016-06-24,173.12257385253906,179.60487486156836,172.67962721000032,173.45478058503264,333444400
2016-06-27,170.02194213867188,171.72556876131333,169.2127090948055,171.71704230971076,230775800
2016-06-28,173.08848571777344,173.11403908076488,171.31671223039905,171.62336558393773,159382400
2016-06-29,176.0356903076172,176.26567047579192,174.3831708896374,174.48538429771506,137328600
2016-06-30,178.4378204345703,178.4889271454984,175.9505275208487,176.504213883724,165021900
2016-07-01,178.8126220703125,179.29816182418008,178.27597560501414,178.43782218963668,106055300
2016-07-05,177.5264129638672,178.09712631512292,176.93014625342386,177.98638642688363,109803700
2016-07-06,178.5911407470703,178.71039406322262,176.37642144980018,177.0323211874561,96021500
2016-07-07,178.48043823242188,179.43446496128354,177.71381146782082,178.77005163259213,85593800
2016-07-08,181.13807678222656,181.38510989572447,179.54519021349057,179.77518342317939,133971000
2016-07-11,181.77696228027344,182.34768865826774,181.39364887527617,181.5980887568401,73633900
2016-07-12,183.09722900390625,183.39536879733734,181.80246941184768,182.739469050371,101275600
2016-07-13,183.07168579101562,183.52314573341144,182.58615904062134,183.5146322808212,87324100
2016-07-14,184.09388732910156,184.56238724640937,183.70206048745473,184.33239401470564,91230900
2016-07-15,183.84681701660156,184.8519502033913,183.40387057951722,184.65603683603393,107155400
2016-07-18,184.3408966064453,184.50274319307965,183.7105501631425,183.96609672111055,58725900
2016-07-19,184.15353393554688,184.18760075127324,183.67652052953488,183.92354068706234,54345700
2016-07-20,184.92013549804688,185.15864216846145,184.15350877137692,184.15350877137692,58159500
2016-07-21,184.2216796875,185.03089978296316,183.77873309932338,184.80943298769506,67777300
2016-07-22,185.0479278564453,185.0990345753437,184.07686120445751,184.3409212505255,62787500
2016-07-25,184.54534912109375,184.89459569896835,183.96612230693654,184.84348897979444,55873100
2016-07-26,184.63052368164062,184.9882836903036,183.78722387702433,184.44312372505922,70080500
2016-07-27,184.4345703125,185.07343011762134,183.6679307477728,185.00528351202541,84083900
2016-07-28,184.6475372314453,184.93715057841146,183.77868419290988,184.23865756764218,65035700
2016-07-29,184.94569396972656,185.30345398524094,184.10240714659952,184.38350708685488,79519400
2016-08-01,184.7923583984375,185.3971384940866,184.34089844051198,185.00531169925665,73311400
2016-08-02,183.6083526611328,184.698672605218,182.7735792971761,184.54533945808532,92295500
2016-08-03,184.1449737548828,184.204606918532,183.25058028125014,183.54870710658165,53993600
2016-08-04,184.3408966064453,184.65606332927777,182.50097698624077,184.25571008791,46585500
2016-08-05,185.84861755371094,185.89121081778012,184.3409173872479,184.3409173872479,71892200
2016-08-08,185.73788452148438,186.13823779474342,185.4738244896835,186.03601136483033,39906500
2016-08-09,185.84861755371094,186.34267082210715,185.5249373415915,185.80603728728104,51251700
2016-08-10,185.38861083984375,186.0359841455934,185.03936433382066,185.95932408260404,57941100
2016-08-11,186.24899291992188,186.49602608222528,185.65272614518395,185.9167862170221,72504300
2016-08-12,186.08709716796875,186.30005044482607,185.68674396766605,185.9422775017856,61313500
2016-08-15,186.6237335205078,186.97298001947587,186.44486004381267,186.45337349587163,49813500
2016-08-16,185.66119384765625,186.27448733786065,185.66119384765625,186.20635372599986,53213600
2016-08-17,186.0104217529297,186.146714967824,184.86048187105433,185.69525506641838,75134300
2016-08-18,186.4278564453125,186.4619232578189,185.8741830080184,185.98490989689367,52989300
2016-08-19,186.15525817871094,186.33414467656135,185.47381799057598,185.95934477450407,75443000
2016-08-22,186.1467742919922,186.37676754071967,185.5505075338474,185.91678104326473,61368800
2016-08-23,186.52151489257812,187.05816130293945,186.4618817369218,186.76002151993063,53399200
2016-08-24,185.56752014160156,186.4704400993404,185.15012697348288,186.3767401227276,71728900
2016-08-25,185.43972778320312,185.85712092302123,185.03086109372353,185.18418122816422,69224800
2016-08-26,185.09048461914062,186.64930433578445,184.20460460957435,185.627131094704,122506300
2016-08-29,186.00189208984375,186.26595204716423,185.18414586938607,185.21822566895756,70502200
2016-08-30,185.6953125,186.19787926302044,185.1416390149965,185.91677929447332,58114500
2016-08-31,185.16709899902344,185.4822656240787,184.39194611280413,185.3630123337091,85269500
2016-09-01,185.1757049560547,185.46531837768464,184.01723827189448,185.158665049594,97844200
2016-09-02,186.0104217529297,186.43632830124716,185.43970853790063,186.02746165420058,79293900
2016-09-06,186.5727081298828,186.64936822473558,185.57608790386942,186.2916081177802,56702100
2016-09-07,186.5555419921875,186.734428423447,185.95076210070275,186.41073535623153,76554900
2016-09-08,186.12969970703125,186.49598614584542,185.8230464317414,186.22339967997087,74102900
2016-09-09,181.67471313476562,184.8690125447181,181.649159779297,184.81790583378086,221589100
2016-09-12,184.28131103515625,184.6816643799165,180.84850401338392,180.91665064628367,168110900
2016-09-13,181.63217163085938,183.2676518350536,181.01035147454522,183.00359175487807,182828800
2016-09-14,181.56396484375,182.88427780483661,181.0102915040864,181.6832181629531,134185500
2016-09-15,183.37838745117188,183.76170088109808,181.22330059205066,181.40218712475806,134427900
2016-09-16,182.66946411132812,182.94342749776695,181.9845817718176,182.76363739250482,155236400
2016-09-19,182.70370483398438,183.96219630356973,182.3783765984122,183.32010935228303,80250500
2016-09-20,182.71229553222656,183.71394979635636,182.67805663625666,183.55985516954945,69665300
2016-09-21,184.7669677734375,184.94674482420382,182.72940744279296,183.4143028791124,110284400
2016-09-22,185.9313201904297,186.2309661020976,185.5289575727087,185.77722553640427,76678700
2016-09-23,184.91253662109375,185.67447949134535,184.81836331967855,185.5374977686876,73630900
2016-09-26,183.41433715820312,184.2618838253767,183.21742102902655,184.08210674101107,89827300
2016-09-27,184.55294799804688,184.6471082252483,182.8835112062276,183.2516479102736,78494800
2016-09-28,185.46897888183594,185.62308656236328,183.8166811905737,184.77552697769812,87411000
2016-09-29,183.79100036621094,185.6658967386846,183.24308657792002,185.26352112161058,128070600
2016-09-30,185.17791748046875,185.87992589879707,184.37316624574723,184.62143417016583,117202900
2016-10-03,184.7327117919922,184.95529725204656,184.09918124112315,184.76696374787355,83512100
2016-10-04,183.79100036621094,185.0666180738813,183.20029122302313,184.84403258789584,119948100
2016-10-05,184.6042938232422,185.0323518152725,184.34745641536537,184.4159472616854,72816000
2016-10-06,184.7327117919922,184.95529725204656,183.84235688848102,184.3817010923231,62927400
2016-10-07,184.0991668701172,185.17788132018285,183.3714761556129,185.00666074402258,89788300
2016-10-10,185.0580291748047,185.52032604567063,184.91249102910072,185.0580291748047,51855000
2016-10-11,182.72080993652344,184.69844863511594,181.99311926081322,184.62995779564466,130367400
2016-10-12,182.96060180664062,183.48283321961216,182.36131000631838,182.85785897793858,73866100
2016-10-13,182.3612823486328,182.85783124494432,180.82028384808063,181.63359151521533,101357000
2016-10-14,182.4554443359375,183.79955277491104,182.37839702834248,183.3372428027531,93346200
2016-10-17,181.8218994140625,182.6865717721407,181.6421093268266,182.42973438892884,58275700
2016-10-18,182.96060180664062,183.4742636969639,182.58390858242552,183.4143423549097,76869700
2016-10-19,183.4485626220703,183.75676495027773,182.86640992617598,183.22597713186872,66519200
2016-10-20,183.10614013671875,183.66261045082263,182.44692699383353,183.09757061406387,73639800
2016-10-21,183.1917266845703,183.27734352328338,182.14726395608955,183.10612290915276,89089100
2016-10-24,183.9707794189453,184.33891611727435,183.61976869952085,184.06495270797885,60146600
2016-10-25,183.35438537597656,184.04783733368188,183.19172122524665,183.79099988849228,66542300
2016-10-26,182.9862518310547,183.56840448294915,182.29278684752947,182.532511363168,75705500
2016-10-27,182.4982452392578,183.73961082038784,182.42119793483377,183.70537192840828,77220200
2016-10-28,181.9589080810547,183.14890892401726,181.24834322181863,182.47258296054287,140623200
2016-10-31,181.96743774414062,182.51535139937488,181.80477363248966,182.2927529041506,61272500
2016-11-01,180.64907836914062,182.3441978855262,179.4419644304559,182.292819939302,122781800
2016-11-02,179.56179809570312,180.7261165309572,179.12517051792338,180.34085382978796,103330800
2016-11-03,178.7399444580078,179.98987989469111,178.4659940588493,179.77585083838414,88939300
2016-11-04,178.5430145263672,179.69020696041335,178.39747635756683,178.85121684361937,109122100
2016-11-07,182.4811248779297,182.51537683425684,178.54299901440498,178.54299901440498,109794900
2016-11-08,183.3030242919922,183.8680640704405,181.82194705147958,182.08734096045808,106772100
2016-11-09,185.2463836669922,185.8627882300816,181.78766772262458,181.81335015747885,258429000
2016-11-10,185.7086639404297,186.8986645476055,184.25326948797823,186.0339921705313,172113300
2016-11-11,185.28065490722656,185.52036638324668,184.33893498380345,184.98957855253008,100552700
2016-11-14,185.4261932373047,186.00835901047284,184.68137636929268,185.80288643230247,94580000
2016-11-15,186.8730010986328,186.8730010986328,185.6059530650747,185.81141254639604,91652600
2016-11-16,186.5220184326172,186.75317344713747,186.1367687839471,186.25662452049548,65617700
2016-11-17,187.48081970214844,187.54074102033763,186.56476944779976,186.6760686915259,69797200
2016-11-18,187.06130981445312,187.72052266465573,186.881519741383,187.5493021104357,86265800
2016-11-21,188.4739227294922,188.49960516314167,187.48939460414826,187.63493274925955,72402600
2016-11-22,188.84207153320312,189.02184858031546,188.11436769753672,188.7821371419699,67429000
2016-11-23,188.94480895996094,188.9961738326538,188.13150132797097,188.32840436105832,56620200
2016-11-25,189.6468048095703,189.68104369898273,189.21017732398442,189.28723768592408,37872300
2016-11-28,188.7564697265625,189.61258580686132,188.65373997718095,189.33863545407894,76572500
2016-11-29,189.12464904785156,189.57838962758387,188.49111830289627,188.7907642238354,69886700
2016-11-30,188.67088317871094,189.90369253700135,188.61094877723767,189.74102837676915,113291800
2016-12-01,187.97740173339844,188.97048639352258,187.6178215074796,188.97048639352258,79040500
2016-12-02,188.07159423828125,188.55958672629782,187.7120270139356,188.06303777935497,74840300
2016-12-05,189.20166015625,189.54410137465365,188.70511124525808,188.90201429267543,67837800
2016-12-06,189.80091857910156,189.8351705352663,188.91056366822536,189.3899865481813,59877400
2016-12-07,192.28370666503906,192.34362800703474,189.52701141411646,189.64686716140454,110738100
2016-12-08,192.75450134277344,193.2253677289716,191.99255866812283,192.25796558637467,99714400
2016-12-09,193.91885375976562,193.93597973954576,192.94288192501824,192.9771338845785,88005800
2016-12-12,193.6962432861328,194.30409138860358,193.27674174705902,193.8246554596792,102016100
2016-12-13,194.9889678955078,195.48551672384679,194.33832446352554,194.35545044058355,110477500
2016-12-14,193.37948608398438,195.39135084417444,192.94285856387455,194.68934251772694,142501800
2016-12-15,194.17567443847656,195.0317904674374,193.3880492594279,193.6192042449696,124972600
2016-12-16,193.7958984375,194.69151431182837,193.47727268966827,194.63122666208193,156420200
2016-12-19,194.21786499023438,194.63983910113276,193.83034471793016,193.97674068123223,90341100
2016-12-20,194.96710205078125,195.11351117714477,194.5193072017222,194.7518115170943,89838800
2016-12-21,194.424560546875,195.010144436063,194.424560546875,194.8379146533777,67909000
2016-12-22,194.08876037597656,194.39877932479175,193.6926199423763,194.2782171302688,56219100
2016-12-23,194.37289428710938,194.38150117720235,193.94231325723612,194.13175682131336,36697800
2016-12-27,194.85513305664062,195.25126022547312,194.62261563301922,194.63984255262181,42672500
2016-12-28,193.24478149414062,195.13072870792,193.13283934987078,195.1135149259041,64095000
2016-12-29,193.20172119140625,193.66674294079067,192.7625201133474,193.31366332831337,48696100
2016-12-30,192.49554443359375,193.61505768273278,191.80661219256285,193.52893622499533,108998300
2017-01-03,193.9681396484375,194.4762220905839,192.79695876636885,193.7958967308444,91366500
2017-01-04,195.12208557128906,195.26848153297962,194.2867573884805,194.29536427788966,78744400
2017-01-05,194.96710205078125,195.12211806798737,194.17483446364827,194.85515990866216,78379000
2017-01-06,195.66464233398438,196.12966407630134,194.5365089692909,195.07904528556946,71559900
2017-01-09,195.018798828125,195.5441082990617,194.98434498134318,195.4063191925194,46939700
2017-01-10,195.018798828125,195.87134100173415,194.63126532343816,195.03601261122344,63771900
2017-01-11,195.5699005126953,195.5699005126953,194.2695374492885,194.9326358857143,74650000
2017-01-12,195.07904052734375,195.26849723189008,193.7270229252161,195.05320671675017,72113200
2017-01-13,195.52685546875,195.82825431654757,195.21683659025288,195.25127729217894,62717900
2017-01-17,194.83792114257812,195.2943359950259,194.4504008335571,194.88958876507553,61240800
2017-01-18,195.2684783935547,195.31153912048646,194.53648545658123,195.08762859655678,54793300
2017-01-19,194.545166015625,195.48382970945823,194.11458489291692,195.3460405965213,66608800
2017-01-20,195.25990295410156,195.75075852737518,194.59680444535826,195.2254491108912,129168600
2017-01-23,194.75181579589844,195.32018597098931,193.99400203606893,195.2599114531842,75061600
2017-01-24,196.00051879882812,196.41387296884554,194.85517151455983,194.96711366334637,95555300
2017-01-25,197.69699096679688,197.69699096679688,196.7841480966616,196.94777099923576,84437700
2017-01-26,197.4902801513672,197.81752591147847,197.2147020080547,197.55055465753608,59970700
2017-01-27,197.18028259277344,197.7141988777078,196.9994327741686,197.5678029008803,59711100
2017-01-30,195.95738220214844,196.51713215026635,194.97565821572096,196.49129834590934,79737300
2017-01-31,195.94020080566406,196.0004884566942,194.89820208042732,195.4665590486064,75880800
2017-02-01,196.0177001953125,196.853028428981,195.4321163128962,195.94019876504385,79117700
2017-02-02,196.1469268798828,196.4311119956221,195.3288253807931,196.0177446598415,69657600
2017-02-03,197.49888610839844,197.67973590662965,196.74107249844477,197.05109133806323,80563200
2017-02-06,197.14585876464844,197.49033153341225,196.81000602778656,197.094191134407,57790100
2017-02-07,197.1544647216797,197.77450252089744,196.96500799745806,197.53337817012294,57931200
2017-02-08,197.4127960205078,197.54196507382068,196.61190846909716,197.1544447735918,51566200
2017-02-09,198.58395385742188,198.88535266019773,197.4127730625225,197.4127730625225,65955200
2017-02-10,199.36764526367188,199.5915558331859,198.60121147329366,198.9284572962501,66015900
2017-02-13,200.4526824951172,200.7110337232728,199.8326448036595,199.8584786124461,55182100
2017-02-14,201.2535400390625,201.26216006813095,199.92735645105307,200.27181596629785,71109000
2017-02-15,202.30416870117188,202.49362538606246,200.98659193643488,201.0382595522616,86785800
2017-02-16,202.1319580078125,202.51087141334727,201.38275122705335,202.3300216006002,84722400
2017-02-17,202.45053100585938,202.45053100585938,201.45158013163652,201.46880704747807,77204100
2017-02-21,203.65623474121094,203.82846453736573,202.81228640155743,202.8209064325544,88946100
2017-02-22,203.47540283203125,203.6993002727197,203.08788247148524,203.2515053913428,62115200
2017-02-23,203.61312866210938,204.00925579101815,202.85530195944816,203.99204201344,74615900
2017-02-24,203.8715057373047,203.91455332700036,202.72615864919575,202.76921937918132,82381600
2017-02-27,204.1901397705078,204.36236955714747,203.535661325161,203.78539254474492,56515400
2017-02-28,203.63897705078125,204.0523311271555,203.25145678291233,203.81120682091307,96961900
2017-03-01,206.4894256591797,206.95446050303505,205.27518407168895,205.29241099116604,149158200
2017-03-02,205.1890869140625,206.308600215748,205.13741929311072,206.29998018539592,70246000
2017-03-03,205.31829833984375,205.48192126681946,204.72409429568683,205.10300778125315,81974300
2017-03-06,204.7068634033203,205.05992990327823,204.1040393774143,204.52601356749014,55391500
2017-03-07,204.0954132080078,204.75851168969493,203.88872957805205,204.40543208279615,65103700
2017-03-08,203.7165069580078,204.64656361509844,203.5787178665223,204.38821235363588,78168800
2017-03-09,203.974853515625,204.30209931528373,203.01035617805067,203.83706442731702,90683900
2017-03-10,204.68963623046875,204.97382132054474,203.74235259688214,204.93076058441957,81991700
2017-03-13,204.7929229736328,204.83598369955777,204.3020674908966,204.62930009929119,57256800
2017-03-14,204.00930786132812,204.3021129786375,203.39789009404342,204.25043221184765,59880800
2017-03-15,205.774658203125,206.1966323155387,204.34512612298658,204.5776435433198,96081800
2017-03-16,205.3699188232422,205.9899565408601,205.04268618470874,205.91245511123034,78344000
2017-03-17,205.00924682617188,205.82226287274787,205.00924682617188,205.63198195982773,89002100
2017-03-20,204.78445434570312,205.2947473555468,204.39524803645728,205.00932587611038,52537000
2017-03-21,202.1550750732422,205.51092452648842,202.02534406755785,205.38983785536394,131809300
2017-03-22,202.6307830810547,202.91620449898713,201.56694921236672,202.18968445195426,97569200
2017-03-23,202.41453552246094,203.54756354767736,202.04263120164606,202.63076264780625,100410300
2017-03-24,202.2675018310547,203.28808752371825,201.4890894619878,202.71725794521547,112504900
2017-03-27,202.05990600585938,202.31938117796201,200.32144478844586,200.59820862722134,87454500
2017-03-28,203.53028869628906,203.95408544436285,201.6447811726046,201.75722350860326,93483900
2017-03-29,203.72052001953125,203.95404898429783,203.01994632268642,203.24483095448198,61950400
2017-03-30,204.36923217773438,204.56817064319617,203.48703497312647,203.66001404084622,56737900
2017-03-31,203.8935546875,204.55952479613492,203.84164908650794,204.03193003110582,73733100
2017-04-03,203.53892517089844,204.1443585000938,202.31075664668595,203.94543323424176,85546500
2017-04-04,203.66864013671875,203.75513626156143,202.872925938498,203.25348777187656,56466200
2017-04-05,203.06320190429688,205.32061345411282,202.85561912820899,204.34326269653357,108800600
2017-04-06,203.634033203125,204.15297031801492,202.76046728392677,203.20157900865607,69135800
2017-04-07,203.4264373779297,204.1183666841464,202.94209082281415,203.38318932176855,74412300
2017-04-10,203.54757690429688,204.343291194087,203.01998215593574,203.56487877074764,67615300
2017-04-11,203.30540466308594,203.40918946743707,201.81776087925203,203.1670161256462,88045300
2017-04-12,202.41453552246094,203.21890729142282,202.1896640631861,203.02862636532242,81864400
2017-04-13,201.099853515625,202.81238170244328,201.099853515625,202.07720426085868,92880400
2017-04-17,202.88160705566406,202.88160705566406,201.4199094790997,201.6188347524172,68405400
2017-04-18,202.276123046875,202.8123752285135,201.59285121855888,202.14639206600955,83225800
2017-04-19,201.90428161621094,203.2102889541078,201.67939691610522,202.83838456156207,68699900
2017-04-20,203.54757690429688,203.9886887153188,202.19832166519814,202.51833360852208,92572200
2017-04-21,202.89892578125,203.52166109188718,202.5010751756791,203.46976868224397,110389800
2017-04-24,205.13038635253906,205.33796918308076,202.87297421055138,205.1390306880979,119209900
2017-04-25,206.32391357421875,206.66987167555047,205.68387656955395,205.7703726936147,76698300
2017-04-26,206.1941680908203,207.17151885724383,206.15093322651757,206.28930854770627,84702500
2017-04-27,206.36721801757812,206.6699281395825,205.83096565731284,206.51425091068754,57410300
2017-04-28,205.91744995117188,206.65261437439855,205.78770573710236,206.62666817107635,63532800
2017-05-01,206.4363555908203,206.8601655092565,206.02120320380425,206.4363555908203,66882500
2017-05-02,206.5142059326172,206.69582932677102,206.1076978824263,206.57474266484968,57375700
2017-05-03,206.26336669921875,206.60933800312412,205.58873915342298,206.51419754423213,73137700
2017-05-04,206.50552368164062,206.64391219225826,205.6579171496534,206.56607360408137,61462700
2017-05-05,207.318603515625,207.33590538414293,206.4363929856339,206.87750484935884,62001300
2017-05-08,207.28396606445312,207.50883751445906,206.8601561651609,207.3618046589795,48385700
2017-05-09,207.09365844726562,207.7423397129345,206.74768718710308,207.54341448674987,51363200
2017-05-10,207.46556091308594,207.46556091308594,206.8428258476256,207.05040860193037,54293800
2017-05-11,207.04180908203125,207.20614381507636,205.96067341458388,207.01586288180906,62358300
2017-05-12,206.69583129882812,207.08503748747037,206.4277117732625,206.79097176249238,53912700
2017-05-15,207.8374786376953,207.95856527850188,207.10230126300635,207.1196031252513,61918900
2017-05-16,207.647216796875,208.15750960156078,207.25801064410544,208.13156340453983,51241800
2017-05-17,203.96273803710938,207.64724366280345,203.90218810458956,207.64724366280345,172174100
2017-05-18,204.78445434570312,205.63206124988795,203.62546655716898,203.88494182915304,107047700
2017-05-19,206.11634826660156,206.78233152544618,205.21684920841886,205.26874160827177,115011400
2017-05-22,207.16287231445312,207.32720702890853,206.55743904866105,206.62662010978983,61010600
2017-05-23,207.62123107910156,207.78556576058995,207.15417322671843,207.53473497385943,48341700
2017-05-24,208.10560607910156,208.20939086163548,207.5174615173486,207.854788455493,46927700
2017-05-25,209.10023498535156,209.37701198821208,208.40831887310807,208.61588842779958,64071700
2017-05-26,209.0570068359375,209.22132833952406,208.8321222145324,208.90996080003987,46629900
2017-05-30,208.87542724609375,209.12624493362787,208.5813614889964,208.73703870247456,35201900
2017-05-31,208.8235321044922,209.2040939957279,208.13160259292346,209.1694902615477,91796000
2017-06-01,210.48410034179688,210.50140220439292,208.99645689744077,209.28187824173105,68962000
2017-06-02,211.18467712402344,211.34036749477772,210.2419301591628,210.5359958403654,88666100
2017-06-05,211.02906799316406,211.2971875652669,210.83012949986428,211.01176612473392,44698800
2017-06-06,210.3543701171875,211.02034005878886,210.27651833395444,210.4667992308275,50375400
2017-06-07,210.74363708496094,210.96850857461544,210.02576134813626,210.69174467946053,54144300
2017-06-08,210.84739685058594,211.32309917359729,210.3198021282382,210.83875251651543,65950700
2017-06-09,210.52735900878906,211.91120454476018,209.26458692472863,211.11549039214944,132256400
2017-06-12,210.48410034179688,210.5359927321307,209.6364938389512,210.2851751130325,86108100
2017-06-13,211.51333618164062,211.56522857020147,210.67437404003005,211.0203320954049,60067000
2017-06-14,211.2452392578125,211.79012259331708,210.423565693046,211.78147826011883,78602300
2017-06-15,210.83876037597656,210.9598470447608,209.61923615628442,209.89600002888105,66464900
2017-06-16,210.8848114013672,211.04994752534736,210.00699858556482,210.99780206763052,84553100
2017-06-19,212.6404266357422,212.70125857570505,211.61485078809721,211.71045520387923,65123800
2017-06-20,211.20635986328125,212.29276764813338,211.18898688722953,212.28408116010755,56906400
2017-06-21,211.1542510986328,211.7104914506489,210.684928689232,211.59751403942832,55977600
2017-06-22,211.0586395263672,211.65833882940308,210.8848169088331,211.16294370634014,44148100
2017-06-23,211.31068420410156,211.64094318419558,210.73705765609583,211.1194753547663,66986800
2017-06-26,211.4497528076172,212.39711064820162,211.2411709623493,211.97992043403343,56700500
2017-06-27,209.7462615966797,211.5279732492118,209.72887535654044,211.23246021410642,82247700
2017-06-28,211.6235809326172,211.82347628093936,210.52847323786168,210.76314106699724,70042600
2017-06-29,209.7636260986328,211.82345107085214,208.55554113955273,211.77130561765378,106949700
2017-06-30,210.15478515625,210.94569343453097,209.96357627003223,210.5719621526262,86820700
2017-07-03,210.51109313964844,211.52796934909023,210.51109313964844,211.0934061863297,39153800
2017-07-05,210.99781799316406,211.20639983977458,210.06784638763787,210.87614082870252,54427600
2017-07-06,209.06832885742188,210.35463203575168,208.88580650381542,210.23295488728553,65400800
2017-07-07,210.4241943359375,210.57194423329292,209.07704575652258,209.6419858765696,57972300
2017-07-10,210.65011596679688,211.02384713446918,210.1199484464805,210.42414792570648,36663300
2017-07-11,210.49368286132812,210.80656883325656,209.32905690096658,210.65011921638546,50354600
2017-07-12,212.0755615234375,212.24069768736183,211.45848910877328,211.45848910877328,59610400
2017-07-13,212.431884765625,212.54487544761292,211.85825812727933,212.08423949125515,39471600
2017-07-14,213.42263793945312,213.77898288163507,212.33623013656714,212.43183455369368,60262700
2017-07-17,213.3966064453125,213.72687872498506,213.2227838156278,213.34446098258874,33531900
2017-07-18,213.50955200195312,213.5616974536571,212.64911226339612,212.98807096128579,42742500
2017-07-19,214.66551208496094,214.6741985738077,213.81375875263902,213.8224585033008,51034300
2017-07-20,214.7611541748047,215.03926774664197,214.213600259683,214.9175905723724,47135200
2017-07-21,214.56993103027344,214.5960037614684,213.96153193754682,214.18751329032523,82340800
2017-07-24,214.51776123046875,214.65681136046095,214.04842559857326,214.4916752404168,46622300
2017-07-25,215.03924560546875,215.36951787097334,214.81327752275382,215.26521368818368,54915600
2017-07-26,215.04788208007812,215.36076803204548,214.78715483828276,215.3260088204104,47575400
2017-07-27,214.8480682373047,215.54337208995847,213.5269922434443,215.50861286514385,70766600
2017-07-28,214.5959930419922,214.72635669145512,213.91807554115323,214.37001170050198,50088400
2017-07-31,214.4743194580078,215.09139175817583,214.26572435357318,214.9957873263703,65838700
2017-08-01,214.9523468017578,215.10878318749505,214.430865659001,215.07402396682556,55050400
2017-08-02,215.05662536621094,215.1956887645296,214.1266538094975,215.08269809566875,47211200
2017-08-03,214.63946533203125,214.96972435177045,214.36133851349652,214.9436516202599,40856000
2017-08-04,215.03053283691406,215.3607918002414,214.64811515765828,215.12613725672801,60191800
2017-08-07,215.43032836914062,215.43032836914062,214.99576522593466,215.10006939833806,31995000
2017-08-08,214.90016174316406,216.3342280791,214.52644380404467,215.11744331571666,61719400
2017-08-09,214.89146423339844,214.9436096862463,213.85720187920182,214.2135468227478,62632600
2017-08-10,211.85824584960938,214.18751149071593,211.80610038765755,214.05713457402004,120479500
2017-08-11,212.171142578125,212.76215545427516,211.84957003866828,212.0842378910968,74869900
2017-08-14,214.2744140625,214.491695659703,213.41398742513857,213.4487466454919,73291900
2017-08-15,214.24830627441406,214.67418290949976,213.9441200451935,214.65679667125985,55242700
2017-08-16,214.62205505371094,215.16960887774223,214.19617838370715,214.76980493632897,56715500
2017-08-17,211.2759246826172,214.32656670840692,211.2759246826172,214.013680686834,128490400
2017-08-18,210.9456024169922,212.23190533687284,210.50233961664483,211.11072523673622,136748000
2017-08-21,211.11082458496094,211.37156519107882,210.18086611271622,210.88485646596178,65469700
2017-08-22,213.3184051513672,213.47484155193214,211.67575663634727,211.69314287923814,63140100
2017-08-23,212.5535430908203,212.97941978670568,212.205897847276,212.35364773887312,50203800
2017-08-24,212.05813598632812,213.0923851691312,211.84954089488582,212.93594879691088,50741700
2017-08-25,212.5535430908203,213.46612843239413,212.40579319922318,212.8490428740146,64445900
2017-08-28,212.56224060058594,213.10978119030355,212.14505039855294,213.08370846040347,40565600
2017-08-29,212.80560302734375,213.0663303362766,211.1368686792757,211.24985935435748,51135700
2017-08-30,213.8137969970703,214.08323734129397,212.6057117405338,212.78823413348303,62030800
2017-08-31,215.10008239746094,215.3434367114177,213.848538347503,214.43085140317208,103803900
2017-09-01,215.40423583984375,215.83011245528897,215.2564859761538,215.47376752778257,62007000
2017-09-05,213.8572235107422,215.12615379291992,212.89249275003215,214.90017245863578,91398800
2017-09-06,214.58726501464844,214.91753723218903,214.0049520207523,214.53511956173446,57916900
2017-09-07,214.56121826171875,214.9088767595875,214.15272781535776,214.89149051924016,58034700
2017-09-08,214.3091583251953,214.76979418966545,214.06580402931732,214.27438584760446,63832800
2017-09-11,216.594970703125,216.67318888716122,215.56070828593013,215.57808126339495,71364800
2017-09-12,217.3249969482422,217.35975615912275,216.77744322873167,216.9599655558394,56896000
2017-09-13,217.42935180664062,217.46412428956327,216.92525689879432,217.03824757556816,59228000
2017-09-14,217.3598175048828,217.55972612475762,216.93395405779384,217.10777668488015,95446300
2017-09-15,217.6524200439453,217.739756008967,217.11089174686597,217.21570023594433,95432400
2017-09-18,218.1153106689453,218.4646811341499,217.7309951606429,218.01923179186971,46235200
2017-09-19,218.33367919921875,218.42102848279805,218.01051083970842,218.35988131876667,47108100
2017-09-20,218.41226196289062,218.52581335375092,217.41654154474944,218.42100488688175,59574100
2017-09-21,217.82708740234375,218.34241353480814,217.65240215902375,218.25507757696303,48211400
2017-09-22,217.8707733154297,218.0367289698389,217.50393028719216,217.5301324086641,51214000
2017-09-25,217.42530822753906,217.9668498298664,216.68289258120123,217.61746600132773,57064400
2017-09-26,217.5563201904297,218.09784843533004,217.32048778509616,217.85328643262474,54082000
2017-09-27,218.40353393554688,218.78784942033215,217.37286846929294,218.25505083053952,81001400
2017-09-28,218.6655731201172,218.744179472519,218.03669564564598,218.12403159466072,44778800
2017-09-29,219.43418884277344,219.5128085221101,218.47341344631633,218.65682826696917,85578000
2017-10-02,220.38629150390625,220.38629150390625,219.48663643311738,219.66133501937134,59023000
2017-10-03,220.8579559326172,220.88415805655924,220.30768467457054,220.3863043740284,66810200
2017-10-04,221.11993408203125,221.36449606151285,220.59586508164023,220.7094164748382,55953600
2017-10-05,222.43016052246094,222.44761972082654,221.15493267725822,221.45189898106148,63522800
2017-10-06,222.17686462402344,222.465101340426,221.72268555057047,221.9847068130884,80646000
2017-10-09,221.8099822998047,222.46506199550856,221.54794775599703,222.4039281542774,35803100
2017-10-10,222.39515686035156,222.7707427683473,221.83615612442787,222.37769766658715,43057400
2017-10-11,222.74459838867188,222.74459838867188,222.13319325771235,222.29913560726172,47674300
2017-10-12,222.41262817382812,222.77947115532052,222.17679578300132,222.43010069512647,47065100
2017-10-13,222.68348693847656,222.96299408754842,222.41272271758473,222.8494426422837,54800400
2017-10-16,222.9804229736328,223.17258078058654,222.56991856164902,222.91055952349745,38221700
2017-10-17,223.13760375976562,223.18127840295898,222.70961358067885,222.9279734690156,31561000
2017-10-18,223.35592651367188,223.55681384580643,223.16376877767266,223.5131392098743,40888300
2017-10-19,223.41714477539062,223.45208982839378,222.15940274756386,222.57865009017277,61903800
2017-10-20,224.5699920654297,224.59622083655938,223.39959979190442,224.21190536689664,89176400
2017-10-23,223.6965789794922,224.91941561151043,223.617972622621,224.89321349255337,63915300
2017-10-24,224.0896453857422,224.32546446473933,223.73153197709217,224.12459043068006,66935900
2017-10-25,222.9804229736328,223.87133523063355,221.85369158525188,223.75778380080655,103715300
2017-10-26,223.26861572265625,223.86254822529017,223.1463347175475,223.59179742215292,69798000
2017-10-27,225.0941162109375,225.2513555999806,223.27737353607554,224.01105961565028,85562500
2017-10-30,224.25563049316406,224.99805952789407,223.9586642103246,224.0110684569867,54285700
2017-10-31,224.60501098632812,224.85831595994026,224.308044690315,224.63121311082153,60304800
2017-11-01,224.90199279785156,225.72302829563802,224.53516302963726,225.38240065372474,54202700
2017-11-02,224.98928833007812,225.1290418553702,223.7664783028467,224.8320756098468,56449500
2017-11-03,225.74044799804688,225.7841093106653,224.7359712552437,225.14648888383707,59589700
2017-11-06,226.0898895263672,226.22090016065792,225.5396182070797,225.6094816602793,49652600
2017-11-07,225.93264770507812,226.52658027431363,225.4260377772938,226.1946689399576,57502200
2017-11-08,226.31690979003906,226.41300200160703,225.47841528260687,225.75792233683754,50469600
2017-11-09,225.49586486816406,225.68802260513684,223.91491500860073,225.1115493942185,95085500
2017-11-10,225.42604064941406,225.60073924506818,224.79716302242787,225.1116151635526,59984700
2017-11-13,225.63560485839844,225.86270764857133,224.70976115958797,224.74470620159695,50228600
2017-11-14,225.1116180419922,225.2164265386195,224.05473683871833,224.83211094747693,61315200
2017-11-15,223.98480224609375,224.66608391303228,223.27731846332122,224.14201494109759,80811500
2017-11-16,225.88897705078125,226.25583346300692,224.8845266997023,224.92818802377593,67777000
2017-11-17,225.2251434326172,225.8627639958813,225.14653705992936,225.53959557863226,75756800
2017-11-20,225.60946655273438,225.80162435524875,225.22515094770566,225.46973965569177,48075500
2017-11-21,227.08554077148438,227.26898226933415,225.57450740471495,226.3780568662347,69176800
2017-11-22,226.8846435546875,227.22527108469816,226.718687924212,227.09426049623252,45033400
2017-11-24,227.40870666503906,227.51354180063734,227.2340347495609,227.37378827509912,27856500
2017-11-27,227.29515075683594,227.74932966113093,227.09425009355337,227.45236345579315,52274900
2017-11-28,229.60104370117188,229.62724582071488,227.66200688921438,227.7580990977113,98971700
2017-11-29,229.46128845214844,230.264864537519,229.01585242326902,229.7320525704751,77512100
2017-11-30,231.47027587890625,232.3786340239822,230.29986981657459,230.37847619517157,127894400
2017-12-01,230.98985290527344,231.73228197266988,227.7581420461125,231.25190080537664,164390900
2017-12-04,230.71034240722656,233.03366822283851,230.65791150982508,232.60569136026692,94040600
2017-12-05,229.8805694580078,231.59250360309943,229.74955884962907,229.8805694580078,77994500
2017-12-06,229.92420959472656,230.35221308301692,229.46128771759268,229.9766138332505,75898600
2017-12-07,230.64923095703125,230.96365645856784,229.6622398184337,230.64923095703125,77218600
2017-12-08,231.90689086914062,231.91560713708776,230.6141910323454,231.60118176490317,76563900
2017-12-11,232.60572814941406,232.6668753266698,231.88078491496563,232.60572814941406,83077500
2017-12-12,233.01622009277344,233.48788494970145,232.6406474545075,233.39179273103937,85195800
2017-12-13,232.99005126953125,233.69753532840642,232.90270196424402,233.2608154572358,102905400
2017-12-14,232.0379638671875,233.40052749040524,231.9855596243915,233.28697607926028,100666700
2017-12-15,233.97027587890625,234.43556407095812,232.98702738185418,233.0396994948025,144610300
2017-12-18,235.4539337158203,235.80509006221476,235.2607937065766,235.36613793134373,83653600
2017-12-19,234.54971313476562,235.74365017127647,234.47946578466843,235.69976567110132,82382900
2017-12-20,234.42678833007812,235.56805322378713,234.12830407774675,235.51538110817063,76751500
2017-12-21,234.90960693359375,235.6207340227915,234.66379481577025,235.05007482828026,67032300
2017-12-22,234.84812927246094,234.96226108962753,234.31259385148846,234.92713742476712,78720900
2017-12-26,234.5672149658203,234.78669100611233,234.3038544340734,234.44429552333253,45244400
2017-12-27,234.6813201904297,235.04126407068716,234.40917207463843,234.73399229080826,57751000
2017-12-28,235.16416931152344,235.20808059186288,234.79546458911238,235.18174454026212,45116100
2017-12-29,234.27748107910156,235.76114118823554,234.08436789215662,235.7435927507426,96007400
2018-01-02,235.9542694091797,235.98939307392297,234.75154510890943,235.1378250465664,86655700
2018-01-03,237.44674682617188,237.59600232641256,236.12110292886277,236.12110292886277,90070400
2018-01-04,238.4474639892578,238.9303272062629,237.5081271834311,238.08754696893678,80636400
2018-01-05,240.0365753173828,240.15946797234622,238.7460550869637,239.23767928983673,83524000
2018-01-08,240.4755401611328,240.6335564936815,239.65030803580805,239.94000464548068,57319200
2018-01-09,241.01979064941406,241.64309503689753,240.6159354877151,240.89687121980845,57254000
2018-01-10,240.65106201171875,240.9144493105008,239.59759319110952,240.2647820733768,69574300
2018-01-11,242.40689086914062,242.40689086914062,241.0373625313552,241.20416646404138,62361500
2018-01-12,243.98712158203125,244.1538987144319,242.3717544461334,242.67026541950014,90816100
2018-01-16,243.15316772460938,245.89222499682614,242.4596157898127,245.24258435422752,106555100
2018-01-17,245.4708251953125,245.85710525696388,243.15317161691908,244.0837480950297,113258800
2018-01-18,245.05819702148438,245.77805812089665,244.56654600971189,245.35668124153545,100728000
2018-01-19,246.1730194091797,246.17301940917966,245.05809117541804,245.63748413428692,140920100
2018-01-22,248.17481994628906,248.17481994628906,245.9098113814282,245.96251029849998,91322400
2018-01-23,248.70150756835938,248.9912041885166,247.89382385358272,248.21864414608123,97084700
2018-01-24,248.6048583984375,249.93928967925865,247.42847020558543,249.34229457344156,134816100
2018-01-25,248.710205078125,249.5617730729087,247.92009679641455,249.46521648794092,84587300
2018-01-26,251.5897979736328,251.63370926274965,249.28969303570867,249.544292779746,107743100
2018-01-29,249.9217529296875,251.45808522868774,249.76373660889539,251.0191331432591,90118300
2018-01-30,247.3583221435547,249.97445978985772,246.88424632375978,248.09575853461737,131796400
2018-01-31,247.48101806640625,248.71007774107915,246.40997460887166,248.20969305347444,108364800
2018-02-01,247.20022583007812,248.4995335490144,246.41011749473475,246.75251295523756,90102500
2018-02-02,241.8187255859375,246.0151066419787,241.78360191588195,245.883399577148,173174800
2018-02-05,231.70521545410156,242.16984378788024,231.16091921572408,240.0628793719165,294681800
2018-02-06,236.27029418945312,236.77070587057335,227.11376242714104,228.20235475111994,355026800
2018-02-07,234.98861694335938,239.10596278188044,234.90958199288642,235.71726560370294,167376100
2018-02-08,226.17445373535156,235.42757111233564,226.13933006721916,235.28710323131492,246449500
2018-02-09,229.5719757080078,231.42434093123214,222.0395551652409,228.957431978035,283565300
2018-02-12,232.9430694580078,234.409181085586,229.71238881690365,231.61742570067418,143736000
2018-02-13,233.5225372314453,234.0668335954932,231.1609725875507,231.74039262423426,81223600
2018-02-14,236.6741943359375,237.03413827941714,232.0300735324697,232.03886114791155,120735700
2018-02-15,239.6941680908203,239.7029557055696,235.95428785276758,238.4124355383196,111200300
2018-02-16,239.76437377929688,241.70456111309323,239.02693755677285,239.07084883629025,160420100
2018-02-20,238.26321411132812,240.25607395574437,237.47310562466865,238.81629808944345,86369700
2018-02-21,237.07798767089844,241.17781154014494,236.98143108137657,238.70211558804763,98883700
2018-02-22,237.38526916503906,239.711709729396,236.7180802507282,237.99981276687265,110511300
2018-02-23,241.16900634765625,241.16900634765625,238.13146593359008,238.60554160702387,92766400
2018-02-26,243.96957397460938,244.0661573690469,241.65192079774243,242.24010161368724,86491400
2018-02-27,240.92323303222656,244.8650409424878,240.86177331085185,244.15391392223984,99099200
2018-02-28,238.4827117919922,242.46840505051796,238.16667908529266,242.02066525784565,121907800
2018-03-01,235.0149383544922,239.81707485453967,233.52249066745827,238.2719550648111,176855100
2018-03-02,236.22650146484375,236.7883731343521,232.48664698180258,233.346976137403,139083200
2018-03-05,238.95668029785156,239.57122378460642,234.9358651698893,235.041236149635,97307400
2018-03-06,239.5625,240.01023971083006,238.0700521582396,239.93120475708733,79213200
2018-03-07,239.4746856689453,239.82584195994448,237.20970481921924,237.40284479799493,87063500
2018-03-08,240.633544921875,240.75643757744385,239.15867230598982,240.15068154029282,66901200
2018-03-09,244.8211212158203,244.8211212158203,241.72212069884188,242.0381801182192,113625300
2018-03-12,244.51394653320312,245.734246622371,244.12766641803623,245.11094194215474,71924800
2018-03-13,242.93365478515625,246.17312347300873,242.32789873513437,245.67271164185843,91968900
2018-03-14,241.68702697753906,244.07492758617036,241.1339698102425,243.89057519707148,105895100
2018-03-15,241.42361450195312,242.8370271669328,240.9232027619332,242.19617435500027,83433000
2018-03-16,241.68539428710938,242.73428632376158,241.63251123474083,241.94980954895198,100343700
2018-03-19,238.41537475585938,241.8617314494688,236.76712305431,240.93625086908648,109208400
2018-03-20,238.82081604003906,239.45543966554663,238.1421052648597,238.8119932303427,59757300
2018-03-21,238.3624267578125,240.86565656743832,238.15089454536155,238.77669527306645,78709600
2018-03-22,232.40403747558594,236.9874056171408,232.13077251194272,236.14124989695927,148785900
2018-03-23,227.45045471191406,233.17088967006566,227.2565412065732,232.8447685244487,183534800
2018-03-26,233.67330932617188,233.955370261597,228.6492300456166,231.04669419910772,141956100
2018-03-27,229.69813537597656,235.13648355929,228.14682704159767,234.60765289876343,129941400
2018-03-28,229.0194091796875,231.49622480159888,227.91763387941825,229.8303276361625,146452300
2018-03-29,231.94577026367188,233.80558127407573,229.02827092448925,230.15648794780927,111601600
2018-04-02,226.9392547607422,231.92809620608446,224.4712755675117,231.41685743848606,186286300
2018-04-03,229.84793090820312,230.32390533759397,226.38395605270182,228.1732379441203,119956900
2018-04-04,232.30709838867188,233.01222376677336,226.17242152300034,226.30462916904324,123715300
2018-04-05,234.14044189453125,235.0218619705104,232.9769609385253,234.0610904167438,82652600
2018-04-06,228.92245483398438,233.67329571244264,227.40641101791257,232.18372032516052,179521200
2018-04-09,230.05064392089844,233.43529384498132,229.11634077565296,230.37676505100026,105442900
2018-04-10,233.7085418701172,234.49301869650768,231.79587525314687,232.93288785263687,103529000
2018-04-11,232.48342895507812,234.1405034372823,232.15730774505533,232.22780953419007,91140200
2018-04-12,234.39605712890625,235.3391831575739,233.6292258920898,233.80552068394104,68890500
2018-04-13,233.7085418701172,235.81514889026525,232.70373691024142,235.70055996966371,85079200
2018-04-16,235.63009643554688,236.39695475492138,234.51952505696408,235.33923954798865,63405300
2018-04-17,238.15093994140625,238.7502992568039,236.88169262714564,237.39290453761745,64682000
2018-04-18,238.32720947265625,239.12927814561803,237.8688537751826,238.59162476057676,57303900
2018-04-19,237.00506591796875,237.87766321788325,235.97379255540952,237.67492690933037,77655900
2018-04-20,234.9954071044922,237.154897174765,234.11398697765554,236.93454214305586,99953100
2018-04-23,234.96011352539062,236.12359427052772,233.88478015163685,235.56829541949406,65558000
2018-04-24,231.7958526611328,236.20295287745273,230.297427828062,235.98259786663672,112885500
2018-04-25,232.3688507080078,232.8095608821234,229.91850321587756,231.73422698132876,103840900
2018-04-26,234.73104858398438,235.5595858554559,232.95058918082958,233.39129935081172,67731900
2018-04-27,234.95135498046875,235.6388616272177,234.01705176562555,235.33918200158953,57053600
2018-04-30,233.1444549560547,236.1236593984513,233.07392627997427,235.56836039425437,82182300
2018-05-01,233.5587158203125,233.66448193214373,231.02901745124638,232.58032548825824,74203400
2018-05-02,231.9897918701172,234.17569660455436,231.60196485617357,233.36480513816895,86368900
2018-05-03,231.4785614013672,232.13080372140743,228.3318849297842,231.16126305069108,136311500
2018-05-04,234.47537231445312,235.15408302694007,230.18286060318687,230.50898174610822,91222100
2018-05-07,235.26864624023438,236.23818675417897,234.55467126904276,235.2422047152869,55304900
2018-05-08,235.26864624023438,235.63000478158196,233.70851557191827,234.89843799216482,67499200
2018-05-09,237.5427703857422,237.86889159229474,235.41854423903627,235.93857898716234,59666100
2018-05-10,239.763916015625,240.09006408856357,238.1773703959911,238.28313651745867,72063900
2018-05-11,240.49559020996094,240.7600056019783,239.3761689531761,239.88740790950186,59871500
2018-05-14,240.61012268066406,241.57966348961148,240.06361950078988,240.9274210765786,54790600
2018-05-15,238.95297241210938,239.40247833038944,238.00984653653427,239.38485961358774,87036100
2018-05-16,239.95785522460938,240.41621099844787,238.96184597615334,238.98831440816372,53942600
2018-05-17,239.75515747070312,240.83049137123183,238.97950326064117,239.69345159062675,56536400
2018-05-18,239.15574645996094,239.7727513992917,238.80318373697688,239.4113658661193,64368000
2018-05-21,240.953857421875,241.4915377795711,240.2487319580376,240.63655903279187,58025900
2018-05-22,240.28396606445312,241.72950821369673,239.95784486948793,241.47388880461108,52966400
2018-05-23,240.94505310058594,240.97152153385284,238.85609118238685,239.0147672879168,64694200
2018-05-24,240.45135498046875,240.82156320014568,238.6708963400099,240.548325163709,76043800
2018-05-25,239.87850952148438,240.5043103513088,239.3760935361218,239.87850952148438,56374800
2018-05-29,237.11964416503906,239.0147190473101,236.00907304336295,238.25668371463993,115908600
2018-05-30,240.28396606445312,240.72467619793298,238.3536804267183,238.42418221259786,69678400
2018-05-31,238.81199645996094,240.17818704087188,238.21263716632328,239.87850739405306,93519900
2018-06-01,241.1565399169922,241.45621951714224,240.0371191971426,240.10764786706392,71258400
2018-06-04,242.30242919921875,242.55804861167155,241.73833420831608,241.97630799995767,45385200
2018-06-05,242.47872924804688,242.8577335202975,241.66781073878218,242.43464209387946,51135000
2018-06-06,244.5059356689453,244.61170177943262,242.4698573456426,243.0868621885617,62732200
2018-06-07,244.47952270507812,245.2816183350628,243.57166095224892,244.99076149724047,72969400
2018-06-08,245.2023162841797,245.2551993504634,243.85374429631833,244.02121630582116,72139700
2018-06-11,245.5283966064453,246.2423447812001,245.3080415673529,245.4226304914903,58892500
2018-06-12,245.8457489013672,246.20710753428884,245.2023024328456,245.94269221780678,72329000
2018-06-13,245.06126403808594,246.33933412363743,244.85852770279948,246.083714726765,79070600
2018-06-14,245.67828369140625,246.2071143389862,245.08772026985903,245.9250802932143,77097600
2018-06-15,245.3648223876953,245.70127036855243,243.78885054546487,244.89557310376134,120041600
2018-06-18,244.8601837158203,244.98414962861307,243.43473783628795,243.91282259238102,52917600
2018-06-19,243.92172241210938,244.14306698780095,242.17752607487577,242.59365495795998,97531500
2018-06-20,244.33779907226562,245.00183265741478,244.00135106598808,244.603401698487,53785500
2018-06-21,242.8061065673828,244.34668299377168,242.31029694175825,244.32895813740058,71061400
2018-06-22,243.24879455566406,244.17845786417627,243.02745000881802,244.06335437668065,54898500
2018-06-25,239.93746948242188,242.25715582365535,238.2552564656156,242.09779424744752,137854200
2018-06-26,240.4686737060547,241.31862903294743,239.7515196771776,240.50409639205643,68547400
2018-06-27,238.47665405273438,242.47855430114694,238.32612785087287,241.0531081863732,105110700
2018-06-28,239.840087890625,240.60150009170255,237.7151588224368,238.42347751836468,76650500
2018-06-29,240.18539428710938,242.29259870231078,240.070290799281,240.9291087243102,97592500
2018-07-02,240.6988983154297,240.85828692224064,238.3792118140002,238.61828121441778,63554800
2018-07-03,239.8489227294922,241.69052431494146,239.42395853253888,241.59311867340935,42187100
2018-07-05,241.80560302734375,241.86758597984274,239.90204549181354,240.9733724606823,56925900
2018-07-06,243.85092163085938,244.22276541387367,241.4515268031284,241.83226003568575,66493700
2018-07-09,246.04661560058594,246.09973613516857,244.80709142765713,244.85134953327582,50550400
2018-07-10,246.93190002441406,247.0293056471973,246.2058836349034,246.49807348366292,51966800
2018-07-11,245.1257781982422,246.1705449354682,244.82475287381996,245.38254542362452,77054700
2018-07-12,247.34808349609375,247.40120402224898,245.7809739353221,246.3830245781455,60124700
2018-07-13,247.54286193847656,247.84388725280266,246.71946678285556,247.1710182641425,48216000
2018-07-16,247.32154846191406,247.72881487718087,246.8788593523983,247.58717813938293,48201000
2018-07-17,248.3219451904297,248.71151363505118,246.49806884496982,246.5511893583646,52315500
2018-07-18,248.84442138671875,248.9506624589636,247.95904309187677,248.40173223929776,44593500
2018-07-19,247.90589904785156,248.56107027763503,247.42778724848594,248.18036413165808,61412100
2018-07-20,247.62254333496094,248.33086203476083,247.4631817598543,247.70222412251422,82337700
2018-07-23,248.0829620361328,248.28658171283647,247.07361800177213,247.41892844076798,47047600
2018-07-24,249.3312530517578,250.17237284975738,248.46360001759905,249.49064160583424,68026900
2018-07-25,251.456298828125,251.77502204570084,249.0392063497694,249.08346445678782,78882900
2018-07-26,250.86302185058594,251.54475324487566,250.6416773306691,250.73908296962176,57919500
2018-07-27,249.1631622314453,251.2880646550527,248.24236127402867,251.19065899609888,76768700
2018-07-30,247.86163330078125,249.4021826939374,247.3392363952235,249.24282110559668,63742500
2018-07-31,249.0834197998047,249.6943328768987,248.24232678004086,248.62303289486857,68570500
2018-08-01,248.6673126220703,249.79176024823593,248.0210038173346,249.28708818072533,53853300
2018-08-02,250.0219268798828,250.19012385564247,247.16214597845703,247.36579266220008,63426400
2018-08-03,251.0931854248047,251.14630593884132,249.9687381653188,250.145824558501,53935400
2018-08-06,252.01409912109375,252.32395991882225,250.73915217292347,251.1287207970645,39400900
2018-08-07,252.84632873535156,253.22706194784666,252.54530334890575,252.67813171258652,43196600
2018-08-08,252.7400360107422,253.13846698115805,252.27964910548545,252.6780800759013,42114600
2018-08-09,252.39476013183594,253.1915950768919,252.2619588109262,252.80202652249167,35717000
2018-08-10,250.70375061035156,251.5005857652356,249.9954316796512,250.96051791145572,77076000
2018-08-13,249.76516723632812,251.58904395946368,249.4729773325625,250.97813090933042,65732900
2018-08-14,251.35873413085938,251.59780341238374,250.1015128752842,250.49108124113167,43842000
2018-08-15,249.48187255859375,250.1547686488498,248.04756417218385,250.0131048919749,102925400
2018-08-16,251.5004119873047,252.36809194552467,250.8806367286353,250.9160594055956,69967900
2018-08-17,252.3858184814453,252.82850742525193,250.88952768981196,251.29679395262914,65618500
2018-08-20,252.92591857910156,253.19152114336345,252.38582400564977,252.83737538448443,39807500
2018-08-21,253.51918029785156,254.37799819792022,252.96138773126302,253.43949950542424,67272000
2018-08-22,253.36862182617188,253.89099157841562,252.84622505433717,253.11185465317376,44993300
2018-08-23,253.03228759765625,254.05046730181147,252.71353733971716,253.19164921682426,49204900
2018-08-24,254.5550537109375,254.69671744235123,253.55457218379885,253.60769270562974,57487400
2018-08-27,256.56488037109375,256.6711214264323,255.5909589978284,255.75032058083627,57072400
2018-08-28,256.6888122558594,257.13150127415275,256.22839838429445,257.02523321330386,46943500
2018-08-29,258.07000732421875,258.3001872470909,256.66225944752415,256.90130179728936,61485500
2018-08-30,257.02520751953125,257.9637059829279,256.432019425289,257.59186237570543,61229500
2018-08-31,257.0340881347656,257.47677714013287,256.13101229086976,256.6179593889367,66140800
2018-09-04,256.5914001464844,256.94554594826343,255.59091866725385,256.617960406128,57594400
2018-09-05,255.90078735351562,256.4408819522442,254.89147054249426,256.23723529705296,72452400
2018-09-06,255.13058471679688,256.308125831231,254.10354276501158,256.00710048633505,65909900
2018-09-07,254.6346893310547,255.60861042454084,253.84669003100112,254.08575935643225,73524800
2018-09-10,255.07740783691406,255.90966532054676,254.882623595647,255.6440357081322,50210900
2018-09-11,255.91856384277344,256.36125295304953,254.08585146112563,254.4311349169495,50530500
2018-09-12,255.98048400878906,256.58253456637283,255.1925116359852,255.92736349015473,59810800
2018-09-13,257.4945068359375,257.68045569530796,256.75965488471724,257.0429823679138,51034200
2018-09-14,257.5388488769531,257.8841323699944,256.75971163574974,257.69821048912604,55079900
2018-09-17,256.1753234863281,257.5210886145558,255.90085840767378,257.4856929408959,68244000
2018-09-18,257.56536865234375,258.1585568998184,256.3612402817185,256.3878005462383,61930400
2018-09-19,257.8398132324219,258.2559420232231,257.4945028015122,257.6184687058169,49080600
2018-09-20,259.9292907714844,260.2480409377501,257.85750925934076,259.0970602153132,100360600
2018-09-21,259.6917724609375,260.78572685618775,259.5316895177993,260.67010234995365,105479700
2018-09-24,258.8290710449219,259.25598604173615,258.25097564679436,259.1136810427981,53409600
2018-09-25,258.5890197753906,259.3894618716786,258.3488952890775,259.2827398777616,44370000
2018-09-26,257.815185546875,259.91412321436593,257.3971730938539,258.7312519258059,79739700
2018-09-27,258.5356140136719,259.6206660004718,258.0108795398294,258.2865870236804,59249500
2018-09-28,258.5623779296875,259.0604320703618,257.877560271739,257.9131161804193,70091400
2018-10-01,259.46063232421875,260.52787942324136,258.79359270911283,259.7985762633335,62078900
2018-10-02,259.3093566894531,260.02085456876165,258.93582980248266,259.3093566894531,47258200
2018-10-03,259.4517822265625,260.77695917771814,259.09603312163875,260.3589465154056,64694600
2018-10-04,257.4238586425781,259.02474241561276,255.84075281656695,258.9713814326385,111545900
2018-10-05,255.98309326171875,258.16207274661025,254.56007018759942,257.6462407924696,105951700
2018-10-08,255.98309326171875,256.3388422447717,253.9197111613411,255.29824864888656,87742200
2018-10-09,255.60955810546875,256.90805420357475,255.049240523284,255.60068270102317,74339000
2018-10-10,247.51620483398438,255.17383525068217,247.14267777477968,255.10266914479388,214731000
2018-10-11,242.06427001953125,248.04982217091188,240.45445592041213,246.431132665706,274840500
2018-10-12,245.4261016845703,246.4399877104538,242.2420842920822,246.15537764841622,183186500
2018-10-15,244.04754638671875,246.39553877632216,243.95860234615915,245.0703349983781,102263700
2018-10-16,249.3838653564453,249.7574194733854,245.53283535702332,246.00420892011994,118255800
2018-10-17,249.42831420898438,250.0508681229723,246.85797564445298,249.41941166358663,110626000
2018-10-18,245.82627868652344,249.09033716550948,244.55446325309785,248.49443661830605,134557500
2018-10-19,245.69285583496094,248.4054719837981,244.99913591592662,246.47551977272352,139901600
2018-10-22,244.59011840820312,246.68015435747893,244.0564812361249,246.3599883393804,82415800
2018-10-23,243.34483337402344,244.4654681566747,238.89790441670948,240.97909105360475,146352700
2018-10-24,235.97193908691406,243.47836034056346,235.42052401836114,243.09590366941856,177806700
2018-10-25,240.20530700683594,241.7439542252775,236.781193360631,237.8039816111299,138061500
2018-10-26,235.9808349609375,241.02366679537118,233.27712038113032,236.50559671818039,201574600
2018-10-29,234.6734161376953,240.3566066552751,231.10699613836647,239.0669858830614,160749100
2018-10-30,238.15090942382812,238.46219999139012,234.01526943167627,234.50444807839088,157116000
2018-10-31,240.694580078125,243.00698951534628,240.24098445251798,240.71235803018175,128296300
2018-11-01,243.25588989257812,243.45155583096718,240.4721083271827,241.5571599597225,99495000
2018-11-02,241.815185546875,244.78573168928202,239.76958135193883,244.3588166152821,122634100
2018-11-05,243.14923095703125,243.70064588758427,241.33487607109518,242.3043034718907,65622500
2018-11-06,244.6879425048828,244.8480255169667,243.0247945482107,243.08705810021485,60085900
2018-11-07,249.92642211914062,250.00646361926934,246.43111376204413,246.85802890464325,102752100
2018-11-08,249.4727783203125,250.11313733964522,248.33436530171073,249.12590474479975,65584900
2018-11-09,247.0358123779297,248.35208601181105,245.63056759236852,248.16532259060648,98812600
2018-11-12,242.41998291015625,246.76906695308182,241.90412375753766,246.52894247011767,99673600
2018-11-13,241.96640014648438,244.87468316220532,241.24599951743505,242.88246681934416,98176600
2018-11-14,240.31211853027344,244.23428707633516,238.7556929624398,243.834079644037,125335900
2018-11-15,242.82015991210938,243.28265801047837,237.47496842136428,239.04917189597126,135101400
2018-11-16,243.45166015625,244.35882418194376,241.21038987573397,241.72624899886281,126668000
2018-11-19,239.33380126953125,243.1403726335023,238.4177346862504,242.84686002553218,103061700
2018-11-20,234.90469360351562,237.4661303636274,234.0419878494768,236.00752387559697,136021300
2018-11-21,235.70510864257812,237.59950549234424,235.6962332375424,236.45218975453028,75563700
2018-11-23,234.1309356689453,235.52727862745027,233.9708526543424,234.0686721159614,42807900
2018-11-26,237.91073608398438,238.13308256630586,235.9896592196982,236.3809911999364,79981400
2018-11-27,238.71119689941406,238.71119689941406,236.27428794556133,236.8790639113208,75502400
2018-11-28,244.20761108398438,244.20761108398438,238.6489482392209,239.77848590009825,127629600
2018-11-29,243.67401123046875,245.07032676690406,242.29544650287454,243.43385961483304,82346400
2018-11-30,245.15919494628906,245.71951235351727,243.20256243467927,243.52272830058044,98204200
2018-12-03,248.40553283691406,249.3838629987836,246.81355122186906,249.277141006927,103176300
2018-12-04,240.35662841796875,248.00535541672906,240.04533780939624,247.57844025566556,177986000
2018-12-06,239.9918670654297,240.1074915650488,233.41041740788427,236.50548984099865,204185400
2018-12-07,234.41549682617188,241.2192949448085,233.5794717353162,239.65396675054097,161018900
2018-12-10,234.86016845703125,235.82959594381217,230.01300388121976,234.23758739782187,151445900
2018-12-11,234.91355895996094,238.23985434553188,233.44607729820376,238.0530908610672,121504400
2018-12-12,236.0963897705078,239.24482367435746,236.01634829099115,237.88406423876316,97976700
2018-12-13,236.0163116455078,237.90180524867168,234.90457936610449,237.03909991417862,96662700
2018-12-14,231.6583709716797,234.8245829393611,231.10695599803614,233.87293341160515,116961100
2018-12-17,227.11361694335938,231.81846306627645,225.4860388815235,230.70673052985472,165492300
2018-12-18,226.86463928222656,229.41718696925932,225.26374136740526,228.75014730233016,134515100
2018-12-19,223.4671173095703,230.70671867180351,221.76840039515483,226.9446197617869,214992800
2018-12-20,219.8295440673828,223.7873091985889,217.58828746517864,222.22199466662704,252053400
2018-12-21,215.32533264160156,223.3855045339363,214.6812341608542,220.72860171340417,255345600
2018-12-24,209.63583374023438,215.45060262563953,209.57322025034426,213.84035620425558,147311600
2018-12-26,220.2276153564453,220.2276153564453,209.11693755623702,211.09396462178614,218485400
2018-12-27,221.91839599609375,222.1151909748024,213.76877426318353,216.998207573705,186267300
2018-12-28,221.63214111328125,224.89735185930846,220.46918466599615,223.26922375327266,153100200
2018-12-31,223.57337951660156,223.81491988199966,221.38166176077164,223.2513302461389,144299400
2019-01-02,223.805908203125,224.7273377098983,220.02184047903611,220.04867677387213,126925200
2019-01-03,218.46531677246094,222.36568485027112,217.9822360854176,222.06151737501295,144140700
2019-01-04,225.78298950195312,226.42708803378295,221.1132819712888,221.4890038398222,142628800
2019-01-07,227.56317138671875,228.96765431227632,225.15674999016903,226.05132962307513,103139100
2019-01-08,229.70123291015625,230.18431361996602,227.22325682723428,229.74597827796512,102512600
2019-01-09,230.77476501464844,231.61567225774735,229.18241397353972,230.40798400007034,95006600
2019-01-10,231.58883666992188,231.8393179366992,228.56515239927478,229.24504182356054,96823900
2019-01-11,231.67828369140625,231.7051199930724,229.9338421818793,230.51531358491874,73858100
2019-01-14,230.26483154296875,231.06994789059002,229.3792062906262,229.7817508142326,70908200
2019-01-15,232.9038543701172,233.2169627574834,230.6316140537097,230.6405685877629,85208300
2019-01-16,233.46742248535156,234.35304766189932,233.12747782757188,233.3332136885603,77636700
2019-01-17,235.2386474609375,236.09746354596547,232.55490862113237,232.59965398203775,96118400
2019-01-18,238.3696746826172,238.83487355099425,235.27443688332207,237.0457143351515,127900300
2019-01-22,235.14920043945312,237.11728664606434,233.53896794342953,236.9025962600359,115531200
2019-01-23,235.64125061035156,236.87577500924823,233.18115634601335,236.17800390992494,86030300
2019-01-24,235.76646423339844,236.34796286693012,234.45143100905162,235.46231041761553,59204100
2019-01-25,237.7613525390625,238.58437774011935,235.86484825448963,237.60926200285365,96883400
2019-01-28,235.9544219970703,236.01702184675474,234.19209836136233,235.6234317757123,85613700
2019-01-29,235.64125061035156,236.66105730917477,234.80929801123665,236.09749501004995,66136300
2019-01-30,239.37159729003906,240.21250429784018,236.39265923503496,237.15305735490657,92473700
2019-01-31,241.47390747070312,241.95698818402894,239.0943220389077,239.30903974505677,104012100
2019-02-01,241.5902099609375,242.61004400064866,240.80297539703585,241.6707188640082,85782500
2019-02-04,243.28982543945312,243.35245255455757,240.9639133533354,241.6348479570002,60744800
2019-02-05,244.3097686767578,244.61392255740444,243.2183801401264,243.71934268476923,79552800
2019-02-06,243.98757934570312,244.5243324513391,243.2540449784109,244.0323246964044,58347800
2019-02-07,241.66180419921875,242.9231377133348,240.00682608227083,242.37745713067275,95482000
2019-02-08,241.95700073242188,242.0553914066869,239.59529694515285,240.4183223771915,75788900
2019-02-11,242.09121704101562,242.86949721446865,241.56341815672465,242.61008869025963,68021400
2019-02-12,245.20428466796875,245.57999282836457,243.629815766185,243.7013974255774,72270200
2019-02-13,246.00050354003906,246.8414107807634,245.61584075769358,246.03629437805574,65277200
2019-02-14,245.4547882080078,246.581967392561,244.10396409321197,244.9180349153441,83234400
2019-02-15,248.1295928955078,248.16538373135367,247.0203226879647,247.22605856815875,97088700
2019-02-19,248.55899047851562,249.21201622764568,247.32446604809505,247.33342058177877,59120800
2019-02-20,249.06002807617188,249.51627262512798,248.02231197095585,248.5232746010028,76610800
2019-02-21,248.1743927001953,248.78270054095805,247.21718555932722,248.42487400523967,64214700
2019-02-22,249.71299743652344,249.90977876755096,248.15641015139627,248.79155411176745,78114600
2019-02-25,250.05287170410156,251.65417677932,249.97236281880927,251.13533264063574,69030700
2019-02-26,249.87400817871094,250.75067881182883,249.4982726927991,249.70403585179915,56844100
2019-02-27,249.7666778564453,250.1155497637619,248.2279995898932,249.15834287634237,56921600
2019-02-28,249.301513671875,249.99035764970898,248.97947802022117,249.55199494552065,69268300
2019-03-01,250.8580322265625,251.26953121285604,249.42669935637187,250.87591399104352,78880500
2019-03-04,249.9456024169922,252.1552157189455,247.6554802053009,251.91368898973167,106494600
2019-03-05,249.60560607910156,250.26761358958612,249.05992559250146,250.07080497302118,59114600
2019-03-06,248.09385681152344,249.73095348275567,247.77182111906677,249.72199894671584,75039800
2019-03-07,246.0184326171875,247.78968338711277,245.1775253080747,247.64654732381564,94885100
2019-03-08,245.5263671875,245.69633953555666,243.7014440300641,244.16661570345593,85795800
2019-03-11,249.08677673339844,249.24779452916363,246.21518350729428,246.2420198065885,65098900
2019-03-12,250.0260467529297,250.5449182155576,249.4535299980749,249.64138407228003,79667500
2019-03-13,251.68106079101562,252.61143136478677,250.75069021724445,250.91173531876376,80639200
2019-03-14,251.52005004882812,252.12835773703998,251.08171470002955,251.7079041553978,67518400
2019-03-15,252.76260375976562,253.57126609888462,251.88204448079483,252.0707533824196,81309000
2019-03-18,253.67918395996094,253.97571096745602,252.75370929471526,252.97833933405315,62199800
2019-03-19,253.7420654296875,255.5031571109372,252.85253932396947,254.73943697849396,90268100
2019-03-20,252.97833251953125,254.73045774743304,251.87317030498068,253.52644405949383,84609200
2019-03-21,255.83558654785156,256.23990405923104,252.11570091924966,252.16064336761528,79550400
2019-03-22,250.91172790527344,254.99998322875308,250.8488249198276,254.47885365665272,122659300
2019-03-25,250.72311401367188,251.75640688205587,249.4651910686538,250.5703534964687,85575200
2019-03-26,252.5919952392578,253.5444244613853,251.1903059153472,252.47518322548854,68125900
2019-03-27,251.2711181640625,253.1670096654195,249.72566263249684,252.58294971576728,72224700
2019-03-28,252.2235107421875,252.6727706873622,250.74995238075306,251.9000567435742,56238500
2019-03-29,253.8139190673828,254.13737307946633,252.60990565465173,253.73305556436193,82186800
2019-04-01,256.823974609375,257.12050158234626,255.53909751491526,255.80866998313059,77617900
2019-04-02,256.94970703125,257.1833309527013,256.15900522385925,257.0126099978943,40070400
2019-04-03,257.35418701171875,258.55820087935837,256.7521663675677,258.16284976811403,68243200
2019-04-04,258.0370178222656,258.2886023749723,256.98576457085767,257.67761523563604,48997500
2019-04-05,259.2859802246094,259.33988924285876,258.41441453536396,258.7019475798009,58621700
2019-04-08,259.4836730957031,259.59149113940293,258.2077622637104,258.8636919237671,53566300
2019-04-09,258.15380859375,258.8456592016085,257.60572449284734,258.522205126451,66142300
2019-04-10,259.034423828125,259.12428134186337,258.1538640665501,258.5671757249507,52601500
2019-04-11,258.9625244140625,259.5285965825624,258.3964522455626,259.5196026050741,55093100
2019-04-12,260.71453857421875,260.9930775507416,259.0073562411478,260.57077209913416,69727800
2019-04-15,260.5438537597656,260.88529575789886,259.7441577724898,260.7864442960236,49596700
2019-04-16,260.71453857421875,261.47828597657065,260.1215121472391,261.4243769759953,52153200
2019-04-17,260.0766906738281,261.8557431740678,259.6633516265314,261.8287886640842,58268300
2019-04-18,260.5887145996094,260.8582870044896,259.36674077689725,260.6606115425039,68708500
2019-04-22,260.8133239746094,260.96608440071606,259.73511670213725,259.8249741633384,40160100
2019-04-23,263.15850830078125,263.3921322454848,260.9481570615082,261.18175358556095,52246600
2019-04-24,262.57452392578125,263.4101409908237,262.4307574273886,263.07769295982763,50392900
2019-04-25,262.41278076171875,263.06871029746924,261.22675508512435,262.47568374884355,57770900
2019-04-26,263.634765625,263.7066351624023,261.6849650923547,262.45770657786915,50916400
2019-04-29,264.0481872558594,264.56934444677836,263.63487554699253,263.72473307170276,57197700
2019-04-30,264.1828308105469,264.47036378092696,262.29596081647924,263.7066163248907,81111700
2019-05-01,262.1972351074219,265.01860231863884,262.18824112882993,264.8119327556899,71671900
2019-05-02,261.631103515625,262.99687175976754,260.13955670306206,262.08036361263817,65030200
2019-05-03,264.19189453125,264.4704336008856,261.7389245024655,263.1046927620058,56543700
2019-05-06,263.10467529296875,263.54494138916215,259.58246426144535,259.8969517961515,107198100
2019-05-07,258.7108459472656,261.2985878238254,256.8059880160905,260.705561358726,144729900
2019-05-08,258.35150146484375,260.0586842910349,257.75847486656824,258.35150146484375,91568300
2019-05-09,257.5697326660156,258.1717256781386,254.5506913693155,256.28485571593546,103471100
2019-05-10,258.8636474609375,259.6184010578606,253.652214405053,256.6353077314568,112429300
2019-05-13,252.35833740234375,254.721449608434,251.52272030593628,253.76005395912173,127290500
2019-05-14,254.64060974121094,256.1681049927601,253.24791445118507,253.37369301577155,77003200
2019-05-15,256.132080078125,256.770021528291,252.80754548534486,253.0142149334386,73956400
2019-05-16,258.50421142578125,259.8609579611438,256.7610804560164,256.8329499899436,76749600
2019-05-17,256.8329772949219,259.312901499198,256.1860417381828,256.2040296890674,100353000
2019-05-20,255.13478088378906,256.94078755040437,254.3889938816998,255.2336049280397,62877600
2019-05-21,257.4350280761719,257.8123911999107,256.57242895202023,256.8240135080661,46847100
2019-05-22,256.6442565917969,257.59668554101046,256.16804211719005,256.4825295824555,49482500
2019-05-23,253.5083770751953,254.46977237425475,252.097694477568,254.42485735472138,98733800
2019-05-24,254.08348083496094,255.35939128162846,253.46349985025927,254.94605234472476,55268100
2019-05-28,251.72039794921875,255.31447831235778,251.7024374188396,254.3620492097785,70029400
2019-05-29,250.03118896484375,251.0105726249219,248.62949974302012,250.6062550151604,104972900
2019-05-30,250.7140350341797,251.62154901071113,249.6178395350318,250.785904569244,62523800
2019-05-31,247.33563232421875,248.99790008924552,247.30867781649005,248.1712769051262,86862800
2019-06-03,246.7067108154297,248.4857633553792,245.3768909783469,247.37160702364017,96428000
2019-06-04,252.06182861328125,252.1966011366948,248.54861192613726,248.99787195128627,77231900
2019-06-05,254.24520874023438,254.27216324311325,251.87313022493018,253.6791367591237,71169700
2019-06-06,255.89859008789062,256.5724803645483,253.89490721452097,254.541842976939,69430400
2019-06-07,258.4593505859375,259.5375858798903,256.7431735770717,256.9138946222919,74272200
2019-06-10,259.6453857421875,261.3076536120134,259.55552823720706,260.0047883414486,60799100
2019-06-11,259.5824279785156,261.8287280257867,258.9354924680753,261.46033152755564,58641300
2019-06-12,259.12420654296875,259.9059145875843,258.6120435410981,259.3488365521413,47096300
2019-06-13,260.1935119628906,260.55294204090757,259.33094010111313,260.03178488018204,48945200
2019-06-14,259.9059143066406,260.50790737500523,259.14216679214854,259.9059143066406,52324700
2019-06-17,260.0047302246094,260.7684777152376,259.83400922950466,260.13950274162505,39205700
2019-06-18,262.7272644042969,263.7785449569694,261.4603478082686,261.81977777473696,85434800
2019-06-19,263.3202209472656,263.85034436003326,261.89157769848856,262.86196705629305,78674400
2019-06-20,265.8361511230469,266.240496147716,263.3832087300726,265.9979055853094,116570000
2019-06-21,265.44976806640625,266.8221515056671,265.23308319547755,265.5671482228351,83309500
2019-06-24,265.124755859375,265.9734475035229,264.9712523643733,265.6574579000981,47582700
2019-06-25,262.5243225097656,265.2059070885623,262.4159801112717,265.1788214889388,82028700
2019-06-26,262.2625427246094,263.92385754593755,262.1542002988309,263.41824118962137,51584900
2019-06-27,263.1925048828125,263.69812121274236,262.6417550625053,263.02095353294095,40355200
2019-06-28,264.5468444824219,265.0434231006258,263.6529919480454,264.1676184518848,59350900
2019-07-01,266.9485778808594,268.08622859750477,265.74771822350516,267.8695161656501,78705600
2019-07-02,267.64373779296875,267.69790900113674,266.06367992868246,266.9033612093092,61504500
2019-07-03,269.7835693359375,269.80164477374774,268.1764259500246,268.3208916824014,40898900
2019-07-05,269.47662353515625,269.63916472557844,267.2645588956779,268.5556853748782,51677300
2019-07-08,267.99591064453125,269.2960749060107,267.45417094324387,268.1674620091727,45841800
2019-07-09,268.3299865722656,268.6279282653834,266.7860517816925,266.840222998623,41101300
2019-07-10,269.61199951171875,270.56005064904815,268.8626128525521,269.3953147050236,58448500
2019-07-11,270.24407958984375,270.4878500388574,269.24188463431943,270.253117309667,50826100
2019-07-12,271.45391845703125,271.52616509938144,270.4246380127178,270.73161735765416,40326000
2019-07-15,271.5442199707031,271.8873226456437,271.03860367732375,271.8873226456437,33900000
2019-07-16,270.6683654785156,271.66154999805445,270.3613861822975,271.45387537678204,36650100
2019-07-17,268.82659912109375,270.80393145030723,268.82659912109375,270.6414177790369,36036300
2019-07-18,269.8106689453125,270.18989495674094,267.8875359461371,268.3299433311183,51392600
2019-07-19,268.3118896484375,270.93026568631416,268.1403383081677,270.903180082799,58678600
2019-07-22,268.970947265625,269.51268682028854,268.194475028688,268.7091014293009,43638100
2019-07-23,270.8941345214844,270.8941345214844,269.25990553066293,270.0905766044497,44564500
2019-07-24,272.1672058105469,272.1672058105469,270.04540847226593,270.1357029970052,47213200
2019-07-25,270.8670959472656,271.76998626708985,270.06351033668966,271.71581505222247,55394100
2019-07-26,272.6818542480469,272.88049117681857,271.42682375398465,271.5532415968484,45084100
2019-07-29,272.1852111816406,272.6818172131321,271.6344615085866,272.56443710470654,38126500
2019-07-30,271.5172119140625,271.92352363022513,270.4066467628394,270.78587286819317,45849000
2019-07-31,268.5467224121094,271.9506373281496,266.53329417463294,271.7610104788734,104245200
2019-08-01,266.20819091796875,271.6526186964665,265.4136429910856,268.70017713336995,142646600
2019-08-02,264.2037048339844,265.55804002591907,262.6507327117384,265.31426961081803,116749700
2019-08-05,256.2583312988281,260.2220053837113,254.36225615994783,260.1136629564653,178745400
2019-08-06,259.851806640625,260.0685190404571,256.6736428346704,258.14535837183905,120711700
2019-08-07,260.0053405761719,260.7728029003708,254.65120730275834,256.78201534695285,140572300
2019-08-08,265.1066589355469,265.1066589355469,260.9443476671785,261.49509755220527,87713900
2019-08-09,263.3008117675781,264.76348934990085,261.5221171331934,264.1675785656176,93730000
2019-08-12,260.0955810546875,263.29179245654484,259.1475298322207,261.80202916869314,65527600
2019-08-13,264.1405334472656,265.58516336808646,259.4545308129541,259.79763351897674,94299800
2019-08-14,256.33056640625,260.7005524202266,256.20417608457865,260.09563131231886,135622100
2019-08-15,257.0075988769531,257.9014785950407,254.96708648451832,257.2152734688346,99556600
2019-08-16,260.7999267578125,261.2332965637675,257.0619468572622,258.66008067881546,83018300
2019-08-19,263.94183349609375,264.6190010266753,263.1382756878927,263.81544321847423,53571800
2019-08-20,261.9193420410156,263.9688923061297,261.7929517762229,263.43619054261586,51596400
2019-08-21,264.0502624511719,264.4204232030708,263.39114265467236,264.077348056287,49524700
2019-08-22,263.9689025878906,265.3864464762261,262.19924593376106,264.75444001961625,51666400
2019-08-23,257.188232421875,264.33009591746213,255.9422397627942,262.66878155669343,149161500
2019-08-26,260.0323181152344,260.0323181152344,257.84731220730464,259.373198500566,72423800
2019-08-27,259.01220703125,261.793125348652,258.2537822776039,261.4229369175807,66668900
2019-08-28,260.83599853515625,260.9985121802663,257.5494645347921,258.35305014787957,59696700
2019-08-29,264.1675720214844,264.6912637071327,262.3888774311626,263.39109976527214,57899400
2019-08-30,264.0502624511719,265.66641614641384,263.12028660352104,265.64836826101157,62901200
2019-09-03,262.5062561035156,263.2646804730789,261.1790065682752,262.35278021837604,69101400
2019-09-04,265.48590087890625,265.50394876745247,263.9238905677633,264.67330502987176,46887300
2019-09-05,268.8987731933594,269.8106735830968,265.44972592383255,267.96879736456265,83258100
2019-09-06,269.1064453125,269.74751727016104,268.5376475637681,269.2148152948554,49584300
2019-09-09,269.2417907714844,270.1807764689451,268.30277752000933,270.09050951827663,51260300
2019-09-10,269.1786804199219,269.24188935174453,267.2284341315708,268.48343727792104,57947100
2019-09-11,271.0928039550781,271.1740607730114,268.83557827685104,269.4856603743414,68821100
2019-09-12,272.0318908691406,273.08825734100435,271.2373428076178,271.9957675334264,72908700
2019-09-13,271.8512268066406,272.8263637238987,271.4810384912023,272.4742232943265,62104800
2019-09-16,271.01153564453125,271.89637799232213,270.3704912942259,270.72260415700487,58191200
2019-09-17,271.6977233886719,271.78799036288956,270.6413297609149,270.8128810983628,41475500
2019-09-18,271.8603210449219,271.9686634906912,269.2780400199562,271.3095435402211,73375800
2019-09-19,271.84222412109375,273.2417207457767,271.5081590883585,272.24853581465317,76560500
2019-09-20,270.55780029296875,272.7256865360811,269.7686626835575,272.4444725268905,89565000
2019-09-23,270.4942932128906,271.21087820036234,269.64165479267564,269.89563042755236,43476800
2019-09-24,268.37176513671875,271.97279346935863,267.4102840114436,271.5827644184251,94869400
2019-09-25,269.9590759277344,270.40352627736024,266.97484206860895,268.4533536576858,71854000
2019-09-26,269.396728515625,270.17678656371356,267.9907970655747,269.9681805505696,56179700
2019-09-27,267.94549560546875,270.258515016911,266.394430888546,270.1496445739282,84746600
2019-09-30,269.18804931640625,269.8955546492936,268.41707085357206,268.4624127579998,51662400
2019-10-01,265.9862365722656,270.72109036382295,265.76855105398255,270.06800612770223,88242400
2019-10-02,261.28759765625,264.41696448642426,259.99958846909385,264.4078850320209,122539500
2019-10-03,263.42828369140625,263.4554943744778,258.3487439616913,261.0608435391244,85278800
2019-10-04,266.99310302734375,267.2470787072425,264.0269992614025,264.08144832542007,65091200
2019-10-07,265.8410949707031,267.81850652842235,265.5599086250279,266.19486160761295,59610500
2019-10-08,261.7139587402344,264.7254038708757,261.67766859806807,263.9906876592985,95708100
2019-10-09,264.1993103027344,265.13358083305707,263.1017756443016,263.72764914999317,62359400
2019-10-10,265.9862365722656,266.8660857836884,263.9544312515663,264.1176953902786,55296300
2019-10-11,268.7436828613281,270.9750422719158,268.6167088805522,268.7346034051052,98720400
2019-10-14,268.4443664550781,269.0974506367518,268.0996792923519,268.42620754255415,40394800
2019-10-15,271.1020202636719,271.8458158960156,269.36953283376874,269.4874550292948,46754500
2019-10-16,270.6666564941406,271.35603084525394,270.2312854776649,270.6394458056109,48928200
2019-10-17,271.46490478515625,272.33567459941145,270.77553035484783,271.8277232343232,45736600
2019-10-18,270.2765808105469,271.57366954233504,269.42394247522446,270.92966490395844,64304000
2019-10-21,272.1089172363281,272.30847154115486,271.15651532040795,271.5919140803774,39048600
2019-10-22,271.21990966796875,272.9342379797446,271.12919816843396,272.6439722537385,48594700
2019-10-23,272.00909423828125,272.0635156111766,270.7573472991516,270.9659810160959,34352200
2019-10-24,272.45355224609375,273.08850518920275,271.62812449255955,272.9433722970273,35453100
2019-10-25,273.5692138671875,274.1134552290327,271.82764704553614,271.8820684135941,45205400
2019-10-28,275.11114501953125,275.6100443709534,274.75740619625964,274.78461687497287,42147000
2019-10-29,275.0295715332031,275.9547901689378,274.7120950931229,274.8390967416614,44284900
2019-10-30,275.8731384277344,276.24500852902196,273.9229380126746,275.229106138278,49643900
2019-10-31,275.1384582519531,275.8641227568858,273.68718460462867,275.8641227568858,69053800
2019-11-01,277.6872863769531,277.73262829214644,276.41738057633785,276.5806723698209,71141500
2019-11-04,278.802978515625,279.374430643672,278.43108065957426,279.23837720396307,60606900
2019-11-05,278.4945068359375,279.30180316391466,278.2042411215235,279.00245799553085,42933200
2019-11-06,278.55810546875,278.8302123707764,277.61475540627197,278.4946046311865,46487100
2019-11-07,279.53765869140625,280.8710375909936,279.0659976008694,279.89142527025837,54272300
2019-11-08,280.22705078125,280.2814721535745,278.4945632788722,279.19298934454866,49032100
2019-11-11,279.69189453125,279.864238107545,278.7122544469131,278.84833556176477,35797300
2019-11-12,280.281494140625,281.17947453569053,279.5104877305214,280.05472917772806,46484600
2019-11-13,280.3721618652344,280.77127035209,279.0659936684823,279.2927585959564,53917700
2019-11-14,280.78033447265625,280.8619942096514,279.45603498872856,280.090987886083,51219900
2019-11-15,282.8121032714844,282.85744517622777,281.4243032749575,282.11364970586425,62023600
2019-11-18,283.020751953125,283.25659632840035,282.1227717261377,282.5763015670428,49228000
2019-11-19,282.9391784667969,283.6285528256652,282.2951737101685,283.61947336896316,67804700
2019-11-20,281.88690185546875,282.8665417247279,280.33583769061437,282.34951110935566,79406200
2019-11-21,281.4334411621094,282.10468425402297,280.6352517705745,281.9958415043259,54664700
2019-11-22,282.05926513671875,282.3132407351811,281.0524421975064,282.17718732194487,44850200
2019-11-25,284.245361328125,284.245361328125,282.98456243967775,282.98456243967775,48647200
2019-11-26,284.8892822265625,285.07070522877143,283.96409135032974,284.28156776356354,37569000
2019-11-27,286.15924072265625,286.15924072265625,285.15238993261636,285.3700754304547,44444600
2019-11-29,285.097900390625,285.84169590542126,284.87113549084046,285.5967720976461,36592700
2019-12-02,282.6761779785156,285.41548908041284,282.24985869193915,285.3519882399865,75767800
2019-12-03,280.78033447265625,280.8619942096514,278.5852653796921,279.9639862341054,73941700
2019-12-04,282.5127868652344,283.11144954756696,281.47875327303325,281.82344036418806,49080000
2019-12-05,283.020751953125,283.2293856451966,281.7145837968173,283.21125441681573,40709000
2019-12-06,285.60595703125,286.00506561677,284.91658262330225,284.92566208065074,48927000
2019-12-09,284.7078857421875,285.887052207936,284.63530546909504,285.21583692878045,34838500
2019-12-10,284.3904724121094,285.31566348978197,283.73738821573176,284.6535275182076,52649800
2019-12-11,285.19769287109375,285.4516684529647,284.3087644939141,284.84392633852576,53429100
2019-12-12,287.6558837890625,288.4359419435748,284.97099448527933,285.2068112141044,96389600
2019-12-13,287.82818603515625,289.05272214678655,286.64899183529326,287.4199981041912,81503900
2019-12-16,289.8056945800781,290.3952780938292,287.764809406979,289.55171886578796,82749700
2019-12-17,289.86907958984375,290.48587355216506,289.7874475372953,290.18655602615394,61097700
2019-12-18,289.8870849609375,290.485747434309,289.8326636161995,290.25898260414954,48133000
2019-12-19,291.0755310058594,291.1481113030199,289.8237838519317,290.077759529448,85310500
2019-12-20,292.35162353515625,293.4818986755226,291.13019089245233,292.10549549710834,147142100
2019-12-23,292.7982177734375,293.19016437902224,292.6523713537724,293.1354754488179,52990000
2019-12-24,292.8073425292969,293.07166308676193,292.5065255951328,293.0260982506087,20270000
2019-12-26,294.3660888671875,294.3752129631039,293.18112472741444,293.1902210059652,30911200
2019-12-27,294.2931213378906,295.149951744562,293.7644523592922,295.0952628094436,42528800
2019-12-30,292.67071533203125,294.51200281776664,292.18761103295026,294.37528043451204,49729100
2019-12-31,293.3816833496094,293.62781144325504,291.82299263179215,292.1693745285005,57077300
2020-01-02,296.12530517578125,296.1435533670269,293.9923531023892,294.9129966046256,59151200
2020-01-03,293.8829040527344,295.0040826655969,292.6888161446402,292.74350507040344,77709700
2020-01-06,295.004150390625,295.0861837981025,292.01434006994486,292.1328420420894,55653900
2020-01-07,294.1746520996094,294.9129805533922,293.7279886988713,294.43897268463854,40496400
2020-01-08,295.7424621582031,296.95477064555246,294.11995883928836,294.3660590478099,68296000
2020-01-09,297.747802734375,297.8207398631898,296.7177813744384,297.3011671355,48473300
2020-01-10,296.89093017578125,298.48608887965315,296.42607426931494,298.3311461832845,53029300
2020-01-13,298.9327697753906,298.94186605271307,297.082386683004,297.510801872737,47086800
2020-01-14,298.47698974609375,299.5434516916106,297.9209485381816,298.4952101168568,62832800
2020-01-15,299.1514587402344,299.90800736140204,298.3037526446553,298.3857860264188,72056600
2020-01-16,301.6399841308594,301.6399841308594,300.30004962435345,300.52792945323296,54050300
2020-01-17,302.5788269042969,302.7884585291991,301.5761501633732,302.3509470912397,95846000
2020-01-21,301.9862976074219,302.7884389482875,301.5487861977557,301.62169549358066,77742400
2020-01-22,302.0227966308594,303.49035714511143,301.867853930092,302.84315842409643,48914900
2020-01-23,302.3692321777344,302.77942705597485,300.2636244798141,301.37567931823935,51963000
2020-01-24,299.6801452636719,303.1074662187742,298.3948999055085,303.0254328321711,87578400
2020-01-27,294.8765869140625,296.3532441968251,294.11091379771784,294.44817159472285,84062500
2020-01-28,297.9664611816406,298.8415116384185,294.96755586346495,296.29836582317853,63834000
2020-01-29,297.720458984375,299.5526218615138,297.5199236056963,299.32474201380455,53888900
2020-01-30,298.6866760253906,298.89633550564963,294.9130001022843,295.66042488337473,75491800
2020-01-31,293.26312255859375,298.22178991387807,292.3516032332454,298.0668193889295,113845600
2020-02-03,295.4416809082031,297.3011883827756,294.62131896327486,294.7398209430448,69083000
2020-02-04,299.94451904296875,300.8104734483571,298.723086598825,299.0421238964606,62573200
2020-02-05,303.4083251953125,303.6179846653886,301.41212336008243,302.870532103236,65951100
2020-02-06,304.4292297363281,304.6206410029242,303.35361580732535,304.3654167083422,50359700
2020-02-07,302.8067321777344,304.4383317479117,302.25981501693957,303.3718697108561,64139400
2020-02-10,305.0672912597656,305.1311042908256,301.886097610239,301.92256617332515,42070000
2020-02-11,305.5959777832031,307.2002328793031,305.0672809970112,306.41633961218275,54864500
2020-02-12,307.56488037109375,307.77451202465284,306.66245727222037,307.02705945948134,43992700
2020-02-13,307.2367248535156,308.20293318619815,305.8694457619048,306.1428904532812,54501900
2020-02-14,307.7289123535156,307.84741430987003,306.4527909338537,307.64687895696886,64582200
2020-02-18,306.9359130859375,307.79274347896046,305.550385905375,306.7353777212436,57226200
2020-02-19,308.4034729003906,309.077988360176,307.6195795625174,307.9021483533661,48814700
2020-02-20,307.13641357421875,308.67688328776865,304.1557279094007,307.85649373249373,74163400
2020-02-21,303.9734802246094,306.09730805211063,303.1530905628107,305.78739481387316,113788200
2020-02-24,293.89202880859375,304.04633809698913,292.81641502565685,294.54832373659,161088400
2020-02-25,284.98651123046875,295.8882745622072,284.1114604678439,295.27757219253857,218913200
2020-02-26,283.938232421875,289.9633610159589,283.2090281846531,286.3810972156628,194773800
2020-02-27,271.1861572265625,283.99299421889395,271.1861572265625,278.43272007694435,284353500
2020-02-28,270.04669189453125,271.5324726677233,260.2752047841163,263.15560884540804,384975800
2020-03-02,281.74151611328125,281.80532914475464,268.40598340350584,271.8241810091955,238703600
2020-03-03,273.67462158203125,286.0712930613618,271.2408799542185,282.1153015410036,300139100
2020-03-04,285.1778869628906,285.3966704893052,276.4911099959197,279.03425638312916,176613400
2020-03-05,275.6982116699219,281.1764533921752,273.46500533027745,277.99525887539363,186366800
2020-03-06,271.14056396484375,272.3437762979566,264.55029623787203,267.2119174164198,228667200
2020-03-09,249.96597290039062,259.04469825650165,249.25498888727407,250.94127750870393,309417300
2020-03-10,262.9005126953125,262.99164240745563,249.30062712234025,259.45496949165477,276444100
2020-03-11,250.08450317382812,256.9938372938662,246.91243278073932,255.86356189562727,255316300
2020-03-12,226.1570587158203,243.06574485920348,225.7650981762707,233.34894558391483,392220700
2020-03-13,245.490478515625,247.45936429531525,226.5308670369448,239.81170108877706,329566100
2020-03-16,218.62789916992188,234.1692913616769,216.35821121478764,219.84020754106757,297240000
2020-03-17,230.4320831298828,233.50391264622428,216.0938883539165,223.35868442017195,262070500
2020-03-18,218.76466369628906,226.39407689191867,207.84466479454713,215.34646582603455,327597100
2020-03-19,219.22952270507812,225.49167035009614,211.67303310856974,218.08101328487268,289322000
2020-03-20,209.78201293945312,224.149511692918,209.50694631687315,222.37076338943308,347158800
2020-03-23,204.41824340820312,210.58883736917826,200.11807712080454,209.22269612416616,326025200
2020-03-24,222.93919372558594,223.81024024329707,214.3663807599711,214.93484144271505,235494500
2020-03-25,226.27664184570312,235.04201992086357,219.82181757105965,224.5162352253458,299430300
2020-03-26,239.4889373779297,240.95592219798814,228.34884302210628,228.77977750775747,257632800
2020-03-27,232.35552978515625,239.1312666476789,230.18253051508594,232.2180034986201,224341200
2020-03-30,239.90142822265625,240.61659285300317,232.4563738706009,234.44599998225482,171369500
2020-03-31,236.32565307617188,241.4418275508448,234.92282878626662,238.90208181788717,194881100
2020-04-01,225.68983459472656,236.24312431481496,223.62685616519354,227.36772539626958,189554600
2020-04-02,230.89772033691406,231.67705936295383,224.25950903784965,224.80964222485147,177660400
2020-04-03,227.5602569580078,232.26385185645358,224.83712454211462,229.91662928983567,135561200
2020-04-06,242.84463500976562,244.80677011871967,227.54193143111638,236.40815247528656,188061200
2020-04-07,243.09225463867188,252.16935565660157,242.87221252313967,251.41750778727922,201427200
2020-04-08,251.25247192382812,253.05872554058368,243.202271556666,245.68700700539043,153774500
2020-04-09,255.0758819580078,257.8265203918572,252.5727909100661,254.50739317768844,189999200
2020-04-13,252.74693298339844,254.4431651623593,248.85019623918757,254.10392432275387,114839100
2020-04-14,260.2011413574219,261.2188637812924,252.60938312795597,257.6247131889089,134143400
2020-04-15,254.6724090576172,260.3387165438089,252.5635698315606,254.4981997482188,121775000
2020-04-16,255.9010009765625,256.75369195266023,252.83862767870144,255.94683374609875,131798300
2020-04-17,262.8143310546875,263.41944685021514,258.92674327686353,261.6590540286196,146684800
2020-04-20,258.18408203125,262.95186638326464,257.96403991624453,259.11928900096365,100109300
2020-04-21,250.34466552734375,254.92906081178347,249.40943098152397,253.7279514857345,126385700
2020-04-22,255.9010009765625,257.64306593294725,253.89303320643955,255.21334154791583,92951600
2020-04-23,255.88272094726562,260.33876990913046,255.58016302104355,257.1755244120986,104709700
2020-04-24,259.4493408203125,260.1186727932332,255.35088916404356,257.39554010912246,85063200
2020-04-27,263.19024658203125,264.30884067979105,260.9622361353189,261.42067588061485,77896600
2020-04-28,261.9799499511719,267.1786402598977,261.67736409264813,266.8302216256885,105270000
2020-04-29,268.83819580078125,270.36939668055743,266.2709447231819,267.29784515422165,118745600
2020-04-30,266.3350524902344,268.93898579069054,264.6021375509596,267.46279588157535,122901700
2020-05-01,259.2843017578125,266.5001372793607,258.1198471539412,261.5948274910563,125180000
2020-05-04,259.9994201660156,260.3019779656264,255.92847461294295,257.4046365732007,80873200
2020-05-05,262.40167236328125,265.2073206037957,260.12780177122573,262.8142792143297,79569900
2020-05-06,260.6229248046875,264.48297858278846,260.19199044127004,264.09790497007816,73632600
2020-05-07,263.76788330078125,265.69333581380084,263.2636107768448,263.83207158010157,75250400
2020-05-08,268.1321105957031,268.5997278633129,265.7665469864243,266.8943182867482,76452400
2020-05-11,268.1871643066406,269.5624830979567,265.7849452947577,266.20670188943353,79514200
2020-05-12,262.8418273925781,269.7825831185984,262.7042730991444,269.37000418111256,95870800
2020-05-13,258.19329833984375,263.31865189419375,255.7727227895186,262.2825734797414,144721100
2020-05-14,261.2830505371094,261.4113990670636,250.29882832927197,255.76344816859944,121977900
2020-05-15,262.48419189453125,262.53002466488874,257.95480613821377,258.89919065123917,111146300
2020-05-18,270.47943115234375,272.0839701507051,268.3706196611589,268.6915050760796,119703800
2020-05-19,267.7012634277344,271.58882289589167,267.6829359139752,269.88344074536735,95189300
2020-05-20,272.2489318847656,273.1108005640989,271.0019896139452,271.2312094120459,85861700
2020-05-21,270.36944580078125,272.9275475763484,269.27835689934,272.12068909653203,78293900
2020-05-22,270.8828125,271.05702179895974,268.8473394108852,270.08513201578137,63958200
2020-05-26,274.2202453613281,277.07175449936034,270.90114681308035,276.83335693039163,88951400
2020-05-27,278.3004455566406,278.33712857289146,272.1940244647287,277.0076420479935,104817400
2020-05-28,277.78692626953125,281.3352447299404,277.1175942986496,279.3272767982314,90405200
2020-05-29,279.0247497558594,279.61153803025144,274.577879005406,277.3193394971249,119090800
2020-06-01,280.15240478515625,280.75754836392883,277.8693847232331,278.3828347935377,55758300
2020-06-02,282.4721374511719,282.5179982006775,279.73985528660774,281.069313365472,74267200
2020-06-03,286.2314147949219,287.1849772402928,284.17761381806736,284.4526664557033,92567600
2020-06-04,285.4795227050781,286.98321817364206,283.3890390401753,285.2503028822557,75794400
2020-06-05,292.7962341308594,294.56580447547407,290.79744395981476,290.86163222663976,150524700
2020-06-08,296.3352966308594,296.527833381417,293.0620319667509,293.6029872056014,73641200
2020-06-09,294.1257629394531,296.4087837876376,292.8146040767573,293.67647298750563,77479200
2020-06-10,292.4845275878906,295.5927621739855,291.7693627776029,294.70338803982554,95000800
2020-06-11,275.6230163574219,286.2038091418731,275.07291127510564,285.5711603162795,209243600
2020-06-12,278.9238586425781,283.38905659074294,273.7801789307393,282.6188812960742,194678900
2020-06-15,281.52777099609375,282.6555425806839,272.07474788246594,273.24835223856235,135782700
2020-06-16,286.9464111328125,289.4036678368138,282.09614192472554,289.25696385590896,137627500
2020-06-17,285.7546081542969,288.25769873534205,285.0210879201945,287.96429064170104,83398900
2020-06-18,285.8646545410156,286.3414217497539,283.7833484028866,284.2417880969982,80828700
2020-06-19,284.2309265136719,289.5169641791191,282.28778324973854,289.3235800973279,135549600
2020-06-22,286.05438232421875,286.45036871018254,282.4904486423991,283.6323733290194,74649400
2020-06-23,287.37127685546875,289.627527981212,286.9660723422408,288.6973956071107,68471200
2020-06-24,280.040771484375,285.95305250280444,278.20816137818287,285.3360276763805,132813500
2020-06-25,283.0429992675781,283.31007226818923,277.4530430466422,279.469847494696,89468000
2020-06-26,276.32025146484375,282.1588713157659,275.7400992165521,281.9470509652658,127961000
2020-06-29,280.38153076171875,280.5196622715444,275.28887633629,277.5727536803356,79773300
2020-06-30,283.9730529785156,285.667559621828,279.7921232790596,279.9486629348006,113394800
2020-07-01,285.9622802734375,287.22395639224413,284.62697148514405,285.08742860608777,72396500
2020-07-02,287.5369873046875,290.7325599973722,286.87392810290646,289.3880053272748,69344200
2020-07-06,291.9757995605469,292.5559799310515,290.6036465664798,291.3495847273951,61713800
2020-07-07,288.96441650390625,292.4086261412663,288.58683836174674,290.43788464051073,82910000
2020-07-08,291.174560546875,291.2850657221682,287.96979804712055,289.7287189273089,54638600
2020-07-09,289.5169982910156,292.0218859318801,286.109604655345,291.7824392568342,83354200
2020-07-10,292.47314453125,292.74021752489676,288.02514120267125,289.4525470058198,57550400
2020-07-13,289.9405517578125,297.18814022544717,289.2867107064114,294.81219454195264,102997500
2020-07-14,293.697998046875,294.4715626788139,287.3252587874631,288.5224361241147,93657000
2020-07-15,296.396240234375,297.4921303782736,294.0202658653574,296.91194993690715,87196500
2020-07-16,295.4200439453125,295.87128286396967,293.85447872341933,294.49912983927373,54622500
2020-07-17,296.2764892578125,297.0592718738817,294.4530691984586,296.42383888823116,62774900
2020-07-20,298.6708679199219,299.4168060932532,295.2634745052949,296.0094126786261,56308800
2020-07-21,299.30633544921875,301.0744749886083,298.32095050262376,300.63245415579655,57292200
2020-07-22,301.0099792480469,301.32311478404205,298.83663538971115,298.94714058873586,57792900
2020-07-23,297.41839599609375,301.35071700630476,296.05546117826077,300.65081332964456,75738000
2020-07-24,295.50286865234375,296.52506963264034,294.0017744381239,295.56733937292,73766600
2020-07-27,297.6578674316406,297.83284336537673,295.4016165623497,296.19361733148213,48293000
2020-07-28,295.76995849609375,298.04461717526414,295.4752592743561,296.93029101258077,57495000
2020-07-29,299.4076232910156,299.9693955729184,296.60803622504216,296.64488066256155,48454200
2020-07-30,298.3393859863281,298.7538086591065,294.3610576063959,296.44230479428404,61861700
2020-07-31,300.6969909667969,300.7983061754281,295.9174424866092,300.12602847621383,84986800
2020-08-03,302.78741455078125,303.55176103880365,301.81124766050027,302.35458371421714,53077900
2020-08-04,303.9569091796875,303.9569091796875,301.9308868941844,301.9308868941844,41917900
2020-08-05,305.84478759765625,306.10267054186585,304.98834417548517,305.2554171505095,42697700
2020-08-06,307.88916015625,308.008883470918,304.94225226748324,305.26457778295924,43679400
2020-08-07,308.11029052734375,308.39577169944573,306.01979717179796,306.9223032635199,57308300
2020-08-10,309.0311279296875,309.21529387333,306.62752769620295,308.5614527808773,44282100
2020-08-11,306.480224609375,310.84537688701096,305.7527226498275,310.2099438612299,69601100
2020-08-12,310.7532043457031,311.5267686882517,308.8837501585283,308.91137645275995,53774400
2020-08-13,310.19146728515625,311.49917760274417,309.2705532345938,309.98886506986986,41816100
2020-08-14,310.2007141113281,310.734860048338,309.0771977415584,309.80472777793506,47260400
2020-08-17,311.18609619140625,311.5820825212489,310.2099294645962,311.2137224910681,35481000
2020-08-18,311.8583679199219,312.281980541681,309.98888529540005,311.58207682428633,38733900
2020-08-19,310.5599060058594,312.7516581960092,309.99813372934017,312.2359484919656,68054200
2020-08-20,311.52691650390625,312.00578186582436,308.70892073892423,308.8378341384851,42207800
2020-08-21,312.6319580078125,312.85296841916903,310.85457226958493,311.1953341258538,55106600
2020-08-24,315.7999267578125,315.8735875319697,312.60435318835533,315.0631784958775,48588700
2020-08-25,316.90496826171875,316.9878471615432,315.2012714878101,316.36163229349035,38463400
2020-08-26,320.0821228027344,320.34916765874164,316.9510204608459,317.4943564112972,50790200
2020-08-27,320.78204345703125,322.22788555251475,319.1244090738759,320.94782937860447,58034100
2020-08-28,322.8540344238281,322.9829758804368,320.61622003326073,321.80420702373715,48588900
2020-08-31,321.6844177246094,323.5170273100685,321.4541892599412,322.64217600676585,66099200
2020-09-01,324.7143249511719,324.8156120146118,321.6200388879637,322.51332671022755,54908700
2020-09-02,329.4110412597656,330.37798998883557,325.4787193923163,326.6206721827685,69540000
2020-09-03,318.0745849609375,328.19542353260755,315.49600820932886,327.7257482737778,148011100
2020-09-04,315.4775390625,320.3215279500711,308.386489496312,318.7559908966991,139156300
2020-09-08,306.85784912109375,315.5420924165605,306.553959764829,310.08104920352173,114465300
2020-09-09,312.9174499511719,315.37627517454166,309.98892137932586,310.8545829924272,91462300
2020-09-10,307.4841003417969,315.4407855701406,306.5263415656927,314.7869442624126,90569500
2020-09-11,307.640625,310.32048895230275,304.8226295252226,309.2614431412323,84680200
2020-09-14,311.69256591796875,313.46073328485505,307.78789928384793,310.7992781526269,65605700
2020-09-15,313.26739501953125,314.97106380213984,311.70182964170226,314.14224664496544,52920900
2020-09-16,312.0241394042969,315.92880641145365,311.74784829653964,314.5014007189514,82096000
2020-09-17,309.27978515625,310.99269998077335,306.6551743743273,307.1801021515254,91523300
2020-09-18,305.7191467285156,310.19420971929947,303.24122418442806,310.08326217502207,105877900
2020-09-21,302.316650390625,302.4645898682485,297.4717524188794,301.142417821237,99450800
2020-09-22,305.39556884765625,305.9503348545205,301.2903399000604,303.7960278580259,63612100
2020-09-23,298.3130798339844,306.22765682115056,297.8137877286705,305.95025977750316,93112200
2020-09-24,299.1082458496094,302.15941605078405,295.68721289484193,297.0001579503366,76681300
2020-09-25,303.9439392089844,304.7298270780176,297.38852490576954,298.25762343564503,71069400
2020-09-28,308.9922180175781,309.70415018624124,307.1060252515909,308.0953544774506,64584600
2020-09-29,307.30950927734375,309.5285451633514,306.6160587994306,308.78887594020625,51304000
2020-09-30,309.63946533203125,312.78310129067506,307.78100935569034,307.97516755399596,104081100
2020-10-01,311.6273193359375,313.19912304877136,309.7503816970542,312.2283039383906,88698700
2020-10-02,308.6686706542969,311.5996670640401,306.2184846303253,306.6900399805022,89431100
2020-10-05,314.1423034667969,314.3272066536649,310.675051276602,310.7212700191764,45713100
2020-10-06,309.6764221191406,316.3705485681372,309.16790315798374,314.28094252067115,90128900
2020-10-07,315.0668640136719,315.87126190492677,312.598168352672,312.6259052380061,56999600
2020-10-08,317.859130859375,317.92385966066934,316.0838856399177,316.9992592418316,45242500
2020-10-09,320.69769287109375,321.15999312657567,318.8854837702439,319.5049503113114,59528600
2020-10-12,325.8569641113281,327.32707559553944,322.7410647815939,323.2311019429976,80388500
2020-10-13,323.7303771972656,325.8939389787219,322.7687847777624,325.718262626604,73255500
2020-10-14,321.6962585449219,325.39466069842285,320.96584443553525,324.30363883511666,57727900
2020-10-15,321.29864501953125,321.77942707857534,317.2581457104829,317.7944015372411,60357700
2020-10-16,321.1044616699219,324.30357096252817,320.9287853470718,322.64852844457636,89501900
2020-10-19,316.22265625,322.9907111121093,315.3257925506402,322.36198948401005,68425600
2020-10-20,317.48931884765625,320.72542054305353,316.8051235185024,317.56327447111846,60051900
2020-10-21,316.88836669921875,319.6066946596672,316.58323270677243,317.4431044735385,63575000
2020-10-22,318.6265869140625,319.20908978421284,314.96517658013624,317.1010016263074,55399300
2020-10-23,319.7084045410156,319.9025627725712,317.25821851614603,319.8470889921267,49143900
2020-10-26,313.8002624511719,317.11957576154066,310.31449956101216,316.3336594798121,91473000
2020-10-27,312.71844482421875,314.4751804824875,312.5057765086921,314.142337779827,65994100
2020-10-28,302.030029296875,312.7461466489848,301.5399921174108,307.05985871686283,127094300
2020-10-29,305.0997009277344,308.2618190207296,300.57839067530114,302.26117045534187,90597700
2020-10-30,301.9190673828125,304.8315534323046,298.27613900813606,303.5278632885841,120287300
2020-11-02,305.3031005859375,307.30021286282704,302.56626275236454,305.3031005859375,86068300
2020-11-03,310.693603515625,312.7462184058877,305.38640399016305,308.53004104479305,93294200
2020-11-04,317.6372985839844,321.70553558783416,313.9851149209246,315.15934752702685,126959700
2020-11-05,323.83209228515625,325.63507467035436,322.55613899305547,322.907491721787,82039700
2020-11-06,323.75811767578125,325.0063340064699,321.4373613684711,323.5454494007083,74973000
2020-11-09,327.8263244628906,336.90590740925865,327.3640242503452,336.5268178489835,172304200
2020-11-10,327.3456115722656,328.39964160698554,324.08177251066513,326.83706430106344,85552000
2020-11-11,329.7773132324219,330.6001931058199,328.28869157206935,329.5276530081711,58649000
2020-11-12,326.57818603515625,329.82354332955566,324.7752317067129,328.7694850499286,67546200
2020-11-13,331.09942626953125,331.83909534174575,327.9650172049905,328.48279119885393,62892200
2020-11-16,335.232421875,335.42658008620566,332.4771021299016,333.762310414162,74541100
2020-11-17,333.429443359375,334.63144099542336,331.3213552496351,332.8284586496354,66111000
2020-11-18,329.4167175292969,334.24313403742127,329.3797256027603,333.6976230414402,70591300
2020-11-19,330.80352783203125,331.1733623463131,327.4472238872078,328.787905745115,59940900
2020-11-20,328.5382995605469,330.7481084092092,328.46434393216515,330.5446951604477,70417300
2020-11-23,330.50762939453125,331.76510052862625,328.11291790166666,330.3412081054278,63230600
2020-11-24,335.8333740234375,336.37888489880055,332.1997010545498,333.0503176608031,62415900
2020-11-25,335.3155822753906,335.7778824723925,334.2245605824417,335.750145589235,45330900
2020-11-27,336.2495422363281,336.721069396595,335.2417026629686,336.4067085508926,28514100
2020-11-30,334.7608642578125,335.7409385582566,332.08878340971694,335.47279650501997,83872700
2020-12-01,338.4222717285156,339.95711197569057,337.4144605490259,338.00621842500254,74231400
2020-12-02,339.1342468261719,339.2914131198718,336.73953476512753,337.3127825968703,45927000
2020-12-03,339.0417785644531,340.4286793920205,337.94150165059074,339.03252352963375,62882000
2020-12-04,341.9634704589844,341.9634704589844,339.53176684344106,339.62423252861316,50749900
2020-12-07,341.2607727050781,341.75080980917244,339.9940746180739,341.19604390236077,48944300
2020-12-08,342.2593994140625,342.8233922079248,339.9478980295718,339.99411677063375,42458900
2020-12-09,339.1896667480469,343.0729715480787,338.35753202065183,342.9158052793327,74098300
2020-12-10,339.0787658691406,340.1235407764272,336.952167699225,337.82129446332254,57735400
2020-12-11,338.68121337890625,339.08803993012464,335.87044766430864,337.38677808710827,57698600
2020-12-14,337.164794921875,341.91722644158915,336.98911858351033,340.8447147774003,69216200
2020-12-15,341.72314453125,341.72314453125,338.3298760097503,339.69826688785116,63865300
2020-12-16,342.2593994140625,343.17474493301853,341.05740176418556,341.93578357691985,58420500
2020-12-17,344.17327880859375,344.3766920459077,343.0730019635639,343.8959099470601,64119500
2020-12-18,342.79901123046875,344.62823947679175,340.7933577976849,344.4611087749372,136542300
2020-12-21,341.5733947753906,351.415944151772,336.1600082036477,338.8899235370573,96386700
2020-12-22,340.9976806640625,342.0097878229692,339.87415302334546,341.8983673411588,47949000
2020-12-23,341.3041076660156,343.20760697353194,340.979112376798,341.9633643931626,46201400
2020-12-24,342.63189697265625,342.6597520909689,341.1926686317637,341.77762611632846,26457900
2020-12-28,345.5754699707031,345.9654417210335,344.5540681584186,345.1761753962295,39000400
2020-12-29,344.91619873046875,347.2747033129557,344.3312127444676,347.0982780683886,53680500
2020-12-30,345.4082946777344,346.4389909289521,345.0183229457008,345.7332900123292,49455300
2020-12-31,347.1632080078125,347.8874694685123,344.7025779385661,345.2132645868987,78520700
2021-01-04,342.43695068359375,348.6210426946345,338.7506384714175,348.4910332362678,110210800
2021-01-05,344.7954406738281,345.8818471316903,341.7498244688002,341.7962685644844,66426200
2021-01-06,346.8567810058594,350.04170094295614,342.743347597711,343.29118386394964,107997700
2021-01-07,352.0101623535156,352.75298437501374,349.0481120785787,349.2245372676321,68766800
2021-01-08,354.0158386230469,354.2293850911422,350.1531015213458,353.3937031789076,71677200
2021-01-11,351.6295471191406,353.384476638568,350.72886031003054,350.8495752953006,51034700
2021-01-12,351.7037048339844,352.7158118155588,349.46591609355505,351.81515363311456,52547700
2021-01-13,352.6508483886719,353.6443664384586,350.84947528394184,351.6294468854472,45303600
2021-01-14,351.4159240722656,353.89514316325904,351.0816626236897,353.39372265354797,49989100
2021-01-15,348.8531799316406,350.59881478443,346.9960962553196,349.800282405299,107160000
2021-01-19,351.5923156738281,352.13088573862603,349.82809207789774,351.3044700083426,51233300
2021-01-20,356.45794677734375,357.2936287805517,353.4866015027723,353.87657321374,61836100
2021-01-21,356.78289794921875,357.44218304043847,355.86365062010475,357.0150334029827,47840100
2021-01-22,355.5201110839844,356.6807884063507,354.554419617458,354.93512517961597,52860500
2021-01-25,356.9222106933594,357.27503278883,351.4159360582794,356.25365943655754,70402000
2021-01-26,356.3650817871094,358.2778757163541,356.1329463264064,357.869315038569,42665300
2021-01-27,347.6554260253906,353.14311284162346,345.4269308132445,353.0502529709395,123351100
2021-01-28,350.64520263671875,354.6379205656578,349.02954916525357,349.46593655582046,94198100
2021-01-29,343.6254577636719,349.75383907984985,341.9540655846165,348.78814770996314,126765100
2021-02-01,349.3452453613281,350.3759130211794,343.9132708831619,347.01459668411917,75817600
2021-02-02,354.2851257324219,355.83580306474755,349.42887007201125,352.52090191367535,64450700
2021-02-03,354.563720703125,356.28152883956943,353.29162286803046,355.11155700905664,52427100
2021-02-04,358.59356689453125,358.63998265068375,354.6751192898168,355.59436662167684,47142600
2021-02-05,360.00494384765625,360.7106447040377,358.54715471512554,360.45994861198795,48669800
2021-02-08,362.60479736328125,362.65121310957915,360.59914406217075,361.45338648457397,38365200
2021-02-09,362.3633728027344,362.9576530503986,361.3605603058533,361.76909255507013,35551100
2021-02-10,362.2054748535156,364.2482775954186,359.80985012604697,364.0997075472039,59154400
2021-02-11,362.7906188964844,363.70060021262947,360.3671379983436,363.2827449986079,42913300
2021-02-12,364.5826416015625,364.82404318438233,361.9177030106144,361.9920022182859,50593300
2021-02-16,364.2670593261719,366.0034568791591,363.5520921009582,365.80844263303646,50972400
2021-02-17,364.3505859375,364.60128206037706,361.50922152730385,362.52135717971964,52290600
2021-02-18,362.7998352050781,363.54265727343494,360.0327705772848,361.7505784893111,59712800
2021-02-19,362.1590881347656,364.3411666164825,361.7133779544017,364.0533209802604,83241000
2021-02-22,359.37353515625,361.7784550408201,359.1042500973584,359.4013902770424,67414200
2021-02-23,359.8099060058594,361.15630279532843,353.0315629822929,357.1728509983925,107284100
2021-02-24,363.7748107910156,364.20196042155277,357.7392890909114,358.72354113198065,72433900
2021-02-25,355.0094299316406,363.87702252268934,353.5702012493284,362.51206472788135,146670500
2021-02-26,353.1802062988281,358.02719646343246,351.20243572701213,356.88510798823404,152701600
2021-03-01,361.7413024902344,362.9855734404292,353.37516012939244,358.03642977075657,105348800
2021-03-02,358.9186096191406,362.1963615356677,358.41718903694675,361.9642260505401,79595300
2021-03-03,354.16436767578125,359.18775305259203,354.062213359393,358.22209014166907,119940200
2021-03-04,349.7817077636719,356.5600515760826,345.306129482108,353.9787065028338,183433000
2021-03-05,356.216552734375,357.26580967154143,346.0118857739026,353.27306228530506,152039600
2021-03-08,354.4429931640625,359.977094609663,354.16444194612137,357.17290844727864,123149200
2021-03-09,359.5035400390625,362.04773549523804,357.7764375613555,358.2778580660894,113633600
2021-03-10,361.7413024902344,363.431255369481,360.4320834867978,361.84345682354007,109899400
2021-03-11,365.4090881347656,367.37759240388004,363.7469902205475,364.2019950148293,86245000
2021-03-12,365.901123046875,366.0403986280399,363.2455075098559,364.0533342174548,64653600
2021-03-15,368.083251953125,368.343242519141,364.0162344057818,366.15186917399524,73427200
2021-03-16,367.61895751953125,369.401741761804,366.84825201962127,368.6960693202915,73722500
2021-03-17,368.8724670410156,369.6709992628649,365.1954216836132,366.33753812086064,97959300
2021-03-18,363.50555419921875,368.37110416522074,362.8277084837041,366.2911796002453,115349100
2021-03-19,362.8330078125,364.7800131432064,360.6624031983592,363.20563537867605,113624500
2021-03-22,365.7301940917969,367.1089472702704,363.2894509967949,363.34534370663016,73778600
2021-03-23,362.8515625,366.5406230570263,362.0690362260645,365.09668084256,90686600
2021-03-24,361.0071105957031,365.8793009551312,360.9605428076759,364.24903035889577,97588600
2021-03-25,363.037841796875,363.8296644620866,357.6346443016574,359.5723525170637,116128600
2021-03-26,368.8882751464844,369.2888490443927,363.58756519155156,364.18376357430776,114409100
2021-03-29,368.701904296875,369.60554090899944,365.93510175704296,367.4163152580118,108107600
2021-03-30,367.72381591796875,368.3945569028789,366.1307883102693,367.4350274245717,76262200
2021-03-31,369.21429443359375,370.7700506223906,368.2640899656706,368.29203631973724,112734200
2021-04-01,373.20147705078125,373.25739818982174,370.9377370318491,371.14268644280133,99682900
2021-04-05,378.5579833984375,379.09831735793875,375.7818847728783,375.85639888988624,91684800
2021-04-06,378.3344421386719,379.3778104361055,377.66370131465686,377.9990859414913,62021000
2021-04-07,378.7723388671875,379.1170200378233,377.7103490017058,378.16681558663885,55836300
2021-04-08,380.5702209472656,380.6261136446718,379.08900760669604,380.02059046966957,57863100
2021-04-09,383.3371276855469,383.5048342531352,380.3281324128653,380.44924276681104,61104600
2021-04-12,383.47686767578125,383.74700629608895,382.1353857837753,382.74090909191403,56704900
2021-04-13,384.6133728027344,385.2375459689583,382.992427357714,383.3743798281407,56551000
2021-04-14,383.2998352050781,385.63808919365846,382.7595011466084,384.58539585907903,61659900
2021-04-15,387.41748046875,387.687647542853,385.38663602263046,385.43320380831716,60229800
2021-04-16,388.71234130859375,389.3178645876654,387.28702042046496,388.70301638087244,82037300
2021-04-19,386.8026123046875,388.227933315343,385.4797802188034,387.78079162080644,78498500
2021-04-20,383.9705505371094,386.6907567846418,382.4986335803177,385.5914957452918,81851800
2021-04-21,387.6037292480469,387.80867863656937,383.2159530341772,383.3557132219947,66793000
2021-04-22,384.0637512207031,388.26520006438915,383.001761278924,387.43610589568067,97582800
2021-04-23,388.2279052734375,389.6346047551007,384.54816933952253,384.62268347334305,73209200
2021-04-26,389.0383605957031,389.60664100563645,388.2931055721406,388.8800074072831,52182400
2021-04-27,388.9544677734375,389.5320730309627,387.81793554032805,389.3364201598553,51303100
2021-04-28,388.8428039550781,390.34266762092204,388.3770123766869,389.22475646091834,51238900
2021-04-29,391.3207702636719,391.93561848281814,387.9484442011052,391.5629909520302,78544300
2021-04-30,388.7495422363281,389.9047243925387,387.85523059091884,389.05698052139843,85527000
2021-05-03,389.5881042480469,391.1158859072738,389.09436629096183,390.73393338505133,68128300
2021-05-04,387.18450927734375,388.09747082223015,383.5047736052085,387.6037329855272,101591200
2021-05-05,387.30560302734375,389.0569834839452,386.7466475835862,388.8240877515174,60162200
2021-05-06,390.3985595703125,390.5289664285822,385.3773127188648,387.3802108160868,74321400
2021-05-07,393.2397766113281,393.89189602548134,390.48229913565626,391.16236490015007,67733800
2021-05-10,389.3457336425781,393.8173198937431,389.22462332487686,393.59374911008047,81852400
2021-05-11,385.87109375,386.8585697301666,382.00502891108385,384.8370499787494,116888000
2021-05-12,377.6730651855469,384.3618242624742,376.3595297518344,383.09488503627756,134811000
2021-05-13,382.2098388671875,384.1382223326197,379.17286945378146,379.2194656575238,106394000
2021-05-14,388.07879638671875,388.92654024691893,384.91142017662577,384.93936652675745,82201600
2021-05-17,387.0913391113281,387.9018401628468,385.07911651757036,386.97025720812496,65129200
2021-05-18,383.7562561035156,387.5943730427938,383.5978745039429,387.3521523950896,59810200
2021-05-19,382.7501525878906,382.92715562063444,377.5985000735296,379.07974196431326,106467100
2021-05-20,386.86785888671875,388.1255018560077,383.5048572789442,383.62593921049927,78022200
2021-05-21,386.5509948730469,389.5879640994018,386.09452836834424,388.34894297284785,76578700
2021-05-24,390.49163818359375,391.56295289159766,388.544604797389,388.7868254622032,51376700
2021-05-25,389.625244140625,391.9262551656702,389.0476672600288,391.5722490957163,57451400
2021-05-26,390.3985595703125,390.901594004632,389.1781879116937,390.2122315674567,43088600
2021-05-27,390.6033935546875,391.93555024942225,390.3239016330106,391.4231910374945,56707700
2021-05-28,391.3021240234375,392.42933147222897,391.0692282777566,392.1684893742527,58520200
2021-06-01,390.9574890136719,393.79880607447905,390.5196438229263,393.6590742965092,54216600
2021-06-02,391.5722351074219,392.41068247668926,390.6034093428114,391.60950638441597,49097100
2021-06-03,390.11895751953125,391.2554897851653,387.7993252155161,389.26191717934057,58138800
2021-06-04,393.6869812011719,393.9850945840739,390.18422002621526,391.96354696648706,55938800
2021-06-07,393.304931640625,393.8545620629477,392.3733488713357,393.67755906241075,51555000
2021-06-08,393.3888244628906,394.2551897336642,391.5629299457471,394.1620257580678,47134300
2021-06-09,392.802001953125,394.30186550282065,392.5784311103021,394.22732293544,48436300
2021-06-10,394.62786865234375,395.5781015257895,392.7088099094243,394.0223453765083,51020100
2021-06-11,395.27996826171875,395.3917536695252,393.89191873202867,395.1775077811149,45570800
2021-06-14,396.16497802734375,396.26743850654356,394.1527554254345,395.39174825118516,42358500
2021-06-15,395.4383850097656,396.3513182077345,394.5626946646038,396.31407535492747,51508500
2021-06-16,393.2304382324219,395.8016160944157,391.19029786804174,395.5780452993392,80386100
2021-06-17,393.10009765625,394.07824847919915,390.63140827908353,392.82063411530976,90949700
2021-06-18,387.7969970703125,390.5167474088944,387.5913771677302,389.82512979232945,118676300
2021-06-21,393.34869384765625,393.53563141151994,388.74097097735967,389.5540951870982,72822000
2021-06-22,395.4516906738281,396.28352591675355,392.61976001396204,393.33944410563305,57700300
2021-06-23,394.9750061035156,396.33020373335535,394.8908927490569,395.5264348867474,49445400
2021-06-24,397.31146240234375,397.7320290467191,396.8628294590152,397.1151979683019,45110300
2021-06-25,398.7227783203125,399.17141131218983,397.73207208724824,398.0591985278256,58129500
2021-06-28,399.526611328125,399.69483801915226,398.04990728021846,399.2462335097463,53159600
2021-06-29,399.7415771484375,400.5453458904214,399.20883078354126,399.9098038354574,35970500
2021-06-30,400.0780334472656,400.7509687229313,399.2555538300446,399.2835916114196,64827900
2021-07-01,402.29315185546875,402.452051650708,400.7696989990123,400.83513000426785,53441000
2021-07-02,405.3680725097656,405.72323677808726,402.37724253484845,403.45209077508554,57697700
2021-07-06,404.62969970703125,405.6391169295271,401.9005937821132,405.4241415803903,68710400
2021-07-07,406.0597229003906,406.3401292771382,403.3025789263996,405.3120296077387,63549500
2021-07-08,402.7511291503906,403.5081778396305,399.57336151548776,400.7510054866028,97595200
2021-07-09,407.05035400390625,407.3494426746745,402.55478259875076,404.2558173257462,76238600
2021-07-12,408.5083923339844,408.76076088893643,406.5363351584208,406.9662573135737,52889600
2021-07-13,407.1158142089844,409.2187334442086,406.854118733952,407.72331850573784,52911300
2021-07-14,407.7232666015625,409.2934677745335,406.48022038406873,408.80744158086895,64130400
2021-07-15,406.33074951171875,407.059760411339,404.4334500856128,406.3868250791765,55126400
2021-07-16,403.1436767578125,407.5551356129404,402.7511477644121,407.5084154784258,75874700
2021-07-19,397.1900329589844,403.20905730096297,394.38614069493224,398.3302836206056,147987000
2021-07-20,402.88189697265625,404.15300952398457,397.05913759218004,397.85357937142714,99608200
2021-07-21,406.14385986328125,406.28407732114044,402.8352869021848,404.07833349107034,64724400
2021-07-22,406.9942626953125,407.23727579624176,405.33997668113454,406.3213274734552,47878500
2021-07-23,411.181396484375,411.51784981607466,408.2373157413509,408.9195778381852,63766600
2021-07-26,412.19085693359375,412.20021236866125,410.5459261537889,410.5926462837905,43719200
2021-07-27,410.312255859375,411.1814556139232,407.48965273178777,411.15341783224966,67397100
2021-07-28,410.1439208984375,411.5178289786352,408.7232926987571,410.93836258827423,52472400
2021-07-29,411.84503173828125,412.91985138960683,411.05994533585215,411.0693007705477,47435300
2021-07-30,409.8449401855469,411.29360644207577,409.1532940336554,409.28415602981516,68951200
2021-08-02,408.985107421875,412.1067710167303,408.6299431376853,411.5553422417352,58783300
2021-08-03,412.3122863769531,412.43379291943126,407.5924132229183,409.77944541953616,58053900
2021-08-04,410.28424072265625,412.28433581198715,410.050583021591,411.03193395699765,46732200
2021-08-05,412.88250732421875,412.96662067268136,411.1253968736616,411.4431679198543,38969700
2021-08-06,413.5647277832031,413.9853230057107,412.9198303207797,413.20023664333985,46930000
2021-08-09,413.2283020019531,413.8544886377314,412.4618979342041,413.53671760242094,41222600
2021-08-10,413.7423400878906,414.4526685963435,412.9946468851688,413.67690908891893,43339300
2021-08-11,414.77044677734375,414.8639155599606,413.6862716488568,414.80783999492405,44034300
2021-08-12,416.013427734375,416.15364514758056,413.72359979508303,414.6208372172166,38909400
2021-08-13,416.7705383300781,416.7892206760995,415.9760965228515,416.4620942233985,39470300
2021-08-16,417.75189208984375,417.8827255582406,413.9199004513762,415.4713908619817,73740000
2021-08-17,415.01348876953125,415.87333317500145,412.032014089514,415.2003978250957,92673900
2021-08-18,410.4710998535156,415.56484852636714,410.2281152693712,414.00400272308775,89351900
2021-08-19,411.10662841796875,412.30298304453,407.6111188768107,407.7513077712783,92812200
2021-08-20,414.37786865234375,414.7049951138694,410.96647217681397,411.4524984131377,72008700
2021-08-23,418.02294921875,418.9295421673049,414.45265298648917,416.0602189821948,54973000
2021-08-24,418.6865234375,419.21926979163254,418.1724879522138,418.6865234375,38744700
2021-08-25,419.56512451171875,420.0791600532625,418.49963168684314,418.87350683269574,40529700
2021-08-26,417.0882873535156,419.5183042507706,416.9948185830064,419.2846465858296,57829600
2021-08-27,420.81744384765625,421.1912903975135,417.83596983708355,417.89204539342893,77235100
2021-08-30,422.6680908203125,423.4531772582027,421.24743377041483,421.4904469021432,48357400
2021-08-31,422.0419006347656,422.91110047218524,421.4437517278113,422.57464706002395,59300200
2021-09-01,422.2662048339844,423.4905689604895,422.03254712247315,422.9765334042328,48721400
2021-09-02,423.5653076171875,424.36907636322894,422.3689814101181,423.686814177093,42501000
2021-09-03,423.4624328613281,423.97649682090514,422.03244913978364,422.4343619875005,47170500
2021-09-07,421.9483947753906,423.2101520054819,421.27545948751975,423.1166832249812,51671500
2021-09-08,421.4342956542969,422.14462405168274,419.51828577257527,421.4156133100836,56181900
2021-09-09,419.6305236816406,422.9858446456514,419.38751055980504,421.23808970978325,57970400
2021-09-10,416.3218994140625,421.9764037145198,416.2003928599835,421.5558370150139,89948200
2021-09-13,417.3873596191406,419.57442052650157,415.07882068151736,419.3127250750678,83738600
2021-09-14,415.1349792480469,419.032373751366,414.24706856986353,418.8267538323482,78197100
2021-09-15,418.6024475097656,419.0978006931455,414.45268447355176,415.55554197274927,78792200
2021-09-16,417.9388427734375,419.0510271190857,414.99473310868217,418.07903168064803,77786700
2021-09-17,413.86761474609375,417.5899866501967,413.51131271479295,417.16807262421446,118425000
2021-09-20,406.96673583984375,409.32954038102963,402.10981691745377,407.7543373535724,166445500
2021-09-21,406.5823059082031,410.59533949300106,406.0572382327374,409.30141250201683,92526100
2021-09-22,410.5484619140625,412.5831207202877,406.69483696311266,408.85136298150707,102350100
2021-09-23,415.5366516113281,417.14001100580157,412.17996661282217,412.4143728690153,76396000
2021-09-24,416.2211608886719,416.9337651199925,413.6895616772255,413.90522575092706,62094800
2021-09-27,415.0303039550781,416.3523298980062,414.33644206403306,415.1896841659372,61371100
2021-09-28,406.6667175292969,412.59251441684535,405.93537117136833,412.26433994291904,130436300
2021-09-29,407.3511962890625,409.77964162679973,406.7886155612909,408.045029638689,82329200
2021-09-30,402.3724670410156,409.52652283633495,402.03490711070083,408.82330398006496,140506000
2021-10-01,407.1542663574219,408.8326231008619,400.58153463739126,404.0976283486504,129240100
2021-10-04,401.903564453125,406.8917073430287,399.7657521393978,405.9915954205408,128570000
2021-10-05,406.08538818359375,408.3262970264828,402.6068074886927,403.4037658375677,90682500
2021-10-06,407.7730712890625,407.97934991567206,400.8721656243834,402.4942384202276,113032200
2021-10-07,411.29852294921875,414.1301397145414,410.86722352719846,411.0453745390407,72437500
2021-10-08,410.5484619140625,412.45186810178103,409.92026919841044,412.06743842451107,74557400
2021-10-11,407.57623291015625,412.79881127574237,407.5105922896659,409.89216791478833,65233300
2021-10-12,406.5729064941406,408.89822655825884,405.78530500807835,408.4950547167105,71181200
2021-10-13,408.03558349609375,408.8513125536215,404.6226438533049,407.5948986632403,72974000
2021-10-14,414.8990783691406,415.04910180856405,411.2235756383798,411.6923881563111,70236800
2021-10-15,418.058837890625,418.42452536112467,416.3898666001841,417.00870250976914,66260200
2021-10-18,419.2965087890625,419.6340400404351,415.621006350095,416.27735526871015,62213200
2021-10-19,422.5312805175781,422.596892511088,420.3090855642555,420.9185646143034,46996800
2021-10-20,424.1909484863281,424.49099536699856,422.8782791509517,422.99078957769177,49571600
2021-10-21,425.29736328125,425.5223841474882,423.1595792098458,423.59087874148474,41305400
2021-10-22,424.85662841796875,426.30996431243693,422.91573783259383,424.86601382430814,58845100
2021-10-25,427.13507080078125,427.46324528395957,424.1722008875209,425.9442973142117,45214500
2021-10-26,427.5194091796875,429.8915988533881,427.1443649707542,428.6820834256312,56075100
2021-10-27,425.62554931640625,428.6447033477546,425.5505232829299,427.9789975244028,72438000
2021-10-28,429.7323913574219,429.80738878373296,427.04141159397324,427.05076838848055,51437900
2021-10-29,430.6042175292969,430.8948789471614,427.1443795021593,427.43504092002377,70162400
2021-11-01,431.3450012207031,431.96383713747196,429.61977470154915,431.5887642564896,48433600
2021-11-02,433.08892822265625,433.3983604582575,431.3824440663046,431.5137252848119,48908400
2021-11-03,435.7330322265625,436.1362040546767,432.085657735004,432.5263425699782,52509800
2021-11-04,437.7864685058594,437.87085131761023,435.9862160130472,436.33313266603705,52847100
2021-11-05,439.30548095703125,441.2932415636286,437.7959183013962,440.00869977242445,66390600
2021-11-08,439.68048095703125,440.89941061596096,438.9960330253521,440.4024705143944,50405200
2021-11-09,438.2271728515625,440.2805738708811,436.8207353651275,440.0461676231419,51149100
2021-11-10,434.70172119140625,438.2272005366199,433.2202862022842,436.53945827784827,69429700
2021-11-11,434.8423156738281,436.2675239203641,434.8235734757579,436.1924978999976,34848500
2021-11-12,438.1240234375,438.6772187538003,435.1611250038921,436.1081354103615,53466700
2021-11-15,438.27398681640625,439.5679137173184,437.1488541390342,439.40853351302644,46980500
2021-11-16,440.0086364746094,441.14315465497026,437.9364933419403,438.0114907479462,48857500
2021-11-17,438.93975830078125,439.9242530537252,438.32092239942926,439.74610202390977,47858300
2021-11-18,440.4306335449219,440.6931674194312,437.2520708292828,439.97117780399594,50625600
2021-11-19,439.6429748535156,441.5650945480242,439.2772873896782,440.31803734544474,57315600
2021-11-22,438.4053039550781,444.00292604113224,438.1990253218852,441.518225650883,72762000
2021-11-23,438.986572265625,439.83981429620115,435.47986455137675,438.07707503426707,73206500
2021-11-24,440.15869140625,440.2805872370219,436.17378507370955,436.98951426235885,61858800
2021-11-26,430.3417663574219,434.96425094373944,429.21660486222436,433.50155816840993,112669600
2021-11-29,435.6205749511719,437.4583119148909,432.92959581507233,435.1236348523177,86268800
2021-11-30,427.1444091796875,435.0860934508205,426.9006175423312,433.18271599479897,148559600
2021-12-01,422.4001159667969,435.68627648871933,422.20322270380683,432.8452735236711,131939200
2021-12-02,428.8697204589844,430.4355669860337,422.22196184931875,422.6157769864965,127637800
2021-12-03,425.1379699707031,431.5888063882985,420.9186571741517,430.52931409962997,137331600
2021-12-06,430.17291259765625,432.0481622961489,425.2691243350437,427.6788270649763,98977500
2021-12-07,439.0710144042969,439.633595102183,430.0416814760553,435.4424103932935,95484700
2021-12-08,440.2336730957031,440.68374339000826,437.7114595944113,439.46484235390875,72238800
2021-12-09,437.26141357421875,440.3368223530035,437.06452034105865,438.94912708653544,61272600
2021-12-10,441.37762451171875,441.52764795939703,437.41148870477724,439.9618300872147,77159800
2021-12-13,437.46771240234375,441.2088270752524,437.18640772794674,440.86191039613635,87724700
2021-12-14,434.4579162597656,436.6894683893485,431.5419161774256,434.20476780499797,97264100
2021-12-15,441.2463073730469,441.49007040259744,432.00131048296834,434.51416709666717,116899300
2021-12-16,437.35516357421875,443.37469964954175,435.8080595359977,443.09342361388826,116568600
2021-12-17,432.700439453125,437.2827106378424,430.99737826772844,434.28117656754216,135511600
2021-12-20,428.09930419921875,428.4944740688218,424.48617896144225,427.6288447352182,107134800
2021-12-21,435.70196533203125,435.8430974441347,429.3507618562461,431.5148641473523,69806300
2021-12-22,440.0585021972656,440.1714079067417,435.25039016185815,435.44800386801643,58890200
2021-12-23,442.7965393066406,444.2925972471357,440.9523458894644,441.0558332086626,56439700
2021-12-27,449.06304931640625,449.11008378457836,444.12322414632985,444.17025861450196,56808600
2021-12-28,448.696044921875,450.5214301033936,447.9339028188725,449.49583182545905,47274600
2021-12-29,449.27001953125,450.28619942831625,447.802188171838,448.7995600259367,54503000
2021-12-30,448.02801513671875,450.7002217741406,447.56697399413,449.69343150623797,55329000
2021-12-31,446.8988952636719,448.68663568101795,446.6260494189647,447.53874202831184,65237400
2022-01-03,449.4864196777344,449.6181621243115,445.8544860219246,448.15972040589463,72668200
2022-01-04,449.3359069824219,451.6223622300133,447.4822951975026,450.9072545217483,71178700
2022-01-05,440.7076416015625,449.7404696581306,440.61354395954817,448.9689091940095,104538900
2022-01-06,440.29364013671875,443.0034914570786,437.93192425280233,440.2466056724417,86858900
2022-01-07,438.5529479980469,441.479221117935,437.1980222953608,440.3030723284207,85111600
2022-01-10,438.0072326660156,438.22362566846715,429.62364055153137,435.36325245373706,119362000
2022-01-11,441.99676513671875,442.0908627934465,434.751676287286,437.7438209696161,74303100
2022-01-12,443.1917419433594,445.24296757937765,441.2346426828555,443.7280727675989,67605400
2022-01-13,437.0850830078125,444.94176206075105,436.0594847879406,444.29252568167936,91173100
2022-01-14,437.26385498046875,437.6119903971506,432.7286187563213,433.94241224020107,95890900
2022-01-18,429.5201721191406,432.7851627070061,428.4098944174529,432.5781593461344,109709100
2022-01-19,425.0602111816406,432.45582165960354,424.7873365975809,431.0632797435182,109357600
2022-01-20,420.3556213378906,431.6372325182061,418.2385532953383,426.9420552480534,122379700
2022-01-21,412.103759765625,421.58821170548157,412.0755333410702,419.2359139440063,202271200
2022-01-24,413.853759765625,414.36186400462606,395.9010400381,406.5051855561496,251783900
2022-01-25,408.80108642578125,413.7409112645625,401.9135523304981,407.47438716618876,167997300
2022-01-26,407.7755432128906,417.80574473347866,403.5225703047687,414.6818862839636,186391100
2022-01-27,405.7619934082031,415.50051303405485,404.07776868651825,412.3672646800451,149878300
2022-01-28,415.83917236328125,415.88620682845203,402.54398201671927,407.1168346707988,164457400
2022-01-31,423.3288269042969,423.6769623039199,413.825540245353,415.17104738454265,152251400
2022-02-01,426.1892395019531,426.8290574808643,420.5343075616041,424.0533351601826,123155400
2022-02-02,430.3293151855469,431.0538124863708,426.2833462117449,428.58860927324656,117361000
2022-02-03,420.21441650390625,426.2080657307745,419.3769848400867,424.30741975423217,118024400
2022-02-04,422.19036865234375,426.0293055549054,417.6080689818472,419.9792032496543,118454400
2022-02-07,420.8354797363281,424.3450895509773,419.50878037886775,422.95254768054906,84472900
2022-02-08,424.2981262207031,425.2202374171449,418.9160669960065,420.3368642432255,81012000
2022-02-09,430.5080871582031,430.82799617234946,428.1275632375704,428.32514818742595,92589900
2022-02-10,422.7737731933594,430.66806944150386,420.7790293131962,424.67441942143387,140103700
2022-02-11,414.43719482421875,424.9284364407401,413.00700821201644,422.858431768966,153214600
2022-02-14,413.0823059082031,415.50989334254666,409.61973040303707,413.9291560964369,123006300
2022-02-15,419.7440490722656,419.91340763201026,416.99655245102997,417.51407522523783,88482700
2022-02-16,420.21441650390625,421.5881501559702,415.8297306709073,417.7021502270157,84863600
2022-02-17,411.2381286621094,420.18627912524965,410.63595532705654,417.03419417418587,102259100
2022-02-18,408.57525634765625,412.7435205102697,406.30763817495443,411.4920821949047,132642900
2022-02-22,404.19061279296875,409.7702560003978,400.6997823601273,406.37355193227506,124391800
2022-02-23,397.0208740234375,407.66266804171244,396.4563167518518,407.0981107701267,132578000
2022-02-24,402.99566650390625,403.42850999389174,386.3790593344902,386.73658449661104,213942900
2022-02-25,411.8873291015625,411.97200837339045,402.58162557598797,404.22823397331,121804500
2022-02-28,410.8335266113281,412.3107765451423,405.25388303089113,406.50529284633944,145615000
2022-03-01,404.5764465332031,411.3416578546236,401.8759843184385,409.3374953713261,137785900
2022-03-02,412.0190734863281,413.740942784039,406.0724579549326,406.8251817399771,117726500
2022-03-03,409.9678955078125,415.04885343146157,408.17073639481583,414.446680076633,105501700
2022-03-04,406.6370544433594,407.7661402300269,402.60050312317946,406.2418557535522,113978200
2022-03-07,394.649658203125,406.7592814126414,394.5837869801388,406.05359214668294,137896600
2022-03-08,391.6575927734375,401.97005852746355,390.59434954887394,394.82848568696517,164772700
2022-03-09,402.1581726074219,404.13410814898197,397.83935806469975,400.0222969242245,116990800
2022-03-10,400.34228515625,401.23614110856755,395.60004466085365,397.55714383339716,93972700
2022-03-11,395.25189208984375,403.4378710075181,394.7437877372273,402.82627933719436,95636300
2022-03-14,392.36328125,399.46720926881693,391.22477713105775,396.0234704863825,95729200
2022-03-15,400.9914855957031,401.62188528128036,393.69936293232934,394.9695806826798,106219100
2022-03-16,409.8831481933594,409.939601038674,399.7023972745846,404.49170046381727,144954800
2022-03-17,415.01116943359375,415.01116943359375,407.596722776026,407.9730846505351,102676900
2022-03-18,419.55670166015625,419.8776045343294,412.6666654946888,413.40286121868064,106345500
2022-03-21,419.4339599609375,421.3876910089302,415.93228540426605,419.3867505787019,88349800
2022-03-22,424.342041015625,425.2764356419781,420.8214989932451,420.8214989932451,74650400
2022-03-23,418.87713623046875,423.303758234989,418.79219389310117,421.8125003060186,79426100
2022-03-24,425.19146728515625,425.2009149244502,419.78326986493045,420.89699675804104,64736900
2022-03-25,427.2680358886719,427.5417582609607,423.24725788251135,425.82395810958093,77101300
2022-03-28,430.3070983886719,430.3070983886719,424.7856157896072,426.6733001787727,68529800
2022-03-29,435.63037109375,436.1211874892994,431.50578514438973,434.18629362949696,86581500
2022-03-30,432.9403991699219,435.30000450918726,430.83562083793777,434.4882852945164,79666900
2022-03-31,426.2769470214844,432.99709953880534,425.82389235149907,432.1759613525289,121699900
2022-04-01,427.4849853515625,427.99463935727147,423.9172632927216,427.8530688001301,89048800
2022-04-04,431.1470947265625,431.2509323439472,426.86207198374484,427.683210068739,59601000
2022-04-05,425.701171875,432.1192876988634,424.5591308094842,429.6558732347616,74214500
2022-04-06,421.4444274902344,423.7190907497015,418.5657201739074,421.7936733149173,106898000
2022-04-07,423.5679931640625,425.380182602623,418.62226996039726,420.5665823101026,78097200
2022-04-08,422.4354553222656,425.32361011547357,420.89698794603316,422.8129864370016,79272700
2022-04-11,415.21502685546875,420.0097320215141,414.7147916975716,419.16969873165914,89770500
2022-04-12,413.67657470703125,420.71762892299597,412.12865978994853,418.1975577653763,84363600
2022-04-13,418.4147033691406,419.16976564370555,413.25188513631514,413.4312174671857,74070400
2022-04-14,413.2047119140625,419.754979516138,413.10087428728497,418.6412237561914,97869500
2022-04-18,413.3745422363281,415.0545800894282,411.14705981320014,412.27968190004844,66002500
2022-04-19,420.04742431640625,420.7647246030023,413.1007326720564,413.2706173080578,77821000
2022-04-20,419.73602294921875,422.4354264021452,418.57511557097627,421.82193478222695,65224400
2022-04-21,413.45953369140625,424.73846009934624,412.55345319655066,423.3510108398269,85417300
2022-04-22,402.1145324707031,413.4783716367902,401.5482213990768,412.37409241070765,132471800
2022-04-25,404.44580078125,404.6156854519276,395.31883470061024,399.87760832355883,119647700
2022-04-26,392.7327575683594,402.11455163658286,392.70444345361744,401.9163240296101,103996300
2022-04-27,393.8370666503906,399.1697986951689,391.7040026362605,393.80875253350604,122030000
2022-04-28,403.7851257324219,405.51237307337215,394.1485050200903,398.5751272035263,105449100
2022-04-29,388.86297607421875,401.9540624319965,388.11733269096055,399.8021034252902,145491100
2022-05-02,391.20361328125,392.56274796393683,382.2748478900881,388.92895077486116,158312500
2022-05-03,392.9969787597656,395.40376459664327,390.1465571793375,391.7039196895496,100028200
2022-05-04,404.9649353027344,405.53124638806986,390.4769516548114,393.65769528593023,144247900
2022-05-05,390.57135009765625,401.1329469341785,386.44676416954945,400.7082064100307,172929100
2022-05-06,388.239990234375,391.50567570306237,382.9450500936246,388.0134773567565,151770800
2022-05-09,375.8097229003906,383.5869746829245,374.2334934949819,382.3505435030445,155586100
2022-05-10,376.6779479980469,383.27539519585025,372.6477525173204,381.7746896823651,132497200
2022-05-11,370.6939392089844,381.3499232731987,369.9482959765825,375.7151854766745,142361000
2022-05-12,370.3070373535156,373.5727232304534,363.5208097766853,367.5038249274551,125090800
2022-05-13,379.1602783203125,380.53827982576547,373.3933876739787,374.43161982347493,104174400
2022-05-16,377.6217956542969,381.28390774009296,375.271637959596,377.51798684544667,78622400
2022-05-17,385.3896484375,385.62560898408395,379.9719747013643,383.70016285890136,83029700
2022-05-18,369.8539733886719,381.12345103452697,368.61754246873323,380.840309909265,117674500
2022-05-19,367.5887451171875,372.0059481432004,365.3707103676318,366.7959211904098,98510700
2022-05-20,367.74920654296875,374.7336324078952,359.1696852051724,371.16591037827914,131432200
2022-05-23,374.6298522949219,375.3943621595535,368.45711634736125,370.7695124155736,76414900
2022-05-24,371.77001953125,372.95924112163084,365.22917116715337,370.5146932699092,91448800
2022-05-25,375.0545959472656,377.0178039870792,369.8823587734453,370.2787563943249,91472900
2022-05-26,382.54864501953125,384.18150224653084,376.07390194163645,376.28154835892093,82168300
2022-05-27,391.94000244140625,392.0532589202807,384.8045562344752,385.0027550725055,84768700
2022-05-31,389.7407531738281,393.0725149914447,387.00361655148845,390.3259307298854,95937000
2022-06-01,386.5882873535156,392.86483164009155,384.0776638781302,391.8549424707136,86585800
2022-06-02,393.9503479003906,393.99752849345634,384.18157442197986,386.42792368449955,79609600
2022-06-03,387.4849853515625,390.78843305581245,386.5128290364629,389.2405180200075,71874300
2022-06-06,388.66473388671875,393.21403077110097,387.49435013390536,391.48681245747764,57508900
2022-06-07,392.3929138183594,392.8459684053957,384.7194727728496,385.1819749982957,59272400
2022-06-08,388.12677001953125,392.4684496696644,387.333946070098,390.6845741806073,64350000
2022-06-09,378.8959655761719,388.6175274447086,378.8959655761719,386.352312221375,86289800
2022-06-10,367.9096374511719,373.55382355387263,367.862456867888,372.70437142833873,132893900
2022-06-13,353.940673828125,360.3682341605425,352.3361312519312,358.5183123037219,170004900
2022-06-14,352.874267578125,356.7157121238985,349.7784664118968,355.6869276147928,104011800
2022-06-15,357.90496826171875,362.34100925128496,351.2225494582893,356.1682732930812,125666800
2022-06-16,346.0596923828125,350.1087829653544,343.63401132773026,349.70293778443306,134473300
2022-06-17,346.8057861328125,350.1424810150499,343.3079900767023,346.47403747740344,111113900
2022-06-21,355.5361022949219,356.92005638665404,352.44587608946637,352.521725834006,76811900
2022-06-22,354.89154052734375,358.9960185982588,350.9007792220965,351.3178660517575,90059400
2022-06-23,358.3704528808594,359.100340500086,353.46972514223677,357.02442335675744,79292100
2022-06-24,369.7643127441406,369.77380119326506,361.507944524138,361.5363809433128,98050300
2022-06-27,368.35205078125,370.9777774943493,367.2619490952879,370.68392475104326,66009600
2022-06-28,360.8254699707031,372.68394948048416,360.71172428504013,369.9065529188097,86548900
2022-06-29,360.5316467285156,362.3611241546952,358.71165775298255,361.3753088463661,65676000
2022-06-30,357.6025695800781,360.834977987892,353.156825579061,356.64516179349505,112508300
2022-07-01,361.38470458984375,361.8207682477801,354.33218346585994,356.9484497006856,74839700
2022-07-05,362.0672607421875,362.08623764291843,353.4791138897527,356.3039239194396,81438000
2022-07-06,363.29010009765625,365.7736442291068,359.8302001680812,362.2094581257224,70426200
2022-07-07,368.7311706542969,369.52741950591667,363.30907034528104,365.06272708039626,64525900
2022-07-08,368.4277648925781,370.29516685698064,365.5745188691098,367.1006548819058,72397800
2022-07-11,364.218994140625,366.72148571389,363.527002730403,365.7546185718872,58366900
2022-07-12,360.99609375,366.0485198112267,359.251925711996,363.6692331147653,62219200
2022-07-13,359.1002502441406,362.02934629353234,355.14744302288534,355.56452982281553,84224600
2022-07-14,358.2281799316406,359.3087928722651,351.715979081912,354.1521096552973,89704800
2022-07-15,365.0721740722656,365.185919762693,360.72122784420594,362.6265260152687,79060400
2022-07-18,362.0577697753906,368.825898190188,360.8349458407432,368.1528836213448,63203600
2022-07-19,371.84027099609375,372.4090283274704,365.31861090466685,365.97264856832055,78506000
2022-07-20,374.2100524902344,375.62247177061846,370.66484393622255,372.02984989964705,71843800
2022-07-21,378.02069091796875,378.0680753048155,371.2335862430008,373.63182056702766,64903900
2022-07-22,374.5133972167969,379.3383025244326,372.29526973672574,378.143943990978,72197300
2022-07-25,374.9684753417969,375.8215969964553,372.73137056679104,375.1390938870878,53631500
2022-07-26,370.5322265625,373.537114847819,369.64118001606494,373.3285714235852,52946400
2022-07-27,380.1535949707031,381.89776315262577,373.52761885571124,373.82147154826214,82342100
2022-07-28,384.92156982421875,385.61353235014826,377.4140367716771,380.95927437369363,73966600
2022-07-29,390.53326416015625,391.51910833460266,385.585124244229,386.352936564959,87003700
2022-08-01,389.3767395019531,391.8792599477975,387.13017574109546,387.84111510481983,69997500
2022-08-02,386.8079833984375,391.4907074923848,385.632572613597,387.81277563609865,63435400
2022-08-03,392.86517333984375,394.0310955881913,388.6469207989162,388.931285023342,67820600
2022-08-04,392.5997619628906,393.4718315474268,390.95985110646615,392.78932847212786,45656600
2022-08-05,391.9361572265625,392.5807353471059,388.26771450946586,388.3245873478551,56814900
2022-08-08,391.481201171875,395.87007236927724,390.3816112599049,393.6235081493515,53886100
2022-08-09,389.9266357421875,391.2537170647009,388.8554822335221,390.75132095945645,44931800
2022-08-10,398.11663818359375,398.2588492285253,395.01695232609546,396.96966387104465,68665700
2022-08-11,398.11663818359375,402.81833898357877,397.37726224840134,400.9603962309802,59489700
2022-08-12,404.8563232421875,404.9605804756404,399.10244636975136,400.0503656332881,61694500
2022-08-15,406.5246276855469,407.04600061972724,402.5907686609456,402.64764150057266,54048300
2022-08-16,407.32086181640625,409.24513649357584,404.64772292648706,405.4534599727927,59289000
2022-08-17,404.4298095703125,407.13138566830423,402.4297135053033,403.7283584655346,63563400
2022-08-18,405.60516357421875,406.2876376325339,403.3396227828059,404.62877901944364,49023200
2022-08-19,400.1546630859375,403.11216664311075,399.28256461046794,402.84675039895933,68016900
2022-08-22,391.82244873046875,395.5003802457015,390.9219138235221,395.3297327861423,77695600
2022-08-23,390.8746032714844,393.78472301716783,390.3247937734182,391.3959474140787,49105200
2022-08-24,392.125732421875,393.4907094010359,389.96447788992435,390.64695191540625,49177800
2022-08-25,397.6616516113281,397.7090360070508,392.52391605971974,393.614017515164,50942300
2022-08-26,384.2011413574219,398.088152311537,384.14426851779484,397.5478603350803,103087000
2022-08-29,381.6607971191406,384.70361032886984,380.3052793040388,381.2531987151374,65370800
2022-08-30,377.470947265625,383.0542059895712,375.3760536519589,382.8172261577202,85652400
2022-08-31,374.5987854003906,380.343174709191,374.4660917256927,379.10140259668094,76029700
2022-09-01,375.774169921875,376.1154069737023,369.7264403478649,372.4280160542996,78740100
2022-09-02,371.8118896484375,380.6465052435593,370.00136015495065,379.4331695900639,99632100
2022-09-06,370.4089660644531,373.5939611226999,368.1908383071308,372.6555302445026,76637400
2022-09-07,377.0633239746094,377.8311362647998,369.8781086762223,370.0961115930664,70964200
2022-09-08,379.5279235839844,379.98290632149366,373.59393967123003,374.79781566335777,80821700
2022-09-09,385.42401123046875,386.28662130528346,381.49961125899546,381.7650275183075,76706900
2022-09-12,389.5664367675781,390.2868647682197,387.18714981782034,387.49049096842776,69256300
2022-09-13,372.62701416015625,382.1062054187296,371.5084765344116,380.9023296148453,122947100
2022-09-14,374.0489196777344,375.56559617352946,370.7501504689949,373.92568555402255,85023700
2022-09-15,369.80224609375,375.3380909362644,368.53203779447915,372.4943332407687,87633800
2022-09-16,366.9811096191406,367.6378630769438,363.69734233012485,365.6295510878898,103084800
2022-09-19,369.8269958496094,369.8269958496094,363.7639505998914,363.84011191988435,73278500
2022-09-20,365.5819396972656,367.5141193905518,362.83121456949,366.5051996914192,77274900
2022-09-21,359.2047424316406,370.55033777024784,359.1952150060502,367.50452437829694,106746600
2022-09-22,356.1874694824219,360.07085382306934,355.4450564887527,358.4337342668979,89472600
2022-09-23,350.21966552734375,352.7609904104437,345.78421269474035,352.7229097506912,122346900
2022-09-26,346.755126953125,352.37082003404043,345.5368069998178,348.75394084213934,92581200
2022-09-27,345.869873046875,352.5515910179344,343.4808127042095,350.2862710344236,108294100
2022-09-28,352.67535400390625,354.3600529595543,345.127482081543,346.8217084645166,110802200
2022-09-29,345.308349609375,349.42016092257757,342.36725004597866,349.1346285560483,112952300
2022-09-30,339.9686584472656,348.27799879138144,339.83541969328155,344.3660311283521,153711200
2022-10-03,348.9442138671875,350.7907337489844,341.90080218718504,343.6806881754969,89756500
2022-10-04,359.7568359375,359.78538917158465,348.9061712798272,354.45522944852485,103602800
2022-10-05,358.9192199707031,361.17501250579096,353.07510228982494,355.397528717206,88065700
2022-10-06,355.2166748046875,360.4706728707626,354.7217133827097,357.52004633285617,82333500
2022-10-07,345.308349609375,355.3023890964065,343.5474892236813,351.19054873616767,107789500
2022-10-10,342.6717529296875,346.659852271921,340.43501530969775,346.42189898919605,76042800
2022-10-11,340.5016174316406,345.5367169870272,338.5694379532379,340.9775239932869,92482800
2022-10-12,339.3784484863281,342.4813682302242,339.1309678057882,340.91088255478394,76991800
2022-10-13,348.3350830078125,349.8008834901985,331.3356839052994,332.3826842498608,147254500
2022-10-14,340.39697265625,352.41837848921915,339.7592450066515,350.7907569397952,123737000
2022-10-17,349.1440734863281,350.24818012108415,340.0637687647691,346.4694811126714,93168200
2022-10-18,353.2464599609375,357.3583002169347,349.8103989866183,357.05371300233446,97162900
2022-10-19,350.74310302734375,353.9316825006344,347.93524295824557,351.2094821189524,79746900
2022-10-20,347.8020935058594,354.71226720130164,347.04062545500517,350.2958396474553,88283100
2022-10-21,356.25421142578125,356.7396164612049,346.02221835785116,347.5260706048134,131038400
2022-10-24,360.6134033203125,361.74606316639574,355.13095089201244,357.7770190393889,85436900
2022-10-25,366.3719482421875,366.6860338162217,360.4231157662592,360.5373287022716,78846300
2022-10-26,363.6116943359375,368.90377378445976,362.9739957124518,363.230974837986,104087300
2022-10-27,361.66998291015625,366.44807462100994,361.05128110498777,364.6110821532887,81971800
2022-10-28,370.2744140625,370.75032073120525,361.38448097673046,361.5653278346015,100302000
2022-10-31,367.5997619628906,369.68423516133385,366.69555686556424,367.81868945232327,96631300
2022-11-01,365.9912109375,371.57837896955164,364.8204992604764,371.3404256632253,85407600
2022-11-02,356.80621337890625,369.90317244332704,356.7015278683844,365.4010855031739,126990400
2022-11-03,353.1321716308594,356.1684576069525,351.0191454820897,353.56999750398336,87100100
2022-11-04,358.2148742675781,360.61343287804317,352.170855133582,358.8335469874606,103505200
2022-11-07,361.64141845703125,362.231537963315,357.4343915475703,359.50933724612685,68286900
2022-11-08,363.5926513671875,366.5623039769019,359.5188919325988,362.74552365571884,84641100
2022-11-09,356.1018371582031,362.77405623568103,355.60687575970667,361.62234147920316,78495500
2022-11-10,375.6710510253906,376.00419136327525,367.0571555506598,369.3509991710931,141455800
2022-11-11,379.3070373535156,380.1065568499029,374.6431300540452,376.5277303971915,93839900
2022-11-14,376.0804138183594,380.89658611860307,375.8043798668183,377.5462142284,71903500
2022-11-15,379.2879943847656,382.9239274120566,375.4807419701021,381.8198207261606,93194500
2022-11-16,376.39459228515625,378.6123045593404,375.76639200285024,377.6604912310654,68508500
2022-11-17,375.2427978515625,375.91860608551974,371.34038726892305,371.6449453937852,74496300
2022-11-18,376.9465637207031,378.64078997970154,374.10065167393867,378.57415608736795,92922500
2022-11-21,375.57598876953125,376.746729530004,373.73899615884227,375.62359686049797,51243200
2022-11-22,380.63006591796875,380.79188693120494,376.1089535381112,377.5176474312929,60429000
2022-11-23,383.02862548828125,383.5140303982983,380.0684717587064,380.2968975987144,68261600
2022-11-25,382.9429931640625,383.49506108811516,382.1910816475926,382.46708656258517,30545400
2022-11-28,376.8323669433594,381.4962458070925,376.0708989562592,379.8591259436192,67881600
2022-11-29,376.1851501464844,378.15538144006086,374.34812855248094,376.96561491269216,52310000
2022-11-30,388.0351867675781,388.0351867675781,374.51945716113363,376.4325818837763,144566700
2022-12-01,387.7496337890625,390.2433795179694,385.24636063389784,389.07263892248426,76398200
2022-12-02,387.3022766113281,388.20648163885994,382.7621385272809,382.8668240269508,85342700
2022-12-05,380.33502197265625,385.4177008262784,378.98346353454565,384.48494250767516,77289800
2022-12-06,374.85260009765625,380.7157732131678,372.76815579992063,380.1732617355015,77972200
2022-12-07,374.21484375,376.5753507067164,373.0821838315825,374.0054437050733,65927900
2022-12-08,377.1464538574219,378.2124799961138,374.3195674856605,376.09948257287107,60737900
2022-12-09,374.3291015625,378.459967446831,374.20536119651905,375.90911499149865,81447700
2022-12-12,379.7257995605469,379.7257995605469,374.45274752414025,375.1189991811709,75405800
2022-12-13,382.600341796875,390.70977956297014,379.8400894083029,390.45280046353844,123782500
2022-12-14,380.15423583984375,385.9603029263179,377.21313615399055,382.2577351529548,108111300
2022-12-15,370.85491943359375,376.2041040710259,369.19877403899443,375.29987006418787,117705900
2022-12-16,366.4765930175781,369.6415593936089,364.34432159505855,368.302907769073,119858000
2022-12-19,363.3689880371094,367.00250429400353,361.70523742151596,366.6678340994925,79878100
2022-12-20,363.8662414550781,365.482194633709,361.2941043449694,362.61364283927566,74427200
2022-12-21,369.3069152832031,370.43520527298585,365.9220161334383,366.45747677877307,78167400
2022-12-22,364.0383605957031,369.28780122976565,358.3490543275083,366.2662563964438,100120900
2022-12-23,366.13238525390625,366.2758070046261,361.4662030943732,363.01521636298173,59857300
2022-12-27,364.68853759765625,366.3618594408892,363.0152157544233,366.01764723973866,51638200
2022-12-28,360.15625,366.59137848650926,359.9267751898031,364.6216127041186,70911500
2022-12-29,366.63916015625,367.5092910145083,362.47018314198056,362.9961017998292,66970900
2022-12-30,365.6734619140625,365.8168836865277,361.8487256860745,363.9619134619415,84022200
2023-01-03,364.1339416503906,369.4981190554035,361.2749320892196,367.52838265402187,74850700
2023-01-04,366.94512939453125,368.9722345195995,363.34986872415914,366.3905264117615,85934100
2023-01-05,362.75701904296875,365.1092230485303,362.16418974875853,364.99448566002695,76970500
2023-01-06,371.0758361816406,372.19458418736764,362.7857380848977,365.8455090657922,104189600
2023-01-09,370.8654479980469,376.4495872696216,370.68379991549534,373.2654787600865,73978100
2023-01-10,373.46630859375,373.5332484725184,369.34515816722075,370.2822289287242,65358100
2023-01-11,378.1897888183594,378.26629985990076,374.23120324076183,375.04396526976706,68881100
2023-01-12,379.56671142578125,381.0296714661986,375.2256580025695,379.28943913488575,90157700
2023-01-13,381.039306640625,381.6130228505716,376.10539392375364,376.3731242643396,63903900
2023-01-17,380.3412780761719,382.6935115955875,379.6623956443495,381.0201896884126,62677300
2023-01-18,374.3364562988281,382.58832869980466,374.1356658339176,381.52697849057256,99632300
2023-01-19,371.611328125,373.94439001524745,370.29178966269103,372.2997525257694,86958900
2023-01-20,378.5341491699219,378.68714212069887,371.36276874212075,373.00740648744664,91806400
2023-01-23,383.07598876953125,385.0074698849866,378.3811219727352,379.3373059432333,84178800
2023-01-24,382.6647644042969,383.5731214964874,380.2169362364954,381.40259479828296,59524900
2023-01-25,382.8081970214844,383.1428671935605,376.31570073269967,378.6009940622238,84800300
2023-01-26,387.0154724121094,387.1780365308271,382.5022827834098,385.466459007332,72287400
2023-01-27,387.9046325683594,390.2759788703347,385.7627902184548,385.97315181927854,68346200
2023-01-30,383.0376892089844,387.37877210654403,382.7412745466371,385.1508473703547,74202000
2023-01-31,388.6696472167969,388.7174447402499,383.20981606709955,383.5540574493801,86811800
2023-02-01,392.8003234863281,395.5445957142965,384.7205872650518,387.4552591361378,101459200
2023-02-02,398.5183410644531,399.9813013244029,394.78922953717114,396.68245506156615,101654500
2023-02-03,394.2825012207031,398.70006688935706,393.0776999727351,393.5557920006054,94736800
2023-02-06,391.8728942871094,393.268944002585,390.2187145648804,391.8346679352162,60295300
2023-02-07,396.9979553222656,398.24098259343725,389.7118394155706,390.9548666867422,90990700
2023-02-08,392.6568603515625,396.366858057828,391.96840686812754,395.0282066123747,76227500
2023-02-09,389.2528991699219,396.40516522520073,388.028984948847,396.25217230001425,78694900
2023-02-10,390.16131591796875,390.5437836705012,387.2640796514173,388.0768126828916,70769700
2023-02-13,394.741455078125,394.87533485395085,390.35257371738345,390.811552573958,64913500
2023-02-14,394.5597229003906,396.864100329501,390.6106788806823,393.22104214899304,88389300
2023-02-15,395.8410339355469,395.91751581058026,391.5286350725414,392.3700815999979,61555700
2023-02-16,390.39080810546875,394.8179447595729,390.25695751731473,390.87847129038914,76431500
2023-02-17,389.4154968261719,389.6545428210452,386.34612524209655,388.2680643786122,89257800
2023-02-21,381.6034240722656,386.4512833840668,381.3452649276504,385.39947527197734,82655900
2023-02-22,381.0776062011719,383.5541194328464,379.6241877439821,382.0146479112843,83742300
2023-02-23,383.1046447753906,384.577176151522,378.88787027584414,383.965204449082,96242400
2023-02-24,379.01214599609375,379.8440212478962,376.3922116756281,378.0942177024235,108194400
2023-02-27,380.30303955078125,383.7070519585176,379.365968807818,382.3492579579314,80444700
2023-02-28,378.8974609375,381.78512595829335,378.79226552930106,379.82496053517093,96438600
2023-03-01,377.4440612792969,379.30863174384257,376.1436650512144,378.0847173960627,99706800
2023-03-02,380.3795166015625,381.2209631061389,375.13961830151106,375.4742885040699,85127800
2023-03-03,386.47998046875,386.7285976253681,381.54606794616154,382.1962660076362,90120000
2023-03-06,386.7476806640625,389.5971190249731,386.3078442662089,387.30225445436355,72795900
2023-03-07,380.8193664550781,386.93896700217493,380.20742390861926,386.699921017692,108310600
2023-03-08,381.4409484863281,382.1963128648765,379.21302334137835,380.9341721144572,74746600
2023-03-09,374.40338134765625,383.88873887527785,373.41851305631604,382.2249589763906,111945300
2023-03-10,369.00091552734375,375.9332484862883,367.48058669730784,373.8583166785041,189253000
2023-03-13,368.47503662109375,373.28466995051247,363.97141834242984,365.08059523708437,157790000
2023-03-14,374.56585693359375,376.21049408951995,370.0908949732477,373.38974045997537,149752400
2023-03-15,372.2232971191406,372.42408758364206,366.8973453679593,368.9818486133687,172996900
2023-03-16,378.75396728515625,379.0982086417623,369.3642641428275,369.8710404113854,143254200
2023-03-17,374.3253173828125,378.55818505074,372.9431553160695,377.4255889740926,140553400
2023-03-20,377.9246826171875,378.33743311980123,374.4021114765073,375.10277090610924,93055800
2023-03-21,382.88714599609375,383.36706269720565,379.69088436328576,381.28421132599215,91524200
2023-03-22,376.3601989746094,386.3232727268631,376.3218267349629,382.71431965042825,111746600
2023-03-23,377.37762451171875,383.25179889041164,374.6708879123496,379.22048781510506,119351300
2023-03-24,379.8539733886719,379.9403548581303,373.75902695920195,376.1010222149094,107682400
2023-03-27,380.56427001953125,382.8966870426311,379.6716321408978,382.1288028794633,74010400
2023-03-28,379.7100524902344,380.5642888800985,377.8767674052834,379.87320774489075,62871700
2023-03-29,385.2290344238281,385.46899270747423,382.6662670661032,383.8660584843338,77497900
2023-03-30,387.48468017578125,388.10856590647154,385.62260139743574,387.8589998974814,69840000
2023-03-31,392.9461669921875,393.2437129705157,388.3005480641613,388.40614495841936,112062600
2023-04-03,394.4434509277344,394.84656445369103,392.03426030988214,392.42779542260035,67391100
2023-04-04,392.25506591796875,395.37452397054454,390.88248211307797,395.08655642138893,66601500
2023-04-05,391.22802734375,392.28384974684195,389.57711302940226,391.5255732993779,65200200
2023-04-06,392.7541809082031,393.0325407601975,389.3851567329968,390.4313714897771,63743300
2023-04-10,393.1572570800781,393.23406013832266,389.66347951634174,390.27775752337686,63681000
2023-04-11,393.26287841796875,394.66422675434245,392.4950235384784,393.7811965721071,59297900
2023-04-12,391.659912109375,395.61444936283374,391.0744279375137,395.3264818376402,86420400
2023-04-13,396.86224365234375,397.21737725795947,391.60234704835096,392.7445509263928,85814800
2023-04-14,395.892822265625,398.4171884519207,393.5892282764297,396.2287697684171,78161500
2023-04-17,397.3133239746094,397.3325100919648,394.5777937246766,395.80637894641507,66436400
2023-04-18,397.5724792480469,399.02183667204184,396.1999248791392,398.8874459715307,63560000
2023-04-19,397.50537109375,398.4075874340768,395.60489064257166,395.6624782963843,55227300
2023-04-20,395.3360595703125,397.0829628319808,393.79071305675006,394.6929585087422,75840400
2023-04-21,395.6432189941406,396.10392013942635,393.6947589557848,395.63361128968654,73457400
2023-04-24,396.05596923828125,396.4782981802782,394.1075090570705,395.44166194381876,64332100
2023-04-25,389.76904296875,394.6450119030647,389.7114553215701,394.088292257947,97766700
2023-04-26,388.1181945800781,391.4584251421062,387.56150413230125,390.38341648999295,80447000
2023-04-27,395.8448486328125,396.11360078097556,390.4025810177756,390.65214704527966,92968400
2023-04-28,399.2234191894531,399.23302689490464,394.9041697532796,394.9617574024191,89433100
2023-05-01,398.8203430175781,400.8455772162606,398.589963107647,398.78194148395835,62122300
2023-05-02,394.3378601074219,398.1580067083917,391.43917444922255,398.1099974743272,103998500
2023-05-03,391.6311340332031,397.24616414474065,391.39117573178515,394.83697342513307,91531800
2023-05-04,388.85723876953125,390.91126663739385,387.52305652796423,390.5849268562114,94901900
2023-05-05,396.05596923828125,397.1021838881152,392.22624422840113,392.48538864162396,87891800
2023-05-08,396.16156005859375,396.64147667611564,394.76021173712985,396.3823322476967,50046800
2023-05-09,394.42425537109375,395.53766541370464,394.1939047732381,394.61623373049684,49220100
2023-05-10,396.26715087890625,397.88927136463667,392.44700411687967,397.25577792419296,96142900
2023-05-11,395.5760803222656,395.8640185793233,393.5028369960926,395.4033173680311,70157100
2023-05-12,395.0577697753906,397.0254455424627,392.63900049417026,396.8142810526254,70481500
2023-05-15,396.42071533203125,396.8238288685914,393.75238023444746,395.6624389099318,54289400
2023-05-16,393.7715759277344,396.2383543170176,393.761968222226,395.31689334176326,57705500
2023-05-17,398.5516052246094,399.1562756190207,394.1459737431661,395.7872805401457,87287000
2023-05-18,402.3908996582031,402.8132286270494,398.0140624281471,398.23480532655367,97177200
2023-05-19,401.80535888671875,403.82101441184767,400.58638129995114,403.29311788250186,103793300
2023-05-22,401.9685974121094,403.5043365562108,400.5864351115969,401.8246282749285,60745400
2023-05-23,397.4573974609375,401.90143065958665,397.0638622634379,400.3272898695882,86383500
2023-05-24,394.5778503417969,396.238372422446,393.4164603018304,395.85444497777297,89213700
2023-05-25,397.994873046875,399.44423070710803,395.84485582251955,398.0812545290906,90961600
2023-05-26,403.1490783691406,403.86895317673464,398.57068513788386,398.64745889564364,93830000
2023-05-30,403.3027648925781,405.606359045202,401.92060254264607,405.0784624260676,72216000
2023-05-31,401.0662841796875,402.38125089733444,399.5017514717894,401.4790054006544,110811800
2023-06-01,404.87689208984375,405.93271458460026,400.04893173325473,401.29670331410193,88865000
2023-06-02,410.7318115234375,411.51885243910056,406.92127277329087,407.4491692853337,91426200
2023-06-05,409.9447937011719,412.3635629860605,409.2441048720611,411.0773899248413,65460200
2023-06-06,410.8373718261719,411.36526832885664,408.87930404707026,409.53201283462573,64022200
2023-06-07,409.4168395996094,412.3635345526036,408.9945106484148,411.2309384070294,85373300
2023-06-08,411.8931884765625,412.34431121135276,408.71614321581194,409.48399798951436,61952800
2023-06-09,412.6322937011719,414.63834160760314,411.64366666036057,412.6898813507892,85742800
2023-06-12,416.37567138671875,416.45247445367045,412.89150113320926,413.6113761039967,76104300
2023-06-13,419.12078857421875,419.76386044542505,417.1723282571571,417.8346155400201,95899700
2023-06-14,419.61993408203125,421.42442545450064,416.17413589387496,419.45677881703784,100612100
2023-06-15,424.8221740722656,426.0699454976172,418.7080413628314,418.8040012480244,110303100
2023-06-16,423.37518310546875,427.3732818174655,422.90312715218045,426.80488011436864,114165800
2023-06-20,421.1786193847656,422.32506614292663,419.1073181445954,421.4387558395076,76160400
2023-06-21,419.0205993652344,420.99555478179644,418.4329109170005,420.1959468611093,76982300
2023-06-22,420.53314208984375,420.6391018260277,417.72964857046975,418.0668439684426,70637200
2023-06-23,417.35394287109375,419.1362363473925,416.6410372408123,417.084192410939,92074500
2023-06-26,415.6487121582031,418.7026693868189,415.40786249787595,416.7855154988048,72823600
2023-06-27,420.2055969238281,420.8221567639146,416.0726085341393,416.52540707007813,72813700
2023-06-28,420.41754150390625,421.4290983033547,418.5100016357142,419.1265614695,75636000
2023-06-29,422.0745544433594,422.2383451446893,419.5986423394109,420.00325329466176,67882300
2023-06-30,427.0553283691406,428.0379843526411,424.96474047999936,425.28267848094407,104964000
2023-07-03,427.546630859375,427.8259952574617,426.4290850652605,426.7084788639364,32793400
2023-07-05,426.91082763671875,427.6430199831629,425.7258367708566,425.7354801650757,58418400
2023-07-06,423.5678405761719,423.991738320798,421.06299828536083,423.3366343156822,80658300
2023-07-07,422.4984130859375,426.43873894163033,422.25756345371417,422.57550143257924,86134200
2023-07-10,423.5678405761719,423.7412452715391,421.57359837767063,422.1420000351028,62443500
2023-07-11,426.2654113769531,426.756754157654,423.3559576768949,424.3289998424092,64463800
2023-07-12,429.6950378417969,431.1016209821125,428.62567949600117,430.0515200243212,91924500
2023-07-13,433.10552978515625,433.8955237982183,431.0727725814678,431.5062843686877,72425200
2023-07-14,432.8357238769531,434.83958003816,432.07463074719146,433.991813962652,69815800
2023-07-17,434.338623046875,435.3887239970372,432.6430320958501,432.6912196663996,52680200
2023-07-18,437.5660095214844,438.2114701147798,433.5775252322227,434.0110663595222,80668200
2023-07-19,438.5390930175781,439.72405458332963,437.48896257877516,438.35604491544507,65891700
2023-07-20,435.62957763671875,438.44271452207744,434.91667207150675,437.5467608684042,70591600
2023-07-21,435.62957763671875,437.5467608684042,435.61996364299455,437.3444259913096,71275600
2023-07-24,437.5756530761719,438.38490436691495,435.74517222742827,436.7760157789645,54023400
2023-07-25,438.770263671875,440.02267010001805,437.2577208036124,437.3059083742901,55191200
2023-07-26,438.8376770019531,440.26348802035136,436.7856334140258,437.8357342912967,71052900
2023-07-27,435.9282531738281,442.62388566589414,435.0226560753175,442.2192452897237,92194400
2023-07-28,440.19610595703125,441.0246146496096,435.92822776892785,439.1941631701477,80011800
2023-07-31,441.0342712402344,441.39072403261815,439.35793761574195,440.6681750532694,62040400
2023-08-01,439.77215576171875,440.5139620189602,438.81837125887813,439.569820909262,55291500
2023-08-02,433.6545715332031,436.92047716007846,432.90312187918494,436.660370149276,93933400
2023-08-03,432.4118347167969,434.2904737931767,430.9956375639887,431.64112757810364,64276100
2023-08-04,430.4560852050781,436.3231785934213,429.93584177835424,434.2229769011584,100128900
2023-08-07,434.21337890625,434.36752621178806,431.59293351328745,432.28658168791264,58357500
2023-08-08,432.3251037597656,434.2037427118271,428.9724661870649,431.6796137883657,71361300
2023-08-09,429.4349365234375,432.7586735355105,428.6738433785323,432.59488283321724,78789600
2023-08-10,429.5890808105469,435.16716703483127,428.42337671620794,431.7856284811605,93005500
2023-08-11,429.33856201171875,430.3501481391964,427.1227570858758,427.7200594884635,68690900
2023-08-14,431.7085266113281,431.7085266113281,428.1150686990038,428.4233633029166,47867400
2023-08-15,426.67962646484375,430.2923712690211,426.1111954097984,429.9358890851779,75707500
2023-08-16,423.5486145019531,427.9224233894094,423.4426253576642,426.26537646534126,80107200
2023-08-17,420.3211975097656,425.27305119137833,419.8009540161682,425.01294414487614,95711300
2023-08-18,420.52349853515625,421.5543421169173,417.1612467523088,417.5080561439708,98852000
2023-08-21,423.2595520019531,424.00135836533855,419.3867000805202,421.5350602162778,68719000
2023-08-22,422.113037109375,425.0321333206804,421.5542789285874,425.0321333206804,64994200
2023-08-23,426.8144836425781,427.43107286328376,423.0283341735705,423.1728380844883,68441000
2023-08-24,420.89923095703125,428.9243284062607,420.8703007742917,428.41372832126285,88517300
2023-08-25,423.8664855957031,425.1477928046301,419.0783933508206,422.62369316256587,102325100
2023-08-28,426.5544128417969,427.17097271429145,423.8665222680011,426.0534267072631,61595400
2023-08-29,432.7201232910156,432.999517120143,426.26534084235647,426.4483889303442,83081900
2023-08-30,434.50238037109375,435.13822692888783,432.35399106524045,433.057282576268,69053900
2023-08-31,433.8666076660156,436.255817610441,433.6835595621321,435.1190142078131,66084600
2023-09-01,434.6758117675781,437.06505085275637,433.2210704898494,436.5833515582069,58944100
2023-09-05,432.79718017578125,434.55057269413254,432.72976461783867,434.23266409054196,55166200
2023-09-06,429.8876953125,432.09388618903915,427.5659013158959,431.98789706191957,70758500
2023-09-07,428.56787109375,429.24223247025344,426.5447281630559,426.8915375451562,70355400
2023-09-08,429.21331787109375,430.74511806057524,428.2595627004295,428.6160154651993,61659700
2023-09-11,432.0361022949219,432.34436749416994,430.12856253408137,431.83376742594476,60180100
2023-09-12,429.6661376953125,432.11317840274216,429.0881220484013,430.59102153155527,67565400
2023-09-13,430.1671447753906,431.3232055262028,428.7894623481302,429.8877509320253,60199300
2023-09-14,433.876220703125,434.569868937207,431.3328634452209,432.633457559199,83430800
2023-09-15,428.64874267578125,432.62229333118586,428.21370176743056,432.2935859212208,111848900
2023-09-18,428.90008544921875,430.1955896700722,427.86560575276553,428.3393267614431,55752200
2023-09-19,428.0106201171875,428.57137880593234,425.3326034960519,427.981617392204,66514600
2023-09-20,424.0758361816406,429.68324679400325,423.8727875752747,429.2675311788192,82562600
2023-09-21,417.0665283203125,421.4944451347644,416.9118372759941,421.2334205936458,104095800
2023-09-22,416.1286926269531,419.6864977783781,415.71294757869936,418.091288955446,100829700
2023-09-25,417.87860107421875,417.9172517040119,414.485134786977,414.920205158679,70874500
2023-09-26,411.73944091796875,415.54862280920696,410.90798029741677,414.84285049792544,96168400
2023-09-27,411.90380859375,413.4700443597365,408.26867230252077,412.9092856337623,104705800
2023-09-28,414.29180908203125,415.96437838949197,410.7630061946947,411.3527676631777,92258300
2023-09-29,413.28631591796875,417.5112133076614,411.7684378270295,417.3371969608053,115111300
2023-10-02,413.1219177246094,414.3690937958554,410.36654108063146,412.4548256054054,83798600
2023-10-03,407.59185791015625,413.1799422139496,406.22867088652805,410.94664397430034,103760600
2023-10-04,410.5599670410156,411.3043900178651,406.59609392791054,408.0559666596498,87453000
2023-10-05,410.4052734375,411.24638199806213,407.18585282564163,410.2699077129364,70142700
2023-10-06,415.27789306640625,416.8150963910029,406.63472757769614,407.9592344326086,113273300
2023-10-09,417.9366455078125,418.5070521455923,412.8319589906931,413.3830108074734,80374400
2023-10-10,420.1119384765625,422.70294712015226,418.1686672417201,418.5650575162268,78607300
2023-10-11,421.83282470703125,422.08417183466213,418.797068320578,421.17540990507433,62451700
2023-10-12,419.2611083984375,422.8189135801861,416.91179922986146,422.44187816631086,81154200
2023-10-13,417.1728515625,421.95850789546967,415.60664534568787,420.75965970754623,95143100
2023-10-16,421.5621337890625,422.62561629317145,419.1741442361407,419.4158434641518,75433200
2023-10-17,421.54278564453125,423.5924199141401,418.0913430371363,418.43937576892034,75324700
2023-10-18,415.9256591796875,420.73064064200355,414.8428514424272,419.77352121429993,93559800
2023-10-19,412.2711486816406,418.44899434083845,411.5944086302288,416.64108906158174,121323000
2023-10-20,407.2051696777344,412.3775387523352,407.09880668145956,411.8361348739324,123919900
2023-10-23,406.4993896484375,410.35692908932583,403.92770652261123,405.67760643648245,92035100
2023-10-24,409.5641174316406,410.71460793995783,406.77006062450005,408.61664598235126,78564200
2023-10-25,403.6860656738281,407.9109932440979,403.1736644565339,407.8819905149794,94223200
2023-10-26,398.8520202636719,403.47330792914914,397.9335809780985,402.6225515026816,115156800
2023-10-27,397.04412841796875,400.8339851009318,395.62293584989493,400.43759484678344,107367700
2023-10-30,401.7911071777344,402.84491222424634,398.53300645045545,399.82851071417565,86562700
2023-10-31,404.31451416015625,404.63354418586295,400.4569740962496,402.3615653520939,79665200
2023-11-01,408.6263427734375,409.43844855236455,404.74947812853236,405.28123407598383,98068100
2023-11-02,416.4574279785156,416.61211901779166,412.39686933434086,412.41619465013827,94938900
2023-11-03,420.2569274902344,421.80380835994043,418.63271585397734,418.75840416588386,100167800
2023-11-06,421.22369384765625,421.66841210779677,419.2804228673673,421.0109973746679,67831700
2023-11-07,422.4224853515625,423.0605747296388,420.08285380291056,421.223666855701,64256100
2023-11-08,422.7319030761719,423.544008852029,420.4309219590949,423.0219303160148,61746000
2023-11-09,419.4351806640625,423.91145521433583,419.00978765036695,423.8727750755541,83174400
2023-11-10,425.9803771972656,426.28975929301595,419.4254952530958,421.50413223667414,89462200
2023-11-13,425.5743408203125,426.67647397269064,423.863120884433,424.64622403342025,52236100
2023-11-14,433.8307800292969,435.1166069139446,431.2784220719966,431.50079597873554,97176900
2023-11-15,434.74920654296875,436.3927730128096,433.8984205823122,435.16492211328534,77327600
2023-11-16,435.28094482421875,435.59997479434537,433.24098818272,434.30447059030485,66665800
2023-11-17,435.8223571777344,436.43144390959674,434.37216191303287,435.2906012114316,83133200
2023-11-20,439.1771240234375,440.01823251915994,435.56128392675316,435.5709613361329,69936200
2023-11-21,438.2199401855469,439.05140070988807,436.9534388382608,438.13293202095787,49244600
2023-11-22,439.9118957519531,441.22675482120695,438.8194400859089,439.8732451207241,59394900
2023-11-24,440.1825866699219,440.3759578384197,439.6315348978691,439.9602422808771,29737400
2023-11-27,439.3898620605469,440.3663068584605,439.0031197003399,439.55420100976517,50506000
2023-11-28,439.8248291015625,441.1203331786689,438.44231685931027,439.00304598057033,62115000
2023-11-29,439.5154724121094,443.10230972873876,439.1191116939092,441.97114450802434,63146000
2023-11-30,441.24603271484375,441.5940948885885,438.2876370073433,440.3565962233876,79752700
2023-12-01,443.8564147949219,444.38814123082403,440.0472330596215,440.6369649429203,89183400
2023-12-04,441.52642822265625,443.8757373404589,439.2544498661346,440.4726232624604,72430900
2023-12-05,441.4394836425781,442.3966031608258,439.76691433401015,440.14397929835064,69793500
2023-12-06,439.6605224609375,443.60504042530386,439.2254520989698,443.57603770145914,69124700
2023-12-07,443.0152893066406,443.6630266124851,441.13970123464765,441.73911050428126,66995400
2023-12-08,444.9198913574219,445.4516177863762,442.02914891320626,442.2708481089666,83194400
2023-12-11,446.6504821777344,446.8245280398024,444.21416465607524,444.4268611503367,65002200
2023-12-12,448.6903991699219,448.78708475043413,445.30661038207074,446.30240990232363,68327600
2023-12-13,454.8778991699219,455.12927578193285,448.709730800554,449.0674408996175,93278000
2023-12-14,456.33770751953125,458.00059897892254,453.6693392580144,456.81142844840025,119026000
2023-12-15,455.58642578125,456.91633245678577,453.74207009746453,455.7417439978948,141553700
2023-12-18,458.14910888671875,459.12954211953263,456.13003141968665,457.18810894495897,70375300
2023-12-19,460.93499755859375,461.01267146432247,458.61500063748593,458.6926449192994,55761800
2023-12-20,454.5477600097656,461.96401935450547,454.12064234016117,460.0808267995912,102921000
2023-12-21,458.8577880859375,459.1295875723286,455.1108062836296,457.52788134560456,86667500
2023-12-22,459.7799377441406,461.4592882220052,457.8870580411275,459.98377994700513,67160400
2023-12-26,461.72137451171875,462.62413389794295,460.109981297383,460.18765521976536,55387000
2023-12-27,462.5561828613281,462.7017844285322,460.98362668768385,461.5175089754055,68000300
2023-12-28,462.73089599609375,463.5656980482324,462.31349497002446,462.9153345190397,77158100
2023-12-29,461.39129638671875,463.060930093317,459.44014657654174,462.53673484415077,122283100
2024-01-02,458.8092041015625,459.7993540123723,456.7124526493962,458.3335624378489,123623700
2024-01-03,455.062255859375,457.3919698393569,454.4604162904711,456.6542157231931,103585900
2024-01-04,453.596435546875,457.1686653982138,453.3731600721968,454.5865557790852,84232200
2024-01-05,454.2177734375,456.66396886840727,452.7713854034213,453.80034274035296,86118900
2024-01-08,460.7021789550781,460.8477805438932,454.58664560952485,454.71284352780606,74879100
2024-01-09,460.00323486328125,461.02247554943773,457.54732279548995,458.05208481523704,65931400
2024-01-10,462.604736328125,463.4686883884697,459.99350610212235,460.275022232607,67310600
2024-01-11,462.4008483886719,464.1190060691037,458.43062113494074,463.6045274671268,77940700
2024-01-12,462.72119140625,464.58498035155515,461.3136700813151,463.8472262405501,58026400
2024-01-16,461.0224304199219,462.6532272077025,459.2071951071508,461.34278348918724,85014900
2024-01-17,458.4598083496094,458.94516670999695,456.1106608508071,458.0035703058881,68843900
2024-01-18,462.5367126464844,463.09002818161,458.58591886010277,460.12935459709723,91856200
2024-01-19,468.3028564453125,468.5843725866021,462.58535041381515,463.6628317450775,110834500
2024-01-22,469.29296875,471.0111265282756,468.6425755704272,469.83656769535,75844900
2024-01-23,470.66162109375,470.90430023582877,468.7493378931313,469.83653570981716,49945300
2024-01-24,471.1761779785156,474.45717543420074,470.68110299788805,473.525295727068,81765000
2024-01-25,473.73883056640625,474.0106300348732,471.1761540957068,473.30199623812143,72525000
2024-01-26,473.1369934082031,474.79691054106985,472.29247468488353,473.3117152908374,76641600
2024-01-29,476.8840026855469,477.0296338958358,472.90408774659363,473.4476867516387,61322800
2024-01-30,476.5151062011719,477.2237103899132,475.7579187820987,476.19475312019154,58618400
2024-01-31,468.7396545410156,474.75807991768903,468.7202212489611,474.31155855924624,126011100
2024-02-01,474.8746032714844,474.90372358641025,469.6327095934461,470.43842101293257,91891600
2024-02-02,479.8738098144531,481.52401044125736,474.9716726719537,475.3114294440355,99228200
2024-02-05,478.12646484375,479.90289286822576,475.87442477356564,479.2428126687566,75757100
2024-02-06,479.51458740234375,479.84462748505155,477.64108188661896,479.06803644581043,55918600
2024-02-07,483.513916015625,483.93131701939416,480.8541325434168,481.75692144262655,70556500
2024-02-08,483.72747802734375,484.1060420771884,482.6985208548494,483.51391920150996,52343600
2024-02-09,486.5231628417969,486.95996752942966,483.89249957484776,484.2322563033971,63979400
2024-02-12,486.3096008300781,488.7557959365899,485.59125041968997,486.4940393494017,56502300
2024-02-13,479.6116943359375,482.53356108402113,476.35010044182593,480.0485287007201,113099200
2024-02-14,483.9702453613281,484.45560372449836,479.92234357796184,482.24237077339893,68387800
2024-02-15,487.3094787597656,487.49391729462275,484.1934569596569,484.66912826614583,61683000
2024-02-16,484.8826599121094,488.14425347916483,484.1449058140717,487.0085316428908,75532900
2024-02-20,482.2131652832031,483.814841673976,479.9708124113375,483.1450448811934,71736700
2024-02-21,482.6500549316406,482.8053731626366,479.106944807319,480.9124933217148,59293400
2024-02-22,492.63873291015625,493.5997329784438,488.2899113619232,489.25094105413393,76402500
2024-02-23,492.97845458984375,495.1916873577398,492.25041710535265,494.35685563775104,61321800
2024-02-26,491.17291259765625,493.8521000550051,491.0467146922128,493.41526570907337,50386700
2024-02-27,492.0853576660156,492.30863314805396,489.9692025931845,491.86211180789684,48854500
2024-02-28,491.43499755859375,492.0174038220213,490.17304819868775,490.53220860244136,56506600
2024-02-29,493.20166015625,494.8130532117829,490.55162288856457,493.19197313484807,83924800
2024-03-01,497.8320007324219,498.25911842016706,493.6676477127876,494.0753617325155,76844800
2024-03-04,497.298095703125,499.1424809176813,497.00689257657365,497.03604251314806,49799300
2024-03-05,492.3280334472656,495.7449748064334,490.1245174506037,495.29842384541166,72855600
2024-03-06,494.8227844238281,497.0748540345267,493.53174438668293,495.5993458504527,68382400
2024-03-07,499.734619140625,500.7830096761973,494.8810360564722,498.1135389799133,58652100
2024-03-08,496.7351379394531,503.0447667007892,496.1624186562773,500.36563844693006,86532500
2024-03-11,496.3079528808594,496.8903887313969,493.60936207648933,495.5313914960879,62557200
2024-03-12,501.64697265625,502.22937893995004,495.90028750048145,498.41446966211043,73114400
2024-03-13,500.8606262207031,502.14197926945354,499.4239845817287,501.9672573875113,55104100
2024-03-14,499.87054443359375,501.9866995940405,496.8321966177629,501.831351753217,110171800
2024-03-15,496.4381408691406,498.2590460217431,494.77306623402836,496.80816405826874,107646300
2024-03-18,499.3885192871094,501.93969410963876,498.97956820958467,500.4985887866016,88893300
2024-03-19,502.1636962890625,502.44605736767124,497.6942371868493,498.6972103635703,60755300
2024-03-20,506.8083190917969,506.94465591796825,501.5501987684062,502.2220766323413,69594600
2024-03-21,508.483154296875,510.342957334889,508.200733818281,509.6418984195912,60256100
2024-03-22,507.5192565917969,508.8824467519345,507.28551081424,508.3955803879005,79070800
2024-03-25,506.1170959472656,507.26609347283284,505.9612654237029,506.1462770254766,48512100
2024-03-26,505.1822204589844,507.87947884663447,504.7830162330491,507.5386367689601,65463700
2024-03-27,509.42779541015625,509.46678276035976,505.8444656756774,508.0061834942003,82999800
2024-03-28,509.330322265625,510.8298490860622,509.0479612048705,509.4666590943707,96294900
2024-04-01,508.4442138671875,510.60593125263364,507.2854696375655,510.07039018205234,62477500
2024-04-02,505.2115783691406,505.34785579995645,502.91352367339005,504.62730299960265,74230300
2024-04-03,505.7664489746094,507.2660352902269,504.0721636747669,504.12083842082313,59155800
2024-04-04,499.5930480957031,510.10934946561747,499.2911933332161,509.76856679026787,96858100
2024-04-05,504.8121643066406,506.7693762627344,500.50828302932854,500.9464745680228,74546500
2024-04-08,505.0945739746094,506.51624504555883,504.28641866242464,505.5133313161047,48401800
2024-04-09,505.6788330078125,507.0712635271461,500.8393509659492,506.8278303713481,68049200
2024-04-10,500.6154479980469,502.6018412987628,498.6388015333815,499.9922448100833,82652800
2024-04-11,504.3935546875,505.8346601112469,498.6290735605831,502.1344876196163,70099000
2024-04-12,497.4313659667969,502.27081877394835,495.70784003413945,500.85889444352966,92561100
2024-04-15,491.199462890625,501.7644387082916,490.3522904966187,501.5989207934361,92101400
2024-04-16,490.3035888671875,493.19557596027215,489.018254666714,491.676555438244,73484000
2024-04-17,487.4018859863281,492.9229634124424,486.00945537176443,492.7574157801548,75910300
2024-04-18,486.39892578125,490.88784877913054,485.46415075166374,488.7943295112607,74548100
2024-04-19,482.1534423828125,487.31421332567436,480.8875721611567,486.3210167619427,102212600
2024-04-22,486.59368896484375,489.18382142190774,482.4163675078979,484.75331996273405,67961000
2024-04-23,492.3678894042969,492.79633413093177,486.4086505723251,488.5995489497242,64633600
2024-04-24,492.1342468261719,494.0427545951939,489.914137461728,493.2540334865075,55928100
2024-04-25,490.2646484375,491.02415872515365,484.42225246602163,486.0678630419317,69122400
2024-04-26,494.90936279296875,496.4868049205615,492.4166096033967,493.0495298783495,64306100
2024-04-29,496.6620788574219,497.33395677101214,493.9258924563797,496.69128964862307,46415400
2024-04-30,488.79437255859375,496.1752536684076,488.79437255859375,495.2015209263445,77483600
2024-05-01,487.2071838378906,494.84124497607075,486.7397814235659,488.2101273744075,80242800
2024-05-02,491.7641906738281,492.60161619088024,486.4281251448712,490.90730120185356,62550200
2024-05-03,497.8597717285156,499.08665465274976,495.20147091341136,497.73318173027803,72756700
2024-05-06,503.0010986328125,503.0400265445959,499.8169737447077,500.2551653379584,47264700
2024-05-07,503.55615234375,504.9485829994704,502.8842743906612,503.9651034446084,52561300
2024-05-08,503.604736328125,504.14027734043043,501.6085965012132,501.72543965182825,42047200
2024-05-09,506.5065002441406,506.54548758690595,503.13742328274043,503.78980752288453,43643700
2024-05-10,507.1589050292969,508.91161179352076,505.941739299708,508.103397108136,52233200
2024-05-13,507.2270202636719,508.9407991411694,506.08776976766853,508.8337028193061,36716400
2024-05-14,509.5542297363281,510.07033651333364,506.8862120678195,507.42175308205213,57535900
2024-05-15,515.864013671875,516.1561215249,511.3848086751437,512.0177585499588,59504900
2024-05-16,514.8027954101562,517.5584758697495,514.6567117176663,515.9615398171848,50244800
2024-05-17,515.542724609375,515.6108930215729,513.4686694664939,514.9195214966393,59187600
2024-05-20,516.1368408203125,517.5974401200076,515.2702043054951,515.6597212248555,37764200
2024-05-21,517.402587890625,517.5584184029028,515.1727614260365,515.3772666864285,33437000
2024-05-22,515.9127807617188,517.4220544657823,513.741316563043,516.7112486575287,48390000
2024-05-23,512.1444091796875,519.0676335599267,510.9369308576571,518.9605372397859,57211200
2024-05-24,515.5330200195312,516.3412347653415,513.0402667962413,513.9847589456947,41291100
2024-05-28,515.8933715820312,516.5749964273494,513.2642811397658,516.3413100648252,36269600
2024-05-29,512.28076171875,513.4589997088932,511.56995584928654,511.871810616093,45190300
2024-05-30,508.8824462890625,511.4044402025134,507.63609930287237,510.74230907986095,46377600
2024-05-31,513.5173950195312,513.6439850215788,504.7440541264526,509.8367164200918,90785800
2024-06-03,513.9361572265625,515.4065032558699,508.87273480704334,515.1241421408643,46835700
2024-06-04,514.5105590820312,515.250605333056,511.17066354967966,512.6312623824123,34632700
2024-06-05,520.6256103515625,520.645104022442,514.8416361330836,516.8280887412405,47610400
2024-06-06,520.6159057617188,521.3559521321091,518.6879340097541,520.9275073614583,30808500
2024-06-07,519.98291015625,522.787264555686,518.5514924537447,519.6420681166458,43224500
2024-06-10,521.589599609375,521.9109480214009,518.5807990347079,519.1747616812378,35686100
2024-06-11,522.845703125,522.9041247005574,518.0743898707741,520.0413486344055,36383400
2024-06-12,527.139892578125,529.8274041983666,526.1077383475028,527.4028194115604,63251300
2024-06-13,528.2012329101562,529.0581223075357,525.4163720846324,528.8828575806059,44760900
2024-06-14,528.5226440429688,528.5518251182958,525.6695550365463,526.6725282080745,40089900
2024-06-17,532.7291259765625,534.1216160104203,527.3833430672393,527.8410283318889,55839500
2024-06-18,534.0826416015625,534.2092316077063,532.3688625324717,532.7875604635906,41376400
2024-06-20,532.6318359375,535.6698774866474,530.8596351285086,535.0077463215187,70328200
2024-06-21,531.9176635742188,533.0313142277637,530.4621308750893,531.810221745453,64338600
2024-06-24,530.1885986328125,534.3012597413704,530.0713785197397,531.7418545665156,45528700
2024-06-25,532.2302856445312,532.5917242597523,529.8955424418219,531.4096852385123,37936200
2024-06-26,532.89453125,533.6076301716555,530.4719028733521,531.1166134619692,38550600
2024-06-27,533.734619140625,534.3110010096894,532.0153114364416,532.7577451835803,35041500
2024-06-28,531.6343383789062,537.5542520433446,530.3937489459842,534.5063503169283,76144500
2024-07-01,532.7285766601562,533.2560672380866,529.973784394742,533.0118486999152,40297800
2024-07-02,536.3135986328125,536.3135986328125,531.0775683576217,531.126400132376,40434800
2024-07-03,538.70703125,539.068469909586,535.9620173191718,536.0010708200014,32789900
2024-07-05,541.8134155273438,542.2139076372644,538.3747999305978,539.0097918869257,41488400
2024-07-08,542.4386596679688,543.3861988920726,541.3738407022457,542.5949332840256,36110500
2024-07-09,542.9661254882812,544.2946598471173,542.6730752067231,543.3959524424528,27289700
2024-07-10,548.3388671875,548.6807492045888,543.8941028470899,544.1871530936876,38701200
2024-07-11,543.61083984375,549.3255886798729,542.9759074999535,548.4561564855596,53054200
2024-07-12,547.0396728515625,550.6345620898736,544.2653840243584,544.7342644743289,53084400
2024-07-15,548.5440673828125,551.7775178290722,546.6879829958002,549.0325043663784,40584300
2024-07-16,551.7970581054688,552.090108393895,549.1008762046278,549.8530882979716,36475300
2024-07-17,544.0602416992188,547.5476892504238,543.7378565645935,545.8772131422685,57119000
2024-07-18,539.879150390625,546.580551242634,537.7007404833427,545.593898977862,56270400
2024-07-19,536.2941284179688,541.2664440605769,535.2390876445896,539.6447995873152,65509100
2024-07-22,541.8232421875,542.4288993582354,538.277184442637,540.2113760766848,43346700
2024-07-23,540.973388671875,543.8648979607326,540.4849516029554,541.7157629327536,34439600
2024-07-24,528.7135009765625,536.4698829953903,527.7952370228695,536.1670544374522,74515300
2024-07-25,525.958740234375,534.7994982405838,525.0209792890996,528.8307523766035,61158300
2024-07-26,531.849365234375,534.535769150024,528.9675745637637,529.7393433023149,53763800
2024-07-29,532.1619262695312,534.3989464184045,530.1690650137424,533.3927971337158,39515800
2024-07-30,529.4657592773438,534.6822931769603,526.0662565076813,533.6272524601584,46853600
2024-07-31,538.0719604492188,540.6997538692295,534.9166765387299,536.2842643515584,65663400
2024-08-01,530.452392578125,542.0381046138815,526.9551667505608,539.7913062018092,76428700
2024-08-02,520.5762329101562,524.5716145988897,516.3756265717791,523.3603002519518,82789100
2024-08-05,505.41510009765625,511.4717311244644,498.4695101090915,499.80785259777787,146267400
2024-08-06,510.0747375488281,517.4989554385519,505.8936885816187,507.2124445147762,84826300
2024-08-07,506.66552734375,519.2965627450678,506.0696484137689,516.2486605015515,70698300
2024-08-08,518.378173828125,519.0033278281719,509.7719169059722,511.79399346845105,63276600
2024-08-09,520.6640014648438,522.1488688468696,516.3364573171235,517.5575496711185,45619600
2024-08-12,520.9376220703125,523.3406939742863,518.6712672136742,521.8558860240913,42542100
2024-08-13,529.5046997070312,529.7391995235392,523.8779562074939,524.1221746789957,52333100
2024-08-14,531.1753540039062,532.3573932676823,527.6292958362486,530.2961433616041,42446900
2024-08-15,540.27978515625,540.5630571909627,536.1866801444643,536.7923373384469,60846800
2024-08-16,541.4910278320312,542.1846298407453,538.5115740387317,538.6678476452682,44430700
2024-08-19,546.66845703125,546.66845703125,541.0514314058853,541.9013070349608,39121800
2024-08-20,545.7794799804688,547.8700045132335,544.4411674580102,546.2190851764095,33732300
2024-08-21,547.6550903320312,549.1106230342316,541.9012882335657,546.8247712917706,41514600
2024-08-22,543.3568115234375,550.155875826028,542.1454973391976,549.5502187339081,56121500
2024-08-23,549.1301879882812,550.0680084955276,544.4020915801096,546.5903394303513,50639400
2024-08-26,547.8211669921875,550.8690092024209,546.1214157161334,550.1559102385648,35788600
2024-08-27,548.573486328125,549.0619234396653,545.4084233851316,546.551349531508,32693900
2024-08-28,545.3887329101562,548.661296528156,542.2041141850556,548.2314695905903,41066000
2024-08-29,545.4376831054688,550.6444392611328,544.2947569915759,547.3523779928099,38715200
2024-08-30,550.6443481445312,551.1523417216108,544.2556134288437,547.8016709409602,62700100
2024-09-03,539.3125610351562,547.8406511283397,536.801987949737,547.5084877669302,60600100
2024-09-04,538.2088012695312,541.6083040829072,536.7532683896355,537.4761456891545,47224900
2024-09-05,536.8998413085938,540.9929467939947,534.447877405527,538.1502689658041,44264300
2024-09-06,527.8636474609375,538.8437022454943,526.9649400293706,537.2221175565589,68493800
2024-09-09,533.7737426757812,535.0437266855093,530.1300214174476,532.054494369654,40445800
2024-09-10,536.0986938476562,536.4504138231891,530.8138314182086,535.6786451567546,36394600
2024-09-11,541.5985107421875,542.5167747623394,527.4729497044474,536.0108196239122,75248600
2024-09-12,546.1605224609375,546.4633510224045,539.9573366553728,542.1748597619055,51819600
2024-09-13,549.0130615234375,550.0094922558702,546.5122660345418,546.7662628583907,39310500
2024-09-16,549.8237915039062,550.0875069413107,546.9517795427174,548.7491943236346,36656100
2024-09-17,550.0484619140625,553.477299266029,547.8211605278194,552.0314851715059,49321000
2024-09-18,548.4171142578125,555.5385046014119,547.8602888957543,550.702966140304,59044900
2024-09-19,557.7755737304688,559.6316584337985,554.9426745171918,557.8049085738365,75315500
2024-09-20,556.8114013671875,557.8500616857909,553.793383536953,556.4096807844697,77503100
2024-09-23,558.2026977539062,558.8494456443765,556.6642942041962,557.8793836152081,44116900
2024-09-24,559.7998657226562,559.8586555458002,556.174333811357,558.9963649353333,46805700
2024-09-25,558.5653076171875,560.378103761662,557.4580492681129,559.6432009533316,38428600
2024-09-26,560.7797241210938,563.1412448815947,558.4280714385313,562.8178709578742,48336000
2024-09-27,559.966552734375,562.6611965458859,558.9377006949258,561.8479471107624,42100900
2024-09-30,562.21044921875,562.8179640810873,556.6447925339722,558.9376557740085,63557400
2024-10-01,557.1738891601562,562.5043864049716,554.6066335561335,561.8576982708267,72668800
2024-10-02,557.4090576171875,558.4281611024765,553.8913563966638,556.282242548741,38097800
2024-10-03,556.3899536132812,558.3300776437013,554.1068390984451,555.9391917508498,40846500
2024-10-04,561.4461669921875,561.8185225581165,556.6643942780399,560.828843806913,42939100
2024-10-07,556.370361328125,560.446655391967,555.2239297880301,559.7999074826037,49964700
2024-10-08,561.63232421875,562.2300906410503,558.0656412646009,558.9376805045769,37398700
2024-10-09,565.5223999023438,566.0809331902332,561.0247685875196,561.6224751598685,37912200
2024-10-10,564.5326538085938,565.9534776371613,562.9256522396411,564.1799148709799,44138100
2024-10-11,567.9132690429688,568.6481717987969,564.3171018304082,564.4542980317323,42268000
2024-10-14,572.5579223632812,573.4888112745962,569.0401610478535,569.520288010914,36217200
2024-10-15,568.1093139648438,573.1262458468478,566.8942243784207,572.8224884018784,54203600
2024-10-16,570.5784912109375,571.0978512020905,567.305757742965,568.1092586044506,30725400
2024-10-17,570.6275634765625,574.3216944108202,570.441385688738,574.1159000748407,34393700
2024-10-18,572.8224487304688,573.6063330690159,570.8528997080355,572.3128969974695,37416800
2024-10-21,571.8817138671875,573.0771269383695,568.9126781204517,572.0972566282711,36439000
2024-10-22,571.5780029296875,572.7342428128154,568.697181591541,569.3536780068462,34183800
2024-10-23,566.355224609375,570.0003732214365,562.8570804647936,569.5594196255329,49314600
2024-10-24,567.5801391601562,568.3836400907534,564.9639018539431,568.3052337104026,34979900
2024-10-25,567.3840942382812,572.6950344865168,566.443456997856,569.8044050522926,47268200
2024-10-28,569.1381225585938,570.9802836348513,568.8343651367928,570.8528957024953,30174700
2024-10-29,570.0592041015625,571.1762108700161,566.7864107519835,568.1778099310847,42899700
2024-10-30,568.3346557617188,571.5780244818477,567.6291179550885,569.5888588084969,41435800
2024-10-31,557.1936645507812,564.0429508717123,556.9976784581396,563.9743527489597,60182500
2024-11-01,559.545166015625,563.9643910438907,559.1336371976272,559.8195584319851,45667500
2024-11-04,558.3399658203125,560.9758196621659,556.4586313456186,559.6823835212687,38217000
2024-11-05,565.0911865234375,565.1303598031815,559.0355955403569,559.2511382887498,39478300
2024-11-06,579.142578125,580.0146771322202,573.6063462638446,577.3396500855225,68182000
2024-11-07,583.6205444335938,584.6396478381987,581.0630972629532,581.1415036340469,47233200
2024-11-08,586.148681640625,587.5695056932594,584.1693242787533,584.1693242787533,46444900
2024-11-11,586.7071533203125,588.0887441353201,584.9825720146739,587.7360051791314,37586800
2024-11-12,584.8846435546875,587.2264882691159,582.4055428293386,586.6287817012992,43006100
2024-11-13,585.1687622070312,587.1676761411395,582.9836705187753,585.3451316888757,47388600
2024-11-14,581.4060668945312,585.7763103260314,580.7202054727688,585.296183408181,38904100
2024-11-15,573.9590454101562,578.3194803370213,572.1070761341368,577.8491019104924,75988800
2024-11-18,576.310791015625,577.6237838402152,573.5573576252949,574.4195885423085,37001700
2024-11-19,578.41748046875,579.142574989824,572.2737337790142,572.9400384688264,49412000
2024-11-20,578.6134643554688,578.8976052377521,572.8616299600318,578.495884693383,50032600
2024-11-21,581.7196044921875,583.1404284379229,575.6248397212988,581.4550801704302,46750300
2024-11-22,583.5225219726562,584.1496532645427,581.2100426161727,581.709726188909,38226400
2024-11-25,585.5020141601562,588.7649396726674,583.2188992835091,587.451946771504,42441400
2024-11-26,588.5592041015625,589.2255088244219,586.0311216188419,586.746407902425,45621300
2024-11-27,586.7758178710938,588.755115442667,585.2570306878304,588.3730114334577,34000200
2024-11-29,590.4208984375,591.2047827973582,587.3147260107087,587.5890586237147,30177400
2024-12-02,591.4791870117188,592.1552999944694,590.3425038316959,590.8324390421951,31746000
2024-12-03,591.75341796875,591.9983855319149,590.2150743018244,591.2439261058101,26906600
2024-12-04,595.4280395507812,595.6730071584342,592.7726289600115,593.4389336760423,42787600
2024-12-05,594.4481811523438,596.2315525489399,594.0954421437544,595.4280516027892,28762200
2024-12-06,595.574951171875,596.8095972909788,594.800875182747,595.212403953603,31241500
2024-12-09,592.508056640625,595.6240374954255,591.9201582931329,595.457476264727,34742700
2024-12-10,590.6658325195312,593.6054435570935,590.0093361336401,593.184106485161,37234500
2024-12-11,595.2320556640625,596.1825011825678,593.3114882757061,593.5858806768452,28677700
2024-12-12,592.1649780273438,594.9379676481675,592.1649780273438,594.3696859896878,31543800
2024-12-13,592.0475463867188,594.9087513561514,590.6757038334936,594.1934650654297,35904700
2024-12-16,594.5755615234375,595.5456834945226,593.0274092921627,593.8014854078001,43695200
2024-12-17,592.1257934570312,592.9880840930309,590.7540109408761,592.0278303510687,55773500
2024-12-18,574.4784545898438,594.2031909866316,574.0962907751041,591.822113059209,108248700
2024-12-19,574.3019409179688,581.0630696987981,574.0569733506421,579.456068103567,85919500
2024-12-20,581.2000122070312,585.722562754752,571.1323175828937,571.9778879961826,125716700
2024-12-23,584.6803588867188,585.2800771480029,577.7686569320756,580.9443313472664,57635800
2024-12-24,591.1790771484375,591.2184422848073,585.4471892507113,586.0272849416975,33160100
2024-12-26,591.218505859375,592.3392722176656,588.0133673077331,589.4094496188982,41219100
2024-12-27,584.9949951171875,587.7183905820746,580.8165297326684,587.4823797773107,64969300
2024-12-30,578.3192749023438,581.7800467977985,574.5734057798932,577.9948725430215,56578800
2024-12-31,576.2152099609375,580.698454354243,574.583117216775,579.9807007946825,57052700
2025-01-02,574.7994995117188,581.180251846637,570.7291685588775,579.4695486945864,50204000
2025-01-03,581.9865112304688,582.6255346471705,576.5594027877501,577.64092396713,37888500
2025-01-06,585.3390502929688,589.6060270134918,583.608664526265,586.2337670283534,47679400
2025-01-07,578.7222900390625,587.6887790314382,576.903452910936,587.3643167301589,60393100
2025-01-08,579.5678100585938,580.6394897953063,575.3500401020275,578.7911287868388,47304700
2025-01-10,570.7193603515625,576.0874809051687,568.8120114375996,576.0186519228087,73105000
2025-01-13,571.6041870117188,571.9581131697737,565.6658125456092,566.0787864044993,47910100
2025-01-14,572.3907470703125,575.1534475548353,568.6153544470202,574.5242054496483,48420600
2025-01-15,582.8025512695312,583.9430001285099,579.2827918470954,580.3937768602567,56900200
2025-01-16,581.6817016601562,584.34604932179,580.9836305712422,584.1690862304802,43319700
2025-01-17,587.521728515625,589.2717368825727,585.5848557638515,586.9121689712896,58070600
2025-01-21,592.899658203125,592.9094994878243,588.5933760531964,590.5597127423754,42532900
2025-01-22,596.2326049804688,597.5893820777127,595.1707663809229,595.7213382459036,48196000
2025-01-23,599.4868774414062,599.4868774414062,595.3280946897063,595.6033506126263,41152100
2025-01-24,597.7368774414062,600.4996383180872,596.5865871884719,599.5459337435196,34604700
2025-01-27,589.2816162109375,589.5962372876534,584.6312490621345,584.7983708814467,70361100
2025-01-28,594.3448486328125,595.1805175844501,587.1971967465958,590.5104687195756,44433300
2025-01-29,591.6804809570312,593.9614384934404,589.1340487911447,593.5583059073574,37177400
2025-01-30,594.8561401367188,596.3898803192325,590.6088457833347,593.7943615542468,39281300
2025-01-31,591.6903076171875,599.6933113603776,590.9332488823969,597.2746959271392,66566900
2025-02-03,587.70849609375,590.1860392450765,580.5510025263411,582.6943020815504,65857200
2025-02-04,591.6510009765625,592.1622076462813,587.2267439810199,587.7674745011321,33457800
2025-02-05,594.0499267578125,594.1974260072697,588.5049031019603,590.5302274178379,30653100
2025-02-06,596.1146240234375,596.242440705887,592.4867305159943,595.7901616750784,35771500
2025-02-07,590.6580200195312,597.8941240756534,589.9501076619601,596.6750050236558,50788500
2025-02-10,594.6693725585938,595.30845601079,592.5949016719809,593.863227291288,26048700
2025-02-11,595.12158203125,595.662312577201,592.2900526181724,592.4080280097315,30056700
2025-02-12,593.2044677734375,594.3744405625547,588.4361250659014,589.1145136580423,45076100
2025-02-13,599.4672241210938,599.6737110792319,593.047165943141,594.3055902381474,40921300
2025-02-14,599.437744140625,600.7060096863363,598.8183432907158,599.6736949390985,26910400
2025-02-18,601.1975708007812,601.1975708007812,598.1399318067746,600.5978525430173,26749000
2025-02-19,602.6134033203125,602.9083418402669,599.3001305958442,599.81139736899,31011100
2025-02-20,600.106201171875,601.3843078099816,596.8027704742943,601.2466498622931,36554000
2025-02-21,589.842041015625,600.0276510429451,589.3799206723878,599.8899930676969,76519800
2025-02-24,587.1580200195312,592.8800672914438,586.4501075695626,591.8870576091449,50737200
2025-02-25,584.2379150390625,587.8265033006376,579.6366946428752,587.098968367302,58266500
2025-02-26,584.5328369140625,589.488043359785,581.8979531727184,585.8994552001853,43321600
2025-02-27,575.2026977539062,587.9544239336753,574.8094663730844,586.8040736253654,74196700
2025-02-28,584.1788940429688,584.70978328648,572.636508577737,575.7039886670112,88744100
2025-03-03,573.9442138671875,587.2858157400013,570.1393571070072,586.1453068357338,74249200
2025-03-04,567.150390625,575.5368441329807,562.6179996474549,569.952455985737,109648200
2025-03-05,573.2460327148438,575.03540599116,563.4340335479696,566.9832562516485,71230500
2025-03-06,563.0703125,570.4047092717689,560.5238803180225,565.7936477589768,80094900
2025-03-07,566.2262573242188,567.6715458955733,556.1094773560538,561.2907933786839,81158800
2025-03-10,551.14453125,559.9536812738498,546.2385307775894,558.0365509948175,99326600
2025-03-11,546.5628662109375,554.5265648872522,542.7285461144836,549.9843324603625,88102100
2025-03-12,549.4633178710938,553.6319422779778,544.3705127696392,552.7077615834074,69588200
2025-03-13,542.1385498046875,549.6991150739693,540.4278468712175,549.089555638085,74079400
2025-03-14,553.3368530273438,554.3397037227768,542.2073825911375,546.7496145526088,62660300
2025-03-17,557.6039428710938,560.1208513978755,552.8846868765244,553.3172833424321,49008700
2025-03-18,551.5770263671875,555.5096990502625,549.6499951496645,555.2933708486255,66041400
2025-03-19,557.5842895507812,561.3399999727566,552.1768634471969,553.3566775077279,66556000
2025-03-20,555.971923828125,560.9664364159598,553.1305525718145,553.8483063542163,62958200
2025-03-21,556.1552734375,557.0526817242638,550.2878724028328,551.5205297947124,83763000
2025-03-24,566.1151733398438,567.1703352751009,562.2890000340255,562.880651498493,58766800
2025-03-25,567.4760131835938,568.4127846067184,565.73055113845,567.3181993393742,38355700
2025-03-26,560.7013549804688,568.3339598573967,559.3207546377017,567.2097618801449,51848300
2025-03-27,559.2122802734375,562.9792883535321,557.101956447335,559.3108687859911,42164200
2025-03-28,547.95068359375,558.4135249923543,547.3689030262066,557.6838014665011,71662700
2025-03-31,551.62890625,552.9305994826874,539.282592409213,542.201546342058,95328200
2025-04-01,553.1869506835938,555.1296497708261,545.998115405224,549.7158288612504,54609600
2025-04-02,556.687744140625,559.547472787333,547.1124411566806,547.3491017135567,76014500
2025-04-03,529.2537841796875,540.3673821784607,529.2537841796875,537.5470765410741,125986000
2025-04-04,498.2696533203125,518.5739803507369,498.05270443606094,516.4044915082214,217965100
2025-04-07,497.3821716308594,515.9114550791749,475.115432610906,482.40291724281104,256611400
2025-04-08,489.591796875,517.6963548854247,482.3733480760591,514.6196468974629,165816600
2025-04-09,541.0084228515625,541.0084228515625,486.20939567811143,486.59399925019795,241867300
2025-04-10,517.3019409179688,526.0981670837639,502.25365007002944,524.7866027854379,162331200
2025-04-11,526.5320434570312,528.9874872153164,512.8544826104954,515.7536950429114,97866300
2025-04-14,531.6402587890625,536.7287027931718,526.4532262576091,536.5018528789103,68034000
2025-04-15,530.151123046875,535.6931457102869,529.3622343758641,532.1825399641931,56892900
2025-04-16,518.3668823242188,530.4272422697393,513.0713913810127,524.3033791384568,83484800
2025-04-17,519.1064453125,523.8004136549424,516.6411308627585,520.3194209498447,79868100
2025-04-21,506.7503356933594,514.4618467446136,501.40552056556845,513.9293002870572,69368100
2025-04-22,519.9348754882812,521.9564215250564,511.9867032226325,512.9235348557764,75948100
2025-04-23,527.991455078125,537.8625838932508,526.4728430251603,532.9319549297188,90590700
2025-04-24,539.105224609375,539.8349482182391,528.0211780146883,529.2735171048926,64150400
2025-04-25,543.0004272460938,543.4047124173812,536.1468396073658,539.0657941930334,61119600
2025-04-28,543.2073974609375,545.8699492792146,537.4583271221219,543.7399439376,47613800
2025-04-29,546.6293334960938,547.7436606136026,540.9393676118534,541.2943585019403,47775100
2025-04-30,546.84619140625,548.7987614609631,534.0068741379372,539.9729233205555,93101500
2025-05-01,550.7216796875,556.2440206119321,550.1201573586014,552.595342895286,63186100
2025-05-02,558.8966064453125,560.4941252501916,554.5773711022435,556.8947424015222,60717300
2025-05-05,555.6917724609375,558.7882219920989,553.9068871278389,554.7648117792631,38659200
2025-05-06,551.0471801757812,555.5340413030556,549.2327420958744,550.1892553966732,48264700
2025-05-07,553.3645629882812,555.9975022415719,548.3254139860352,552.3784371058738,55588000
2025-05-08,557.2203369140625,562.3974982446085,553.9069681077176,557.3978323656503,65130800
2025-05-09,556.51025390625,559.6263849147109,554.9521583078488,558.6205173502777,37603400
2025-05-12,574.9014892578125,574.9113601462691,569.0340285188223,573.402558732667,78993600
2025-05-13,578.6981811523438,580.907093658496,574.7536773375426,575.3157161654024,67947200
2025-05-14,579.437744140625,580.8084133986617,577.4161378946785,579.6546629482465,66283500
2025-05-15,582.2679443359375,582.77081800724,576.9822635531588,577.4359031534708,71268100
2025-05-16,585.9559936523438,586.2518193704545,581.1042713102905,583.0469103495059,76052100
2025-05-19,586.596923828125,587.2773530559552,579.9405744991373,579.9405744991373,68168500
2025-05-20,584.6246948242188,585.8080578995526,581.419785763877,584.8614155899625,60614500
2025-05-21,574.7733154296875,584.3584902721909,573.7477661832594,580.2759146876367,95197700
2025-05-22,575.0001831054688,578.4811762683786,573.3434386116112,574.5760959985981,70860400
2025-05-23,571.0753173828125,573.7378691727489,567.6140060747297,567.988738706783,76029000
2025-05-27,582.9484252929688,583.1061789745086,570.404870923911,577.9388882200049,72588500
2025-05-28,579.5757446289062,584.545857588394,578.8460211072919,583.3526236048898,68445500
2025-05-29,581.8635864257812,584.9699071457442,577.9388245287198,584.8318350718904,69973300
2025-05-30,581.2127685546875,582.9286180198035,575.1480700909575,580.7591289651484,90601200
2025-06-02,584.4866333007812,584.5654800276525,576.9427470010985,579.6052986473595,61630500
2025-06-03,587.8197631835938,588.7960181097066,583.6385391723649,584.121791379625,63606200
2025-06-04,587.6619262695312,589.6539195966438,587.2280285207049,588.6776647088699,57314200
2025-06-05,584.8219604492188,590.6894216670538,582.8497086239531,589.3384339818148,92278700
2025-06-06,590.8274536132812,592.4940086999786,588.5790577947733,590.3540722792903,66588700
2025-06-09,591.3599243164062,592.9081490758875,590.1864321834666,591.3993476813894,53016400
2025-06-10,594.7127685546875,595.0973118762876,590.7781362147839,591.8924030034493,66247000
2025-06-11,593.0166625976562,596.6653405011278,590.9556931519085,595.8074157747775,73658200
2025-06-12,595.3734741210938,595.3734741210938,591.2021810906274,591.6853731206485,64129000
2025-06-13,588.7171020507812,593.4997881009825,587.2181715759101,590.1962907494013,89506000
2025-06-16,594.318359375,596.0638215052488,591.8924679557008,592.0700235861916,79984100
2025-06-17,589.2398681640625,593.401290785268,588.480531921813,591.8826784891205,82209400
2025-06-18,589.1510620117188,592.8785866278505,588.1944885876793,590.1371879149127,76605000
2025-06-20,587.7673950195312,592.8906208578056,586.3629131433069,591.8224395288368,94051400
2025-06-23,593.572998046875,593.9586781700418,585.403509483969,588.5189525073708,87426000
2025-06-24,600.1304321289062,601.1886530620405,596.7973078378046,597.7072691809916,67735300
2025-06-25,600.4666748046875,601.940336500435,598.903972841808,601.247995602986,62114800
2025-06-26,605.1646118164062,605.5997923429508,601.7029677445283,602.3161684365299,78548400
2025-06-27,608.1712646484375,609.6350865938839,604.1360202356653,606.1635425121184,86258400
2025-06-30,611.0791015625,612.4340832221852,608.2998981128763,610.6142811588834,92502500
2025-07-01,610.8812866210938,612.0483479268365,608.7746241554748,609.6053849111585,70030100
2025-07-02,613.6505737304688,613.6901136433279,609.8526292762224,610.4757300098587,66510400
2025-07-03,618.4869995117188,619.4167005776212,615.6088560521965,615.628656191773,51065800
2025-07-07,613.8780517578125,617.1913758193931,611.0988485499288,616.5286747873084,74814500
2025-07-08,613.5418090820312,615.2923708557059,612.7307881009865,614.5406899285775,59024600
2025-07-09,617.2210083007812,617.8737488887257,614.1055045789822,615.945166968477,66113300
2025-07-10,618.9617919921875,620.000273214104,616.1825885407072,617.3595500232223,57529000
2025-07-11,616.7857666015625,618.0121678287132,614.7187046395575,615.9154056597896,63670200
2025-07-14,617.9627685546875,618.3089087938923,614.9857451789246,616.3308265898004,51898500
2025-07-15,615.3220825195312,620.9793689858044,615.242942324076,620.6431287961128,74317300
2025-07-16,617.3792724609375,617.883693134462,611.2769051241828,616.9045519994012,88987500
2025-07-17,621.1573486328125,621.5134493059918,617.3396644874989,617.557284919235,68885700
2025-07-18,620.7025146484375,622.5717567026577,619.5947932954602,622.4036365954075,65621600
2025-07-21,621.87939453125,624.6189973413707,621.4541141003111,621.87939453125,63375000
2025-07-22,621.9684448242188,622.828905853138,619.3277216791315,622.2058050575365,60046300
2025-07-23,627.2597045898438,627.2597045898438,622.8287599296668,624.6288217656338,70511000
2025-07-24,627.4674682617188,629.1785504969665,627.0421878119985,627.6454884244192,71307100
2025-07-25,630.1181030273438,630.5928838363332,627.8829206987424,628.1301809903662,56865400
2025-07-28,629.9598388671875,631.0477599275997,628.5751571845921,630.4938993278172,54917100
2025-07-29,628.2982788085938,631.6708825055948,627.3883778702398,631.3543820995848,60556300
2025-07-30,627.5070190429688,630.6917023127537,624.6189756546709,628.9509803708415,80418900
2025-07-31,625.1531372070312,632.8379457731452,623.8574957354674,632.4522656090571,103385200
2025-08-01,614.9066162109375,619.476041722763,612.5032535330552,619.4364414435403,140103600
2025-08-04,624.2530517578125,624.3024917393647,618.7243458354196,618.813325728958,73218000
2025-08-05,621.0880737304688,625.6772386500149,620.168272806011,624.8662177521945,68051400
2025-08-06,625.8455200195312,626.4982606508958,621.2464542892866,622.1563552914652,64357500
2025-08-07,625.3212280273438,629.9993730574174,622.2156245224251,629.2674923107387,74205800
2025-08-08,630.1972045898438,630.6620853000642,626.7949007710238,627.1114011688534,64051600
2025-08-11,628.9509887695312,631.9478122276477,627.7047873460086,630.474150672182,58742300
2025-08-12,635.6467895507812,635.8050095563038,629.8114232578196,631.2949848204768,64730800
2025-08-13,637.82275390625,639.10849531226,635.6369512596368,637.8424936799373,60092800
2025-08-14,637.882080078125,638.5447207235369,635.300697252298,635.7457174616427,59327500
2025-08-15,636.3886108398438,639.0095939138803,635.4787099260534,638.9106535836406,68592500
2025-08-18,636.2501831054688,636.9425240091701,635.1424618060598,635.8150025688236,43804900
2025-08-19,632.7984008789062,637.0512656505922,631.4829592777961,636.0721245937336,69750700
2025-08-20,631.1170043945312,632.6500060324975,626.013578858981,632.3929060531275,88890300
2025-08-21,628.5850830078125,630.9785456585483,626.864161086776,629.3071240874224,54805800
2025-08-22,638.2381591796875,639.4151205943501,630.2664897119097,630.7709103705197,84083200
2025-08-25,635.4292602539062,638.218363635622,635.3105801411765,636.9820621561176,51274300
2025-08-26,638.0897216796875,638.4359222802034,634.5390979794016,635.1621986940528,51581600
2025-08-27,639.5436401367188,640.2755208793137,637.3578376120881,637.5062179210042,48341100
2025-08-28,641.8085327148438,642.3623933153343,638.267809046051,640.146950913372,61519500
2025-08-29,637.98095703125,640.7404203673219,636.0919150690585,640.374419619015,74522200
2025-09-02,633.2533569335938,633.4709169972102,627.9619508913343,630.5136938017484,81983500
2025-09-03,636.685302734375,637.1501834379544,633.4412793439511,635.6270215222661,70820900
2025-09-04,642.0064086914062,642.0361089027498,636.4579021356687,637.3579030521721,65219200
2025-09-05,640.14697265625,645.0625384730564,636.2798483910566,644.3404973975818,85178900
2025-09-08,641.7195434570312,642.718484610511,640.1370415028089,641.5118230975241,63133100
2025-09-09,643.2031860351562,643.7273464852004,640.1272219983028,641.8580441132016,66133900
2025-09-10,645.0625,647.3768223058731,643.4997982019892,646.4570213518696,78034500
2025-09-11,650.423095703125,651.115436538164,646.4273914384058,647.0108918753651,69934400
2025-09-12,650.20556640625,651.8869485652141,649.701206088218,650.3934866540098,72780100
2025-09-15,653.6671142578125,653.7956944276398,652.114372883025,652.4110731340584,63772400
2025-09-16,652.7671508789062,654.5276730798186,651.9858301119879,654.2210123755038,61169000
2025-09-17,651.9561157226562,654.4682584259048,647.1295902463727,652.7770367516476,101952200
2025-09-18,655.0023193359375,657.6035020628194,653.0341373534065,654.6363789857319,90459200
2025-09-19,658.2465209960938,659.0895125014193,654.9438659954435,656.8877828567474,97945600
2025-09-22,661.3607177734375,661.8069717744121,656.7290467709187,656.7588293222589,69452200
2025-09-23,657.7605590820312,661.856628548307,656.5406245808955,661.2416672722171,81708900
2025-09-24,655.6678466796875,659.1490153831234,654.2496039734066,659.0498612769777,68082200
2025-09-25,652.6429443359375,653.9917550046746,649.0328388399253,652.5338627083877,89622100
2025-09-26,656.3818969726562,656.9273655696547,652.4742691464395,654.0908804383538,69179200
2025-09-29,658.2266845703125,659.8135740530697,656.4216318338509,658.9010899003678,73499000
2025-09-30,660.7060546875,661.1722242194463,656.173598681204,657.4827596300943,86288000
2025-10-01,662.9574584960938,663.8698820443607,657.6117327913598,657.7208144097488,72545400
2025-10-02,663.7210693359375,665.0600128657511,661.3011766397112,664.9410037342527,56896000
2025-10-03,663.7113037109375,667.1527626006609,662.6698828508305,664.4848631838105,70494400
2025-10-06,666.0914916992188,666.9841207809839,663.9591941673339,666.1014192164715,54623300
2025-10-07,663.6220092773438,667.4602056461605,662.1839114453724,667.0138910729768,72020100
2025-10-08,667.5791625976562,667.6783772359653,663.919480237528,664.7426772273783,60702200
2025-10-09,665.6452026367188,668.4023890582872,663.7112737749407,667.9957845708525,66501900
2025-10-10,647.6542358398438,668.4122493878771,647.4757221413303,666.6071968358344,159422600
2025-10-13,657.5919189453125,659.664772492732,654.3488290056752,655.2216030747315,79560500
2025-10-14,656.78857421875,660.3590300864076,647.8030207789583,651.7701536094826,88779600
2025-10-15,659.7044067382812,664.7228272522149,653.5156893256119,661.3408732132422,81702600
2025-10-16,655.211669921875,663.215367636124,651.7106461582608,661.3408828539109,110563300
2025-10-17,658.9308471679688,660.2895852935891,652.7322022395391,654.0810128478913,96500900
2025-10-20,665.7840576171875,666.6866142382812,661.7872027532737,661.8367798071084,60493400
2025-10-21,665.7741088867188,667.4601523988813,664.4748753427003,665.9229005771253,56249000
2025-10-22,662.312744140625,666.4782452803545,657.8497201766941,666.4782452803545,80564000
2025-10-23,666.2402954101562,667.1825015615415,662.3128121266341,662.6301900162397,65604500
2025-10-24,671.6851806640625,672.8951271271609,670.0983517375236,670.9016937183009,74356500
2025-10-27,679.6094970703125,679.9070199177999,676.5151383891614,677.1201116013259,63339800
2025-10-28,681.41455078125,683.2493254549719,679.2028936555786,681.4046232640447,61738100
2025-10-29,681.7418212890625,684.0328379014793,677.2589421639235,683.0608492697363,85657100
2025-10-30,674.2440185546875,680.3037996369978,674.2440185546875,678.2805836148408,76335800
2025-10-31,676.4556884765625,679.4508932951077,673.6588524169174,679.4111832231399,87164100
2025-11-03,677.7251586914062,680.1649066224819,674.3530715971103,680.0359699637585,57315000
2025-11-04,669.691650390625,674.3728983771498,669.0371001406891,670.5544968959969,78427000
2025-11-05,672.012451171875,675.2654684624238,668.6304366940664,669.4337786331213,74402400
2025-11-06,664.80224609375,671.8141611273297,663.2252840482561,670.9116044462689,85035300
2025-11-07,665.4567260742188,665.5658682287408,655.7769731606511,662.4218719882706,100592400
2025-11-10,675.8406982421875,676.5746080726943,669.4833950163819,671.6751969912248,75842900
2025-11-11,677.387939453125,677.9532631527235,673.1530057317516,674.3630127379913,58953400
2025-11-12,677.7647705078125,679.3318048264125,675.3547447293747,679.1631581075335,62312500
2025-11-13,666.5180053710938,675.265541055433,665.0105359672095,674.9085136071693,103457800
2025-11-14,666.4088134765625,670.1081450818862,657.8199984349773,659.9126462553079,96846700
2025-11-17,660.2003173828125,668.1742931923078,656.7290761218832,664.1972328051172,90456100
2025-11-18,654.65625,659.6548153709225,650.4708935566339,656.6596108350068,114467500
2025-11-19,657.185302734375,661.856623370592,653.3371790986623,655.3505280387882,94703000
2025-11-20,647.1683349609375,670.0090710879778,646.5335791707308,667.3808213360044,165293500
2025-11-21,653.6148681640625,659.0894699034471,645.5020288545189,649.6675301260088,123956200
2025-11-24,663.2351684570312,664.5542570793402,656.1538823239337,657.2448196444445,80437900
2025-11-25,669.4735107421875,670.6537351639657,659.0200771396823,663.1360016067486,81077100
2025-11-26,674.09521484375,676.0986363282427,671.1595147067713,672.0620713400136,71879600
2025-11-28,677.7747192382812,678.0523870500939,674.9084513312986,675.2654787466182,49212000
2025-12-01,674.6803588867188,677.3779800628074,673.1629015749381,673.2323336611282,61201200
2025-12-02,675.9299926757812,678.2011542749951,673.748057660358,676.316742094939,62953800
2025-12-03,678.2706298828125,679.2822075879724,674.105128319461,674.9779023816353,57238500
2025-12-04,678.7665405273438,679.7384687237238,675.7416137771377,679.6690366334618,61970300
2025-12-05,680.0557861328125,682.7336127271673,678.9549213715281,679.8375623637357,79241000
2025-12-08,678.0127563476562,680.9980334759979,675.9696853695019,680.9484564225444,55231500
2025-12-09,677.4276123046875,679.7583392727543,676.9813582671167,677.5367544682442,58310100
2025-12-10,681.9203491210938,683.3088092137841,675.7117769038598,676.951505843926,85671300
2025-12-11,683.5072021484375,683.5865617528303,676.5647198382891,679.51034738166,86173700
2025-12-12,676.1581420898438,683.2196338188487,673.5893968987631,682.5154459360199,113160300
2025-12-15,675.1365966796875,680.1252955149479,673.6687768311533,680.1054404790556,90811000
2025-12-16,673.2918701171875,675.4837328267965,669.4338188610296,673.6488975485244,122030600
2025-12-17,665.8832397460938,674.8489377460819,665.6848710067972,674.3034691132465,110625200
2025-12-18,670.9114990234375,675.1464323222394,669.3544527925658,672.0322187932205,108650100
2025-12-19,676.9923095703125,677.4896664833268,672.8940327515619,673.0134542661981,103599500
2025-12-22,681.2098388671875,681.7370055876305,676.9922622536055,680.3245290528953,69556700
2025-12-23,684.3233032226562,684.562024812114,680.2548972126992,680.3046207584179,64840000
2025-12-24,686.7305297851562,687.1781631452748,684.164151137988,684.313382495532,39445600
2025-12-26,686.660888671875,688.0037280321676,685.6264081645946,686.989161229118,41613300
2025-12-29,684.2138671875,685.5567672531378,682.4433081832867,683.9055083361335,62559500
2025-12-30,683.3782958984375,684.9200900521846,682.9505762759469,683.8159723723246,47160700
2025-12-31,678.3152465820312,683.726492314561,678.1063955310838,683.5076844111845,74144800
2026-01-02,679.55859375,683.2390468658663,676.2263268834449,682.0852055985325,89377200
2026-01-05,684.0845947265625,685.7855773037328,682.7517121374489,682.910839643419,71927200
2026-01-06,688.1529541015625,688.6602678554459,684.1442890432024,684.2934596862484,69273800
2026-01-07,685.9347534179688,690.2916046822218,685.6761181181482,688.5309418430683,75588300
2026-01-08,685.8651123046875,686.9692300361542,683.8557710289468,685.1787573638412,64019200
2026-01-09,690.4010009765625,691.6344363504869,685.5368360184962,686.9791831428475,80125500
2026-01-12,691.4852294921875,692.410366767912,686.979207477028,687.0289310253164,63976000
2026-01-13,690.1026000976562,692.4103433578374,687.6953490317495,691.813478661017,78309700
2026-01-14,686.7105712890625,688.0633674208381,682.4134005947378,687.347202661372,94676700
2026-01-15,688.5806884765625,691.7737417111902,687.5959315038539,690.8983886882239,77862000
2026-01-16,688.0037231445312,690.5800586110835,686.4519720383781,689.9931507530615,79289200
2026-01-20,673.9981689453125,681.1501633341576,672.9934983300664,677.8874730475171,111623300
2026-01-21,681.77685546875,685.0991655259935,674.5452667925615,676.0572511802958,127844500
2026-01-22,685.3379516601562,687.476610793547,683.2888434897402,686.2033478813381,77112200
2026-01-23,685.5865478515625,687.3074439470811,683.5274830754288,684.5123006998919,63059600
2026-01-26,689.068115234375,690.4607389282814,686.2729717064406,686.8399658941375,60473800
2026-01-27,691.8134765625,692.8480177488461,689.9036431059924,690.5104039402848,55506100
2026-01-28,691.7438354492188,694.1510864943795,690.271678492269,693.3652237572153,61172200
2026-01-29,690.3711547851562,693.375209936545,681.2098793986574,692.7087686795362,97486200
2026-01-30,688.3121337890625,690.540343876794,683.4877957603626,688.1330925763239,101835100
2026-02-02,691.73388671875,693.2458711004026,685.7755608588325,685.9347490634862,79286500
2026-02-03,685.885009765625,693.2757257351432,680.4140840721383,692.529690413304,107904600
2026-02-04,682.5626831054688,687.7948875474046,678.1561081391175,686.7006659106327,105204600
2026-02-05,674.0379638671875,680.0758839506523,672.2176206040476,677.3404209861714,113610800
2026-02-06,686.96923828125,688.6503070282812,677.2508650473027,677.8576866055596,89127600
2026-02-09,690.2816162109375,692.1914496038428,684.7012866666231,685.7755337993461,73885200
2026-02-10,688.4613037109375,692.8579216647231,688.0037135108784,691.276360737094,65185700
2026-02-11,688.3021850585938,693.4547952732178,685.5368515439336,692.7087599208829,76353900
2026-02-12,677.668701171875,691.6742279947084,676.7734344520502,690.5701102294341,118829000
2026-02-13,678.1461181640625,682.6522007204912,673.9384983110481,678.0864377658819,96267500
2026-02-17,679.2402954101562,681.31927396984,672.2077222570326,676.5446598627462,81354700
2026-02-18,682.662109375,685.507036973797,679.2204384959671,680.4041503420104,73570300
2026-02-19,680.8616943359375,682.5527199680946,677.9471901363287,680.2251236342836,58649400
2026-02-20,685.7855834960938,686.4122580979458,678.126274472082,678.7131823752115,100034000
2026-02-23,678.7827758789062,686.3525334522094,676.7734345413753,684.1940214696967,90558100
2026-02-24,683.7164916992188,684.7112054782021,676.4053697086953,678.295350173768,73798700
2026-02-25,689.4859008789062,690.0130676270821,686.4519751919497,686.53156929616,56369500
2026-02-26,685.6561889648438,689.6350440416309,680.7323436648176,689.615191050754,71671000
2026-02-27,682.3637084960938,683.2291046432514,678.0367277603054,679.4790749097389,83308900
2026-03-02,682.7516479492188,684.9797970984218,674.4358553343317,675.1122534180175,87477200
2026-03-03,676.7337036132812,679.0016196644848,666.1200629162043,671.4915420947397,105003100
2026-03-04,681.50830078125,683.4579617719511,676.027417786932,678.026802327329,79182200
2026-03-05,677.7084350585938,681.9061587313661,672.0385544367263,678.4743840881955,106606500
2026-03-06,668.8256225585938,672.5358853430707,666.2194774432897,669.8501461298736,100687000
2026-03-09,674.6845092773438,676.3257505242918,658.888450195908,662.8673051642795,102667700
2026-03-10,673.6002807617188,679.7476047325034,671.1930903760745,674.1374043547928,81505300
2026-03-11,672.7548217773438,676.4849986405864,669.7806371390539,673.9982140650914,68441700
2026-03-12,662.5390625,668.0995392824933,662.3500644519811,667.6120785283837,108882200
2026-03-13,658.7890014648438,668.7859240392634,657.863924887251,665.7321452917186,97200200
2026-03-16,665.493408203125,668.5173163233716,663.5934708305671,664.8468199428278,82023100
2026-03-17,667.2440185546875,670.8747480492216,666.1598145596139,668.8355969918504,87128000
2026-03-18,657.9335327148438,666.1796881508768,657.6948111200146,664.8268919718373,82062600
2026-03-19,656.3121337890625,659.4753162945015,651.7066041735543,653.497076818377,111272500
2026-03-20,646.9034423828125,655.0025723674255,643.063298812559,654.8230422006715,163617500
2026-03-23,653.6959228515625,660.9173090129275,652.2596206790361,656.3790129905765,134802700
2026-03-24,651.5015869140625,655.3417305137531,648.2100787416998,649.6463809650626,96457500
2026-03-25,655.1322021484375,659.1917509309695,652.5588148295345,656.9774239230809,90653800
2026-03-26,643.432373046875,653.1672421520028,643.1630473705688,650.3844333840033,96494400
2026-03-27,632.4606323242188,641.0085567819559,631.4831091918358,640.8489947137006,103649400
2026-03-30,630.3460693359375,638.7245091624994,627.6630399662237,638.4651675144013,99275900
2026-03-31,648.6688842773438,649.865752001465,636.3405988140365,637.2981538716512,152534100
2026-04-01,653.5562744140625,656.8278752918841,651.3220400966815,652.219751792706,97841500
2026-04-02,654.144775390625,656.5086804928782,643.4522901873171,644.7589215344626,68358700
2026-04-06,657.23681640625,658.0247645183308,653.8356054757206,654.1746977251443,39105800
2026-04-07,657.5260009765625,657.9150134208243,649.386996170508,654.9626585699763,69980400
2026-04-08,674.27294921875,675.3402070755335,669.734652974974,674.6519776493207,93606100
2026-04-09,678.162841796875,679.4096297331154,672.0386657215836,673.1059235004034,57134400
2026-04-10,677.7140502929688,680.2774536083281,676.7066358948267,679.5692561407437,42253500
2026-04-13,684.3369750976562,684.536473353906,674.8414790590384,675.669302461078,54185800
2026-04-14,692.675537109375,692.7952238870419,685.8929616905456,685.9229138241225,63480500
2026-04-15,698.1414184570312,698.480571570673,692.4161778504387,693.4734516118131,58240400
2026-04-16,699.8569946289062,700.9741726960574,696.7350934539525,699.2585607342904,49972400
2026-04-17,708.3152465820312,710.5594650064761,703.9464965121796,704.3255249385737,70661900
2026-04-20,706.8988037109375,708.0857482546458,704.3254772575062,706.9587079747221,43546800
2026-04-21,702.2708129882812,709.4523240430285,700.8345107773317,708.4548936431559,58941400
2026-04-22,709.3825073242188,709.6218808832724,706.4001392457644,707.3278031045794,42518500
2026-04-23,706.6295776367188,710.5295037064266,700.4754491270062,707.6768673789517,56174000
2026-04-24,712.10546875,712.6340752101273,707.1881441382454,708.9236633096505,45182000
2026-04-27,713.332275390625,713.7911152864904,710.4696550399041,711.3374146094498,33135900
2026-04-28,709.8612060546875,711.0481506026886,707.4274735730012,709.9908768700561,43117400
2026-04-29,709.7515258789062,710.3699278433978,706.5497524472755,709.1729992133655,41859200
2026-04-30,716.8132934570312,717.9403946619685,708.6244289610544,712.7936806635566,67240900
2026-05-01,718.7982177734375,723.0073446973263,718.6186267345964,719.3966516418469,43049800
2026-05-04,716.1649780273438,720.2644021704073,713.152718877996,718.2196821209096,51950600
2026-05-05,721.9102172851562,723.1769124909786,719.6360467603954,719.9153564929043,36933200
2026-05-06,731.9443359375,732.7023927493656,725.9497697512824,726.288861980811,53288900
2026-05-07,729.7001342773438,734.238430329629,727.8748196364371,733.161188473549,51724600
2026-05-08,735.724609375,736.1834492768152,732.6824588199246,733.0415191543954,47227100
2026-05-11,737.4002685546875,738.8864300819614,734.5576163199453,734.5576163199453,44024000
2026-05-12,736.2831420898438,736.9414802248905,729.9494836014034,734.9964788307154,54185300
2026-05-13,740.4025268554688,741.9983910774667,733.5800764180441,736.5723674930287,44200200
2026-05-14,746.2474975585938,747.6040491923611,741.649357949993,741.7391534739264,45307600
2026-05-15,737.2706298828125,741.5496453663399,736.0637780312098,739.8838927249178,60410800
2026-05-18,736.751953125,739.5147938000424,731.5054597381557,737.9289136337939,47843900
2026-05-19,731.8446044921875,735.7545755811656,729.650306265128,732.8919551385734,54255900
2026-05-20,739.3452758789062,739.9636778498481,732.0042028263388,733.8195334397973,45768000
2026-05-21,740.8114624023438,742.9559620700644,735.1361419849363,736.7419902854853,43332200
2026-05-22,743.7239990234375,747.015507083493,742.566945697205,744.3224328967863,41762000
2026-05-26,748.6613159179688,750.1973368284331,746.4469887578754,748.0827892360243,41123600
2026-05-27,748.5316162109375,749.4492351039673,746.2973210478585,748.9505199197505,42106300
2026-05-28,752.6609497070312,753.2095851254732,747.3047533704411,748.3221518516883,41562600
2026-05-29,754.5361328125,756.1320579864754,752.7507543048832,753.9576670103595,55075700
2026-06-01,756.5908203125,758.3264003155792,752.7507376917755,753.4189990020213,43634900
2026-06-02,757.6182250976562,758.4461093852723,754.805464031348,755.0847737682097,31581900
2026-06-03,752.3018798828125,756.8501599793441,751.6336185743088,756.2018667594974,51402500
2026-06-04,755.1445922851562,756.3614281257201,749.5389775481502,750.1673635570705,49923000
2026-06-05,735.65478515625,750.8855669656407,733.6400171295905,750.3768677170906,93989400
2026-06-08,737.3204345703125,743.4247643242134,736.2931129658897,741.4498108327123,49319100
2026-06-09,735.1560668945312,744.9807928982774,720.7332622187009,741.7191759970133,87683500
2026-06-10,723.56591796875,736.4826536495077,723.4661992814284,731.5054857614351,60341300
2026-06-11,735.8642578125,738.0984921563339,722.5485255148498,726.8873842592473,86330500
2026-06-12,739.843994140625,742.5270843334097,733.1412911200548,738.8066884479139,57079500
2026-06-15,752.890380859375,754.7356026867302,749.8282623277308,749.9179969688896,60176400
2026-06-16,748.4019775390625,753.4988323298886,747.9531216783239,752.6111046530555,67093100
2026-06-17,739.0560302734375,750.217278570044,737.3204502885575,749.3594421826946,85945200
2026-06-18,746.739990234375,748.22998046875,743.8599853515625,747.760009765625,80875700
2026-06-22,744.3900146484375,750.1799926757812,743.1300048828125,747.7000122070312,46628100
2026-06-23,733.5800170898438,739.6300048828125,732.2999877929688,733.8099975585938,66846800
2026-06-24,733.239990234375,739.9500122070312,730.8400268554688,735.1699829101562,57439500
2026-06-25,734.2999877929688,739.3699951171875,729.5999755859375,738.9099731445312,53934400
2026-06-26,728.989990234375,736.530029296875,716.5800170898438,728.9500122070312,71034000
2026-06-29,741.0,741.5599975585938,732.0900268554688,736.530029296875,58035200
2026-06-30,746.77001953125,748.02001953125,740.8900146484375,741.2899780273438,55626000
2026-07-01,745.760009765625,749.4400024414062,742.3800048828125,745.0,47100900
2026-07-02,744.780029296875,751.3099975585938,740.030029296875,747.4000244140625,57447800
2026-07-06,751.280029296875,752.4099731445312,747.4099731445312,748.739990234375,50673300
2026-07-07,747.7100219726562,750.9600219726562,745.2100219726562,750.219970703125,43721500
2026-07-08,745.4000244140625,746.1500244140625,739.510009765625,743.1599731445312,43767400
2026-07-09,751.7100219726562,751.969970703125,745.5900268554688,747.3499755859375,41441700
2026-07-10,754.9500122070312,755.4199829101562,748.0999755859375,752.0499877929688,42191300
2026-07-13,749.1699829101562,753.9099731445312,748.0,752.469970703125,44013600
2026-07-14,751.8300170898438,753.3400268554688,748.6599731445312,750.9099731445312,35143100
2026-07-15,754.8099975585938,755.5800170898438,750.2000122070312,754.239990234375,43844800
2026-07-16,750.719970703125,754.5700073242188,747.8800048828125,752.760009765625,46409800
2026-07-17,743.2899780273438,747.2899780273438,740.7999877929688,742.0800170898438,62651000
2026-07-20,742.0900268554688,748.72998046875,741.510009765625,747.0599975585938,50422300
2026-07-21,748.280029296875,749.0399780273438,744.1799926757812,746.2899780273438,34324300
2026-07-22,747.4099731445312,750.02001953125,746.3699951171875,746.6199951171875,32836200
2026-07-23,738.1799926757812,742.5599975585938,735.2100219726562,739.3699951171875,55437300
2026-07-24,738.9299926757812,743.719970703125,737.2899780273438,738.510009765625,44782000
2026-07-27,739.0900268554688,745.530029296875,735.8699951171875,744.9099731445312,41461200
2026-07-28,740.8599853515625,742.7899780273438,735.97998046875,739.1900024414062,47322200
2026-07-29,729.4600219726562,742.6799926757812,729.0999755859375,739.969970703125,70697200
2026-07-30,741.6900024414062,742.4500122070312,734.5900268554688,736.0499877929688,66811300
2026-07-31,747.030029296875,748.9000244140625,737.6799926757812,744.6799926757812,62445900
2026-08-03,757.6699829101562,758.5800170898438,748.7999877929688,749.4400024414062,59927500
2026-08-04,771.3300170898438,773.4099731445312,760.52001953125,760.6300048828125,69154800
2026-08-05,769.7899780273438,776.8499755859375,769.510009765625,775.8499755859375,44689100
2026-08-06,768.5599975585938,771.8200073242188,767.4600219726562,770.2100219726562,38286800
