ticker,fetched_at,price,sector,industry,name,pe,pb,eps,roe,margin,debt_eq,market_cap,peg,mom_12_2,error,sector_median_pe,roe_pct,margin_pct,debt_pct,quality_multiplier,fair_pe,fair_value,valuation_gap,sector_momentum,explication,passes_filter
CAI,2026-08-07,20.0,Healthcare,Biotechnology,"Caris Life Sciences, Inc.",2.0876827,9.52381,9.58,0.20129,0.10624,75.478,5651904000.0,,-0.5918207781863305,,25.224413,0.5869565217391305,0.6086956521739131,0.5652173913043478,1.0543478260869565,26.595305010869563,254.7830220041304,11.73915110020652,0.08108714607959686,P/E de 2.1 nettement sous la mediane du secteur (25.2),False
ARR,2026-08-07,16.549999237060547,Real Estate,REIT - Mortgage,"ARMOUR Residential REIT, Inc.",3.7528343,0.8751057,4.41,0.20331,0.8782,756.724,2342702592.0,2.97,0.2572719557173544,,26.7375525,0.8947368421052632,0.9736842105263158,0.9736842105263158,1.1973684210526316,32.01470101973684,141.18483149703948,7.530805921784163,0.1144081378085697,P/E de 3.8 nettement sous la mediane du secteur (26.7) ; ROE (20%) dans le haut du secteur ; marge superieure a la mediane du secteur,False
DX,2026-08-07,12.8100004196167,Real Estate,REIT - Mortgage,"Dynex Capital, Inc.",4.1057696,0.99156284,3.12,0.18231001,0.86838996,713.492,3169572608.0,0.71,0.1601091324573744,,26.7375525,0.8421052631578947,0.9473684210526315,0.9210526315789473,1.1776315789473686,31.486986167763163,98.23939684342108,6.668961251006781,0.1144081378085697,P/E de 4.1 nettement sous la mediane du secteur (26.7) ; ROE (18%) dans le haut du secteur ; marge superieure a la mediane du secteur,False
BYD,2026-08-07,84.12000274658203,Consumer Cyclical,Resorts & Casinos,Boyd Gaming Corporation,3.7403293,2.459649,22.49,0.93084997,0.44341,130.47,6111773696.0,3.03,-0.0003737956432589,,19.929634,0.9393939393939394,1.0,0.5454545454545454,1.3333333333333335,26.572845333333337,597.6232915466667,6.10441360002154,0.01304814243517265,P/E de 3.7 nettement sous la mediane du secteur (19.9) ; ROE (93%) dans le haut du secteur ; marge superieure a la mediane du secteur,False
DAC,2026-08-07,143.14999389648438,Industrials,Marine Shipping,Danaos Corporation,4.8443317,0.64233726,29.55,0.14140001,0.51258,29.844,2605840640.0,0.12,0.5745086670491322,,29.493465,0.3333333333333333,0.989247311827957,0.1935483870967742,1.1155913978494625,32.902655846774195,972.2734802721775,5.7919910703960955,0.1706663816928519,P/E de 4.8 nettement sous la mediane du secteur (29.5) ; marge superieure a la mediane du secteur ; dette plus faible que la mediane du secteur,False
CSQ,2026-08-07,20.739999771118164,Financial Services,Asset Management,Calamos Strategic Total Return ,3.128205,0.9547924,6.63,0.34714,13.47787,40.538,3326066176.0,,0.1563167898617992,,13.562913,0.9577464788732394,0.9929577464788732,0.22535211267605634,1.420774647887324,19.26984294190141,127.75905870480634,5.160031828096709,0.18265308238435407,P/E de 3.1 nettement sous la mediane du secteur (13.6) ; ROE (35%) dans le haut du secteur ; marge superieure a la mediane du secteur,False
AGNC,2026-08-07,10.609999656677246,Real Estate,REIT - Mortgage,AGNC Investment Corp.,5.305,1.1681162,2.0,0.19799,0.94377,717.093,12577957888.0,3.48,0.2368432525451518,,26.7375525,0.868421052631579,1.0,0.9473684210526315,1.1973684210526314,32.01470101973684,64.02940203947368,5.034816598620503,0.1144081378085697,P/E de 5.3 nettement sous la mediane du secteur (26.7) ; ROE (20%) dans le haut du secteur ; marge superieure a la mediane du secteur,False
CMRE,2026-08-07,14.90999984741211,Industrials,Marine Shipping,Costamare Inc.,5.626415,0.81116366,2.65,0.15974,0.39516,65.647,1800208896.0,2.4,0.3824950456574674,,29.493465,0.44086021505376344,0.967741935483871,0.44086021505376344,1.1021505376344087,32.506238306451614,86.14153151209678,4.7774334268050405,0.1706663816928519,P/E de 5.6 nettement sous la mediane du secteur (29.5) ; marge superieure a la mediane du secteur ; momentum (+38%) superieur au secteur (+17%),False
BLBD,2026-08-07,66.01000213623047,Industrials,Farm & Heavy Construction Machinery,Blue Bird Corporation,7.811835,8.239921,8.45,0.64286005,0.17479,17.675,2090935424.0,,0.2740195267554075,,29.493465,0.967741935483871,0.8387096774193549,0.0967741935483871,1.4193548387096775,41.86169225806452,353.73129958064516,4.358753039435141,0.1706663816928519,P/E de 7.8 nettement sous la mediane du secteur (29.5) ; ROE (64%) dans le haut du secteur ; marge superieure a la mediane du secteur,False
FIS,2026-08-07,42.810001373291016,Technology,Information Technology Services,Fidelity National Information S,6.576037,1.3853024,6.51,0.22348,0.27648002,132.51,22127595520.0,0.24,-0.3379333333859849,,31.415586,0.6266666666666667,0.8666666666666667,0.88,1.0600000000000003,33.30052116000001,216.78639275160006,4.063919313183022,-0.0330984307600903,P/E de 6.6 nettement sous la mediane du secteur (31.4) ; marge superieure a la mediane du secteur ; PEG bas (0.24) : croissance qui justifie plus que le P/E actuel,False
BVC,2026-08-07,10.739999771118164,Technology,Software - Application,BitVentures Limited,7.3061223,6.165327,1.47,0.22775,5.2123103,,1804320000.0,,14.768688914696083,,31.415586,0.6533333333333333,1.0,0.6533333333333333,1.1633333333333333,36.54679838,53.7237936186,4.002215527329262,-0.0330984307600903,P/E de 7.3 nettement sous la mediane du secteur (31.4) ; marge superieure a la mediane du secteur ; momentum (+1477%) superieur au secteur (-3%),False
AUPH,2026-08-07,16.1299991607666,Healthcare,Biotechnology,Aurinia Pharmaceuticals Inc,7.074561,3.7157335,2.28,0.66117996,1.0083699,10.431,2074344832.0,,0.2410342283979241,,25.224413,0.8695652173913043,1.0,0.1956521739130435,1.3858695652173911,34.957746277173904,79.7036615119565,3.941330791003492,0.08108714607959686,P/E de 7.1 nettement sous la mediane du secteur (25.2) ; ROE (66%) dans le haut du secteur ; marge superieure a la mediane du secteur,False
CGAU,2026-08-07,19.809999465942383,Basic Materials,Gold,Centerra Gold Inc.,6.329073,1.7927601,3.13,0.32884997,0.36918,2.111,3934168064.0,,1.1163094051140776,,19.09091,0.918918918918919,0.8918918918918919,0.05405405405405406,1.4189189189189189,27.08845337837838,84.78685907432433,3.2800030974302166,0.1923937749172761,P/E de 6.3 nettement sous la mediane du secteur (19.1) ; ROE (33%) dans le haut du secteur ; marge superieure a la mediane du secteur,False
CPA,2026-08-07,142.0500030517578,Industrials,Airlines,"Copa Holdings, S.A.",8.277972,2.0222945,17.16,0.23066999,0.15713,89.274,5795563520.0,0.94,0.2489090087893293,,29.493465,0.6881720430107527,0.7956989247311828,0.5376344086021505,1.1586021505376345,34.17119197580645,586.3776543048388,3.1279665026911987,0.1706663816928519,P/E de 8.3 nettement sous la mediane du secteur (29.5) ; marge superieure a la mediane du secteur ; momentum (+25%) superieur au secteur (+17%),False
ALX,2026-08-07,272.739990234375,Real Estate,REIT - Retail,"Alexander's, Inc.",8.249848,12.760961,33.06,0.92024004,0.79057,383.055,1392962176.0,2.51,0.1725801284277681,,26.7375525,1.0,0.9210526315789473,0.8421052631578947,1.269736842105263,33.94965547697368,1122.37561006875,3.1151853422897515,0.1144081378085697,P/E de 8.2 nettement sous la mediane du secteur (26.7) ; ROE (92%) dans le haut du secteur ; marge superieure a la mediane du secteur,False
AER,2026-08-07,155.24000549316406,Industrials,Rental & Leasing Services,AerCap Holdings N.V.,7.6285014,1.3022616,20.35,0.18662001,0.37854,232.664,24401254400.0,0.8,0.2285627253385715,,29.493465,0.5591397849462365,0.956989247311828,0.9247311827956989,1.0376344086021505,30.603434112903226,622.7798841975807,3.0117228946181953,0.1706663816928519,P/E de 7.6 nettement sous la mediane du secteur (29.5) ; marge superieure a la mediane du secteur ; momentum (+23%) superieur au secteur (+17%),False
CII,2026-08-07,24.6299991607666,Financial Services,Asset Management,BlackRock Enhanced Large Cap Co,4.848425,1.0886668,5.08,0.22759001,25.42447,0.002,1009424832.0,,0.2604528745523431,,13.562913,0.8591549295774648,1.0,0.007042253521126761,1.4278169014084507,19.365356413732396,98.37601058176057,2.9941540371006106,0.18265308238435407,P/E de 4.8 nettement sous la mediane du secteur (13.6) ; ROE (23%) dans le haut du secteur ; marge superieure a la mediane du secteur,False
AMSC,2026-08-07,32.900001525878906,Industrials,Specialty Industrial Machinery,American Superconductor Corpora,10.681819,2.8213704,3.08,0.30163,0.42564,0.681,1593746560.0,0.74,-0.4114228468710234,,29.493465,0.8064516129032258,0.978494623655914,0.010752688172043012,1.3951612903225807,41.148140685483874,126.73627331129033,2.852166183384535,0.1706663816928519,P/E de 10.7 nettement sous la mediane du secteur (29.5) ; ROE (30%) dans le haut du secteur ; marge superieure a la mediane du secteur,False
EIX,2026-08-07,67.2300033569336,Utilities,Utilities - Regulated Electric,Edison International,7.054565,1.4828295,9.53,0.19734,0.19281,228.042,25871044608.0,3.37,0.3791805647141566,,21.70884,1.0,0.88,0.92,1.24,26.9189616,256.53770404799997,2.815821675420794,0.1355532058243795,P/E de 7.1 nettement sous la mediane du secteur (21.7) ; ROE (20%) dans le haut du secteur ; marge superieure a la mediane du secteur,False
AVAH,2026-08-07,9.3100004196167,Healthcare,Medical Care Facilities,Aveanna Healthcare Holdings Inc,7.694215,8.410118,1.21,3.68009,0.103690006,623.924,2027300992.0,,0.1737500429153442,,25.224413,0.9782608695652174,0.5652173913043478,0.9782608695652174,1.1358695652173911,28.651643027173908,34.66848806288043,2.723790171892147,0.08108714607959686,P/E de 7.7 nettement sous la mediane du secteur (25.2) ; ROE (368%) dans le haut du secteur ; momentum (+17%) superieur au secteur (+8%),False
AES,2026-08-07,14.699999809265137,Utilities,Utilities - Diversified,The AES Corporation,5.5056176,2.3717327,2.67,0.095740005,0.1434,256.886,10483418112.0,0.81,0.1381671430874134,,21.70884,0.48,0.68,1.0,0.9099999999999999,19.755044399999996,52.745968547999986,2.5881611722712528,0.1355532058243795,P/E de 5.5 nettement sous la mediane du secteur (21.7) ; momentum (+14%) superieur au secteur (+14%) ; PEG bas (0.81) : croissance qui justifie plus que le P/E actuel,False
EFC,2026-08-07,13.140000343322754,Real Estate,REIT - Mortgage,Ellington Financial Inc.,8.111112,0.9639085,1.62,0.12178001,0.53392,906.074,1674222720.0,,0.0853072549500995,,26.7375525,0.7105263157894737,0.868421052631579,1.0,1.0723684210526314,28.672506957236838,46.44946127072368,2.534966518804356,0.1144081378085697,P/E de 8.1 nettement sous la mediane du secteur (26.7) ; marge superieure a la mediane du secteur,False
FOR,2026-08-07,29.209999084472656,Real Estate,Real Estate - Development,Forestar Group Inc,8.878419,0.80251664,3.29,0.09644,0.09879,16.559,1489965056.0,4.9,0.0173472909617937,,26.7375525,0.5263157894736842,0.23684210526315788,0.02631578947368421,1.0657894736842104,28.496602006578943,93.75382060164472,2.209648186927949,0.1144081378085697,P/E de 8.9 nettement sous la mediane du secteur (26.7) ; dette plus faible que la mediane du secteur,False
CBL,2026-08-07,54.310001373291016,Real Estate,REIT - Retail,"CBL & Associates Properties, In",9.785585,4.222844,5.55,0.51415,0.2981,536.617,1680609792.0,,0.9508028751591158,,26.7375525,0.9736842105263158,0.6052631578947368,0.8947368421052632,1.1644736842105265,31.135176266447374,172.80022827878292,2.1817386100042326,0.1144081378085697,P/E de 9.8 nettement sous la mediane du secteur (26.7) ; ROE (51%) dans le haut du secteur ; momentum (+95%) superieur au secteur (+11%),False
BVN,2026-08-07,32.560001373291016,Basic Materials,Other Precious Metals & Mining,Buenaventura Mining Company Inc,7.902913,1.9123695,4.12,0.27816,0.48223,15.216,8269812736.0,1.11,0.6279705150171109,,19.09091,0.8108108108108109,0.9459459459459459,0.32432432432432434,1.3108108108108107,25.024571216216216,103.10123341081082,2.1664996640751006,0.1923937749172761,P/E de 7.9 nettement sous la mediane du secteur (19.1) ; ROE (28%) dans le haut du secteur ; marge superieure a la mediane du secteur,False
ALL,2026-08-07,275.1099853515625,Financial Services,Insurance - Property & Casualty,Allstate Corporation (The),5.5099134,2.397431,49.93,0.46113998,0.18971,22.261,69563744256.0,3.17,0.3176365272143102,,13.562913,0.9788732394366197,0.2887323943661972,0.11267605633802817,1.2834507042253522,17.407330241197183,869.1479989429754,2.1592746364051196,0.18265308238435407,P/E de 5.5 nettement sous la mediane du secteur (13.6) ; ROE (46%) dans le haut du secteur ; dette plus faible que la mediane du secteur,False
CNX,2026-08-07,35.130001068115234,Energy,Oil & Gas E&P,CNX Resources Corporation,5.6936793,1.0808898,6.17,0.21249,0.44368,49.137,5197259776.0,1.93,0.2260273390984903,,14.276671499999999,0.6944444444444444,0.9722222222222222,0.4722222222222222,1.2222222222222223,17.449265166666667,107.66196607833334,2.0646730089641165,0.37294201588170983,P/E de 5.7 nettement sous la mediane du secteur (14.3) ; marge superieure a la mediane du secteur,False
CHKP,2026-08-07,125.27999877929688,Technology,Software - Infrastructure,Check Point Software Technologi,12.849231,4.7097745,9.75,0.37639,0.37932,72.153,12791166976.0,1.22,-0.3417728194306308,,31.415586,0.8133333333333334,0.9733333333333334,0.6266666666666667,1.2433333333333334,39.06004526,380.835441285,2.0398742416649425,-0.0330984307600903,P/E de 12.8 nettement sous la mediane du secteur (31.4) ; ROE (38%) dans le haut du secteur ; marge superieure a la mediane du secteur,False
AFYA,2026-08-07,13.90999984741211,Consumer Defensive,Education & Training Services,Afya Limited,8.3795185,1.3323394,1.66,0.16757,0.20073,66.887,1272105984.0,,-0.018375567889439,,21.142578,0.6060606060606061,0.9696969696969697,0.36363636363636365,1.2045454545454546,25.46719622727273,42.27554573727273,2.0392197125104854,0.0711186143896602,P/E de 8.4 nettement sous la mediane du secteur (21.1) ; marge superieure a la mediane du secteur,False
ETW,2026-08-07,9.630000114440918,Financial Services,Asset Management,Eaton Vance Corporation Eaton V,5.631579,0.9421779,1.71,0.17559,9.27991,,1045796672.0,,0.1431091047900279,,13.562913,0.7535211267605634,0.9788732394366197,0.602112676056338,1.2209507042253522,16.559648178697184,28.316998385572184,1.9404982397776602,0.18265308238435407,P/E de 5.6 nettement sous la mediane du secteur (13.6) ; ROE (18%) dans le haut du secteur ; marge superieure a la mediane du secteur,False
FSM,2026-08-07,9.5600004196167,Basic Materials,Gold,Fortuna Mining Corp.,8.033613,1.7429353,1.19,0.24149999,0.3198,12.874,2829352704.0,,0.0948052615575731,,19.09091,0.7027027027027027,0.7837837837837838,0.2702702702702703,1.2297297297297298,23.476659594594597,27.93722491756757,1.9223037334016864,0.1923937749172761,P/E de 8.0 nettement sous la mediane du secteur (19.1) ; marge superieure a la mediane du secteur ; dette plus faible que la mediane du secteur,False
BDJ,2026-08-07,9.770000457763672,Financial Services,Asset Management,Blackrock Enhanced Equity Divid,6.262821,1.0035954,1.56,0.16715999,6.2733397,0.123,1728749696.0,,0.1777939358802289,,13.562913,0.7112676056338029,0.971830985915493,0.014084507042253521,1.3450704225352115,18.243073119718314,28.45919406676057,1.9129163493688113,0.18265308238435407,P/E de 6.3 nettement sous la mediane du secteur (13.6) ; marge superieure a la mediane du secteur ; dette plus faible que la mediane du secteur,False
BAH,2026-08-07,73.93000030517578,Industrials,Consulting Services,Booz Allen Hamilton Holding Cor,11.287023,7.3981786,6.55,0.68637,0.07013,346.09,8892667904.0,1.09,-0.3446815803787554,,29.493465,0.978494623655914,0.3870967741935484,0.967741935483871,1.0940860215053763,32.26838778225806,211.35793997379028,1.8588927242164948,0.1706663816928519,P/E de 11.3 nettement sous la mediane du secteur (29.5) ; ROE (69%) dans le haut du secteur,False
CET,2026-08-07,55.34000015258789,Financial Services,Asset Management,11017,6.0480876,0.8910285,9.15,0.1241,5.03504,0.141,1635256320.0,,0.1295964473406661,,13.562913,0.5140845070422535,0.9647887323943662,0.02112676056338028,1.2429577464788732,16.858127778169013,154.25186917024647,1.7873485497819086,0.18265308238435407,P/E de 6.0 nettement sous la mediane du secteur (13.6) ; marge superieure a la mediane du secteur ; dette plus faible que la mediane du secteur,False
ADBE,2026-08-07,260.239990234375,Technology,Software - Application,Adobe Inc.,14.879359,9.015138,17.49,0.62953997,0.28689,61.443,103445397504.0,0.63,-0.297981510814276,,31.415586,0.9333333333333333,0.8933333333333333,0.5866666666666667,1.2933333333333334,40.63082456000001,710.6331215544001,1.7306837850493157,-0.0330984307600903,P/E de 14.9 nettement sous la mediane du secteur (31.4) ; ROE (63%) dans le haut du secteur ; marge superieure a la mediane du secteur,False
CSTM,2026-08-07,28.61000061035156,Basic Materials,Aluminum,Constellium SE,7.392765,3.111812,3.87,0.53093,0.05691,153.349,3877448448.0,0.4,0.917184342681448,,19.09091,0.972972972972973,0.2702702702702703,1.0,1.054054054054054,20.12285108108108,77.87543368378378,1.7219654674039817,0.1923937749172761,P/E de 7.4 nettement sous la mediane du secteur (19.1) ; ROE (53%) dans le haut du secteur ; momentum (+92%) superieur au secteur (+19%),False
CTSH,2026-08-07,56.88999938964844,Technology,Information Technology Services,Cognizant Technology Solutions ,11.976842,1.7780347,4.75,0.14924,0.10258,14.479,26908968960.0,0.91,-0.2211899757838785,,31.415586,0.4666666666666667,0.4533333333333333,0.32,1.0166666666666666,31.9391791,151.711100725,1.666744636186531,-0.0330984307600903,P/E de 12.0 nettement sous la mediane du secteur (31.4) ; dette plus faible que la mediane du secteur ; PEG bas (0.91) : croissance qui justifie plus que le P/E actuel,False
DUOL,2026-08-07,122.58000183105467,Technology,Software - Application,"Duolingo, Inc.",15.477273,4.062707,7.92,0.3442,0.35875,6.11,5735060992.0,,-0.547404806995212,,31.415586,0.7733333333333333,0.96,0.25333333333333335,1.3133333333333335,41.25913628000001,326.77235933760005,1.6657885010311273,-0.0330984307600903,P/E de 15.5 nettement sous la mediane du secteur (31.4) ; ROE (34%) dans le haut du secteur ; marge superieure a la mediane du secteur,False
CRI,2026-08-07,40.290000915527344,Consumer Cyclical,Apparel Retail,"Carter's, Inc.",7.516791,1.4398028,5.36,0.20742,0.06547,115.325,1479093632.0,2.01,0.3809165197097135,,19.929634,0.48484848484848486,0.5303030303030303,0.48484848484848486,1.003787878787879,20.00512503787879,107.22747020303032,1.6613916050249076,0.01304814243517265,P/E de 7.5 nettement sous la mediane du secteur (19.9) ; momentum (+38%) superieur au secteur (+1%),False
CF,2026-08-07,116.7300033569336,Basic Materials,Agricultural Inputs,"CF Industries Holdings, Inc.",8.659496,3.3566253,13.48,0.29867,0.27122,40.504,17696268288.0,3.49,0.4674582587109437,,19.09091,0.8378378378378378,0.6756756756756757,0.5675675675675675,1.1959459459459458,22.831696418918916,307.771267727027,1.6366080602767825,0.1923937749172761,P/E de 8.7 nettement sous la mediane du secteur (19.1) ; ROE (30%) dans le haut du secteur ; momentum (+47%) superieur au secteur (+19%),False
ACAD,2026-08-07,28.450000762939453,Healthcare,Biotechnology,ACADIA Pharmaceuticals Inc.,12.757848,3.7365382,2.23,0.35743,0.33416,5.652,4871660544.0,50.86,-0.0046171193898245,,25.224413,0.7391304347826086,0.9130434782608695,0.10869565217391304,1.3206521739130432,33.312675864130426,74.28726717701085,1.6111516760935047,0.08108714607959686,P/E de 12.8 nettement sous la mediane du secteur (25.2) ; marge superieure a la mediane du secteur ; dette plus faible que la mediane du secteur,False
ACN,2026-08-07,171.11000061035156,Technology,Information Technology Services,Accenture plc,13.645136,3.282938,12.54,0.24406,0.10656,25.035,104709406720.0,1.24,-0.348620832185175,,31.415586,0.68,0.48,0.37333333333333335,1.1166666666666667,35.0807377,439.912450758,1.570933605217852,-0.0330984307600903,P/E de 13.6 nettement sous la mediane du secteur (31.4),False
ADT,2026-08-07,7.650000095367432,Industrials,Security & Protection Services,ADT Inc.,10.625,1.5964108,0.72,0.17212999,0.118640006,223.863,5588777984.0,,-0.0962321196597298,,29.493465,0.4946236559139785,0.6236559139784946,0.9139784946236559,0.924731182795699,27.273526774193552,19.63693927741936,1.5669201349828468,0.1706663816928519,P/E de 10.6 nettement sous la mediane du secteur (29.5),False
CRCT,2026-08-07,6.070000171661377,Technology,Computer Hardware,"Cricut, Inc.",15.175,3.5642984,0.4,0.25896,0.1271,2.819,1271327616.0,,-0.1408243947641146,,31.415586,0.7066666666666667,0.56,0.10666666666666667,1.2166666666666666,38.2222963,15.28891852,1.518767394995868,-0.0330984307600903,P/E de 15.2 nettement sous la mediane du secteur (31.4) ; dette plus faible que la mediane du secteur,False
BLKB,2026-08-07,46.36000061035156,Technology,Software - Application,"Blackbaud, Inc.",14.4875,31.010035,3.2,1.94448,0.13124,1727.037,2104284928.0,0.5,-0.3584170315627747,,31.415586,1.0,0.6,0.9866666666666667,1.1533333333333333,36.23264252,115.94445606400001,1.500958898566347,-0.0330984307600903,P/E de 14.5 nettement sous la mediane du secteur (31.4) ; ROE (194%) dans le haut du secteur ; PEG bas (0.50) : croissance qui justifie plus que le P/E actuel,False
ARCO,2026-08-07,8.34000015258789,Consumer Cyclical,Restaurants,Arcos Dorados Holdings Inc.,7.6513762,2.2656887,1.09,0.36284,0.048639998,278.651,1756929920.0,0.54,0.2074435896772739,,19.929634,0.6818181818181818,0.3181818181818182,0.8484848484848485,0.9583333333333333,19.099232583333333,20.818163515833334,1.4961826300894594,0.01304814243517265,P/E de 7.7 nettement sous la mediane du secteur (19.9) ; momentum (+21%) superieur au secteur (+1%) ; PEG bas (0.54) : croissance qui justifie plus que le P/E actuel,False
BKE,2026-08-07,45.720001220703125,Consumer Cyclical,Apparel Retail,"Buckle, Inc. (The)",10.4862385,5.0435743,4.36,0.48981997,0.16846001,89.539,2355407104.0,3.32,-0.1589338570002331,,19.929634,0.803030303030303,0.9090909090909091,0.36363636363636365,1.2878787878787878,25.66695287878788,111.90791455151516,1.4476796055036094,0.01304814243517265,P/E de 10.5 nettement sous la mediane du secteur (19.9) ; ROE (49%) dans le haut du secteur ; marge superieure a la mediane du secteur,False
EEFT,2026-08-07,73.06999969482422,Technology,Software - Infrastructure,"Euronet Worldwide, Inc.",11.804523,2.7095075,6.19,0.22371,0.06593,225.391,2782147328.0,0.53,-0.2345745255677631,,31.415586,0.64,0.28,0.9333333333333333,0.9066666666666667,28.483464640000005,176.31264612160004,1.4129279712326155,-0.0330984307600903,P/E de 11.8 nettement sous la mediane du secteur (31.4) ; PEG bas (0.53) : croissance qui justifie plus que le P/E actuel,False
ASR,2026-08-07,277.6300048828125,Industrials,Airports & Air Services,Grupo Aeroportuario del Sureste,14.68165,3.4679935,18.91,0.22775999,0.26075,71.103,8337803264.0,0.92,-0.1377520625556596,,29.493465,0.6774193548387096,0.9139784946236559,0.4731182795698925,1.1989247311827955,35.36044459677419,668.6660073249999,1.408478894805493,0.1706663816928519,P/E de 14.7 nettement sous la mediane du secteur (29.5) ; marge superieure a la mediane du secteur ; PEG bas (0.92) : croissance qui justifie plus que le P/E actuel,False
B,2026-08-07,41.369998931884766,Basic Materials,Gold,Barrick Mining Corporation,10.065693,2.5353925,4.11,0.25176,0.32141,12.852,69482504192.0,2.04,0.4027269158011208,,19.09091,0.7297297297297297,0.8108108108108109,0.24324324324324326,1.2567567567567568,23.992630135135137,98.60970985540543,1.3836043606809176,0.1923937749172761,P/E de 10.1 nettement sous la mediane du secteur (19.1) ; marge superieure a la mediane du secteur ; dette plus faible que la mediane du secteur,False
CRUS,2026-08-07,123.51000213623048,Technology,Semiconductors,"Cirrus Logic, Inc.",15.814341,2.9365892,7.81,0.20903999,0.21004999,5.96,6190020096.0,9.35,0.1327612167263798,,31.415586,0.6133333333333333,0.76,0.22666666666666666,1.19,37.38454734,291.9733147254,1.3639649394820341,-0.0330984307600903,P/E de 15.8 nettement sous la mediane du secteur (31.4) ; marge superieure a la mediane du secteur ; dette plus faible que la mediane du secteur,False
ASO,2026-08-07,47.34999847412109,Consumer Cyclical,Specialty Retail,"Academy Sports and Outdoors, In",8.365725,1.417792,5.66,0.18847999,0.0624,91.982,2936569856.0,0.6,-0.1041445170724666,,19.929634,0.42424242424242425,0.48484848484848486,0.3787878787878788,0.9886363636363636,19.703160886363637,111.51989061681819,1.3552247985344463,0.01304814243517265,P/E de 8.4 nettement sous la mediane du secteur (19.9) ; PEG bas (0.60) : croissance qui justifie plus que le P/E actuel,False
DHT,2026-08-07,18.350000381469727,Energy,Oil & Gas Midstream,"DHT Holdings, Inc.",8.655661,2.603945,2.12,0.39174998,0.59314,33.231,2955113984.0,1.19,0.6832010671768352,,14.276671499999999,0.9722222222222222,1.0,0.25,1.4236111111111112,20.324428177083334,43.08778773541667,1.3481082746422044,0.37294201588170983,P/E de 8.7 nettement sous la mediane du secteur (14.3) ; ROE (39%) dans le haut du secteur ; marge superieure a la mediane du secteur,False
BHF,2026-08-07,62.16999816894531,Financial Services,Insurance - Life,"Brighthouse Financial, Inc.",4.9224067,0.6419006,12.63,0.13535,0.12156,150.189,3571404288.0,,0.3099873475705115,,13.562913,0.5633802816901409,0.19014084507042253,0.9154929577464789,0.8503521126760564,11.53325172359155,145.66496926896127,1.3430106733013019,0.18265308238435407,P/E de 4.9 nettement sous la mediane du secteur (13.6) ; momentum (+31%) superieur au secteur (+18%),False
EPAM,2026-08-07,93.06999969482422,Technology,Information Technology Services,"EPAM Systems, Inc.",12.628222,1.4310535,7.37,0.111770004,0.07151,4.326,4862391296.0,0.48,-0.4014515922359447,,31.415586,0.29333333333333333,0.29333333333333333,0.16,0.93,29.216494980000004,215.32556800260002,1.3135872860067779,-0.0330984307600903,P/E de 12.6 nettement sous la mediane du secteur (31.4) ; dette plus faible que la mediane du secteur ; PEG bas (0.48) : croissance qui justifie plus que le P/E actuel,False
AGI,2026-08-07,31.100000381469727,Basic Materials,Gold,Alamos Gold Inc.,11.227437,2.7092953,2.77,0.27413,0.52639,4.502,13018599424.0,,-0.084192640129789,,19.09091,0.7837837837837838,0.972972972972973,0.10810810810810811,1.3581081081081081,25.927519662162165,71.81922946418919,1.309299954445697,0.1923937749172761,P/E de 11.2 nettement sous la mediane du secteur (19.1) ; ROE (27%) dans le haut du secteur ; marge superieure a la mediane du secteur,False
ANF,2026-08-07,110.4800033569336,Consumer Cyclical,Apparel Retail,Abercrombie & Fitch Company,10.68472,3.6630087,10.34,0.39224,0.093439996,95.464,4908815872.0,3.62,0.0642574811789775,,19.929634,0.7424242424242424,0.6666666666666666,0.3939393939393939,1.1893939393939394,23.704185893939396,245.10128214333335,1.21851262396754,0.01304814243517265,P/E de 10.7 nettement sous la mediane du secteur (19.9) ; momentum (+6%) superieur au secteur (+1%),False
ADMA,2026-08-07,10.0600004196167,Healthcare,Biotechnology,ADMA Biologics Inc,13.594595,5.9880958,0.74,0.41897,0.32981998,110.673,2253285888.0,,-0.5098493669779609,,25.224413,0.782608695652174,0.8913043478260869,0.717391304347826,1.184782608695652,29.885445836956517,22.115229919347822,1.1983329022754101,0.08108714607959686,P/E de 13.6 nettement sous la mediane du secteur (25.2) ; ROE (42%) dans le haut du secteur ; marge superieure a la mediane du secteur,False
AU,2026-08-07,87.58999633789062,Basic Materials,Gold,AngloGold Ashanti PLC,11.741286,4.991736,7.46,0.44731,0.32195,16.676,44300324864.0,0.78,0.4557025148058966,,19.09091,0.9459459459459459,0.8378378378378378,0.35135135135135137,1.3445945945945945,25.66953439189189,191.4947265635135,1.1862625250581802,0.1923937749172761,P/E de 11.7 nettement sous la mediane du secteur (19.1) ; ROE (45%) dans le haut du secteur ; marge superieure a la mediane du secteur,False
ERO,2026-08-07,31.100000381469727,Basic Materials,Copper,Ero Copper Corp.,10.542373,2.9534664,2.95,0.30806,0.29794002,47.066,3243811840.0,,0.8765690070481453,,19.09091,0.8648648648648649,0.7027027027027027,0.6216216216216216,1.2027027027027026,22.960689054054054,67.73403270945947,1.177943147223154,0.1923937749172761,P/E de 10.5 nettement sous la mediane du secteur (19.1) ; ROE (31%) dans le haut du secteur ; momentum (+88%) superieur au secteur (+19%),False
APA,2026-08-07,36.52999877929688,Energy,Oil & Gas E&P,APA Corporation,8.081859,2.116209,4.52,0.26659,0.19564,47.117,12912267264.0,0.66,0.66329085344353,,14.276671499999999,0.8611111111111112,0.6111111111111112,0.4444444444444444,1.2222222222222223,17.449265166666667,78.87067855333332,1.159066005718914,0.37294201588170983,P/E de 8.1 nettement sous la mediane du secteur (14.3) ; ROE (27%) dans le haut du secteur ; momentum (+66%) superieur au secteur (+37%),False
ACGL,2026-08-07,99.29000091552734,Financial Services,Insurance - Diversified,Arch Capital Group Ltd.,7.7691708,1.4533505,12.78,0.19936001,0.24396999,17.836,33857890304.0,1.05,0.0983284182238588,,13.562913,0.8028169014084507,0.4225352112676056,0.09859154929577464,1.2323943661971832,16.714857570422538,213.61587975000003,1.1514339589113045,0.18265308238435407,P/E de 7.8 nettement sous la mediane du secteur (13.6) ; ROE (20%) dans le haut du secteur ; dette plus faible que la mediane du secteur,False
CAAP,2026-08-07,26.13999938964844,Industrials,Airports & Air Services,Corporacion America Airports SA,15.022988,2.3632584,1.74,0.17448,0.13841,58.138,4266641408.0,,0.1980474283380928,,29.493465,0.5161290322580645,0.7096774193548387,0.3870967741935484,1.088709677419355,32.10982076612904,55.87108813306453,1.1373790909570465,0.1706663816928519,P/E de 15.0 nettement sous la mediane du secteur (29.5) ; momentum (+20%) superieur au secteur (+17%),False
AXS,2026-08-07,104.4499969482422,Financial Services,Insurance - Specialty,Axis Capital Holdings Limited,7.4235964,1.2832642,14.07,0.17422001,0.16228001,22.865,7700391424.0,1.18,0.0774151221144352,,13.562913,0.7394366197183099,0.2605633802816901,0.1267605633802817,1.153169014084507,15.640331012323943,220.05945734339787,1.1068402467492966,0.18265308238435407,P/E de 7.4 nettement sous la mediane du secteur (13.6) ; dette plus faible que la mediane du secteur,False
DOX,2026-08-07,59.119998931884766,Technology,Software - Infrastructure,Amdocs Limited,14.042755,1.8556765,4.21,0.13314,0.09754,32.668,6276415488.0,0.74,-0.3270292766275996,,31.415586,0.4,0.38666666666666666,0.4266666666666667,0.94,29.53065084,124.32404003639999,1.1029100521405657,-0.0330984307600903,P/E de 14.0 nettement sous la mediane du secteur (31.4) ; PEG bas (0.74) : croissance qui justifie plus que le P/E actuel,False
BR,2026-08-07,164.75,Technology,Information Technology Services,"Broadridge Financial Solutions,",17.037228,6.7623034,9.67,0.40916002,0.15037,123.939,19054704640.0,1.12,-0.3853495555979838,,31.415586,0.8533333333333334,0.64,0.8266666666666667,1.13,35.49961218,343.2812497806,1.0836494675605461,-0.0330984307600903,P/E de 17.0 nettement sous la mediane du secteur (31.4) ; ROE (41%) dans le haut du secteur,False
AOS,2026-08-07,62.9900016784668,Industrials,Specialty Industrial Machinery,A.O. Smith Corporation,17.545961,4.6480227,3.59,0.27133,0.13149,36.766,8560881664.0,1.66,-0.1377383474170637,,29.493465,0.7634408602150538,0.6774193548387096,0.24731182795698925,1.2392473118279572,36.549697217741944,131.21341301169358,1.0830831801128373,0.1706663816928519,P/E de 17.5 nettement sous la mediane du secteur (29.5) ; ROE (27%) dans le haut du secteur ; dette plus faible que la mediane du secteur,False
BKV,2026-08-07,24.0,Energy,Oil & Gas E&P,BKV Corporation,6.818182,1.1842494,3.52,0.14052,0.23082,52.668,2625278464.0,,0.0493350341003013,,14.276671499999999,0.3888888888888889,0.7222222222222222,0.5277777777777778,0.9930555555555556,14.177527947916666,49.904898376666665,1.0793707656944442,0.37294201588170983,P/E de 6.8 nettement sous la mediane du secteur (14.3),False
EXE,2026-08-07,91.95999908447266,Energy,Oil & Gas E&P,Expand Energy Corporation,7.927586,1.1102928,11.6,0.14893,0.2197,19.207,21999484928.0,1.02,-0.0124482624475613,,14.276671499999999,0.4722222222222222,0.6666666666666666,0.05555555555555555,1.138888888888889,16.25954254166667,188.61069348333334,1.0510079965320491,0.37294201588170983,P/E de 7.9 nettement sous la mediane du secteur (14.3) ; dette plus faible que la mediane du secteur,False
FRSH,2026-08-07,11.59000015258789,Technology,Software - Application,Freshworks Inc.,18.396826,3.3998241,0.63,0.19695,0.20489,3.861,3203872256.0,0.59,-0.1570156408956778,,31.415586,0.5866666666666667,0.7466666666666667,0.13333333333333333,1.1966666666666668,37.593984580000004,23.684210285400003,1.0435038803784344,-0.0330984307600903,P/E de 18.4 nettement sous la mediane du secteur (31.4) ; dette plus faible que la mediane du secteur ; PEG bas (0.59) : croissance qui justifie plus que le P/E actuel,False
CPRT,2026-08-07,29.01000022888184,Industrials,Specialty Business Services,"Copart, Inc.",18.018633,3.0610952,1.61,0.17607,0.33481997,1.059,27945576448.0,3.47,-0.4034009420215269,,29.493465,0.5268817204301075,0.946236559139785,0.021505376344086023,1.2446236559139785,36.70826423387097,59.100305416532265,1.037239053783014,0.1706663816928519,P/E de 18.0 nettement sous la mediane du secteur (29.5) ; marge superieure a la mediane du secteur ; dette plus faible que la mediane du secteur,False
BMY,2026-08-07,64.1500015258789,Healthcare,Drug Manufacturers - General,Bristol-Myers Squibb Company,14.129956,5.8718534,4.54,0.46598998,0.18871,201.859,131040149504.0,2.44,0.4507160488680293,,25.224413,0.8260869565217391,0.7608695652173914,0.8695652173913043,1.1358695652173914,28.65164302717391,130.07845934336956,1.0277234021716164,0.08108714607959686,P/E de 14.1 nettement sous la mediane du secteur (25.2) ; ROE (47%) dans le haut du secteur ; marge superieure a la mediane du secteur,False
CINF,2026-08-07,179.0399932861328,Financial Services,Insurance - Property & Casualty,Cincinnati Financial Corporatio,8.453258,1.6474506,21.18,0.21484,0.23843001,5.255,27478708224.0,2.19,0.1826830563635442,,13.562913,0.8380281690140845,0.4084507042253521,0.06338028169014084,1.255281690140845,17.025276353873238,360.5953531750352,1.0140491884332774,0.18265308238435407,P/E de 8.5 nettement sous la mediane du secteur (13.6) ; ROE (21%) dans le haut du secteur ; dette plus faible que la mediane du secteur,False
CRK,2026-08-07,13.210000038146973,Energy,Oil & Gas E&P,"Comstock Resources, Inc.",7.4213486,1.5038706,1.78,0.19018,0.27,100.201,3878727424.0,4.64,-0.1779292672789181,,14.276671499999999,0.5555555555555556,0.8333333333333334,0.7777777777777778,1.0416666666666665,14.871532812499996,26.471328406249995,1.0038855662231514,0.37294201588170983,P/E de 7.4 nettement sous la mediane du secteur (14.3) ; marge superieure a la mediane du secteur,False
CROX,2026-08-07,134.17999267578125,Consumer Cyclical,Footwear & Accessories,"Crocs, Inc.",12.176043,4.664534,11.02,0.42299998,0.14635,121.993,6433269760.0,1.39,0.4680045755370454,,19.929634,0.7575757575757576,0.8636363636363636,0.5,1.2196969696969697,24.308114196969697,267.87541845060605,0.996388679926915,0.01304814243517265,P/E de 12.2 nettement sous la mediane du secteur (19.9) ; ROE (42%) dans le haut du secteur ; marge superieure a la mediane du secteur,True
CI,2026-08-07,275.25,Healthcare,Healthcare Plans,The Cigna Group,11.388084,1.7254456,24.17,0.16758,0.022720002,74.29,72732188672.0,0.81,-0.0519756559384242,,25.224413,0.4782608695652174,0.13043478260869565,0.5434782608695652,0.8858695652173914,22.34553977717391,540.0916964142934,0.9621859996886228,0.08108714607959686,P/E de 11.4 nettement sous la mediane du secteur (25.2) ; PEG bas (0.81) : croissance qui justifie plus que le P/E actuel,False
AA,2026-08-07,47.47999954223633,Basic Materials,Aluminum,Alcoa Corporation,9.912317,1.7002076,4.79,0.18226999,0.09388,29.918,12530419712.0,8.36,0.4143851483227578,,19.09091,0.5675675675675675,0.35135135135135137,0.4864864864864865,1.0,19.09091,91.4454589,0.9259785126715039,0.1923937749172761,P/E de 9.9 nettement sous la mediane du secteur (19.1) ; momentum (+41%) superieur au secteur (+19%),False
ECPG,2026-08-07,97.87999725341795,Financial Services,Credit Services,Encore Capital Group Inc,7.2182884,2.0335321,13.56,0.30542,0.15862,387.452,2075972736.0,0.17,1.2485660011460502,,13.562913,0.9154929577464789,0.24647887323943662,0.9788732394366197,1.0246478873239437,13.897210151408451,188.44616965309862,0.9252776352782142,0.18265308238435407,P/E de 7.2 nettement sous la mediane du secteur (13.6) ; ROE (31%) dans le haut du secteur ; momentum (+125%) superieur au secteur (+18%),False
DECK,2026-08-07,97.87000274658205,Consumer Cyclical,Footwear & Accessories,Deckers Outdoor Corporation,13.921763,5.8138294,7.03,0.42558,0.18361,20.521,13328118784.0,1.21,-0.1901696942432221,,19.929634,0.7727272727272727,0.9393939393939394,0.10606060606060606,1.3446969696969695,26.799318446969693,188.39920868219696,0.9249944149896991,0.01304814243517265,P/E de 13.9 nettement sous la mediane du secteur (19.9) ; ROE (43%) dans le haut du secteur ; marge superieure a la mediane du secteur,False
DLX,2026-08-07,26.09000015258789,Industrials,Conglomerates,Deluxe Corporation,11.752253,1.7118299,2.22,0.14957,0.04761,206.752,1194506112.0,0.6,0.3674619153053293,,29.493465,0.3870967741935484,0.1935483870967742,0.9032258064516129,0.7661290322580645,22.595799798387098,50.162675552419365,0.9226782391353756,0.1706663816928519,P/E de 11.8 nettement sous la mediane du secteur (29.5) ; momentum (+37%) superieur au secteur (+17%) ; PEG bas (0.60) : croissance qui justifie plus que le P/E actuel,False
EXEL,2026-08-07,52.20000076293945,Healthcare,Biotechnology,"Exelixis, Inc.",17.815699,6.8414154,2.93,0.44393003,0.35331002,8.999,12934204416.0,2.56,0.4171566374716242,,25.224413,0.8043478260869565,0.9347826086956522,0.15217391304347827,1.3478260869565217,33.99812186956522,99.61449707782609,0.9083236709174458,0.08108714607959686,P/E de 17.8 nettement sous la mediane du secteur (25.2) ; ROE (44%) dans le haut du secteur ; marge superieure a la mediane du secteur,False
DINO,2026-08-07,82.91999816894531,Energy,Oil & Gas Refining & Marketing,HF Sinclair Corporation,7.912214,1.4333373,10.48,0.19504999,0.06132,32.261,14741836800.0,1.03,0.8449667909529324,,14.276671499999999,0.5833333333333334,0.2777777777777778,0.2222222222222222,1.0555555555555556,15.069819916666667,157.9317127266667,0.9046275472038579,0.37294201588170983,P/E de 7.9 nettement sous la mediane du secteur (14.3) ; dette plus faible que la mediane du secteur ; momentum (+84%) superieur au secteur (+37%),True
ABG,2026-08-07,215.9900054931641,Consumer Cyclical,Auto & Truck Dealerships,Asbury Automotive Group Inc,8.169062,0.9883045,26.44,0.13233,0.02834,140.969,3877434368.0,0.63,-0.0788741228728672,,19.929634,0.2727272727272727,0.16666666666666666,0.6060606060606061,0.7765151515151515,15.475662765151515,409.1765235106061,0.8944234136035345,0.01304814243517265,P/E de 8.2 nettement sous la mediane du secteur (19.9) ; PEG bas (0.63) : croissance qui justifie plus que le P/E actuel,False
ETV,2026-08-07,14.970000267028809,Financial Services,Asset Management,Eaton Vance Corporation Eaton V,7.8789477,0.95618296,1.9,0.123950005,11.10806,,1747815936.0,,0.1300200655600421,,13.562913,0.5070422535211268,0.9859154929577465,0.602112676056338,1.0994718309859155,14.912040789612677,28.332877500264086,0.8926437538325771,0.18265308238435407,P/E de 7.9 nettement sous la mediane du secteur (13.6) ; marge superieure a la mediane du secteur,False
BTG,2026-08-07,4.090000152587891,Basic Materials,Gold,B2Gold Corp,10.763159,1.4861919,0.38,0.16541,0.14758,14.0,5449588224.0,,-0.083953247174395,,19.09091,0.5135135135135135,0.5135135135135135,0.2972972972972973,1.0608108108108107,20.251843716216214,7.695700612162161,0.881589321529197,0.1923937749172761,P/E de 10.8 nettement sous la mediane du secteur (19.1) ; dette plus faible que la mediane du secteur,False
DAL,2026-08-07,91.9800033569336,Industrials,Airlines,"Delta Air Lines, Inc.",15.458824,2.757773,5.95,0.20125,0.05784,96.649,60488167424.0,0.21,0.4308287323649311,,29.493465,0.6021505376344086,0.3010752688172043,0.6021505376344086,0.9758064516129031,28.779913427419352,171.24048489314515,0.8617142709664489,0.1706663816928519,P/E de 15.5 nettement sous la mediane du secteur (29.5) ; momentum (+43%) superieur au secteur (+17%) ; PEG bas (0.21) : croissance qui justifie plus que le P/E actuel,True
CMC,2026-08-07,73.69000244140625,Industrials,Metal Fabrication,Commercial Metals Company,13.930058,1.7999513,5.29,0.13791999,0.06724,79.981,8151907840.0,13.13,0.2057739149478785,,29.493465,0.3225806451612903,0.3763440860215054,0.5053763440860215,0.8790322580645161,25.925707137096776,137.14699075524194,0.8611342951751533,0.1706663816928519,P/E de 13.9 nettement sous la mediane du secteur (29.5) ; momentum (+21%) superieur au secteur (+17%),False
ESTC,2026-08-07,69.94999694824219,Technology,Software - Application,Elastic N.V.,20.334301,5.7401934,3.44,0.33376998,0.21144,46.343,7327365120.0,1.37,-0.2265459345891967,,31.415586,0.76,0.7733333333333333,0.49333333333333335,1.2,37.6987032,129.683539008,0.8539463140213746,-0.0330984307600903,P/E de 20.3 nettement sous la mediane du secteur (31.4) ; ROE (33%) dans le haut du secteur ; marge superieure a la mediane du secteur,False
ACM,2026-08-07,74.93000030517578,Industrials,Engineering & Construction,AECOM,15.610416,4.230704,4.8,0.28608,0.03164,135.206,9630222336.0,0.76,-0.4126594235666,,29.493465,0.7956989247311828,0.10752688172043011,0.7741935483870968,0.9811827956989247,28.93848044354839,138.90470612903226,0.8537929475950827,0.1706663816928519,P/E de 15.6 nettement sous la mediane du secteur (29.5) ; ROE (29%) dans le haut du secteur ; PEG bas (0.76) : croissance qui justifie plus que le P/E actuel,False
FIZZ,2026-08-07,31.959999084472656,Consumer Defensive,Beverages - Non-Alcoholic,National Beverage Corp.,16.306122,4.6697836,1.96,0.34018,0.15556,9.271,2991842816.0,4.03,-0.1675682413537801,,21.142578,0.9090909090909091,0.9090909090909091,0.06060606060606061,1.4166666666666667,29.951985500000003,58.70589158000001,0.836855233469687,0.0711186143896602,P/E de 16.3 nettement sous la mediane du secteur (21.1) ; ROE (34%) dans le haut du secteur ; marge superieure a la mediane du secteur,False
CDW,2026-08-07,141.97000122070312,Technology,Information Technology Services,CDW Corporation,16.841043,7.049156,8.43,0.44009998,0.04597,263.278,17748723712.0,1.33,-0.0889613753990841,,31.415586,0.8666666666666667,0.16,0.96,0.9833333333333334,30.8919929,260.419500147,0.8343276601241847,-0.0330984307600903,P/E de 16.8 nettement sous la mediane du secteur (31.4) ; ROE (44%) dans le haut du secteur,False
FRO,2026-08-07,39.560001373291016,Energy,Oil & Gas Midstream,Frontline Plc,9.743843,3.099585,4.06,0.35009,0.40192002,92.619,8806962176.0,5.58,1.028152714424945,,14.276671499999999,0.8888888888888888,0.9444444444444444,0.7222222222222222,1.25,17.845839374999997,72.45410786249998,0.8314991240474896,0.37294201588170983,P/E de 9.7 nettement sous la mediane du secteur (14.3) ; ROE (35%) dans le haut du secteur ; marge superieure a la mediane du secteur,False
CPB,2026-08-07,22.559999465942383,Consumer Defensive,Packaged Foods,The Campbell's Company,11.058824,1.6690093,2.04,0.15389,0.061240003,182.035,6727532544.0,0.75,-0.2679068788807189,,21.142578,0.5757575757575758,0.5151515151515151,0.8484848484848485,0.9545454545454544,20.181551727272723,41.170365523636356,0.8249275930076612,0.0711186143896602,P/E de 11.1 nettement sous la mediane du secteur (21.1) ; PEG bas (0.75) : croissance qui justifie plus que le P/E actuel,False
EOG,2026-08-07,136.1999969482422,Energy,Oil & Gas E&P,"EOG Resources, Inc.",10.607476,2.3568907,12.84,0.22507,0.25733,25.891,72544002048.0,1.03,0.2326457688625687,,14.276671499999999,0.7777777777777778,0.8055555555555556,0.1111111111111111,1.3125,18.73813134375,240.59760645375,0.7665022896085694,0.37294201588170983,P/E de 10.6 nettement sous la mediane du secteur (14.3) ; ROE (23%) dans le haut du secteur ; marge superieure a la mediane du secteur,False
ESNT,2026-08-07,65.51000213623047,Financial Services,Insurance - Specialty,Essent Group Ltd.,9.318634,1.0703374,7.03,0.12088,0.53643,8.701,6036934144.0,,0.0641740406180364,,13.562913,0.5,0.9014084507042254,0.07042253521126761,1.2077464788732393,16.38056041901408,115.155339745669,0.7578283619377575,0.18265308238435407,P/E de 9.3 nettement sous la mediane du secteur (13.6) ; marge superieure a la mediane du secteur ; dette plus faible que la mediane du secteur,False
AN,2026-08-07,211.3300018310547,Consumer Cyclical,Auto & Truck Dealerships,"AutoNation, Inc.",9.792864,3.0989983,21.58,0.32766998,0.02822,501.585,6986740224.0,0.79,-0.0304911807501336,,19.929634,0.6363636363636364,0.15151515151515152,0.9696969696969697,0.8636363636363635,17.211956636363634,371.4340242127272,0.7576019542632939,0.01304814243517265,P/E de 9.8 nettement sous la mediane du secteur (19.9) ; PEG bas (0.79) : croissance qui justifie plus que le P/E actuel,False
EG,2026-08-07,370.3500061035156,Financial Services,Insurance - Reinsurance,"Everest Group, Ltd.",7.8864994,0.92887527,46.96,0.12572,0.11376,23.26,14200232960.0,0.97,0.1078116410270682,,13.562913,0.528169014084507,0.1619718309859155,0.14084507042253522,1.0193661971830985,13.82557504753521,649.2490042322535,0.7530687013159747,0.18265308238435407,P/E de 7.9 nettement sous la mediane du secteur (13.6) ; dette plus faible que la mediane du secteur ; PEG bas (0.97) : croissance qui justifie plus que le P/E actuel,False
AGCO,2026-08-07,101.62999725341795,Industrials,Farm & Heavy Construction Machinery,AGCO Corporation,14.056707,1.7434639,7.23,0.118269995,0.05154,66.053,7117324288.0,1.04,-0.0487344772972591,,29.493465,0.26881720430107525,0.23655913978494625,0.45161290322580644,0.8306451612903226,24.498603991935486,177.12490686169357,0.7428408112619194,0.1706663816928519,P/E de 14.1 nettement sous la mediane du secteur (29.5),False
CCEC,2026-08-07,22.75,Industrials,Marine Shipping,Capital Clean Energy Carriers C,13.787879,0.8864903,1.65,0.06587,0.28006,189.423,1367580800.0,4.02,0.0787124561182046,,29.493465,0.0967741935483871,0.9354838709677419,0.8709677419354839,0.814516129032258,24.022902943548385,39.63778985685483,0.7423204332683442,0.1706663816928519,P/E de 13.8 nettement sous la mediane du secteur (29.5) ; marge superieure a la mediane du secteur,False
AEM,2026-08-07,167.9199981689453,Basic Materials,Gold,Agnico Eagle Mines Limited,14.364414,2.9726667,11.69,0.22969,0.40438,1.12,85028790272.0,28.15,0.0170693548033866,,19.09091,0.6486486486486487,0.918918918918919,0.02702702702702703,1.2972972972972974,24.76658594594595,289.52138970810813,0.7241626540325408,0.1923937749172761,P/E de 14.4 nettement sous la mediane du secteur (19.1) ; marge superieure a la mediane du secteur ; dette plus faible que la mediane du secteur,False
CRON,2026-08-07,3.069999933242798,Healthcare,Drug Manufacturers - Specialty & Generic,Cronos Group Inc. Common Share,16.157894,1.0756832,0.19,0.07048,0.39075002,0.116,1131027456.0,,0.0884615490422451,,25.224413,0.21739130434782608,0.9565217391304348,0.021739130434782608,1.0923913043478262,27.55492941847826,5.235436589510869,0.7053539750343745,0.08108714607959686,P/E de 16.2 nettement sous la mediane du secteur (25.2) ; marge superieure a la mediane du secteur ; dette plus faible que la mediane du secteur,False
APAM,2026-08-07,43.04999923706055,Financial Services,Asset Management,Artisan Partners Asset Manageme,10.25,7.2768764,4.2,0.64552003,0.24084,57.111,3056396288.0,,-0.0932676704731415,,13.562913,0.9929577464788732,0.4154929577464789,0.2887323943661972,1.278169014084507,17.335695137323942,72.80991957676056,0.691287360443912,0.18265308238435407,P/E de 10.2 nettement sous la mediane du secteur (13.6) ; ROE (65%) dans le haut du secteur ; dette plus faible que la mediane du secteur,False
CALM,2026-08-07,84.8499984741211,Consumer Defensive,Farm Products,"Cal-Maine Foods, Inc.",12.797888,1.5141511,6.63,0.122200005,0.10876001,,3980914176.0,2.2,-0.2186472842568718,,21.142578,0.3939393939393939,0.7575757575757576,0.45454545454545453,1.022727272727273,21.62309113636364,143.36109423409093,0.6895827555944563,0.0711186143896602,P/E de 12.8 nettement sous la mediane du secteur (21.1) ; marge superieure a la mediane du secteur,False
BWLP,2026-08-07,21.57999992370605,Energy,Oil & Gas Midstream,BW LPG Limited,9.067226,1.7233669,2.38,0.20864001,0.1013,44.457,3276159232.0,,0.5523061245876666,,14.276671499999999,0.6388888888888888,0.3888888888888889,0.3888888888888889,1.0694444444444444,15.268107020833332,36.33809470958333,0.683878352087723,0.37294201588170983,P/E de 9.1 nettement sous la mediane du secteur (14.3) ; momentum (+55%) superieur au secteur (+37%),False
AEO,2026-08-07,17.719999313354492,Consumer Cyclical,Apparel Retail,"American Eagle Outfitters, Inc.",11.144653,1.8048482,1.59,0.17569,0.0496,114.064,2969399296.0,3.34,0.3641202080210062,,19.929634,0.4090909090909091,0.3787878787878788,0.45454545454545453,0.9356060606060607,18.646286356060607,29.647595306136367,0.6731149240955538,0.01304814243517265,P/E de 11.1 nettement sous la mediane du secteur (19.9) ; momentum (+36%) superieur au secteur (+1%),False
DLO,2026-08-07,14.770000457763672,Technology,Software - Infrastructure,DLocal Limited,23.078127,7.835544,0.64,0.34987,0.15845,19.827,4346355200.0,,0.0604148798914887,,31.415586,0.7866666666666666,0.6666666666666666,0.36,1.22,38.32701492,24.5292895488,0.6607507642903612,-0.0330984307600903,P/E de 23.1 nettement sous la mediane du secteur (31.4) ; ROE (35%) dans le haut du secteur ; momentum (+6%) superieur au secteur (-3%),False
DDS,2026-08-07,617.0700073242188,Consumer Cyclical,Department Stores,"Dillard's, Inc.",14.66421,4.7583685,42.08,0.33832002,0.09946,27.417,9636813824.0,2.24,0.1539023840612088,,19.929634,0.6515151515151515,0.6818181818181818,0.12121212121212122,1.2159090909090908,24.232623159090906,1019.7087825345453,0.652500964933098,0.01304814243517265,P/E de 14.7 nettement sous la mediane du secteur (19.9) ; dette plus faible que la mediane du secteur ; momentum (+15%) superieur au secteur (+1%),False
EPAC,2026-08-07,37.459999084472656,Industrials,Specialty Industrial Machinery,Enerpac Tool Group Corp.,21.28409,4.517062,1.76,0.21645,0.14717,43.58,1930807040.0,0.34,-0.155047407033838,,29.493465,0.6451612903225806,0.7419354838709677,0.2903225806451613,1.185483870967742,34.96402705645161,61.536687619354836,0.6427306226193177,0.1706663816928519,P/E de 21.3 nettement sous la mediane du secteur (29.5) ; dette plus faible que la mediane du secteur ; PEG bas (0.34) : croissance qui justifie plus que le P/E actuel,False
BLX,2026-08-07,57.790000915527344,Financial Services,Banks - Regional,"Bladex, Inc. Class E",9.5363035,1.2364408,6.06,0.14736,0.71194,,2151533824.0,1.77,0.3036416872657521,,13.562913,0.6267605633802817,0.9436619718309859,0.602112676056338,1.148767605633803,15.58063509242958,94.41864866012325,0.6338232767661078,0.18265308238435407,P/E de 9.5 nettement sous la mediane du secteur (13.6) ; marge superieure a la mediane du secteur ; momentum (+30%) superieur au secteur (+18%),False
CENX,2026-08-07,45.95000076293945,Basic Materials,Aluminum,Century Aluminum Company,13.675596,3.9516683,3.36,0.32259998,0.13676,42.499,4547857408.0,0.06,1.0049261357244692,,19.09091,0.8918918918918919,0.4864864864864865,0.5945945945945946,1.168918918918919,22.315725878378384,74.98083895135137,0.631791897854036,0.1923937749172761,P/E de 13.7 nettement sous la mediane du secteur (19.1) ; ROE (32%) dans le haut du secteur ; momentum (+100%) superieur au secteur (+19%),True
EXLS,2026-08-07,34.65999984741211,Technology,Information Technology Services,"ExlService Holdings, Inc.",21.263803,6.0711155,1.63,0.25944,0.11174,56.585,5295456256.0,1.03,-0.224988550679884,,31.415586,0.72,0.5066666666666667,0.5333333333333333,1.1033333333333333,34.66186322,56.498837048599995,0.6300876311982582,-0.0330984307600903,P/E de 21.3 nettement sous la mediane du secteur (31.4),False
FOX,2026-08-07,55.369998931884766,Communication Services,Entertainment,Fox Corporation,14.4192705,2.1240602,3.84,0.14291,0.09839,55.917,23236028416.0,,-0.0378854841582878,,21.33342,0.5833333333333334,0.75,0.5833333333333334,1.0833333333333335,23.111205,88.7470272,0.6027998719879892,-0.10533193018810935,P/E de 14.4 nettement sous la mediane du secteur (21.3) ; marge superieure a la mediane du secteur ; momentum (-4%) superieur au secteur (-11%),False
FRMEP,2026-08-07,25.149999618530277,Financial Services,Banks - Regional,First Merchants Corporation - D,6.60105,0.5854964,3.81,0.07372,0.28958,,,,0.0611920597809294,,13.562913,0.08098591549295775,0.545774647887324,0.602112676056338,0.7764084507042254,10.530360269366197,40.12067262628521,0.5952553970110079,0.18265308238435407,P/E de 6.6 nettement sous la mediane du secteur (13.6),False
BFH,2026-08-07,109.9499969482422,Financial Services,Credit Services,"Bread Financial Holdings, Inc.",8.97551,1.2645053,12.25,0.17424999,0.21364,,4442756608.0,4.0,0.647677998984985,,13.562913,0.7464788732394366,0.33098591549295775,0.602112676056338,1.0554577464788732,14.315081590669013,175.3597494856954,0.5949045416367238,0.18265308238435407,P/E de 9.0 nettement sous la mediane du secteur (13.6) ; momentum (+65%) superieur au secteur (+18%),False
ALLE,2026-08-07,168.6999969482422,Industrials,Security & Protection Services,Allegion plc,22.11009,6.773196,7.63,0.3373,0.15357,104.895,14345705472.0,2.41,-0.0656824994728516,,29.493465,0.8279569892473119,0.7634408602150538,0.6451612903225806,1.1935483870967742,35.20187758064516,268.59032594032254,0.5921181434444667,0.1706663816928519,P/E de 22.1 nettement sous la mediane du secteur (29.5) ; ROE (34%) dans le haut du secteur ; marge superieure a la mediane du secteur,False
CCL,2026-08-07,28.790000915527344,Consumer Cyclical,Travel Services,Carnival Corporation Ltd.,12.968469,3.0459163,2.22,0.26689,0.11237001,201.556,39432200192.0,1.03,-0.1185426319022848,,19.929634,0.5454545454545454,0.7424242424242424,0.696969696969697,1.034090909090909,20.60905334090909,45.75209841681818,0.5891662716878432,0.01304814243517265,P/E de 13.0 nettement sous la mediane du secteur (19.9),False
DRH,2026-08-07,12.635000228881836,Real Estate,REIT - Hotel & Motel,Diamondrock Hospitality Company,17.54861,1.6962008,0.72,0.09911,0.13524,78.244,2595091456.0,2.52,0.6099785380973415,,26.7375525,0.5526315789473685,0.3157894736842105,0.2631578947368421,1.0394736842105263,27.792982203947368,20.010947186842102,0.5837710189430696,0.1144081378085697,P/E de 17.5 nettement sous la mediane du secteur (26.7) ; dette plus faible que la mediane du secteur ; momentum (+61%) superieur au secteur (+11%),False
ACT,2026-08-07,48.66999816894531,Financial Services,Insurance - Specialty,"Enact Holdings, Inc.",10.534632,1.2778302,4.62,0.12869,0.54507,13.812,6794368512.0,,0.277286241395196,,13.562913,0.5422535211267606,0.9154929577464789,0.08450704225352113,1.2288732394366197,16.667100834507043,77.00200585542254,0.5821246918508192,0.18265308238435407,P/E de 10.5 nettement sous la mediane du secteur (13.6) ; marge superieure a la mediane du secteur ; dette plus faible que la mediane du secteur,False
BTI,2026-08-07,58.72999954223633,Consumer Defensive,Tobacco,British American Tobacco  Indus,15.02046,10.185789,3.91,0.13424,0.24992001,72.154,126655332352.0,1.56,0.1273643916276408,,21.142578,0.45454545454545453,1.0,0.42424242424242425,1.1212121212121213,23.70531472727273,92.68778058363637,0.5782016227835813,0.0711186143896602,P/E de 15.0 nettement sous la mediane du secteur (21.1) ; marge superieure a la mediane du secteur ; momentum (+13%) superieur au secteur (+7%),False
ARW,2026-08-07,222.2899932861328,Technology,Electronics & Computer Distribution,"Arrow Electronics, Inc.",16.2374,1.6843724,13.69,0.113299996,0.02168,36.178,11366563840.0,0.95,0.7143196721697591,,31.415586,0.30666666666666664,0.08,0.44,0.8133333333333334,25.55134328,349.7978895032,0.5736105990742388,-0.0330984307600903,P/E de 16.2 nettement sous la mediane du secteur (31.4) ; momentum (+71%) superieur au secteur (-3%) ; PEG bas (0.95) : croissance qui justifie plus que le P/E actuel,False
DFH,2026-08-07,14.020000457763672,Consumer Cyclical,Residential Construction,"Dream Finders Homes, Inc.",9.943263,0.8902153,1.41,0.09423,0.03549,112.734,1271948800.0,,-0.5397625210329964,,19.929634,0.16666666666666666,0.24242424242424243,0.4393939393939394,0.784090909090909,15.626644840909089,22.033569225681813,0.5715812058679763,0.01304814243517265,P/E de 9.9 nettement sous la mediane du secteur (19.9),False
FSLR,2026-08-07,244.13999938964844,Technology,Solar,"First Solar, Inc.",24.93769,2.542304,9.79,0.18509,0.32465,1.88,26237675520.0,0.66,0.0811516785684021,,31.415586,0.56,0.9333333333333333,0.06666666666666667,1.2466666666666668,39.16476388,383.4230383852,0.5705047896443027,-0.0330984307600903,P/E de 24.9 nettement sous la mediane du secteur (31.4) ; marge superieure a la mediane du secteur ; dette plus faible que la mediane du secteur,False
CHH,2026-08-07,109.7300033569336,Consumer Cyclical,Lodging,"Choice Hotels International, In",15.834056,34.968132,6.93,5.66362,0.32631,1481.726,4938796544.0,2.4,-0.0572212342392705,,19.929634,1.0,0.9848484848484849,1.0,1.246212121212121,24.83655146212121,172.1173016325,0.5685527783374873,0.01304814243517265,P/E de 15.8 nettement sous la mediane du secteur (19.9) ; ROE (566%) dans le haut du secteur ; marge superieure a la mediane du secteur,False
CSL,2026-08-07,382.8299865722656,Industrials,Building Products & Equipment,Carlisle Companies Incorporated,21.739351,9.399675,17.61,0.39183,0.14214,178.698,15203760128.0,1.28,-0.0583855822211109,,29.493465,0.8817204301075269,0.7204301075268817,0.8602150537634409,1.1559139784946237,34.09190846774194,600.3585081169355,0.5682118150993056,0.1706663816928519,P/E de 21.7 nettement sous la mediane du secteur (29.5) ; ROE (39%) dans le haut du secteur,False
ADP,2026-08-07,273.510009765625,Technology,Software - Application,"Automatic Data Processing, Inc.",24.685019,18.040367,11.08,0.72239,0.20109,91.436,108655337472.0,2.52,-0.0992768206807642,,31.415586,0.9466666666666667,0.7333333333333333,0.72,1.2266666666666668,38.53645216,426.9838899328,0.5611271057270963,-0.0330984307600903,P/E de 24.7 nettement sous la mediane du secteur (31.4) ; ROE (72%) dans le haut du secteur,False
BRSL,2026-08-07,11.06999969482422,Consumer Cyclical,Gambling,Brightstar Lottery PLC Trading ,11.652632,2.4075685,0.95,0.15182,0.10049,219.168,2033425536.0,,-0.3644094637077708,,19.929634,0.3333333333333333,0.696969696969697,0.7424242424242424,0.9053030303030303,18.042358053030302,17.140240150378787,0.5483505531073056,0.01304814243517265,P/E de 11.7 nettement sous la mediane du secteur (19.9),False
CNM,2026-08-07,45.4900016784668,Industrials,Industrial Distribution,"Core & Main, Inc.",19.275425,4.189152,2.36,0.23888001,0.058720004,115.941,8804135936.0,1.26,-0.3206118604546987,,29.493465,0.7096774193548387,0.3118279569892473,0.7204301075268817,1.0026881720430108,29.572748508064517,69.79168647903225,0.5342203540095478,0.1706663816928519,P/E de 19.3 nettement sous la mediane du secteur (29.5),False
CDNA,2026-08-07,44.810001373291016,Healthcare,Diagnostics & Research,"CareDx, Inc.",21.54327,5.420346,2.08,0.29487,0.24234,4.522,2318210560.0,,2.199853555836864,,25.224413,0.717391304347826,0.8478260869565217,0.08695652173913043,1.2989130434782608,32.7643190597826,68.1497836443478,0.5208610032529135,0.08108714607959686,marge superieure a la mediane du secteur ; dette plus faible que la mediane du secteur ; momentum (+220%) superieur au secteur (+8%),False
DBRG,2026-08-07,15.9399995803833,Financial Services,Asset Management,"DigitalBridge Group, Inc.",10.025157,1.9186326,1.59,0.10207,0.5434,12.081,2946995968.0,3.06,0.3947644350302943,,13.562913,0.31690140845070425,0.9084507042253521,0.07746478873239436,1.1161971830985917,15.13888528521127,24.07082760348592,0.5100896008246383,0.18265308238435407,P/E de 10.0 nettement sous la mediane du secteur (13.6) ; marge superieure a la mediane du secteur ; dette plus faible que la mediane du secteur,False
CNQ,2026-08-07,45.45000076293945,Energy,Oil & Gas E&P,Canadian Natural Resources Limi,11.805195,2.9872463,3.85,0.22825001,0.25134,44.85,94795522048.0,3.42,0.5364102284217722,,14.276671499999999,0.8055555555555556,0.7777777777777778,0.4166666666666667,1.2430555555555554,17.746695822916664,68.32477891822916,0.5032954405127779,0.37294201588170983,P/E de 11.8 nettement sous la mediane du secteur (14.3) ; ROE (23%) dans le haut du secteur ; marge superieure a la mediane du secteur,False
BRC,2026-08-07,98.23999786376952,Industrials,Security & Protection Services,Brady Corporation,22.327272,3.449317,4.4,0.16695999,0.12927,6.586,4628360704.0,1.67,0.2220000532071604,,29.493465,0.4731182795698925,0.6559139784946236,0.053763440860215055,1.1370967741935485,33.53692391129032,147.56246520967744,0.5020609570279504,0.1706663816928519,P/E de 22.3 nettement sous la mediane du secteur (29.5) ; dette plus faible que la mediane du secteur ; momentum (+22%) superieur au secteur (+17%),True
CNI,2026-08-07,126.4000015258789,Industrials,Railroads,Canadian National Railway Compa,22.815886,4.891496,5.54,0.22017999,0.26924,103.89,76459360256.0,2.82,0.3388057589864122,,29.493465,0.6666666666666666,0.9247311827956989,0.6344086021505376,1.1559139784946235,34.09190846774193,188.8691729112903,0.49421812208302507,0.1706663816928519,P/E de 22.8 nettement sous la mediane du secteur (29.5) ; marge superieure a la mediane du secteur ; momentum (+34%) superieur au secteur (+17%),False
CMBT,2026-08-07,16.40999984741211,Energy,Oil & Gas Midstream,CMB.TECH NV,9.431034,1.6189818,1.74,0.16806999,0.24891001,178.302,4761685504.0,,0.9819631285587932,,14.276671499999999,0.5277777777777778,0.75,0.8611111111111112,0.986111111111111,14.078384395833332,24.496388848749998,0.4927720339140118,0.37294201588170983,P/E de 9.4 nettement sous la mediane du secteur (14.3) ; marge superieure a la mediane du secteur ; momentum (+98%) superieur au secteur (+37%),False
EME,2026-08-07,808.4299926757812,Industrials,Engineering & Construction,"EMCOR Group, Inc.",25.575134,8.768316,31.61,0.40348998,0.07738,13.432,35659767808.0,0.4,0.2887290913454343,,29.493465,0.9032258064516129,0.45161290322580644,0.08602150537634409,1.293010752688172,38.13536737903226,1205.4589628512097,0.49111113364476067,0.1706663816928519,ROE (40%) dans le haut du secteur ; dette plus faible que la mediane du secteur ; momentum (+29%) superieur au secteur (+17%),True
EPR,2026-08-07,61.34000015258789,Real Estate,REIT - Specialty,EPR Properties,19.597443,2.0333476,3.13,0.113170005,0.35626,152.233,4699191296.0,,0.21535314888057,,26.7375525,0.631578947368421,0.7631578947368421,0.6578947368421053,1.092105263157895,29.200221809210532,91.39669426282896,0.49000153302042326,0.1144081378085697,P/E de 19.6 nettement sous la mediane du secteur (26.7) ; marge superieure a la mediane du secteur ; momentum (+22%) superieur au secteur (+11%),False
CUBI,2026-08-07,82.05000305175781,Financial Services,Banks - Regional,"Customers Bancorp, Inc",9.933414,1.2563161,8.26,0.14325,0.3525,,2775348480.0,1.18,0.0975031053944042,,13.562913,0.6056338028169014,0.7535211267605634,0.602112676056338,1.090669014084507,14.792648949823944,122.18728032554577,0.48918069202836034,0.18265308238435407,P/E de 9.9 nettement sous la mediane du secteur (13.6) ; marge superieure a la mediane du secteur,False
AWI,2026-08-07,183.97000122070312,Industrials,Building Products & Equipment,Armstrong World Industries Inc,25.51595,8.805763,7.21,0.36618,0.18597001,65.589,7775091712.0,2.02,-0.1025813706761512,,29.493465,0.8494623655913979,0.8602150537634409,0.43010752688172044,1.2822580645161292,37.8182333467742,272.669462430242,0.4821408959123117,0.1706663816928519,ROE (37%) dans le haut du secteur ; marge superieure a la mediane du secteur,False
DOCS,2026-08-07,20.65999984741211,Healthcare,Health Information Services,"Doximity, Inc.",21.081633,3.9776666,0.98,0.19282,0.30402002,1.071,3713708032.0,0.59,-0.6922284501616613,,25.224413,0.5434782608695652,0.8695652173913043,0.043478260869565216,1.2282608695652175,30.982159445652176,30.36251625673913,0.4696280968531743,0.08108714607959686,P/E de 21.1 nettement sous la mediane du secteur (25.2) ; marge superieure a la mediane du secteur ; dette plus faible que la mediane du secteur,False
AEE,2026-08-07,108.2699966430664,Utilities,Utilities - Regulated Electric,Ameren Corporation,19.061619,2.1896172,5.68,0.11943,0.18583,157.846,29973819392.0,2.89,0.1298165908150079,,21.70884,0.88,0.84,0.44,1.2899999999999998,28.004403599999993,159.06501244799995,0.46915135660703333,0.1355532058243795,ROE (12%) dans le haut du secteur ; marge superieure a la mediane du secteur,False
CVE,2026-08-07,28.25,Energy,Oil & Gas Integrated,Cenovus Energy Inc,11.035156,2.1436164,2.56,0.20933,0.12365,33.995,52099919872.0,,0.8391861650995065,,14.276671499999999,0.6666666666666666,0.4722222222222222,0.2777777777777778,1.1319444444444444,16.16039898958333,41.37062141333333,0.46444677569321535,0.37294201588170983,P/E de 11.0 nettement sous la mediane du secteur (14.3) ; dette plus faible que la mediane du secteur ; momentum (+84%) superieur au secteur (+37%),False
EXPD,2026-08-07,178.55999755859375,Industrials,Integrated Freight & Logistics,Expeditors International of Was,25.991266,10.957962,6.87,0.4267,0.07634,26.745,23211124736.0,3.88,0.4073701714636333,,29.493465,0.9247311827956989,0.44086021505376344,0.16129032258064516,1.282258064516129,37.81823334677419,259.8112630923387,0.4550362155279639,0.1706663816928519,ROE (43%) dans le haut du secteur ; dette plus faible que la mediane du secteur ; momentum (+41%) superieur au secteur (+17%),False
CHDN,2026-08-07,86.87999725341797,Consumer Cyclical,Gambling,"Churchill Downs, Incorporated",14.750424,4.5351567,5.89,0.33848,0.13804,349.173,6055556608.0,1.69,-0.1841584816360585,,19.929634,0.6666666666666666,0.8484848484848485,0.8787878787878788,1.0757575757575757,21.439454757575756,126.2783885221212,0.45348057682118825,0.01304814243517265,P/E de 14.8 nettement sous la mediane du secteur (19.9) ; marge superieure a la mediane du secteur,False
CVSA,2026-08-07,124.26000213623048,Consumer Defensive,Education & Training Services,Covista Inc.,18.087337,3.0992167,6.87,0.17854,0.122559994,53.976,4228678144.0,0.88,-0.0465826545725854,,21.142578,0.696969696969697,0.8181818181818182,0.24242424242424243,1.2424242424242427,26.26805145454546,180.4615134927273,0.4522896377780614,0.0711186143896602,marge superieure a la mediane du secteur ; dette plus faible que la mediane du secteur ; PEG bas (0.88) : croissance qui justifie plus que le P/E actuel,False
CCS,2026-08-07,68.91000366210938,Real Estate,Real Estate - Development,"Century Communities, Inc.",15.145055,0.7636304,4.55,0.052210003,0.03407,66.068,1959291904.0,,0.0350549962873316,,26.7375525,0.15789473684210525,0.13157894736842105,0.15789473684210525,0.8223684210526316,21.988118832236843,100.04594068667764,0.45183478986939263,0.1144081378085697,P/E de 15.1 nettement sous la mediane du secteur (26.7) ; dette plus faible que la mediane du secteur,False
FRPT,2026-08-07,66.7300033569336,Consumer Defensive,Packaged Foods,"Freshpet, Inc.",18.433702,2.598318,3.62,0.17622,0.17283002,39.885,3206915328.0,4.52,0.0666428025983678,,21.142578,0.6666666666666666,0.9393939393939394,0.21212121212121213,1.2651515151515151,26.74856459090909,96.82980381909091,0.4510684691735414,0.0711186143896602,marge superieure a la mediane du secteur ; dette plus faible que la mediane du secteur,False
FCN,2026-08-07,150.8699951171875,Industrials,Consulting Services,"FTI Consulting, Inc.",18.557196,2.684806,8.13,0.15634,0.06443,95.02,4165758464.0,0.96,-0.054909834798092,,29.493465,0.43010752688172044,0.3655913978494624,0.5913978494623656,0.9086021505376345,26.797825725806454,217.8663231508065,0.4440666149792074,0.1706663816928519,P/E de 18.6 nettement sous la mediane du secteur (29.5) ; PEG bas (0.96) : croissance qui justifie plus que le P/E actuel,False
FG,2026-08-07,29.18000030517578,Financial Services,Insurance - Life,"F&G Annuities & Life, Inc.",7.5595856,0.8237121,3.86,0.09167,0.068330005,47.699,3865912064.0,,-0.1451485986149256,,13.562913,0.20422535211267606,0.056338028169014086,0.24647887323943662,0.8045774647887324,10.91241415669014,42.12191864482394,0.44352015778946363,0.18265308238435407,P/E de 7.6 nettement sous la mediane du secteur (13.6) ; dette plus faible que la mediane du secteur,False
FR,2026-08-07,63.38999938964844,Real Estate,REIT - Industrial,"First Industrial Realty Trust, ",23.305147,3.027799,2.72,0.1363,0.47917998,90.051,8685472768.0,,0.2937693672129646,,26.7375525,0.7631578947368421,0.8421052631578947,0.34210526315789475,1.256578947368421,33.59784557565789,91.38613996578947,0.44164916935955656,0.1144081378085697,ROE (14%) dans le haut du secteur ; marge superieure a la mediane du secteur ; dette plus faible que la mediane du secteur,False
ANDE,2026-08-07,67.94999694824219,Consumer Defensive,Food Distribution,"The Andersons, Inc.",13.143132,1.7365192,5.17,0.12159,0.016210001,66.35,2313972992.0,0.89,0.7556579821869507,,21.142578,0.36363636363636365,0.18181818181818182,0.3333333333333333,0.8939393939393939,18.900183363636362,97.71394799,0.438027260905238,0.0711186143896602,P/E de 13.1 nettement sous la mediane du secteur (21.1) ; dette plus faible que la mediane du secteur ; momentum (+76%) superieur au secteur (+7%),False
FHI,2026-08-07,63.25,Financial Services,Asset Management,"Federated Hermes, Inc.",11.756505,3.6068661,5.38,0.31137,0.21295999,32.354,4722262528.0,2.48,0.1524361600393926,,13.562913,0.9295774647887324,0.323943661971831,0.19718309859154928,1.2464788732394367,16.90588451408451,90.95365868577466,0.43800250886600245,0.18265308238435407,ROE (31%) dans le haut du secteur ; dette plus faible que la mediane du secteur,False
FOXA,2026-08-07,61.790000915527344,Communication Services,Entertainment,Fox Corporation,16.091146,2.3703392,3.84,0.14291,0.09839,55.917,25930182656.0,25.83,-0.0153223660550858,,21.33342,0.5833333333333334,0.75,0.5833333333333334,1.0833333333333335,23.111205,88.7470272,0.4362684234513188,-0.10533193018810935,P/E de 16.1 nettement sous la mediane du secteur (21.3) ; marge superieure a la mediane du secteur ; momentum (-2%) superieur au secteur (-11%),False
CDE,2026-08-07,15.649999618530272,Basic Materials,Gold,"Coeur Mining, Inc.",14.099098,1.5548933,1.11,0.12848,0.26817,6.775,16087182336.0,3.75,0.1351135932713907,,19.09091,0.35135135135135137,0.6486486486486487,0.13513513513513514,1.054054054054054,20.12285108108108,22.3363647,0.42724378558787857,0.1923937749172761,P/E de 14.1 nettement sous la mediane du secteur (19.1) ; dette plus faible que la mediane du secteur,False
DAVE,2026-08-07,365.260009765625,Technology,Software - Application,Dave Inc.,27.629349,22.78887,13.22,1.04779,0.34589002,129.139,4659076608.0,,0.7479129551999035,,31.415586,0.96,0.9466666666666667,0.8666666666666667,1.25,39.2694825,519.1425586500001,0.42129591187142634,-0.0330984307600903,ROE (105%) dans le haut du secteur ; marge superieure a la mediane du secteur ; momentum (+75%) superieur au secteur (-3%),False
ALV,2026-08-07,120.56999969482422,Consumer Cyclical,Auto Parts,"Autoliv, Inc.",14.509025,3.5462806,8.31,0.25858,0.05804,87.525,8830211072.0,0.85,0.0149112218020983,,19.929634,0.5303030303030303,0.42424242424242425,0.3484848484848485,1.0340909090909092,20.609053340909092,171.26123326295456,0.42042990541955194,0.01304814243517265,P/E de 14.5 nettement sous la mediane du secteur (19.9) ; dette plus faible que la mediane du secteur ; momentum (+1%) superieur au secteur (+1%),True
BGR,2026-08-07,16.0,Financial Services,Asset Management,BlackRock Energy and Resources ,10.0,1.127952,1.6,0.112110004,2.994,,407298752.0,,0.3049008112839397,,13.562913,0.4154929577464789,0.9577464788732394,0.602112676056338,1.0466549295774648,14.19568975088028,22.71310360140845,0.41956897508802804,0.18265308238435407,P/E de 10.0 nettement sous la mediane du secteur (13.6) ; marge superieure a la mediane du secteur ; momentum (+30%) superieur au secteur (+18%),False
AGO,2026-08-07,82.56999969482422,Financial Services,Insurance - Specialty,Assured Guaranty Ltd.,9.479908,0.66403425,8.71,0.07896,0.50983,30.643,3656402944.0,0.33,0.0158266104381632,,13.562913,0.11971830985915492,0.8943661971830986,0.176056338028169,0.9894366197183099,13.419642792253521,116.88508872052817,0.41558785457831293,0.18265308238435407,P/E de 9.5 nettement sous la mediane du secteur (13.6) ; marge superieure a la mediane du secteur ; dette plus faible que la mediane du secteur,False
BDC,2026-08-07,129.19000244140625,Technology,Communication Equipment,Belden Inc,20.803543,3.6367989,6.21,0.18643999,0.08522,97.069,5048511488.0,1.05,-0.0456816128095441,,31.415586,0.5733333333333334,0.3333333333333333,0.7466666666666667,0.9333333333333333,29.3212136,182.084736456,0.40943364823128636,-0.0330984307600903,P/E de 20.8 nettement sous la mediane du secteur (31.4),False
AR,2026-08-07,34.900001525878906,Energy,Oil & Gas E&P,Antero Resources Corporation,10.0,1.2946064,3.49,0.14216,0.18746,55.493,10729621504.0,0.45,0.1322054919570179,,14.276671499999999,0.4444444444444444,0.5833333333333334,0.5555555555555556,0.9791666666666667,13.97924084375,48.787550544687505,0.39792402325572285,0.37294201588170983,P/E de 10.0 nettement sous la mediane du secteur (14.3) ; PEG bas (0.45) : croissance qui justifie plus que le P/E actuel,False
BSX,2026-08-07,49.29999923706055,Healthcare,Medical Devices,Boston Scientific Corporation,19.333334,2.8609562,2.55,0.15338999,0.17499,50.151,71447019520.0,0.69,-0.5570616157133997,,25.224413,0.45652173913043476,0.7391304347826086,0.3695652173913043,1.0706521739130435,27.006572614130434,68.8667601660326,0.3968917085553023,0.08108714607959686,P/E de 19.3 nettement sous la mediane du secteur (25.2) ; PEG bas (0.69) : croissance qui justifie plus que le P/E actuel,False
ASIC,2026-08-07,25.3799991607666,Financial Services,Insurance - Property & Casualty,Ategrity Specialty Insurance Co,11.749999,1.8339475,2.16,0.18595,0.20669001,0.525,1219068672.0,,0.0609541124257364,,13.562913,0.7746478873239436,0.3028169014084507,0.035211267605633804,1.204225352112676,16.33280368309859,35.27885595549296,0.39002589133369225,0.18265308238435407,ROE (19%) dans le haut du secteur ; dette plus faible que la mediane du secteur,False
CPAY,2026-08-07,398.2799987792969,Technology,Software - Infrastructure,"Corpay, Inc.",24.21155,7.5039563,16.45,0.29215,0.22723,272.262,26032345088.0,0.95,0.1733041716975643,,31.415586,0.7333333333333333,0.7866666666666666,0.9733333333333334,1.07,33.61467702,552.961436979,0.3883736031781462,-0.0330984307600903,P/E de 24.2 nettement sous la mediane du secteur (31.4) ; marge superieure a la mediane du secteur ; momentum (+17%) superieur au secteur (-3%),False
DCI,2026-08-07,98.33999633789062,Industrials,Specialty Industrial Machinery,"Donaldson Company, Inc.",26.223999,6.723183,3.75,0.27777,0.11525,35.882,11398692864.0,1.86,0.1943119415965799,,29.493465,0.7741935483870968,0.5913978494623656,0.22580645161290322,1.2284946236559142,36.232563185483876,135.87211194556454,0.3816566707885132,0.1706663816928519,ROE (28%) dans le haut du secteur ; dette plus faible que la mediane du secteur ; momentum (+19%) superieur au secteur (+17%),True
CARG,2026-08-07,36.380001068115234,Consumer Cyclical,Auto & Truck Dealerships,"CarGurus, Inc.",19.14737,13.7907505,1.9,0.5848,0.15889,79.28,3281006592.0,1.11,0.0473989386321023,,19.929634,0.8636363636363636,0.8787878787878788,0.30303030303030304,1.325757575757576,26.42186325757576,50.201540189393945,0.37992135006814,0.01304814243517265,ROE (58%) dans le haut du secteur ; marge superieure a la mediane du secteur ; dette plus faible que la mediane du secteur,True
AVA,2026-08-07,38.41999816894531,Utilities,Utilities - Diversified,Avista Corporation,14.021897,1.1406348,2.74,0.08306,0.11829001,119.709,3217783552.0,2.46,0.1471587287368767,,21.70884,0.24,0.4,0.32,0.89,19.3208676,52.939177224000005,0.37790681278039395,0.1355532058243795,P/E de 14.0 nettement sous la mediane du secteur (21.7) ; dette plus faible que la mediane du secteur ; momentum (+15%) superieur au secteur (+14%),False
DHI,2026-08-07,146.00999450683594,Consumer Cyclical,Residential Construction,"D.R. Horton, Inc.",14.427865,1.7208419,10.12,0.12632,0.09154,29.451,40839184384.0,1.23,-0.1482950132137558,,19.929634,0.24242424242424243,0.6515151515151515,0.15151515151515152,0.9962121212121212,19.854142962121212,200.92392677666666,0.3760970778425703,0.01304814243517265,P/E de 14.4 nettement sous la mediane du secteur (19.9) ; dette plus faible que la mediane du secteur,False
EQNR,2026-08-07,39.459999084472656,Energy,Oil & Gas Integrated,Equinor ASA,10.693767,4.455233,3.69,0.21270001,0.0797,75.162,93732347904.0,0.95,0.7359743141776183,,14.276671499999999,0.7222222222222222,0.3333333333333333,0.6666666666666666,1.0277777777777777,14.673245708333331,54.14427666374999,0.3721307126196953,0.37294201588170983,P/E de 10.7 nettement sous la mediane du secteur (14.3) ; momentum (+74%) superieur au secteur (+37%) ; PEG bas (0.95) : croissance qui justifie plus que le P/E actuel,True
CRM,2026-08-07,186.7700042724609,Technology,Software - Application,"Salesforce, Inc.",22.367664,4.4680753,8.35,0.16908,0.18733,124.282,152964628480.0,0.78,-0.2757950609077051,,31.415586,0.52,0.7066666666666667,0.84,0.9766666666666668,30.682555660000006,256.19933976100003,0.3717370771553621,-0.0330984307600903,P/E de 22.4 nettement sous la mediane du secteur (31.4) ; PEG bas (0.78) : croissance qui justifie plus que le P/E actuel,False
AYI,2026-08-07,357.0,Industrials,Electrical Equipment & Parts,Acuity Inc.,23.68945,3.7433941,15.07,0.17378001,0.10253,28.206,10686990336.0,1.42,0.0083099700149924,,29.493465,0.5053763440860215,0.5483870967741935,0.1827956989247312,1.0940860215053763,32.26838778225806,486.28460387862896,0.3621417475591848,0.1706663816928519,P/E de 23.7 nettement sous la mediane du secteur (29.5) ; dette plus faible que la mediane du secteur,False
CASH,2026-08-07,88.62999725341797,Financial Services,Banks - Regional,"Pathward Financial, Inc.",11.092616,2.1898549,7.99,0.21176,0.23382999,,1870982272.0,0.2,0.1131480478752697,,13.562913,0.823943661971831,0.4014084507042254,0.602112676056338,1.1117957746478873,15.0791893653169,120.48272302888203,0.35938989916008013,0.18265308238435407,P/E de 11.1 nettement sous la mediane du secteur (13.6) ; ROE (21%) dans le haut du secteur ; PEG bas (0.20) : croissance qui justifie plus que le P/E actuel,False
BRX,2026-08-07,30.14999961853028,Real Estate,REIT - Retail,Brixmor Property Group Inc.,22.0073,3.0618463,1.37,0.14413,0.30822,176.202,9252200448.0,,0.1754133683503074,,26.7375525,0.7894736842105263,0.6578947368421053,0.7631578947368421,1.118421052631579,29.903841611842108,40.968263008223694,0.3588147106656836,0.1144081378085697,P/E de 22.0 nettement sous la mediane du secteur (26.7) ; ROE (14%) dans le haut du secteur ; momentum (+18%) superieur au secteur (+11%),False
AMG,2026-08-07,372.1799926757813,Financial Services,Asset Management,"Affiliated Managers Group, Inc.",13.072708,3.2342105,28.47,0.24257,0.37719002,71.457,9830048768.0,0.93,0.6313882557917667,,13.562913,0.8732394366197183,0.8098591549295775,0.33098591549295775,1.306338028169014,17.717749024647887,504.4243147317253,0.3553235656360134,0.18265308238435407,ROE (24%) dans le haut du secteur ; marge superieure a la mediane du secteur ; dette plus faible que la mediane du secteur,True
FDX,2026-08-07,315.8699951171875,Industrials,Integrated Freight & Logistics,FedEx Corporation,17.037216,2.3954406,18.54,0.14846,0.0468,135.697,74728898560.0,1.31,0.6831046280651474,,29.493465,0.3655913978494624,0.1827956989247312,0.7849462365591398,0.782258064516129,23.071500846774192,427.7456256991935,0.3541825191104342,0.1706663816928519,P/E de 17.0 nettement sous la mediane du secteur (29.5) ; momentum (+68%) superieur au secteur (+17%),False
ATO,2026-08-07,171.97999572753906,Utilities,Utilities - Regulated Gas,Atmos Energy Corporation,20.522673,1.9255012,8.38,0.096,0.27579,64.588,29062651904.0,2.07,0.0577614613766028,,21.70884,0.56,1.0,0.04,1.27,27.570226799999997,231.038500584,0.34340333947923174,0.1355532058243795,marge superieure a la mediane du secteur ; dette plus faible que la mediane du secteur,False
CENTA,2026-08-07,40.59999847412109,Consumer Defensive,Packaged Foods,Central Garden & Pet Company,13.999999,1.6121986,2.9,0.099709995,0.05393,80.634,2540373504.0,1.87,0.1477445125179359,,21.142578,0.2878787878787879,0.4696969696969697,0.5,0.8863636363636364,18.74001231818182,54.34603572272727,0.3385723587494238,0.0711186143896602,P/E de 14.0 nettement sous la mediane du secteur (21.1) ; momentum (+15%) superieur au secteur (+7%),False
BVS,2026-08-07,13.979999542236328,Healthcare,Medical Devices,Bioventus Inc.,19.690142,5.0947523,0.71,0.25684,0.09361,89.561,1175604480.0,1.71,0.779729717103472,,25.224413,0.6739130434782609,0.4782608695652174,0.6521739130434783,1.0434782608695652,26.32112660869565,18.68799989217391,0.3367668457866386,0.08108714607959686,P/E de 19.7 nettement sous la mediane du secteur (25.2) ; momentum (+78%) superieur au secteur (+8%),True
EVTC,2026-08-07,30.940000534057617,Technology,Software - Infrastructure,"Evertec, Inc.",20.09091,2.8529277,1.54,0.14845,0.097950004,184.286,1906533504.0,,-0.1435680168737362,,31.415586,0.4533333333333333,0.4,0.8933333333333333,0.8533333333333333,26.80796672,41.2842687488,0.3343331621263481,-0.0330984307600903,P/E de 20.1 nettement sous la mediane du secteur (31.4),False
DUK,2026-08-07,123.9000015258789,Utilities,Utilities - Regulated Electric,Duke Energy Corporation (Holdin,18.575712,1.7970586,6.67,0.098570004,0.15995,162.155,96605102080.0,2.47,0.0507015643605766,,21.70884,0.68,0.8,0.6,1.1400000000000001,24.748077600000002,165.069677592,0.3322814815100872,0.1355532058243795,marge superieure a la mediane du secteur,False
FBP,2026-08-07,29.059999465942383,Financial Services,Banks - Regional,First BanCorp. New,12.261603,2.2286985,2.37,0.19494,0.39044,,4436718080.0,4.15,0.3241096319487888,,13.562913,0.795774647887324,0.823943661971831,0.602112676056338,1.2033450704225352,16.32086449911972,38.680448862913735,0.3310546997169179,0.18265308238435407,ROE (19%) dans le haut du secteur ; marge superieure a la mediane du secteur ; momentum (+32%) superieur au secteur (+18%),False
AZZ,2026-08-07,150.85000610351562,Industrials,Specialty Business Services,AZZ Inc.,22.995428,3.2906506,6.56,0.15314999,0.118310004,39.448,4533268992.0,1.2,0.2906276180405664,,29.493465,0.3978494623655914,0.6129032258064516,0.25806451612903225,1.0376344086021505,30.603434112903226,200.75852778064515,0.33084865533834673,0.1706663816928519,P/E de 23.0 nettement sous la mediane du secteur (29.5) ; dette plus faible que la mediane du secteur ; momentum (+29%) superieur au secteur (+17%),True
EQT,2026-08-07,51.59999847412109,Energy,Oil & Gas E&P,EQT Corporation,11.9721575,1.2778286,4.31,0.11078,0.29176,19.595,32276625408.0,1.47,0.0368363492303043,,14.276671499999999,0.3333333333333333,0.8611111111111112,0.08333333333333333,1.1111111111111112,15.862968333333333,68.36939351666666,0.3249882856286501,0.37294201588170983,P/E de 12.0 nettement sous la mediane du secteur (14.3) ; marge superieure a la mediane du secteur ; dette plus faible que la mediane du secteur,False
EXPO,2026-08-07,66.20999908447266,Industrials,Engineering & Construction,"Exponent, Inc.",30.095453,11.184121,2.2,0.31204,0.19708,27.968,3211954944.0,2.03,-0.046859857610343,,29.493465,0.8172043010752689,0.8709677419354839,0.17204301075268819,1.3333333333333335,39.32462,86.51416400000001,0.3066631203184689,0.1706663816928519,ROE (31%) dans le haut du secteur ; marge superieure a la mediane du secteur ; dette plus faible que la mediane du secteur,False
DAKT,2026-08-07,21.739999771118164,Technology,Electronic Components,"Daktronics, Inc.",23.890108,3.4873273,0.91,0.15847,0.0541,6.029,1050168576.0,0.72,0.1394812693421363,,31.415586,0.48,0.25333333333333335,0.24,0.9933333333333334,31.206148760000005,28.397595371600005,0.3062371513603479,-0.0330984307600903,P/E de 23.9 nettement sous la mediane du secteur (31.4) ; dette plus faible que la mediane du secteur ; momentum (+14%) superieur au secteur (-3%),False
FAF,2026-08-07,75.1500015258789,Financial Services,Insurance - Specialty,First American Corporation (New,10.423024,1.3637354,7.21,0.13846,0.09333,49.421,7672815104.0,2.98,0.1746725490988123,,13.562913,0.5704225352112676,0.1056338028169014,0.2605633802816901,0.9964788732394366,13.515156264084506,97.4442766640493,0.2966636684696946,0.18265308238435407,P/E de 10.4 nettement sous la mediane du secteur (13.6) ; dette plus faible que la mediane du secteur,False
FRT,2026-08-07,117.91000366210938,Real Estate,REIT - Retail,Federal Realty Investment Trust,23.820204,3.1966927,4.95,0.12550999,0.32663,134.114,10248548352.0,3.59,0.2875418220708123,,26.7375525,0.7368421052631579,0.7105263157894737,0.5789473684210527,1.151315789473684,30.783366365131574,152.3776635074013,0.2923217604510022,0.1144081378085697,momentum (+29%) superieur au secteur (+11%),False
ALRM,2026-08-07,56.290000915527344,Technology,Software - Application,"Alarm.com Holdings, Inc.",23.356846,3.2331994,2.41,0.14837,0.12357,62.706,2784136192.0,1.41,-0.0661777417265867,,31.415586,0.44,0.5333333333333333,0.6,0.9533333333333333,29.94952532,72.1783560212,0.2822589242717515,-0.0330984307600903,P/E de 23.4 nettement sous la mediane du secteur (31.4),False
AX,2026-08-07,101.87999725341795,Financial Services,Banks - Regional,"Axos Financial, Inc.",12.245193,1.8906229,8.32,0.16795999,0.35961,,5780064768.0,0.95,0.1118298945293283,,13.562913,0.7253521126760564,0.7676056338028169,0.602112676056338,1.154049295774648,15.652270196302819,130.22688803323945,0.27823804028293186,0.18265308238435407,marge superieure a la mediane du secteur ; PEG bas (0.95) : croissance qui justifie plus que le P/E actuel,False
COLM,2026-08-07,57.27999877929688,Consumer Cyclical,Apparel Manufacturing,Columbia Sportswear Company,14.955613,1.851744,3.83,0.12658,0.06047,28.799,2929344512.0,2.19,0.0830185625803683,,19.929634,0.25757575757575757,0.45454545454545453,0.13636363636363635,0.9583333333333334,19.099232583333333,73.15006079416666,0.2770611444322484,0.01304814243517265,P/E de 15.0 nettement sous la mediane du secteur (19.9) ; dette plus faible que la mediane du secteur ; momentum (+8%) superieur au secteur (+1%),False
EHC,2026-08-07,124.81999969482422,Healthcare,Medical Care Facilities,Encompass Health Corporation,20.838064,4.9201784,5.99,0.24968,0.10005999,82.121,12382028800.0,0.41,-0.0812626429065744,,25.224413,0.6521739130434783,0.5434782608695652,0.6304347826086957,1.0543478260869568,26.59530501086957,159.30587701510873,0.27628486944880604,0.08108714607959686,P/E de 20.8 nettement sous la mediane du secteur (25.2) ; PEG bas (0.41) : croissance qui justifie plus que le P/E actuel,False
EXPE,2026-08-07,306.57000732421875,Consumer Cyclical,Travel Services,"Expedia Group, Inc.",19.269014,63.868748,15.91,0.89489,0.12968001,230.069,36794331136.0,1.0,0.3803571334140085,,19.929634,0.9242424242424242,0.8333333333333334,0.7575757575757576,1.231060606060606,24.53458731060606,390.34528411174244,0.27326638218371313,0.01304814243517265,ROE (89%) dans le haut du secteur ; marge superieure a la mediane du secteur ; momentum (+38%) superieur au secteur (+1%),False
ALG,2026-08-07,166.1699981689453,Industrials,Farm & Heavy Construction Machinery,"Alamo Group, Inc.",20.117434,1.7028058,8.26,0.08771,0.0608,23.471,2022449280.0,1.01,-0.242098678330191,,29.493465,0.13978494623655913,0.3333333333333333,0.15053763440860216,0.8655913978494624,25.529289596774195,210.87193206935484,0.2690132658902782,0.1706663816928519,P/E de 20.1 nettement sous la mediane du secteur (29.5) ; dette plus faible que la mediane du secteur,False
BBY,2026-08-07,80.0199966430664,Consumer Cyclical,Specialty Retail,"Best Buy Co., Inc.",15.659491,5.4688354,5.11,0.39104,0.027309999,134.09,16865584128.0,1.53,0.2367141731747746,,19.929634,0.7121212121212122,0.13636363636363635,0.5757575757575758,0.9962121212121212,19.854142962121212,101.45467053643941,0.2678664682902143,0.01304814243517265,P/E de 15.7 nettement sous la mediane du secteur (19.9) ; momentum (+24%) superieur au secteur (+1%),True
ECG,2026-08-07,139.52999877929688,Industrials,Engineering & Construction,"Everus Construction Group, Inc.",28.018072,9.2147665,4.98,0.39525002,0.05964,47.096,7124937216.0,,0.5990565578943028,,29.493465,0.8924731182795699,0.3225806451612903,0.3118279569892473,1.1989247311827957,35.360444596774194,176.0950140919355,0.2620584507456045,0.1706663816928519,ROE (40%) dans le haut du secteur ; dette plus faible que la mediane du secteur ; momentum (+60%) superieur au secteur (+17%),False
CNOB,2026-08-07,33.09000015258789,Financial Services,Banks - Regional,"ConnectOne Bancorp, Inc.",10.276398,1.0960946,3.22,0.102460004,0.36089,,1665083264.0,,0.3135312371651531,,13.562913,0.323943661971831,0.7746478873239436,0.602112676056338,0.9551056338028169,12.954014617077464,41.71192706698944,0.2605598934615674,0.18265308238435407,P/E de 10.3 nettement sous la mediane du secteur (13.6) ; marge superieure a la mediane du secteur ; momentum (+31%) superieur au secteur (+18%),False
CRAI,2026-08-07,176.4600067138672,Industrials,Consulting Services,"CRA International,Inc.",23.465427,5.409067,7.52,0.26025,0.06204,166.981,1140614784.0,1.3,-0.0663477492585353,,29.493465,0.7526881720430108,0.3548387096774194,0.8494623655913979,1.0026881720430108,29.572748508064517,222.38706878064517,0.2602689579472217,0.1706663816928519,P/E de 23.5 nettement sous la mediane du secteur (29.5) ; ROE (26%) dans le haut du secteur,False
DXC,2026-08-07,11.09000015258789,Technology,Information Technology Services,DXC Technology Company,14.986486,0.5836535,0.74,0.04025,0.00993,125.421,1771945728.0,0.49,-0.2221453342918915,,31.415586,0.02666666666666667,0.02666666666666667,0.8533333333333334,0.6,18.8493516,13.948520184,0.257756536707086,-0.0330984307600903,P/E de 15.0 nettement sous la mediane du secteur (31.4) ; PEG bas (0.49) : croissance qui justifie plus que le P/E actuel,False
EWBC,2026-08-07,131.8800048828125,Financial Services,Banks - Regional,"East West Bancorp, Inc.",12.668589,1.95427,10.41,0.16577,0.50064,,18067066880.0,5.58,0.2702594733122363,,13.562913,0.704225352112676,0.8873239436619719,0.602112676056338,1.1734154929577465,15.91493224383803,165.67444465835388,0.2562514295140559,0.18265308238435407,marge superieure a la mediane du secteur ; momentum (+27%) superieur au secteur (+18%),False
BKT,2026-08-07,10.460000038146973,Financial Services,Asset Management,BlackRock Income Trust Inc. (Th,11.010527,0.9085382,0.95,0.07943,2.0310202,22.928,338788448.0,,-0.0542667045745406,,13.562913,0.1267605633802817,0.9507042253521126,0.13380281690140844,1.017605633802817,13.801696679577466,13.111611845598592,0.25350017187202245,0.18265308238435407,P/E de 11.0 nettement sous la mediane du secteur (13.6) ; marge superieure a la mediane du secteur ; dette plus faible que la mediane du secteur,False
DVN,2026-08-07,43.11000061035156,Energy,Oil & Gas E&P,Devon Energy Corporation,11.714674,0.9675899,3.68,0.11522,0.17464,28.131,47421001728.0,2.92,0.282607257978134,,14.276671499999999,0.3611111111111111,0.5555555555555556,0.16666666666666666,1.0277777777777777,14.673245708333331,53.99754420666666,0.2525526198601069,0.37294201588170983,P/E de 11.7 nettement sous la mediane du secteur (14.3) ; dette plus faible que la mediane du secteur,False
BSAC,2026-08-07,35.70000076293945,Financial Services,Banks - Regional,Banco Santander - Chile,13.574144,1.4649159,2.63,0.23592,0.47153,,16818818048.0,2.69,0.5112442549449012,,13.562913,0.8661971830985915,0.8732394366197183,0.602112676056338,1.2508802816901408,16.96558043397887,44.61947654136443,0.24984525456045303,0.18265308238435407,ROE (24%) dans le haut du secteur ; marge superieure a la mediane du secteur ; momentum (+51%) superieur au secteur (+18%),False
CACC,2026-08-07,581.2999877929688,Financial Services,Credit Services,Credit Acceptance Corporation,12.83223,3.7960713,45.3,0.31932,0.38507,395.632,6080439296.0,1.77,0.1052590576255945,,13.562913,0.9436619718309859,0.8169014084507042,0.9859154929577465,1.1795774647887325,15.998506531690142,724.7323458855634,0.24674412713677607,0.18265308238435407,ROE (32%) dans le haut du secteur ; marge superieure a la mediane du secteur,False
BPOP,2026-08-07,176.13999938964844,Financial Services,Banks - Regional,"Popular, Inc.",12.006817,1.7547495,14.67,0.15647,0.31645,,11249476608.0,1.37,0.4272687949107099,,13.562913,0.6690140845070423,0.6549295774647887,0.602112676056338,1.0977112676056338,14.888162421654929,218.40934272567782,0.23997583446405701,0.18265308238435407,momentum (+43%) superieur au secteur (+18%),False
CNXN,2026-08-07,86.5999984741211,Technology,Electronics & Computer Distribution,"PC Connection, Inc.",22.729658,2.2942219,3.81,0.104320005,0.03208,0.792,2185619456.0,2.34,0.3152876271893321,,31.415586,0.26666666666666666,0.10666666666666667,0.05333333333333334,0.8966666666666666,28.169308779999998,107.3250664518,0.23931949587588308,-0.0330984307600903,P/E de 22.7 nettement sous la mediane du secteur (31.4) ; dette plus faible que la mediane du secteur ; momentum (+32%) superieur au secteur (-3%),False
AMP,2026-08-07,559.8200073242188,Financial Services,Asset Management,"Ameriprise Financial, Inc.",13.551682,7.7780867,41.31,0.63432,0.199,67.578,49488089088.0,1.8,0.0710055542738068,,13.562913,0.9859154929577465,0.29577464788732394,0.31690140845070425,1.2376760563380282,16.786492674295776,693.4500123751585,0.23870173145410312,0.18265308238435407,ROE (63%) dans le haut du secteur ; dette plus faible que la mediane du secteur,False
AWR,2026-08-07,85.66999816894531,Utilities,Utilities - Regulated Water,American States Water Company,24.760115,3.2022576,3.46,0.1367,0.20521,81.811,3395583744.0,2.98,0.1726888691461701,,21.70884,0.92,0.92,0.12,1.41,30.609464399999997,105.90874682399999,0.23624079710078782,0.1355532058243795,ROE (14%) dans le haut du secteur ; marge superieure a la mediane du secteur ; dette plus faible que la mediane du secteur,False
FSS,2026-08-07,127.83000183105467,Industrials,Farm & Heavy Construction Machinery,Federal Signal Corporation,27.54957,5.1757226,4.64,0.20608,0.11659,32.223,7802949120.0,1.82,0.0199894298167109,,29.493465,0.6129032258064516,0.6021505376344086,0.21505376344086022,1.153225806451613,34.012624959677424,157.81857981290324,0.23459733671507488,0.1706663816928519,dette plus faible que la mediane du secteur,False
ELV,2026-08-07,391.3999938964844,Healthcare,Healthcare Plans,"Elevance Health, Inc.",17.30327,1.8909491,22.62,0.11133,0.02468,68.953,84882644992.0,1.39,0.2042525758074749,,25.224413,0.3695652173913043,0.15217391304347827,0.5217391304347826,0.842391304347826,21.24882616847826,480.64844793097825,0.2280236469755743,0.08108714607959686,P/E de 17.3 nettement sous la mediane du secteur (25.2) ; momentum (+20%) superieur au secteur (+8%),False
AUGO,2026-08-07,65.62999725341797,Basic Materials,Gold,Aura Minerals Inc.,18.383753,18.215376,3.57,1.00164,0.23183,96.664,5480104960.0,,0.9024333188397538,,19.09091,1.0,0.6216216216216216,0.8918918918918919,1.1824324324324325,22.573711148648652,80.58814880067568,0.22791638234418343,0.1923937749172761,ROE (100%) dans le haut du secteur ; momentum (+90%) superieur au secteur (+19%),False
EXC,2026-08-07,45.31999969482422,Utilities,Utilities - Regulated Electric,Exelon Corporation,16.661764,1.5752519,2.72,0.09711,0.10989001,177.362,46691106816.0,2.61,0.0772492554103321,,21.70884,0.6,0.24,0.68,0.9400000000000001,20.4063096,55.50516211200001,0.22473880153929016,0.1355532058243795,P/E de 16.7 nettement sous la mediane du secteur (21.7),False
BIRK,2026-08-07,37.20000076293945,Consumer Cyclical,Footwear & Accessories,Birkenstock Holding plc,16.832579,2.0767674,2.21,0.12504,0.16296,47.708,6841305088.0,1.09,-0.2572415034077986,,19.929634,0.22727272727272727,0.8939393939393939,0.21212121212121213,1.0340909090909092,20.609053340909092,45.5460078834091,0.22435502551882647,0.01304814243517265,P/E de 16.8 nettement sous la mediane du secteur (19.9) ; marge superieure a la mediane du secteur ; dette plus faible que la mediane du secteur,False
BBVA,2026-08-07,28.13999938964844,Financial Services,Banks - Diversified,Banco Bilbao Vizcaya Argentaria,12.908257,2.396661,2.18,0.18924,0.32562,,155285110784.0,2.44,0.6189630752437749,,13.562913,0.7816901408450704,0.6971830985915493,0.602112676056338,1.164612676056338,15.795540404049296,34.43427808082747,0.22367728598794634,0.18265308238435407,ROE (19%) dans le haut du secteur ; momentum (+62%) superieur au secteur (+18%),False
EDU,2026-08-07,56.83000183105469,Consumer Defensive,Education & Training Services,New Oriental Education & Techno,18.943335,2.2244403,3.0,0.12483,0.08392999,19.629,9474250752.0,1.03,0.2417558321901924,,21.142578,0.42424242424242425,0.6060606060606061,0.09090909090909091,1.0909090909090908,23.064630545454545,69.19389163636363,0.21755920124839245,0.0711186143896602,dette plus faible que la mediane du secteur ; momentum (+24%) superieur au secteur (+7%),False
CCNE,2026-08-07,35.13999938964844,Financial Services,Banks - Regional,CNB Financial Corporation,11.191082,1.2094303,3.14,0.124180004,0.29163998,,1040877824.0,1.06,0.3604512179110339,,13.562913,0.5211267605633803,0.5563380281690141,0.602112676056338,0.999119718309859,13.550973816021125,42.55005778230633,0.21087246788173686,0.18265308238435407,P/E de 11.2 nettement sous la mediane du secteur (13.6) ; momentum (+36%) superieur au secteur (+18%),False
AFG,2026-08-07,146.72999572753906,Financial Services,Insurance - Property & Casualty,"American Financial Group, Inc.",12.826049,2.6060777,11.44,0.20413,0.11828,37.772,12166411264.0,2.3,0.0986127175014388,,13.562913,0.8098591549295775,0.176056338028169,0.21830985915492956,1.1443661971830985,15.52093917253521,177.5595441338028,0.21011074288798248,0.18265308238435407,ROE (20%) dans le haut du secteur ; dette plus faible que la mediane du secteur,False
DOV,2026-08-07,210.83999633789065,Industrials,Specialty Industrial Machinery,Dover Corporation,25.433052,3.685885,8.29,0.14914,0.13475999,42.316,28395978752.0,1.74,0.1526802011563783,,29.493465,0.3763440860215054,0.6881720430107527,0.27956989247311825,1.0403225806451615,30.682717620967747,254.3597290778226,0.20641118144485038,0.1706663816928519,dette plus faible que la mediane du secteur,False
BUD,2026-08-07,83.97000122070312,Consumer Defensive,Beverages - Brewers,Anheuser-Busch Inbev SA Sponsor,18.096983,10.6025305,4.64,0.11392,0.14896,71.88,165373509632.0,1.96,0.4004137327956751,,21.142578,0.3333333333333333,0.8484848484848485,0.3939393939393939,1.0303030303030303,21.78326218181818,101.07433652363635,0.20369578485508089,0.0711186143896602,marge superieure a la mediane du secteur ; momentum (+40%) superieur au secteur (+7%),False
EFOR,2026-08-07,31.56999969482422,Technology,Information Technology Services,"Everforth, Inc.",16.273195,0.71705997,1.94,0.04571,0.020920001,82.91,1294370048.0,0.64,-0.4757603588192144,,31.415586,0.05333333333333334,0.06666666666666667,0.68,0.6233333333333332,19.582381939999998,37.989820963599996,0.20335195853132304,-0.0330984307600903,P/E de 16.3 nettement sous la mediane du secteur (31.4) ; PEG bas (0.64) : croissance qui justifie plus que le P/E actuel,False
CRCL,2026-08-07,63.27999877929688,Financial Services,Capital Markets,"Circle Internet Group, Inc.",12.681363,4.5577645,4.99,0.15347,0.15531999,0.454,17249755136.0,4.34,-0.5256099209185888,,13.562913,0.647887323943662,0.2323943661971831,0.028169014084507043,1.125,15.258277125,76.13880285375,0.2032048723531279,0.18265308238435407,dette plus faible que la mediane du secteur,False
CTRE,2026-08-07,41.130001068115234,Real Estate,REIT - Healthcare Facilities,"CareTrust REIT, Inc.",26.031645,2.2550578,1.58,0.09423,0.64098,71.948,9716560896.0,,0.2676898366371796,,26.7375525,0.5,0.8947368421052632,0.21052631578947367,1.1710526315789473,31.31108121710526,49.47150832302631,0.20280834034253337,0.1144081378085697,marge superieure a la mediane du secteur ; dette plus faible que la mediane du secteur ; momentum (+27%) superieur au secteur (+11%),False
FCPT,2026-08-07,25.059999465942383,Real Estate,REIT - Retail,"Four Corners Property Trust, In",22.781816,2.417752,1.1,0.07646,0.38702,98.046,2750315008.0,,0.0554179272474326,,26.7375525,0.34210526315789475,0.7894736842105263,0.39473684210526316,1.0197368421052633,27.265267351973687,29.99179408717106,0.19679947032445866,0.1144081378085697,marge superieure a la mediane du secteur,False
DG,2026-08-07,127.4499969482422,Consumer Defensive,Discount Stores,Dollar General Corporation,17.950705,3.179097,7.1,0.1891,0.03632,178.649,28113766400.0,1.83,0.1918914980443262,,21.142578,0.7272727272727273,0.42424242424242425,0.8181818181818182,1.0151515151515151,21.46292009090909,152.38673264545454,0.19565897445520708,0.0711186143896602,P/E de 18.0 nettement sous la mediane du secteur (21.1) ; momentum (+19%) superieur au secteur (+7%),False
EPRT,2026-08-07,30.6299991607666,Real Estate,REIT - Retail,Essential Properties Realty Tru,23.744186,1.5026491,1.29,0.064780004,0.43506,65.659,6641157632.0,,0.0410644627834844,,26.7375525,0.2631578947368421,0.8157894736842105,0.13157894736842105,1.0526315789473684,28.144792105263157,36.30678181578947,0.18533407804640611,0.1144081378085697,marge superieure a la mediane du secteur ; dette plus faible que la mediane du secteur,False
CACI,2026-08-07,628.7899780273438,Technology,Information Technology Services,"CACI International, Inc.",21.46041,3.2453845,29.3,0.12824,0.055999998,119.508,13890790400.0,514.23,0.0375844216072238,,31.415586,0.37333333333333335,0.26666666666666666,0.7866666666666666,0.8066666666666666,25.34190604,742.517846972,0.1808678142445055,-0.0330984307600903,P/E de 21.5 nettement sous la mediane du secteur (31.4) ; momentum (+4%) superieur au secteur (-3%),False
CB,2026-08-07,354.0299987792969,Financial Services,Insurance - Property & Casualty,Chubb Limited,12.545358,1.8113585,28.22,0.14822,0.18070999,30.941,136584724480.0,2.79,0.282628406193496,,13.562913,0.6408450704225352,0.2676056338028169,0.18309859154929578,1.0915492957746478,14.804588133802815,417.7854771359154,0.18008496053003653,0.18265308238435407,dette plus faible que la mediane du secteur ; momentum (+28%) superieur au secteur (+18%),False
CON,2026-08-07,30.540000915527344,Healthcare,Medical Care Facilities,Concentra Group Holdings Parent,21.971224,9.201567,1.39,0.47004002,0.07974,467.735,3907952640.0,,0.3409180735410113,,25.224413,0.8478260869565217,0.34782608695652173,0.9347826086956522,1.027173913043478,25.909859005434775,36.01470401755434,0.17926335749530087,0.08108714607959686,ROE (47%) dans le haut du secteur ; momentum (+34%) superieur au secteur (+8%),False
ANIP,2026-08-07,82.62999725341797,Healthcare,Drug Manufacturers - Specialty & Generic,"ANI Pharmaceuticals, Inc.",20.402468,3.1369348,4.05,0.18324,0.099759996,112.077,1878561408.0,,-0.1525133918313419,,25.224413,0.5217391304347826,0.5,0.7391304347826086,0.9510869565217392,23.990610190217392,97.16197127038043,0.17586802008953661,0.08108714607959686,P/E de 20.4 nettement sous la mediane du secteur (25.2),False
AZN,2026-08-07,161.07000732421875,Healthcare,Drug Manufacturers - General,AstraZeneca PLC,24.148426,4.9671574,6.67,0.21965,0.17021999,64.225,249801195520.0,1.33,0.0726441997418327,,25.224413,0.6304347826086957,0.717391304347826,0.4782608695652174,1.125,28.377464624999998,189.27768904874998,0.17512684200573614,0.08108714607959686,ecart porte principalement par le multiple median du secteur,False
EQX,2026-08-07,10.739999771118164,Basic Materials,Gold,Equinox Gold Corp.,16.523077,1.4558764,0.65,0.07574,0.30095,9.154,12538518528.0,,0.0238817795344419,,19.09091,0.24324324324324326,0.7297297297297297,0.16216216216216217,1.0135135135135136,19.348895270270273,12.576781925675677,0.17102255062397287,0.1923937749172761,dette plus faible que la mediane du secteur,False
CENT,2026-08-07,46.540000915527344,Consumer Defensive,Packaged Foods,Central Garden & Pet Company,16.048275,1.848072,2.9,0.099709995,0.05393,80.634,2912044032.0,2.01,0.1817183331438026,,21.142578,0.2878787878787879,0.4696969696969697,0.5,0.8863636363636364,18.74001231818182,54.34603572272727,0.16772743132017354,0.0711186143896602,P/E de 16.0 nettement sous la mediane du secteur (21.1) ; momentum (+18%) superieur au secteur (+7%),False
AWK,2026-08-07,134.82000732421875,Utilities,Utilities - Regulated Water,"American Water Works Company, I",23.244827,2.2968416,5.8,0.10095,0.21347,137.745,26792644608.0,2.6,-0.0459230435620924,,21.70884,0.72,0.96,0.4,1.2499999999999998,27.136049999999994,157.38908999999995,0.16740158321981458,0.1355532058243795,marge superieure a la mediane du secteur,False
AMGN,2026-08-07,404.8500061035156,Healthcare,Drug Manufacturers - General,Amgen Inc.,25.130354,18.725716,16.11,0.91473,0.22951001,490.281,218500907008.0,2.14,0.3678514262168029,,25.224413,0.8913043478260869,0.8260869565217391,0.9565217391304348,1.1630434782608696,29.337089032608695,472.62050431532606,0.1673965596890279,0.08108714607959686,ROE (91%) dans le haut du secteur ; marge superieure a la mediane du secteur ; momentum (+37%) superieur au secteur (+8%),False
CPK,2026-08-07,133.5,Utilities,Utilities - Regulated Gas,Chesapeake Utilities Corporatio,21.428572,1.9400687,6.23,0.095970005,0.15106,100.926,3204635392.0,2.43,0.0984613232831834,,21.70884,0.52,0.72,0.2,1.14,24.748077599999995,154.18052344799997,0.15491028799999973,0.1355532058243795,dette plus faible que la mediane du secteur,False
CATY,2026-08-07,63.709999084472656,Financial Services,Banks - Regional,Cathay General Bancorp,12.46771,1.3974249,5.11,0.117060006,0.4367,,4257444096.0,1.33,0.2928661831189545,,13.562913,0.4859154929577465,0.852112676056338,0.602112676056338,1.0554577464788732,14.315081590669013,73.15006692831867,0.14817246867841716,0.18265308238435407,marge superieure a la mediane du secteur ; momentum (+29%) superieur au secteur (+18%),False
EXP,2026-08-07,211.33999633789065,Basic Materials,Building Materials,Eagle Materials Inc,17.210098,4.3782887,12.28,0.2703,0.17316,120.746,6482923008.0,2.09,-0.108266529417127,,19.09091,0.7567567567567568,0.5675675675675675,0.9459459459459459,1.033783783783784,19.735873175675682,242.35652259729736,0.1467612699766372,0.1923937749172761,ROE (27%) dans le haut du secteur,False
AVB,2026-08-07,186.5500030517578,Real Estate,REIT - Residential,"AvalonBay Communities, Inc.",26.05447,2.1602187,7.16,0.08487,0.33321998,75.129,26638960640.0,7.17,-0.0146447224264222,,26.7375525,0.47368421052631576,0.7368421052631579,0.23684210526315788,1.111842105263158,29.727936661184213,212.85202649407896,0.14099181459152121,0.1144081378085697,dette plus faible que la mediane du secteur,False
AMT,2026-08-07,171.1999969482422,Real Estate,REIT - Specialty,American Tower Corporation (REI,27.612904,21.445572,6.2,0.33914003,0.31083,438.721,79772360704.0,1.57,-0.1167189395266941,,26.7375525,0.9473684210526315,0.6842105263157895,0.868421052631579,1.1776315789473684,31.486986167763156,195.21931424013158,0.14029975303767683,0.1144081378085697,ROE (34%) dans le haut du secteur,False
AEP,2026-08-07,125.26000213623048,Utilities,Utilities - Regulated Electric,American Electric Power Company,21.70884,2.1256087,5.77,0.10130999,0.13781999,160.789,68191215616.0,2.15,0.1783480426829555,,21.70884,0.76,0.6,0.56,1.1399999999999997,24.74807759999999,142.79640775199994,0.14000004244529052,0.1355532058243795,ROE (10%) dans le haut du secteur ; momentum (+18%) superieur au secteur (+14%),False
CSX,2026-08-07,50.70000076293945,Industrials,Railroads,CSX Corporation,29.476744,6.669297,1.72,0.24357,0.22208999,138.068,93920477184.0,2.06,0.5659329301970564,,29.493465,0.7204301075268817,0.8924731182795699,0.7956989247311828,1.1344086021505377,33.45764040322581,57.547141493548395,0.1350520833840705,0.1706663816928519,marge superieure a la mediane du secteur ; momentum (+57%) superieur au secteur (+17%),False
AAPL,2026-08-07,312.4100036621094,Technology,Consumer Electronics,Apple Inc.,35.826836,42.44701,8.72,1.4875101,0.27618998,78.445,4559367831552.0,2.52,0.3344703125939317,,31.415586,0.9866666666666667,0.8533333333333334,0.6666666666666666,1.29,40.52610594,353.38764379680003,0.1311662227660626,-0.0330984307600903,ROE (149%) dans le haut du secteur ; marge superieure a la mediane du secteur ; momentum (+33%) superieur au secteur (-3%),False
AMKR,2026-08-07,54.15999984741211,Technology,Semiconductor Equipment & Materials,"Amkor Technology, Inc.",24.178572,2.8880713,2.24,0.12514,0.07448,57.054,13424775168.0,0.76,1.079373499295695,,31.415586,0.36,0.32,0.56,0.8699999999999999,27.33155982,61.222693996800004,0.1304042498021789,-0.0330984307600903,P/E de 24.2 nettement sous la mediane du secteur (31.4) ; momentum (+108%) superieur au secteur (-3%) ; PEG bas (0.76) : croissance qui justifie plus que le P/E actuel,False
ALSN,2026-08-07,116.23999786376952,Consumer Cyclical,Auto Parts,"Allison Transmission Holdings, ",18.688103,4.876862,6.22,0.28349,0.120170005,207.883,9598871552.0,0.61,0.3228026240733193,,19.929634,0.5757575757575758,0.7878787878787878,0.7121212121212122,1.0568181818181819,21.061999568181818,131.0056373140909,0.1270271827398548,0.01304814243517265,marge superieure a la mediane du secteur ; momentum (+32%) superieur au secteur (+1%) ; PEG bas (0.61) : croissance qui justifie plus que le P/E actuel,False
APLE,2026-08-07,15.989999771118164,Real Estate,REIT - Hotel & Motel,"Apple Hospitality REIT, Inc.",21.608107,1.1966771,0.74,0.05529,0.12166,51.367,3774962432.0,,0.3534294900510522,,26.7375525,0.21052631578947367,0.2631578947368421,0.05263157894736842,0.9078947368421052,24.27488319078947,17.963413561184208,0.12341549833105758,0.1144081378085697,P/E de 21.6 nettement sous la mediane du secteur (26.7) ; dette plus faible que la mediane du secteur ; momentum (+35%) superieur au secteur (+11%),False
ED,2026-08-07,108.9499969482422,Utilities,Utilities - Regulated Electric,"Consolidated Edison, Inc.",18.37268,1.5664088,5.93,0.08732,0.12524,106.177,40151310336.0,2.96,0.1355532058243795,,21.70884,0.28,0.48,0.24,0.95,20.623397999999998,122.29675013999999,0.12250347467286571,0.1355532058243795,P/E de 18.4 nettement sous la mediane du secteur (21.7) ; dette plus faible que la mediane du secteur,False
CCEP,2026-08-07,108.25,Consumer Defensive,Beverages - Non-Alcoholic,Coca-Cola Europacific Partners ,21.142578,5.025476,5.12,0.23544,0.09349,139.064,47861473280.0,3.18,0.2647170334739022,,21.142578,0.7575757575757576,0.696969696969697,0.7272727272727273,1.1212121212121213,23.70531472727273,121.37121140363638,0.1212121145832461,0.0711186143896602,ROE (24%) dans le haut du secteur ; momentum (+26%) superieur au secteur (+7%),False
ADUS,2026-08-07,118.77999877929688,Healthcare,Medical Care Facilities,Addus HomeCare Corporation,20.802101,1.8924559,5.71,0.09706,0.071329996,9.478,2217001984.0,1.09,0.0026917182679253,,25.224413,0.2826086956521739,0.30434782608695654,0.17391304347826086,0.9239130434782609,23.30516418478261,133.0724874951087,0.12032740244734685,0.08108714607959686,P/E de 20.8 nettement sous la mediane du secteur (25.2) ; dette plus faible que la mediane du secteur,False
ASND,2026-08-07,249.8500061035156,Healthcare,Biotechnology,Ascendis Pharma A/S,28.619705,27.579144,8.73,3.32654,0.57281,183.753,16388369408.0,,0.2555206583515026,,25.224413,0.9565217391304348,0.9782608695652174,0.8260869565217391,1.266304347826087,31.941783853260866,278.8517730389674,0.11607671093446381,0.08108714607959686,ROE (333%) dans le haut du secteur ; marge superieure a la mediane du secteur ; momentum (+26%) superieur au secteur (+8%),False
ASB,2026-08-07,31.15999984741211,Financial Services,Banks - Regional,Associated Banc-Corp,11.010601,1.0654085,2.83,0.096949995,0.32459998,,5880452608.0,1.78,0.1863903476120927,,13.562913,0.2676056338028169,0.6901408450704225,0.602112676056338,0.9058098591549296,12.285420314260564,34.767739489357396,0.11578111872952768,0.18265308238435407,P/E de 11.0 nettement sous la mediane du secteur (13.6) ; momentum (+19%) superieur au secteur (+18%),False
AMZN,2026-08-07,272.260009765625,Consumer Cyclical,Internet Retail,"Amazon.com, Inc.",21.921095,5.322152,12.42,0.30558002,0.1744,45.617,2936681791488.0,1.45,0.1859388059924263,,19.929634,0.5909090909090909,0.9242424242424242,0.19696969696969696,1.227272727272727,24.45909627272727,303.7819757072727,0.11577890549839975,0.01304814243517265,marge superieure a la mediane du secteur ; dette plus faible que la mediane du secteur ; momentum (+19%) superieur au secteur (+1%),False
CNA,2026-08-07,52.619998931884766,Financial Services,Insurance - Property & Casualty,CNA Financial Corporation,11.590308,1.2729207,4.54,0.11324,0.08164,26.578,14239020032.0,0.92,0.1378981914753947,,13.562913,0.44014084507042256,0.09154929577464789,0.1619718309859155,0.9524647887323944,12.918197065140845,58.64861467573944,0.11456890661777774,0.18265308238435407,dette plus faible que la mediane du secteur ; PEG bas (0.92) : croissance qui justifie plus que le P/E actuel,False
ATMU,2026-08-07,54.5099983215332,Consumer Cyclical,Auto Parts,Atmus Filtration Technologies I,21.210117,11.034412,2.57,0.63128,0.11565,262.478,4451963904.0,,0.1633101745606244,,19.929634,0.8939393939393939,0.7727272727272727,0.8181818181818182,1.1856060606060606,23.628694856060605,60.72574578007575,0.11402949275247232,0.01304814243517265,ROE (63%) dans le haut du secteur ; marge superieure a la mediane du secteur ; momentum (+16%) superieur au secteur (+1%),False
DLTR,2026-08-07,129.67999267578125,Consumer Defensive,Discount Stores,"Dollar Tree, Inc.",20.848875,7.151207,6.22,0.33976,0.06514,216.518,24921200640.0,1.62,0.165246873849074,,21.142578,0.8787878787878788,0.5454545454545454,0.9090909090909091,1.0984848484848484,23.224801590909088,144.45826589545453,0.11395954699520305,0.0711186143896602,ROE (34%) dans le haut du secteur ; momentum (+17%) superieur au secteur (+7%),False
CTS,2026-08-07,66.26000213623047,Technology,Electronic Components,CTS Corporation,27.723848,3.3044086,2.39,0.12429,0.12368,15.692,1892133632.0,1.67,0.5140962127763951,,31.415586,0.3466666666666667,0.5466666666666666,0.3333333333333333,0.9766666666666667,30.682555660000002,73.33130802740001,0.10672058048882871,-0.0330984307600903,dette plus faible que la mediane du secteur ; momentum (+51%) superieur au secteur (-3%),False
CPF,2026-08-07,39.27000045776367,Financial Services,Banks - Regional,Central Pacific Financial Corp ,12.62701,1.6994115,3.11,0.14246,0.28799,,1013418048.0,1.97,0.2915323544455879,,13.562913,0.5915492957746479,0.528169014084507,0.602112676056338,1.0272887323943662,13.93302770334507,43.331716157403164,0.10343049789388248,0.18265308238435407,momentum (+29%) superieur au secteur (+18%),False
CTBI,2026-08-07,78.37000274658203,Financial Services,Banks - Regional,"Community Trust Bancorp, Inc.",13.127304,1.5961629,5.97,0.12716,0.37625,,1423490816.0,1.03,0.3902830383773277,,13.562913,0.5352112676056338,0.8028169014084507,0.602112676056338,1.0677816901408452,14.482230166373242,86.45891409324825,0.10321438130891236,0.18265308238435407,marge superieure a la mediane du secteur ; momentum (+39%) superieur au secteur (+18%),False
CPRI,2026-08-07,15.0,Consumer Cyclical,Luxury Goods,Capri Holdings Limited,19.23077,21.582733,0.78,1.4461501,0.0444,973.427,1704774272.0,0.2,-0.226323448901306,,19.929634,0.9848484848484849,0.2727272727272727,0.9848484848484849,1.0643939393939394,21.212981643939393,16.546125682272727,0.10307504548484858,0.01304814243517265,ROE (145%) dans le haut du secteur ; PEG bas (0.20) : croissance qui justifie plus que le P/E actuel,False
BMI,2026-08-07,137.1699981689453,Technology,Scientific & Technical Instruments,"Badger Meter, Inc.",32.659523,5.8226504,4.2,0.1848,0.14269,3.438,3976125952.0,3.45,-0.2594203977369025,,31.415586,0.5466666666666666,0.6133333333333333,0.12,1.1466666666666667,36.023205280000006,151.29746217600004,0.10299237585214982,-0.0330984307600903,dette plus faible que la mediane du secteur,False
BCS,2026-08-07,28.18000030517578,Financial Services,Banks - Diversified,Barclays PLC,10.838462,1.0883527,2.6,0.10092,0.2787,,94953652224.0,1.32,0.4177150864581891,,13.562913,0.30985915492957744,0.5,0.602112676056338,0.8794014084507042,11.927244794894367,31.010836466725355,0.10045550499975109,0.18265308238435407,P/E de 10.8 nettement sous la mediane du secteur (13.6) ; momentum (+42%) superieur au secteur (+18%),False
CCK,2026-08-07,121.0999984741211,Consumer Cyclical,Packaging & Containers,"Crown Holdings, Inc.",17.576197,4.541193,6.89,0.27367002,0.05914,186.334,13170897920.0,0.64,0.1971015857938018,,19.929634,0.5606060606060606,0.4393939393939394,0.6818181818181818,0.9696969696969697,19.3257056969697,133.15411225212122,0.09953851304610928,0.01304814243517265,momentum (+20%) superieur au secteur (+1%) ; PEG bas (0.64) : croissance qui justifie plus que le P/E actuel,False
CLX,2026-08-07,105.5999984741211,Consumer Defensive,Household & Personal Products,Clorox Company (The),21.999998,142.51012,4.8,1.6376,0.087349996,2190.476,12769294336.0,2.43,-0.1638931452209298,,21.142578,0.9696969696969697,0.6363636363636364,1.0,1.143939393939394,24.185827863636366,116.09197374545455,0.09935582786873498,0.0711186143896602,ROE (164%) dans le haut du secteur,False
BCO,2026-08-07,112.8499984741211,Industrials,Security & Protection Services,Brinks Company (The),26.805225,17.7465,4.21,0.46236,0.033,1029.747,4648249856.0,1.16,0.0666187132405728,,29.493465,0.9354838709677419,0.11827956989247312,1.0,0.9973118279569892,29.414181491935484,123.83370408104838,0.0973301351833522,0.1706663816928519,ROE (46%) dans le haut du secteur,False
FTDR,2026-08-07,89.91999816894531,Consumer Cyclical,Personal Services,"frontdoor, inc.",21.825243,27.574364,4.12,1.01859,0.12768,414.085,6315524096.0,2.38,0.1955555103443287,,19.929634,0.9545454545454546,0.8181818181818182,0.9242424242424242,1.200757575757576,23.93065900757576,98.59431511121213,0.0964670498098672,0.01304814243517265,ROE (102%) dans le haut du secteur ; marge superieure a la mediane du secteur ; momentum (+20%) superieur au secteur (+1%),False
BY,2026-08-07,39.310001373291016,Financial Services,Banks - Regional,"Byline Bancorp, Inc.",12.762988,1.3620929,3.08,0.11975,0.34405997,,1785038080.0,,0.3735790337205016,,13.562913,0.49295774647887325,0.7394366197183099,0.602112676056338,1.0308098591549295,13.980784439260562,43.060816072922535,0.09541629530900986,0.18265308238435407,momentum (+37%) superieur au secteur (+18%),False
DRI,2026-08-07,210.94000244140625,Consumer Cyclical,Restaurants,"Darden Restaurants, Inc.",20.204983,10.900729,10.44,0.53718,0.09134,364.507,24160012288.0,1.88,0.0149677441735367,,19.929634,0.8484848484848485,0.6363636363636364,0.8939393939393939,1.109848484848485,22.118874098484852,230.92104558818184,0.0947238215393773,0.01304814243517265,ROE (54%) dans le haut du secteur ; momentum (+1%) superieur au secteur (+1%),False
BANR,2026-08-07,70.48999786376953,Financial Services,Banks - Regional,Banner Corporation,11.632013,1.198239,6.06,0.10782,0.31026,,2395596032.0,1.83,0.0762180082192285,,13.562913,0.3591549295774648,0.6338028169014085,0.602112676056338,0.9375,12.7152309375,77.05429948125,0.0931238731226347,0.18265308238435407,ecart porte principalement par le multiple median du secteur,False
AMAL,2026-08-07,50.150001525878906,Financial Services,Banks - Regional,Amalgamated Financial Corp.,13.409091,1.7958175,3.74,0.14276,0.33972,,1499492480.0,,0.7325781814238137,,13.562913,0.5985915492957746,0.7183098591549296,0.602112676056338,1.0783450704225352,14.625500374119719,54.69937139920775,0.09071524895131322,0.18265308238435407,momentum (+73%) superieur au secteur (+18%),False
ES,2026-08-07,72.05999755859375,Utilities,Utilities - Regulated Electric,Eversource Energy (D/B/A),15.530172,1.6389192,4.64,0.09016,0.10354,180.7,27100325888.0,2.68,0.1685375292260658,,21.70884,0.32,0.2,0.72,0.78,16.9328952,78.568633728,0.09032245892201018,0.1355532058243795,P/E de 15.5 nettement sous la mediane du secteur (21.7) ; momentum (+17%) superieur au secteur (+14%),False
CEG,2026-08-07,261.1000061035156,Utilities,Utilities - Independent Power Producers,Constellation Energy Corporatio,25.498049,2.825666,10.24,0.15055001,0.110810004,76.419,93239336960.0,3.74,-0.1434078367640131,,21.70884,0.96,0.28,0.08,1.28,27.7873152,284.542107648,0.0897820796495521,0.1355532058243795,ROE (15%) dans le haut du secteur ; dette plus faible que la mediane du secteur,False
FHN,2026-08-07,25.489999771118164,Financial Services,Banks - Regional,First Horizon Corporation,12.254808,1.4237838,2.08,0.11453,0.30171,,12098008064.0,1.76,0.1660541072247201,,13.562913,0.4647887323943662,0.5985915492957746,0.602112676056338,0.9815140845070423,13.312190136443663,27.68935548380282,0.08628308091146675,0.18265308238435407,ecart porte principalement par le multiple median du secteur,False
CHRW,2026-08-07,146.66000366210938,Industrials,Integrated Freight & Logistics,"C.H. Robinson Worldwide, Inc.",27.988552,10.552598,5.24,0.37123,0.03726,121.188,17137405952.0,2.11,0.1660142263463686,,29.493465,0.8602150537634409,0.13978494623655913,0.7419354838709677,1.0295698924731183,30.365583588709676,159.1156580048387,0.08492877425140377,0.1706663816928519,ROE (37%) dans le haut du secteur,False
DRVN,2026-08-07,12.960000038146973,Consumer Cyclical,Auto & Truck Dealerships,Driven Brands Holdings Inc.,17.052631,2.6821194,0.76,0.20706,0.08557,266.467,2137829376.0,0.93,-0.2252985668480649,,19.929634,0.4696969696969697,0.6060606060606061,0.8333333333333334,0.9280303030303031,18.49530428030303,14.056431253030304,0.08460117373889298,0.01304814243517265,PEG bas (0.93) : croissance qui justifie plus que le P/E actuel,False
AFL,2026-08-07,126.66000366210938,Financial Services,Insurance - Life,AFLAC Incorporated,14.344281,2.158266,8.83,0.16469,0.25596002,48.276,64468029440.0,1.18,0.2118003217724988,,13.562913,0.6971830985915493,0.43661971830985913,0.2535211267605634,1.1443661971830985,15.52093917253521,137.0498928934859,0.08202975628434062,0.18265308238435407,dette plus faible que la mediane du secteur ; momentum (+21%) superieur au secteur (+18%),False
BOOT,2026-08-07,164.0399932861328,Consumer Cyclical,Apparel Retail,"Boot Barn Holdings, Inc.",20.402985,3.763162,8.04,0.19174999,0.103520006,59.323,4967925760.0,,-0.1618945721303293,,19.929634,0.45454545454545453,0.7272727272727273,0.22727272727272727,1.1022727272727273,21.967892022727273,176.62185186272725,0.07669994569341432,0.01304814243517265,dette plus faible que la mediane du secteur,False
FLR,2026-08-07,48.75,Industrials,Engineering & Construction,Fluor Corporation,22.260273,2.4028983,2.19,0.1015,0.02305,36.293,6808907264.0,1.1,0.2230618627272556,,29.493465,0.1935483870967742,0.0967741935483871,0.23655913978494625,0.8118279569892473,23.94361943548387,52.43652656370968,0.07562105771712169,0.1706663816928519,P/E de 22.3 nettement sous la mediane du secteur (29.5) ; dette plus faible que la mediane du secteur ; momentum (+22%) superieur au secteur (+17%),False
AVY,2026-08-07,173.99000549316406,Consumer Cyclical,Packaging & Containers,Avery Dennison Corporation,19.056955,5.7227907,9.13,0.3116,0.076220006,158.653,13308562432.0,1.92,0.011185063068247,,19.929634,0.6060606060606061,0.5606060606060606,0.6666666666666666,1.0265151515151514,20.458071265151514,186.78219065083334,0.07352252861542596,0.01304814243517265,ecart porte principalement par le multiple median du secteur,False
DB,2026-08-07,37.630001068115234,Financial Services,Banks - Regional,Deutsche Bank AG,9.928761,0.77786666,3.79,0.08891,0.22715001,,70706774016.0,1.86,0.0827899416651876,,13.562913,0.18309859154929578,0.3732394366197183,0.602112676056338,0.784330985915493,10.637812925176057,40.317310986417255,0.07141402715980893,0.18265308238435407,P/E de 9.9 nettement sous la mediane du secteur (13.6),False
ABM,2026-08-07,48.54999923706055,Industrials,Specialty Business Services,ABM Industries Incorporated,18.81783,1.6266836,2.58,0.08866999,0.0175,112.697,2844103936.0,2.25,0.0003467153953264,,29.493465,0.17204301075268819,0.07526881720430108,0.6881720430107527,0.6827956989247312,20.1380110483871,51.95606850483872,0.0701559077508318,0.1706663816928519,P/E de 18.8 nettement sous la mediane du secteur (29.5),False
CHE,2026-08-07,549.4099731445312,Healthcare,Medical Care Facilities,Chemed Corp,27.622423,8.609957,19.89,0.27106002,0.10597,35.495,7180766720.0,2.18,0.1669120597860871,,25.224413,0.6956521739130435,0.5869565217391305,0.30434782608695654,1.1684782608695654,29.474178233695657,586.2414050682066,0.06703815679368152,0.08108714607959686,dette plus faible que la mediane du secteur ; momentum (+17%) superieur au secteur (+8%),False
COR,2026-08-07,325.010009765625,Healthcare,Medical Distribution,"Cencora, Inc.",23.534395,18.611351,13.81,0.96871,0.00789,446.516,62020739072.0,0.67,0.0737127431169486,,25.224413,0.9347826086956522,0.021739130434782608,0.9130434782608695,0.9945652173913043,25.08732379891304,346.4559416629891,0.06598545045683202,0.08108714607959686,ROE (97%) dans le haut du secteur ; PEG bas (0.67) : croissance qui justifie plus que le P/E actuel,False
ADSK,2026-08-07,242.47000122070312,Technology,Software - Application,"Autodesk, Inc.",35.34548,16.042742,6.86,0.50396,0.19488001,85.419,51196387328.0,0.92,-0.2557992123808074,,31.415586,0.88,0.72,0.6933333333333334,1.1966666666666665,37.59398458,257.8947342188,0.0636150159625597,-0.0330984307600903,ROE (50%) dans le haut du secteur ; PEG bas (0.92) : croissance qui justifie plus que le P/E actuel,False
FNB,2026-08-07,18.96999931335449,Financial Services,Banks - Regional,F.N.B. Corporation,11.291667,0.98071647,1.68,0.09034,0.34582,,6752635392.0,1.05,0.1657428840464385,,13.562913,0.19718309859154928,0.7464788732394366,0.602112676056338,0.8846830985915493,11.998879898767605,20.158118229929574,0.06263146861258306,0.18265308238435407,P/E de 11.3 nettement sous la mediane du secteur (13.6),False
BAP,2026-08-07,392.5700073242188,Financial Services,Banks - Regional,Credicorp Ltd.,14.949353,2.6874018,26.26,0.19148001,0.32900003,,31189026816.0,4.55,0.6310802799310549,,13.562913,0.7887323943661971,0.704225352112676,0.602112676056338,1.169894366197183,15.867175507922534,416.6720288380458,0.06139547358217157,0.18265308238435407,ROE (19%) dans le haut du secteur ; momentum (+63%) superieur au secteur (+18%),False
FHB,2026-08-07,27.56999969482422,Financial Services,Banks - Regional,"First Hawaiian, Inc.",11.986957,1.1870829,2.3,0.10321999,0.32339,,3354735104.0,,0.1042795675942789,,13.562913,0.3380281690140845,0.676056338028169,0.602112676056338,0.9375,12.7152309375,29.245031156249997,0.06075558505502032,0.18265308238435407,ecart porte principalement par le multiple median du secteur,False
CXT,2026-08-07,54.34999847412109,Industrials,Specialty Industrial Machinery,"Crane NXT, Co.",22.458677,2.5236814,2.42,0.11484,0.07782,113.074,3128456704.0,,-0.1204818911396551,,29.493465,0.23655913978494625,0.46236559139784944,0.7096774193548387,0.8064516129032258,23.785052419354837,57.559826854838704,0.05905848152407933,0.1706663816928519,P/E de 22.5 nettement sous la mediane du secteur (29.5),False
AGM,2026-08-07,236.9199981689453,Financial Services,Credit Services,Federal Agricultural Mortgage C,12.953526,2.0569544,18.29,0.13475999,0.56033003,1994.179,2571342592.0,1.1,0.1251206982087296,,13.562913,0.5563380281690141,0.9295774647887324,1.0,1.01056338028169,13.706183207746477,250.68609086968306,0.058104393074160265,0.18265308238435407,marge superieure a la mediane du secteur,False
DORM,2026-08-07,137.5800018310547,Consumer Cyclical,Auto Parts,"Dorman Products, Inc.",19.654285,2.6939495,7.0,0.15048,0.10176,34.867,4082771456.0,1.17,-0.1769577279936591,,19.929634,0.3181818181818182,0.7121212121212122,0.18181818181818182,1.0416666666666667,20.760035416666668,145.3202479166667,0.05625996498471375,0.01304814243517265,dette plus faible que la mediane du secteur,False
ETOR,2026-08-07,35.47999954223633,Financial Services,Capital Markets,eToro Group Ltd.,14.783333,2.1680415,2.4,0.20965,0.01924,2.445,2821620992.0,,-0.1966216904710068,,13.562913,0.8169014084507042,0.007042253521126761,0.04225352112676056,1.1496478873239435,15.592574276408449,37.422178263380275,0.05474009994932283,0.18265308238435407,ROE (21%) dans le haut du secteur ; dette plus faible que la mediane du secteur,False
AIZ,2026-08-07,296.3999938964844,Financial Services,Insurance - Property & Casualty,"Assurant, Inc.",14.181818,2.4070554,20.9,0.18341999,0.07903,36.211,14685919232.0,2.16,0.3145349360169001,,13.562913,0.7676056338028169,0.07746478873239436,0.2112676056338028,1.1003521126760563,14.923979973591548,311.9111814480633,0.0523319428845741,0.18265308238435407,ROE (18%) dans le haut du secteur ; dette plus faible que la mediane du secteur ; momentum (+31%) superieur au secteur (+18%),False
BCH,2026-08-07,42.15999984741211,Financial Services,Banks - Regional,Banco De Chile,15.969696,0.7496044,2.64,0.2158,0.45426,,21294401536.0,2.97,0.5268608612080024,,13.562913,0.8450704225352113,0.8591549295774648,0.602112676056338,1.2367957746478873,16.7745534903169,44.28482121443662,0.05039898896382322,0.18265308238435407,ROE (22%) dans le haut du secteur ; marge superieure a la mediane du secteur ; momentum (+53%) superieur au secteur (+18%),False
DOLE,2026-08-07,13.770000457763672,Consumer Defensive,Farm Products,Dole plc,14.806452,0.9522163,0.93,0.081099994,0.00464,87.825,1310338816.0,,-0.0280391016736601,,21.142578,0.24242424242424243,0.06060606060606061,0.6060606060606061,0.7348484848484849,15.53659140909091,14.449030010454548,0.0493122389337346,0.0711186143896602,P/E de 14.8 nettement sous la mediane du secteur (21.1),False
ALLY,2026-08-07,44.060001373291016,Financial Services,Credit Services,Ally Financial Inc.,10.367059,0.9928343,4.25,0.09681,0.1841,,13403038720.0,0.48,0.0860667787598012,,13.562913,0.2605633802816901,0.28169014084507044,0.602112676056338,0.8001760563380281,10.852718236795774,46.124052506382036,0.04684637014882709,0.18265308238435407,P/E de 10.4 nettement sous la mediane du secteur (13.6) ; PEG bas (0.48) : croissance qui justifie plus que le P/E actuel,False
EVRG,2026-08-07,83.0199966430664,Utilities,Utilities - Regulated Electric,"Evergy, Inc.",21.124681,1.8842058,3.93,0.092539996,0.15192,160.554,19141685248.0,2.34,0.1955250524017333,,21.70884,0.4,0.76,0.52,1.0099999999999998,21.925928399999993,86.16889861199998,0.03792943984895425,0.1355532058243795,marge superieure a la mediane du secteur ; momentum (+20%) superieur au secteur (+14%),False
FFBC,2026-08-07,33.779998779296875,Financial Services,Banks - Regional,First Financial Bancorp.,11.936396,1.1867621,2.83,0.10286,0.29931998,,3544514304.0,1.12,0.3253150886659839,,13.562913,0.33098591549295775,0.5915492957746479,0.602112676056338,0.9128521126760564,12.38093378609155,35.03804261463909,0.03724227000603819,0.18265308238435407,momentum (+33%) superieur au secteur (+18%),False
EAT,2026-08-07,227.2700042724609,Consumer Cyclical,Restaurants,"Brinker International, Inc.",22.022287,24.01416,10.32,1.39218,0.080740005,430.542,9747108864.0,1.66,0.3700474599417647,,19.929634,0.9696969696969697,0.5909090909090909,0.9545454545454546,1.143939393939394,22.79829343939394,235.27838829454546,0.03523731188249446,0.01304814243517265,ROE (139%) dans le haut du secteur ; momentum (+37%) superieur au secteur (+1%),False
BFST,2026-08-07,31.709999084472656,Financial Services,Banks - Regional,"Business First Bancshares, Inc.",11.365591,1.1015006,2.79,0.100109994,0.27831,,1032156800.0,,0.2936960131022552,,13.562913,0.2887323943661972,0.49295774647887325,0.602112676056338,0.8670774647887325,11.760096219190142,32.8106684515405,0.03471048246125008,0.18265308238435407,P/E de 11.4 nettement sous la mediane du secteur (13.6) ; momentum (+29%) superieur au secteur (+18%),False
A,2026-08-07,141.33999633789062,Healthcare,Diagnostics & Research,"Agilent Technologies, Inc.",28.381525,5.600729,4.98,0.21330999,0.19552,49.733,39918927872.0,1.25,0.1099820605319952,,25.224413,0.6086956521739131,0.782608695652174,0.34782608695652173,1.1630434782608696,29.337089032608695,146.0987033823913,0.033668509748114195,0.08108714607959686,marge superieure a la mediane du secteur ; dette plus faible que la mediane du secteur ; momentum (+11%) superieur au secteur (+8%),False
FLS,2026-08-07,78.63999938964844,Industrials,Specialty Industrial Machinery,Flowserve Corporation,27.400698,4.428925,2.87,0.16936001,0.08012,99.608,10050744320.0,1.95,0.434427695643558,,29.493465,0.4838709677419355,0.4838709677419355,0.6129032258064516,0.9596774193548387,28.30421237903226,81.2330895278226,0.03297418817777231,0.1706663816928519,momentum (+43%) superieur au secteur (+17%),False
BALL,2026-08-07,63.130001068115234,Consumer Cyclical,Packaging & Containers,Ball Corporation,18.088825,3.000618,3.49,0.17151,0.0661,131.495,16808142848.0,1.34,0.2509120742014705,,19.929634,0.3787878787878788,0.5454545454545454,0.5606060606060606,0.9356060606060607,18.646286356060607,65.07553938265153,0.030817967394569212,0.01304814243517265,momentum (+25%) superieur au secteur (+1%),False
ACIW,2026-08-07,55.220001220703125,Technology,Software - Infrastructure,"ACI Worldwide, Inc.",29.216932,3.730073,1.89,0.13817,0.11507,56.975,5613751808.0,1.78,0.1617022006823012,,31.415586,0.4266666666666667,0.52,0.5466666666666666,0.9566666666666668,30.054243940000003,56.8025210466,0.028658453294339248,-0.0330984307600903,momentum (+16%) superieur au secteur (-3%),False
FIBK,2026-08-07,37.41999816894531,Financial Services,Banks - Regional,"First Interstate BancSystem, In",11.585138,1.0760913,3.23,0.09616999,0.30635,,3566298368.0,1.16,0.2090210569102695,,13.562913,0.24647887323943662,0.6197183098591549,0.602112676056338,0.8776408450704225,11.90336642693662,38.44787355900528,0.02746861144726087,0.18265308238435407,momentum (+21%) superieur au secteur (+18%),False
COLB,2026-08-07,31.030000686645508,Financial Services,Banks - Regional,"Columbia Banking System, Inc.",12.216536,1.1620418,2.54,0.11028,0.28383,,8775811072.0,,0.2131794415618042,,13.562913,0.39436619718309857,0.5140845070422535,0.602112676056338,0.9251760563380281,12.548082361795775,31.872129198961268,0.027139171565606413,0.18265308238435407,momentum (+21%) superieur au secteur (+18%),False
AIT,2026-08-07,358.9100036621094,Industrials,Industrial Distribution,Applied Industrial Technologies,33.891407,7.150029,10.59,0.21899,0.08344,19.639,13265148928.0,3.06,0.3166325903271305,,29.493465,0.6559139784946236,0.4946236559139785,0.10752688172043011,1.174731182795699,34.64689302419355,366.9105971262097,0.02229136380281105,0.1706663816928519,dette plus faible que la mediane du secteur ; momentum (+32%) superieur au secteur (+17%),False
CUBE,2026-08-07,41.84999847412109,Real Estate,REIT - Industrial,CubeSmart,28.469387,3.659176,1.47,0.12028,0.29334998,134.3,9488080896.0,5.33,0.0711957240046918,,26.7375525,0.6842105263157895,0.5789473684210527,0.6052631578947368,1.0855263157894737,29.02431685855263,42.665745782072364,0.019492170554216592,0.1144081378085697,ecart porte principalement par le multiple median du secteur,False
FCF,2026-08-07,21.450000762939453,Financial Services,Banks - Regional,First,13.079268,1.3766768,1.64,0.109069996,0.33199,,2181131776.0,1.46,0.2416972738899969,,13.562913,0.38028169014084506,0.7112676056338029,0.602112676056338,0.9674295774647887,13.12116319278169,21.51870763616197,0.003203117518822074,0.18265308238435407,momentum (+24%) superieur au secteur (+18%),False
FCNCA,2026-08-07,2237.510009765625,Financial Services,Banks - Regional,"First Citizens BancShares, Inc.",11.946129,1.2657633,187.3,0.106529996,0.25225002,,25486149632.0,1.31,0.1057332024785213,,13.562913,0.352112676056338,0.4295774647887324,0.602112676056338,0.8829225352112676,11.975001530809859,2242.9177867206868,0.002416872743120413,0.18265308238435407,ecart porte principalement par le multiple median du secteur,False
CRH,2026-08-07,97.66000366210938,Basic Materials,Building Materials,CRH PLC,17.254417,2.7057128,5.66,0.15812,0.099350005,77.592,64971685888.0,2.0,-0.1527982286874157,,19.09091,0.4864864864864865,0.40540540540540543,0.7567567567567568,0.9054054054054053,17.285013108108107,97.83317419189189,0.001773198067672288,0.1923937749172761,ecart porte principalement par le multiple median du secteur,False
ATR,2026-08-07,135.77999877929688,Healthcare,Medical Instruments & Supplies,"AptarGroup, Inc.",24.509026,3.2856624,5.54,0.13459,0.09217,52.78,8633044992.0,2.46,-0.023563941458345,,25.224413,0.41304347826086957,0.45652173913043476,0.391304347826087,0.9728260869565217,24.538966994565214,135.9458771498913,0.00122167014350949,0.08108714607959686,ecart porte principalement par le multiple median du secteur,False
CDP,2026-08-07,37.209999084472656,Real Estate,REIT - Office,COPT Defense Properties,25.840277,2.7485595,1.44,0.10825,0.20839001,164.15,4310572032.0,1.02,0.3735122936838704,,26.7375525,0.6052631578947368,0.39473684210526316,0.7368421052631579,0.9671052631578946,25.858027746710523,37.23555995526315,0.0006869355393550602,0.1144081378085697,momentum (+37%) superieur au secteur (+11%),False
CLS,2026-08-07,314.5299987792969,Technology,Electronic Components,"Celestica, Inc.",36.36185,14.587236,8.65,0.52691,0.07159,39.571,36165316608.0,1.0,0.7018742102254494,,31.415586,0.8933333333333333,0.30666666666666664,0.48,1.1533333333333333,36.23264252,313.412357798,-0.0035533684724333714,-0.0330984307600903,ROE (53%) dans le haut du secteur ; momentum (+70%) superieur au secteur (-3%),False
CHCO,2026-08-07,145.24000549316406,Financial Services,Banks - Regional,City Holding Company,15.907996,2.5229294,9.13,0.16755,0.41118,,2039919104.0,1.91,0.1609792805158694,,13.562913,0.7183098591549296,0.8309859154929577,0.602112676056338,1.1663732394366197,15.819418772007042,144.4312933884243,-0.0055681084697963845,0.18265308238435407,marge superieure a la mediane du secteur,False
BJ,2026-08-07,97.18000030517578,Consumer Defensive,Discount Stores,"BJ's Wholesale Club Holdings, I",22.237988,5.8362865,4.37,0.27885,0.026010001,134.579,12409150464.0,2.32,0.0010237353993516,,21.142578,0.7878787878787878,0.30303030303030304,0.696969696969697,1.0454545454545454,22.10360427272727,96.59275067181818,-0.0060429062720051,0.0711186143896602,ROE (28%) dans le haut du secteur,False
CBSH,2026-08-07,59.130001068115234,Financial Services,Banks - Regional,"Commerce Bancshares, Inc.",14.636139,1.9525162,4.04,0.14694001,0.3164,,8508460032.0,2.06,0.0251801753444738,,13.562913,0.6197183098591549,0.647887323943662,0.602112676056338,1.0713028169014085,14.529986902288734,58.70114708524648,-0.007252730849348854,0.18265308238435407,ecart porte principalement par le multiple median du secteur,False
ARHS,2026-08-07,9.68000030517578,Consumer Cyclical,Specialty Retail,"Arhaus, Inc.",17.6,3.670838,0.55,0.17282,0.04911,146.823,1372156800.0,,-0.3371456104626934,,19.929634,0.3939393939393939,0.3484848484848485,0.6363636363636364,0.8750000000000001,17.43842975,9.591136362500002,-0.009180159077914807,0.01304814243517265,ecart porte principalement par le multiple median du secteur,False
AUB,2026-08-07,42.43999862670898,Financial Services,Banks - Regional,Atlantic Union Bankshares Corpo,12.556212,1.168824,3.38,0.09759,0.32319,,6023261184.0,1.08,0.2242498274149578,,13.562913,0.2746478873239437,0.6690140845070423,0.602112676056338,0.904049295774648,12.261541946302819,41.44401177850352,-0.02346811688110295,0.18265308238435407,momentum (+22%) superieur au secteur (+18%),False
CNK,2026-08-07,37.95000076293945,Communication Services,Entertainment,Cinemark Holdings Inc Cinemark ,21.083334,8.782689,1.8,0.45816,0.0644,587.527,4398855168.0,1.86,0.4321154710546349,,21.33342,0.8333333333333334,0.16666666666666666,1.0,0.9583333333333335,20.444527500000003,36.8001495,-0.030299110403769758,-0.10533193018810935,ROE (46%) dans le haut du secteur ; momentum (+43%) superieur au secteur (-11%),False
ELS,2026-08-07,64.66000366210938,Real Estate,REIT - Residential,"Equity Lifestyle Properties, In",31.236717,7.133716,2.07,0.22877,0.25625,182.359,12956820480.0,4.86,0.1169931014124263,,26.7375525,0.9210526315789473,0.47368421052631576,0.7894736842105263,1.131578947368421,30.255651513157893,62.629198632236836,-0.031407437594418,0.1144081378085697,ROE (23%) dans le haut du secteur ; momentum (+12%) superieur au secteur (+11%),False
COKE,2026-08-07,188.22999572753903,Consumer Defensive,Beverages - Non-Alcoholic,"Coca-Cola Consolidated, Inc.",24.997343,3.9363015,7.53,0.97331,0.0715,197.906,12529396736.0,3.04,0.6128707309979684,,21.142578,0.9393939393939394,0.5757575757575758,0.8787878787878788,1.143939393939394,24.185827863636366,182.11928381318185,-0.032464070833866376,0.0711186143896602,ROE (97%) dans le haut du secteur ; momentum (+61%) superieur au secteur (+7%),False
DEO,2026-08-07,92.8000030517578,Consumer Defensive,Beverages - Wineries & Distilleries,Diageo plc,21.481482,80.09543,4.32,0.14985,0.08843,166.057,51587518464.0,0.9,-0.1837667584977976,,21.142578,0.5151515151515151,0.6666666666666666,0.7878787878787878,0.9772727272727273,20.662064863636363,89.2601202109091,-0.03814528797886341,0.0711186143896602,PEG bas (0.90) : croissance qui justifie plus que le P/E actuel,False
CMI,2026-08-07,643.97998046875,Industrials,Specialty Industrial Machinery,Cummins Inc.,33.229103,6.900697,19.38,0.21114,0.07822,59.586,88862203904.0,1.46,0.6089924097769666,,29.493465,0.6236559139784946,0.4731182795698925,0.40860215053763443,1.077956989247312,31.792686733870973,616.1422689024195,-0.04322760397934666,0.1706663816928519,momentum (+61%) superieur au secteur (+17%),False
DKS,2026-08-07,198.6199951171875,Consumer Cyclical,Specialty Retail,Dick's Sporting Goods Inc,19.339823,3.139443,10.27,0.20903999,0.04711,138.992,17776992256.0,1.37,-0.0579528339466213,,19.929634,0.5,0.30303030303030304,0.5909090909090909,0.9280303030303031,18.49530428030303,189.94677495871213,-0.04366740696654481,0.01304814243517265,ecart porte principalement par le multiple median du secteur,False
BOH,2026-08-07,79.0199966430664,Financial Services,Banks - Regional,Bank of Hawaii Corporation,14.687732,2.0363355,5.38,0.13017,0.31353,,3117370112.0,2.1,0.2069985183149914,,13.562913,0.5492957746478874,0.6408450704225352,0.602112676056338,1.034330985915493,14.028541175176057,75.47355152244718,-0.04488035018070846,0.18265308238435407,momentum (+21%) superieur au secteur (+18%),False
DTE,2026-08-07,139.97000122070312,Utilities,Utilities - Regulated Electric,DTE Energy Company,22.077288,2.3974035,6.34,0.1103,0.07999,229.06,29126086656.0,1.97,0.0727734128821995,,21.70884,0.84,0.16,0.96,0.97,21.057574799999998,133.50502423199998,-0.046188304153182314,0.1355532058243795,ROE (11%) dans le haut du secteur,False
CTAS,2026-08-07,202.1499938964844,Industrials,Specialty Business Services,Cintas Corporation,41.171078,15.73764,4.91,0.40714002,0.17754,52.646,80894279680.0,3.21,-0.0184640102865393,,29.493465,0.9139784946236559,0.8494623655913979,0.3548387096774194,1.3306451612903227,39.24533649193549,192.69460217540325,-0.04677413804881447,0.1706663816928519,ROE (41%) dans le haut du secteur ; marge superieure a la mediane du secteur,False
EVR,2026-08-07,310.3299865722656,Financial Services,Capital Markets,Evercore Inc.,17.48338,6.73503,17.75,0.39504,0.15818,50.183,11934601216.0,1.63,0.0047196652015295,,13.562913,0.9647887323943662,0.23943661971830985,0.2676056338028169,1.2253521126760563,16.619344098591547,294.99335775,-0.04942038953974648,0.18265308238435407,ROE (40%) dans le haut du secteur ; dette plus faible que la mediane du secteur,False
AMH,2026-08-07,34.54999923706055,Real Estate,REIT - Residential,American Homes 4 Rent,27.420635,1.8262063,1.26,0.07084,0.25530002,68.848,14163841024.0,,-0.0288521472529331,,26.7375525,0.3157894736842105,0.4473684210526316,0.18421052631578946,0.9736842105263158,26.03393269736842,32.80275519868421,-0.05057146387725908,0.1144081378085697,dette plus faible que la mediane du secteur,False
EBAY,2026-08-07,110.13999938964844,Consumer Cyclical,Internet Retail,eBay Inc.,25.613953,10.716093,4.3,0.46611,0.18571,150.332,48902160384.0,1.72,0.2704223091433819,,19.929634,0.7878787878787878,0.9545454545454546,0.6515151515151515,1.21969696969697,24.3081141969697,104.52489104696971,-0.050981554147406904,0.01304814243517265,ROE (47%) dans le haut du secteur ; marge superieure a la mediane du secteur ; momentum (+27%) superieur au secteur (+1%),False
DIS,2026-08-07,104.68000030517578,Communication Services,Entertainment,Walt Disney Company (The),21.583506,1.6803377,4.85,0.0801,0.086990006,39.404,180749582336.0,2.46,-0.1756812481288613,,21.33342,0.3333333333333333,0.5,0.3333333333333333,0.9583333333333333,20.4445275,99.155958375,-0.0527707481283094,-0.10533193018810935,dette plus faible que la mediane du secteur,False
E,2026-08-07,54.27000045776367,Energy,Oil & Gas Integrated,ENI S.p.A.,12.250565,1.4892504,4.43,0.10901,0.05874,64.975,78489116672.0,0.43,0.5891027469255483,,14.276671499999999,0.3055555555555556,0.25,0.6111111111111112,0.8125,11.599795593749999,51.38709448031249,-0.053121539582348776,0.37294201588170983,momentum (+59%) superieur au secteur (+37%) ; PEG bas (0.43) : croissance qui justifie plus que le P/E actuel,False
CSWC,2026-08-07,24.75,Financial Services,Asset Management,Capital Southwest Corporation,13.674033,1.4830128,1.81,0.11213,0.46679002,119.309,1577413248.0,12.54,0.1412104645181233,,13.562913,0.4225352112676056,0.8661971830985915,0.8943661971830986,0.9542253521126759,12.942075433098589,23.425156533908446,-0.05352902893299205,0.18265308238435407,marge superieure a la mediane du secteur,False
EBC,2026-08-07,23.01000022888184,Financial Services,Banks - Regional,"Eastern Bankshares, Inc.",12.854749,1.172723,1.79,0.09442,0.34257,,5266989056.0,,0.3811888526874412,,13.562913,0.22535211267605634,0.7323943661971831,0.602112676056338,0.8952464788732395,12.142150106514086,21.734448690660212,-0.055434659953656706,0.18265308238435407,momentum (+38%) superieur au secteur (+18%),False
CP,2026-08-07,90.25,Industrials,Railroads,Canadian Pacific Kansas City Li,29.493465,2.3920066,3.06,0.08154,0.25031,52.822,79336898560.0,2.22,0.1742672086583208,,29.493465,0.11827956989247312,0.9032258064516129,0.3655913978494624,0.9435483870967741,27.82851133064516,85.15524467177418,-0.05645158258421956,0.1706663816928519,marge superieure a la mediane du secteur ; momentum (+17%) superieur au secteur (+17%),False
CFR,2026-08-07,164.75999450683594,Financial Services,Banks - Regional,"Cullen/Frost Bankers, Inc.",15.572779,2.2870626,10.58,0.15498,0.30192,,10239633408.0,4.75,0.3186348720409513,,13.562913,0.6619718309859155,0.6056338028169014,0.602112676056338,1.0818661971830985,14.67325711003521,155.24306022417252,-0.05776240956519674,0.18265308238435407,momentum (+32%) superieur au secteur (+18%),False
CAT,2026-08-07,856.9600219726562,Industrials,Farm & Heavy Construction Machinery,"Caterpillar, Inc.",36.906116,21.15376,23.22,0.56972003,0.14511,232.783,393923002368.0,2.04,0.9619715585816152,,29.493465,0.956989247311828,0.7311827956989247,0.9354838709677419,1.1774193548387097,34.726176532258066,806.3418190790322,-0.0590671695245536,0.1706663816928519,ROE (57%) dans le haut du secteur ; momentum (+96%) superieur au secteur (+17%),False
DXCM,2026-08-07,83.0199966430664,Healthcare,Medical Devices,"DexCom, Inc.",32.814228,11.952202,2.53,0.38491002,0.20118,53.346,31328489472.0,1.56,0.1076453544539504,,25.224413,0.7608695652173914,0.8043478260869565,0.43478260869565216,1.222826086956522,30.84507024456522,78.03802771875,-0.06000926434309228,0.08108714607959686,ROE (38%) dans le haut du secteur ; marge superieure a la mediane du secteur ; momentum (+11%) superieur au secteur (+8%),False
EQR,2026-08-07,66.69999694824219,Real Estate,REIT - Residential,Equity Residential,29.513273,2.3819726,2.26,0.080240004,0.27974,78.679,25785188352.0,16.1,0.0503219678835258,,26.7375525,0.4473684210526316,0.5263157894736842,0.2894736842105263,1.0328947368421053,27.617077253289473,62.414594592434206,-0.06424891382129094,0.1144081378085697,dette plus faible que la mediane du secteur,False
BUSE,2026-08-07,31.09000015258789,Financial Services,Banks - Regional,First Busey Corporation,12.6897955,1.0852795,2.45,0.09634,0.29509002,,2629504000.0,1.91,0.2999846214885531,,13.562913,0.2535211267605634,0.5774647887323944,0.602112676056338,0.8705985915492959,11.807852955105634,28.929239740008807,-0.06950017375278861,0.18265308238435407,momentum (+30%) superieur au secteur (+18%),False
DGX,2026-08-07,238.5,Healthcare,Diagnostics & Research,Quest Diagnostics Incorporated,25.318472,3.4905672,9.42,0.14602,0.09187,81.074,26324045824.0,1.99,0.3053258993093559,,25.224413,0.43478260869565216,0.43478260869565216,0.6086956521739131,0.9239130434782609,23.30516418478261,219.53464662065218,-0.07951930138091323,0.08108714607959686,momentum (+31%) superieur au secteur (+8%),False
FMBH,2026-08-07,51.900001525878906,Financial Services,Banks - Regional,"First Mid Bancshares, Inc.",12.878411,1.2528062,4.03,0.10045999,0.26852,,1381359872.0,1.27,0.3120670828871723,,13.562913,0.3028169014084507,0.4647887323943662,0.602112676056338,0.8670774647887324,11.76009621919014,47.39318776333627,-0.08683648612795125,0.18265308238435407,momentum (+31%) superieur au secteur (+18%),False
FAST,2026-08-07,50.79999923706055,Industrials,Industrial Distribution,Fastenal Company,43.418804,14.326001,1.17,0.34334,0.15454,10.851,58292875264.0,3.68,-0.018398191017609,,29.493465,0.8387096774193549,0.7741935483870968,0.07526881720430108,1.3440860215053765,39.64175403225807,46.38085221774194,-0.08699108436392788,0.1706663816928519,ROE (34%) dans le haut du secteur ; marge superieure a la mediane du secteur ; dette plus faible que la mediane du secteur,False
DOO,2026-08-07,63.84999847412109,Consumer Cyclical,Recreational Vehicles,BRP Inc.,21.498316,9.4572735,2.97,0.52333,0.03014,415.87,4683169792.0,1.79,-0.008470874730743,,19.929634,0.8333333333333334,0.21212121212121213,0.9393939393939394,0.9848484848484849,19.62766984848485,58.29417945000001,-0.08701361248070971,0.01304814243517265,ROE (52%) dans le haut du secteur,False
BOKF,2026-08-07,144.47000122070312,Financial Services,Banks - Regional,BOK Financial Corporation,13.655009,1.4431702,10.58,0.1086,0.28529,,8777996288.0,1.46,0.2878575270264123,,13.562913,0.3732394366197183,0.5211267605633803,0.602112676056338,0.9163732394366197,12.428690522007043,131.49554572283452,-0.08980726371039383,0.18265308238435407,momentum (+29%) superieur au secteur (+18%),False
CM,2026-08-07,118.44000244140624,Financial Services,Banks - Diversified,Canadian Imperial Bank of Comme,16.51883,2.3767266,7.17,0.15387,0.33976,,108112117760.0,1.86,0.5568100003987559,,13.562913,0.6549295774647887,0.7253521126760564,0.602112676056338,1.108274647887324,15.03143262940141,107.7753719528081,-0.09004247102978624,0.18265308238435407,momentum (+56%) superieur au secteur (+18%),False
FIX,2026-08-07,1713.5999755859375,Industrials,Engineering & Construction,"Comfort Systems USA, Inc.",42.73317,93.35876,40.1,0.55292,0.12775,45.489,60309000192.0,0.75,1.4628716915463356,,29.493465,0.946236559139785,0.6451612903225806,0.3010752688172043,1.3091397849462367,38.61106842741936,1548.3038439395164,-0.09646132936591623,0.1706663816928519,ROE (55%) dans le haut du secteur ; dette plus faible que la mediane du secteur ; momentum (+146%) superieur au secteur (+17%),False
BHRB,2026-08-07,73.76000213623047,Financial Services,Banks - Regional,Burke & Herbert Financial Servi,12.895105,1.2467884,5.72,0.09786,0.26976,,1487383168.0,,0.1826231084051639,,13.562913,0.28169014084507044,0.47183098591549294,0.602112676056338,0.858274647887324,11.64070437940141,66.58482905017605,-0.09727728956409576,0.18265308238435407,ecart porte principalement par le multiple median du secteur,False
CWT,2026-08-07,49.43000030517578,Utilities,Utilities - Regulated Water,California Water Service Group,22.165918,1.6911287,2.23,0.07677,0.12634,92.677,3056706816.0,2.22,0.0912443416153645,,21.70884,0.16,0.52,0.16,0.92,19.9721328,44.537856144,-0.09897115377244947,0.1355532058243795,dette plus faible que la mediane du secteur,False
AME,2026-08-07,251.3800048828125,Industrials,Specialty Industrial Machinery,"AMETEK, Inc.",36.75146,5.2766585,6.84,0.14562,0.20044,20.522,57617051648.0,3.14,0.3161882264573599,,29.493465,0.3548387096774194,0.8817204301075269,0.11827956989247312,1.1182795698924732,32.981939354838715,225.5964651870968,-0.10256798152158275,0.1706663816928519,marge superieure a la mediane du secteur ; dette plus faible que la mediane du secteur ; momentum (+32%) superieur au secteur (+17%),False
DSGX,2026-08-07,77.77999877929688,Technology,Software - Application,The Descartes Systems Group Inc,38.696518,4.0990777,2.01,0.11422,0.23346001,0.499,6665032192.0,1.56,-0.2480239524066217,,31.415586,0.32,0.8133333333333334,0.04,1.1033333333333335,34.66186322000001,69.6703450722,-0.10426399889910332,-0.0330984307600903,marge superieure a la mediane du secteur ; dette plus faible que la mediane du secteur,False
CCU,2026-08-07,11.949999809265137,Consumer Defensive,Beverages - Brewers,"Compania Cervecerias Unidas, S.",19.274193,0.0029821915,0.62,0.07943,0.03529,83.148,2212414976.0,1.73,-0.0583588104225543,,21.142578,0.21212121212121213,0.36363636363636365,0.5454545454545454,0.8106060606060607,17.138301863636364,10.625747155454546,-0.11081612342653469,0.0711186143896602,ecart porte principalement par le multiple median du secteur,False
CART,2026-08-07,45.02999877929688,Consumer Cyclical,Internet Retail,Maplebear Inc.,25.156424,4.343171,1.79,0.16283001,0.12552,1.311,10583392256.0,2.5,0.0283606080822855,,19.929634,0.3484848484848485,0.803030303030303,0.015151515151515152,1.121212121212121,22.34534721212121,39.99817150969697,-0.1117438908728855,0.01304814243517265,marge superieure a la mediane du secteur ; dette plus faible que la mediane du secteur ; momentum (+3%) superieur au secteur (+1%),False
DK,2026-08-07,58.68999862670898,Energy,Oil & Gas Refining & Marketing,"Delek US Holdings, Inc.",16.302778,19.261568,3.6,0.78763,0.01862,812.326,3593716224.0,0.38,1.4947206532458843,,14.276671499999999,1.0,0.05555555555555555,1.0,1.0138888888888888,14.474958604166664,52.10985097499999,-0.11211701832813559,0.37294201588170983,ROE (79%) dans le haut du secteur ; momentum (+149%) superieur au secteur (+37%) ; PEG bas (0.38) : croissance qui justifie plus que le P/E actuel,False
BAC,2026-08-07,63.0,Financial Services,Banks - Diversified,Bank of America Corporation,14.549654,1.6013421,4.33,0.111990005,0.29524,,440543150080.0,1.07,0.2475263139539045,,13.562913,0.4084507042253521,0.5845070422535211,0.602112676056338,0.9498239436619718,12.882379513204224,55.780703292174294,-0.1145920112353287,0.18265308238435407,momentum (+25%) superieur au secteur (+18%),False
FELE,2026-08-07,109.33000183105467,Industrials,Specialty Industrial Machinery,"Franklin Electric Co., Inc.",31.598267,3.4343784,3.46,0.11767,0.07056,21.845,4833639424.0,2.02,0.0789497533874257,,29.493465,0.25806451612903225,0.40860215053763443,0.13978494623655913,0.946236559139785,27.90779483870968,96.5609701419355,-0.11679348280676782,0.1706663816928519,dette plus faible que la mediane du secteur,False
COF,2026-08-07,220.0,Financial Services,Credit Services,Capital One Financial Corporati,12.208656,1.3106239,18.02,0.09031,0.21867001,,134970007552.0,0.23,-0.069132497191124,,13.562913,0.19014084507042253,0.3591549295774648,0.602112676056338,0.784330985915493,10.637812925176057,191.69338891167254,-0.12866641403785206,0.18265308238435407,PEG bas (0.23) : croissance qui justifie plus que le P/E actuel,False
APPF,2026-08-07,194.1100006103516,Technology,Software - Application,"AppFolio, Inc.",44.015873,13.066101,4.41,0.3209,0.15134,6.799,6874792448.0,7.45,-0.3503857550311424,,31.415586,0.7466666666666667,0.6533333333333333,0.26666666666666666,1.22,38.32701492,169.0221357972,-0.12924560679133645,-0.0330984307600903,dette plus faible que la mediane du secteur,False
ETR,2026-08-07,106.48999786376952,Utilities,Utilities - Regulated Electric,Entergy Corporation,27.235292,2.846413,3.91,0.10248999,0.13329001,186.77,49691586560.0,1.9,0.2447022387924049,,21.70884,0.8,0.56,0.8,1.09,23.6626356,92.52090519600002,-0.13117750913696025,0.1355532058243795,ROE (10%) dans le haut du secteur ; momentum (+24%) superieur au secteur (+14%),False
AVT,2026-08-07,96.8000030517578,Technology,Electronics & Computer Distribution,"Avnet, Inc.",24.13965,1.5837957,4.01,0.06665,0.0121,69.205,7939931136.0,2.65,0.6660884079772085,,31.415586,0.12,0.04,0.6133333333333333,0.6666666666666667,20.943724000000003,83.98433324000001,-0.1323932790054294,-0.0330984307600903,P/E de 24.1 nettement sous la mediane du secteur (31.4) ; momentum (+67%) superieur au secteur (-3%),False
BKU,2026-08-07,46.630001068115234,Financial Services,Banks - Regional,"BankUnited, Inc.",12.810439,1.1221544,3.64,0.09187999,0.2619,,3370254592.0,0.27,0.2246466765847981,,13.562913,0.2112676056338028,0.4507042253521127,0.602112676056338,0.817781690140845,11.091501916373238,40.37306697559859,-0.13418258522826898,0.18265308238435407,momentum (+22%) superieur au secteur (+18%) ; PEG bas (0.27) : croissance qui justifie plus que le P/E actuel,False
EFSC,2026-08-07,66.37999725341797,Financial Services,Banks - Regional,Enterprise Financial Services C,13.196818,1.2224227,5.03,0.09603,0.27356002,,2402459392.0,1.23,0.1071460053552366,,13.562913,0.23943661971830985,0.4859154929577465,0.602112676056338,0.8406690140845071,11.401920699823945,57.35166112011445,-0.13600989013054898,0.18265308238435407,ecart porte principalement par le multiple median du secteur,False
AEG,2026-08-07,9.460000038146973,Financial Services,Insurance - Diversified,Aegon Ltd. New York Registry Sh,13.710145,1.6468127,0.69,0.10421,0.080129996,56.935,13987706880.0,14.09,0.2473879165685832,,13.562913,0.34507042253521125,0.08450704225352113,0.28169014084507044,0.8732394366197183,11.843670507042253,8.172132649859154,-0.1361382011727863,0.18265308238435407,dette plus faible que la mediane du secteur ; momentum (+25%) superieur au secteur (+18%),False
ADM,2026-08-07,77.51000213623047,Consumer Defensive,Farm Products,Archer-Daniels-Midland Company,21.177595,1.5848447,3.66,0.07642,0.021559998,39.134,37356449792.0,1.01,0.2942454586210121,,21.142578,0.18181818181818182,0.2727272727272727,0.18181818181818182,0.8636363636363638,18.259499181818185,66.82976700545456,-0.1377917021857964,0.0711186143896602,dette plus faible que la mediane du secteur ; momentum (+29%) superieur au secteur (+7%),False
DOCU,2026-08-07,56.900001525878906,Technology,Software - Application,"DocuSign, Inc.",36.948055,6.036495,1.54,0.16440001,0.09592,10.075,10864748544.0,0.67,-0.2847639027943924,,31.415586,0.49333333333333335,0.37333333333333335,0.30666666666666664,1.0133333333333334,31.834460480000004,49.025069139200006,-0.13839951099293502,-0.0330984307600903,dette plus faible que la mediane du secteur ; PEG bas (0.67) : croissance qui justifie plus que le P/E actuel,False
BNL,2026-08-07,21.15999984741211,Real Estate,REIT - Diversified,"Broadstone Net Lease, Inc.",27.842106,1.4087882,0.76,0.04922,0.3061,89.326,4233323776.0,,0.2264400447046717,,26.7375525,0.13157894736842105,0.631578947368421,0.3157894736842105,0.894736842105263,23.92307328947368,18.181535699999998,-0.14075917622354717,0.1144081378085697,dette plus faible que la mediane du secteur ; momentum (+23%) superieur au secteur (+11%),False
CXW,2026-08-07,32.2400016784668,Industrials,Security & Protection Services,"CoreCivic, Inc.",25.385828,2.2844188,1.27,0.08772001,0.05149,93.642,3188164352.0,1.06,0.4743589056296031,,29.493465,0.15053763440860216,0.22580645161290322,0.5698924731182796,0.7392473118279569,21.802964717741933,27.689765191532256,-0.1411363601129605,0.1706663816928519,momentum (+47%) superieur au secteur (+17%),False
CBU,2026-08-07,65.31999969482422,Financial Services,Banks - Regional,"Community Financial System, Inc",15.155453,1.6575314,4.31,0.1153,0.2721,,3435701248.0,2.62,0.116263374406645,,13.562913,0.4788732394366197,0.4788732394366197,0.602112676056338,0.9586267605633803,13.001771352992957,56.03763453139964,-0.14210601969981462,0.18265308238435407,ecart porte principalement par le multiple median du secteur,False
EZPW,2026-08-07,29.18000030517578,Financial Services,Credit Services,"EZCORP, Inc.",16.121548,1.6047075,1.81,0.14745,0.09991,69.431,1792917760.0,0.28,0.7858428507207365,,13.562913,0.6338028169014085,0.13380281690140844,0.323943661971831,1.0193661971830985,13.82557504753521,25.02429083603873,-0.14241636140078917,0.18265308238435407,dette plus faible que la mediane du secteur ; momentum (+79%) superieur au secteur (+18%) ; PEG bas (0.28) : croissance qui justifie plus que le P/E actuel,False
APP,2026-08-07,335.6700134277344,Communication Services,Advertising Agencies,Applovin Corporation,32.1523,53.196518,10.44,2.03686,0.64575994,111.13,112332144640.0,1.15,-0.1727783762179309,,21.33342,1.0,1.0,0.8333333333333334,1.2916666666666667,27.555667500000002,287.6811687,-0.14296434834226202,-0.10533193018810935,ROE (204%) dans le haut du secteur ; marge superieure a la mediane du secteur,False
ARDT,2026-08-07,11.59000015258789,Healthcare,Medical Care Facilities,"Ardent Health, Inc.",21.462963,1.2408993,0.54,0.09956,0.012209999,130.144,1661426944.0,,-0.1591804232375192,,25.224413,0.30434782608695654,0.10869565217391304,0.8043478260869565,0.7282608695652174,18.369952945652173,9.919774590652175,-0.14410919240262277,0.08108714607959686,ecart porte principalement par le multiple median du secteur,False
ALGN,2026-08-07,169.0800018310547,Healthcare,Medical Instruments & Supplies,"Align Technology, Inc.",30.301077,2.8561294,5.58,0.10155,0.09991,2.047,12011418624.0,0.83,0.1916032379673393,,25.224413,0.32608695652173914,0.5217391304347826,0.06521739130434782,1.0271739130434783,25.909859005434782,144.57701325032608,-0.14491949559600836,0.08108714607959686,dette plus faible que la mediane du secteur ; momentum (+19%) superieur au secteur (+8%) ; PEG bas (0.83) : croissance qui justifie plus que le P/E actuel,False
AIR,2026-08-07,146.39999389648438,Industrials,Aerospace & Defense,AAR Corp.,30.185566,3.3831718,4.85,0.12876001,0.056739997,59.397,5893894144.0,2.4,0.8509117962977977,,29.493465,0.3010752688172043,0.27956989247311825,0.3978494623655914,0.8709677419354839,25.687856612903225,124.58610457258064,-0.1490019824681671,0.1706663816928519,momentum (+85%) superieur au secteur (+17%),False
AROC,2026-08-07,33.349998474121094,Energy,Oil & Gas Equipment & Services,"Archrock, Inc.",18.224043,3.8505943,1.83,0.22194,0.21837,151.872,5847528448.0,1.48,0.4749971768311041,,14.276671499999999,0.75,0.6388888888888888,0.8055555555555556,1.0833333333333335,15.466394125,28.303501248750003,-0.15131926405595097,0.37294201588170983,ROE (22%) dans le haut du secteur ; momentum (+47%) superieur au secteur (+37%),False
CVCO,2026-08-07,578.1699829101562,Consumer Cyclical,Residential Construction,"Cavco Industries, Inc.",25.115984,4.0141773,23.02,0.16658,0.07886,3.702,4445781504.0,45.77,0.0311787957680265,,19.929634,0.36363636363636365,0.5757575757575758,0.030303030303030304,1.0681818181818183,21.288472681818185,490.0606411354546,-0.1523934904596963,0.01304814243517265,dette plus faible que la mediane du secteur ; momentum (+3%) superieur au secteur (+1%),False
CFFN,2026-08-07,8.989999771118164,Financial Services,Banks - Regional,"Capitol Federal Financial, Inc.",13.83077,1.084439,0.65,0.080129996,0.36703998,,1109186560.0,4.09,0.4227232681427908,,13.562913,0.13380281690140844,0.7887323943661971,0.602112676056338,0.863556338028169,11.712339483274647,7.613020664128521,-0.15316786897074375,0.18265308238435407,marge superieure a la mediane du secteur ; momentum (+42%) superieur au secteur (+18%),False
FSBC,2026-08-07,46.45000076293945,Financial Services,Banks - Regional,Five Star Bancorp,18.58,2.0983918,2.5,0.16172001,0.42960998,,1119498496.0,,0.4663103601380294,,13.562913,0.6901408450704225,0.8450704225352113,0.602112676056338,1.1558098591549295,15.676148564260563,39.19037141065141,-0.15628911158339964,0.18265308238435407,marge superieure a la mediane du secteur ; momentum (+47%) superieur au secteur (+18%),False
CMS,2026-08-07,71.19999694824219,Utilities,Utilities - Regulated Electric,CMS Energy Corporation,21.38138,2.3380291,3.33,0.09158,0.11642,185.604,21995075584.0,2.75,0.0289890711514735,,21.70884,0.36,0.36,0.76,0.8299999999999998,18.018337199999994,60.001062875999985,-0.15728840663270116,0.1355532058243795,ecart porte principalement par le multiple median du secteur,False
ACA,2026-08-07,144.88999938964844,Industrials,Engineering & Construction,"Arcosa, Inc.",32.486546,2.6982381,4.46,0.080299996,0.16836001,48.158,7115085312.0,2.26,0.4700009539114036,,29.493465,0.10752688172043011,0.8172043010752689,0.3333333333333333,0.9247311827956989,27.27352677419355,121.63992941290323,-0.16046704447985727,0.1706663816928519,marge superieure a la mediane du secteur ; dette plus faible que la mediane du secteur ; momentum (+47%) superieur au secteur (+17%),False
D,2026-08-07,66.80000305175781,Utilities,Utilities - Regulated Electric,"Dominion Energy, Inc.",23.114187,2.1046,2.89,0.08281,0.13984999,160.459,58752335872.0,2.84,0.2057576064469679,,21.70884,0.2,0.64,0.48,0.89,19.3208676,55.837307364000004,-0.1641122033971124,0.1355532058243795,momentum (+21%) superieur au secteur (+14%),False
EFX,2026-08-07,175.7899932861328,Industrials,Consulting Services,"Equifax, Inc.",31.16844,4.7195745,5.64,0.14275,0.10729,120.956,20652668928.0,1.76,-0.291741361683319,,29.493465,0.34408602150537637,0.5698924731182796,0.7311827956989247,0.881720430107527,26.004990645161293,146.66814723870968,-0.1656627064091276,0.1706663816928519,ecart porte principalement par le multiple median du secteur,False
CNP,2026-08-07,40.66999816894531,Utilities,Utilities - Regulated Electric,"CenterPoint Energy, Inc (Holdin",24.208332,2.2857304,1.68,0.09825,0.11611,210.256,26790152192.0,1.92,0.1334048516221764,,21.70884,0.64,0.32,0.88,0.9300000000000002,20.189221200000002,33.917891616000006,-0.16602180617015772,0.1355532058243795,ecart porte principalement par le multiple median du secteur,False
APH,2026-08-07,170.61000061035156,Technology,Electronic Components,Amphenol Corporation,42.7594,13.574952,3.99,0.38115,0.17729001,120.415,210359304192.0,1.2,0.4862702229440263,,31.415586,0.8266666666666667,0.68,0.8133333333333334,1.13,35.49961218,141.6434525982,-0.16978223966077421,-0.0330984307600903,ROE (38%) dans le haut du secteur ; momentum (+49%) superieur au secteur (-3%),False
COCO,2026-08-07,64.12000274658203,Consumer Defensive,Beverages - Non-Alcoholic,"The Vita Coco Company, Inc.",35.42542,9.179671,1.81,0.31370002,0.15503,3.508,3710249472.0,,0.8449915877070266,,21.142578,0.8484848484848485,0.8787878787878788,0.030303030303030304,1.3863636363636365,29.311301318181822,53.0534553859091,-0.17259118662877537,0.0711186143896602,ROE (31%) dans le haut du secteur ; marge superieure a la mediane du secteur ; dette plus faible que la mediane du secteur,False
BSY,2026-08-07,35.36000061035156,Technology,Software - Application,"Bentley Systems, Incorporated",41.11628,9.025013,0.86,0.24517,0.18100001,105.442,10742250496.0,1.56,-0.3588936077772039,,31.415586,0.6933333333333334,0.6933333333333334,0.76,1.08,33.92883288,29.1787962768,-0.17480781184551308,-0.0330984307600903,ecart porte principalement par le multiple median du secteur,False
FRA,2026-08-07,10.829999923706056,Financial Services,Asset Management,Blackrock Floating Rate Income ,15.471429,0.8348751,0.7,0.05524,0.55849,42.618,383758464.0,,-0.0844984422760997,,13.562913,0.035211267605633804,0.9225352112676056,0.2323943661971831,0.9401408450704225,12.75104848943662,8.925733942605634,-0.17583250180197396,0.18265308238435407,marge superieure a la mediane du secteur ; dette plus faible que la mediane du secteur,False
CR,2026-08-07,218.5500030517578,Industrials,Specialty Industrial Machinery,Crane Company,38.14136,5.8007755,5.73,0.16521999,0.1297,51.181,12632267776.0,2.84,0.1564884909293464,,29.493465,0.46236559139784944,0.6666666666666666,0.34408602150537637,1.0618279569892475,31.316985685483875,179.44632797782262,-0.17892324194877507,0.1706663816928519,dette plus faible que la mediane du secteur,False
CBRE,2026-08-07,147.4499969482422,Real Estate,Real Estate Services,CBRE Group Inc,34.612675,5.089045,4.26,0.15798001,0.029760001,117.789,42697875456.0,0.97,-0.0944362078689121,,26.7375525,0.8157894736842105,0.10526315789473684,0.5,1.0592105263157896,28.320697055921055,120.6461694582237,-0.1817824892829747,0.1144081378085697,ROE (16%) dans le haut du secteur ; PEG bas (0.97) : croissance qui justifie plus que le P/E actuel,False
ATLC,2026-08-07,111.79000091552734,Financial Services,Credit Services,Atlanticus Holdings Corporation,16.635418,2.6009169,6.72,0.21402,0.21444,929.027,1690040960.0,-0.1,0.5815592607242184,,13.562913,0.8309859154929577,0.3380281690140845,0.9929577464788732,1.0017605633802817,13.586791367957748,91.30323799267606,-0.18326113923491094,0.18265308238435407,ROE (21%) dans le haut du secteur ; momentum (+58%) superieur au secteur (+18%) ; PEG bas (-0.10) : croissance qui justifie plus que le P/E actuel,False
FFIN,2026-08-07,34.709999084472656,Financial Services,Banks - Regional,"First Financial Bankshares, Inc",18.561497,2.4748664,1.87,0.14408,0.42218,,4974630912.0,2.55,-0.0312749694031151,,13.562913,0.6126760563380281,0.8380281690140845,0.602112676056338,1.1153169014084505,15.126946101232392,28.287389209304575,-0.18503630206205346,0.18265308238435407,marge superieure a la mediane du secteur,False
FMX,2026-08-07,122.18000030517578,Consumer Defensive,Beverages - Brewers,Fomento Economico Mexicano S.A.,24.633064,3.3044758,4.96,0.14746,0.03585,84.073,41624461312.0,4.92,0.5214458787637657,,21.142578,0.48484848484848486,0.3939393939393939,0.5757575757575758,0.946969696969697,20.021380681818183,99.30604818181818,-0.187215191244263,0.0711186143896602,momentum (+52%) superieur au secteur (+7%),False
FDS,2026-08-07,274.5799865722656,Financial Services,Financial Data & Stock Exchanges,FactSet Research Systems Inc.,18.088272,4.833814,15.18,0.27032,0.2321,77.284,9765586944.0,1.28,-0.2850440444750466,,13.562913,0.9014084507042254,0.3873239436619718,0.8732394366197183,1.0792253521126762,14.637439558098594,222.19633249193666,-0.19077739326257237,0.18265308238435407,ROE (27%) dans le haut du secteur,False
AMAT,2026-08-07,527.47998046875,Technology,Semiconductor Equipment & Materials,"Applied Materials, Inc.",50.236187,17.516104,10.5,0.39692003,0.29314,30.399,418797715456.0,1.21,2.1720122160559736,,31.415586,0.84,0.9066666666666666,0.41333333333333333,1.2933333333333332,40.63082456,426.62365788,-0.19120407659665695,-0.0330984307600903,ROE (40%) dans le haut du secteur ; marge superieure a la mediane du secteur ; momentum (+217%) superieur au secteur (-3%),False
FBK,2026-08-07,60.81999969482422,Financial Services,Banks - Regional,FB Financial Corporation,16.089947,1.5695889,3.78,0.1108,0.30199,,3039670272.0,,0.1371139968589778,,13.562913,0.4014084507042254,0.6126760563380281,0.602112676056338,0.9533450704225352,12.93013624911972,48.87591502167254,-0.19638416200400144,0.18265308238435407,ecart porte principalement par le multiple median du secteur,False
AG,2026-08-07,17.280000686645508,Basic Materials,Silver,First Majestic Silver Corp.,25.04348,2.870432,0.69,0.13430001,0.21183,9.812,8517422592.0,,0.6463319459032859,,19.09091,0.40540540540540543,0.5945945945945946,0.1891891891891892,1.0540540540540542,20.122851081081084,13.884767245945946,-0.19648340889960136,0.1923937749172761,dette plus faible que la mediane du secteur ; momentum (+65%) superieur au secteur (+19%),False
ASM,2026-08-07,6.380000114440918,Basic Materials,Other Precious Metals & Mining,Avino Silver & Gold Mines Ltd.,29.0,3.9045289,0.22,0.18122,0.32740003,3.03,1118229120.0,,0.1923937749172761,,19.09091,0.5405405405405406,0.8648648648648649,0.08108108108108109,1.2162162162162162,23.218674324324326,5.108108351351352,-0.19935607214342854,0.1923937749172761,marge superieure a la mediane du secteur ; dette plus faible que la mediane du secteur,False
ENSG,2026-08-07,181.66000366210932,Healthcare,Medical Care Facilities,"The Ensign Group, Inc.",28.518055,4.298933,6.37,0.16973,0.06902,92.027,10587586560.0,1.57,0.038666850632284,,25.224413,0.5,0.2826086956521739,0.6739130434782609,0.9021739130434783,22.756807380434783,144.96086301336956,-0.20202102779322173,0.08108714607959686,ecart porte principalement par le multiple median du secteur,False
EMR,2026-08-07,156.91000366210938,Industrials,Specialty Industrial Machinery,Emerson Electric Company,35.5805,4.294786,4.41,0.128,0.13828,67.677,87885291520.0,1.82,0.1489302546985875,,29.493465,0.2903225806451613,0.6989247311827957,0.46236559139784944,0.9543010752688171,28.145645362903224,124.12229605040322,-0.20895868234323245,0.1706663816928519,ecart porte principalement par le multiple median du secteur,False
AIG,2026-08-07,79.97000122070312,Financial Services,Insurance - Diversified,"American International Group, I",14.079226,1.054735,5.68,0.07723,0.118389994,22.647,42400591872.0,0.65,-0.010626152528962,,13.562913,0.09859154929577464,0.18309859154929578,0.11971830985915492,0.8151408450704225,11.055684364436619,62.796287189999994,-0.21475195408971803,0.18265308238435407,dette plus faible que la mediane du secteur ; PEG bas (0.65) : croissance qui justifie plus que le P/E actuel,False
CME,2026-08-07,264.32000732421875,Financial Services,Financial Data & Stock Exchanges,CME Group Inc.,22.47619,3.5807955,11.76,0.15802,0.63443,14.587,95043993600.0,4.63,0.0438944093053887,,13.562913,0.676056338028169,0.9366197183098591,0.09154929577464789,1.2992957746478873,17.6222355528169,207.23749010112672,-0.21595988060439852,0.18265308238435407,marge superieure a la mediane du secteur ; dette plus faible que la mediane du secteur,False
ALNY,2026-08-07,216.1199951171875,Healthcare,Biotechnology,"Alnylam Pharmaceuticals, Inc.",37.586086,21.345184,5.75,0.96555,0.16126,220.623,28918827008.0,0.43,-0.5397191557243268,,25.224413,0.9130434782608695,0.6956521739130435,0.8913043478260869,1.157608695652174,29.19999983152174,167.89999903125002,-0.22311677390049445,0.08108714607959686,ROE (97%) dans le haut du secteur ; PEG bas (0.43) : croissance qui justifie plus que le P/E actuel,False
DRS,2026-08-07,45.29999923706055,Industrials,Aerospace & Defense,"Leonardo DRS, Inc.",38.067223,4.312232,1.19,0.11919,0.085209996,9.526,12090185728.0,,0.1127321815548916,,29.493465,0.27956989247311825,0.5053763440860215,0.06451612903225806,1.0,29.493465,35.09722335,-0.22522684456721842,0.1706663816928519,dette plus faible que la mediane du secteur,False
FN,2026-08-07,543.9500122070312,Technology,Electronic Components,Fabrinet,46.7311,8.456277,11.64,0.1999,0.0994,0.192,19489587200.0,,0.3142865538701243,,31.415586,0.6,0.41333333333333333,0.02666666666666667,1.1466666666666667,36.023205280000006,419.3101094592001,-0.229138523670797,-0.0330984307600903,dette plus faible que la mediane du secteur ; momentum (+31%) superieur au secteur (-3%),False
DE,2026-08-07,614.8400268554688,Industrials,Farm & Heavy Construction Machinery,Deere & Company,34.717113,6.0559263,17.71,0.18349001,0.10104,376.022,166072778752.0,1.41,0.2537481340430281,,29.493465,0.5376344086021505,0.5268817204301075,0.978494623655914,0.9059139784946235,26.71854221774193,473.1853826762096,-0.23039268426250015,0.1706663816928519,momentum (+25%) superieur au secteur (+17%),False
AGX,2026-08-07,590.8699951171875,Industrials,Engineering & Construction,"Argan, Inc.",52.89794,17.495337,11.17,0.38521,0.1548,2.023,8283552256.0,,1.5114033163097016,,29.493465,0.8709677419354839,0.7849462365591398,0.03225806451612903,1.3736559139784947,40.513872620967746,452.5399571762097,-0.23411247666001844,0.1706663816928519,ROE (39%) dans le haut du secteur ; marge superieure a la mediane du secteur ; dette plus faible que la mediane du secteur,False
FRME,2026-08-07,42.79999923706055,Financial Services,Banks - Regional,First Merchants Corporation,13.762058,0.99639153,3.11,0.07372,0.28958,,2687900928.0,1.4,0.0780795796011935,,13.562913,0.08098591549295775,0.545774647887324,0.602112676056338,0.7764084507042254,10.530360269366197,32.74942043772887,-0.2348266116469664,0.18265308238435407,ecart porte principalement par le multiple median du secteur,False
CBOE,2026-08-07,289.1700134277344,Financial Services,Financial Data & Stock Exchanges,"Cboe Global Markets, Inc.",22.521029,5.374208,12.84,0.26297,0.26734,28.09,30198319104.0,2.42,0.3208218664412463,,13.562913,0.8943661971830986,0.45774647887323944,0.16901408450704225,1.2693661971830985,17.21630329753521,221.05733434035207,-0.23554544359560348,0.18265308238435407,ROE (26%) dans le haut du secteur ; dette plus faible que la mediane du secteur ; momentum (+32%) superieur au secteur (+18%),False
CBZ,2026-08-07,54.4900016784668,Industrials,Specialty Business Services,"CBIZ, Inc.",26.323673,1.5301023,2.07,0.064959995,0.04413,102.081,2957412352.0,1.34,-0.1465757507015579,,29.493465,0.08602150537634409,0.17204301075268819,0.6236559139784946,0.6801075268817204,20.05872754032258,41.52156600846774,-0.23799660984638749,0.1706663816928519,ecart porte principalement par le multiple median du secteur,False
CHD,2026-08-07,103.36000061035156,Consumer Defensive,Household & Personal Products,"Church & Dwight Company, Inc.",33.23473,5.637306,3.11,0.17041,0.119569995,55.851,24517396480.0,3.13,0.0711186143896602,,21.142578,0.6363636363636364,0.7878787878787878,0.2727272727272727,1.196969696969697,25.307025181818183,78.70484831545454,-0.2385366887510234,0.0711186143896602,marge superieure a la mediane du secteur ; dette plus faible que la mediane du secteur,False
BOW,2026-08-07,33.869998931884766,Financial Services,Insurance - Property & Casualty,Bowhead Specialty Holdings Inc.,18.308107,2.3542085,1.85,0.14101,0.10106,31.412,1115779456.0,,-0.0151319807287778,,13.562913,0.5774647887323944,0.14084507042253522,0.19014084507042253,1.0264084507042255,13.921088519366199,25.75401376082747,-0.23962165417776304,0.18265308238435407,dette plus faible que la mediane du secteur,False
BNY,2026-08-07,158.82000732421875,Financial Services,Banks - Diversified,The Bank of New York Mellon Cor,18.51049,2.7000563,8.58,0.14124,0.29413998,,107760033792.0,1.31,0.506191778872475,,13.562913,0.5845070422535211,0.5704225352112676,0.602112676056338,1.034330985915493,14.028541175176057,120.36488328301057,-0.24213022457998645,0.18265308238435407,momentum (+51%) superieur au secteur (+18%),False
FLOC,2026-08-07,20.950000762939453,Energy,Oil & Gas Equipment & Services,Flowco Holdings Inc.,16.895163,2.6057215,1.24,0.09969,0.054920003,27.38,2234258944.0,,0.2681524500048791,,14.276671499999999,0.25,0.2222222222222222,0.1388888888888889,0.8958333333333334,12.78951821875,15.85900259125,-0.24300706378471482,0.37294201588170983,dette plus faible que la mediane du secteur,False
DFIN,2026-08-07,48.380001068115234,Technology,Software - Application,"Donnelley Financial Solutions, ",31.415586,3.0846725,1.54,0.08590999,0.04527,54.646,1189440896.0,0.97,-0.1668134779697371,,31.415586,0.2,0.14666666666666667,0.52,0.7566666666666666,23.77112674,36.6075351796,-0.24333331187695784,-0.0330984307600903,PEG bas (0.97) : croissance qui justifie plus que le P/E actuel,False
DCOM,2026-08-07,41.09000015258789,Financial Services,Banks - Regional,"Dime Commercial Bancshares, Inc",14.887681,1.2924635,2.76,0.08736,0.29363,,1814394496.0,3.76,0.3656591644802998,,13.562913,0.176056338028169,0.5633802816901409,0.602112676056338,0.8283450704225352,11.234772124119718,31.00797106257042,-0.24536454253048945,0.18265308238435407,momentum (+37%) superieur au secteur (+18%),False
FBYD,2026-08-07,9.829999923706056,Industrials,Conglomerates,"Falcon's Beyond Global, Inc.",54.611107,31.8123,0.18,10.95543,0.51313996,63.973,481789536.0,,0.3569965650798437,,29.493465,1.0,1.0,0.41935483870967744,1.3951612903225807,41.148140685483874,7.406665323387097,-0.24652437630999757,0.1706663816928519,ROE (1096%) dans le haut du secteur ; marge superieure a la mediane du secteur ; momentum (+36%) superieur au secteur (+17%),False
ENPH,2026-08-07,39.66999816894531,Technology,Solar,"Enphase Energy, Inc.",38.51456,4.435375,1.03,0.12996,0.100880004,51.899,5228435456.0,1.14,-0.0042440276969276,,31.415586,0.38666666666666666,0.4266666666666667,0.5066666666666667,0.9233333333333333,29.00705774,29.877269472200002,-0.2468547806591861,-0.0330984307600903,momentum (-0%) superieur au secteur (-3%),False
AON,2026-08-07,360.75,Financial Services,Insurance Brokers,Aon plc,19.876034,7.9681497,18.15,0.44699,0.22268,163.481,76524249088.0,3.07,-0.0149832003781085,,13.562913,0.971830985915493,0.36619718309859156,0.9295774647887324,1.0950704225352115,14.852344869718312,269.57005938538737,-0.25275104813475435,0.18265308238435407,ROE (45%) dans le haut du secteur,False
FTNT,2026-08-07,160.11000061035156,Technology,Software - Infrastructure,"Fortinet, Inc.",56.575974,75.73794,2.83,1.17442,0.28173,36.194,117474893824.0,2.2,1.0559858302659657,,31.415586,0.9733333333333334,0.88,0.4533333333333333,1.3433333333333335,42.201603860000006,119.43053892380001,-0.25407196009917143,-0.0330984307600903,ROE (117%) dans le haut du secteur ; marge superieure a la mediane du secteur ; momentum (+106%) superieur au secteur (-3%),False
EMA,2026-08-07,51.59000015258789,Utilities,Utilities - Regulated Electric,Emera Incorporated,22.141632,1.7379534,2.33,0.07665,0.12005,168.664,15781381120.0,2.97,0.1519405147035919,,21.70884,0.12,0.44,0.64,0.76,16.498718399999998,38.442013872,-0.254855325483622,0.1355532058243795,momentum (+15%) superieur au secteur (+14%),False
ESAB,2026-08-07,94.51000213623048,Industrials,Metal Fabrication,ESAB Corporation,29.626959,2.4816196,3.19,0.08727,0.05747,92.767,5875479552.0,1.28,-0.2469385794333969,,29.493465,0.12903225806451613,0.2903225806451613,0.5591397849462365,0.7473118279569892,22.040815241935483,70.31020062177419,-0.2560554541049924,0.1706663816928519,ecart porte principalement par le multiple median du secteur,False
ASML,2026-08-07,1704.3699951171875,Technology,Semiconductor Equipment & Materials,ASML Holding N.V. - New York Re,57.46359,1448.1976,29.66,0.53942,0.30114,9.092,654648541184.0,2.06,1.2080330947639917,,31.415586,0.9066666666666666,0.92,0.29333333333333333,1.36,42.725196960000005,1267.2293418336,-0.2564822512341465,-0.0330984307600903,ROE (54%) dans le haut du secteur ; marge superieure a la mediane du secteur ; dette plus faible que la mediane du secteur,False
ABCB,2026-08-07,88.19000244140625,Financial Services,Banks - Regional,Ameris Bancorp,15.947558,1.4418849,5.53,0.09398,0.31804,,5918130176.0,1.1,0.2022800092515528,,13.562913,0.21830985915492956,0.6619718309859155,0.602112676056338,0.8741197183098591,11.855609691021126,65.56152159134683,-0.256587824284208,0.18265308238435407,momentum (+20%) superieur au secteur (+18%),False
COP,2026-08-07,116.76000213623048,Energy,Oil & Gas E&P,ConocoPhillips,19.492489,2.2039752,5.99,0.1418,0.145,35.639,140268158976.0,0.93,0.2473970358951138,,14.276671499999999,0.4166666666666667,0.5277777777777778,0.3055555555555556,1.0138888888888888,14.474958604166664,86.70500203895833,-0.25740835515063876,0.37294201588170983,dette plus faible que la mediane du secteur ; PEG bas (0.93) : croissance qui justifie plus que le P/E actuel,False
EXR,2026-08-07,149.5399932861328,Real Estate,REIT - Industrial,Extra Space Storage Inc,33.08407,2.3830316,4.52,0.06953,0.2728,101.674,33003857920.0,6.46,0.0790926098117639,,26.7375525,0.2894736842105263,0.5,0.42105263157894735,0.9144736842105263,24.45078814144737,110.5175623993421,-0.2609497969691922,0.1144081378085697,ecart porte principalement par le multiple median du secteur,False
FIVE,2026-08-07,231.1199951171875,Consumer Cyclical,Specialty Retail,"Five Below, Inc.",29.14502,5.5266743,7.93,0.21127,0.086739995,86.432,12779860992.0,0.98,0.4964162353508796,,19.929634,0.5151515151515151,0.6212121212121212,0.3333333333333333,1.0795454545454546,21.514945795454548,170.61352015795455,-0.2617967992278367,0.01304814243517265,dette plus faible que la mediane du secteur ; momentum (+50%) superieur au secteur (+1%) ; PEG bas (0.98) : croissance qui justifie plus que le P/E actuel,False
BWXT,2026-08-07,166.6999969482422,Industrials,Aerospace & Defense,"BWX Technologies, Inc.",43.074936,16.115622,3.87,0.28289,0.10108,151.4,15273384960.0,1.67,0.0454193228234045,,29.493465,0.7849462365591398,0.5376344086021505,0.8172043010752689,1.0725806451612903,31.634119717741935,122.4240433076613,-0.2656026061855772,0.1706663816928519,ROE (28%) dans le haut du secteur,False
FTAI,2026-08-07,221.22999572753903,Industrials,Aerospace & Defense,FTAI Aviation Ltd.,48.303493,56.206806,4.58,1.7445799,0.15943,865.454,22721888256.0,,0.3463730028418565,,29.493465,0.989247311827957,0.8064516129032258,0.989247311827957,1.1989247311827957,35.360444596774194,161.95083625322582,-0.2679526312847732,0.1706663816928519,ROE (174%) dans le haut du secteur ; marge superieure a la mediane du secteur ; momentum (+35%) superieur au secteur (+17%),False
ESQ,2026-08-07,131.32000732421875,Financial Services,Banks - Regional,"Esquire Financial Holdings, Inc",21.777779,3.4320364,6.03,0.18259001,0.35305,,1135839232.0,,0.3246027139884044,,13.562913,0.7605633802816901,0.7605633802816901,0.602112676056338,1.169894366197183,15.867175507922534,95.67906831277288,-0.2714052469053797,0.18265308238435407,ROE (18%) dans le haut du secteur ; marge superieure a la mediane du secteur ; momentum (+32%) superieur au secteur (+18%),False
ABNB,2026-08-07,151.63999938964844,Consumer Cyclical,Travel Services,"Airbnb, Inc.",34.621002,11.133627,4.38,0.32325,0.19902,33.185,89999081472.0,1.41,0.1608059885808659,,19.929634,0.6212121212121212,0.9696969696969697,0.16666666666666666,1.2613636363636362,25.13851561363636,110.10669838772726,-0.2738940989784546,0.01304814243517265,marge superieure a la mediane du secteur ; dette plus faible que la mediane du secteur ; momentum (+16%) superieur au secteur (+1%),False
FTI,2026-08-07,69.62000274658203,Energy,Oil & Gas Equipment & Services,TechnipFMC plc,24.342659,8.358747,2.86,0.35814,0.11282,37.898,27302486016.0,2.18,0.954548509744733,,14.276671499999999,0.9166666666666666,0.4444444444444444,0.3333333333333333,1.2361111111111112,17.647552270833334,50.47199949458333,-0.27503594508172824,0.37294201588170983,ROE (36%) dans le haut du secteur ; dette plus faible que la mediane du secteur ; momentum (+95%) superieur au secteur (+37%),False
CMG,2026-08-07,33.709999084472656,Consumer Cyclical,Restaurants,"Chipotle Mexican Grill, Inc.",31.801888,19.429394,1.06,0.49560001,0.114250004,246.35,42657239040.0,1.81,-0.116753636454819,,19.929634,0.8181818181818182,0.7575757575757576,0.7727272727272727,1.1553030303030305,23.024766553030307,24.406252546212126,-0.27599367519846596,0.01304814243517265,ROE (50%) dans le haut du secteur ; marge superieure a la mediane du secteur,False
DXPE,2026-08-07,198.2100067138672,Industrials,Industrial Distribution,"DXP Enterprises, Inc.",34.834797,6.1693854,5.69,0.18469,0.04355,166.254,3073307904.0,0.55,0.2573671342562693,,29.493465,0.5483870967741935,0.16129032258064516,0.8387096774193549,0.8548387096774193,25.212155564516127,143.45716516209677,-0.27623651529769,0.1706663816928519,momentum (+26%) superieur au secteur (+17%) ; PEG bas (0.55) : croissance qui justifie plus que le P/E actuel,False
ERIE,2026-08-07,254.05999755859372,Financial Services,Insurance Brokers,Erie Indemnity Company,23.033545,5.3847947,11.03,0.24808,0.14007,2.56,13284763648.0,2.67,-0.3025350835691585,,13.562913,0.8802816901408451,0.20422535211267606,0.04929577464788732,1.2288732394366197,16.667100834507043,183.83812220461266,-0.27639878780123905,0.18265308238435407,ROE (25%) dans le haut du secteur ; dette plus faible que la mediane du secteur,False
CVBF,2026-08-07,22.709999084472656,Financial Services,Banks - Regional,CVB Financial Corporation,15.770832,1.2627891,1.44,0.07649,0.3614,,4002572288.0,1.47,0.1570106422711983,,13.562913,0.09154929577464789,0.7816901408450704,0.602112676056338,0.8406690140845071,11.401920699823945,16.41876580774648,-0.2770248141941861,0.18265308238435407,marge superieure a la mediane du secteur,False
ENVA,2026-08-07,255.9600067138672,Financial Services,Credit Services,"Enova International, Inc.",19.524029,4.254725,13.11,0.26081,0.21011,337.015,6372987392.0,,1.0951359686380946,,13.562913,0.8873239436619719,0.30985915492957744,0.971830985915493,1.028169014084507,13.944966887323943,182.8185158928169,-0.2857535900239828,0.18265308238435407,ROE (26%) dans le haut du secteur ; momentum (+110%) superieur au secteur (+18%),False
ABT,2026-08-07,107.95999908447266,Healthcare,Medical Devices,Abbott Laboratories,34.273014,3.6550765,3.15,0.10576,0.116450004,63.212,188046147584.0,2.17,-0.1848098414680673,,25.224413,0.34782608695652173,0.6304347826086957,0.45652173913043476,0.9673913043478262,24.40187779347826,76.86591504945652,-0.28801486012135624,0.08108714607959686,ecart porte principalement par le multiple median du secteur,False
CRS,2026-08-07,557.239990234375,Industrials,Metal Fabrication,Carpenter Technology Corporatio,52.919277,12.482696,10.53,0.25752002,0.16958,31.006,27686809600.0,1.59,1.1613747426514451,,29.493465,0.7419354838709677,0.8279569892473119,0.20430107526881722,1.2768817204301077,37.659666330645166,396.55628646169356,-0.2883563753295917,0.1706663816928519,marge superieure a la mediane du secteur ; dette plus faible que la mediane du secteur ; momentum (+116%) superieur au secteur (+17%),False
AMRX,2026-08-07,18.06999969482422,Healthcare,Drug Manufacturers - Specialty & Generic,"Amneal Pharmaceuticals, Inc.",37.645832,175.43689,0.48,6.1301703,0.050479997,2386.528,5770317824.0,,0.916317875596782,,25.224413,1.0,0.2391304347826087,1.0,1.059782608695652,26.732394211956517,12.831549221739127,-0.2898976514418834,0.08108714607959686,ROE (613%) dans le haut du secteur ; momentum (+92%) superieur au secteur (+8%),False
C,2026-08-07,133.82000732421875,Financial Services,Banks - Diversified,"Citigroup, Inc.",14.83592,1.1662891,9.02,0.08529,0.21832001,,224469696512.0,0.74,0.3934739182701714,,13.562913,0.16901408450704225,0.352112676056338,0.602112676056338,0.7720070422535211,10.47066434947183,94.4453924322359,-0.2942356354576049,0.18265308238435407,momentum (+39%) superieur au secteur (+18%) ; PEG bas (0.74) : croissance qui justifie plus que le P/E actuel,False
CYD,2026-08-07,48.72999954223633,Consumer Cyclical,Auto Manufacturers,China Yuchai International Limi,22.98585,1.2886022,2.12,0.06434,0.02179,16.267,1828267904.0,0.37,0.4404214569208025,,19.929634,0.10606060606060606,0.10606060606060606,0.09090909090909091,0.8068181818181818,16.079591068181816,34.08873306454545,-0.3004569385435901,0.01304814243517265,dette plus faible que la mediane du secteur ; momentum (+44%) superieur au secteur (+1%) ; PEG bas (0.37) : croissance qui justifie plus que le P/E actuel,False
CW,2026-08-07,714.0399780273438,Industrials,Aerospace & Defense,Curtiss-Wright Corporation,49.244137,9.522437,14.5,0.19746,0.14811,41.482,26377467904.0,2.0,0.5165571973467573,,29.493465,0.5913978494623656,0.7526881720430108,0.26881720430107525,1.1666666666666667,34.409042500000005,498.93111625000006,-0.30125604783589055,0.1706663816928519,marge superieure a la mediane du secteur ; dette plus faible que la mediane du secteur ; momentum (+52%) superieur au secteur (+17%),False
BFAM,2026-08-07,73.97000122070312,Consumer Cyclical,Personal Services,Bright Horizons Family Solution,23.48254,4.040531,3.15,0.14942999,0.05781,217.779,3891315968.0,,-0.3685191431939227,,19.929634,0.30303030303030304,0.4090909090909091,0.7272727272727273,0.821969696969697,16.38155521969697,51.60189894204546,-0.30239423968533286,0.01304814243517265,ecart porte principalement par le multiple median du secteur,False
CLH,2026-08-07,307.6400146484375,Industrials,Waste Management,"Clean Harbors, Inc.",37.47138,5.5458612,8.21,0.15562001,0.07032,110.951,16239469568.0,0.27,0.2917715875068314,,29.493465,0.40860215053763443,0.3978494623655914,0.6774193548387096,0.8844086021505377,26.08427415322581,214.15189079798392,-0.3038880490149801,0.1706663816928519,momentum (+29%) superieur au secteur (+17%) ; PEG bas (0.27) : croissance qui justifie plus que le P/E actuel,False
EMN,2026-08-07,73.5,Basic Materials,Specialty Chemicals,Eastman Chemical Company,19.09091,1.3784438,3.85,0.07334,0.04986,88.518,8403006976.0,0.63,0.0440004413537535,,19.09091,0.21621621621621623,0.16216216216216217,0.8378378378378378,0.6891891891891893,13.157248783783785,50.65540781756758,-0.31081077799227785,0.1923937749172761,PEG bas (0.63) : croissance qui justifie plus que le P/E actuel,False
AXP,2026-08-07,342.6000061035156,Financial Services,Credit Services,American Express Company,20.788836,6.7460866,16.48,0.34377,0.16141,172.38,231361150976.0,1.63,0.0258592268385295,,13.562913,0.9507042253521126,0.2535211267605634,0.9366197183098591,1.0545774647887323,14.303142406690139,235.71578686225348,-0.3119796186138052,0.18265308238435407,ROE (34%) dans le haut du secteur,False
AQN,2026-08-07,5.75,Utilities,Utilities - Diversified,Algonquin Power & Utilities Cor,22.115385,0.98933244,0.26,0.02671,0.06718,133.219,4425576960.0,,0.0288362017150562,,21.70884,0.04,0.08,0.36,0.7000000000000001,15.196188000000001,3.9510088800000003,-0.3128680208695652,0.1355532058243795,ecart porte principalement par le multiple median du secteur,False
CL,2026-08-07,93.0,Consumer Defensive,Household & Personal Products,Colgate-Palmolive Company,36.614174,314.18918,2.54,2.67367,0.096829996,1388.163,74137067520.0,1.79,0.1131568864505698,,21.142578,1.0,0.7272727272727273,0.9696969696969697,1.1893939393939394,25.146854136363636,63.87300950636364,-0.31319344616813294,0.0711186143896602,ROE (267%) dans le haut du secteur ; momentum (+11%) superieur au secteur (+7%),False
APTV,2026-08-07,46.29999923706055,Consumer Cyclical,Auto Parts,Aptiv PLC,21.238531,1.0648574,2.18,0.05158,0.010720001,64.938,9798030336.0,0.95,-0.289953450428025,,19.929634,0.045454545454545456,0.07575757575757576,0.24242424242424243,0.731060606060606,14.569770310606058,31.76209927712121,-0.31399352482715737,0.01304814243517265,dette plus faible que la mediane du secteur ; PEG bas (0.95) : croissance qui justifie plus que le P/E actuel,False
BFC,2026-08-07,154.9499969482422,Financial Services,Banks - Regional,Bank First Corporation,20.149544,2.0953348,7.69,0.11324,0.37313998,,1717038720.0,0.1,0.1929670027403764,,13.562913,0.44014084507042256,0.795774647887324,0.602112676056338,1.0184859154929577,13.813635863556337,106.22685979074824,-0.3144442601942671,0.18265308238435407,marge superieure a la mediane du secteur ; momentum (+19%) superieur au secteur (+18%) ; PEG bas (0.10) : croissance qui justifie plus que le P/E actuel,False
CNS,2026-08-07,84.4800033569336,Financial Services,Asset Management,Cohen & Steers Inc,25.993847,7.3697987,3.25,0.27329,0.28824,19.326,4344091136.0,2.11,0.1463075135370211,,13.562913,0.9084507042253521,0.5352112676056338,0.1056338028169014,1.3116197183098592,17.789384128521128,57.81549841769367,-0.3156309644849401,0.18265308238435407,ROE (27%) dans le haut du secteur ; dette plus faible que la mediane du secteur,False
CVS,2026-08-07,96.22000122070312,Healthcare,Healthcare Plans,CVS Health Corporation,25.387863,1.5428525,3.79,0.06205,0.011849999,95.503,123062534144.0,0.27,0.4729268686109558,,25.224413,0.17391304347826086,0.08695652173913043,0.6956521739130435,0.6847826086956521,17.273239336956518,65.4655770870652,-0.31962610417241055,0.08108714607959686,momentum (+47%) superieur au secteur (+8%) ; PEG bas (0.27) : croissance qui justifie plus que le P/E actuel,False
FLO,2026-08-07,7.239999771118164,Consumer Defensive,Packaged Foods,"Flowers Foods, Inc.",21.294117,1.1598846,0.34,0.053629998,0.01382,111.007,1534830976.0,6.1,-0.4925299002881361,,21.142578,0.12121212121212122,0.15151515151515152,0.6666666666666666,0.6818181818181818,14.41539409090909,4.90123399090909,-0.32303395775492805,0.0711186143896602,ecart porte principalement par le multiple median du secteur,False
CFG,2026-08-07,72.43000030517578,Financial Services,Banks - Regional,"Citizens Financial Group, Inc.",15.779956,1.271795,4.59,0.08270001,0.26051,,30505836544.0,1.65,0.4117338718921099,,13.562913,0.14788732394366197,0.44366197183098594,0.602112676056338,0.784330985915493,10.637812925176057,48.8275613265581,-0.3258655098601605,0.18265308238435407,momentum (+41%) superieur au secteur (+18%),False
CNMD,2026-08-07,49.77000045776367,Healthcare,Medical Devices,CONMED Corporation,26.902702,1.4331375,1.85,0.05527,0.04119,80.109,1490673664.0,1.84,-0.1450384298074875,,25.224413,0.13043478260869565,0.1956521739130435,0.5869565217391305,0.7173913043478262,18.09577454347826,33.47718290543478,-0.32736221423496814,0.08108714607959686,ecart porte principalement par le multiple median du secteur,False
AXTA,2026-08-07,37.540000915527344,Basic Materials,Specialty Chemicals,Axalta Coating Systems Ltd.,23.030676,3.1854053,1.63,0.14344,0.06777,119.424,8034311168.0,2.04,0.1455534584483249,,19.09091,0.43243243243243246,0.2972972972972973,0.918918918918919,0.8108108108108109,15.479116216216218,25.23095943243243,-0.32789134744010173,0.1923937749172761,ecart porte principalement par le multiple median du secteur,False
ARCC,2026-08-07,19.6200008392334,Financial Services,Asset Management,Ares Capital Corporation,14.426471,1.0141108,1.36,0.06876,0.30908,114.117,14087609344.0,3.72,-0.0769972342695326,,13.562913,0.056338028169014086,0.6267605633802817,0.8802816901408451,0.7147887323943662,9.694617390845071,13.184679651549297,-0.32799800776846166,0.18265308238435407,ecart porte principalement par le multiple median du secteur,False
FE,2026-08-07,47.369998931884766,Utilities,Utilities - Regulated Electric,FirstEnergy Corp.,25.605404,2.119084,1.85,0.09491,0.06939,200.908,27400284160.0,1.68,0.1407064841285574,,21.70884,0.44,0.12,0.84,0.79,17.1499836,31.72746966,-0.330220173624614,0.1355532058243795,momentum (+14%) superieur au secteur (+14%),False
DY,2026-08-07,399.5700073242188,Industrials,Engineering & Construction,"Dycom Industries, Inc.",39.058655,6.3285184,10.23,0.19699,0.04981,158.196,11994531840.0,3.5,0.5885848036797572,,29.493465,0.5806451612903226,0.20430107526881722,0.8279569892473119,0.8844086021505375,26.084274153225802,266.8421245875,-0.3321767908095786,0.1706663816928519,momentum (+59%) superieur au secteur (+17%),False
CVNA,2026-08-07,68.33999633789062,Consumer Cyclical,Auto & Truck Dealerships,Carvana Co.,36.15873,12.199213,1.89,0.58773,0.06257,110.88,101694857216.0,,-0.1616476882270766,,19.929634,0.8787878787878788,0.5,0.42424242424242425,1.2083333333333335,24.081641083333338,45.514301647500005,-0.33400198878464205,0.01304814243517265,ROE (59%) dans le haut du secteur,False
ETN,2026-08-07,448.1900024414063,Industrials,Specialty Industrial Machinery,"Eaton Corporation, PLC",45.64053,8.594742,9.82,0.19684,0.12752,105.059,174032175104.0,3.22,0.1995151605347447,,29.493465,0.5698924731182796,0.6344086021505376,0.6559139784946236,1.0295698924731183,30.365583588709676,298.19003084112904,-0.33467942342129187,0.1706663816928519,momentum (+20%) superieur au secteur (+17%),False
DHR,2026-08-07,199.97999572753903,Healthcare,Diagnostics & Research,Danaher Corporation,35.58363,2.6733148,5.62,0.07605,0.15948,52.97,140583141376.0,1.3,-0.0456786672341616,,25.224413,0.2391304347826087,0.6739130434782609,0.41304347826086957,0.9347826086956521,23.579342586956518,132.51590533869563,-0.3373541945703372,0.08108714607959686,ecart porte principalement par le multiple median du secteur,False
CPT,2026-08-07,110.73999786376952,Real Estate,REIT - Residential,Camden Property Trust,36.913334,2.9867573,3.0,0.07885,0.20622,125.648,10973291520.0,9.17,0.0298630100464214,,26.7375525,0.42105263157894735,0.3684210526315789,0.5526315789473685,0.9144736842105262,24.450788141447365,73.3523644243421,-0.3376163460416629,0.1144081378085697,ecart porte principalement par le multiple median du secteur,False
BMO,2026-08-07,180.82000732421875,Financial Services,Banks - Diversified,Bank Of Montreal,19.526999,2.1124692,9.26,0.11367,0.28057,,126649344000.0,1.86,0.5055721391378845,,13.562913,0.4507042253521127,0.5070422535211268,0.602112676056338,0.9515845070422535,12.906257881161972,119.51194797955986,-0.3390557286878695,0.18265308238435407,momentum (+51%) superieur au secteur (+18%),False
BKR,2026-08-07,62.75,Energy,Oil & Gas Equipment & Services,Baker Hughes Company,20.17685,3.1278038,3.11,0.16463,0.111669995,80.925,62290296832.0,2.16,0.3482526806751955,,14.276671499999999,0.5,0.4166666666666667,0.6944444444444444,0.9305555555555556,13.285235979166666,41.31708389520833,-0.34156041601261633,0.37294201588170983,ecart porte principalement par le multiple median du secteur,False
CBT,2026-08-07,87.55000305175781,Basic Materials,Specialty Chemicals,Cabot Corporation,23.726288,2.8163805,3.69,0.13345,0.05228,74.394,4519455232.0,1.0,0.0992898658188659,,19.09091,0.3783783783783784,0.1891891891891892,0.6756756756756757,0.8175675675675675,15.608108851351352,57.59392166148649,-0.3421596841357263,0.1923937749172761,ecart porte principalement par le multiple median du secteur,False
FSV,2026-08-07,142.77000427246094,Real Estate,Real Estate Services,FirstService Corporation,41.025864,5.3143497,3.48,0.1197,0.02884,90.367,6270821376.0,,-0.2944030419320224,,26.7375525,0.6578947368421053,0.07894736842105263,0.3684210526315789,1.006578947368421,26.913457450657894,93.65883192828947,-0.343988028819052,0.1144081378085697,ecart porte principalement par le multiple median du secteur,False
DOCN,2026-08-07,122.2300033569336,Technology,Software - Infrastructure,"DigitalOcean Holdings, Inc.",56.587963,14.369858,2.16,0.62273,0.23265,212.506,14289677312.0,1.54,2.6020847286156217,,31.415586,0.92,0.8,0.92,1.18,37.07039148,80.0720455968,-0.3449067872233037,-0.0330984307600903,ROE (62%) dans le haut du secteur ; marge superieure a la mediane du secteur ; momentum (+260%) superieur au secteur (-3%),False
FNV,2026-08-07,231.0800018310547,Basic Materials,Gold,Franco-Nevada Corporation,32.592384,5.4973235,7.09,0.19041,0.65666,,44565057536.0,,0.1347186831532727,,19.09091,0.5945945945945946,1.0,0.7297297297297297,1.114864864864865,21.2837847972973,150.90203421283786,-0.34697060318026085,0.1923937749172761,marge superieure a la mediane du secteur,False
CAKE,2026-08-07,107.30999755859376,Consumer Cyclical,Restaurants,The Cheesecake Factory Incorpor,29.081299,10.292538,3.69,0.38834,0.04607,400.999,5339813376.0,2.14,0.6757709472124769,,19.929634,0.696969696969697,0.2878787878787879,0.9090909090909091,0.9431818181818183,18.797268431818186,69.3619205134091,-0.35363039706029376,0.01304814243517265,momentum (+68%) superieur au secteur (+1%),False
ACLS,2026-08-07,136.66000366210938,Technology,Semiconductor Equipment & Materials,"Axcelis Technologies, Inc.",45.859062,4.020476,2.98,0.088870004,0.10714,3.9,4200094464.0,1.45,0.6289355746061649,,31.415586,0.21333333333333335,0.49333333333333335,0.14666666666666667,0.9433333333333334,29.635369460000003,88.3134009908,-0.35377287703610716,-0.0330984307600903,dette plus faible que la mediane du secteur ; momentum (+63%) superieur au secteur (-3%),False
BG,2026-08-07,109.0,Consumer Defensive,Farm Products,Bunge Limited,22.99578,1.3125888,4.74,0.071779996,0.01097,97.995,20940984320.0,1.37,0.2855877271511868,,21.142578,0.15151515151515152,0.12121212121212122,0.6363636363636364,0.6969696969696969,14.735736181818181,69.84738950181818,-0.35919826145120937,0.0711186143896602,momentum (+29%) superieur au secteur (+7%),False
BDX,2026-08-07,177.07000732421875,Healthcare,Medical Instruments & Supplies,"Becton, Dickinson and Company",30.688044,2.0217164,5.77,0.06607,0.0419,68.84,48789942272.0,1.11,0.1184454062328754,,25.224413,0.1956521739130435,0.21739130434782608,0.5,0.7771739130434783,19.603755755434783,113.11367070885869,-0.36119237572659446,0.08108714607959686,momentum (+12%) superieur au secteur (+8%),False
AMRZ,2026-08-07,51.220001220703125,Basic Materials,Building Materials,Amrize Ltd,24.50718,2.1652012,2.09,0.1008,0.097040005,54.233,28352147456.0,1.4,-0.050263899472201,,19.09091,0.2702702702702703,0.3783783783783784,0.6486486486486487,0.8175675675675675,15.608108851351352,32.62094749932432,-0.36312091523069046,0.1923937749172761,ecart porte principalement par le multiple median du secteur,False
CLBT,2026-08-07,15.460000038146973,Technology,Software - Infrastructure,Cellebrite DI Ltd.,55.214287,7.4649925,0.28,0.16444,0.14476,4.467,3856339712.0,,-0.1006097351774293,,31.415586,0.5066666666666667,0.6266666666666667,0.18666666666666668,1.1133333333333335,34.97601908000001,9.793285342400003,-0.36654040632371043,-0.0330984307600903,dette plus faible que la mediane du secteur,False
BAM,2026-08-07,53.16999816894531,Financial Services,Asset Management,Brookfield Asset Management Inc,30.382856,11.212568,1.75,0.22388001,0.49685,26.373,84901134336.0,1.35,-0.1717248313994049,,13.562913,0.852112676056338,0.8802816901408451,0.15492957746478872,1.357394366197183,18.410221695422536,32.21788796698944,-0.394058885151387,0.18265308238435407,ROE (22%) dans le haut du secteur ; marge superieure a la mediane du secteur ; dette plus faible que la mediane du secteur,False
FND,2026-08-07,59.9900016784668,Consumer Cyclical,Home Improvement Retail,"Floor & Decor Holdings, Inc.",28.03271,2.5690548,2.14,0.09694,0.04927,80.645,6388333568.0,,-0.2972411989549071,,19.929634,0.18181818181818182,0.36363636363636365,0.3181818181818182,0.8522727272727273,16.98548352272727,36.348934738636366,-0.39408345188155425,0.01304814243517265,dette plus faible que la mediane du secteur,False
FNF,2026-08-07,52.540000915527344,Financial Services,Insurance - Specialty,"Fidelity National Financial, In",18.306622,1.9483073,2.87,0.09482,0.05007,43.069,14141537280.0,0.85,-0.0703278886187008,,13.562913,0.2323943661971831,0.028169014084507043,0.23943661971830985,0.8133802816901408,11.031805996478871,31.66128320989436,-0.39738708301892356,0.18265308238435407,dette plus faible que la mediane du secteur ; PEG bas (0.85) : croissance qui justifie plus que le P/E actuel,False
ADC,2026-08-07,76.3499984741211,Real Estate,REIT - Retail,Agree Realty Corporation,41.048386,1.4944216,1.86,0.037049998,0.28842,58.984,9523046400.0,0.13,0.1118231742047131,,26.7375525,0.10526315789473684,0.5526315789473685,0.07894736842105263,0.9210526315789473,24.626693092105263,45.80564915131579,-0.4000569735853805,0.1144081378085697,dette plus faible que la mediane du secteur ; PEG bas (0.13) : croissance qui justifie plus que le P/E actuel,False
ARLO,2026-08-07,15.470000267028809,Industrials,Building Products & Equipment,"Arlo Technologies, Inc.",57.296295,10.552525,0.27,0.23319,0.05465,5.165,1680193920.0,0.73,-0.1545088801814753,,29.493465,0.6989247311827957,0.25806451612903225,0.043010752688172046,1.153225806451613,34.012624959677424,9.183408739112906,-0.40637307171316006,0.1706663816928519,dette plus faible que la mediane du secteur ; PEG bas (0.73) : croissance qui justifie plus que le P/E actuel,False
AM,2026-08-07,21.489999771118164,Energy,Oil & Gas Midstream,Antero Midstream Corporation,25.583334,5.2440214,0.84,0.19822,0.3045,185.545,10200743936.0,,0.292085434674995,,14.276671499999999,0.6111111111111112,0.8888888888888888,0.8888888888888888,1.0555555555555554,15.069819916666663,12.658648729999996,-0.4109516582213838,0.37294201588170983,marge superieure a la mediane du secteur,False
AKAM,2026-08-07,118.5500030517578,Technology,Software - Infrastructure,"Akamai Technologies, Inc.",41.30662,3.5150921,2.87,0.091680005,0.102,119.534,17235445760.0,1.45,0.4555794806400131,,31.415586,0.22666666666666666,0.44,0.8,0.7733333333333332,24.294719839999996,69.72584594079999,-0.4118444188452838,-0.0330984307600903,momentum (+46%) superieur au secteur (-3%),False
BNT,2026-08-07,44.66999816894531,Financial Services,Insurance - Diversified,Brookfield Wealth Solutions Ltd,16.30292,0.8974745,2.74,0.03632,0.045250002,51.619,12256286720.0,,-0.0114053378178966,,13.562913,0.014084507042253521,0.014084507042253521,0.2746478873239437,0.6919014084507042,9.384198607394367,25.71270418426057,-0.4243853763545461,0.18265308238435407,dette plus faible que la mediane du secteur,False
CRVL,2026-08-07,62.45000076293945,Financial Services,Insurance Brokers,CorVel Corp.,29.319248,8.064308,2.13,0.30697,0.11724,5.084,3185515776.0,-0.11,-0.3255474529474993,,13.562913,0.9225352112676056,0.16901408450704225,0.056338028169014086,1.2394366197183098,16.81037104225352,35.806090319999996,-0.4266438769805606,0.18265308238435407,ROE (31%) dans le haut du secteur ; dette plus faible que la mediane du secteur ; PEG bas (-0.11) : croissance qui justifie plus que le P/E actuel,False
FBNC,2026-08-07,64.19999694824219,Financial Services,Banks - Regional,First Bancorp,19.937887,1.5475099,3.22,0.08144,0.32444,,2656224768.0,1.56,0.171292234160755,,13.562913,0.14084507042253522,0.6830985915492958,0.602112676056338,0.840669014084507,11.401920699823943,36.7141846534331,-0.4281279377157612,0.18265308238435407,ecart porte principalement par le multiple median du secteur,False
FLEX,2026-08-07,122.6500015258789,Technology,Electronic Components,Flex Ltd.,47.355213,8.237072,2.59,0.18378,0.03325,107.818,45307277312.0,0.94,1.121409963929696,,31.415586,0.5333333333333333,0.13333333333333333,0.7733333333333333,0.8566666666666666,26.91268534,69.7038550306,-0.431684841716919,-0.0330984307600903,momentum (+112%) superieur au secteur (-3%) ; PEG bas (0.94) : croissance qui justifie plus que le P/E actuel,False
BIIB,2026-08-07,206.27999877929688,Healthcare,Drug Manufacturers - General,Biogen Inc.,36.63943,1.6164877,5.63,0.04575,0.083229996,44.329,30478694400.0,4.97,0.534941726475072,,25.224413,0.10869565217391304,0.391304347826087,0.32608695652173914,0.8206521739130435,20.700469364130434,116.54364252005435,-0.435022090315471,0.08108714607959686,dette plus faible que la mediane du secteur ; momentum (+53%) superieur au secteur (+8%),False
AVGO,2026-08-07,420.5650024414063,Technology,Semiconductors,Broadcom Inc.,69.40017,22.819588,6.06,0.37280998,0.38848,74.018,2000871751680.0,0.47,0.3185791721599165,,31.415586,0.8,0.9866666666666667,0.64,1.2366666666666666,38.850608019999996,235.43468460119996,-0.4401943023444965,-0.0330984307600903,ROE (37%) dans le haut du secteur ; marge superieure a la mediane du secteur ; momentum (+32%) superieur au secteur (-3%),False
AVNT,2026-08-07,42.650001525878906,Basic Materials,Specialty Chemicals,Avient Corporation,23.054054,1.6258149,1.85,0.06732,0.0481,79.591,3911438848.0,1.22,0.0022012265480215,,19.09091,0.1891891891891892,0.13513513513513514,0.8108108108108109,0.6756756756756757,12.899263513513514,23.863637500000003,-0.4404774526087608,0.1923937749172761,ecart porte principalement par le multiple median du secteur,False
ADI,2026-08-07,377.30999755859375,Technology,Semiconductors,"Analog Devices, Inc.",56.147324,5.4467106,6.72,0.09639,0.26007998,25.81,183782817792.0,0.69,0.4816044407432234,,31.415586,0.25333333333333335,0.84,0.38666666666666666,0.99,31.10143014,209.00161054080002,-0.4460745490626883,-0.0330984307600903,marge superieure a la mediane du secteur ; momentum (+48%) superieur au secteur (-3%) ; PEG bas (0.69) : croissance qui justifie plus que le P/E actuel,False
BX,2026-08-07,133.4499969482422,Financial Services,Asset Management,Blackstone Inc.,30.398634,11.842221,4.39,0.31374002,0.22728,62.529,166092849152.0,1.6,-0.2322645672448247,,13.562913,0.9366197183098591,0.38028169014084506,0.3028169014084507,1.237676056338028,16.786492674295772,73.69270284015843,-0.4477879016457399,0.18265308238435407,ROE (31%) dans le haut du secteur ; dette plus faible que la mediane du secteur,False
CHWY,2026-08-07,23.43000030517578,Consumer Cyclical,Internet Retail,"Chewy, Inc.",39.71187,22.637682,0.59,0.63816,0.01987,123.385,9592808448.0,0.47,-0.4482421658540256,,19.929634,0.9090909090909091,0.09090909090909091,0.5151515151515151,1.0984848484848486,21.89240098484849,12.916516581060607,-0.4487188897642781,0.01304814243517265,ROE (64%) dans le haut du secteur ; PEG bas (0.47) : croissance qui justifie plus que le P/E actuel,False
FITB,2026-08-07,56.959999084472656,Financial Services,Banks - Regional,Fifth Third Bancorp,19.178452,1.6016196,2.97,0.08438,0.23239,,51638394880.0,2.17,0.2763128641435124,,13.562913,0.1619718309859155,0.39436619718309857,0.602112676056338,0.7790492957746479,10.566177821302817,31.38154812926937,-0.44905989056056694,0.18265308238435407,momentum (+28%) superieur au secteur (+18%),False
CDNS,2026-08-07,338.4200134277344,Technology,Software - Application,"Cadence Design Systems, Inc.",67.14683,13.590074,5.04,0.23229,0.23605,38.661,93341655040.0,3.06,-0.0297063718279979,,31.415586,0.6666666666666666,0.8266666666666667,0.4666666666666667,1.1733333333333333,36.86095424,185.77920936959998,-0.451039530765603,-0.0330984307600903,marge superieure a la mediane du secteur ; momentum (-3%) superieur au secteur (-3%),False
FCX,2026-08-07,68.18000030517578,Basic Materials,Copper,"Freeport-McMoRan, Inc.",33.42157,4.7465887,2.04,0.14755,0.113850005,32.149,95452004352.0,6.22,0.4257495309325718,,19.09091,0.4594594594594595,0.43243243243243246,0.5135135135135135,0.9594594594594594,18.31695418918919,37.36658654594595,-0.4519421182356709,0.1923937749172761,momentum (+43%) superieur au secteur (+19%),False
ESS,2026-08-07,285.1199951171875,Real Estate,REIT - Residential,"Essex Property Trust, Inc.",44.83019,3.4423974,6.36,0.0771,0.20893,122.409,19652235264.0,7.02,0.0934760092840996,,26.7375525,0.3684210526315789,0.42105263157894735,0.5263157894736842,0.9078947368421053,24.274883190789474,154.38825709342106,-0.4585148017066788,0.1144081378085697,ecart porte principalement par le multiple median du secteur,False
CSW,2026-08-07,347.7200012207031,Industrials,Specialty Industrial Machinery,"CSW Industrials, Inc.",47.632877,5.279524,7.3,0.109280005,0.10335,84.885,5665571328.0,2.53,0.1706663816928519,,29.493465,0.21505376344086022,0.5591397849462365,0.5268817204301075,0.8655913978494624,25.529289596774195,186.36381405645162,-0.4640405688421596,0.1706663816928519,ecart porte principalement par le multiple median du secteur,False
FCFS,2026-08-07,205.66000366210935,Financial Services,Credit Services,"FirstCash Holdings, Inc.",23.42369,3.8513107,8.78,0.17398001,0.0942,116.419,8919844864.0,1.17,0.394724914222325,,13.562913,0.7323943661971831,0.11971830985915492,0.8873239436619719,0.9242957746478873,12.5361431778169,110.06733710123237,-0.4648092232747971,0.18265308238435407,momentum (+39%) superieur au secteur (+18%),False
CALX,2026-08-07,37.47999954223633,Technology,Software - Infrastructure,"Calix, Inc",49.31579,3.3235788,0.76,0.06905,0.04607,1.969,2359890176.0,3.34,-0.3961311847743723,,31.415586,0.13333333333333333,0.17333333333333334,0.08,0.84,26.38909224,20.0557101024,-0.4648956684271258,-0.0330984307600903,dette plus faible que la mediane du secteur,False
AYA,2026-08-07,25.200000762939453,Basic Materials,Silver,Aya Gold & Silver Inc.,42.0,7.862715,0.6,0.24129999,0.30453,21.387,3612413696.0,,0.9788518645148648,,19.09091,0.6756756756756757,0.7567567567567568,0.40540540540540543,1.1756756756756757,22.444718513513514,13.466831108108108,-0.4656019563335414,0.1923937749172761,marge superieure a la mediane du secteur ; momentum (+98%) superieur au secteur (+19%),False
BCPC,2026-08-07,180.4199981689453,Basic Materials,Specialty Chemicals,Balchem Corporation,35.585796,4.5106125,5.07,0.12793,0.15141,12.801,5751432192.0,3.99,0.0401065527436839,,19.09091,0.32432432432432434,0.5405405405405406,0.21621621621621623,0.9932432432432433,18.961917364864867,96.13692103986489,-0.46714930708600133,0.1923937749172761,dette plus faible que la mediane du secteur,False
BRO,2026-08-07,71.18000030517578,Financial Services,Insurance Brokers,"Brown & Brown, Inc.",22.668789,1.8667716,3.14,0.10023,0.18084998,63.975,23817566208.0,1.51,-0.2685221283203974,,13.562913,0.29577464788732394,0.2746478873239437,0.30985915492957744,0.8890845070422535,12.058575818661971,37.86392807059859,-0.46805383663583167,0.18265308238435407,dette plus faible que la mediane du secteur,False
DV,2026-08-07,11.710000038146973,Communication Services,Advertising Agencies,"DoubleVerify Holdings, Inc.",35.484848,1.6757299,0.33,0.051760003,0.07159,8.836,1797065728.0,0.73,-0.3085433507390126,,21.33342,0.16666666666666666,0.3333333333333333,0.16666666666666666,0.875,18.6667425,6.160025025,-0.473951750219227,-0.10533193018810935,dette plus faible que la mediane du secteur ; PEG bas (0.73) : croissance qui justifie plus que le P/E actuel,False
FLNG,2026-08-07,31.020000457763672,Energy,Oil & Gas Midstream,FLEX LNG Ltd.,22.316547,2.4031608,1.39,0.10195,0.22257,260.809,1677945472.0,,0.2777364698613849,,14.276671499999999,0.2777777777777778,0.6944444444444444,0.9722222222222222,0.8194444444444444,11.698939145833332,16.26152541270833,-0.4757728828905158,0.37294201588170983,ecart porte principalement par le multiple median du secteur,False
BBAR,2026-08-07,17.40999984741211,Financial Services,Banks - Regional,Banco BBVA Argentina S.A.,16.902912,1.3645153,1.03,0.07146,0.07131,,3555760640.0,4.37,0.5669190400080146,,13.562913,0.07042253521126761,0.06338028169014084,0.602112676056338,0.6505281690140845,8.823056960387325,9.087748669198945,-0.47801558019256485,0.18265308238435407,momentum (+57%) superieur au secteur (+18%),False
EMBJ,2026-08-07,71.93000030517578,Industrials,Aerospace & Defense,Embraer S.A.,42.311764,3.8328013,1.7,0.08789,0.039330002,78.056,12800536576.0,28.22,0.2174255591605423,,29.493465,0.16129032258064516,0.15053763440860216,0.4838709677419355,0.7473118279569891,22.04081524193548,37.46938591129032,-0.47908541982038366,0.1706663816928519,momentum (+22%) superieur au secteur (+17%),False
COST,2026-08-07,949.1500244140624,Consumer Defensive,Discount Stores,Costco Wholesale Corporation,47.38642,25.4614,20.03,0.29152,0.0301,60.257,420927930368.0,4.61,0.0149725007700591,,21.142578,0.8181818181818182,0.3333333333333333,0.30303030303030304,1.1666666666666667,24.666341000000003,494.0668102300001,-0.47946394403244974,0.0711186143896602,ROE (29%) dans le haut du secteur ; dette plus faible que la mediane du secteur,False
BURL,2026-08-07,371.1499938964844,Consumer Cyclical,Apparel Retail,"Burlington Stores, Inc.",38.184155,12.570277,9.72,0.39141,0.052389998,319.733,23319455744.0,0.92,0.2676483427510041,,19.929634,0.7272727272727273,0.3939393939393939,0.8636363636363636,0.9962121212121212,19.854142962121212,192.9822695918182,-0.48004237433547703,0.01304814243517265,momentum (+27%) superieur au secteur (+1%) ; PEG bas (0.92) : croissance qui justifie plus que le P/E actuel,False
FIVN,2026-08-07,28.3700008392334,Technology,Software - Infrastructure,"Five9, Inc.",43.646156,2.6181247,0.65,0.07665,0.04874,96.466,2172120320.0,0.25,0.0219167960964254,,31.415586,0.17333333333333334,0.21333333333333335,0.7333333333333333,0.7066666666666667,22.20034744,14.430225836000002,-0.49135617169090184,-0.0330984307600903,momentum (+2%) superieur au secteur (-3%) ; PEG bas (0.25) : croissance qui justifie plus que le P/E actuel,False
CNO,2026-08-07,55.47999954223633,Financial Services,Insurance - Life,"CNO Financial Group, Inc.",19.197231,1.9869636,2.89,0.10934,0.060170002,175.664,5142829568.0,1.29,0.4188580273749995,,13.562913,0.3873239436619718,0.04225352112676056,0.9436619718309859,0.7183098591549295,9.742374126760563,28.155461226338026,-0.4925115093971193,0.18265308238435407,momentum (+42%) superieur au secteur (+18%),False
CDRE,2026-08-07,35.02000045776367,Industrials,Aerospace & Defense,"Cadre Holdings, Inc.",43.23457,4.645795,0.81,0.10618,0.052600004,112.914,1499582208.0,,0.0120965956902456,,29.493465,0.20430107526881722,0.24731182795698925,0.6989247311827957,0.739247311827957,21.802964717741936,17.66040142137097,-0.4957052772551923,0.1706663816928519,ecart porte principalement par le multiple median du secteur,False
FTK,2026-08-07,36.43000030517578,Energy,Oil & Gas Equipment & Services,"Flotek Industries, Inc.",35.715687,11.150903,1.02,0.37796003,0.1297,43.732,1317945728.0,4.32,0.9470637401512816,,14.276671499999999,0.9444444444444444,0.5,0.3611111111111111,1.2569444444444446,17.944982927083334,18.303882585625,-0.4975601857729196,0.37294201588170983,ROE (38%) dans le haut du secteur ; momentum (+95%) superieur au secteur (+37%),False
CARR,2026-08-07,63.959999084472656,Industrials,Building Products & Equipment,Carrier Global Corporation,45.685715,4.013806,1.4,0.08966,0.055180002,91.998,53123923968.0,1.55,-0.0374131195043608,,29.493465,0.1827956989247312,0.26881720430107525,0.5483870967741935,0.7715053763440861,22.754366814516132,31.856113540322582,-0.5019369293884781,0.1706663816928519,ecart porte principalement par le multiple median du secteur,False
BIO,2026-08-07,342.42999267578125,Healthcare,Medical Devices,"Bio-Rad Laboratories, Inc.",41.65815,1.3408961,8.22,0.0311,0.085889995,19.103,9163973632.0,4.01,0.0926547792772247,,25.224413,0.043478260869565216,0.41304347826086957,0.21739130434782608,0.8206521739130435,20.700469364130434,170.1578581731522,-0.5030871658071708,0.08108714607959686,dette plus faible que la mediane du secteur ; momentum (+9%) superieur au secteur (+8%),False
BP,2026-08-07,42.22999954223633,Energy,Oil & Gas Integrated,BP p.l.c.,19.64186,7.7836146,2.15,0.08868,0.02549,95.123,108756705280.0,0.04,0.333303189865046,,14.276671499999999,0.16666666666666666,0.1388888888888889,0.75,0.6805555555555555,9.716068104166665,20.88954642395833,-0.5053387011509283,0.37294201588170983,PEG bas (0.04) : croissance qui justifie plus que le P/E actuel,False
BXP,2026-08-07,68.80999755859375,Real Estate,REIT - Office,"BXP, Inc.",37.60109,2.1292856,1.83,0.05308,0.09202,211.631,12272644096.0,3.2,0.0101141443383991,,26.7375525,0.18421052631578946,0.21052631578947367,0.8157894736842105,0.6907894736842104,18.470019819078942,33.800136268914464,-0.5087903289034033,0.1144081378085697,ecart porte principalement par le multiple median du secteur,False
ATI,2026-08-07,223.42999267578125,Industrials,Metal Fabrication,ATI Inc.,65.33041,17.221365,3.42,0.25357,0.10090999,109.699,30491588608.0,1.33,1.417332992368736,,29.493465,0.7311827956989247,0.5161290322580645,0.6666666666666666,1.0779569892473118,31.792686733870966,108.7309886298387,-0.5133554482650948,0.1706663816928519,momentum (+142%) superieur au secteur (+17%),False
BWA,2026-08-07,65.80000305175781,Consumer Cyclical,Auto Parts,BorgWarner Inc.,32.9,2.3763092,2.0,0.08056,0.02893,70.11,13401246720.0,0.57,0.510553132246385,,19.929634,0.13636363636363635,0.19696969696969696,0.25757575757575757,0.803030303030303,16.00410003030303,32.00820006060606,-0.5135532131293575,0.01304814243517265,dette plus faible que la mediane du secteur ; momentum (+51%) superieur au secteur (+1%) ; PEG bas (0.57) : croissance qui justifie plus que le P/E actuel,False
BMRN,2026-08-07,61.459999084472656,Healthcare,Biotechnology,BioMarin Pharmaceutical Inc.,42.979023,1.91214,1.43,0.044770002,0.08289,23.174,11879261184.0,0.74,0.0300326065943394,,25.224413,0.08695652173913043,0.3695652173913043,0.2391304347826087,0.826086956521739,20.83755856521739,29.797708748260863,-0.515169066187165,0.08108714607959686,dette plus faible que la mediane du secteur ; PEG bas (0.74) : croissance qui justifie plus que le P/E actuel,False
BCC,2026-08-07,84.26000213623047,Basic Materials,Lumber & Wood Production,"Boise Cascade, L.L.C.",28.562712,1.452909,2.95,0.0506,0.01637,27.115,2939945472.0,2.94,-0.112123578736684,,19.09091,0.13513513513513514,0.08108108108108109,0.4594594594594595,0.7229729729729729,13.80221195945946,40.716525280405406,-0.5167751691416353,0.1923937749172761,ecart porte principalement par le multiple median du secteur,False
AVPT,2026-08-07,12.789999961853027,Technology,Software - Infrastructure,"AvePoint, Inc.",63.95,6.1757603,0.2,0.116969995,0.10505,5.015,2711699968.0,,-0.2035452783096695,,31.415586,0.3333333333333333,0.4666666666666667,0.2,0.9833333333333333,30.891992899999998,6.17839858,-0.5169352151346788,-0.0330984307600903,dette plus faible que la mediane du secteur,False
CLBK,2026-08-07,10.84000015258789,Financial Services,Banks - Regional,"Columbia Financial, Inc.",19.709091,2.0186222,0.55,0.05019,0.21759,,1127991296.0,,0.5823021420343915,,13.562913,0.028169014084507043,0.34507042253521125,0.602112676056338,0.6998239436619718,9.491651263204224,5.2204081947623235,-0.5184125349374624,0.18265308238435407,momentum (+58%) superieur au secteur (+18%),False
AMTM,2026-08-07,23.84000015258789,Industrials,Specialty Business Services,"Amentum Holdings, Inc.",39.733334,1.2625781,0.6,0.028870001,0.01042,83.5,5824501248.0,,-0.1102204375113619,,29.493465,0.043010752688172046,0.021505376344086023,0.5161290322580645,0.6478494623655914,19.107325443548387,11.464395266129031,-0.5191109399013765,0.1706663816928519,ecart porte principalement par le multiple median du secteur,False
AEIS,2026-08-07,323.9100036621094,Industrials,Electrical Equipment & Parts,"Advanced Energy Industries, Inc",59.87246,8.890811,5.41,0.16267,0.10767,94.568,12972738560.0,2.77,0.9364296506095462,,29.493465,0.45161290322580644,0.5806451612903226,0.5806451612903226,0.9758064516129032,28.779913427419356,155.6993316423387,-0.5193129885399947,0.1706663816928519,momentum (+94%) superieur au secteur (+17%),False
EW,2026-08-07,89.31999969482422,Healthcare,Medical Devices,Edwards Lifesciences Corporatio,53.166668,4.990223,1.68,0.09175,0.15431,6.568,51430457344.0,2.15,0.0581510151203463,,25.224413,0.2608695652173913,0.6521739130434783,0.13043478260869565,1.0108695652173914,25.49859140217391,42.83763355565217,-0.5204026679129685,0.08108714607959686,dette plus faible que la mediane du secteur,False
ALC,2026-08-07,69.54000091552734,Healthcare,Medical Instruments & Supplies,Alcon Inc.,42.145454,1.5323931,1.65,0.037100002,0.077020004,23.774,33914658816.0,1.58,-0.1319693099542839,,25.224413,0.06521739130434782,0.32608695652173914,0.2608695652173913,0.798913043478261,20.15211255978261,33.2509857236413,-0.5218437548766727,0.08108714607959686,dette plus faible que la mediane du secteur,False
DIOD,2026-08-07,98.72000122070312,Technology,Semiconductors,Diodes Incorporated,53.075268,2.4003112,1.86,0.04684,0.05266,4.401,4546224128.0,0.93,0.5121234711868075,,31.415586,0.06666666666666667,0.24,0.17333333333333334,0.7999999999999999,25.132468799999998,46.746391968,-0.526474965660793,-0.0330984307600903,dette plus faible que la mediane du secteur ; momentum (+51%) superieur au secteur (-3%) ; PEG bas (0.93) : croissance qui justifie plus que le P/E actuel,False
BMA,2026-08-07,86.19999694824219,Financial Services,Banks - Regional,Banco Macro S.A.,23.109919,15.771922,3.73,0.10824,0.075780004,,5511544320.0,0.47,0.6484216099687115,,13.562913,0.36619718309859156,0.07042253521126761,0.602112676056338,0.8001760563380281,10.852718236795774,40.48063902324824,-0.5303870016659702,0.18265308238435407,momentum (+65%) superieur au secteur (+18%) ; PEG bas (0.47) : croissance qui justifie plus que le P/E actuel,False
CIGI,2026-08-07,98.73999786376952,Real Estate,Real Estate Services,Colliers International Group In,48.165855,3.2667239,2.05,0.07839,0.01811,115.958,5045990912.0,1.22,-0.4024279000886656,,26.7375525,0.39473684210526316,0.05263157894736842,0.47368421052631576,0.8421052631578948,22.515833684210527,46.15745905263157,-0.5325353448324507,0.1144081378085697,ecart porte principalement par le multiple median du secteur,False
AGYS,2026-08-07,107.58000183105467,Technology,Software - Application,"Agilysys, Inc.",70.77632,8.942644,1.52,0.13802,0.12986,5.451,3034378752.0,2.47,-0.0362903132771108,,31.415586,0.41333333333333333,0.5866666666666667,0.21333333333333335,1.0499999999999998,32.986365299999996,50.13927525599999,-0.5339349841735502,-0.0330984307600903,dette plus faible que la mediane du secteur,False
ECL,2026-08-07,283.4599914550781,Basic Materials,Specialty Chemicals,Ecolab Inc.,38.305405,7.9127927,7.4,0.21956,0.12566,136.378,79461941248.0,2.92,0.0128115250621136,,19.09091,0.6216216216216216,0.4594594594594595,0.972972972972973,0.9324324324324325,17.80098364864865,131.727279,-0.5352879313803418,0.1923937749172761,ecart porte principalement par le multiple median du secteur,False
ARMK,2026-08-07,56.310001373291016,Industrials,Specialty Business Services,Aramark,42.338345,4.5112963,1.33,0.11224,0.01839,192.213,14806916096.0,0.99,0.4692268310410354,,29.493465,0.22580645161290322,0.08602150537634409,0.8924731182795699,0.6612903225806451,19.503742983870968,25.93997816854839,-0.5393362185060743,0.1706663816928519,momentum (+47%) superieur au secteur (+17%) ; PEG bas (0.99) : croissance qui justifie plus que le P/E actuel,False
FBIN,2026-08-07,50.34999847412109,Industrials,Building Products & Equipment,"Fortune Brands Innovations, Inc",40.604836,2.5484638,1.24,0.06406,0.0339,121.292,6010353664.0,1.9,-0.1432570305272926,,29.493465,0.07526881720430108,0.12903225806451613,0.7526881720430108,0.6317204301075268,18.631624395161285,23.103214249999994,-0.5411476673256586,0.1706663816928519,ecart porte principalement par le multiple median du secteur,False
DTM,2026-08-07,132.9199981689453,Energy,Oil & Gas Midstream,"DT Midstream, Inc.",29.149122,2.837382,4.56,0.09901,0.35724998,68.543,13559872512.0,,0.3610042754255618,,14.276671499999999,0.2222222222222222,0.9166666666666666,0.6388888888888888,0.9305555555555556,13.285235979166666,60.58067606499999,-0.5442320425854947,0.37294201588170983,marge superieure a la mediane du secteur,False
BEN,2026-08-07,34.0,Financial Services,Asset Management,"Franklin Resources, Inc.",23.776224,1.470016,1.43,0.07887,0.08717,24.805,17274613760.0,0.38,0.3898723509666493,,13.562913,0.11267605633802817,0.09859154929577464,0.14788732394366197,0.7940140845070423,10.769143948943661,15.399875846989435,-0.547062475088546,0.18265308238435407,dette plus faible que la mediane du secteur ; momentum (+39%) superieur au secteur (+18%) ; PEG bas (0.38) : croissance qui justifie plus que le P/E actuel,False
BGC,2026-08-07,10.510000228881836,Financial Services,Capital Markets,"BGC Group, Inc.",26.275,4.4933734,0.4,0.15882,0.0629,139.261,4967925248.0,3.6,0.1817277261086136,,13.562913,0.6830985915492958,0.04929577464788732,0.9084507042253521,0.8767605633802819,11.891427242957748,4.756570897183099,-0.5474242822457909,0.18265308238435407,ecart porte principalement par le multiple median du secteur,False
AVO,2026-08-07,12.5600004196167,Consumer Defensive,Food Distribution,"Mission Produce, Inc.",38.060604,1.5365795,0.33,0.0398,0.0183,35.595,1110022016.0,,0.0079935592298825,,21.142578,0.09090909090909091,0.21212121212121213,0.15151515151515152,0.8106060606060606,17.138301863636364,5.655639615,-0.5497102367793872,0.0711186143896602,dette plus faible que la mediane du secteur,False
BJRI,2026-08-07,69.88999938964844,Consumer Cyclical,Restaurants,"BJ's Restaurants, Inc.",35.841026,3.7246854,1.95,0.104399994,0.028570002,109.378,1486823296.0,2.31,1.014600650885536,,19.929634,0.21212121212121213,0.18181818181818182,0.4090909090909091,0.7992424242424242,15.928608992424241,31.06078753522727,-0.555576079460837,0.01304814243517265,momentum (+101%) superieur au secteur (+1%),False
CASY,2026-08-07,832.4199829101562,Consumer Cyclical,Specialty Retail,"Caseys General Stores, Inc.",43.49112,7.7738137,19.14,0.19153,0.04068,73.514,30803628032.0,3.71,0.7674365664790608,,19.929634,0.4393939393939394,0.25757575757575757,0.2727272727272727,0.965909090909091,19.25021465909091,368.4491085750001,-0.557375944668105,0.01304814243517265,dette plus faible que la mediane du secteur ; momentum (+77%) superieur au secteur (+1%),False
AMTB,2026-08-07,29.190000534057617,Financial Services,Banks - Regional,Amerant Bancorp Inc.,20.85,1.2509108,1.4,0.06132,0.14406,,1143951872.0,,0.3948656400571324,,13.562913,0.04225352112676056,0.2112676056338028,0.602112676056338,0.6734154929577465,9.133475743838028,12.786866041373239,-0.5619436174228882,0.18265308238435407,momentum (+39%) superieur au secteur (+18%),False
ESLT,2026-08-07,857.0,Industrials,Aerospace & Defense,Elbit Systems Ltd.,69.95918,9.349976,12.25,0.15567,0.071440004,21.011,40151457792.0,8.79,0.6926899421314847,,29.493465,0.41935483870967744,0.41935483870967744,0.12903225806451613,1.032258064516129,30.444867096774193,372.94962193548383,-0.5648195776715474,0.1706663816928519,dette plus faible que la mediane du secteur ; momentum (+69%) superieur au secteur (+17%),False
AAON,2026-08-07,90.27999877929688,Industrials,Building Products & Equipment,"AAON, Inc.",63.577465,7.9102774,1.42,0.13498999,0.07305,47.455,7394989056.0,2.71,0.0782283402200834,,29.493465,0.3118279569892473,0.43010752688172044,0.3225806451612903,0.9327956989247311,27.511377298387096,39.06615576370967,-0.5672778434654966,0.1706663816928519,dette plus faible que la mediane du secteur,False
CXM,2026-08-07,6.610000133514404,Technology,Software - Application,"Sprinklr, Inc.",55.083336,3.1657088,0.12,0.05079,0.03289,8.972,1548252160.0,0.7,-0.2638889026862598,,31.415586,0.09333333333333334,0.12,0.28,0.7566666666666666,23.77112674,2.8525352088,-0.5684515656305495,-0.0330984307600903,dette plus faible que la mediane du secteur ; PEG bas (0.70) : croissance qui justifie plus que le P/E actuel,False
ACMR,2026-08-07,78.9800033569336,Technology,Semiconductor Equipment & Materials,"ACM Research, Inc.",60.753853,3.306678,1.3,0.07602,0.09477,16.178,5458267648.0,,1.7806521307592282,,31.415586,0.16,0.36,0.3466666666666667,0.8333333333333334,26.179655,34.0335515,-0.5690864769124853,-0.0330984307600903,dette plus faible que la mediane du secteur ; momentum (+178%) superieur au secteur (-3%),False
AKR,2026-08-07,20.709999084472656,Real Estate,REIT - Retail,Acadia Realty Trust,59.17143,1.2171613,0.35,0.057150003,0.13208,63.176,3019374592.0,4.7,0.168338053825612,,26.7375525,0.23684210526315788,0.2894736842105263,0.10526315789473684,0.9144736842105264,24.450788141447372,8.55777584950658,-0.5867804815151932,0.1144081378085697,dette plus faible que la mediane du secteur ; momentum (+17%) superieur au secteur (+11%),False
CNH,2026-08-07,10.850000381469728,Industrials,Farm & Heavy Construction Machinery,CNH Industrial N.V.,43.4,1.7310147,0.25,0.03914,0.0171,335.044,17448521728.0,0.56,-0.0961625838745993,,29.493465,0.053763440860215055,0.06451612903225806,0.956989247311828,0.6,17.696079,4.42401975,-0.5922562585752897,0.1706663816928519,PEG bas (0.56) : croissance qui justifie plus que le P/E actuel,False
AS,2026-08-07,36.11000061035156,Consumer Cyclical,Leisure,"Amer Sports, Inc.",45.1375,3.0245414,0.8,0.07882,0.06498,14.817,21009594368.0,0.81,-0.0968972889842757,,19.929634,0.12121212121212122,0.5151515151515151,0.07575757575757576,0.9204545454545454,18.344322204545453,14.675457763636363,-0.5935902100364576,0.01304814243517265,dette plus faible que la mediane du secteur ; PEG bas (0.81) : croissance qui justifie plus que le P/E actuel,False
BBT,2026-08-07,31.600000381469727,Financial Services,Banks - Regional,Beacon Financial Corporation,25.28,1.0496596,1.25,0.084230006,0.21039,,2665925632.0,2.6,0.2481090790271432,,13.562913,0.15492957746478872,0.31690140845070425,0.602112676056338,0.756161971830986,10.255759037852114,12.819698797315143,-0.5943133340962671,0.18265308238435407,momentum (+25%) superieur au secteur (+18%),False
FORM,2026-08-07,115.20999908447266,Technology,Semiconductor Equipment & Materials,"FormFactor, Inc.",78.91096,8.089454,1.46,0.10989001,0.12798001,2.691,8981169152.0,1.39,2.6382321002129707,,31.415586,0.28,0.5733333333333334,0.09333333333333334,1.01,31.72974186,46.3254231156,-0.5979044919388123,-0.0330984307600903,dette plus faible que la mediane du secteur ; momentum (+264%) superieur au secteur (-3%),False
ADNT,2026-08-07,18.850000381469727,Consumer Cyclical,Auto Parts,Adient plc,34.272728,0.8628582,0.55,0.05791,0.00317,114.368,1453277184.0,0.14,-0.1516128402098637,,19.929634,0.09090909090909091,0.030303030303030304,0.4696969696969697,0.6856060606060606,13.663877856060605,7.515132820833333,-0.6013192218170458,0.01304814243517265,PEG bas (0.14) : croissance qui justifie plus que le P/E actuel,False
FIGS,2026-08-07,11.239999771118164,Consumer Cyclical,Apparel Manufacturing,"FIGS, Inc.",48.869564,4.351529,0.23,0.100080006,0.06101,14.072,1877611008.0,,0.5177304283377349,,19.929634,0.19696969696969696,0.4696969696969697,0.06060606060606061,0.9507575757575758,18.948250507575757,4.358097616742424,-0.6122688874121857,0.01304814243517265,dette plus faible que la mediane du secteur ; momentum (+52%) superieur au secteur (+1%),False
BHE,2026-08-07,82.37000274658203,Technology,Electronic Components,"Benchmark Electronics, Inc.",57.601402,2.650428,1.43,0.047810003,0.018860001,26.142,2958724864.0,1.33,0.9916765943050724,,31.415586,0.08,0.05333333333333334,0.4,0.7033333333333334,22.09562882,31.596749212600002,-0.6164046599608604,-0.0330984307600903,momentum (+99%) superieur au secteur (-3%),False
ASTE,2026-08-07,44.18000030517578,Industrials,Farm & Heavy Construction Machinery,"Astec Industries, Inc.",52.59524,1.496866,0.84,0.02859,0.0126,53.026,1017260736.0,1.02,0.1029115230131054,,29.493465,0.03225806451612903,0.03225806451612903,0.3763440860215054,0.6801075268817204,20.05872754032258,16.849331133870965,-0.618620846141166,0.1706663816928519,ecart porte principalement par le multiple median du secteur,False
DMC,2026-08-07,29.89999961853028,Consumer Defensive,Farm Products,Del Monte Corporation,42.11268,0.7022406,0.71,0.01775,0.007900001,29.43,1409671808.0,2.35,-0.1609296474832731,,21.142578,0.030303030303030304,0.09090909090909091,0.12121212121212122,0.7575757575757576,16.017104545454547,11.372144227272727,-0.6196607233324198,0.0711186143896602,dette plus faible que la mediane du secteur,False
AMCR,2026-08-07,47.060001373291016,Consumer Cyclical,Packaging & Containers,Amcor plc,38.260162,1.8666456,1.23,0.08737001,0.030550001,143.74,21757988864.0,0.64,0.0712956077148065,,19.929634,0.15151515151515152,0.22727272727272727,0.6212121212121212,0.7272727272727273,14.494279272727272,17.827963505454544,-0.621165257432975,0.01304814243517265,momentum (+7%) superieur au secteur (+1%) ; PEG bas (0.64) : croissance qui justifie plus que le P/E actuel,False
BOX,2026-08-07,31.850000381469727,Technology,Software - Infrastructure,"Box, Inc.",49.765625,229.13669,0.64,-5.75826,-0.1976,2048.842,4412264448.0,0.65,-0.0330984307600903,,31.415586,0.013333333333333334,0.013333333333333334,1.0,0.6,18.8493516,12.063585024,-0.621237523406167,-0.0330984307600903,PEG bas (0.65) : croissance qui justifie plus que le P/E actuel,False
FOUR,2026-08-07,43.36000061035156,Technology,Software - Infrastructure,"Shift4 Payments, Inc.",49.83908,5.3078713,0.87,0.064899996,0.021960001,262.321,4298274816.0,0.38,-0.4139113145953784,,31.415586,0.10666666666666667,0.09333333333333334,0.9466666666666667,0.6,18.8493516,16.398935891999997,-0.6217957642720837,-0.0330984307600903,PEG bas (0.38) : croissance qui justifie plus que le P/E actuel,False
ALNT,2026-08-07,111.20999908447266,Technology,Electronic Components,Allient Inc.,65.41765,6.1924386,1.7,0.09514,0.04977,61.369,1890849280.0,,0.9305893956460868,,31.415586,0.24,0.22666666666666666,0.5733333333333334,0.7833333333333333,24.608875700000002,41.83508869,-0.6238189997805594,-0.0330984307600903,momentum (+93%) superieur au secteur (-3%),False
CALY,2026-08-07,17.3799991607666,Consumer Cyclical,Leisure,Callaway Golf Company,40.418602,1.4394566,0.43,0.03466,-0.12367,12.643,3124186368.0,0.72,0.9309621625741304,,19.929634,0.030303030303030304,0.015151515151515152,0.045454545454545456,0.7575757575757576,15.098207575757575,6.492229257575757,-0.6264539947601817,0.01304814243517265,dette plus faible que la mediane du secteur ; momentum (+93%) superieur au secteur (+1%) ; PEG bas (0.72) : croissance qui justifie plus que le P/E actuel,False
EYE,2026-08-07,22.46999931335449,Consumer Cyclical,Specialty Retail,"National Vision Holdings, Inc.",39.42105,2.0046391,0.57,0.053740002,0.02305,77.074,1800221440.0,,-0.0392327636258813,,19.929634,0.06060606060606061,0.12121212121212122,0.2878787878787879,0.7386363636363635,14.720752386363634,8.39082886022727,-0.626576363300537,0.01304814243517265,dette plus faible que la mediane du secteur,False
CRBG,2026-08-07,34.0099983215332,Financial Services,Asset Management,Corebridge Financial Inc.,21.801281,1.3284118,1.56,0.07139,0.046479996,127.231,15160722432.0,,-0.0718616434132743,,13.562913,0.06338028169014084,0.02112676056338028,0.9014084507042254,0.6,8.1377478,12.694886568,-0.6267307499406045,0.18265308238435407,ecart porte principalement par le multiple median du secteur,False
EQIX,2026-08-07,1052.8599853515625,Real Estate,REIT - Specialty,"Equinix, Inc.",68.01421,7.223392,15.48,0.10735,0.15479,162.217,103887470592.0,3.39,0.3179267936299341,,26.7375525,0.5789473684210527,0.34210526315789475,0.7105263157894737,0.9473684210526316,25.330312894736842,392.11324361052635,-0.627573229996394,0.1144081378085697,momentum (+32%) superieur au secteur (+11%),False
AAMI,2026-08-07,91.55999755859376,Financial Services,Asset Management,Acadian Asset Management Inc.,38.961704,42.09655,2.35,1.0676999,0.15168001,193.318,3262190080.0,,0.7031510591043493,,13.562913,1.0,0.22535211267605634,0.9507042253521126,1.0686619718309858,14.494169350352111,34.06129797332746,-0.6279893088514997,0.18265308238435407,ROE (107%) dans le haut du secteur ; momentum (+70%) superieur au secteur (+18%),False
BL,2026-08-07,30.0,Technology,Software - Application,"BlackLine, Inc.",54.545452,5.5534987,0.55,0.070300005,0.047480002,202.88,1743758208.0,4.53,-0.4224756256135211,,31.415586,0.14666666666666667,0.18666666666666668,0.9066666666666666,0.6433333333333333,20.21069366,11.115881513000001,-0.6294706162333332,-0.0330984307600903,ecart porte principalement par le multiple median du secteur,False
AMRC,2026-08-07,25.549999237060547,Industrials,Engineering & Construction,"Ameresco, Inc.",48.20755,1.0962842,0.53,0.04315,0.0139999995,190.148,1355841664.0,2.22,-0.1714510640200098,,29.493465,0.06451612903225806,0.043010752688172046,0.8817204301075269,0.6,17.696079,9.378921870000001,-0.6329188982363736,0.1706663816928519,ecart porte principalement par le multiple median du secteur,False
FLYW,2026-08-07,18.200000762939453,Technology,Software - Infrastructure,Flywire Corporation - Voting,70.00001,2.71035,0.26,0.04231,0.0477,0.18,2214351616.0,,0.2174905470203514,,31.415586,0.04,0.2,0.013333333333333334,0.8166666666666668,25.656061900000005,6.670576094000001,-0.6334848453642237,-0.0330984307600903,dette plus faible que la mediane du secteur ; momentum (+22%) superieur au secteur (-3%),False
FSUN,2026-08-07,39.77000045776367,Financial Services,Banks - Regional,FirstSun Capital Bancorp,23.814373,1.0122168,1.67,0.03186,0.10459,,1963773568.0,,0.0176269932446435,,13.562913,0.007042253521126761,0.15492957746478872,0.602112676056338,0.641725352112676,8.703665120598592,14.535120751399647,-0.6345204781469349,0.18265308238435407,ecart porte principalement par le multiple median du secteur,False
CHEF,2026-08-07,109.13999938964844,Consumer Defensive,Food Distribution,"The Chefs' Warehouse, Inc.",51.72512,6.866742,2.11,0.15252,0.02094,146.029,4452484608.0,1.08,0.8268926130688605,,21.142578,0.5454545454545454,0.24242424242424243,0.7575757575757576,0.8939393939393938,18.900183363636362,39.879386897272724,-0.6346033798763686,0.0711186143896602,momentum (+83%) superieur au secteur (+7%),False
EXK,2026-08-07,8.829999923706055,Basic Materials,Silver,Endeavour Silver Corporation,44.149998,3.6699917,0.2,0.10584,0.08912,34.84,2614955776.0,,0.2051282462753973,,19.09091,0.2972972972972973,0.32432432432432434,0.5405405405405406,0.8445945945945947,16.124079391891897,3.2248158783783794,-0.634788685589831,0.1923937749172761,momentum (+21%) superieur au secteur (+19%),False
ENB,2026-08-07,51.70000076293945,Energy,Oil & Gas Midstream,Enbridge Inc,28.097826,2.7136087,1.84,0.092209995,0.07339,162.975,112917225472.0,5.75,0.1562303247000527,,14.276671499999999,0.19444444444444445,0.3055555555555556,0.8333333333333334,0.7152777777777778,10.211785864583334,18.789685990833334,-0.636563139002843,0.37294201588170983,ecart porte principalement par le multiple median du secteur,False
CWK,2026-08-07,13.65999984741211,Real Estate,Real Estate Services,Cushman & Wakefield Ltd.,47.10345,1.5845029,0.29,0.0352,0.0063899998,149.834,3206189312.0,0.49,-0.1490171409800312,,26.7375525,0.07894736842105263,0.02631578947368421,0.631578947368421,0.638157894736842,17.06278021381579,4.948206262006578,-0.637759420404092,0.1144081378085697,PEG bas (0.49) : croissance qui justifie plus que le P/E actuel,False
BTSG,2026-08-07,60.59999847412109,Healthcare,Health Information Services,"BrightSpring Health Services, I",56.111107,6.1893573,1.08,0.13036,0.02547,116.007,11990573056.0,,1.5204726778554254,,25.224413,0.391304347826087,0.17391304347826086,0.7608695652173914,0.7989130434782608,20.152112559782605,21.764281564565216,-0.6408534304854885,0.08108714607959686,momentum (+152%) superieur au secteur (+8%),False
ATS,2026-08-07,20.530000686645508,Industrials,Specialty Industrial Machinery,ATS Corporation,54.026318,1.5756704,0.38,0.026889998,0.01611,78.365,1991556608.0,,-0.0173160012311068,,29.493465,0.021505376344086023,0.053763440860215055,0.4946236559139785,0.6505376344086021,19.186608951612904,7.290911401612903,-0.6448655061976913,0.1706663816928519,ecart porte principalement par le multiple median du secteur,False
ATRO,2026-08-07,76.04000091552734,Industrials,Aerospace & Defense,Astronics Corporation,74.54902,20.223404,1.02,0.21179001,0.05116,234.45,3752452864.0,1.45,1.394032655721848,,29.493465,0.6344086021505376,0.21505376344086022,0.946236559139785,0.8844086021505375,26.084274153225802,26.60595963629032,-0.6501057428201926,0.1706663816928519,momentum (+139%) superieur au secteur (+17%),False
ENTG,2026-08-07,142.64999389648438,Technology,Semiconductor Equipment & Materials,"Entegris, Inc.",71.325,5.365404,2.0,0.07671,0.091850005,85.655,21725593600.0,1.57,0.4265894110482653,,31.415586,0.18666666666666668,0.3466666666666667,0.7066666666666667,0.7533333333333333,23.66640812,47.33281624,-0.6681891464057993,-0.0330984307600903,momentum (+43%) superieur au secteur (-3%),False
BORR,2026-08-07,3.880000114440918,Energy,Oil & Gas Drilling,Borr Drilling Limited,25.866667,0.997173,0.15,0.03029,0.0313,192.666,1197704448.0,,0.3848797563378578,,14.276671499999999,0.05555555555555555,0.16666666666666666,0.9166666666666666,0.6,8.566002899999999,1.2849004349999997,-0.6688401038397533,0.37294201588170983,momentum (+38%) superieur au secteur (+37%),False
FANG,2026-08-07,189.6300048828125,Energy,Oil & Gas E&P,"Diamondback Energy, Inc.",36.120003,1.4038037,5.25,0.034930002,0.08974,28.678,53345443840.0,56.78,0.3894873080102938,,14.276671499999999,0.08333333333333333,0.3611111111111111,0.19444444444444445,0.8333333333333333,11.897226249999997,62.46043781249999,-0.6706194367758453,0.37294201588170983,dette plus faible que la mediane du secteur ; momentum (+39%) superieur au secteur (+37%),False
FER,2026-08-07,65.38999938964844,Industrials,Engineering & Construction,Ferrovial N.V.,68.114586,7.14517,0.96,0.11615,0.06147,144.091,47139790848.0,4.63,0.211116089148488,,29.493465,0.24731182795698925,0.34408602150537637,0.8064516129032258,0.7580645161290323,22.357949274193547,21.463631303225803,-0.6717597262032762,0.1706663816928519,momentum (+21%) superieur au secteur (+17%),False
EE,2026-08-07,37.86000061035156,Energy,Oil & Gas Midstream,"Excelerate Energy, Inc.",32.358974,1.7765473,1.17,0.087840006,0.03227,61.285,4310709760.0,,0.6200118073462215,,14.276671499999999,0.1388888888888889,0.19444444444444445,0.5833333333333334,0.7222222222222222,10.310929416666665,12.063787417499999,-0.6813579708659181,0.37294201588170983,momentum (+62%) superieur au secteur (+37%),False
DOC,2026-08-07,21.100000381469727,Real Estate,REIT - Healthcare Facilities,"Healthpeak Properties, Inc.",60.285717,1.854456,0.35,0.03039,0.08248,108.653,14958787584.0,4.32,0.2944801401836125,,26.7375525,0.05263157894736842,0.18421052631578946,0.4473684210526316,0.7105263157894737,18.99773467105263,6.64920713486842,-0.6848717054665159,0.1144081378085697,momentum (+29%) superieur au secteur (+11%),False
CTVA,2026-08-07,76.86000061035156,Basic Materials,Agricultural Inputs,"Corteva, Inc.",46.581818,2.0376997,1.65,0.04256,0.056649998,19.191,51280687104.0,1.26,0.0712140296985919,,19.09091,0.10810810810810811,0.21621621621621623,0.3783783783783784,0.7635135135135135,14.57616777027027,24.050676820945945,-0.6870846131933704,0.1923937749172761,ecart porte principalement par le multiple median du secteur,False
EFXT,2026-08-07,20.68000030517578,Energy,Oil & Gas Equipment & Services,Enerflex Ltd,32.3125,2.21437,0.64,0.04615,0.02062,51.026,2524344576.0,,1.2136800639706429,,14.276671499999999,0.1111111111111111,0.08333333333333333,0.5,0.701388888888889,10.013498760416667,6.408639206666667,-0.6901044916782368,0.37294201588170983,momentum (+121%) superieur au secteur (+37%),False
ALHC,2026-08-07,13.380000114440918,Healthcare,Healthcare Plans,"Alignment Healthcare, Inc.",70.42105,10.453125,0.19,0.20044,0.00889,124.655,2775482368.0,,-0.092298299055466,,25.224413,0.5652173913043478,0.06521739130434782,0.782608695652174,0.8532608695652173,21.52300457065217,4.089370868423912,-0.6943669033298221,0.08108714607959686,ecart porte principalement par le multiple median du secteur,False
COO,2026-08-07,73.31999969482422,Healthcare,Medical Instruments & Supplies,"The Cooper Companies, Inc.",63.206898,1.7344815,1.16,0.02853,0.05573,33.093,14299644928.0,0.69,0.0729970038213756,,25.224413,0.021739130434782608,0.2608695652173913,0.2826086956521739,0.7554347826086957,19.055398951086957,22.104262783260868,-0.6985234195954144,0.08108714607959686,dette plus faible que la mediane du secteur ; PEG bas (0.69) : croissance qui justifie plus que le P/E actuel,False
CVI,2026-08-07,31.3700008392334,Energy,Oil & Gas Refining & Marketing,CVR Energy Inc.,45.463768,6.007277,0.69,0.24254999,0.0081400005,241.801,3153645056.0,0.71,0.1717443973463495,,14.276671499999999,0.8333333333333334,0.027777777777777776,0.9444444444444444,0.9375,13.38437953125,9.235221876562498,-0.7056033908353512,0.37294201588170983,ROE (24%) dans le haut du secteur ; PEG bas (0.71) : croissance qui justifie plus que le P/E actuel,False
ASTH,2026-08-07,34.130001068115234,Healthcare,Medical Care Facilities,Astrana Health Inc.,55.95082,2.0874617,0.61,0.05659,0.00857,184.463,1692281984.0,,0.1126408758430588,,25.224413,0.15217391304347827,0.043478260869565216,0.8478260869565217,0.625,15.765258124999999,9.61680745625,-0.7182300862793067,0.08108714607959686,momentum (+11%) superieur au secteur (+8%),False
APO,2026-08-07,127.98999786376952,Financial Services,Asset Management,"Apollo Global Management, Inc. ",46.03957,3.759657,2.78,0.11412,0.052670002,33.091,73788473344.0,0.58,-0.0667896635873217,,13.562913,0.45774647887323944,0.035211267605633804,0.20422535211267606,0.9366197183098592,12.703291753521128,35.31515107478874,-0.724078821281194,0.18265308238435407,dette plus faible que la mediane du secteur ; PEG bas (0.58) : croissance qui justifie plus que le P/E actuel,False
EQBK,2026-08-07,51.220001220703125,Financial Services,Banks - Regional,"Equity Bancshares, Inc.",32.833336,1.2769883,1.56,0.048979998,0.14764,,1053442176.0,1.69,0.2708240806787163,,13.562913,0.02112676056338028,0.21830985915492956,0.602112676056338,0.664612676056338,9.014083904049295,14.061970890316902,-0.7254593800237348,0.18265308238435407,momentum (+27%) superieur au secteur (+18%),False
ESI,2026-08-07,38.43000030517578,Basic Materials,Specialty Chemicals,Element Solutions Inc.,51.932434,3.329579,0.74,0.06539,0.05669,74.976,9364855808.0,,0.4429667250884006,,19.09091,0.16216216216216217,0.24324324324324326,0.7027027027027027,0.7162162162162163,13.673219324324327,10.118182300000003,-0.7367113656088814,0.1923937749172761,momentum (+44%) superieur au secteur (+19%),False
ASH,2026-08-07,72.45999908447266,Basic Materials,Specialty Chemicals,Ashland Inc.,46.44872,1.7744148,1.56,0.0399,0.02823,78.93,3318187520.0,1.23,0.3217003538903109,,19.09091,0.05405405405405406,0.10810810810810811,0.7837837837837838,0.608108108108108,11.609337162162161,18.11056597297297,-0.7500611895970358,0.1923937749172761,momentum (+32%) superieur au secteur (+19%),False
CG,2026-08-07,48.880001068115234,Financial Services,Asset Management,The Carlyle Group Inc.,33.47945,3.2551947,1.46,0.077659994,0.13012,197.617,17595549696.0,1.06,-0.2724386606379246,,13.562913,0.1056338028169014,0.19718309859154928,0.9577464788732394,0.6126760563380281,8.309672049295774,12.132121191971828,-0.7517978533784097,0.18265308238435407,ecart porte principalement par le multiple median du secteur,False
CNR,2026-08-07,89.9800033569336,Energy,Thermal Coal,"Core Natural Resources, Inc.",45.216084,1.2442957,1.99,0.02675,0.02345,12.037,4466270720.0,,0.0789767154891611,,14.276671499999999,0.027777777777777776,0.1111111111111111,0.027777777777777776,0.7847222222222222,11.203221385416665,22.294410556979162,-0.7522292762255024,0.37294201588170983,dette plus faible que la mediane du secteur,False
AJG,2026-08-07,251.7400054931641,Financial Services,Insurance Brokers,Arthur J. Gallagher & Co.,41.67881,2.7208958,6.04,0.06722,0.10378,59.401,64531283968.0,0.83,-0.1668768758789439,,13.562913,0.04929577464788732,0.14788732394366197,0.29577464788732394,0.7376760563380281,10.005036174295775,60.43041849274648,-0.7599490856673257,0.18265308238435407,dette plus faible que la mediane du secteur ; PEG bas (0.83) : croissance qui justifie plus que le P/E actuel,False
CBRL,2026-08-07,58.220001220703125,Consumer Cyclical,Restaurants,Cracker Barrel Old Country Stor,51.07018,2.7956781,1.14,0.056110002,0.00786,246.663,1301302016.0,1.56,-0.0321107852504848,,19.929634,0.07575757575757576,0.06060606060606061,0.7878787878787878,0.606060606060606,12.07856606060606,13.769565309090906,-0.7634908103678564,0.01304814243517265,ecart porte principalement par le multiple median du secteur,False
CTRI,2026-08-07,22.350000381469727,Utilities,Utilities - Regulated Gas,"Centuri Holdings, Inc.",67.72727,2.5967236,0.33,0.040289998,0.0085,108.188,2256524288.0,1.01,0.3107344845852733,,21.70884,0.08,0.04,0.28,0.73,15.847453199999999,5.229659556,-0.7660107621145329,0.1355532058243795,dette plus faible que la mediane du secteur ; momentum (+31%) superieur au secteur (+14%),False
BROS,2026-08-07,53.33000183105469,Consumer Cyclical,Restaurants,Dutch Bros Inc.,74.06944,9.9533415,0.72,0.14562,0.04907,123.827,11313285120.0,2.3,-0.0835305561332449,,19.929634,0.2878787878787879,0.3333333333333333,0.5303030303030303,0.8446969696969697,16.834501446969696,12.120841041818181,-0.7727200332710269,0.01304814243517265,ecart porte principalement par le multiple median du secteur,False
AAP,2026-08-07,57.91999816894531,Consumer Cyclical,Auto Parts,Advance Auto Parts Inc.,53.13761,1.5703712,1.09,0.030840002,0.0050999997,255.31,3494267648.0,1.63,-0.0710694364762256,,19.929634,0.015151515151515152,0.045454545454545456,0.803030303030303,0.6,11.957780399999999,13.033980635999999,-0.7749657968223423,0.01304814243517265,ecart porte principalement par le multiple median du secteur,False
BLDR,2026-08-07,72.51000213623047,Industrials,Building Products & Equipment,"Builders FirstSource, Inc.",78.815216,1.9478847,0.92,0.02506,0.0070999996,130.786,7801819136.0,2.02,-0.5209114079149416,,29.493465,0.010752688172043012,0.010752688172043012,0.7634408602150538,0.6,17.696079,16.280392680000002,-0.7754738353280877,0.1706663816928519,ecart porte principalement par le multiple median du secteur,False
AAT,2026-08-07,22.520000457763672,Real Estate,REIT - Diversified,"American Assets Trust, Inc.",77.655174,1.2322172,0.29,0.02164,0.04127,161.778,1746932096.0,9.34,0.2056479670309423,,26.7375525,0.02631578947368421,0.15789473684210525,0.6842105263157895,0.631578947368421,16.886875263157894,4.897193826315789,-0.7825402430386051,0.1144081378085697,momentum (+21%) superieur au secteur (+11%),False
DD,2026-08-07,144.0500030517578,Basic Materials,Specialty Chemicals,"DuPont de Nemours, Inc.",63.179825,1.4127674,2.28,0.01792,0.00787,22.902,19449546752.0,1.72,0.4375570199778469,,19.09091,0.02702702702702703,0.05405405405405406,0.43243243243243246,0.6689189189189189,12.770270878378378,29.1162176027027,-0.7978742312678666,0.1923937749172761,momentum (+44%) superieur au secteur (+19%),False
ECVT,2026-08-07,11.0,Basic Materials,Specialty Chemicals,Ecovyst Inc.,61.111107,2.051856,0.18,0.04032,-0.070549995,93.099,1204152448.0,,0.3267326971587849,,19.09091,0.08108108108108109,0.02702702702702703,0.8648648648648649,0.6,11.454546,2.0618182800000002,-0.8125619745454545,0.1923937749172761,momentum (+33%) superieur au secteur (+19%),False
FRHC,2026-08-07,147.47999572753906,Financial Services,Financial Conglomerates,Freedom Holding Corp.,58.75697,6.069635,2.51,0.113000005,0.0938,163.277,9389599744.0,,-0.1149660315176308,,13.562913,0.4295774647887324,0.11267605633802817,0.9225352112676056,0.7623239436619719,10.339333325704226,25.951726647517606,-0.8240322253910154,0.18265308238435407,ecart porte principalement par le multiple median du secteur,False
ACI,2026-08-07,12.079999923706056,Consumer Defensive,Grocery Stores,"Albertsons Companies, Inc.",75.5,3.6606061,0.16,0.02717,0.00079,973.585,5916523520.0,1.23,-0.3795853421109481,,21.142578,0.06060606060606061,0.030303030303030304,0.9393939393939394,0.6,12.6855468,2.029687488,-0.8319795115216104,0.0711186143896602,ecart porte principalement par le multiple median du secteur,False
AFRM,2026-08-07,76.58000183105469,Financial Services,Credit Services,"Affirm Holdings, Inc.",69.61818,6.777591,1.1,0.114870004,0.09629,240.279,25646532608.0,0.77,-0.1916119955196497,,13.562913,0.47183098591549294,0.1267605633802817,0.9647887323943662,0.7764084507042253,10.530360269366195,11.583396296302816,-0.8487412376685851,0.18265308238435407,PEG bas (0.77) : croissance qui justifie plus que le P/E actuel,False
