ticker,fetched_at,price,sector,industry,name,pe,pb,eps,roe,margin,debt_eq,market_cap,mom_12_2,error
A,2026-08-07,141.33999633789062,Healthcare,Diagnostics & Research,"Agilent Technologies, Inc.",28.32465,5.600729,4.99,0.21330999,0.19552,49.733,39918927872.0,0.1099820605319952,
AA,2026-08-07,47.47999954223633,Basic Materials,Aluminum,Alcoa Corporation,9.912317,1.7002076,4.79,0.18226999,0.09388,29.918,12530419712.0,0.4143851483227578,
AADX,2026-08-07,21.26000022888184,Industrials,Aerospace & Defense,"Applied Aerospace & Defense, In",,,-0.71,,-0.04758,445.272,,,
AAL,2026-08-07,16.030000686645508,Industrials,Airlines,"American Airlines Group, Inc.",,-2.6712215,-0.47,,-0.00559,,10611378176.0,0.1421092437148619,
AAMI,2026-08-07,91.55999755859376,Financial Services,Asset Management,Acadian Asset Management Inc.,38.961704,42.09655,2.35,1.0676999,0.15168001,193.318,3262190080.0,0.7031510591043493,
AAOI,2026-08-07,124.22000122070312,Technology,Communication Equipment,"Applied Optoelectronics, Inc.",,8.869689,-0.63,-0.06126,-0.085480005,25.356,9967756288.0,2.897520525671572,
AAON,2026-08-07,90.27999877929688,Industrials,Building Products & Equipment,"AAON, Inc.",65.42029,7.9102774,1.38,0.13498999,0.07305,47.455,7394989056.0,0.0782282406270777,
AAP,2026-08-07,57.91999816894531,Consumer Cyclical,Auto Parts,Advance Auto Parts Inc.,53.13761,1.5703712,1.09,0.030840002,0.0050999997,255.31,3494267648.0,-0.0710694957442802,
AAPG,2026-08-07,17.09000015258789,Healthcare,Biotechnology,Ascentage Pharma Group Internat,,8.073498,-2.07,-1.54564,-2.16465,148.381,1595133056.0,-0.5897104135573636,
AAPL,2026-08-07,312.4100036621094,Technology,Consumer Electronics,Apple Inc.,35.704,42.44701,8.75,1.4875101,0.27618998,78.445,4559367831552.0,0.3344703125939317,
AAT,2026-08-07,22.520000457763672,Real Estate,REIT - Diversified,"American Assets Trust, Inc.",77.655174,1.2322172,0.29,0.02164,0.04127,161.778,1746932096.0,0.2056479670309423,
AB,2026-08-07,37.130001068115234,Financial Services,Asset Management,AllianceBernstein Holding L.P.,11.083583,2.7497594,3.35,0.19370002,3.90651,,3468085248.0,-0.0074153279982992,
ABBV,2026-08-07,243.8699951171875,Healthcare,Drug Manufacturers - General,AbbVie Inc.,69.47863,-64.73852,3.51,,0.098000005,,430946877440.0,0.2296811164032688,
ABCB,2026-08-07,88.19000244140625,Financial Services,Banks - Regional,Ameris Bancorp,16.063753,1.4418849,5.49,0.09398,0.31804,,5918130176.0,0.2022798827968464,
ABCL,2026-08-07,6.53000020980835,Healthcare,Biotechnology,AbCellera Biologics Inc.,,2.1160078,-0.53,-0.14681,-1.81744,14.943,1994101376.0,0.3660287733591754,
ABEV,2026-08-07,3.009999990463257,Consumer Defensive,Beverages - Brewers,Ambev S.A.,15.05,2.7079434,0.2,0.184,0.18406,3.317,46512914432.0,0.3923582932263421,
ABG,2026-08-07,215.9900054931641,Consumer Cyclical,Auto & Truck Dealerships,Asbury Automotive Group Inc,8.169062,0.9883045,26.44,0.13233,0.02834,140.969,3877434368.0,-0.0788741228728672,
ABM,2026-08-07,48.54999923706055,Industrials,Specialty Business Services,ABM Industries Incorporated,18.81783,1.6266836,2.58,0.08866999,0.0175,112.697,2844103936.0,0.0003466357179593,
ABNB,2026-08-07,151.63999938964844,Consumer Cyclical,Travel Services,"Airbnb, Inc.",37.62779,11.133627,4.03,0.32325,0.19902,33.185,89999081472.0,0.1608059885808659,
ABSI,2026-08-07,8.300000190734863,Healthcare,Biotechnology,Absci Corporation,,7.4977417,-0.81,-0.63887,0.0,2.567,1406022784.0,2.255230070427249,
ABT,2026-08-07,107.95999908447266,Healthcare,Medical Devices,Abbott Laboratories,34.273014,3.6550765,3.15,0.10576,0.116450004,63.212,188046147584.0,-0.1848099373999349,
ABVX,2026-08-07,130.0,Healthcare,Biotechnology,Abivax SA,,20.822784,-5.5,-1.5706799,0.0,7.964,11330887680.0,0.5416512409088461,
ABXL,2026-08-07,25.96999931335449,,,"Abacus Global Management, Inc. ",,,,,,,,0.086068138437783,
ACA,2026-08-07,144.88999938964844,Industrials,Engineering & Construction,"Arcosa, Inc.",32.486546,2.6982381,4.46,0.080299996,0.16836001,48.158,7115085312.0,0.4700009539114036,
ACAD,2026-08-07,28.450000762939453,Healthcare,Biotechnology,ACADIA Pharmaceuticals Inc.,12.931818,3.7365382,2.2,0.35743,0.33416,4.557,4871660544.0,-0.0046171193898245,
ACGL,2026-08-07,99.29000091552734,Financial Services,Insurance - Diversified,Arch Capital Group Ltd.,7.7509756,1.4533505,12.81,0.19936001,0.24396999,17.836,33857890304.0,0.0983284182238588,
ACGLN,2026-08-07,16.27989959716797,Financial Services,Insurance - Diversified,Arch Capital Group Ltd. - Depos,3.470454,0.2382959,4.691,0.19936001,0.24396999,17.836,,-0.0022074089808226,
ACGLO,2026-08-07,19.334999084472656,Financial Services,Insurance - Diversified,Arch Capital Group Ltd. - Depos,4.121722,0.2830147,4.691,0.19936001,0.24396999,17.836,,-0.0196798693736923,
ACHC,2026-08-07,30.71999931335449,Healthcare,Medical Care Facilities,"Acadia Healthcare Company, Inc.",,1.4104682,-11.84,-0.41445,-0.33443,118.057,2860040192.0,0.2900697744045102,
ACHR,2026-08-07,5.230000019073486,Industrials,Aerospace & Defense,Archer Aviation Inc.,,1.9059767,-1.11,-0.48047,0.0,5.857,3989783296.0,-0.4815642496794002,
ACI,2026-08-07,12.079999923706056,Consumer Defensive,Grocery Stores,"Albertsons Companies, Inc.",75.5,3.6606061,0.16,0.02717,0.00079,973.585,5916523520.0,-0.3795853421109481,
ACIW,2026-08-07,55.220001220703125,Technology,Software - Infrastructure,"ACI Worldwide, Inc.",29.216932,3.730073,1.89,0.13817,0.11507,56.975,5613751808.0,0.1617022006823012,
ACLS,2026-08-07,136.66000366210938,Technology,Semiconductor Equipment & Materials,"Axcelis Technologies, Inc.",42.309597,4.020476,3.23,0.088870004,0.10714,3.9,4200094464.0,0.6289355746061649,
ACM,2026-08-07,74.93000030517578,Industrials,Engineering & Construction,AECOM,15.610416,4.230704,4.8,0.28608,0.03164,135.206,9630222336.0,-0.4126594235666,
ACMR,2026-08-07,78.9800033569336,Technology,Semiconductor Equipment & Materials,"ACM Research, Inc.",60.753853,3.306678,1.3,0.07602,0.09477,16.178,5458267648.0,1.7806521307592282,
ACN,2026-08-07,171.11000061035156,Technology,Information Technology Services,Accenture plc,13.645136,3.282938,12.54,0.24406,0.10656,25.035,104709406720.0,-0.3486208712053343,
ACT,2026-08-07,48.66999816894531,Financial Services,Insurance - Specialty,"Enact Holdings, Inc.",10.355319,1.2778302,4.7,0.12926,0.54486,13.939,6794368512.0,0.277286241395196,
ACVA,2026-08-07,7.449999809265137,Consumer Cyclical,Auto & Truck Dealerships,ACV Auctions Inc.,,3.010101,-0.35,-0.14294,-0.07965,57.087,1300657408.0,-0.3576329443279933,
ADAMI,2026-08-07,25.350000381469727,,,"Adamas Trust, Inc. - 9.125% Sen",,,,,,,,0.0983461684968773,
ADAML,2026-08-07,24.600000381469727,Real Estate,REIT - Mortgage,"Adamas Trust, Inc. - 6.875% Ser",,2.3724563,,0.16438,0.52959,769.104,,0.2024638423741473,
ADAMM,2026-08-07,25.15010070800781,Real Estate,REIT - Mortgage,"Adamas Trust, Inc. - 7.875% Ser",,2.4255087,,0.16438,0.52959,769.104,,0.1310447966885064,
ADAMN,2026-08-07,23.78199958801269,Real Estate,REIT - Mortgage,"Adamas Trust, Inc. - 8.00% Seri",,2.422779,,0.16438,0.52959,769.104,,0.2039255533647828,
ADAMZ,2026-08-07,18.649900436401367,Real Estate,REIT - Mortgage,"Adamas Trust, Inc. - 7.000% Ser",,1.7986208,,0.16438,0.52959,769.104,,0.1142093447543466,
ADBE,2026-08-07,260.239990234375,Technology,Software - Application,Adobe Inc.,14.836943,9.015138,17.54,0.62953997,0.28689,61.443,103445397504.0,-0.297981510814276,
ADC,2026-08-07,76.3499984741211,Real Estate,REIT - Retail,Agree Realty Corporation,41.048386,1.4944216,1.86,0.037049998,0.28842,58.984,9523046400.0,0.1118230529825983,
ADI,2026-08-07,377.30999755859375,Technology,Semiconductors,"Analog Devices, Inc.",56.147324,5.4467106,6.72,0.09639,0.26007998,25.81,183782817792.0,0.481604349577075,
ADIG,2026-08-07,26.299999237060547,Technology,Computer Hardware,,,,-3.63,,-0.05073,59.883,1992256128.0,,
ADM,2026-08-07,77.51000213623047,Consumer Defensive,Farm Products,Archer-Daniels-Midland Company,21.177595,1.5848447,3.66,0.07642,0.021559998,39.134,37356449792.0,0.2942455392302037,
ADMA,2026-08-07,10.0600004196167,Healthcare,Biotechnology,ADMA Biologics Inc,13.594595,5.9880958,0.74,0.43300998,0.32431,110.673,2253285888.0,-0.5098493669779609,
ADNT,2026-08-07,18.850000381469727,Consumer Cyclical,Auto Parts,Adient plc,31.416666,0.8628582,0.6,0.05791,0.00317,114.368,1453277184.0,-0.1516128402098637,
ADP,2026-08-07,273.510009765625,Technology,Software - Application,"Automatic Data Processing, Inc.",24.685019,18.040367,11.08,0.72239,0.20109,89.702,108655337472.0,-0.0992767277625663,
ADPT,2026-08-07,23.600000381469727,Healthcare,Diagnostics & Research,Adaptive Biotechnologies Corpor,,26.280624,-0.38,-0.38759,-0.20726,272.464,3753807104.0,0.7124430327942397,
ADSK,2026-08-07,242.47000122070312,Technology,Software - Application,"Autodesk, Inc.",35.089725,16.042742,6.91,0.50396,0.19488001,85.419,51196387328.0,-0.2557992123808074,
ADT,2026-08-07,7.650000095367432,Industrials,Security & Protection Services,ADT Inc.,10.625,1.5964108,0.72,0.17212999,0.118640006,223.863,5588777984.0,-0.0962322216175383,
ADUS,2026-08-07,118.77999877929688,Healthcare,Medical Care Facilities,Addus HomeCare Corporation,20.408934,1.8924559,5.82,0.09706,0.071329996,9.478,2217001984.0,0.0026917182679253,
AEBI,2026-08-07,12.93000030517578,Industrials,Farm & Heavy Construction Machinery,Aebi Schmidt Holding AG,117.545456,1.2246639,0.11,0.01402,0.00482,97.218,1002154240.0,0.0551278068003335,
AEE,2026-08-07,108.2699966430664,Utilities,Utilities - Regulated Electric,Ameren Corporation,19.196808,2.1896172,5.64,0.11943,0.18583,157.846,29973819392.0,0.1298165908150079,
AEG,2026-08-07,9.460000038146973,Financial Services,Insurance - Diversified,Aegon Ltd. New York Registry Sh,13.710145,1.6468127,0.69,0.10421,0.080129996,56.935,13987706880.0,0.2473879165685832,
AEHR,2026-08-07,99.73999786376952,Technology,Semiconductor Equipment & Materials,Aehr Test Systems,,14.758804,-0.23,-0.04163,-0.14252,4.502,3253563648.0,2.2056112589677874,
AEIS,2026-08-07,323.9100036621094,Industrials,Electrical Equipment & Parts,"Advanced Energy Industries, Inc",60.657303,8.890811,5.34,0.16267,0.10767,94.568,12972738560.0,0.9364296506095462,
AEM,2026-08-07,167.9199981689453,Basic Materials,Gold,Agnico Eagle Mines Limited,14.158516,2.9726667,11.86,0.22969,0.40438,1.12,85028790272.0,0.0170693548033866,
AEO,2026-08-07,17.719999313354492,Consumer Cyclical,Apparel Retail,"American Eagle Outfitters, Inc.",11.215189,1.8048482,1.58,0.17569,0.0496,114.064,2969399296.0,0.3641202080210062,
AEP,2026-08-07,125.26000213623048,Utilities,Utilities - Regulated Electric,American Electric Power Company,21.936953,2.1256087,5.71,0.10130999,0.13781999,160.789,68191215616.0,0.1783480426829555,
AER,2026-08-07,155.24000549316406,Industrials,Rental & Leasing Services,AerCap Holdings N.V.,7.6210113,1.3022616,20.37,0.18662001,0.37854,232.664,24401254400.0,0.2285627253385715,
AERO,2026-08-07,15.75,Industrials,Airlines,"Grupo Aeromexico, S.A.B. de C.V",1.1371841,-3.59179,13.85,,0.03782,,2297978624.0,,
AES,2026-08-07,14.699999809265137,Utilities,Utilities - Diversified,The AES Corporation,5.5056176,2.3717327,2.67,0.095740005,0.1434,256.886,10483418112.0,0.1381672272436183,
AESI,2026-08-07,11.06999969482422,Energy,Oil & Gas Equipment & Services,Atlas Energy Solutions Inc.,,1.2427032,-0.99,-0.09925,-0.110810004,86.857,1383788160.0,-0.0785653350381653,
AEVA,2026-08-07,25.26000022888184,Technology,Software - Infrastructure,"Aeva Technologies, Inc.",,-128.22336,-3.18,,-1.50116,371.853,1705939200.0,0.1847349242806442,
AFG,2026-08-07,146.72999572753906,Financial Services,Insurance - Property & Casualty,"American Financial Group, Inc.",12.826049,2.6060777,11.44,,0.11828,43.523,12166411264.0,0.0986127175014388,
AFGB,2026-08-07,20.57509994506836,,,"American Financial Group, Inc. ",,,,,,,,-0.0105647462828547,
AFGC,2026-08-07,17.84000015258789,,,"American Financial Group, Inc. ",,,,,,,,-0.0217052697896589,
AFGD,2026-08-07,19.57999992370605,,,"American Financial Group, Inc. ",,,,,,,,-0.0352373919164122,
AFGE,2026-08-07,16.149999618530273,,,"American Financial Group, Inc. ",,,,,,,,-0.0262629083023704,
AFL,2026-08-07,126.66000366210938,Financial Services,Insurance - Life,AFLAC Incorporated,14.344281,2.158266,8.83,0.16469,0.25596002,48.276,64468029440.0,0.2118003217724988,
AFRM,2026-08-07,76.58000183105469,Financial Services,Credit Services,"Affirm Holdings, Inc.",71.57009,6.777591,1.07,0.114870004,0.09629,240.279,25646532608.0,-0.1916119955196497,
AFYA,2026-08-07,13.90999984741211,Consumer Defensive,Education & Training Services,Afya Limited,8.3795185,1.3323394,1.66,0.16757,0.20073,66.887,1272105984.0,-0.018375567889439,
AG,2026-08-07,17.280000686645508,Basic Materials,Silver,First Majestic Silver Corp.,25.04348,2.870432,0.69,0.13430001,0.21183,9.812,8517422592.0,0.6463319459032859,
AGBK,2026-08-07,6.360000133514404,Financial Services,Banks - Regional,AGI Inc,6.4242425,1.1246154,0.99,,0.24001,340.783,1017155200.0,,
AGCO,2026-08-07,101.62999725341795,Industrials,Farm & Heavy Construction Machinery,AGCO Corporation,14.374823,1.7434639,7.07,0.118269995,0.05154,66.053,7117324288.0,-0.0487344772972591,
AGI,2026-08-07,31.100000381469727,Basic Materials,Gold,Alamos Gold Inc.,11.227437,2.7092953,2.77,0.27413,0.52639,4.502,13018599424.0,-0.084192640129789,
AGIO,2026-08-07,31.950000762939453,Healthcare,Biotechnology,"Agios Pharmaceuticals, Inc.",,1.8560474,-7.06,-0.34337002,0.0,3.038,1907475072.0,-0.2039246569453084,
AGL,2026-08-07,86.83000183105469,Healthcare,Medical Care Facilities,"agilon health, inc.",,11.365184,-18.19,-0.78942,-0.03923,14.7,1457980800.0,1.8628125190734863,
AGM,2026-08-07,236.9199981689453,Financial Services,Credit Services,Federal Agricultural Mortgage C,12.989036,2.0569544,18.24,0.13475999,0.56033003,1994.179,2571342592.0,0.1251206982087296,
AGNC,2026-08-07,10.609999656677246,Real Estate,REIT - Mortgage,AGNC Investment Corp.,5.305,1.1681162,2.0,0.19799,0.94377,717.093,12577957888.0,0.236843115686528,
AGNCL,2026-08-07,25.190000534057617,Real Estate,REIT - Mortgage,AGNC Investment Corp. - Deposit,,2.7733128,,0.19799,0.94377,717.093,,0.0802379862292703,
AGNCM,2026-08-07,25.14999961853028,Real Estate,REIT - Mortgage,AGNC Investment Corp. - Deposit,,2.7689087,-1.86,0.19799,0.94377,717.093,,0.0889483640523676,
AGNCN,2026-08-07,25.82999992370605,Real Estate,REIT - Mortgage,AGNC Investment Corp. - Deposit,,2.843774,-1.86,0.19799,0.94377,717.093,,0.1101855802012807,
AGNCO,2026-08-07,25.56999969482422,Real Estate,REIT - Mortgage,AGNC Investment Corp. - Deposit,,2.815149,-1.86,0.19799,0.94377,717.093,,0.1009690296274694,
AGNCP,2026-08-07,25.21999931335449,Real Estate,REIT - Mortgage,AGNC Investment Corp. - Deposit,,2.7766156,-1.86,0.19799,0.94377,717.093,,0.0914847926711188,
AGNCZ,2026-08-07,25.4950008392334,Real Estate,REIT - Mortgage,AGNC Investment Corp. - Deposit,,2.806892,,0.19799,0.94377,717.093,,,
AGO,2026-08-07,82.56999969482422,Financial Services,Insurance - Specialty,Assured Guaranty Ltd.,9.479908,0.66403425,8.71,0.07896,0.50983,30.643,3656402944.0,0.0158266104381632,
AGRO,2026-08-07,9.359999656677246,Consumer Defensive,Farm Products,Adecoagro S.A.,468.0,0.7690412,0.02,0.010930001,0.00914,116.268,1350727168.0,0.1888358877477602,
AGX,2026-08-07,590.8699951171875,Industrials,Engineering & Construction,"Argan, Inc.",52.89794,17.495337,11.17,0.38521,0.1548,2.023,8283552256.0,1.5114034850235272,
AGYS,2026-08-07,107.58000183105467,Technology,Software - Application,"Agilysys, Inc.",73.18367,8.942644,1.47,0.13802,0.12986,5.451,3034378752.0,-0.0362903132771108,
AHG,2026-08-07,1.3200000524520874,Healthcare,Medical Distribution,Akso Health Group,,6.2559247,-0.03,-0.09849,-1.34989,1.313,1130849536.0,-0.0818713348372758,
AHR,2026-08-07,54.709999084472656,Real Estate,REIT - Healthcare Facilities,"American Healthcare REIT, Inc.",94.32759,2.9847245,0.58,0.0349,0.04231,47.614,10543837184.0,0.3274901518927828,
AI,2026-08-07,9.859999656677246,Technology,Software - Infrastructure,"C3.ai, Inc.",,2.2322843,-3.33,-0.6305,-1.87946,8.976,1532729856.0,-0.4571259380241401,
AIG,2026-08-07,79.97000122070312,Financial Services,Insurance - Diversified,"American International Group, I",14.104056,1.054735,5.67,0.07723,0.118389994,22.647,42400591872.0,-0.0106262475673037,
AIN,2026-08-07,61.27000045776367,Consumer Cyclical,Textile Manufacturing,Albany International Corporatio,,2.3311646,-1.65,-0.061339997,-0.041840002,59.922,1737308672.0,0.1960736273858967,
AIP,2026-08-07,31.6200008392334,Technology,Semiconductors,"Arteris, Inc.",,564.6429,-0.81,,-0.44924,260.131,1459958144.0,2.171974407512119,
AIR,2026-08-07,146.39999389648438,Industrials,Aerospace & Defense,AAR Corp.,30.185566,3.3831718,4.85,0.12876001,0.056739997,59.397,5893894144.0,0.8509117962977977,
AIT,2026-08-07,358.9100036621094,Industrials,Industrial Distribution,Applied Industrial Technologies,33.891407,7.150029,10.59,0.21899,0.08344,19.639,13265148928.0,0.3166324370787621,
AIZ,2026-08-07,296.3999938964844,Financial Services,Insurance - Property & Casualty,"Assurant, Inc.",14.430379,2.4070554,20.54,0.18341999,0.07903,36.211,14685919232.0,0.3145348415750597,
AJG,2026-08-07,251.7400054931641,Financial Services,Insurance Brokers,Arthur J. Gallagher & Co.,41.67881,2.7208958,6.04,0.06722,0.10378,59.401,64531283968.0,-0.1668768758789439,
AKAM,2026-08-07,118.5500030517578,Technology,Software - Infrastructure,"Akamai Technologies, Inc.",41.30662,3.5150921,2.87,0.091680005,0.102,119.534,17235445760.0,0.4555794806400131,
AKR,2026-08-07,20.709999084472656,Real Estate,REIT - Retail,Acadia Realty Trust,60.911762,1.2171613,0.34,0.057150003,0.13208,63.176,3019374592.0,0.168338169693772,
AKTS,2026-08-07,23.440000534057617,Healthcare,Biotechnology,"Aktis Oncology, Inc.",,2.56007,-1.26,,0.0,2.287,1295703424.0,,
ALAB,2026-08-07,331.5,Technology,Semiconductors,"Astera Labs, Inc.",162.5,33.113575,2.04,0.25826,0.30742002,2.574,57510313984.0,0.7081779154735095,
ALB,2026-08-07,125.41999816894533,Basic Materials,Specialty Chemicals,Albemarle Corporation,432.48276,1.9415762,0.29,-0.0182,-0.042379998,19.845,14800193536.0,0.4040598997663984,
ALC,2026-08-07,69.54000091552734,Healthcare,Medical Instruments & Supplies,Alcon Inc.,42.145454,1.5323931,1.65,0.037100002,0.077020004,23.774,33914658816.0,-0.1319693099542839,
ALG,2026-08-07,166.1699981689453,Industrials,Farm & Heavy Construction Machinery,"Alamo Group, Inc.",20.117434,1.7028058,8.26,0.08771,0.0608,23.471,2022449280.0,-0.242098678330191,
ALGM,2026-08-07,42.45500183105469,Technology,Semiconductors,"Allegro MicroSystems, Inc.",606.5,8.203865,0.07,0.015269999,0.01501,31.472,7913699328.0,0.3452187840142546,
ALGN,2026-08-07,169.0800018310547,Healthcare,Medical Instruments & Supplies,"Align Technology, Inc.",30.301077,2.8561294,5.58,0.10155,0.09991,2.047,12011418624.0,0.1916032379673393,
ALGT,2026-08-07,97.16500091552734,Industrials,Airlines,Allegiant Travel Company,,1.680503,-1.8,,0.00898,169.13,2611552256.0,0.5652729344062621,
ALH,2026-08-07,27.540000915527344,Consumer Cyclical,"Furnishings, Fixtures & Appliances",Alliance Laundry Holdings Inc.,39.342857,12.691244,0.7,1.85114,0.080979995,449.291,5469682688.0,,
ALHC,2026-08-07,13.380000114440918,Healthcare,Healthcare Plans,"Alignment Healthcare, Inc.",70.42105,10.453125,0.19,0.20044,0.00889,124.655,2775482368.0,-0.092298299055466,
ALK,2026-08-07,50.68999862670898,Industrials,Airlines,"Alaska Air Group, Inc.",,1.5409636,-1.57,-0.04598,-0.011849999,207.52,5655329280.0,-0.2441860196628872,
ALKS,2026-08-07,48.369998931884766,Healthcare,Drug Manufacturers - Specialty & Generic,Alkermes plc,130.72972,4.480778,0.37,0.03852,0.03965,86.952,8114708992.0,0.6910598149680849,
ALKT,2026-08-07,19.690000534057617,Technology,Software - Application,"Alkami Technology, Inc.",,5.8065467,-0.45,-0.12765999,-0.09211001,98.754,2105687680.0,-0.2902343825960997,
ALL,2026-08-07,275.1099853515625,Financial Services,Insurance - Property & Casualty,Allstate Corporation (The),5.2997494,2.397431,51.91,0.45221,0.17813,23.719,69563744256.0,0.3176364268970184,
ALLE,2026-08-07,168.6999969482422,Industrials,Security & Protection Services,Allegion plc,22.11009,6.773196,7.63,0.3373,0.15357,104.895,14345705472.0,-0.0656824994728516,
ALLY,2026-08-07,44.060001373291016,Financial Services,Credit Services,Ally Financial Inc.,10.515513,0.9928343,4.19,0.09681,0.1841,,13403038720.0,0.0860667787598012,
ALM,2026-08-07,13.420000076293944,Basic Materials,Other Industrial Metals & Mining,Almonty Industries Inc.,,14.92364,-0.48,-0.70704,-2.65078,46.33,3807815680.0,1.4853934592512092,
ALMR,2026-08-07,28.100000381469727,Healthcare,Medical Devices,"Alamar Biosciences, Inc.",,-10.938108,-0.64,,-0.49894002,185.418,1947644288.0,,
ALMS,2026-08-07,27.799999237060547,Healthcare,Biotechnology,Alumis Inc.,,6.2373796,-1.82,-0.64572996,0.0,6.29,3544276992.0,5.088362244156047,
ALNT,2026-08-07,111.20999908447266,Technology,Electronic Components,Allient Inc.,65.41765,6.1924386,1.7,0.08236,0.042519998,64.744,1890849280.0,0.9305893956460868,
ALNY,2026-08-07,216.1199951171875,Healthcare,Biotechnology,"Alnylam Pharmaceuticals, Inc.",39.87454,21.345184,5.42,0.96555,0.16126,220.623,28918827008.0,-0.5397191557243268,
ALRM,2026-08-07,56.290000915527344,Technology,Software - Application,"Alarm.com Holdings, Inc.",23.356846,3.2331994,2.41,0.14837,0.12357,62.706,2784136192.0,-0.0661777417265867,
ALSN,2026-08-07,116.23999786376952,Consumer Cyclical,Auto Parts,"Allison Transmission Holdings, ",18.688103,4.876862,6.22,0.28349,0.120170005,207.883,9598871552.0,0.3228026240733193,
ALV,2026-08-07,120.56999969482422,Consumer Cyclical,Auto Parts,"Autoliv, Inc.",14.509025,3.5462806,8.31,0.25858,0.05804,87.525,8830211072.0,0.0149112218020983,
ALVO,2026-08-07,3.799999952316284,Healthcare,Drug Manufacturers - Specialty & Generic,Alvotech,,-4.20354,-0.29,,-0.14364,,1285235328.0,-0.4894671572042948,
ALX,2026-08-07,272.739990234375,Real Estate,REIT - Retail,"Alexander's, Inc.",8.381683,12.760961,32.54,0.92024004,0.79057,383.055,1392962176.0,0.1725801284277681,
AM,2026-08-07,21.489999771118164,Energy,Oil & Gas Midstream,Antero Midstream Corporation,25.583334,5.2440214,0.84,0.19822,0.3045,185.545,10200743936.0,0.292085434674995,
AMAL,2026-08-07,50.150001525878906,Financial Services,Banks - Regional,Amalgamated Financial Corp.,13.409091,1.7958175,3.74,0.14276,0.33972,,1499492480.0,0.7325780650769171,
AMAT,2026-08-07,527.47998046875,Technology,Semiconductor Equipment & Materials,"Applied Materials, Inc.",50.236187,17.516104,10.5,0.39692003,0.29314,30.399,418797715456.0,2.1720122160559736,
AMBA,2026-08-07,83.79000091552734,Technology,Semiconductor Equipment & Materials,"Ambarella, Inc.",,6.066464,-1.65,-0.11816,-0.17185,2.191,3675715072.0,0.0426769701721951,
AMBP,2026-08-07,5.019999980926514,Consumer Cyclical,Packaging & Containers,Ardagh Metal Packaging S.A.,100.4,-3.9589906,0.05,,0.00684,,3000485632.0,0.3452919462823289,
AMBQ,2026-08-07,65.23999786376953,Technology,Semiconductors,"Ambiq Micro, Inc.",,5.925522,-4.76,-0.24457,-0.46855998,0.911,1575248384.0,0.6013598997400318,
AMC,2026-08-07,2.569999933242798,Communication Services,Entertainment,"AMC Entertainment Holdings, Inc",,-1.5795944,-1.02,,-0.10593,,2293993728.0,0.0035587155398177,
AMCR,2026-08-07,47.060001373291016,Consumer Cyclical,Packaging & Containers,Amcor plc,38.260162,1.8666456,1.23,0.08737001,0.030550001,143.74,21757988864.0,0.0712955101651313,
AMD,2026-08-07,489.2799987792969,Technology,Semiconductors,"Advanced Micro Devices, Inc.",123.55556,11.878323,3.96,0.10196,0.15577,6.361,798737367040.0,1.927811471441493,
AME,2026-08-07,251.3800048828125,Industrials,Specialty Industrial Machinery,"AMETEK, Inc.",37.296738,5.2766585,6.74,0.14562,0.20044,20.522,57617051648.0,0.3161882264573599,
AMG,2026-08-07,372.1799926757813,Financial Services,Asset Management,"Affiliated Managers Group, Inc.",13.193194,3.2342105,28.21,0.24257,0.37719002,71.457,9830048768.0,0.6313883665276339,
AMGN,2026-08-07,404.8500061035156,Healthcare,Drug Manufacturers - General,Amgen Inc.,25.31895,18.725716,15.99,0.91473,0.22951001,490.281,218500907008.0,0.3678514262168029,
AMH,2026-08-07,34.54999923706055,Real Estate,REIT - Residential,American Homes 4 Rent,27.420635,1.8262063,1.26,0.07084,0.25530002,68.848,14163841024.0,-0.0288521472529331,
AMKR,2026-08-07,54.15999984741211,Technology,Semiconductor Equipment & Materials,"Amkor Technology, Inc.",24.178572,2.8880713,2.24,0.12514,0.07448,57.054,13424775168.0,1.079373499295695,
AMLX,2026-08-07,24.190000534057617,Healthcare,Drug Manufacturers - Specialty & Generic,"Amylyx Pharmaceuticals, Inc.",,9.833333,-1.64,-0.7473,0.0,,2695323648.0,1.1652451192057298,
AMN,2026-08-07,30.799999237060547,Healthcare,Medical Care Facilities,AMN Healthcare Services Inc,,1.6703726,-0.86,-0.045440003,-0.00949,108.994,1194610432.0,0.6183830585591807,
AMP,2026-08-07,559.8200073242188,Financial Services,Asset Management,"Ameriprise Financial, Inc.",13.551682,7.7780867,41.31,0.63432,0.199,67.578,49488089088.0,0.0710056186051875,
AMPL,2026-08-07,10.770000457763672,Technology,Software - Application,"Amplitude, Inc.",,5.885246,-0.72,-0.35355,-0.25111,4.67,1345346048.0,-0.2230971235915156,
AMR,2026-08-07,152.1199951171875,Basic Materials,Coking Coal,"Alpha Metallurgical Resources, ",,1.2788459,-3.13,-0.02476,-0.01827,0.805,1929717376.0,-0.0806354218274217,
AMRC,2026-08-07,25.549999237060547,Industrials,Engineering & Construction,"Ameresco, Inc.",48.20755,1.0962842,0.53,0.04315,0.0139999995,190.148,1355841664.0,-0.1714510640200098,
AMRX,2026-08-07,18.06999969482422,Healthcare,Drug Manufacturers - Specialty & Generic,"Amneal Pharmaceuticals, Inc.",38.446808,175.43689,0.47,6.1301703,0.050479997,2386.528,5770317824.0,0.916317875596782,
AMRZ,2026-08-07,51.220001220703125,Basic Materials,Building Materials,Amrize Ltd,25.356436,2.1652012,2.02,0.1008,0.097040005,54.233,28352147456.0,-0.050263899472201,
AMSC,2026-08-07,32.900001525878906,Industrials,Specialty Industrial Machinery,American Superconductor Corpora,10.716613,2.8213704,3.07,0.35561,0.44729,0.72,1593746560.0,-0.4114228468710234,
AMT,2026-08-07,171.1999969482422,Real Estate,REIT - Specialty,American Tower Corporation (REI,27.088606,21.445572,6.32,0.33914003,0.31083,438.721,79772360704.0,-0.1167189395266941,
AMTB,2026-08-07,29.190000534057617,Financial Services,Banks - Regional,Amerant Bancorp Inc.,20.85,1.2509108,1.4,0.06132,0.14406,,1143951872.0,0.3948655146844033,
AMTM,2026-08-07,23.84000015258789,Industrials,Specialty Business Services,"Amentum Holdings, Inc.",39.733334,1.2625781,0.6,0.028870001,0.01042,83.5,5824501248.0,-0.1102204375113619,
AMZN,2026-08-07,272.260009765625,Consumer Cyclical,Internet Retail,"Amazon.com, Inc.",21.921095,5.322152,12.42,0.30558002,0.1744,45.617,2936681791488.0,0.1859388059924263,
AN,2026-08-07,211.3300018310547,Consumer Cyclical,Auto & Truck Dealerships,"AutoNation, Inc.",10.00142,3.0989983,21.13,0.32766998,0.02822,501.585,6986740224.0,-0.0304911807501336,
ANAB,2026-08-07,54.77000045776367,Healthcare,Biotechnology,"AnaptysBio, Inc.",,124.76082,-1.01,-1.14553,-0.11527,2175.845,1621656448.0,2.9370389186374606,
ANDE,2026-08-07,67.94999694824219,Consumer Defensive,Food Distribution,"The Andersons, Inc.",13.455444,1.7365192,5.05,0.12159,0.016210001,66.35,2313972992.0,0.7556579821869507,
ANDG,2026-08-07,49.0,Consumer Cyclical,Personal Services,Andersen Group Inc.,,-0.7945903,-0.46,-1.44931,-0.06014,1563.708,5511801344.0,,
ANF,2026-08-07,110.4800033569336,Consumer Cyclical,Apparel Retail,Abercrombie & Fitch Company,10.5823765,3.6630087,10.44,0.39224,0.093439996,95.464,4908815872.0,0.0642574811789775,
ANIP,2026-08-07,82.62999725341797,Healthcare,Drug Manufacturers - Specialty & Generic,"ANI Pharmaceuticals, Inc.",20.402468,3.1369348,4.05,0.18324,0.099759996,112.077,1878561408.0,-0.1525133918313419,
ANL,2026-08-07,13.84000015258789,Healthcare,Biotechnology,Adlai Nortye Ltd.,,-66.53846,-1.18,-4.14007,0.0,,891267456.0,6.6923074318595495,
ANRO,2026-08-07,28.46999931335449,Healthcare,Biotechnology,"Alto Neuroscience, Inc.",,4.100533,-2.47,-0.38856,0.0,9.539,1106639616.0,6.35597804449992,
AON,2026-08-07,360.75,Financial Services,Insurance Brokers,Aon plc,19.843233,7.9681497,18.18,0.44699,0.22268,163.481,76524249088.0,-0.0149832003781085,
AORT,2026-08-07,26.56999969482422,Healthcare,Medical Devices,"Artivion, Inc.",102.19231,2.8603725,0.26,0.03139,0.02549,57.309,1289796864.0,-0.389255639942598,
AOS,2026-08-07,62.9900016784668,Industrials,Specialty Industrial Machinery,A.O. Smith Corporation,17.594973,4.6480227,3.58,0.27133,0.13149,36.766,8560881664.0,-0.1377383474170637,
APA,2026-08-07,36.52999877929688,Energy,Oil & Gas E&P,APA Corporation,8.081859,2.116209,4.52,0.26659,0.19564,47.117,12912267264.0,0.6632909948355459,
APAM,2026-08-07,43.04999923706055,Financial Services,Asset Management,Artisan Partners Asset Manageme,10.25,7.2768764,4.2,0.64552003,0.24084,57.111,3056396288.0,-0.0932676704731415,
APD,2026-08-07,299.9200134277344,Basic Materials,Specialty Chemicals,"Air Products and Chemicals, Inc",,4.8104963,-0.21,0.00023,-0.00375,110.091,66787848192.0,0.0293728946123168,
APG,2026-08-07,41.25,Industrials,Engineering & Construction,APi Group Corporation,,5.0800495,-0.6,0.10348,0.040999997,109.272,17826611200.0,0.1121076223595143,
APGE,2026-08-07,134.49000549316406,Healthcare,Biotechnology,"Apogee Therapeutics, Inc.",,7.97214,-4.34,-0.2847,0.0,0.641,10111458304.0,2.6868298123687024,
APH,2026-08-07,170.61000061035156,Technology,Electronic Components,Amphenol Corporation,43.083332,13.574952,3.96,0.38115,0.17729001,120.415,210359304192.0,0.4862702229440263,
APLD,2026-08-07,28.86000061035156,Technology,Information Technology Services,Applied Digital Corporation,,4.837412,-0.88,-0.08376,-0.39915,136.231,8308321280.0,0.7140175328074716,
APLE,2026-08-07,15.989999771118164,Real Estate,REIT - Hotel & Motel,"Apple Hospitality REIT, Inc.",22.521128,1.1966771,0.71,0.05529,0.12166,51.367,3774962432.0,0.3534294900510522,
APMD,2026-08-07,27.8799991607666,Healthcare,Biotechnology,"Apnimed, Inc.",9.140984,-0.5168131,3.05,,-0.26489002,,1110270336.0,,
APO,2026-08-07,127.98999786376952,Financial Services,Asset Management,"Apollo Global Management, Inc. ",46.03957,3.759657,2.78,0.11412,0.052670002,33.091,73788473344.0,-0.066789557777946,
APOS,2026-08-07,25.520000457763672,,,"Apollo Global Management, Inc. ",,,,,,,,0.0257506635826454,
APP,2026-08-07,335.6700134277344,Communication Services,Advertising Agencies,Applovin Corporation,32.1523,53.196518,10.44,2.66444,0.6429,162.888,112332144640.0,-0.1727783762179309,
APPF,2026-08-07,194.1100006103516,Technology,Software - Application,"AppFolio, Inc.",44.015873,13.066101,4.41,0.3209,0.15134,6.799,6874792448.0,-0.3503857550311424,
APPN,2026-08-07,30.40999984741211,Technology,Software - Infrastructure,Appian Corporation,1520.5,-37.917706,0.02,,-0.013350001,,2232462592.0,-0.1241066119868616,
APTV,2026-08-07,46.29999923706055,Consumer Cyclical,Auto Parts,Aptiv PLC,21.238531,1.0648574,2.18,0.05158,0.010720001,64.938,9798030336.0,-0.289953450428025,
AQN,2026-08-07,5.75,Utilities,Utilities - Diversified,Algonquin Power & Utilities Cor,22.115385,0.98933244,0.26,0.02671,0.06718,133.219,4425576960.0,0.0288362017150562,
AQNB,2026-08-07,25.56999969482422,,,Algonquin Power & Utilities Cor,,,,,,,,0.0699218821622933,
AR,2026-08-07,34.900001525878906,Energy,Oil & Gas E&P,Antero Resources Corporation,9.830986,1.2946064,3.55,0.14216,0.18746,55.493,10729621504.0,0.1322054919570179,
ARCB,2026-08-07,135.25,Industrials,Trucking,ArcBest Corporation,204.92424,2.3843944,0.66,0.01269,0.0038800002,36.27,3023020544.0,0.964722471472691,
ARCC,2026-08-07,19.6200008392334,Financial Services,Asset Management,Ares Capital Corporation,14.426471,1.0141108,1.36,0.06876,0.30908,114.117,14087609344.0,-0.0769972342695326,
ARCO,2026-08-07,8.34000015258789,Consumer Cyclical,Restaurants,Arcos Dorados Holdings Inc.,7.6513762,2.2656887,1.09,0.36284,0.048639998,278.651,1756929920.0,0.2074435045866516,
ARDT,2026-08-07,11.59000015258789,Healthcare,Medical Care Facilities,"Ardent Health, Inc.",20.333334,1.2408993,0.57,0.09956,0.012209999,130.144,1661426944.0,-0.1591804232375192,
ARDX,2026-08-07,4.869999885559082,Healthcare,Biotechnology,"Ardelyx, Inc.",,8.089701,-0.24,-0.39457,-0.13576001,157.533,1203033088.0,-0.2216981595360644,
ARE,2026-08-07,48.47999954223633,Real Estate,REIT - Office,Alexandria Real Estate Equities,,0.53214496,-5.86,-0.040760003,-0.36078998,68.67,8343179264.0,-0.3378920225646649,
ARES,2026-08-07,138.1699981689453,Financial Services,Asset Management,Ares Management Corporation,64.565414,12.142544,2.14,,0.10628,168.762,45574905856.0,-0.2588162789239798,
ARGX,2026-08-07,875.2999877929688,Healthcare,Biotechnology,argenx SE,33.11767,162.58636,26.43,0.23635,0.32265,0.558,54759636992.0,0.1988486277588264,
ARHS,2026-08-07,9.68000030517578,Consumer Cyclical,Specialty Retail,"Arhaus, Inc.",17.6,3.670838,0.55,0.17906,0.04674,160.917,1372156800.0,-0.3371456104626934,
ARLO,2026-08-07,15.470000267028809,Industrials,Building Products & Equipment,"Arlo Technologies, Inc.",57.296295,10.552525,0.27,0.23319,0.05465,5.165,1680193920.0,-0.1545088801814753,
ARLP,2026-08-07,25.31999969482422,Energy,Thermal Coal,"Alliance Resource Partners, L.P",12.351219,1.8414545,2.05,0.15168999,0.122530006,33.076,3257640704.0,0.2129467173624499,
ARM,2026-08-07,286.67999267578125,Technology,Semiconductors,Arm Holdings plc,278.3301,35.475803,1.03,0.13352999,0.20247999,5.62,306173837312.0,0.7329911551756323,
ARMK,2026-08-07,56.310001373291016,Industrials,Specialty Business Services,Aramark,42.338345,4.5112963,1.33,0.11224,0.01839,192.213,14806916096.0,0.4692269755822147,
AROC,2026-08-07,33.349998474121094,Energy,Oil & Gas Equipment & Services,"Archrock, Inc.",18.224043,3.8505943,1.83,0.22194,0.21837,151.872,5847528448.0,0.4749971768311041,
ARQT,2026-08-07,26.43000030517578,Healthcare,Biotechnology,"Arcutis Biotherapeutics, Inc.",,17.422544,-0.02,0.15864,0.06147,51.744,3322038528.0,0.7306700913733033,
ARR,2026-08-07,16.549999237060547,Real Estate,REIT - Mortgage,"ARMOUR Residential REIT, Inc.",3.7699316,0.8751057,4.39,0.20331,0.8782,756.724,2342702592.0,0.2572719557173544,
ARW,2026-08-07,222.2899932861328,Technology,Electronics & Computer Distribution,"Arrow Electronics, Inc.",16.2374,1.6843724,13.69,0.113299996,0.02168,36.178,11366563840.0,0.7143196721697591,
ARWR,2026-08-07,85.83000183105469,Healthcare,Biotechnology,"Arrowhead Pharmaceuticals, Inc.",,26.024864,-2.25,-0.55207,-0.4779,295.984,12089758720.0,2.842487466520751,
ARX,2026-08-07,12.289999961853027,Financial Services,Insurance Brokers,Accelerant Holdings,,3.9277725,-6.49,-2.43209,-1.5061301,16.766,2681694464.0,-0.4074812685038985,
ARXS,2026-08-07,57.59000015258789,Industrials,Aerospace & Defense,"Arxis, Inc.",822.7143,5.38174,0.07,,0.0723,40.097,24042348544.0,,
AS,2026-08-07,36.11000061035156,Consumer Cyclical,Leisure,"Amer Sports, Inc.",45.70886,3.0245414,0.79,0.07882,0.06498,14.817,21009594368.0,-0.0968972889842757,
ASAN,2026-08-07,8.680000305175781,Technology,Software - Application,"Asana, Inc.",,14.812286,-0.67,-0.87553,-0.20208,181.221,2060313600.0,-0.4301370220932367,
ASB,2026-08-07,31.15999984741211,Financial Services,Banks - Regional,Associated Banc-Corp,11.010601,1.0654085,2.83,0.096949995,0.32459998,,5880452608.0,0.1863903476120927,
ASBA,2026-08-07,24.75,,,,,,,,,,,0.0559183513127738,
ASH,2026-08-07,72.45999908447266,Basic Materials,Specialty Chemicals,Ashland Inc.,45.860756,1.7744148,1.58,0.0399,0.02823,78.93,3318187520.0,0.3217002621142064,
ASIC,2026-08-07,25.3799991607666,Financial Services,Insurance - Property & Casualty,Ategrity Specialty Insurance Co,11.3811655,1.8339475,2.23,0.18595,0.20669001,0.525,1219068672.0,0.0609541124257364,
ASM,2026-08-07,6.380000114440918,Basic Materials,Other Precious Metals & Mining,Avino Silver & Gold Mines Ltd.,29.0,3.9045289,0.22,0.18122,0.32740003,3.03,1118229120.0,0.1923937749172761,
ASML,2026-08-07,1704.3699951171875,Technology,Semiconductor Equipment & Materials,ASML Holding N.V. - New York Re,57.46359,1448.1976,29.66,0.53942,0.30114,9.092,654648541184.0,1.2080332774352285,
ASND,2026-08-07,249.8500061035156,Healthcare,Biotechnology,Ascendis Pharma A/S,27.978724,27.579144,8.93,3.32654,0.57281,183.753,16388369408.0,0.2555206583515026,
ASO,2026-08-07,47.34999847412109,Consumer Cyclical,Specialty Retail,"Academy Sports and Outdoors, In",8.455357,1.417792,5.6,0.18847999,0.0624,91.982,2936569856.0,-0.1041444525516586,
ASR,2026-08-07,277.6300048828125,Industrials,Airports & Air Services,Grupo Aeroportuario del Sureste,14.490084,3.4679935,19.16,0.22775999,0.26075,71.103,8337803264.0,-0.1377520625556596,
ASST,2026-08-07,12.3100004196167,Financial Services,Asset Management,"Strive, Inc.",,1.1910982,-0.51,-1.24441,0.0,1.221,1035270720.0,-0.9096747995392094,
ASTE,2026-08-07,44.18000030517578,Industrials,Farm & Heavy Construction Machinery,"Astec Industries, Inc.",53.878048,1.496866,0.82,0.02859,0.0126,53.026,1017260736.0,0.1029115230131054,
ASTH,2026-08-07,34.130001068115234,Healthcare,Medical Care Facilities,Astrana Health Inc.,58.84483,2.0874617,0.58,0.05659,0.00857,184.463,1692281984.0,0.1126408758430588,
ASTS,2026-08-07,67.36000061035156,Technology,Communication Equipment,"AST SpaceMobile, Inc.",,9.668437,-1.77,-0.37750998,0.0,112.424,26144071680.0,0.2051491867032464,
ASX,2026-08-07,37.25,Technology,Semiconductors,"ASE Technology Holding Co., Ltd",45.42683,6.8067656,0.82,0.17009,0.08545999,70.716,81905876992.0,2.584641213324862,
ATAI,2026-08-07,7.179999828338623,Healthcare,Biotechnology,AtaiBeckley Inc.,,13.2228365,-2.83,-3.77996,0.0,2.585,2656272640.0,0.5676855781536114,
ATAT,2026-08-07,35.439998626708984,Consumer Cyclical,Lodging,Atour Lifestyle Holdings Limite,18.174358,8.895736,1.95,0.52884996,0.17219,37.22,4897309696.0,-0.0960961624531244,
ATEC,2026-08-07,9.210000038146973,Healthcare,Medical Devices,"Alphatec Holdings, Inc.",,-263.14285,-0.68,-3.7344298,-0.13495,5236.9,1416399616.0,-0.4012578184801454,
ATHM,2026-08-07,22.709999084472656,Communication Services,Internet Content & Information,Autohome Inc.,16.698528,0.77421707,1.36,0.0435,0.18009001,0.234,2615531264.0,-0.1671906001053088,
ATHS,2026-08-07,24.851600646972656,,,Athene Holding Ltd. 7.250% Fixe,,,,,,,,0.0470077585691615,
ATI,2026-08-07,223.42999267578125,Industrials,Metal Fabrication,ATI Inc.,67.50151,17.221365,3.31,0.22674999,0.092609994,96.904,30491588608.0,1.417332992368736,
ATLC,2026-08-07,111.79000091552734,Financial Services,Credit Services,Atlanticus Holdings Corporation,16.635418,2.6009169,6.72,0.21402,0.21444,929.027,1690040960.0,0.5815592607242184,
ATMU,2026-08-07,54.5099983215332,Consumer Cyclical,Auto Parts,Atmus Filtration Technologies I,21.210117,11.034412,2.57,0.63128,0.11565,262.478,4451963904.0,0.1633101745606244,
ATO,2026-08-07,171.97999572753906,Utilities,Utilities - Regulated Gas,Atmos Energy Corporation,20.522673,1.9255012,8.38,0.096,0.27579,64.588,29062651904.0,0.0577614613766028,
ATR,2026-08-07,135.77999877929688,Healthcare,Medical Instruments & Supplies,"AptarGroup, Inc.",24.687273,3.2856624,5.5,0.13459,0.09217,52.78,8633044992.0,-0.0235640500590085,
ATRC,2026-08-07,39.4900016784668,Healthcare,Medical Instruments & Supplies,"AtriCure, Inc.",188.04764,3.889491,0.21,0.02151,0.01852,14.372,2008710144.0,0.0208163451778011,
ATRO,2026-08-07,76.04000091552734,Industrials,Aerospace & Defense,Astronics Corporation,76.04,20.223404,1.0,0.21179001,0.05116,234.45,3752452864.0,1.394032655721848,
ATS,2026-08-07,20.530000686645508,Industrials,Specialty Industrial Machinery,ATS Corporation,54.026318,1.5756704,0.38,0.026889998,0.01611,78.365,1991556608.0,-0.0173160012311068,
AU,2026-08-07,87.58999633789062,Basic Materials,Gold,AngloGold Ashanti PLC,11.868563,4.991736,7.38,0.44731,0.32195,16.676,44300324864.0,0.4557026167172733,
AUB,2026-08-07,42.43999862670898,Financial Services,Banks - Regional,Atlantic Union Bankshares Corpo,12.556212,1.168824,3.38,0.09759,0.32319,,6023261184.0,0.2242496926654777,
AUGO,2026-08-07,65.62999725341797,Basic Materials,Gold,Aura Minerals Inc.,59.12612,18.215376,1.11,1.00164,0.23183,96.664,5480104960.0,0.9024333188397538,
AUPH,2026-08-07,16.1299991607666,Healthcare,Biotechnology,Aurinia Pharmaceuticals Inc,7.467592,3.7157335,2.16,0.64983004,0.99973,12.092,2074344832.0,0.2410342283979241,
AUR,2026-08-07,6.78000020980835,Consumer Cyclical,Auto Parts,"Aurora Innovation, Inc.",,6.9396114,-0.44,-0.45639,0.0,4.199,13296957440.0,0.145648255445133,
AVA,2026-08-07,38.41999816894531,Utilities,Utilities - Diversified,Avista Corporation,14.021897,1.1406348,2.74,0.08306,0.11829001,119.709,3217783552.0,0.1471587287368767,
AVAH,2026-08-07,9.3100004196167,Healthcare,Medical Care Facilities,Aveanna Healthcare Holdings Inc,7.694215,8.410118,1.21,3.68009,0.103690006,623.924,2027300992.0,0.1737500429153442,
AVAL,2026-08-07,5.110000133514404,Financial Services,Banks - Regional,Grupo Aval Acciones y Valores S,12.166667,0.0065899687,0.42,0.09601,0.12109999,,6066458112.0,0.6331584635073482,
AVAV,2026-08-07,171.1199951171875,Industrials,Aerospace & Defense,"AeroVironment, Inc.",,1.9607887,-5.49,-0.10029,-0.13411,18.971,8660045824.0,-0.3811063130732951,
AVB,2026-08-07,186.5500030517578,Real Estate,REIT - Residential,"AvalonBay Communities, Inc.",26.05447,2.1602187,7.16,0.08487,0.33321998,75.129,26638960640.0,-0.0146447224264222,
AVBP,2026-08-07,31.01000022888184,Healthcare,Biotechnology,"ArriVent BioPharma, Inc.",,4.337063,-3.43,-0.5517,0.0,0.129,1444288512.0,0.5596233465447813,
AVEX,2026-08-07,21.489999771118164,Industrials,Aerospace & Defense,AEVEX Corp.,49.97674,5.01166,0.43,,0.052600004,77.757,1213547392.0,,
AVGO,2026-08-07,420.5650024414063,Technology,Semiconductors,Broadcom Inc.,69.40017,22.819588,6.06,0.37280998,0.38848,74.018,2000871751680.0,0.3185791721599165,
AVLN,2026-08-07,32.70000076293945,Healthcare,Biotechnology,Avalyn Pharma Inc.,,-0.15251297,-2.26,,0.0,15.195,1449692288.0,,
AVNT,2026-08-07,42.650001525878906,Basic Materials,Specialty Chemicals,Avient Corporation,21.984537,1.6258149,1.94,0.06732,0.0481,79.591,3911438848.0,0.0022011210549213,
AVO,2026-08-07,12.5600004196167,Consumer Defensive,Food Distribution,"Mission Produce, Inc.",38.060604,1.5365795,0.33,0.0398,0.0183,35.595,1110022016.0,0.0079935592298825,
AVPT,2026-08-07,12.789999961853027,Technology,Software - Infrastructure,"AvePoint, Inc.",67.31579,6.1757603,0.19,0.116969995,0.10505,5.015,2711699968.0,-0.2035452783096695,
AVT,2026-08-07,96.8000030517578,Technology,Electronics & Computer Distribution,"Avnet, Inc.",24.260653,1.5837957,3.99,0.06665,0.0121,69.205,7939931136.0,0.6660885271693608,
AVTR,2026-08-07,13.18000030517578,Healthcare,Medical Instruments & Supplies,"Avantor, Inc.",,1.5835637,-0.84,-0.09701,-0.08809,65.678,8914409472.0,0.0230140653152906,
AVY,2026-08-07,173.99000549316406,Consumer Cyclical,Packaging & Containers,Avery Dennison Corporation,19.204193,5.7227907,9.06,0.3116,0.076220006,158.352,13308562432.0,0.011185063068247,
AWI,2026-08-07,183.97000122070312,Industrials,Building Products & Equipment,Armstrong World Industries Inc,25.51595,8.805763,7.21,0.36618,0.18597001,65.589,7775091712.0,-0.1025813706761512,
AWK,2026-08-07,134.82000732421875,Utilities,Utilities - Regulated Water,"American Water Works Company, I",23.244827,2.2968416,5.8,0.10095,0.21347,137.745,26792644608.0,-0.0459230435620924,
AWR,2026-08-07,85.66999816894531,Utilities,Utilities - Regulated Water,American States Water Company,24.760115,3.2022576,3.46,0.1367,0.20521,81.811,3395583744.0,0.1726887466340716,
AX,2026-08-07,101.87999725341795,Financial Services,Banks - Regional,"Axos Financial, Inc.",12.245193,1.8906229,8.32,0.16795999,0.35961,,5780064768.0,0.1118298945293283,
AXGN,2026-08-07,44.34999847412109,Healthcare,Medical Devices,"AxoGen, Inc.",,9.286013,-0.66,-0.18205999,-0.13356,7.83,2384323072.0,1.6152416778618028,
AXIA,2026-08-07,10.220000267028809,Utilities,Utilities - Renewable,AXIA Energia,12.166667,1.2329898,0.84,0.07862,0.21893999,64.674,23290667008.0,0.3098488338284075,
AXON,2026-08-07,522.4600219726562,Industrials,Aerospace & Defense,"Axon Enterprise, Inc.",256.10785,11.911179,2.04,0.06765,0.06905,52.074,42443300864.0,-0.2937681150779276,
AXP,2026-08-07,342.6000061035156,Financial Services,Credit Services,American Express Company,21.187384,6.7460866,16.17,0.34377,0.16141,172.38,231361150976.0,0.0258594178649274,
AXS,2026-08-07,104.4499969482422,Financial Services,Insurance - Specialty,Axis Capital Holdings Limited,7.4235964,1.2832642,14.07,0.17422001,0.16228001,22.865,7700391424.0,0.0774151221144352,
AXSM,2026-08-07,210.1300048828125,Healthcare,Biotechnology,"Axsome Therapeutics, Inc.",,197.86252,-3.72,-3.49382,-0.26588,402.843,10813241344.0,0.7974110132525503,
AXTA,2026-08-07,37.540000915527344,Basic Materials,Specialty Chemicals,Axalta Coating Systems Ltd.,23.31677,3.1854053,1.61,0.14344,0.06777,119.424,8034311168.0,0.1455534584483249,
AXTI,2026-08-07,75.16999816894531,Technology,Semiconductor Equipment & Materials,AXT Inc,2505.6667,5.2078424,0.03,0.01012,0.0323,8.972,4917860864.0,19.837930454453748,
AYA,2026-08-07,25.200000762939453,Basic Materials,Silver,Aya Gold & Silver Inc.,42.0,7.862715,0.6,0.24129999,0.30453,21.387,3612413696.0,0.9788518645148648,
AYI,2026-08-07,357.0,Industrials,Electrical Equipment & Parts,Acuity Inc.,23.863636,3.7433941,14.96,0.17378001,0.10253,28.206,10686990336.0,0.0083099700149924,
AZN,2026-08-07,161.07000732421875,Healthcare,Drug Manufacturers - General,AstraZeneca PLC,24.148426,4.9671574,6.67,0.21965,0.17021999,64.225,249801195520.0,0.0726441997418327,
AZO,2026-08-07,3069.6201171875,Consumer Cyclical,Auto Parts,"AutoZone, Inc.",21.097046,-18.044807,145.5,,0.12399,,50112638976.0,-0.2815937591621137,
AZTA,2026-08-07,30.739999771118164,Healthcare,Medical Instruments & Supplies,"Azenta, Inc.",,0.89085954,-2.38,-0.07041,-0.20021999,3.574,1416892800.0,-0.078912956205428,
AZUL,2026-08-07,8.649999618530273,Industrials,Airlines,Azul S.A.,2.2010176,-2.1529653,3.93,,0.20682,,1583332992.0,,
AZZ,2026-08-07,150.85000610351562,Industrials,Specialty Business Services,AZZ Inc.,23.136503,3.2906506,6.52,0.15314999,0.118310004,39.448,4533268992.0,0.2906277058545046,
B,2026-08-07,41.369998931884766,Basic Materials,Gold,Barrick Mining Corporation,10.065693,2.5353925,4.11,0.25176,0.32141,12.852,69482504192.0,0.4027268136235935,
BA,2026-08-07,232.19000244140625,Industrials,Aerospace & Defense,Boeing Company (The),83.22222,30.092016,2.79,1.73537,0.025910001,790.875,183381917696.0,-0.0790011669710015,
BABA,2026-08-07,126.80999755859376,Consumer Cyclical,Internet Retail,Alibaba Group Holding Limited,19.721617,1.8801491,6.43,0.092159994,0.1012,25.014,303947546624.0,-0.0861278959388587,
BAC,2026-08-07,63.0,Financial Services,Banks - Diversified,Bank of America Corporation,14.583333,1.6013421,4.32,0.111990005,0.29524,,440543150080.0,0.2475264097875977,
BAH,2026-08-07,73.93000030517578,Industrials,Consulting Services,Booz Allen Hamilton Holding Cor,11.287023,7.3981786,6.55,0.68637,0.07013,346.09,8892667904.0,-0.3446815803787554,
BALL,2026-08-07,63.130001068115234,Consumer Cyclical,Packaging & Containers,Ball Corporation,18.193083,3.000618,3.47,0.17151,0.0661,131.495,16808142848.0,0.2509119822266585,
BAM,2026-08-07,53.16999816894531,Financial Services,Asset Management,Brookfield Asset Management Inc,33.86624,11.212568,1.57,0.22388001,0.49685,26.373,84901134336.0,-0.1717248313994049,
BANC,2026-08-07,19.0,Financial Services,Banks - Regional,"Banc of California, Inc.",,1.0334512,-0.42,-0.0065499996,-0.032420002,,3010217728.0,0.1595480586165618,
BAND,2026-08-07,44.68999862670898,Technology,Software - Infrastructure,Bandwidth Inc.,,3.802757,-0.33,0.0059399996,0.00273,146.605,1438159360.0,1.609333292643229,
BANF,2026-08-07,113.33000183105467,Financial Services,Banks - Regional,BancFirst Corporation,15.398098,2.0007062,7.36,,0.35307997,,3806345472.0,-0.1367198801785273,
BANR,2026-08-07,70.48999786376953,Financial Services,Banks - Regional,Banner Corporation,11.632013,1.198239,6.06,0.10782,0.31026,,2395596032.0,0.0762178817837235,
BAP,2026-08-07,392.5700073242188,Financial Services,Banks - Regional,Credicorp Ltd.,15.035235,2.6874018,26.11,0.19148001,0.32900003,,31189026816.0,0.6310802799310549,
BATRA,2026-08-07,52.59999847412109,Communication Services,Entertainment,"Atlanta Braves Holdings, Inc. -",,6.5626945,-0.99,-0.120340005,-0.08559,168.966,3375231232.0,0.1453530917596679,
BATRK,2026-08-07,48.810001373291016,Communication Services,Entertainment,"Atlanta Braves Holdings, Inc. -",,6.0326295,-0.98,-0.120340005,-0.08559,168.966,3132035072.0,0.130057855677059,
BAX,2026-08-07,27.01000022888184,Healthcare,Medical Instruments & Supplies,Baxter International Inc.,,2.2500834,-1.86,-0.14371,-0.09268,156.449,13964061696.0,0.0611709901790007,
BB,2026-08-07,8.779999732971191,Technology,Software - Infrastructure,BlackBerry Limited,87.799995,6.85402,0.1,0.08104,0.10305,29.453,5145961472.0,1.2193211930341437,
BBAI,2026-08-07,3.009999990463257,Technology,Information Technology Services,"BigBear.ai, Inc.",,1.8730553,-0.02,-0.16554001,-0.65199995,2.953,1443278464.0,-0.4497041681679512,
BBAR,2026-08-07,17.40999984741211,Financial Services,Banks - Regional,Banco BBVA Argentina S.A.,17.237623,1.3645153,1.01,0.07146,0.07131,,3555760640.0,0.5669190400080146,
BBD,2026-08-07,3.4100000858306885,Financial Services,Banks - Regional,Banco Bradesco Sa,8.525,1.0393938,0.4,0.13366,0.25358,,37140611072.0,0.2096754146098938,
BBDO,2026-08-07,3.150000095367432,Financial Services,Banks - Regional,Banco Bradesco Sa,7.875,0.94016635,0.4,0.13366,0.25358,,34308775936.0,0.3338058762052411,
BBIO,2026-08-07,82.80000305175781,Healthcare,Biotechnology,"BridgeBio Pharma, Inc.",,-7.11218,-3.78,,-1.24415,,16217312256.0,0.5473338279567055,
BBT,2026-08-07,31.600000381469727,Financial Services,Banks - Regional,Beacon Financial Corporation,25.28,1.0496596,1.25,0.084230006,0.21039,,2665925632.0,0.2481090790271432,
BBUC,2026-08-07,29.670000076293945,Industrials,Conglomerates,Brookfield Business Corporation,,1.1308888,-0.42,0.01983,-0.00204,295.887,6126636544.0,-0.0985125792656395,
BBVA,2026-08-07,28.13999938964844,Financial Services,Banks - Diversified,Banco Bilbao Vizcaya Argentaria,12.908257,2.396661,2.18,0.18924,0.32562,,155285110784.0,0.6189630752437749,
BBWI,2026-08-07,20.13999938964844,Consumer Cyclical,Specialty Retail,"Bath & Body Works, Inc.",5.906158,-3.5728223,3.41,,0.10035,,4059454720.0,-0.2886164400957002,
BBY,2026-08-07,80.0199966430664,Consumer Cyclical,Specialty Retail,"Best Buy Co., Inc.",15.659491,5.4688354,5.11,0.39104,0.027309999,134.09,16865584128.0,0.2367140378992467,
BC,2026-08-07,81.25,Consumer Cyclical,Recreational Vehicles,Brunswick Corporation,,3.298421,-1.27,-0.048270002,-0.01528,125.15,5264791040.0,0.2636947202329907,
BCAT,2026-08-07,15.960000038146973,Financial Services,Asset Management,,7.528302,,2.12,,0.0,,1672213376.0,0.269996817622242,
BCAX,2026-08-07,27.51000022888184,Healthcare,Biotechnology,Bicara Therapeutics Inc.,,3.508481,-2.94,-0.32339,0.0,0.28,1807513344.0,1.2696818537576329,
BCC,2026-08-07,84.26000213623047,Basic Materials,Lumber & Wood Production,"Boise Cascade, L.L.C.",28.562712,1.452909,2.95,0.0506,0.01637,27.115,2939945472.0,-0.112123578736684,
BCH,2026-08-07,42.15999984741211,Financial Services,Banks - Regional,Banco De Chile,16.091604,0.7496044,2.62,0.2158,0.45426,,21294401536.0,0.5268608612080024,
BCO,2026-08-07,112.8499984741211,Industrials,Security & Protection Services,Brinks Company (The),26.805225,17.7465,4.21,0.46236,0.033,1029.747,4648249856.0,0.0666187865185459,
BCPC,2026-08-07,180.4199981689453,Basic Materials,Specialty Chemicals,Balchem Corporation,35.16959,4.5106125,5.13,0.12793,0.15141,12.801,5751432192.0,0.0401065527436839,
BCRX,2026-08-07,9.300000190734863,Healthcare,Drug Manufacturers - Specialty & Generic,"BioCryst Pharmaceuticals, Inc.",,-16.636852,-1.44,,-0.40895998,,2376476416.0,0.080625642453401,
BCS,2026-08-07,28.18000030517578,Financial Services,Banks - Diversified,Barclays PLC,10.964981,1.0883527,2.57,0.10092,0.2787,,94953652224.0,0.4177150864581891,
BCX,2026-08-07,12.029999732971191,Financial Services,Asset Management,BlackRock Resources  of Benefic,4.281139,,2.81,,0.0,,917144192.0,0.275118037321854,
BDC,2026-08-07,129.19000244140625,Technology,Communication Equipment,Belden Inc,20.803543,3.6367989,6.21,0.18643999,0.08522,97.069,5048511488.0,-0.0456816128095441,
BDJ,2026-08-07,9.770000457763672,Financial Services,Asset Management,Blackrock Enhanced Equity Divid,6.262821,1.0035954,1.56,0.16715999,6.2733397,0.123,1728749696.0,0.1777938006107486,
BDX,2026-08-07,177.07000732421875,Healthcare,Medical Instruments & Supplies,"Becton, Dickinson and Company",29.759666,2.0217164,5.95,0.06607,0.0419,68.84,48789942272.0,0.1184454062328754,
BE,2026-08-07,228.9600067138672,Industrials,Electrical Equipment & Parts,Bloom Energy Corporation,301.26318,41.666973,0.76,0.22213,0.07868,171.578,67434987520.0,2.8876086682548507,
BEAM,2026-08-07,27.25,Healthcare,Biotechnology,Beam Therapeutics Inc.,,2.5503042,-0.69,-0.08184,-0.55449003,23.173,2814588928.0,0.5599021702735296,
BEKE,2026-08-07,16.920000076293945,Real Estate,Real Estate Services,KE Holdings Inc,38.454544,1.9909834,0.44,0.05084,0.03765,25.254,18681081856.0,-0.0179932354363417,
BEN,2026-08-07,34.0,Financial Services,Asset Management,"Franklin Resources, Inc.",23.776224,1.470016,1.43,0.07887,0.08717,24.805,17274613760.0,0.3898724597827065,
BEP,2026-08-07,32.72999954223633,Utilities,Utilities - Renewable,Brookfield Renewable Partners L,,2.6880748,-0.44,0.00399,-0.01258,105.23,15955654656.0,0.3244925704933621,
BEPC,2026-08-07,33.349998474121094,Utilities,Utilities - Renewable,Brookfield Renewable Corporatio,,-3.4660153,-21.29,-0.45463002,-1.02273,229.01,6189735424.0,0.0176433771015915,
BEPH,2026-08-07,15.079999923706056,,,Brookfield BRP Holdings (Canada,,,,,,,,0.0232718685088211,
BEPI,2026-08-07,16.065000534057617,,,Brookfield BRP Holdings (Canada,,,,,,,,0.0411831716377568,
BEPJ,2026-08-07,24.3799991607666,,,Brookfield BRP Holdings (Canada,,,,,,,,0.0569017973555412,
BETA,2026-08-07,22.71999931335449,Industrials,Aerospace & Defense,"Beta Technologies, Inc.",,3.0261054,-4.43,-0.73098,0.0,11.855,5435930112.0,,
BFAM,2026-08-07,73.97000122070312,Consumer Cyclical,Personal Services,Bright Horizons Family Solution,24.016235,4.040531,3.08,0.14942999,0.05781,217.779,3891315968.0,-0.3685191431939227,
BFC,2026-08-07,154.9499969482422,Financial Services,Banks - Regional,Bank First Corporation,20.281414,2.0953348,7.64,0.11324,0.37313998,,1717038720.0,0.1929670027403764,
BFH,2026-08-07,109.9499969482422,Financial Services,Credit Services,"Bread Financial Holdings, Inc.",9.177796,1.2645053,11.98,0.17424999,0.21364,,4442756608.0,0.647677998984985,
BFLY,2026-08-07,8.300000190734863,Healthcare,Medical Devices,"Butterfly Network, Inc.",,11.592178,-0.29,-0.35457,-0.66745,10.083,2210167040.0,3.416149112012972,
BFST,2026-08-07,31.709999084472656,Financial Services,Banks - Regional,"Business First Bancshares, Inc.",11.365591,1.1015006,2.79,0.100109994,0.27831,,1032156800.0,0.2936961134238491,
BG,2026-08-07,109.0,Consumer Defensive,Farm Products,Bunge Limited,22.99578,1.3125888,4.74,0.071779996,0.01097,97.995,20940984320.0,0.2855877271511868,
BGC,2026-08-07,10.510000228881836,Financial Services,Capital Markets,"BGC Group, Inc.",27.657896,4.4933734,0.38,0.15882,0.0629,139.261,4967925248.0,0.1817278417151748,
BGR,2026-08-07,16.0,Financial Services,Asset Management,BlackRock Energy and Resources ,10.0,1.127952,1.6,0.112110004,2.994,,407298752.0,0.3049006150441629,
BHC,2026-08-07,5.909999847412109,Healthcare,Drug Manufacturers - Specialty & Generic,Bausch Health Companies Inc.,,-1.247625,-2.76,,-0.101169996,,2210284032.0,-0.0714285989701859,
BHE,2026-08-07,82.37000274658203,Technology,Electronic Components,"Benchmark Electronics, Inc.",57.601402,2.650428,1.43,0.047810003,0.018860001,26.142,2958724864.0,0.9916765943050724,
BHF,2026-08-07,62.16999816894531,Financial Services,Insurance - Life,"Brighthouse Financial, Inc.",,0.6419006,-3.08,-0.010980001,-0.010670001,176.333,3571404288.0,0.3099873475705115,
BHP,2026-08-07,87.9000015258789,Basic Materials,Other Industrial Metals & Mining,BHP Group Limited,21.865673,4.426428,4.02,0.24712999,0.18972999,52.639,223296339968.0,0.5448056527835667,
BHRB,2026-08-07,73.76000213623047,Financial Services,Banks - Regional,Burke & Herbert Financial Servi,12.895105,1.2467884,5.72,0.09786,0.26976,,1487383168.0,0.1826231084051639,
BHVN,2026-08-07,14.420000076293944,Healthcare,Biotechnology,Biohaven Ltd.,,16.76744,-5.89,-3.33,0.0,220.985,2171089408.0,-0.1228070371124303,
BIDU,2026-08-07,109.33000183105467,Communication Services,Internet Content & Information,"Baidu, Inc.",,0.93403447,-0.15,0.00319,0.01023,32.2,37083262976.0,0.1658971359109744,
BIIB,2026-08-07,206.27999877929688,Healthcare,Drug Manufacturers - General,Biogen Inc.,36.770054,1.6164877,5.61,0.04575,0.083229996,44.329,30478694400.0,0.534941726475072,
BILI,2026-08-07,18.649999618530277,Communication Services,Internet Content & Information,Bilibili Inc.,37.3,3.376045,0.5,0.09361,0.04583,61.288,7805132288.0,-0.1788477990746817,
BILL,2026-08-07,47.0,Technology,Software - Application,"BILL Holdings, Inc.",inf,1.2307854,0.0,4.0000003e-05,0.0001,49.592,4681046016.0,-0.0277896844402091,
BIO,2026-08-07,342.42999267578125,Healthcare,Medical Devices,"Bio-Rad Laboratories, Inc.",42.37995,1.3408961,8.08,0.0311,0.085889995,19.103,9163973632.0,0.0926547792772247,
BIP,2026-08-07,38.93999862670898,Utilities,Utilities - Diversified,Brookfield Infrastructure Partn,63.836063,4.038581,0.61,0.07692,0.01273,205.362,30713937920.0,0.35869580192052,
BIPC,2026-08-07,39.630001068115234,Utilities,Utilities - Regulated Gas,Brookfield Infrastructure Corpo,,-3.1653354,-2.85,0.17157,-0.09413,719.455,4874120704.0,0.0831717175387667,
BIPH,2026-08-07,15.949999809265137,,,Brookfield Infrastructure Corpo,,,,,,,,0.0277087331286891,
BIPJ,2026-08-07,24.65999984741211,,,Brookfield Infrastructure Corpo,,,,,,,,0.0392288878661426,
BIRK,2026-08-07,37.20000076293945,Consumer Cyclical,Footwear & Accessories,Birkenstock Holding plc,16.986301,2.0767674,2.19,0.12504,0.16296,47.708,6841305088.0,-0.2572415034077986,
BJ,2026-08-07,97.18000030517578,Consumer Defensive,Discount Stores,"BJ's Wholesale Club Holdings, I",22.237988,5.8362865,4.37,0.27885,0.026010001,134.579,12409150464.0,0.0010237353993516,
BJRI,2026-08-07,69.88999938964844,Consumer Cyclical,Restaurants,"BJ's Restaurants, Inc.",35.841026,3.7246854,1.95,0.104399994,0.028570002,109.378,1486823296.0,1.014600650885536,
BKD,2026-08-07,14.359999656677246,Healthcare,Medical Care Facilities,Brookdale Senior Living Inc.,,-61.36752,-0.87,-4.3747,-0.068169996,,3429436672.0,0.8961039926133587,
BKE,2026-08-07,45.720001220703125,Consumer Cyclical,Apparel Retail,"Buckle, Inc. (The)",10.414579,5.0435743,4.39,0.48981997,0.16846001,89.539,2355407104.0,-0.1589339186517543,
BKH,2026-08-07,72.75,Utilities,Utilities - Regulated Gas,Black Hills Corporation,18.7018,1.4036001,3.89,0.07658,0.12614,115.59,5538320896.0,0.2253164905933216,
BKNG,2026-08-07,207.38999938964844,Consumer Cyclical,Travel Services,Booking Holdings Inc. Common St,22.992239,-14.578238,9.02,,0.25527,,160702038016.0,-0.131409524192976,
BKR,2026-08-07,62.75,Energy,Oil & Gas Equipment & Services,Baker Hughes Company,19.857594,3.1278038,3.16,0.16463,0.111669995,80.925,62290296832.0,0.3482526806751955,
BKSY,2026-08-07,27.790000915527344,Industrials,Specialty Business Services,BlackSky Technology Inc.,,12.643312,-2.75,-1.0269101,-0.89065003,261.005,1137212032.0,0.3126423654947152,
BKT,2026-08-07,10.460000038146973,Financial Services,Asset Management,BlackRock Income Trust Inc. (Th,11.010527,0.9085382,0.95,0.07943,2.0310202,22.928,338788448.0,-0.054266453205942,
BKU,2026-08-07,46.630001068115234,Financial Services,Banks - Regional,"BankUnited, Inc.",13.0616255,1.1221544,3.57,0.09187999,0.2619,,3370254592.0,0.2246465539454061,
BKV,2026-08-07,24.0,Energy,Oil & Gas E&P,BKV Corporation,6.818182,1.1842494,3.52,0.16610001,0.29939,55.93,2625278464.0,0.0493350341003013,
BL,2026-08-07,30.0,Technology,Software - Application,"BlackLine, Inc.",54.545452,5.5534987,0.55,0.070300005,0.047480002,202.88,1743758208.0,-0.4224756256135211,
BLBD,2026-08-07,66.01000213623047,Industrials,Farm & Heavy Construction Machinery,Blue Bird Corporation,18.914042,8.239921,3.49,0.54476,0.08908,29.531,2090935424.0,0.2740195267554075,
BLCO,2026-08-07,16.350000381469727,Healthcare,Medical Instruments & Supplies,Bausch + Lomb Corporation,,0.9036644,-0.47,-0.02517,-0.03212,79.376,5839651840.0,0.155844136372949,
BLDR,2026-08-07,72.51000213623047,Industrials,Building Products & Equipment,"Builders FirstSource, Inc.",82.39773,1.9478847,0.88,0.02506,0.0070999996,130.786,7801819136.0,-0.5209114079149416,
BLFS,2026-08-07,33.93000030517578,Healthcare,Medical Instruments & Supplies,"BioLife Solutions, Inc.",,4.397356,-0.24,-0.030940002,-0.02913,3.991,1657732096.0,0.2487026602526958,
BLK,2026-08-07,1129.300048828125,Financial Services,Asset Management,"BlackRock, Inc.",27.172762,3.0950751,41.56,,0.24089001,23.635,183626809344.0,-0.0123345469148761,
BLKB,2026-08-07,46.36000061035156,Technology,Software - Application,"Blackbaud, Inc.",14.4875,31.010035,3.2,1.94448,0.13124,1727.037,2104284928.0,-0.3584170315627747,
BLLN,2026-08-07,91.6500015258789,Healthcare,Diagnostics & Research,"BillionToOne, Inc.",277.72726,8.74356,0.33,0.106800005,0.08347999,26.811,4324692480.0,,
BLSH,2026-08-07,23.040000915527344,Technology,Software - Infrastructure,Bullish,,1.3144684,-7.23,-0.44641,0.0,18.759,3493978112.0,,
BLTE,2026-08-07,160.6699981689453,Healthcare,Biotechnology,"Belite Bio, Inc",,7.9429502,-2.58,-0.18927999,0.0,,6440471552.0,1.5164208104419217,
BLX,2026-08-07,57.790000915527344,Financial Services,Banks - Regional,"Bladex, Inc. Class E",9.745363,1.2364408,5.93,0.14736,0.71194,,2151533824.0,0.3036416872657521,
BLZE,2026-08-07,18.11000061035156,Technology,Software - Infrastructure,"Backblaze, Inc.",,12.637823,-0.34,-0.24292,-0.13069001,93.109,1121009024.0,0.6431137293689417,
BMA,2026-08-07,86.19999694824219,Financial Services,Banks - Regional,Banco Macro S.A.,23.109919,15.748347,3.73,0.10824,0.075780004,,5511544320.0,0.6484213843832565,
BMI,2026-08-07,137.1699981689453,Technology,Scientific & Technical Instruments,"Badger Meter, Inc.",32.659523,5.8226504,4.2,0.1848,0.14269,3.438,3976125952.0,-0.2594203977369025,
BMNP,2026-08-07,89.30999755859375,,,"BitMine Immersion Technologies,",,,,,,,,,
BMNR,2026-08-07,18.299999237060547,Financial Services,Capital Markets,"BitMine Immersion Technologies,",,0.914497,-4.47,-1.50905,0.0,0.011,11039042560.0,-0.6037350835823266,
BMO,2026-08-07,180.82000732421875,Financial Services,Banks - Diversified,Bank Of Montreal,19.526999,2.1124692,9.26,0.11367,0.28057,,126649344000.0,0.5055721391378845,
BMRN,2026-08-07,61.459999084472656,Healthcare,Biotechnology,BioMarin Pharmaceutical Inc.,42.979023,1.91214,1.43,0.044770002,0.08289,23.174,11879261184.0,0.0300326065943394,
BMY,2026-08-07,64.1500015258789,Healthcare,Drug Manufacturers - General,Bristol-Myers Squibb Company,14.037199,5.8718534,4.57,0.46598998,0.18871,201.859,131040149504.0,0.4507160488680293,
BN,2026-08-07,43.97999954223633,Financial Services,Asset Management,Brookfield Corporation,86.2353,2.3015335,0.51,0.02503,0.01689,161.473,98233532416.0,-0.0234758528679317,
BNH,2026-08-07,15.140000343322754,,,Brookfield Finance Inc. 4.625% ,,,,,,,,-0.0031738647920999,
BNJ,2026-08-07,15.329999923706056,,,Brookfield Finance Inc. 4.50% P,,,,,,,,0.0368422567582484,
BNL,2026-08-07,21.15999984741211,Real Estate,REIT - Diversified,"Broadstone Net Lease, Inc.",27.842106,1.4087882,0.76,0.04922,0.3061,89.326,4233323776.0,0.2264400447046717,
BNS,2026-08-07,88.31999969482422,Financial Services,Banks - Diversified,Bank Nova Scotia Halifax Pfd 3,17.149513,1.7417362,5.15,0.11038999,0.27905,,107862474752.0,0.4182965384467443,
BNT,2026-08-07,44.66999816894531,Financial Services,Insurance - Diversified,Brookfield Wealth Solutions Ltd,16.483395,0.8974745,2.71,0.03632,0.045250002,51.619,12256286720.0,-0.0114053378178966,
BNTX,2026-08-07,91.19000244140624,Healthcare,Biotechnology,BioNTech SE,,1.1257095,-7.64,-0.09300999,-0.63638,1.78,22907326464.0,-0.0941999816894531,
BNY,2026-08-07,158.82000732421875,Financial Services,Banks - Diversified,The Bank of New York Mellon Cor,18.51049,2.7000563,8.58,0.14124,0.29413998,,107760033792.0,0.506191778872475,
BOBS,2026-08-07,18.059999465942383,Consumer Cyclical,Specialty Retail,"Bob's Discount Furniture, Inc.",22.02439,4.990329,0.82,,0.04603,187.398,2359132416.0,,
BOH,2026-08-07,79.0199966430664,Financial Services,Banks - Regional,Bank of Hawaii Corporation,14.797751,2.0363355,5.34,0.13017,0.31353,,3117370112.0,0.2069985183149914,
BOKF,2026-08-07,144.47000122070312,Financial Services,Banks - Regional,BOK Financial Corporation,13.655009,1.4431702,10.58,0.1086,0.28529,,8777996288.0,0.2878576165864652,
BOOT,2026-08-07,164.0399932861328,Consumer Cyclical,Apparel Retail,"Boot Barn Holdings, Inc.",20.402985,3.763162,8.04,0.19174999,0.103520006,59.323,4967925760.0,-0.1618945721303293,
BORR,2026-08-07,3.880000114440918,Energy,Oil & Gas Drilling,Borr Drilling Limited,25.866667,0.997173,0.15,0.03029,0.0313,192.666,1197704448.0,0.3848797563378578,
BOW,2026-08-07,33.869998931884766,Financial Services,Insurance - Property & Casualty,Bowhead Specialty Holdings Inc.,18.308107,2.3542085,1.85,0.14101,0.10106,31.412,1115779456.0,-0.0151319807287778,
BOX,2026-08-07,31.850000381469727,Technology,Software - Infrastructure,"Box, Inc.",49.765625,229.13669,0.64,-5.75826,-0.1976,2048.842,4412264448.0,-0.0330984307600903,
BP,2026-08-07,42.22999954223633,Energy,Oil & Gas Integrated,BP p.l.c.,19.64186,7.7836146,2.15,0.08868,0.02549,95.123,108756705280.0,0.3333030399009495,
BPOP,2026-08-07,176.13999938964844,Financial Services,Banks - Regional,"Popular, Inc.",12.006817,1.7547495,14.67,0.15647,0.31645,,11249476608.0,0.4272687949107099,
BPOPM,2026-08-07,25.19499969482422,,,"Popular, Inc. - Popular Capital",,,,,,,,0.0619405751151791,
BPYPM,2026-08-07,16.389999389648438,Financial Services,Asset Management,Brookfield Property Partners L.,,,,,0.0,,,0.1234568570867036,
BPYPN,2026-08-07,13.899999618530272,Real Estate,Real Estate Services,Brookfield Property Partners L.,6.32969,0.7025879,2.196,-0.00546,-0.04542,128.063,,0.1453770945408767,
BPYPO,2026-08-07,15.289999961853027,Real Estate,Real Estate Services,Brookfield Property Partners L.,6.962659,0.7728467,2.196,-0.00546,-0.04542,128.063,,0.1234819644802371,
BPYPP,2026-08-07,16.099899291992188,Real Estate,Real Estate Services,Brookfield Property Partners L.,7.3314657,0.8137838,2.196,-0.00546,-0.04542,128.063,,0.1676631149109224,
BR,2026-08-07,164.75,Technology,Information Technology Services,"Broadridge Financial Solutions,",17.037228,6.7623034,9.67,0.40916002,0.15037,123.939,19054704640.0,-0.3853495555979838,
BRAI,2026-08-07,5.650000095367432,Technology,Computer Hardware,Braiin Limited,,-156.94446,-0.14,,0.0,,1164398464.0,,
BRBR,2026-08-07,12.109999656677246,Consumer Defensive,Packaged Foods,"BellRing Brands, Inc.",8.904411,-3.013937,1.36,,0.07279,,1408128896.0,-0.6981729458319483,
BRC,2026-08-07,98.23999786376952,Industrials,Security & Protection Services,Brady Corporation,22.327272,3.449317,4.4,0.16695999,0.12927,6.586,4628360704.0,0.2220000532071604,
BRKR,2026-08-07,51.27000045776367,Healthcare,Medical Devices,Bruker Corporation,,3.186649,-0.68,-0.029979998,-0.020350002,76.164,7811462144.0,0.8584861799230235,
BRKRP,2026-08-07,386.5700073242188,Healthcare,Medical Devices,Bruker Corporation - 6.375% Man,,23.942154,,-0.029979998,-0.020350002,76.164,,,
BRO,2026-08-07,71.18000030517578,Financial Services,Insurance Brokers,"Brown & Brown, Inc.",22.668789,1.8667716,3.14,0.10023,0.18084998,63.975,23817566208.0,-0.2685220703348416,
BROS,2026-08-07,53.33000183105469,Consumer Cyclical,Restaurants,Dutch Bros Inc.,102.5577,9.9533415,0.52,0.138,0.04612,126.055,11313285120.0,-0.0835305561332449,
BRSL,2026-08-07,11.06999969482422,Consumer Cyclical,Gambling,Brightstar Lottery PLC Trading ,11.903225,2.4075685,0.93,0.15182,0.10049,219.168,2033425536.0,-0.3644095020803679,
BRUN,2026-08-07,17.190000534057617,Technology,Software - Infrastructure,Boost Run Inc.,,34.65726,-0.36,,-0.60567003,4879.056,1055958912.0,0.9532164199290044,
BRX,2026-08-07,30.149999618530277,Real Estate,REIT - Retail,Brixmor Property Group Inc.,22.0073,3.0618463,1.37,0.14413,0.30822,176.202,9252200448.0,0.1754132847201535,
BRZE,2026-08-07,25.709999084472656,Technology,Software - Application,"Braze, Inc.",,4.94043,-1.1,-0.22813,-0.15511,13.968,2895760128.0,-0.1003610328547334,
BSAC,2026-08-07,35.70000076293945,Financial Services,Banks - Regional,Banco Santander - Chile,13.625955,1.4649159,2.62,0.23592,0.47153,,16818818048.0,0.5112442549449012,
BSBR,2026-08-07,5.789999961853027,Financial Services,Banks - Regional,Banco Santander Brasil SA,16.542858,0.43480322,0.35,0.11151,0.28664,,21676392448.0,0.1114566235825036,
BSM,2026-08-07,14.18000030517578,Energy,Oil & Gas E&P,"Black Stone Minerals, L.P.",12.119658,3.896675,1.17,,0.66946,17.417,3013240576.0,0.3124125247669937,
BSP,2026-08-07,45.150001525878906,Technology,Software - Application,Bending Spoons S.p.A.,237.63159,28.449905,0.19,,0.08461001,416.875,28680153088.0,,
BST,2026-08-07,48.310001373291016,Financial Services,Asset Management,BlackRock Science and Technolog,6.747207,,7.16,,0.0,,1677324160.0,0.2806385123161907,
BSX,2026-08-07,49.29999923706055,Healthcare,Medical Devices,Boston Scientific Corporation,19.333334,2.8609562,2.55,0.15338999,0.17499,50.151,71447019520.0,-0.5570616157133997,
BSY,2026-08-07,35.36000061035156,Technology,Software - Application,"Bentley Systems, Incorporated",41.11628,9.025013,0.86,0.24517,0.18100001,105.442,10742250496.0,-0.3588936077772039,
BTDR,2026-08-07,10.520000457763672,Technology,Software - Application,Bitdeer Technologies Group,,3.3631716,-1.56,-0.26135,-0.26959,277.856,2559659776.0,-0.263820819744809,
BTE,2026-08-07,4.139999866485596,Energy,Oil & Gas E&P,Baytex Energy Corp,,1.9169202,-0.25,-0.08772001,-0.42863998,6.942,2894688000.0,1.0601179649129835,
BTG,2026-08-07,4.090000152587891,Basic Materials,Gold,B2Gold Corp,10.763159,1.4861919,0.38,0.16541,0.14758,14.0,5449588224.0,-0.083953247174395,
BTI,2026-08-07,58.72999954223633,Consumer Defensive,Tobacco,British American Tobacco  Indus,15.175711,10.185789,3.87,0.13424,0.24992001,72.154,126655332352.0,0.1273643916276408,
BTSG,2026-08-07,60.59999847412109,Healthcare,Health Information Services,"BrightSpring Health Services, I",56.111107,6.1893573,1.08,0.13036,0.02547,116.007,11990573056.0,1.5204726778554254,
BTSGU,2026-08-07,204.4900054931641,Healthcare,Health Information Services,"BrightSpring Health Services, I",,20.885508,,0.13036,0.02547,116.007,,1.5029364190535013,
BTU,2026-08-07,23.520000457763672,Energy,Thermal Coal,Peabody Energy Corporation,,0.88328075,-1.54,-0.047709998,-0.04555,12.884,2865536512.0,0.2349608939325189,
BTZ,2026-08-07,10.149999618530272,Financial Services,Asset Management,BlackRock Credit Allocation Inc,9.144144,0.71483904,1.11,,-0.5595,51.415,947243200.0,-0.0106928942478957,
BUD,2026-08-07,83.97000122070312,Consumer Defensive,Beverages - Brewers,Anheuser-Busch Inbev SA Sponsor,18.334063,10.6025305,4.58,0.11392,0.14896,71.88,165373509632.0,0.4004137327956751,
BULL,2026-08-07,7.21999979019165,Technology,Software - Application,Webull Corporation,,3.7643378,-1.22,-0.012519999,-0.01654,7.514,3839730688.0,-0.4805003779609867,
BULLW,2026-08-07,2.430000066757202,,,Webull Corporation Warrants,,1.2669448,,-0.012519999,-0.01654,7.514,,-0.5985663010459312,
BURL,2026-08-07,371.1499938964844,Consumer Cyclical,Apparel Retail,"Burlington Stores, Inc.",38.027664,12.570277,9.76,0.39141,0.052389998,319.733,23319455744.0,0.2676483427510041,
BUSE,2026-08-07,31.09000015258789,Financial Services,Banks - Regional,First Busey Corporation,12.794238,1.0852795,2.43,0.09634,0.29509002,,2629504000.0,0.2999848303896146,
BUSEP,2026-08-07,26.040000915527344,Financial Services,Banks - Regional,First Busey Corporation - Depos,,0.90899575,,0.09634,0.29509002,,,0.0445151369644623,
BV,2026-08-07,10.9399995803833,Industrials,Specialty Business Services,"BrightView Holdings, Inc.",364.66666,0.8222472,0.03,0.011510001,0.00741,55.311,1019607936.0,-0.0944444231045092,
BVC,2026-08-07,10.739999771118164,Technology,Software - Application,BitVentures Limited,7.356164,6.165327,1.46,0.22775,5.2123103,,1804320000.0,14.768688914696083,
BVN,2026-08-07,32.560001373291016,Basic Materials,Other Precious Metals & Mining,Buenaventura Mining Company Inc,8.019705,1.9123695,4.06,0.27816,0.48223,15.216,8269812736.0,0.6279705150171109,
BVS,2026-08-07,13.979999542236328,Healthcare,Medical Devices,Bioventus Inc.,19.690142,5.0947523,0.71,0.25684,0.09361,89.561,1175604480.0,0.779729717103472,
BW,2026-08-07,9.380000114440918,Industrials,Specialty Industrial Machinery,"Babcock & Wilcox Enterprises, I",,-7.220939,-0.88,,-0.13939999,,1396114816.0,3.179372024712567,
BWA,2026-08-07,65.80000305175781,Consumer Cyclical,Auto Parts,BorgWarner Inc.,32.9,2.3763092,2.0,0.08056,0.02893,70.11,13401246720.0,0.5105529956874943,
BWIN,2026-08-07,28.600000381469727,Financial Services,Insurance Brokers,"The Baldwin Insurance Group, In",,3.1161473,-1.04,-0.10662,-0.04675,180.472,2769583360.0,-0.12409221015814,
BWLP,2026-08-07,21.57999992370605,Energy,Oil & Gas Midstream,BW LPG Limited,8.772358,1.7233669,2.46,0.20864001,0.1013,44.457,3276159232.0,0.5523061245876666,
BWNB,2026-08-07,25.149999618530277,,,"Babcock & Wilcox Enterprises, I",,,,,,,,0.2184247710271925,
BWXT,2026-08-07,166.6999969482422,Industrials,Aerospace & Defense,"BWX Technologies, Inc.",43.638744,16.115622,3.82,0.28289,0.10108,151.4,15273384960.0,0.0454193228234045,
BX,2026-08-07,133.4499969482422,Financial Services,Asset Management,Blackstone Inc.,30.398634,11.842221,4.39,0.31374002,0.22728,62.529,166092849152.0,-0.2322645672448247,
BXBL,2026-08-07,4.269999980926514,Consumer Cyclical,Residential Construction,"BOXABL, Inc.",,-16.679688,-0.15,-1.09459,0.0,13.368,1507845376.0,-0.5415415386747879,
BXDC,2026-08-07,19.790000915527344,Real Estate,REIT - Specialty,Blackstone Digital Infrastructu,,,,,0.0,,1990874112.0,,
BXMT,2026-08-07,13.84000015258789,Real Estate,REIT - Mortgage,"Blackstone Mortgage Trust, Inc.",173.0,0.72369796,0.08,0.00448,0.03835,484.696,2332643328.0,-0.1772315126213676,
BXP,2026-08-07,68.80999755859375,Real Estate,REIT - Office,"BXP, Inc.",37.60109,2.1292856,1.83,0.05308,0.09202,211.631,12272644096.0,0.0101141443383991,
BY,2026-08-07,39.310001373291016,Financial Services,Banks - Regional,"Byline Bancorp, Inc.",12.762988,1.3620929,3.08,0.11975,0.34405997,,1785038080.0,0.3735790337205016,
BYD,2026-08-07,84.12000274658203,Consumer Cyclical,Resorts & Casinos,Boyd Gaming Corporation,3.7403293,2.459649,22.49,0.93084997,0.44341,130.47,6111773696.0,-0.0003737956432589007,
BZ,2026-08-07,16.09000015258789,Communication Services,Internet Content & Information,KANZHUN LIMITED - American Depo,15.179246,2.4538772,1.06,0.18156,0.40103,0.602,7189947392.0,-0.3059050621207565,
C,2026-08-07,133.82000732421875,Financial Services,Banks - Diversified,"Citigroup, Inc.",14.83592,1.1662891,9.02,0.08529,0.21832001,,224469696512.0,0.3934740306888038,
CAAP,2026-08-07,26.139999389648438,Industrials,Airports & Air Services,Corporacion America Airports SA,14.937142,2.3632584,1.75,0.17448,0.13841,58.138,4266641408.0,0.19804742833809286,
CACC,2026-08-07,581.2999877929688,Financial Services,Credit Services,Credit Acceptance Corporation,13.033632,3.7960713,44.6,0.31932,0.38507,395.632,6080439296.0,0.10525905762559451,
CACI,2026-08-07,628.7899780273438,Technology,Information Technology Services,"CACI International, Inc.",21.46041,3.2453845,29.3,0.13449,0.0586,131.219,13890790400.0,0.03758442160722386,
CAG,2026-08-07,14.850000381469727,Consumer Defensive,Packaged Foods,"ConAgra Brands, Inc.",,1.117802,-3.96,-0.25064,-0.16985,117.577,7106699776.0,-0.181498935372426,
CAH,2026-08-07,237.66000366210938,Healthcare,Medical Distribution,"Cardinal Health, Inc.",36.506912,-19.721186,6.51,,0.0062,,55661363200.0,0.5621878978268067,
CAI,2026-08-07,20.0,Healthcare,Biotechnology,"Caris Life Sciences, Inc.",,9.52381,-3.36,0.28350002,0.03746,72.614,5651904000.0,-0.5918207781863305,
CAKE,2026-08-07,107.30999755859375,Consumer Cyclical,Restaurants,The Cheesecake Factory Incorpor,29.081299,10.292538,3.69,0.38834,0.04607,400.999,5339813376.0,0.6757709472124769,
CALM,2026-08-07,84.8499984741211,Consumer Defensive,Farm Products,"Cal-Maine Foods, Inc.",12.797888,1.5141511,6.63,0.122200005,0.10876001,,3980914176.0,-0.21864728425687185,
CALX,2026-08-07,37.47999954223633,Technology,Software - Infrastructure,"Calix, Inc",50.648647,3.3235788,0.74,0.06905,0.04607,1.969,2359890176.0,-0.39613118477437237,
CALY,2026-08-07,17.3799991607666,Consumer Cyclical,Leisure,Callaway Golf Company,44.564102,1.4394566,0.39,0.03466,-0.12367,12.643,3124186368.0,0.9309621625741304,
CAMT,2026-08-07,149.6699981689453,Technology,Semiconductor Equipment & Materials,Camtek Ltd.,151.18181,10.097146,0.99,0.07565,0.09629,71.471,6983081472.0,0.6014993130224109,
CAR,2026-08-07,138.35000610351562,Industrials,Rental & Leasing Services,"Avis Budget Group, Inc.",,-1.4414912,-17.98,,-0.05431,,4887318016.0,-0.1313909741989232,
CARG,2026-08-07,36.380001068115234,Consumer Cyclical,Auto & Truck Dealerships,"CarGurus, Inc.",19.14737,13.7907505,1.9,0.5848,0.15889,79.28,3281006592.0,0.047398938632102317,
CARR,2026-08-07,63.959999084472656,Industrials,Building Products & Equipment,Carrier Global Corporation,45.685715,4.013806,1.4,0.08966,0.055180002,91.998,53123923968.0,-0.03741311950436088,
CART,2026-08-07,45.029998779296875,Consumer Cyclical,Internet Retail,Maplebear Inc.,25.156424,4.4504843,1.79,0.16283001,0.12552,1.311,10583392256.0,0.028360608082285577,
CASH,2026-08-07,88.62999725341797,Financial Services,Banks - Regional,"Pathward Financial, Inc.",11.190656,2.1898549,7.92,0.21176,0.23382999,,1870982272.0,0.11314804787526977,
CASY,2026-08-07,832.4199829101562,Consumer Cyclical,Specialty Retail,"Caseys General Stores, Inc.",44.657726,7.7738137,18.64,0.19153,0.04068,73.514,30803628032.0,0.7674365664790608,
CAT,2026-08-07,856.9600219726562,Industrials,Farm & Heavy Construction Machinery,"Caterpillar, Inc.",37.454548,21.15376,22.88,0.56972003,0.14511,232.783,393923002368.0,0.9619715585816151,
CATY,2026-08-07,63.709999084472656,Financial Services,Banks - Regional,Cathay General Bancorp,12.541339,1.3974249,5.08,0.117060006,0.4367,,4257444096.0,0.2928661831189545,
CAVA,2026-08-07,62.22999954223633,Consumer Cyclical,Restaurants,"CAVA Group, Inc.",119.67308,8.943662,0.52,0.0802,0.0479,61.544,7248167936.0,-0.03434492361231434,
CB,2026-08-07,354.0299987792969,Financial Services,Insurance - Property & Casualty,Chubb Limited,12.50106,1.8113585,28.32,0.14822,0.18070999,30.941,136584724480.0,0.28262840619349605,
CBC,2026-08-07,33.310001373291016,Financial Services,Banks - Regional,"Central Bancompany, Inc.",18.60894,2.0636888,1.79,0.12205,0.40102002,,7986677760.0,,
CBL,2026-08-07,54.310001373291016,Real Estate,REIT - Retail,"CBL & Associates Properties, In",10.208647,4.222844,5.32,0.51415,0.2981,536.617,1680609792.0,0.9508028751591158,
CBOE,2026-08-07,289.1700134277344,Financial Services,Financial Data & Stock Exchanges,"Cboe Global Markets, Inc.",22.521029,5.374208,12.84,0.26297,0.26734,28.09,30198319104.0,0.32082186644124633,
CBRE,2026-08-07,147.4499969482422,Real Estate,Real Estate Services,CBRE Group Inc,34.612675,5.089045,4.26,0.15798001,0.029760001,117.789,42697875456.0,-0.09443620786891216,
CBRL,2026-08-07,58.220001220703125,Consumer Cyclical,Restaurants,Cracker Barrel Old Country Stor,51.07018,2.7956781,1.14,0.056110002,0.00786,246.663,1301302016.0,-0.03211084862421365,
CBRS,2026-08-07,211.3000030517578,Technology,Semiconductors,Cerebras Systems Inc.,480.2273,-65.25633,0.44,0.18792999,0.41015998,49.465,47088324608.0,,
CBSH,2026-08-07,59.130001068115234,Financial Services,Banks - Regional,"Commerce Bancshares, Inc.",14.636139,1.9525162,4.04,0.14694001,0.3164,,8508460032.0,0.02518024298789645,
CBT,2026-08-07,87.55000305175781,Basic Materials,Specialty Chemicals,Cabot Corporation,23.726288,2.8163805,3.69,0.13345,0.05228,74.394,4519455232.0,0.09928997056384525,
CBU,2026-08-07,65.31999969482422,Financial Services,Banks - Regional,"Community Financial System, Inc",15.155453,1.6575314,4.31,0.1153,0.2721,,3435701248.0,0.11626337440664503,
CBZ,2026-08-07,54.4900016784668,Industrials,Specialty Business Services,"CBIZ, Inc.",26.323673,1.5301023,2.07,0.064959995,0.04413,102.081,2957412352.0,-0.14657575070155793,
CC,2026-08-07,15.109999656677246,Basic Materials,Specialty Chemicals,Chemours Company (The),,-46.349693,-2.02,-3.19372,-0.05244,,2274039808.0,0.09578952553981956,
CCC,2026-08-07,6.5,Technology,Software - Application,CCC Intelligent Solutions Holdi,92.85714,2.1558871,0.07,0.02167,0.03808,77.826,3828465408.0,-0.3848484457323651,
CCEC,2026-08-07,22.75,Industrials,Marine Shipping,Capital Clean Energy Carriers C,13.787879,0.8864903,1.65,0.06587,0.28006,189.423,1367580800.0,0.0787125563900759,
CCEP,2026-08-07,108.25,Consumer Defensive,Beverages - Non-Alcoholic,Coca-Cola Europacific Partners ,21.267189,5.025476,5.09,0.23544,0.09349,139.064,47861473280.0,0.2647169219876462,
CCI,2026-08-07,74.91999816894531,Real Estate,REIT - Specialty,Crown Castle Inc.,30.088352,-9.760291,2.49,,0.20716,,31875119104.0,-0.19335821948286913,
CCJ,2026-08-07,93.62000274658203,Energy,Uranium,Cameco Corporation,161.4138,8.008597,0.58,0.051149998,0.102139995,17.131,40774598656.0,0.11833809925967631,
CCK,2026-08-07,121.0999984741211,Consumer Cyclical,Packaging & Containers,"Crown Holdings, Inc.",17.576197,4.541193,6.89,0.27367002,0.05914,186.334,13170897920.0,0.1971016788336144,
CCL,2026-08-07,28.790000915527344,Consumer Cyclical,Travel Services,Carnival Corporation Ltd.,13.3906975,3.0459163,2.15,0.26689,0.11237001,201.556,39432200192.0,-0.11854268519056455,
CCNE,2026-08-07,35.13999938964844,Financial Services,Banks - Regional,CNB Financial Corporation,11.191082,1.2094303,3.14,0.124180004,0.29163998,,1040877824.0,0.36045121791103396,
CCO,2026-08-07,2.4100000858306885,Communication Services,Advertising Agencies,"Clear Channel Outdoor Holdings,",,-0.351979,-0.24,,-0.06313,,1226916224.0,0.9516129497434789,
CCS,2026-08-07,68.91000366210938,Real Estate,Real Estate - Development,"Century Communities, Inc.",15.661365,0.7636304,4.4,0.052210003,0.03407,66.068,1959291904.0,0.03505487458296419,
CCU,2026-08-07,11.949999809265137,Consumer Defensive,Beverages - Brewers,"Compania Cervecerias Unidas, S.",19.274193,0.0029821915,0.62,0.07943,0.03529,83.148,2212414976.0,-0.05835881042255431,
CDE,2026-08-07,15.649999618530273,Basic Materials,Gold,"Coeur Mining, Inc.",14.099098,1.5548933,1.11,0.12146,0.31146,7.426,16087182336.0,0.13511359327139072,
CDLR,2026-08-07,23.020000457763672,Industrials,Engineering & Construction,Cadeler A/S,6.5028253,1.0447199,3.54,0.18666,0.39925998,94.814,2220762880.0,0.0850453298300573,
CDNA,2026-08-07,44.810001373291016,Healthcare,Diagnostics & Research,"CareDx, Inc.",21.858538,5.420346,2.05,0.29487,0.24234,4.522,2318210560.0,2.1998535558368637,
CDNL,2026-08-07,62.619998931884766,Industrials,Engineering & Construction,Cardinal Infrastructure Group I,47.082703,13.601215,1.33,0.25185,0.03808,86.936,1245892736.0,,
CDNS,2026-08-07,338.4200134277344,Technology,Software - Application,"Cadence Design Systems, Inc.",67.14683,13.590074,5.04,0.23229,0.23605,38.661,93341655040.0,-0.029706371827997957,
CDP,2026-08-07,37.209999084472656,Real Estate,REIT - Office,COPT Defense Properties,25.840277,2.7485595,1.44,0.10825,0.20839001,164.15,4310572032.0,0.37351219889246523,
CDRE,2026-08-07,35.02000045776367,Industrials,Aerospace & Defense,"Cadre Holdings, Inc.",36.86316,4.645795,0.95,0.112799995,0.058000002,115.941,1499582208.0,0.012096595690245682,
CDW,2026-08-07,141.97000122070312,Technology,Information Technology Services,CDW Corporation,16.841043,7.049156,8.43,0.44009998,0.04597,263.278,17748723712.0,-0.08896137539908411,
CDZIP,2026-08-07,22.329999923706055,Utilities,Utilities - Regulated Water,"Cadiz, Inc. - Depositary Shares",,120.05376,-0.834,-1.11301,-2.2142599,753.043,,0.32072154582338097,
CE,2026-08-07,43.95000076293945,Basic Materials,Chemicals,Celanese Corporation,,1.1580722,-10.05,-0.22192,-0.12006,268.614,4823465472.0,-0.05884419501983218,
CECO,2026-08-07,68.61000061035156,Industrials,Pollution & Treatment Controls,CECO Environmental Corp.,180.55264,7.876248,0.38,0.05407,0.01701,88.705,4007032064.0,0.4452730679780055,
CEG,2026-08-07,261.1000061035156,Utilities,Utilities - Independent Power Producers,Constellation Energy Corporatio,23.045013,2.825666,11.33,0.15055001,0.110810004,76.419,93239336960.0,-0.14340792198675267,
CELC,2026-08-07,93.25,Healthcare,Biotechnology,Celcuity Inc.,,84.23668,-3.92,-2.75172,0.0,604.28,4547456512.0,0.6861213746879384,
CELH,2026-08-07,23.770000457763672,Consumer Defensive,Beverages - Non-Alcoholic,"Celsius Holdings, Inc.",67.91429,4.8758974,0.35,0.081190005,0.058509998,22.449,6076571136.0,-0.5354643990411083,
CENT,2026-08-07,46.540000915527344,Consumer Defensive,Packaged Foods,Central Garden & Pet Company,16.048275,1.848072,2.9,0.10752,0.05422,85.846,2912044032.0,0.1817183331438026,
CENTA,2026-08-07,40.599998474121094,Consumer Defensive,Packaged Foods,Central Garden & Pet Company,13.999999,1.6121986,2.9,0.10752,0.05422,85.846,2540373504.0,0.14774451251793597,
CENX,2026-08-07,45.95000076293945,Basic Materials,Aluminum,Century Aluminum Company,13.966566,3.9516683,3.29,0.32259998,0.13676,42.499,4547857408.0,1.0049261357244692,
CEPU,2026-08-07,13.819999694824219,Utilities,Utilities - Regulated Electric,Central Puerto S.A.,7.087179,1.1662977,1.95,0.19266,0.3667,27.327,2072809728.0,0.42883893191337075,
CERT,2026-08-07,8.130000114440918,Healthcare,Health Information Services,"Certara, Inc.",,1.2256898,-0.14,-0.022090001,-0.16219,31.241,1240140288.0,-0.25276750300266637,
CET,2026-08-07,55.34000015258789,Financial Services,Asset Management,11017,6.0480876,0.8910285,9.15,0.1241,5.03504,0.141,1635256320.0,0.1295964473406661,
CF,2026-08-07,116.7300033569336,Basic Materials,Agricultural Inputs,"CF Industries Holdings, Inc.",8.659496,3.3566253,13.48,0.273,0.23733999,43.847,17696268288.0,0.4674582587109437,
CFFN,2026-08-07,8.989999771118164,Financial Services,Banks - Regional,"Capitol Federal Financial, Inc.",13.83077,1.084439,0.65,0.080129996,0.36703998,,1109186560.0,0.4227233773267205,
CFG,2026-08-07,72.43000030517578,Financial Services,Banks - Regional,"Citizens Financial Group, Inc.",16.024336,1.271795,4.52,0.08270001,0.26051,,30505836544.0,0.41173397800046363,
CFR,2026-08-07,164.75999450683594,Financial Services,Banks - Regional,"Cullen/Frost Bankers, Inc.",15.691428,2.2870626,10.5,0.15498,0.30192,,10239633408.0,0.31863479228878777,
CG,2026-08-07,48.880001068115234,Financial Services,Asset Management,The Carlyle Group Inc.,33.47945,3.2551947,1.46,0.077659994,0.13012,197.617,17595549696.0,-0.27243866063792466,
CGABL,2026-08-07,16.020000457763672,,,The Carlyle Group Inc. - 4.625%,,,,,,,,-0.050786454296399164,
CGAU,2026-08-07,19.809999465942383,Basic Materials,Gold,Centerra Gold Inc.,6.329073,1.7927601,3.13,0.32884997,0.36918,2.111,3934168064.0,1.1163094051140776,
CGEM,2026-08-07,17.950000762939453,Healthcare,Biotechnology,"Cullinan Therapeutics, Inc.",,3.0122504,-3.43,,0.0,0.651,1155166848.0,1.1883289235382128,
CGNX,2026-08-07,67.37999725341797,Technology,Scientific & Technical Instruments,Cognex Corporation,83.18518,7.541974,0.81,0.111490004,0.16051,4.448,11334922240.0,0.4922724960052116,
CGON,2026-08-07,74.8499984741211,Healthcare,Biotechnology,"CG Oncology, Inc.",,6.0338573,-2.42,,0.0,0.694,6601954816.0,1.6543625373397992,
CHA,2026-08-07,10.15999984741211,Consumer Cyclical,Restaurants,Chagee Holdings Limited,14.941176,1.6749992,0.68,0.15343,0.07217,16.766,1938155392.0,-0.37165425899447035,
CHCO,2026-08-07,145.24000549316406,Financial Services,Banks - Regional,City Holding Company,15.907996,2.5229294,9.13,0.16755,0.41118,,2039919104.0,0.1609792805158694,
CHD,2026-08-07,103.36000061035156,Consumer Defensive,Household & Personal Products,"Church & Dwight Company, Inc.",33.23473,5.637306,3.11,0.17041,0.119569995,55.851,24517396480.0,0.07111861438966027,
CHDN,2026-08-07,86.87999725341797,Consumer Cyclical,Gambling,"Churchill Downs, Incorporated",14.650928,4.5351567,5.93,0.33848,0.13804,349.173,6055556608.0,-0.18415848163605852,
CHE,2026-08-07,549.4099731445312,Healthcare,Medical Care Facilities,Chemed Corp,27.470499,8.609957,20.0,0.27106002,0.10597,35.495,7180766720.0,0.16691205978608714,
CHEF,2026-08-07,109.13999938964844,Consumer Defensive,Food Distribution,"The Chefs' Warehouse, Inc.",51.72512,6.866742,2.11,0.15252,0.02094,146.029,4452484608.0,0.8268926130688605,
CHH,2026-08-07,109.7300033569336,Consumer Cyclical,Lodging,"Choice Hotels International, In",15.834056,34.968132,6.93,5.66362,0.32631,1481.726,4938796544.0,-0.05722129506309481,
CHKP,2026-08-07,125.27999877929688,Technology,Software - Infrastructure,Check Point Software Technologi,12.849231,4.7097745,9.75,0.37639,0.37932,72.153,12791166976.0,-0.34177281943063087,
CHRD,2026-08-07,132.5,Energy,Oil & Gas E&P,Chord Energy Corporation,,0.930824,-1.05,0.10312,0.14236,17.982,7459641856.0,0.3208627813347169,
CHRN,2026-08-07,20.25,Technology,Information Technology Services,ChronoScale Holdings Corporatio,,0.7327134,-0.44,,-0.75702006,142.506,2940600320.0,4.874666849772136,
CHRW,2026-08-07,146.66000366210938,Industrials,Integrated Freight & Logistics,"C.H. Robinson Worldwide, Inc.",27.988552,10.552598,5.24,0.37123,0.03726,121.188,17137405952.0,0.16601429656124145,
CHWY,2026-08-07,23.43000030517578,Consumer Cyclical,Internet Retail,"Chewy, Inc.",39.71187,22.637682,0.59,0.63816,0.01987,123.385,9592808448.0,-0.44824216585402565,
CHYM,2026-08-07,31.25,Technology,Software - Application,"Chime Financial, Inc.",,8.47113,-4.99,-0.80003,-0.41868,9.209,11906847744.0,-0.1294964065147114,
CI,2026-08-07,275.25,Healthcare,Healthcare Plans,The Cigna Group,11.184478,1.7254456,24.61,0.16758,0.022720002,74.29,72732188672.0,-0.0519757542278938,
CIB,2026-08-07,90.25,Financial Services,Banks - Regional,Grupo Cibest S.A.,10.76969,0.0020329102,8.38,0.16926001,0.14684,,21413187584.0,0.8972020809367562,
CIEN,2026-08-07,403.760009765625,Technology,Communication Equipment,Ciena Corporation,136.8678,19.766964,2.95,0.15464,0.0787,54.649,57153413120.0,3.0124506001378926,
CIFR,2026-08-07,18.209999084472656,Technology,Information Technology Services,Cipher Digital Inc.,,13.419307,-2.86,-1.67485,0.0,950.563,7557708800.0,1.921465979696598,
CIG,2026-08-07,2.140000104904175,Utilities,Utilities - Regulated Electric,Comp En De Mn Cemig,6.4848485,1.0907065,0.33,0.17038,0.111549996,69.259,6121859584.0,0.14648077392568992,
CIGI,2026-08-07,98.73999786376953,Real Estate,Real Estate Services,Colliers International Group In,48.165855,3.2667239,2.05,0.07839,0.01811,115.958,5045990912.0,-0.4024279000886656,
CII,2026-08-07,24.6299991607666,Financial Services,Asset Management,BlackRock Enhanced Large Cap Co,4.857988,1.0886668,5.07,0.22759001,25.42447,0.002,1009424832.0,0.2604531259239198,
CIMN,2026-08-07,25.0,,,Chimera Investment Corporation ,,,,,,,,0.08036331318578016,
CINF,2026-08-07,179.0399932861328,Financial Services,Insurance - Property & Casualty,Cincinnati Financial Corporatio,8.397748,1.6474506,21.32,0.21484,0.23843001,5.255,27478708224.0,0.1826830563635442,
CL,2026-08-07,93.0,Consumer Defensive,Household & Personal Products,Colgate-Palmolive Company,36.614174,314.18918,2.54,2.67367,0.096829996,1388.163,74137067520.0,0.11315688645056987,
CLBK,2026-08-07,10.84000015258789,Financial Services,Banks - Regional,"Columbia Financial, Inc.",19.709091,2.0186222,0.55,0.05019,0.21759,,1127991296.0,0.5823021420343915,
CLBT,2026-08-07,15.460000038146973,Technology,Software - Infrastructure,Cellebrite DI Ltd.,55.214287,7.4649925,0.28,0.16444,0.14476,4.467,3856339712.0,-0.10060973517742933,
CLDX,2026-08-07,41.560001373291016,Healthcare,Biotechnology,"Celldex Therapeutics, Inc.",,6.0644975,-4.33,-0.48938,0.0,0.418,3262130688.0,0.723731952210205,
CLF,2026-08-07,12.229999542236328,Basic Materials,Steel,Cleveland-Cliffs Inc.,,1.2451639,-1.57,-0.13862,-0.045640003,132.743,6977704448.0,0.07162794955941143,
CLH,2026-08-07,307.6400146484375,Industrials,Waste Management,"Clean Harbors, Inc.",37.47138,5.5458612,8.21,0.15562001,0.07032,110.951,16239469568.0,0.2917715875068314,
CLMT,2026-08-07,41.880001068115234,Basic Materials,Specialty Chemicals,"Calumet, Inc",,-3.494368,-2.25,,-0.04524,,3649722368.0,1.7110429874276467,
CLOV,2026-08-07,4.659999847412109,Healthcare,Healthcare Plans,"Clover Health Investments, Corp",,7.2136216,-0.14,-0.16859,-0.02576,,2454348800.0,0.5916031520757523,
CLS,2026-08-07,314.5299987792969,Technology,Electronic Components,"Celestica, Inc.",36.36185,14.587236,8.65,0.52691,0.07159,39.571,36165316608.0,0.7018742102254494,
CLSK,2026-08-07,12.75,Financial Services,Capital Markets,"CleanSpark, Inc.",,3.3177207,-1.96,-0.34804,-0.67657995,181.585,3271759872.0,0.45300948689402776,
CLVT,2026-08-07,1.850000023841858,Technology,Information Technology Services,Clarivate Plc,,0.5215675,-0.5,-0.07008,-0.13842,93.829,1182550528.0,-0.5448275718431927,
CLX,2026-08-07,105.5999984741211,Consumer Defensive,Household & Personal Products,Clorox Company (The),22.045929,142.51012,4.79,1.6376,0.087349996,2190.476,12769294336.0,-0.16389320105172855,
CM,2026-08-07,118.44000244140625,Financial Services,Banks - Diversified,Canadian Imperial Bank of Comme,16.51883,2.3767266,7.17,0.15387,0.33976,,108112117760.0,0.5568101563754722,
CMBT,2026-08-07,16.40999984741211,Energy,Oil & Gas Midstream,CMB.TECH NV,9.116667,1.6189818,1.8,0.16806999,0.24891001,178.302,4761685504.0,0.9819631285587931,
CMC,2026-08-07,73.69000244140625,Industrials,Metal Fabrication,Commercial Metals Company,13.930058,1.7999513,5.29,0.13791999,0.06724,79.981,8151907840.0,0.20577391494787856,
CME,2026-08-07,264.32000732421875,Financial Services,Financial Data & Stock Exchanges,CME Group Inc.,22.47619,3.5807955,11.76,0.15802,0.63443,14.587,95043993600.0,0.043894285120489984,
CMG,2026-08-07,33.709999084472656,Consumer Cyclical,Restaurants,"Chipotle Mexican Grill, Inc.",31.801888,19.429394,1.06,0.49560001,0.114250004,246.35,42657239040.0,-0.11675363645481907,
CMI,2026-08-07,643.97998046875,Industrials,Specialty Industrial Machinery,Cummins Inc.,33.229103,6.900697,19.38,0.21114,0.07822,59.586,88862203904.0,0.6089924097769666,
CMP,2026-08-07,25.65999984741211,Basic Materials,Other Industrial Metals & Mining,Compass Minerals Intl Inc,183.2857,3.9265494,0.14,0.07169,0.01424,276.319,1076651264.0,0.5401575500070788,
CMPR,2026-08-07,96.51000213623047,Industrials,Specialty Business Services,Cimpress PLC,26.513737,-4.756765,3.64,,0.02566,,2338639104.0,0.5636881910399456,
CMPS,2026-08-07,13.550000190734863,Healthcare,Medical Care Facilities,COMPASS Pathways Plc - American,,21.749598,-3.78,-3.19066,0.0,64.623,1828563200.0,1.5678733451485378,
CMRE,2026-08-07,14.90999984741211,Industrials,Marine Shipping,Costamare Inc.,5.626415,0.81116366,2.65,0.15974,0.39516,65.647,1800208896.0,0.3824950456574674,
CMS,2026-08-07,71.19999694824219,Utilities,Utilities - Regulated Electric,CMS Energy Corporation,21.575756,2.3380291,3.3,0.09158,0.11642,185.604,21995075584.0,0.028989071151473533,
CMSA,2026-08-07,20.742000579833984,,,CMS Energy Corporation 5.625% J,11.594187,1.2749401,,,,,,-0.02625480024732818,
CMSC,2026-08-07,21.719999313354492,,,CMS Energy Corporation 5.875% J,,,,,,,,-0.01888457300749924,
CMSD,2026-08-07,21.979999542236328,,,CMS Energy Corporation 5.875% J,,,,,,,,-0.0194768042815473,
CNA,2026-08-07,52.619998931884766,Financial Services,Insurance - Property & Casualty,CNA Financial Corporation,11.539474,1.2729207,4.56,0.11324,0.08164,26.578,14239020032.0,0.13789809733938574,
CNC,2026-08-07,64.19999694824219,Healthcare,Healthcare Plans,Centene Corporation,,1.4056444,-9.93,-0.20358999,-0.02829,71.082,31714478080.0,1.14256195795899,
CNH,2026-08-07,10.850000381469727,Industrials,Farm & Heavy Construction Machinery,CNH Industrial N.V.,43.4,1.7310147,0.25,0.03914,0.0171,335.044,17448521728.0,-0.0961625838745993,
CNI,2026-08-07,126.4000015258789,Industrials,Railroads,Canadian National Railway Compa,22.98182,4.891496,5.5,0.22017999,0.26924,103.89,76459360256.0,0.3388057589864122,
CNK,2026-08-07,37.95000076293945,Communication Services,Entertainment,Cinemark Holdings Inc Cinemark ,21.083334,8.782689,1.8,0.45816,0.0644,587.527,4398855168.0,0.4321154710546349,
CNM,2026-08-07,45.4900016784668,Industrials,Industrial Distribution,"Core & Main, Inc.",19.692642,4.189152,2.31,0.23888001,0.058720004,115.941,8804135936.0,-0.3206118604546987,
CNMD,2026-08-07,49.77000045776367,Healthcare,Medical Devices,CONMED Corporation,26.614973,1.4331375,1.87,0.05527,0.04119,80.109,1490673664.0,-0.1450384298074875,
CNO,2026-08-07,55.47999954223633,Financial Services,Insurance - Life,"CNO Financial Group, Inc.",19.197231,1.9869636,2.89,0.10934,0.060170002,175.664,5142829568.0,0.41885802737499955,
CNOB,2026-08-07,33.09000015258789,Financial Services,Banks - Regional,"ConnectOne Bancorp, Inc.",10.37304,1.0960946,3.19,0.102460004,0.36089,,1665083264.0,0.3135312371651531,
CNOBP,2026-08-07,25.309999465942383,Financial Services,Banks - Regional,"ConnectOne Bancorp, Inc. - Depo",8.034921,0.83838487,3.15,0.102460004,0.36089,,,0.1343530413822298,
CNP,2026-08-07,40.66999816894531,Utilities,Utilities - Regulated Electric,"CenterPoint Energy, Inc (Holdin",24.208332,2.2857304,1.68,0.09825,0.11611,210.256,26790152192.0,0.1334048516221764,
CNQ,2026-08-07,45.45000076293945,Energy,Oil & Gas E&P,Canadian Natural Resources Limi,11.805195,2.9872463,3.85,0.22825001,0.25134,44.85,94795522048.0,0.5364102284217722,
CNR,2026-08-07,89.9800033569336,Energy,Thermal Coal,"Core Natural Resources, Inc.",,1.2442957,-1.28,0.02675,0.02345,12.037,4466270720.0,0.07897671548916119,
CNS,2026-08-07,84.4800033569336,Financial Services,Asset Management,Cohen & Steers Inc,25.914112,7.3697987,3.26,0.27329,0.28824,19.326,4344091136.0,0.1463076353941435,
CNX,2026-08-07,35.130001068115234,Energy,Oil & Gas E&P,CNX Resources Corporation,5.602871,1.0808898,6.27,0.21249,0.44368,49.137,5197259776.0,0.22602733909849038,
CNXC,2026-08-07,26.34000015258789,Technology,Information Technology Services,Concentrix Corporation,,0.5934705,-21.09,-0.37662,-0.13145,203.764,1607223424.0,-0.5112807781684673,
CNXN,2026-08-07,86.5999984741211,Technology,Electronics & Computer Distribution,"PC Connection, Inc.",22.729658,2.2942219,3.81,0.104320005,0.03208,0.792,2185619456.0,0.3152876271893321,
COAG,2026-08-07,52.15999984741211,Healthcare,Biotechnology,"Hemab Therapeutics Holdings, In",,-0.24843301,-10.53,,0.0,0.658,2436154112.0,,
COCO,2026-08-07,64.12000274658203,Consumer Defensive,Beverages - Non-Alcoholic,"The Vita Coco Company, Inc.",35.82123,9.179671,1.79,0.31370002,0.15503,3.508,3710249472.0,0.8449915877070266,
COF,2026-08-07,220.0,Financial Services,Credit Services,Capital One Financial Corporati,12.208656,1.3106239,18.02,0.09031,0.21867001,,134970007552.0,-0.06913243393118296,
COGT,2026-08-07,41.79999923706055,Healthcare,Biotechnology,"Cogent Biosciences, Inc.",,13.152926,-2.15,-0.85716003,0.0,39.272,7142282240.0,2.222682164821765,
COHR,2026-08-07,334.2200012207031,Technology,Scientific & Technical Instruments,Coherent Corp.,158.39812,6.1211333,2.11,0.04718,0.07102,31.093,65386577920.0,1.9058252581108381,
COHU,2026-08-07,51.790000915527344,Technology,Semiconductor Equipment & Materials,"Cohu, Inc.",,3.165261,-0.83,-0.04836,-0.07427,42.764,2451657472.0,1.4115579195177457,
COIN,2026-08-07,145.41000366210938,Financial Services,Financial Data & Stock Exchanges,"Coinbase Global, Inc.",,2.9325402,-3.75,-0.07847,-0.16344,50.982,38364528640.0,-0.5197347133282768,
COKE,2026-08-07,188.22999572753906,Consumer Defensive,Beverages - Non-Alcoholic,"Coca-Cola Consolidated, Inc.",24.997343,3.9363015,7.53,0.97331,0.0715,197.906,12529396736.0,0.6128707309979684,
COLB,2026-08-07,31.030000686645508,Financial Services,Banks - Regional,"Columbia Banking System, Inc.",12.36255,1.1620418,2.51,0.11028,0.28383,,8775811072.0,0.21317944156180424,
