ticker,date,name,sector,n_headlines,sources,sentiment,relevant,reason,headlines
4503.T,2026-09-02,Astellas Pharma Inc.,Healthcare,10,google_news|yfinance,positive,True,"L'actualité présente des développements positifs pour Astellas Pharma Inc., tels que l'expansion de son accord avec Trump sur les prix des médicaments et la croissance des actions de santé, ce qui suggère un ton positif pour l'action.","Trump's MFN Push Goes Beyond Big Pharma, Adds 9 Mid-Sized Drugmakers || Mid-cap biotechs join Trump’s latest round of drug pricing deals || Trump lines up MFN deals with nine mid-size pharmas on drug pricing push || Trump's Pharma Pricing Deal Expands as Healthcare Stocks Keep Climbing || Trump Announces Drug Pricing Deals with Teva, 8 Other Companies || Why is Astellas Pharma stock climbing today? - Investing.com || Trump's MFN Push Goes Beyond Big Pharma, Adds 9 Mid-Sized Drugmakers - TradingView || Are Medical Stocks Lagging Astellas Pharma (ALPMY) This Year? - qz.com || Are Medical Stocks Lagging Astellas Pharma (ALPMY) This Year? - Yahoo Finance || Astellas Pharma Number of Employees 2026 | Employee Count & Headcount Data - Revelio Labs"
4507.T,2026-09-02,"Shionogi & Co., Ltd.",Healthcare,10,google_news|yfinance,positive,True,"Les actualites presentes montrent un ton general positif, avec des informations sur des resultats de quarts, des approvals de medicaments et des acquisitions, qui suggererent une perspective optimiste pour l'action de Shionogi & Co., Ltd.","Shionogi & Co., Ltd. Unsponsored ADR (SGIOY) Beats Q1 Earnings Estimates || United Therapeutics (UTHR) Earnings Expected to Grow: What to Know Ahead of Q2 Release || Shionogi & Co., Ltd. Unsponsored ADR (SGIOY) to Report Q1 Results: Wall Street Expects Earnings Growth || Shionogi (TSE:4507) Valuation Check As XOCOVA Wins First US FDA Approval For COVID 19 Post Exposure Prophylaxis || Akebia Therapeutics (AKBA) Reports Q1 Loss, Misses Revenue Estimates || Shionogi Selected as a “DX Stock 2026”｜ 塩野義製薬 - Shionogi Inc. || Shionogi & Co., Ltd. Unsponsored ADR (SGIOY) Beats Q1 Earnings Estimates - Yahoo Finance || Shionogi & Co., Ltd. Revenue Breakdown – TSE:4507 - TradingView || Shionogi & Co., Ltd. 2027 Q1 - Results - Earnings Call Presentation (OTCMKTS:SGIOY) 2026-08-06 - Seeking Alpha || Pharma M&A Roundup: Merck to Acquire Terns Pharmaceuticals, Shionogi to Acquire 50% of Apnimed’s Ownership of Shionogi-Apnimed Sleep Science - Pharmaceutical Executive"
MU,2026-09-02,"Micron Technology, Inc.",Technology,10,google_news|yfinance,positive,True,"Les actualites presentes sont presque toutes positives, avec des articles sur des ","Billionaire David Tepper just dumped a red-hot AI stock || The 3 Best Artificial Intelligence (AI) Stocks for September || Stock Market Today: Nasdaq Ends Lower As Oil Prices Top $90; Micron, Nvidia Shares Wrapped in Red || Micron Stock Drops as Nearly 10,000 Taiwan Workers Push for Strike || Prediction: This Could Be Micron's Stock Price by the End of 2027 (Hint: It's Above $2,000) || Is Micron Technology Stock Outperforming the Nasdaq? - Yahoo Finance || What's Going On With Micron Technology Stock Today? - TradingView || Micron Stock Flashing Intriguing 'Buy the Dip' Signal - Schaeffer's Investment Research || Micron Technology: The Center Of Gravity For The Memory Supercycle (NASDAQ:MU) - Seeking Alpha || MU Stock Slides As Patent Fight And Sector Weakness Hit Sentiment - StocksToTrade"
2006.TW,2026-09-02,Tung Ho Steel Enterprise Corporation,Basic Materials,5,google_news,positive,True,"L'action de Tung Ho Steel Enterprise Corporation est affectée par des actualites positives, telles que la securedure de 25 millions de dollars de finance et la reconnaissance de Taiwan comme leader dans l'urban mining.",Steelmaker Tung Ho Vietnam secures $25 mln finance from Standard Chartered - Theinvestor || Taiwan's Tung Ho Steel plans to renew its electric arc furnaces - SteelRadar || Why Taiwan Is Becoming a Leader in Urban Mining - Time Magazine || Mineralization and Utilization using Steel Slag for Establishing a Waste-to-Resource Supply Chain - Nature || Enercon wins 33MW Taiwan contract - Wind Power Monthly
ITUB4.SA,2026-09-02,Itaú Unibanco Holding S.A.,Financial Services,10,google_news|yfinance,positive,True,"L'actualité présente plusieurs éléments positifs, tels que l'approbation de la charte bancaire américaine d'Itaú Unibanco, qui pourrait élargir sa franchise de banque de richesse, ainsi que des résultats positifs pour l'action, tels que le gain de 10% de Nu Holdings et la nomination de nouveaux memb","Will ITUB's U.S. Bank Charter Expand Its Wealth Banking Franchise? || Brazil’s Itaú gets OCC’s conditional approval for US charter || How to Bet on the Middle Class in Emerging Markets || Brazil's big banks shun riskier lending as household debt strains grow || Nu Holdings Jumps 10% to a Five-Month High, StoneCo Drops 6% as Nubank Breaks From the Pack || ITAÚ UNIBANCO - MATERIAL FACT - BONUS SHARES - PR Newswire || Zacks.com featured highlights include Seanergy Maritime, Itau Unibanco and Chatham Lodging Trust - Yahoo Finance || Itaú Unibanco Wins Preliminary U.S. Approval to Launch National Bank - The Globe and Mail || Itaú Unibanco Holding S.A. 2026 Q1 - Results - Earnings Call Presentation (NYSE:ITUB) 2026-05-25 - Seeking Alpha || Itaú Unibanco (NYSE: ITUB) details governance, ESG and risk policies - stocktitan.net"
2303.TW,2026-09-02,United Microelectronics Corporation,Technology,10,google_news|yfinance,positive,True,"Les actualites presentes sont presque toutes positives, avec des mentions de performances solides, de croissance et de valeurs attractives, ce qui suggere un ton general positif pour l'action de UMC.","Should You Invest in NVMI Stock Following Healthy Q2 Results? || New Strong Buy Stocks for August 26th || Best Income Stocks to Buy for August 26th || UMC or LSCC: Which Is the Better Value Stock Right Now? || United Microelectronics Falls 7%, Tower Semiconductor Sinks 10%, GlobalFoundries Drops 7% as AI Spending Fears Hit Foundries || United Microelectronics Corporation (UMC) is a Great Momentum Stock: Should You Buy? - Yahoo Finance || UMC or LSCC: Which Is the Better Value Stock Right Now? - Eastern Progress || UMC Stock Draws Trader Focus After Earnings Beat And AI Capex Push - StocksToTrade || Should You Invest in NVMI Stock Following Healthy Q2 Results? - TradingView || United Microelectronics climbs 10% as rebound continues (UMC:NYSE) - Seeking Alpha"
PINFRA.MX,2026-09-02,"Promotora y Operadora de Infraestructura, S. A. B. de C. V.",Industrials,5,google_news,positive,True,"L'actualité mentionne un article de DataDrivenInvestor qui décrit PINFRA comme une 'forteresse financière cachée en plain sight', ce qui suggère une analyse positive de l'action.","PINFRA: Financial Fortress Hiding in Plain Sight - DataDrivenInvestor || TF1 SA (TVFCF) Stock Price, News, Quote & History - Yahoo! Finance Canada || Mexico shares lower at close of trade; S&P/BMV IPC down 0.38% - Investing.com UK || FlexShares Real Assets Allocation Index Fund Holdings - Quiver Quantitative || Aleatica, S.A.B. de C.V.: Shareholders Board Members Managers and Company Profile | MX01AL1C0003 - marketscreener.com"
9942.TW,2026-09-02,NAK Sealing Technologies Corporation,Consumer Cyclical,3,google_news,negative,True,"Aucune information positive n'est disponible dans les actualites fournies, les reports d'earnings sont souvent associés à une baisse des prix.","NAK Sealing Technologies Corporation Reports Earnings Results for the Second Quarter and Six Months Ended June 30, 2026 - marketscreener.com || 6933 Stock Price and Chart — TWSE:6933 - TradingView || 4532 Stock Price and Chart — TWSE:4532 - TradingView"
YUMC,2026-09-02,"Yum China Holdings, Inc.",Consumer Cyclical,10,google_news|yfinance,positive,True,"Les actualites presentes sont presque toutes positives, avec des annonces de ventes de Pizza Hut et des prévisions de croissance pour Yum China Holdings, Inc. [verification 'sues' : resolu favorablement (3/3 votes) -- Aucune indication de risque actif ou non résolu, le titre ne décrit pas d'événement négatif ou d'incertitude lié à YUMC.]","Pizza Hut’s sale to LongRange Capital is complete || Yum! Brands Completes Sale of Pizza Hut to LongRange Capital || It’s official: Yum has sold Pizza Hut for $1.5B || Wall Street Analysts Predict a 25.63% Upside in Yum China (YUMC): Here's  What You Should Know || Yum China (YUMC) is an Incredible Growth Stock: 3 Reasons Why || Yum! Brands, Inc. (YUM) Stock Price, News, Quote & History - Yahoo! Finance Canada || Yum China Holdings, Inc. Stock (YUMC) - Quote NYSE - marketscreener.com || Yum China issues first-half 2026 Hong Kong interim report - stocktitan.net || Is Yum China Holdings Inc (YUMC) a Bargain After 4.8% Drop? GF V - GuruFocus || Here's Why Yum China Holdings (YUMC) is a Strong Value Stock - Eastern Progress"
1802.T,2026-09-02,Obayashi Corporation,Industrials,10,google_news|yfinance,positive,True,"L'actualité présente plusieurs éléments positifs, tels que la vente de Multiplex à Obayashi pour 650 millions de dollars, une forte performance de 78,64% des actions au cours d'un an, et des projets de développement de nouveaux marchés, ce qui suggère une croissance et une expansion de l'entreprise.","Brookfield agrees to divest builder Multiplex to Obayashi for $650m || Brookfield Business Selling Multiplex to Japan's Obayashi For $650 Million || Soft China Economic Reports Roil Asian Stock Markets || Obayashi (TSE:1802) Valuation Check After Strong 1 Year Shareholder Returns || This Khosla-backed autonomous pod startup just raised $170M — now it’s aiming for more || Obayashi Corporation Revenue Breakdown – TSE:1802 - TradingView || Obayashi Enters Toll Road Concession Business in Jakarta, Indonesia | News | Obayashi Global - obayashi.co.jp || Japan’s Obayashi to acquire Multiplex from Brookfield for $526 mln - Investing.com || Obayashi Corporation 2026 Q4 - Results - Earnings Call Presentation (OTCMKTS:OBYCF) 2026-05-13 - Seeking Alpha || Acquisition of Shares of GCON Inc. (US Construction Company) and Its Affiliated Companies | News | Obayashi Global - obayashi.co.jp"
MD,2026-09-02,"Pediatrix Medical Group, Inc.",Healthcare,10,google_news|yfinance,positive,True,"Bien que les actualites mentionnent des points de vue critiques sur Pediatrix Medical Group, le ton general est dominé par des commentaires positifs sur son croissance et ses performances financieres.","Q2 Earnings Highlights: Pediatrix Medical Group (NYSE:MD) Vs The Rest Of The Healthcare Providers & Services Stocks || 3 Profitable Stocks That Concern Us || 3 Overrated  Stocks We Keep Off Our Radar || Here's Why Pediatrix Medical Can Be a Smart Addition to Your Portfolio || 5 Must-Read Analyst Questions From Pediatrix Medical Group’s Q2 Earnings Call || Pediatrix Medical Group (MD) Soars 7.3%: Is Further Upside Left in the Stock? - Eastern Progress || Does Pediatrix Medical Group (MD) Stock Look Better After Q1 Report? - Yahoo Finance || Better‑Than‑Expected Q2 Revenue and Reiterated EBITDA Guidance Could Be A Game Changer For Pediatrix Medical Group (MD) - Sahm || Pediatrix Medical Group, Inc. Stock 12‑Month Price Target Cut to $26, Implies 2% Downside - TradingView || Pediatrix Medical Group Number of Employees 2026 | Employee Count & Headcount Data - Revelio Labs"
BVS,2026-09-02,Bioventus Inc.,Healthcare,10,google_news|yfinance,positive,True,"Les actualites recentes sur Bioventus Inc. (BVS) suggèrent une tendance positive, avec des performances solides en termes de ventes et de bénéfices, ainsi qu'une révision de la stratégie et une évaluation comme une action sous-évaluée.",Are Medical Stocks Lagging  Bioventus (BVS) This Year? || 4 Healthcare Stocks to Safeguard Your Portfolio as Fed Plans Rate Hike || Bioventus (BVS) Q2 2026 Earnings Call Transcript || Bioventus (BVS) Stock Still Looks Like A Bargain On Earnings || The Bull Case For Bioventus (BVS) Could Change Following Its Q2 Earnings Surge And Reaffirmed 2026 Guidance || Is Bioventus (BVS) Stock Undervalued Right Now? - Yahoo Finance || BVS | Bioventus Inc. Class A Financials - Revenue Breakdown - Quiver Quantitative || Bioventus Starts Review After Unsolicited Acquisition Proposal - stocktitan.net || Bioventus Inc. Class A (BVS) Peer Comparison – Compare with Others - Value Research || BVS Forecast — Price Target — Prediction for 2027 - TradingView
1878.T,2026-09-02,"Daito Trust Construction Co.,Ltd.",Real Estate,6,google_news|yfinance,positive,True,"Les actualites presentes montrent des initiatives positives telles que la lancement de nouveaux projets, la collaboration avec des institutions et la mise en place de programmes pour soutenir les engineers, ce qui suggere une tendance positive pour l'action.","Daito Trust Construction (TSE:1878): Assessing Valuation as Shares Show Subtle Uptrend || Daito Trust Construction to launch the Takaoka Ejiri Center Project (tentative name) as its first community development project - kentaku.co.jp || Daito Trust Construction jointly develops program to help foreign engineers obtain national qualifications - kentaku.co.jp || Daito Trust Construction to begin offering Daito Trust Specialized Course to a second cohort of future construction management engineers in Indonesia | FY2026 | News Releases | News | Daito Trust Construction - kentaku.co.jp || Daito Trust Construction Co.,Ltd. 2026 Q2 - Results - Earnings Call Presentation (OTCMKTS:DIFTY) 2025-11-04 - Seeking Alpha || CEO Message | Corporate Information | Daito Trust Construction - kentaku.co.jp"
PRI,2026-09-02,"Primerica, Inc.",Financial Services,10,google_news|yfinance,positive,True,"Les actualites presentes sont presque toutes positives, avec des mentions de croissance, de gains et d'investissements, ce qui suggere un ton general positif pour l'action de Primerica.","VOYA Stock Gains 48.8% in 6 Months: What Should Investors Do Now? || First Solar upgraded, Celsius downgraded: Wall Street's top analyst calls || Primerica (PRI) Stock Looks Reasonable On Earnings While Returns Stay Strong || Primerica (PRI) Is Getting Attention, What Is Behind The Latest Focus? || Here's Why a Hold Strategy Makes Sense for Primerica Stock Now || Primerica Stock Price Forecast. Should You Buy PRI? - StockInvest.us || Primerica, Inc. $PRI Shares Acquired by Susquehanna Fundamental Investments LLC - marketbeat.com || Primerica stock gains as institutional investors increase positions - AD HOC NEWS || Here's Why a Hold Strategy Makes Sense for Primerica Stock Now - TradingView || Primerica cut to Hold at Truist on underperformance in new Term Life sales (PRI:NYSE) - Seeking Alpha"
3044.TW,2026-09-02,Tripod Technology Corporation,Technology,5,google_news,positive,True,"Aucune information négative ou neutre est présente dans les actualités fournies, les articles semblent présenter des informations positives sur Tripod Technology Corporation.",3044 Stock Price and Chart — TWSE:3044 - TradingView || Asian Market's Hidden Gems: 3 Stocks Priced Below Estimated Value - simplywall.st || Technical Analysis of Tripod Technology Corporation (TWSE:3044) - TradingView || 6274 Stock Price and Chart — TPEX:6274 - TradingView || 3008 Stock Price and Chart — TWSE:3008 - TradingView
GEO,2026-09-02,"The GEO Group, Inc.",Industrials,10,google_news|yfinance,positive,True,"Les actualites presentes sont presque toutes positives, avec des mentions de croissance, de revenue accroite et de resultats superieurs aux attentes, ce qui suggere un ton general positif pour l'action de The GEO Group, Inc.","MAN Stock Surges 122% in 6 Months: Here's What You Should Know || Gartner Stock Gains 28% in 3 Months: Here's What You Should Know || Here's Why Momentum in Geo Group (GEO) Should Keep going || 3 Russell 2000 Stocks We Think Twice About || 5 Revealing Analyst Questions From GEO Group’s Q2 Earnings Call || The GEO Group Reports Second Quarter Results and Updates Full Year 2026 Guidance - The GEO Group || The GEO Group, Inc. Just Beat Earnings Expectations: Here's What Analysts Think Will Happen Next - Yahoo Finance || The GEO Group Reports Third Quarter 2025 Results and Increases Share Repurchase Authorization to $500 Million - The GEO Group || Government Contract Update: $35M payment to THE GEO GROUP, INC | GEO Stock News - Quiver Quantitative || GEO Group Number of Employees 2026 | Employee Count & Headcount Data - Revelio Labs"
2503.T,2026-09-02,"Kirin Holdings Company, Limited",Consumer Defensive,10,google_news|yfinance,positive,True,"Les actualites presentes sont presque toutes positives, avec des mentions de croissance, de diversification, de reussite financiere et de futurs investissements, ce qui suggere un ton general positif pour l'action de Kirin Holdings Company, Limited.","Why spirits slowdown could prompt majors to diversify || Assessing Kirin Holdings (TSE:2503) Valuation After Recent Share Price Momentum || Kirin launches RTD brand Hyoketsu in US || Is It Time To Reassess Kirin Holdings Company (TSE:2503) After Its Strong 1‑Year Share Price Run? || 3 Reasons Growth Investors Will Love Kirin (KNBWY) || Kirin stock rises on a fresh alkaline water milestone - AD HOC NEWS || Kirin Holdings Selected as a ""DX Stock 2026"" for Commitment to Digital Transformation - Kirin Holdings Company, Limited || Kirin Holdings Company, Limited Just Beat EPS By 38%: Here's What Analysts Think Will Happen Next - simplywall.st || Kirin Holdings Company, Limited 2026 Q2 - Results - Earnings Call Presentation (OTCMKTS:KNBWY) 2026-08-09 - Seeking Alpha || Jamieson Wellness Enters into Definitive Agreement to be Acquired by Kirin in C$2.5 Billion Transaction - PR Newswire Canada"
CPA,2026-09-02,"Copa Holdings, S.A.",Industrials,10,google_news|yfinance,positive,True,"Les actualites presentes sont presque toutes positives, avec des annonces de dividendes, des resultats solides et une analyse positive des stocks de l'industrie aérienne.","Copa Holdings SA's Dividend Analysis || Zacks Industry Outlook Delta Air, American Airlines, and Copa || 3 Airline Stocks to Monitor as the Industry Grapples With Challenges || Copa (CPA) Q2 2026 Earnings Call Transcript || Copa Holdings (CPA) Stock Still Looks Reasonable On Strong Q2 Results || Copa Holdings SA's Dividend Analysis - GuruFocus || Resilient Copa Holdings stock trades around recent highs as dividend and route expansion shape outlo - AD HOC NEWS || Is Copa Holdings (CPA) Outperforming Other Transportation Stocks This Year? - Yahoo Finance || CPA - Copa Holdings SA Stock Price and Quote - Finviz || CPA News Today | Why did Copa stock go up today? $CPA - marketbeat.com"
AIR.PA,2026-09-02,Airbus SE,Industrials,10,google_news|yfinance,positive,True,"Les actualites presentes sont presque toutes positives, avec des annonces de croissance pour United Airlines, des augmentations de ventes pour GE Aerospace et des projets de nouveaux avions pour Airbus, ce qui suggere un ton general positif pour l'action.",United Airlines (UAL): A321XLR Expansion Strengthens the International Growth Story || United Airlines (UAL) CEO’s 2027 Outlook: Strong Demand and Gradually Rising Fares || Dual Fuel for U.S. Manufacturing || GE Aerospace's LEAP Engine Deliveries Jumped 41% This Year. Here's Why Boeing and Airbus Both Need That Number to Keep Climbing. || United Steps Up Its Game in Competition for Jet-Setting US Travelers || Airbus reports Half-Year (H1) 2026 results - Airbus || AIR Forecast — Price Target — Prediction for 2027 - TradingView || Airbus stock edges lower as potential sale of US space business reshapes strategy - AD HOC NEWS || Airbus to present new mid-term outlook - Airbus || Airbus (OTCMKTS:EADSY) Stock Passes Above 50-Day Moving Average - Time to Sell? - marketbeat.com
DINO,2026-09-02,HF Sinclair Corporation,Energy,10,google_news|yfinance,positive,True,"L'actualité présente plusieurs articles positifs sur HF Sinclair Corporation, tels que le plan de spin-off de lubrifiants, la hausse du stock et les commentaires positifs d'investisseurs et d'insidres.","3 Value Stocks to Buy as September Market Volatility Picks Up || HF Sinclair Plans Lubricants Spin-Off: Is it a Value-Unlocking Move? || Petrobras Eyes LNG Exports to Asia as Gas Demand Surges || Why Is HF Sinclair (DINO) Up 7.2% Since Last Earnings Report? || Phillips 66: Refining Upside Backed by Stable Midstream Operations || HF Sinclair Plans Lubricants Spin-Off: Is it a Value-Unlocking Move? - TradingView || HF Sinclair Corporation (DINO) Hit a 52 Week High, Can the Run Continue? - Yahoo Finance || HF Sinclair Stock Climbs 18% On A 8-Day Winning Streak - Trefis || HF Sinclair (NYSE: DINO) insider reports share trade - stocktitan.net || Should Value Investors Buy HF Sinclair (DINO) Stock? - Yahoo Finance"
1893.T,2026-09-02,"Penta-Ocean Construction Co., Ltd.",Industrials,8,google_news|yfinance,neutral,True,"L'actualité présente une diversité d'informations, allant de l'acquisition de Penta-Ocean par DEME à la révision de sa valeur par un analyste, sans que aucune information n'indique une tendance clairement positive ou négative pour l'action.","DEME secures offshore wind turbine installation contract in Japan || Mizuho Dropped From Bond Deals as SESC Probe Unfolds || Reviewing Penta-Ocean Construction (TSE:1893) Valuation as Investor Interest Builds Without Major Headlines || How Penta-Ocean’s Planned J-ESOP Introduction At Penta-Ocean Construction (TSE:1893) Has Changed Its Investment Story - simplywall.st || Penta-Ocean Construction Co., Ltd. Revenue Breakdown – TSE:1893 - TradingView || Penta-Ocean Construction Number of Employees 2026 | Employee Count & Headcount Data - Revelio Labs || Penta-Ocean Construction Sets to Acquire 850 Million Yen in Shares For Staff Scheme - marketscreener.com || 1803 Stock Price and Chart — TSE:1803 - TradingView"
ASM.AS,2026-09-02,ASM International NV,Technology,10,google_news|yfinance,positive,True,"L'action ASM International NV a connu une augmentation de ses parts après avoir annoncé un buyback de 150 millions d'euros et une progression de son buyback, ainsi que des actualites positives sur le secteur des semiconducteurs.","Chip Stocks Driven Higher by Nvidia Results and Guidance || European Chip Stocks Rise After Nvidia Results, Guidance || European Chip Stocks Mixed Ahead of Nvidia Earnings || Chip Stocks Mixed Ahead of Nvidia Earnings || Chip Stocks Edge Higher After Monday Rout || ASM International Advances €150 Million Share Buyback, Reaches 39.3% Completion - The Globe and Mail || Is ASM International (ASMIY) Stock Outpacing Its Computer and Technology Peers This Year? - Yahoo Finance || ASM share buyback update August 17 – 21, 2026 - GlobeNewswire || ASM stock rises as buyback reaches 39.3% - AD HOC NEWS || ASM International Rides on AI-Driven Semiconductor Boom: Worth a Buy? - Zacks Investment Research"
GRBK,2026-09-02,"Green Brick Partners, Inc.",Consumer Cyclical,10,google_news|yfinance,positive,True,"Les actualites presentes montrent une croissance des orders et des marges, ainsi que des acquisitions et des prix de reference eleves, ce qui suggere une valeur potentielle pour l'action.","Green Brick Partners (GRBK) Q2 2026 Earnings Call Transcript || Green Brick Partners Inc (GRBK) (Q2 2026) Earnings Call Highlights: Record Order Growth and ... || Green Brick Partners, Inc. Q2 2026 Earnings Call Summary || Billionaire Investor David Einhorn’s Top 5 Bets: Buy Alongside the Skeptic? || Green Brick Partners (GRBK): A Top Pick Of This Famous Billionaire in 2026 || Is Green Brick Partners (GRBK) Fully Valued Following Its Board Resignation Update? - simplywall.st || Bank of New York Mellon Corp Buys New Shares in Green Brick Partners, Inc. $GRBK - marketbeat.com || Public votes give GHO Homes a sixth straight Builder of the Year award - stocktitan.net || GRBK - Green Brick Partners Inc Stock Price and Quote - Finviz || Green Brick Partners Inc. (GRBK): David Einhorn Is a Long-Term Admirer of This Stock - Yahoo Finance"
GL,2026-09-02,Globe Life Inc.,Financial Services,10,google_news|yfinance,positive,True,"Les actualites presentes sont presque toutes positives, avec des mentions de croissance, de dividendes et de croissance des revenus, ce qui suggere un ton general positif pour l'action de Globe Life Inc.","Want Double-Digit Gains From Insurance Stocks? Morgan Stanley Suggests 2 Names to Consider || 3 Reasons to Avoid GL and 1 Stock to Buy Instead || Globe Life's Health Insurance Growth Powers Earnings Momentum || Globe Life (GL) Down 0.3% Since Last Earnings Report: Can It Rebound? || Globe Life Lags Industry, Trades at a Discount: Time to Buy or Hold? || Globe Life Inc. stock underperforms Friday when compared to competitors - MarketWatch || Globe Life Lags Industry, Trades at a Discount: Time to Buy or Hold? - Yahoo Finance || Globe Life stock holds just below recent high as analysts back earnings growth - AD HOC NEWS || Globe Life Q2: Solid Fundamentals, But GL.PR.D Offers Better Risk-Adjusted Yield Near 7.8% - Seeking Alpha || GLOBE LIFE INC. DECLARES DIVIDEND - PR Newswire"
AMZN,2026-09-02,"Amazon.com, Inc.",Consumer Cyclical,10,google_news|yfinance,negative,False,"'ftc lawsuit' actif (2/3 votes) : Risque actif et non résolu, suite à une accusation récente de poursuites par la FTC, ce qui pourrait avoir un impact sur le cours de l'action.; L'ajout d'un terme d'alerte 'FTC Lawsuit' suggère une procédure ou une enquête en cours qui pourrait avoir (titre: Amazon Stock Continues to Slide After FTC Lawsuit - TradingView)","Best student credit cards (2026): Start building credit with rewards on spending || Nvidia makes its biggest investment abroad with Mediatek: Why it's a uniquely important deal || Why Tech Stocks Rule The Market, Even As Their Revenue Trails Consumer And Banking Giants || Why The Trade Desk Stock Lost 24% in August || Billionaire David Tepper just dumped a red-hot AI stock || Albion Financial Group UT Trims Stock Holdings in Amazon.com, Inc. $AMZN - marketbeat.com || Amazon Stock Continues to Slide After FTC Lawsuit - TradingView || Amazon.com Inc Stock (AMZN) Moved Down by 3.06% on Aug 31: Facts Behind the Movement - tradingkey.com || What's Going On With the Fall in Amazon Stock? - Benzinga || Apollon Wealth Management LLC Raises Stock Holdings in Amazon.com, Inc. $AMZN - marketbeat.com"
URBN,2026-09-02,"Urban Outfitters, Inc.",Consumer Cyclical,10,google_news|yfinance,positive,True,"Les actualites presentes montrent une croissance et une performance solide de l'action d'Urban Outfitters, avec des revenues records, une croissance de la subscription rental service Nuuly et des achats de parts par des investisseurs.","America's Car-Mart, RH, Arhaus, Bath and Body Works, and Urban Outfitters Shares Plummet, What You Need To Know || Urban Outfitters' Strong Retail Segment Supports Growth Momentum || Nuuly drives Urban Outfitters’ record second-quarter revenue || Urban Outfitters Stock Joined By Three Others At New Highs || Are Retail-Wholesale Stocks Lagging  Urban Outfitters (URBN) This Year? || Are Retail-Wholesale Stocks Lagging Urban Outfitters (URBN) This Year? - Yahoo Finance || Mary Egan plans 650-share Urban Outfitters (NASDAQ: URBN) sale - stocktitan.net || Urban Outfitters' Strong Retail Segment Supports Growth Momentum - TradingView || Urban Outfitters stock hits all-time high at 84.51 USD - Investing.com || Urban Outfitters, Inc. $URBN Shares Sold by Braun Stacey Associates Inc. - marketbeat.com"
OFG,2026-09-02,OFG Bancorp,Financial Services,10,google_news|yfinance,positive,True,"L'action d'OFG Bancorp a été mentionnée dans plusieurs articles positifs, tels que le classement dans le Zacks Rank #1 (Strong Buy) et la mention de son rendement élevé et de ses dividendes.","Q2 Regional Banks Earnings Review: First Prize Goes to OFG Bancorp (NYSE:OFG) || New Strong Buy Stocks for August 25th || Best Income Stocks to Buy for August 25th || After Climbing 157% in Five Years, Insider Dumps Shares of Regional Bank || OFG Bancorp (OFG) Could Be a Great Choice || Q2 Regional Banks Earnings Review: First Prize Goes to OFG Bancorp (NYSE:OFG) - Yahoo Finance || Should OFG Bancorp's Q2 2026 Net Interest Income Beat Prompt Action From OFG (OFG) Investors? - simplywall.st || Bank of New York Mellon Corp Takes $18.69 Million Position in OFG Bancorp $OFG - marketbeat.com || OFG Bancorp (NYSE: OFG) director exercises equity award - stocktitan.net || OFG Bancorp (OFG)'s Technical Outlook is Bright After Key Golden Cross - qz.com"
1590.TW,2026-09-02,Airtac International Group,Industrials,6,google_news|yfinance,positive,True,"Les actualites presentent une croissance robuste, une expansion du marche pneumatique et une mise en ligne d'un magasin en ligne, indiquant un ton general positif pour l'action Airtac International Group.","Airtac International Group (TPE:1590) Q2 2026 Earnings Call Highlights: Robust Growth and ... || AirTAC Earnings: Strong Growth Continues, but Shares Remain Expensive - Morningstar || AirTAC Continues To Ride the Pneumatic Market Upcycle - Morningstar || Wasatch International Growth's Top Q2 2026 Move: Exiting Inter & Co Inc at a -2. ... - Yahoo Finance || Taiex ends up as chip stocks rebound but turnover stays moderate - Focus Taiwan || AirTAC Distributor Launches Online Store for Industrial Buye... - Aspen Daily News"
AMN,2026-09-02,"AMN Healthcare Services, Inc.",Healthcare,10,google_news|yfinance,positive,True,"L'action de AMN Healthcare Services, Inc. (AMN) est mentionnée dans plusieurs articles positifs, tels que des analyses de marché, des recommandations de broker et des actualités sur son développement et ses performances financières.","Job Market Uncertainty Pushes Commercial Staffing Stocks Up 80% This Year || 3 Stocks Under $50 We Steer Clear Of || Zacks.com featured highlights Centene, Archer-Daniels-Midland, Avnet, Arrow and AMN || AMN Healthcare Services (AMN) Stock May Trade At A Discount On Its 124% Run || 5 Broker-Adored Stocks to Watch as Iran-U.S. Tensions Refuse to Fade || Is AMN Healthcare Services (AMN) Stock Outpacing Its Business Services Peers This Year? - qz.com || What AMN Healthcare Services (AMN)'s New Nursing Leadership Council Role Means For Shareholders - Sahm || AMN Healthcare Services Inc AMN Healthcare Services Inc (AMN) Peer Comparison – Compare with Others - Value Research || AMN Stock Rallies Nearly 119% YTD: What's Behind the Momentum? - TradingView || AMN Healthcare Services: Strong Secular Growth Propels Earnings (NYSE:AMN) - Seeking Alpha"
DCI,2026-09-02,"Donaldson Company, Inc.",Industrials,10,google_news|yfinance,positive,True,"Les actualites presentes montrent une croissance et des performances solides de l'action DCI, avec des gains de 56,2% sur trois ans, des revenues record et des marges élevées, ce qui suggere un ton general positif.","Donaldson’s (DCI) Billion-Dollar Quarter Hides A Costlier Bet Ahead || Donaldson (DCI) Stock Looks Reasonable On Earnings But Rich On Cash Flow || DCI Q2 Deep Dive: Acquisition Momentum, Segment Growth, and Margin Expansion Shape Outlook || Donaldson (DCI) Q4 2026 Earnings Call Transcript || Donaldson Co Inc (DCI) (Q4 2026) Earnings Call Highlights: Record Sales and EPS Fuel Optimistic ... || 34,188 Shares in Donaldson Company, Inc. $DCI Purchased by Man Group plc - marketbeat.com || Donaldson (NYSE: DCI) officer plans roughly $195K stock sale - stocktitan.net || Donaldson (DCI) Stock Slips After Record Margins Set A Higher Bar - Sahm || Donaldson Company: Continued Execution Can Validate Valuation (NYSE:DCI) - Seeking Alpha || 80,002 Shares in Donaldson Company, Inc. $DCI Bought by The Manufacturers Life Insurance Company - marketbeat.com"
NDX1.DE,2026-09-02,Nordex SE,Industrials,10,google_news|yfinance,positive,True,"L'action de Nordex SE est soutenue par des actualites positives sur les ventes et les bénéfices, ainsi que par des prévisions de croissance et des ordres de turbine, ce qui suggère une tendance à long terme positive.","Nordex secures 525MW turbine order from Türkerler || Nordex (XTRA:NDX1) Stock Still Looks Discounted As A 228% Gain Tests Fair Value || Nordex (XTRA:NDX1) Could Be 18% Below Fair Value On Half Year 2026 Earnings || Nordex Group secures new US orders totalling more than 480 MW || Nordex Doubles Q2 EBITDA and Confirms 2026 Outlook on Strong Order Growth || Nordex SE celebrates 25 years as a listed company - Nordex SE || Nordex stock slips despite strong year-to-date rally - AD HOC NEWS || NDX1 Forecast — Price Target — Prediction for 2027 - TradingView || Germany's Nordex tops profit forecast on strong wind demand, shares jump - Reuters || Nordex SE : Barclays is Neutral - marketscreener.com"
BBY,2026-09-02,"Best Buy Co., Inc.",Consumer Cyclical,10,google_news|yfinance,positive,True,"Les actualites presentes montrent une augmentation des ventes et des resultats positifs pour Best Buy Co., Inc., ce qui suggere une tendance positive pour l'action.","Best Buy’s (BBY) Turnaround Gains Steam As Leadership Changes Hands || Best Buy (BBY) Q2 2027 Earnings Call Transcript || 3 Retail Stocks to Watch After a Big Consumer Earnings Week || Retailers feel the sting as cautious consumers weigh their options || Best Buy (BBY) Raised Comparable-Sales Guidance but Product Margins Fell. Can Ads and Marketplace Sustain Margin Recovery? || Best Buy Co. Inc. stock outperforms competitors on strong trading day - MarketWatch || Best Buy Q2: Raised Forward Guidance, Shares Fairly Valued (NYSE:BBY) - Seeking Alpha || Results: Best Buy Co., Inc. Exceeded Expectations And The Consensus Has Updated Its Estimates - simplywall.st || Sigma Planning Corp Takes Position in Best Buy Co., Inc. $BBY - marketbeat.com || Is Best Buy Co., Inc. (BBY) A Good Stock To Buy Now? - Yahoo Finance"
LAUR,2026-09-02,"Laureate Education, Inc.",Consumer Defensive,10,google_news|yfinance,neutral,True,"Bien que certaines actualités mentionnent des valeurs et des risques potentiels, d'autres soulignent les performances récentes et les perspectives de croissance, ce qui laisse un ton neutre overall.","Laureate Education (LAUR) Looks Fairly Valued, Is There Enough Upside Left? || 3 Hyped Up  Stocks We Think Twice About || TAL vs. LAUR: Which Stock Is the Better Value Option? || 3 Russell 2000 Stocks We Steer Clear Of || 1 Growth Stock with Explosive Upside and 2 We Question || Laureate Education Inc (LAUR) Stock Down 3.3% but Still Overvalued -- GF Score: 70/100 - GuruFocus || Here’s How Much You Would Have Made Owning Laureate Education Stock In The Last 5 Years - Benzinga || Snow Phipps plans sale of 17.8M Laureate shares | LAUR SEC Filing - Form 144 - stocktitan.net || Snow Phipps plans Laureate (NASDAQ: LAUR) stock resale and a 2026 in-kind share distribution under Rule 144. - stocktitan.net || Laureate Education, Inc. Stock 12‑Month Price Target Raised to $41.58, Implies 8% Upside - TradingView"
JAZZ,2026-09-02,Jazz Pharmaceuticals plc,Healthcare,10,google_news|yfinance,positive,True,"L'action de Jazz Pharmaceuticals plc (JAZZ) a connu une augmentation de ses parts après des résultats positifs de phase 3 pour son traitement contre le cancer gastrique et une augmentation de son prix cible, ainsi qu'une augmentation de ses parts après une annonce de plan de vente de parts par un di","Stocks making big moves yesterday: Jazz Pharmaceuticals, SAIC, Herbalife, AGCO, and Deere || Axsome Begins Phase III Study on AXS-05 for Smoking Cessation || JAZZ Rises on Updated OS Results From Gastric Cancer Study || Jazz Pharmaceuticals (JAZZ) Stock Trades Up, Here Is Why || Jazz Pharmaceuticals Shares May Have Room for Further Appreciation, RBC Says || Insider plans more Jazz (NASDAQ: JAZZ) share sales—but how big is this next trade? - stocktitan.net || Morgan Stanley Raises its Price Target on Jazz Pharmaceuticals (JAZZ) - Yahoo Finance || Jazz Pharmaceuticals stock hits all-time high at 265.54 USD - Investing.com || Jazz Pharma (NASDAQ: JAZZ) director plans 857,602 stock sale - stocktitan.net || Jazz stock gains on trial success and higher 2026 outlook - AD HOC NEWS"
YETI,2026-09-02,"YETI Holdings, Inc.",Consumer Cyclical,10,google_news|yfinance,positive,True,"Bien que YETI ait connu une pullback, les actualites recentes suggererent que l'action est consideree comme une valeur, avec des analystes et des investisseurs affirmant que le stock a du potentiel de croissance.","Is YETI Holdings (YETI) Cheap On Its Pullback Despite The CEO Vesting Share Sale? || 1 of Wall Street’s Favorite Stocks to Keep an Eye On and 2 We Turn Down || CEO Sells Over 4,000 Shares of Consumer Stock, Valued at Over $185,000 || YETI (YETI) Remains a Strong Player Despite Market Setbacks || 3 Stocks Under $50 We Approach with Caution || YETI (NYSE:YETI) Stands Out as a Decent Value Stock - ChartMill || Top 3 Consumer Stocks That May Rocket Higher This Quarter - Sahm || YETI Holdings, Inc. (YETI) Hit a 52 Week High, Can the Run Continue? - Yahoo Finance || Bank of America Corp DE Lowers Stock Holdings in YETI Holdings, Inc. $YETI - marketbeat.com || YETI Forecast — Price Target — Prediction for 2027 - TradingView"
AFL,2026-09-02,Aflac Incorporated,Financial Services,10,google_news|yfinance,positive,True,"Les actualites presentes sont presque toutes positives, avec des mentions de croissance, de dividendes, d'investissements et de performances financieres solides, ce qui suggere un ton general positif pour l'action d'Aflac Incorporated.","AF Legal Group Ltd (ASX:AFL) (FY 2026) Earnings Call Highlights: Record Revenue and Strategic ... || 5 Dividend Aristocrats That Belong in Every Income Portfolio || Aflac (AFL) Stock Looks Cheap On Fair Value But Rich On Earnings || Globe Life's Health Insurance Growth Powers Earnings Momentum || Here Are Wednesday’s Top Wall Street Analyst Research Calls: Baidu, Ciena, CME Group, Dollar Tree, Dominion, Fabrinet, Honeywell Aerospace, Klarna, Pershing Square, and More || Aflac Incorporated Announces Second Quarter 2026 Results, Declares Third Quarter Dividend - Aflac || Man Group plc Invests $2.81 Million in Aflac Incorporated $AFL - marketbeat.com || Here's Why Investors Should Stay Invested in Aflac Stock for Now - Yahoo Finance || Aflac Incorporated to Release Second Quarter Results and CFO Video Update on August 6, 2026 and Host Webcast on August 7, 2026 - Aflac || Jupiter Topco LLC Makes New Investment in Aflac Incorporated $AFL - marketbeat.com"
DAKT,2026-09-02,"Daktronics, Inc.",Technology,10,google_news|yfinance,neutral,True,"Les actualites presentes sont mixtes, avec des articles sur la valeur de l'action, les ratios financiers et les mouvements de l'action, mais sans une tonalite clairement positive ou negative.","DAKT or GRMN: Which Is the Better Value Stock Right Now? || Is Daktronics (DAKT) Stock Undervalued Right Now? || Who's Most Likely to Put Daktronics on the Acquisition Scoreboard? || Flux Power Holdings, Inc. (FLUX) Reports Q4 Loss, Tops Revenue Estimates || Beam Global (BEEM) Reports Q2 Loss, Beats Revenue Estimates || Are Options Traders Betting on a Big Move in Daktronics Stock? - Yahoo Finance || How Daktronics Inc. (DAKT) Affects Rotational Strategy Timing - Stock Traders Daily || Daktronics (NASDAQ: DAKT) officer gains 3,541 shares, 738 withheld for taxes - stocktitan.net || Daktronics Inc. (DAKT) Key Financial Ratios – Valuation, Profitability & More - Value Research || Diamond Hill Capital Management LLC Investment Advisor Buys New Position in Daktronics, Inc. $DAKT - marketbeat.com"
TILE,2026-09-02,"Interface, Inc.",Consumer Cyclical,10,google_news|yfinance,positive,True,"Les actualites presentes sont presque toutes positives, avec des mentions de croissance, de nouveaux produits, de lancements de collections et d'une performance boursiere exceptionnelle, ce qui suggere un ton general positif pour l'action Interface, Inc.","2 Reasons to Watch TILE and 1 to Stay Cautious || Interface Eyes Growth as One Interface Strategy Targets Commercial Flooring Share || Interface (TILE) Launches New Collection As Undervalued Narrative Stays In Focus || Interface (TILE) Is a Great Choice for 'Trend' Investors, Here's Why || Is Interface (TILE) a Solid Growth Stock? 3 Reasons to Think ""Yes"" || Bank of New York Mellon Corp Invests $16.51 Million in Interface, Inc. $TILE - marketbeat.com || Interface (TILE) insider sale leaves 40,786 shares held - stocktitan.net || TILE - Interface Inc Stock Price and Quote - Finviz || Interface Inc stock hits all-time high at 37.75 USD - Investing.com || Interface stock holds firm as dividend date approaches - AD HOC NEWS"
THG,2026-09-02,"The Hanover Insurance Group, Inc.",Financial Services,10,google_news|yfinance,neutral,True,"Bien que certaines actualités mentionnent des risques et des défis pour l'action, d'autres soulignent les performances solides de l'entreprise et les investissements de nouveaux clients, ce qui équilibre les tonalités des actualités.","Aon's $17 Billion USI Deal: A Costly Bet on Middle-Market Growth || Here's Why Investors Should Retain the Hartford Stock for Now || New Strong Buy Stocks for August 28th || Best Value Stocks to Buy for August 28th || Hanover Insurance (THG) Down 1.7% Since Last Earnings Report: Can It Rebound? || The Manufacturers Life Insurance Company Invests $5.39 Million in The Hanover Insurance Group, Inc. $THG - marketbeat.com || The Hanover Insurance Group, Inc. Declares Quarterly Dividend of $0.95 Per Common Share - TradingView || Are Investors Undervaluing The Hanover Insurance Group (THG) Right Now? - Yahoo Finance || The Hanover Insurance Group, Inc. Declares Quarterly Dividend, Payable September 25, 2026 - marketscreener.com || Legal & General Group Plc Takes Position in The Hanover Insurance Group, Inc. $THG - marketbeat.com"
2432.T,2026-09-02,"DeNA Co., Ltd.",Industrials,9,google_news|yfinance,positive,True,"L'actualité présente des résultats positifs pour DeNA Co., Ltd., avec une augmentation de 402% de l'EPS, des gains récents et des plans de partage de bénéfices liés à des événements sportifs et des venues de Yokohama.","Is DeNA (TSE:2432) Cheap As Q1 Net Income Jumps Despite Lower Sales? || Nintendo announces $1.9 billion share sale by Kyoto bank and others || DeNA (TSE:2432): Assessing Valuation After Recent Steady Gains || Profit Taking Eases Asian Stock Markets From Recent Highs || DeNA Co., Ltd. Just Beat EPS By 402%: Here's What Analysts Think Will Happen Next - simplywall.st || DeNA Number of Employees 2026 | Employee Count & Headcount Data - Revelio Labs || DeNA Sets 2026 Shareholder Perks Tied to Sports and Yokohama Venues - The Globe and Mail || DeNA Co., Ltd. 2027 Q1 - Results - Earnings Call Presentation (OTCMKTS:DNACF) 2026-08-07 - Seeking Alpha || Nintendo (NTDOY) authorizes share buyback to offset secondary offering, sales by DeNA and banks - Shacknews"
2548.TW,2026-09-02,"Huaku Development Co., Ltd.",Real Estate,5,google_news,neutral,True,"Les actualites presentes ne contiennent pas de commentaires definitifs sur l'action, mais montrent des performances positives des actions du secteur Real Estate.","2548 Stock Price and Chart — TWSE:2548 - TradingView || Taiwan stocks higher at close of trade; Taiwan Weighted up 0.48% - Investing.com || Technical Analysis of Huaku Development Co., Ltd. (TWSE:2548) - TradingView || Taiwan shares higher at close of trade; Taiwan Weighted up 0.12% By Investing.com - Investing.com UK || 9945 Stock Price and Chart — TWSE:9945 - TradingView"
2432.T,2026-09-02,"DeNA Co., Ltd.",Industrials,9,google_news|yfinance,positive,True,"Les actualites presentes sont presque toutes positives, avec des results de Q1 de DeNA qui surprennent les analystes, une augmentation des actions, des annonces de partage de actions par Nintendo et des avantages pour les actionnaires.","Is DeNA (TSE:2432) Cheap As Q1 Net Income Jumps Despite Lower Sales? || Nintendo announces $1.9 billion share sale by Kyoto bank and others || DeNA (TSE:2432): Assessing Valuation After Recent Steady Gains || Profit Taking Eases Asian Stock Markets From Recent Highs || DeNA Co., Ltd. Just Beat EPS By 402%: Here's What Analysts Think Will Happen Next - simplywall.st || DeNA Number of Employees 2026 | Employee Count & Headcount Data - Revelio Labs || DeNA Sets 2026 Shareholder Perks Tied to Sports and Yokohama Venues - The Globe and Mail || DeNA Co., Ltd. 2027 Q1 - Results - Earnings Call Presentation (OTCMKTS:DNACF) 2026-08-07 - Seeking Alpha || Nintendo (NTDOY) authorizes share buyback to offset secondary offering, sales by DeNA and banks - Shacknews"
7269.T,2026-09-02,Suzuki Motor Corporation,Consumer Cyclical,10,google_news|yfinance,positive,True,"L'actualité présente plusieurs éléments positifs, tels que la croissance des ventes de Pricol Ltd, la présence de Toyota dans le domaine des véhicules autonomes, la croissance de FIEM Industries Ltd et la stratégie de Suzuki pour augmenter sa production en Inde, ce qui suggère un ton général positif","Pricol Ltd (BOM:540293) (Q1 2027) Earnings Call Highlights: Revenue Surges 23% as Demerger ... || BYD Bets Small EV Can Crack Japan || Toyota backs Tier IV in level 4 autonomous vehicle push || FIEM Industries Ltd (BOM:532768) Q4 2026 Earnings Call Highlights: Record Growth and Strategic ... || Suzuki opens second plant in Kharkhoda, India || With 60% institutional ownership, Suzuki Motor Corporation (TSE:7269) is a favorite amongst the big guns - simplywall.st || Suzuki Motor Corporation FY2025 Results: Revenue Up 8.0%, Profit Attributable to Owners Rises 5.6% - scanx.trade || Suzuki Motorcycle India targets over 50% global sales share, plans new Haryana plant - CNBC TV18 || Maruti Suzuki: 8 SUVs in 5 Years to Regain Market Share - Rediff MoneyWiz || 7269 Stock Price and Chart — TSE:7269 - TradingView"
2548.TW,2026-09-02,"Huaku Development Co., Ltd.",Real Estate,5,google_news,neutral,True,"Les actualites presentes ne contiennent pas de commentaires definitifs sur l'action, mais montrent des performances positives des actions du secteur Real Estate.","2548 Stock Price and Chart — TWSE:2548 - TradingView || Taiwan stocks higher at close of trade; Taiwan Weighted up 0.48% - Investing.com || Technical Analysis of Huaku Development Co., Ltd. (TWSE:2548) - TradingView || Taiwan shares higher at close of trade; Taiwan Weighted up 0.12% By Investing.com - Investing.com UK || 9945 Stock Price and Chart — TWSE:9945 - TradingView"
UCG.MI,2026-09-02,UniCredit S.p.A.,Financial Services,10,google_news|yfinance,positive,True,"Les actualites presentes sont presque toutes positives, avec des annonces de financement pour des projets de Greenvolt, une upgrade de l'analyse de UniCredit par des analystes, et des annonces de financement pour des banques italiennes, ce qui suggere une tendance positive pour l'action.","Greenvolt secures $254m UniCredit funding for Polish BESS projects || Greenvolt secures financing package from Unicredit for BESS projects in Poland || Commerzbank (XTRA:CBK) Stock Looks Fairly Valued Despite Fresh ECB Bid News || Italy’s Monte dei Paschi Makes $40 Billion Move to Buy Rival Banks || Commerzbank, German resistance wanes: UniCredit nears deal, what could change || UniCredit (UNCRY) Upgraded to Buy: What Does It Mean for the Stock? - Yahoo Finance || UniCredit: We Raise Our Fair Value Estimate by 39%; Shares Modestly Undervalued - Morningstar || UniCredit stock holds near 85 euros as recent profit supports valuation - AD HOC NEWS || UniCredit S.p.A. Stock 12‑Month Price Target Raised to €91.66, Implies 14% Upside - TradingView || Up 100% In the Past Year, How Much Upside Does UniCredit Have in 2026? - TIKR.com"
7269.T,2026-09-02,Suzuki Motor Corporation,Consumer Cyclical,10,google_news|yfinance,positive,True,"L'actualité présente plusieurs éléments positifs, tels que la croissance des ventes de Pricol Ltd, la présence de Toyota dans le domaine des véhicules autonomes, la croissance de FIEM Industries Ltd et la stratégie de Suzuki pour augmenter sa production en Inde, ce qui suggère un ton général positif","Pricol Ltd (BOM:540293) (Q1 2027) Earnings Call Highlights: Revenue Surges 23% as Demerger ... || BYD Bets Small EV Can Crack Japan || Toyota backs Tier IV in level 4 autonomous vehicle push || FIEM Industries Ltd (BOM:532768) Q4 2026 Earnings Call Highlights: Record Growth and Strategic ... || Suzuki opens second plant in Kharkhoda, India || With 60% institutional ownership, Suzuki Motor Corporation (TSE:7269) is a favorite amongst the big guns - simplywall.st || Suzuki Motor Corporation FY2025 Results: Revenue Up 8.0%, Profit Attributable to Owners Rises 5.6% - scanx.trade || Suzuki Motorcycle India targets over 50% global sales share, plans new Haryana plant - CNBC TV18 || Maruti Suzuki: 8 SUVs in 5 Years to Regain Market Share - Rediff MoneyWiz || 7269 Stock Price and Chart — TSE:7269 - TradingView"
UFCS,2026-09-02,"United Fire Group, Inc.",Financial Services,10,google_news|yfinance,positive,True,"Les actualites presentes montrent une augmentation des actions, des results financiers positifs, des nouveaux investissements et des declarations de dividendes, ce qui suggere un ton general positif pour l'action de United Fire Group, Inc.","UVE Stock Gains 71.4% in a Year: Time to Add It for Better Returns? || United Fire Group (UFCS) Q2 2026 Earnings Call Transcript || Is United Fire Group (UFCS) Stock Undervalued Right Now? || United Fire Group, Inc (UFCS) Hits Fresh High: Is There Still Room to Run? || United Fire Group (UFCS) Stock Gets Fair Value Boost After Q2 Beat And Lower Cat Losses || Deutsche Bank AG Purchases New Position in United Fire Group, Inc $UFCS - marketbeat.com || United Fire Group, Inc. declares quarterly cash dividend of $0.20 per share and announces new board appointment - Yahoo Finance || Should Value Investors Buy United Fire Group (UFCS) Stock? - qz.com || United Fire Group (NASDAQ: UFCS) sets $0.20 payout, adds new director - stocktitan.net || Empowered Funds LLC Invests $5.93 Million in United Fire Group, Inc $UFCS - marketbeat.com"
UCG.MI,2026-09-02,UniCredit S.p.A.,Financial Services,10,google_news|yfinance,positive,True,"Les actualites presentes sont presque toutes positives, avec des annonces de financement pour des projets de Greenvolt et des upgrades de notation pour UniCredit, ce qui suggere une perception positive de l'action.","Greenvolt secures $254m UniCredit funding for Polish BESS projects || Greenvolt secures financing package from Unicredit for BESS projects in Poland || Commerzbank (XTRA:CBK) Stock Looks Fairly Valued Despite Fresh ECB Bid News || Italy’s Monte dei Paschi Makes $40 Billion Move to Buy Rival Banks || Commerzbank, German resistance wanes: UniCredit nears deal, what could change || UniCredit (UNCRY) Upgraded to Buy: What Does It Mean for the Stock? - Yahoo Finance || UniCredit: We Raise Our Fair Value Estimate by 39%; Shares Modestly Undervalued - Morningstar || UniCredit stock holds near 85 euros as recent profit supports valuation - AD HOC NEWS || UniCredit S.p.A. Stock 12‑Month Price Target Raised to €91.66, Implies 14% Upside - TradingView || Up 100% In the Past Year, How Much Upside Does UniCredit Have in 2026? - TIKR.com"
UFCS,2026-09-02,"United Fire Group, Inc.",Financial Services,10,google_news|yfinance,positive,True,"Les actualites presentes montrent une augmentation des actions, des results financiers positifs, des nouveaux investissements et des declarations de dividendes, ce qui suggere un ton general positif pour l'action de United Fire Group, Inc.","UVE Stock Gains 71.4% in a Year: Time to Add It for Better Returns? || United Fire Group (UFCS) Q2 2026 Earnings Call Transcript || Is United Fire Group (UFCS) Stock Undervalued Right Now? || United Fire Group, Inc (UFCS) Hits Fresh High: Is There Still Room to Run? || United Fire Group (UFCS) Stock Gets Fair Value Boost After Q2 Beat And Lower Cat Losses || Deutsche Bank AG Purchases New Position in United Fire Group, Inc $UFCS - marketbeat.com || United Fire Group, Inc. declares quarterly cash dividend of $0.20 per share and announces new board appointment - Yahoo Finance || Should Value Investors Buy United Fire Group (UFCS) Stock? - qz.com || United Fire Group (NASDAQ: UFCS) sets $0.20 payout, adds new director - stocktitan.net || Empowered Funds LLC Invests $5.93 Million in United Fire Group, Inc $UFCS - marketbeat.com"
AMG,2026-09-02,"Affiliated Managers Group, Inc.",Financial Services,10,google_news|yfinance,positive,True,"Les actualites recentes sur Affiliated Managers Group (AMG) suggèrent une tendance positive, avec des gains de 23,6% sur 6 mois, des results de Q2 record, et des investissements de nouveaux investisseurs, ce qui indique une confiance croissante dans l'action.","2 Reasons Investors Love Affiliated Managers Group (AMG) || AMG vs. BLK: Which Stock Should Value Investors Buy Now? || Custody Bank Stocks Q2 Highlights: Affiliated Managers Group (NYSE:AMG) || AMG’s Alternatives Boom Powers Record Growth || Affiliated Managers Group (AMG) Could Be 16% Undervalued As Earnings Jumped || 10,930 Shares in Affiliated Managers Group, Inc. $AMG Bought by Jupiter Topco LLC - MarketBeat || Here's Why Affiliated Managers Group (AMG) is a Strong Momentum Stock - Eastern Progress || Alyeska Investment Group L.P. Invests $1.15 Million in Affiliated Managers Group, Inc. $AMG - MarketBeat || Affiliated Managers Group stock hits 52-week low at 19.41 USD - Investing.com || Affiliated Managers (NYSE: AMG) director receives 654 shares in vesting - Stock Titan"
SAF.PA,2026-09-02,Safran SA,Industrials,10,google_news|yfinance,positive,True,"Les actualites presentes sont presque toutes positives, avec des mentions de croissance de revenue, de hausse des prix de cible, de soutien de l'action par des analystes et de bonnes perspectives pour l'industrie aeroportuaire.","GE Aerospace's LEAP Engine Deliveries Jumped 41% This Year. Here's Why Boeing and Airbus Both Need That Number to Keep Climbing. || NextNav Q2 Earnings Call Highlights || Safran (ENXTPA:SAF) Stock Fair Value Rises After Analyst Target Revisions || Infernos in France Threaten Cluster of Defense and Aerospace Factories || Is Safran (ENXTPA:SAF) Fully Priced Following Its Guidance Lift And Half Year Results? || Has Safran (SAFRY) Outpaced Other Aerospace Stocks This Year? - Yahoo Finance || Up Over 35% in the Last Year, Can SAF Stock Keep Climbing In 2026? - TIKR.com || Safran: The Disconnect Between Fundamentals And Price (OTCMKTS:SAFRF) - Seeking Alpha || Resilient Safran stock holds near recent highs as engine demand supports outlook - AD HOC NEWS || Berenberg Bank Sticks to Their Buy Rating for SAFRAN SA (0IU8) - The Globe and Mail"
BPOP,2026-09-02,"Popular, Inc.",Financial Services,10,google_news|yfinance,positive,True,"Les actualites recentes sur Popular, Inc. (BPOP) mettent en avant des elements positifs tels que des decisions de dividendes, des performances financieres solides et des perspectives de croissance, ce qui suggere un ton general positif pour l'action.","Popular (BPOP), Why Is It Back In The Spotlight? || Spotting Winners: Popular (NASDAQ:BPOP) And Regional Banks Stocks In Q2 || 3 Market-Beating Stocks with Competitive Advantages || 2 Reasons to Like BPOP (and 1 Not So Much) || Popular, Inc. (BPOP) Hit a 52 Week High, Can the Run Continue? || Popular, Inc. to Participate in the Barclays 24th Annual Global Financial Services Conference - Business Wire || Popular, Inc. Declares Dividend on Preferred Stock and Announces Distribution on Trust Preferred Securities - Yahoo Finance || Popular (NASDAQ: BPOP) sets $0.90 dividend, Oct. 1 payout - Stock Titan || Popular Inc. (NASDAQ:BPOP) Shows High Growth Momentum and Breakout Setup - ChartMill || Here’s How Much You Would Have Made Owning Popular Stock In The Last 10 Years - Sahm"
7735.T,2026-09-02,"SCREEN Holdings Co., Ltd.",Technology,9,google_news|yfinance,neutral,True,"Les actualites presentes sont mixtes, avec des informations sur les performances financieres et des commentaires de analystes, mais sans une tonalite clairement positive ou negative","Chip Wreck and Higher Oil Prices Roil Asian Stock Markets || Screen Holdings (TSE:7735) Valuation Check After Strong Recent Share Price Performance || Holiday Season Lull on Asian Stock Markets || Tech Strength Lifts Asian Stock Markets Outside China || 7735 Stock Price and Chart — TSE:7735 - TradingView || Earnings call transcript: SCREEN Holdings Q1 2026 profit falls, shares drop 10.8% - Investing.com || SCREEN Holdings Co., Ltd. 2027 Q1 - Results - Earnings Call Presentation (OTCMKTS:SCRNY) 2026-07-31 - Seeking Alpha || SCREEN Holdings Co. Ltd. Thailand Depositary Receipts Repr 1 Sh - TradingView || J.P. Morgan Maintains SCREEN HOLDINGS CO LTD(DINRF.US) With Buy Rating, Raises Target Price to $111.59 - Moomoo"
AMAT,2026-09-02,"Applied Materials, Inc.",Technology,10,google_news|yfinance,positive,True,"Bien que certaines actualités mentionnent des baisse du prix de l'action, les autres soulignent les performances de l'action par rapport au Dow, les achats de parts par l'entreprise et les perspectives positives sur le secteur de l'industrie des semiconducteurs.","Applied Materials’ stock buybacks: History & investor impact explained || Entegris, Penguin Solutions, Teradyne, Applied Materials, and KLA Corporation Stocks Trade Down, What You Need To Know || How ASML Can Hit $1 Trillion Value and Why the China Threat Is Overblown || I Keep Buying Marvell Technology Because Its Type Historically Wins || Is Applied Materials Stock Outperforming the Dow? || Is Applied Materials Stock Outperforming the Dow? - Barchart.com || Applied Materials Inc. stock underperforms Friday when compared to competitors - MarketWatch || Applied Materials Inc (AMAT) Shares Fall 3.6% -- GF Value Says S - GuruFocus || Applied Materials (NASDAQ: AMAT) grants director 279 RSUs - Stock Titan || Have Applied Materials Insiders Been Selling Stock? - simplywall.st"
LCII,2026-09-02,LCI Industries,Consumer Cyclical,10,google_news|yfinance,positive,True,"L'actualité présente des points positifs tels que l'expansion des marges, une augmentation des bénéfices ajustés et une expansion stratégique, malgré une baisse de ventes, ce qui suggère que l'action est en phase de croissance et de développement.","LCI Industries (LCII) Q2 2026 Earnings Call Transcript || LCI Industries Q2 Earnings Call Highlights || LCI Industries Inc (LCII) (Q2 2026) Earnings Call Highlights: Margin Expansion and Strategic ... || Patrick Industries (PATK) Stock Looks Reasonable On Cash Flow While Earnings Look Rich || LCI Industries Q2 2026 Earnings Call Summary || Empowered Funds LLC Purchases Shares of 100,329 LCI Industries $LCII - MarketBeat || LCI Industries (LCII) Agrees To All Stock Merger With Patrick Industries - Yahoo Finance || McDermott Will & Schulte advises Patrick Industries in Announced All-Stock Merger with LCI Industries - McDermott Will & Schulte || Why is LCI Industries stock plunging today? - Investing.com || Kingsview Wealth Management LLC Makes New $3.82 Million Investment in LCI Industries $LCII - MarketBeat"
ALV,2026-09-02,"Autoliv, Inc.",Consumer Cyclical,10,google_news|yfinance,positive,True,"Les actualites presentes sont presque toutes positives, avec des mentions de performances financieres solides, de dividendes et de positions de investissement, ce qui suggere un ton general positif pour l'action d'Autoliv, Inc.","1 Profitable Stock to Research Further and 2 We Ignore || QuantumScape (QS) Up 11.4% Since Last Earnings Report: Can It Continue? || 2 Cash-Producing Stocks to Target This Week and 1 We Turn Down || QuantumScape Q2 Earnings Beat Estimates on Eagle Line Gains || Tesla Q2 Earnings Miss on Higher R&D Costs, Revenues Rise Y/Y || Navellier & Associates Inc. Takes $1.97 Million Position in Autoliv, Inc. $ALV - MarketBeat || Autoliv, Inc. (ALV) Q2 Earnings and Revenues Top Estimates - Yahoo Finance || Autoliv Inc. (NYSE:ALV): A Dependable Dividend Stock Backed by Strong Fundamentals - ChartMill || Autoliv Sets 87-Cent Dividend Payments for Sept. 15-16 - Stock Titan || Autoliv Inc (ALV) Shares Fall 3.2% -- What GF Score of 84 Tells Investors - GuruFocus"
TGTX,2026-09-02,"TG Therapeutics, Inc.",Healthcare,10,google_news|yfinance,positive,True,"Les actualites recentes sur TG Therapeutics, Inc. (TGTX) suggererent des developpements positifs, tels que des rumors de takeover, des performances surperformantes et des investissements de capital, ce qui indique un ton general positif pour l'action.","TGTX Stock Pares Opening Losses After Analyst Dismisses Competition From Novartis || TGTX Stock Outperforms 95% of Stocks. Here's Why. || TGTX Stock On Track For Best Day In 3.5 Months Amid Fresh Buyout Rumors || TGTX Stock Alert: What to Know as Takeover Rumors Swirl Around TG Therapeutics || TG Therapeutics Conference: 908 Devices Bets on Handheld Drug, Chemical Detection || TG Therapeutics, Inc. (TGTX) Latest Stock News & Headlines - Yahoo Finance || TG Therapeutics (NASDAQ:TGTX): A Fitting Candidate for Affordable Growth - ChartMill || TG Therapeutics, Inc. (TGTX) Stock Analysis: Strong Revenue Growth and Promising Potential Upside for Investors - DirectorsTalk Interviews || TG Therapeutics Secures an Additional $500 Million in Non-Dilutive Capital from Blue Owl and Expands Share Repurchase Program to $300 Million - TG Therapeutics || TG Therapeutics: Why I'm Staying Long After The Q2 Selloff (NASDAQ:TGTX) - Seeking Alpha"
B3SA3.SA,2026-09-02,"B3 S.A. - Brasil, Bolsa, Balcão",Financial Services,7,google_news|yfinance,positive,True,"L'action B3 S.A. - Brasil Bolsa Balcao (BOLSY) a connu des performances solides avec une croissance de 11% des revenus au quatrième trimestre 2025 et une résilience face aux défis du marché, ainsi qu'une nouvelle stratégie de produits et une amélioration de l'efficacité opérationnelle.","B3 SA - Brasil Bolsa Balcao (BOLSY) Q4 2025 Earnings Call Highlights: Strong Revenue Growth and ... || B3 SA - Brasil Bolsa Balcao (BOLSY) Q3 2025 Earnings Call Highlights: Resilient Growth Amid ... || B3 S.A. Got An Antitrust Warning Because Of The Strength Of Its Moat (Rating Downgrade) - Seeking Alpha || Cambuci S.A. Launches Share Buyback to Unlock Shareholder Value - The Globe and Mail || Homerun Resources Inc. Announces Sponsored BDR Listing on B3 Stock Exchange - investingnews.com || B3 S.A. - Brasil, Bolsa, Balcão 2026 Q1 - Results - Earnings Call Presentation (OTCMKTS:BOLSY) 2026-05-08 - Seeking Alpha || Ecopetrol Completes Acquisition of a Controlling 51% Stake in Brava Energia S.A. and Strengthens Its Growth Platform in Brazil - TradingView"
FHI,2026-09-02,"Federated Hermes, Inc.",Financial Services,10,google_news|yfinance,neutral,True,"Les actualites presentes sont mixtes, avec des articles qui mentionnent les avantages de l'action (dividendes, valeur sur le marché) et d'autres qui soulignent les défis et les incertitudes (challenges, capital return strategy). Il n'y a pas de ton clairement positif ou négatif qui ressort des actua","UBS Gets a Win in Swiss Capital Battle || Federated Hermes (FHI) Could Be a Great Choice || Federated Hermes (FHI) Stock Seems Undervalued On Fair Value But Fair On Earnings || Federated Hermes (FHI) Gets A Closer Look As Digital Asset Hopes Meet Valuation Doubts || 1 Profitable Stock Worth Your Attention and 2 Facing Challenges || Here's Why Federated Hermes (FHI) is a Strong Value Stock - easternprogress.com || Bank of America Corp DE Lowers Stock Position in Federated Hermes, Inc. $FHI - MarketBeat || Fund Update: New $113.0M $SPCX Stock Position Opened by FEDERATED HERMES, INC. - Moomoo || Is Federated Hermes Poised to Sustain Its Capital Return Strategy? - Your Wyoming Link || Federated Hermes (FHI) Could Be a Great Choice - Yahoo Finance"
FRSH,2026-09-02,Freshworks Inc.,Technology,10,google_news|yfinance,positive,True,"Les actualites presentes sont presque toutes positives, avec des mentions de croissance, de profit, de crescence et de potentiels de surcroit, ce qui suggere un ton general positif pour l'action de Freshworks Inc.","Amplitude, GitLab, Doximity, Freshworks, and Sprinklr Shares Skyrocket, What You Need To Know || 1 Profitable Stock with Exciting Potential and 2 We Question || 2 of Wall Street’s Favorite Stocks for Long-Term Investors and 1 We Find Risky || Freshworks Conference: CFO Bets on AI, Enterprise Simplicity to Drive Growth || Freshworks (FRSH) Just Turned Profitable, So Why Is Wall Street Skeptical? || Is Freshworks Inc. (FRSH) A Good Stock To Buy Now? - Yahoo Finance || Freshworks stock hits 52-week high at 13.77 USD By Investing.com - Investing.com Nigeria || FRSH - Finviz || Freshworks Stock Drops 32% in 2026: Why the Math Still Supports a 120% Total Return - TIKR.com || Why Freshworks (FRSH) Might be Well Poised for a Surge - easternprogress.com"
GEV,2026-09-02,GE Vernova Inc.,Industrials,10,google_news|yfinance,positive,True,"Les actualites presentes sont presque toutes positives, avec des mentions de croissance, de backlog, de deals avec des grandes entreprises et de tendances positives sur le marché, ce qui suggere un ton general positif pour l'action GE Vernova Inc.","AI Spending Is Going How High? || US's Wright on Venezuela Oil Production, SPR, Strait of Hormuz || GEV Stock Rises 37.5% YTD: Time to Lock in Gains or Ride the Wave? || Gas Turbine Prices Are on Track to Nearly Triple. These Stocks Are Cashing In. || Top 3 Nuclear Stocks To Watch In September 2026 || GE Vernova Stock Is Up 44% Over the Past Year, Will It Keep Climbing in 2026? Here’s What Analysts Say. - TIKR.com || GE Vernova: Sold Out Through 2030 - Seeking Alpha || GE Vernova Stock Drops. Is SpaceX Coming for Them Too? -- Barrons.com - Moomoo || Ge Vernova Inc Stock (GEV) Moved Down by 3.33% on Aug 28: Facts Behind the Movement - TradingKey || GE Vernova Inc. (GEV) Is a Trending Stock: Facts to Know Before Betting on It - Yahoo Finance"
GOOGL,2026-09-02,Alphabet Inc.,Communication Services,10,google_news|yfinance,neutral,True,"Les actualites presentes sont mixtes, avec des informations sur des produits futurs d'Apple, des partenariats d'Nvidia, des evolutions de la strategie de Google, ainsi que des informations sur les performances de l'action de Palantir et de Tesla, ce qui indique un ton neutre.","Are you willing to pay $2,000 for an iPhone? These customers may. || Two deals, one Nvidia strategy: What's behind the chip giant's recent partnerships || Palantir stock tumbles as Google encroaches on defense AI market || Tesla's Cybercab Event Has 'More At Stake' Than Past Product Demos, Morgan Stanley || Google Just Escaped a Breakup of Its Ad Tech Empire || Alphabet stock has tanked recently because of a 'brain drain' - Yahoo Finance || Futures Fall As AI Leaders Keep Sliding; Google I/O Kicks Off - Investor's Business Daily || Google Stock (GOOGL) Rises After Judge Rejects Ad Tech Sale Order - TipRanks || Broadcom’s Google Problem? JPMorgan Says Not So Fast - Broadcom (NASDAQ:AVGO) - Benzinga || One Mag 7 Stock to Watch in the Second Half of 2026 For Solid Gains - Yahoo Finance"
WDC,2026-09-02,Western Digital Corporation,Technology,10,google_news|yfinance,positive,True,"Les actualites presentes sont presque toutes positives, avec des mentions de gains, de croissance et de bonnes performances financieres, ce qui suggere un ton general positif pour l'action de Western Digital Corporation.",Micron Stock Offers More Than A Market Ride || 3 AI Stocks With At Least 18% Earnings Growth || Seagate's YTD Gains are Double the Industry: Is the Stock Still a Buy? || Micron Is No Longer What It Was So I Keep Loading Up || Will Quantum's Cost Discipline Keep Margins on an Upward Trajectory? || Western Digital Corporation (WDC) Jumped Following the Earnings Beat - Yahoo Finance || Is Western Digital Stock a Buy After Q4 Earnings? Here’s What You Need to Know. - TIKR.com || Western Digital: Time To Jump In Before Beast Mode Arrives Again (NASDAQ:WDC) - Seeking Alpha || Big movements in Western Digital Corporation stock price on Monday moving 10.63% between high and low - StockInvest.us || Is Western Digital Corporation (WDC) A Good Stock To Buy Now? - Yahoo Finance
SNA,2026-09-02,Snap-on Incorporated,Industrials,10,google_news|yfinance,positive,True,"Bien que certaines actualités mentionnent des risques et des préoccupations, le ton général est dominé par des éléments positifs, tels que la performance de l'action, les analystes bullistes et les investissements de nouveaux investisseurs.","3 Reasons SNA is Risky and 1 Stock to Buy Instead || Are Wall Street Analysts Bullish on Snap-on Stock? || Snap On (SNA) Beat Expectations, Is The Stock Fully Priced? || Spotting Winners: Snap-on (NYSE:SNA) And Professional Tools and Equipment Stocks In Q2 || Can Snap-on's RCI Execution and Innovation Sustain Growth? || Public Employees Retirement System of Ohio Invests $7.22 Million in Snap-On Incorporated $SNA - MarketBeat || Director shifts Snap-on (NYSE: SNA) shares into spouse trusts as gifts - Stock Titan || Snap-On Incorporated $SNA Stake Lifted by UBS AM a distinct business unit of UBS ASSET MANAGEMENT AMERICAS LLC - MarketBeat || Man Group plc Purchases New Shares in Snap-On Incorporated $SNA - MarketBeat || Canada Pension Plan Investment Board Buys Shares of 29,860 Snap-On Incorporated $SNA - MarketBeat"
ITUB4.SA,2026-09-03,Itaú Unibanco Holding S.A.,Financial Services,10,google_news|yfinance,positive,True,"L'actualité présente plusieurs éléments positifs, tels que l'approbation conditionnelle de la charte bancaire américaine, l'expansion de la franchise de banque de richesse et l'augmentation de la valeur de l'action.","Will ITUB's U.S. Bank Charter Expand Its Wealth Banking Franchise? || Brazil’s Itaú gets OCC’s conditional approval for US charter || How to Bet on the Middle Class in Emerging Markets || Brazil's big banks shun riskier lending as household debt strains grow || Nu Holdings Jumps 10% to a Five-Month High, StoneCo Drops 6% as Nubank Breaks From the Pack || ITAÚ UNIBANCO - MATERIAL FACT - BONUS SHARES - PR Newswire || Itaú Unibanco Wins Preliminary U.S. Approval to Launch National Bank - theglobeandmail.com || Itaú Unibanco Holding S.A. 2026 Q1 - Results - Earnings Call Presentation (NYSE:ITUB) 2026-05-25 - Seeking Alpha || Itau Unibanco Holding S.A. Receives Conditional Preliminary Approval to Establish National Bank in United States - marketscreener.com || Itaú Unibanco Updates 2026 Guidance and Cost of Capital Assumptions - theglobeandmail.com"
PINFRA.MX,2026-09-03,"Promotora y Operadora de Infraestructura, S. A. B. de C. V.",Industrials,5,google_news,negative,True,"Aucune actualité positive ou neutre sur Promotora y Operadora de Infraestructura, S. A. B. de C. V. (PINFRA.MX) est disponible, les actualités disponibles sont toutes négatives ou sans rapport avec l'action.","Corporativo Fragua, S.A.B. de C.V. (FRAGUAB.MX) Stock Price, News, Quote & History - Yahoo Finance || Mexico shares lower at close of trade; S&P/BMV IPC down 0.38% - uk.investing.com || Aleatica, S.A.B. de C.V.: Shareholders Board Members Managers and Company Profile | MX01AL1C0003 - marketscreener.com || FlexShares Real Assets Allocation Index Fund Holdings - Quiver Quantitative || TF1 SA (TVFCF) Stock Price, News, Quote & History - Yahoo! Finance Canada"
CPA,2026-09-03,"Copa Holdings, S.A.",Industrials,10,google_news|yfinance,positive,True,"Les actualites presentes sont presque toutes positives, avec des analyses de dividendes, des recommandations de investissement et des resultats financiers positifs, ce qui suggere un ton general positif pour l'action.","Copa Holdings SA's Dividend Analysis || Zacks Industry Outlook Delta Air, American Airlines, and Copa || 3 Airline Stocks to Monitor as the Industry Grapples With Challenges || Copa (CPA) Q2 2026 Earnings Call Transcript || Copa Holdings (CPA) Stock Still Looks Reasonable On Strong Q2 Results || Copa Holdings SA's Dividend Analysis - GuruFocus || CPA - Copa Holdings SA Stock Price and Quote - Finviz || Is Copa Holdings (CPA) Outperforming Other Transportation Stocks This Year? - Yahoo Finance || COPA HOLDINGS SA ($CPA) Releases Q2 2026 Earnings | CPA Stock News - Quiver Quantitative || Copa Holdings (CPA) Earnings Expected to Grow: What to Know Ahead of Next Week's Release - Eastern Progress"
GIC,2026-09-03,Global Industrial Company,Industrials,10,google_news|yfinance,positive,True,"Bien que certains articles mentionnent des questions sur les fondamentaux de GIC, la majorité des actualités présentent des informations positives sur la performance récente de l'entreprise et son croissance.","1 Cash-Producing Stock to Target This Week and 2 That Underwhelm || 3 Unpopular Stocks with Questionable Fundamentals || Global Industrial Co's Dividend Analysis || Sherwin Williams (SHW) Insider Sale Leaves Valuation Question Open || 5 Revealing Analyst Questions From Global Industrial’s Q2 Earnings Call || Hotels can explore vacuums, furniture and air conditioners at a Miami show - Stock Titan || Global industrial SVP Hughes sells $255k of GIC stock - Investing.com || Global Industrial (NYSE: GIC) officer to sell 4,753 shares - Stock Titan || Global Industrial (GIC) Meets Q2 Earnings Estimates - Yahoo Finance || Global Industrial Company's Pop Is Great, But Not A Reason To Jump In (NYSE:GIC) - Seeking Alpha"
AMZN,2026-09-03,"Amazon.com, Inc.",Consumer Cyclical,10,google_news|yfinance,negative,False,"'ftc lawsuit' actif (3/3 votes) : Proces ou enquete en cours, accusation recente, risque d'impact sur les finances de l'entreprise; Problème potentiel de sanctions ou de sanctions après un procès, ce qui pourrait affecter le statut et la réputation de l'entreprise.; Amazon est confro (titre: Amazon Stock Continues to Slide After FTC Lawsuit - TradingView)","Amazon stock just entered the danger zone || Stanley Druckenmiller Increased Amazon More Than 10-Fold and Opened an AMD Position. What’s the Common Bet? || Snowflake Earnings Show a Company Riding the AI Wave || How To Bank 8.8% A Year On IBM Stock Before Buying A Single Share || US judge rejects bid to break up Google's ad business || Albion Financial Group UT Trims Stock Holdings in Amazon.com, Inc. $AMZN - MarketBeat || Amazon.com Inc Stock (AMZN) Moved Down by 3.06% on Aug 31: Facts Behind the Movement - TradingKey || Amazon.com (NASDAQ:AMZN) Stock Faces A Key Technical Test - Kalkine Media || What's Going On With the Fall in Amazon Stock? - Benzinga || Amazon Stock Continues to Slide After FTC Lawsuit - TradingView"
1878.T,2026-09-03,"Daito Trust Construction Co.,Ltd.",Real Estate,6,google_news|yfinance,positive,True,"L'actualité présente plusieurs développements positifs pour l'action, tels que la conclusion d'un accord sur la cession de parts dans une société américaine, le développement d'un programme pour aider les ingénieurs étrangers à obtenir des qualifications nationales, ainsi que des messages de leaders","Daito Trust Construction (TSE:1878): Assessing Valuation as Shares Show Subtle Uptrend || Daito Trust Construction concludes agreement on transfer of shares in the Coastline Group (Los Angeles, California, USA) - kentaku.co.jp || Daito Trust Construction jointly develops program to help foreign engineers obtain national qualifications - kentaku.co.jp || CEO Message | Corporate Information | Daito Trust Construction - kentaku.co.jp || Foreign language support center to provide support for foreign residents in nine languages - kentaku.co.jp || Realizing a Decarbonized Society | Environment | Sustainability | Daito Trust Construction - kentaku.co.jp"
6920.T,2026-09-03,Lasertec Corporation,Technology,10,google_news|yfinance,positive,True,"L'actualité présente plusieurs articles positifs sur Lasertec Corporation, notamment une mention de son leadership dans le secteur des technologies, une hausse de ses actions et des articles de recommandation d'achat.","Lasertec Stock Leads 3 Japanese Growth Picks With High Insider Ownership || European Indexes Rise in Strong Open as AI, Defense Stocks Gain || Tech-Sector Recovery Lifts Asian Stock Markets || Tech Recovery Lifts Asian Stock Markets || Easing Crude Prices Stiffen Asian Stock Markets || Lasertec Shares Hit New High on Fresh AI-Driven Rally - marketscreener.com || Should You Think About Buying Lasertec Corporation (TSE:6920) Now? - simplywall.st || Yomiuri 333 Rises for Second Day, Up 406 Yen to 53,028; Lasertec Surges 10% - finance.biggo.com || Global Growth Companies With High Insider Ownership That Insiders Trust - webull.com || Essential Japanese Semi Companies For The Reshoring Age - Seeking Alpha"
2404.TW,2026-09-03,"United Integrated Services Co., Ltd.",Industrials,5,google_news,neutral,True,"L'actualité présente uniquement des informations générales sur les performances des marchés taiwanais et des événements liés à des fonds d'investissement, sans fournir de commentaires spécifiques sur l'action de United Integrated Services Co., Ltd.","L&K Engineering Co., Ltd. (6139.TW) Stock Price, News, Quote & History - Yahoo Finance || Taiwan stocks higher at close of trade; Taiwan Weighted up 0.91% - Investing.com || Wasatch Emerging Markets Select Fund Q2 2026 Commentary (undefined:WAESX) - seekingalpha.com || TSMC Recognizes Outstanding Suppliers at 2019 Supply Chain Management Forum - pr.tsmc.com || TSMC Recognizes Outstanding Suppliers at 2020 Supply Chain Management Forum - pr.tsmc.com"
9939.TW,2026-09-03,"Taiwan Hon Chuan Enterprise Co., Ltd.",Consumer Cyclical,5,google_news,negative,True,"Aucune information positive ou neutre sur l'action de Taiwan Hon Chuan Enterprise Co., Ltd. (9939.TW) est disponible dans les actualités fournies.","Technical Analysis of Taiwan Hon Chuan Enterprise Co., Ltd. (TWSE:9939) - TradingView || International Packaging Number of Employees 2026 | Employee Count & Headcount Data - Revelio Labs || FTG Holdings Ltd Stock (FTGH) - Quote Nairobi S.E. - marketscreener.com || Dimensional Emerging Core Equity Market ETF Holdings - Quiver Quantitative || Cabka N.V.: Shareholders Board Members Managers and Company Profile | NL00150000S7 - marketscreener.com"
ABEV3.SA,2026-09-03,Ambev S.A.,Consumer Defensive,10,google_news|yfinance,positive,True,"Les actualites presentes montrent une croissance revenue et des marges expansionnees, ainsi que des investissements dans des activations de marque, ce qui suggere un ton general positif pour l'action d'Ambev S.A.","Ambev (ABEV) Q2 2026 Earnings Call Transcript || Ambev SA (ABEV) (Q2 2026) Earnings Call Highlights: Strong Beer Growth and Digital Expansion ... || Ambev Q2 Earnings Call Highlights || CCU vs. ABEV: Which Stock Should Value Investors Buy Now? || PepsiCo Q2 Earnings Beat on Volume Gains & International Strength || Cook & Bynum Capital Management LLC Buys Shares of 1,354,009 Ambev S.A. $ABEV - marketbeat.com || Ambev SA (ABEV) Climbs to 5-Year High on Strong Q1 - Yahoo Finance || Ambev Stock Edges Up 0.3% as Volume Runs 72% Above Average - TechStock² || Ambev SA Stock (ABEV) Moved Up by 17.24% on May 5: Key Drivers Unveiled - TradingKey || Ambev stock steady as latest market data tracks modest gains - AD HOC NEWS"
SENEB,2026-09-03,Seneca Foods Corporation,Consumer Defensive,10,google_news|yfinance,positive,True,"Les actualites recentes sur Seneca Foods Corporation (SENEA) suggere un ton general positif, avec des gains de prix, des ventes accrues et des acquisitions stratégiques, ce qui indique que l'action est consideree comme une opportunité d'investissement.","Why Seneca Foods Looks Ripe For A Takeover || Seneca Stock Gains Following Q1 Earnings, Sales Increase Y/Y || The Zacks Analyst Blog Highlights Apple, Shell, Toyota, Seneca and Value Line || Top Research Reports for Apple, Shell & Toyota Motor || Is Seneca Foods Corporation (SENEA) A Good Stock To Buy Now? || Seneca Foods (NASDAQ:SENEA) Stock Price Up 3.9% - Still a Buy? - MarketBeat || Seneca Foods stock up 107.5% since June 2023 on strong growth and acquisitions, still undervalued. - Pluang || Green Giant Frozen acquisition helps drive Seneca sales to $405M - stocktitan.net || Seneca Stock Gains 38.9% in Three Months: What's Driving the Rally? - Yahoo Finance || Is Seneca Foods (SENE.A) Using ESOP Share Plans to Redefine Its Long-Term Capital Strategy? - webull.com"
AMZN,2026-09-04,"Amazon.com, Inc.",Consumer Cyclical,10,google_news|yfinance,neutral,True,"Bien que certaines actualités mentionnent des problèmes tels que des grèves et des ventes en baisse, d'autres soulignent la croissance de l'entreprise et son leadership dans le secteur de la logistique et de la cloud computing.","Whole Foods CEO bets on smaller stores and the latest Amazon tech to win over shoppers || How Amazon is transforming your Whole Foods run: CEO || What Amazon.com (AMZN)'s Riverside Warehouse Strike Reveals About Labor Risk in Its Logistics Model || Costco Stock Is Priced For Two Good Years, Is That A Safe Bet? || Amazon's $42.2 Billion Cloud Lead Finally Has a Scoreboard || Amazon.com (AMZN): AI Exposure Adds, But Other Businesses Drive Results - Yahoo Finance || Insider Selling: Amazon.com (NASDAQ:AMZN) CEO Sells 1,000 Shares of Stock - MarketBeat || Amazon.com Announces Second Quarter Results - Amazon Investor Relations || Amazon.com Inc Stock (AMZN) Moved Down by 3.06% on Aug 31: Facts Behind the Movement - TradingKey || Snowflake (SNOW) Stock Soars 16% After Q2 Earnings: Is It Still a Buy? - Finviz"
PATH,2026-09-04,"UiPath, Inc.",Technology,10,google_news|yfinance,positive,True,"Bien que UiPath ait connu une chute après avoir battu les attentes, les actualités soulignent également son résultat positif, son nouveau plan de direction et son élan en faveur de l'intelligence artificielle, ce qui suggère un ton positif.","UiPath (PATH) Could Be 15% Undervalued After Q2 Beat And Higher Revenue Outlook || Update: Equities Fall Intraday as Jobs Report Lifts Rate Hike Bets || Tesla, Fair Isaac, Micron, Sandisk, AMC, Trade Desk, UiPath, and More Stocks That Explain Today’s Market || 3 Stocks Seeing Explosive Options Volume Today || UiPath Stock Plummets on AI Competition Fears, Despite Revenue Beat || UiPath (PATH) Reports Q2 Earnings: What Key Metrics Have to Say - Yahoo Finance || UiPath Reports Second Quarter Fiscal 2027 Financial Results - Business Wire || UiPath: The SaaS Recovery Is Overdone (Rating Downgrade) - Seeking Alpha || Mizuho raises UiPath stock price target to $14 on strong results - Investing.com || UiPath beats on revenue but its stock tanks after-hours - SiliconANGLE"
SBIN.NS,2026-09-07,State Bank of India,Financial Services,10,google_news|yfinance,positive,True,"L'action de State Bank of India est soutenue par des actualites positives sur ses resultats financiers, son retour sur le marche des obligations en dollars et son expansion, ainsi que par des annonces de recrutement et d'investissement.","State Bank of India returns to dollar debt market, bankers see strong demand || State Bank of India (SBKFF) (Q1 2027) Earnings Call Highlights: Record Profit and Digital Push ... || India's largest lender SBI beats quarterly profit view on healthy loan growth || State Bank of India, HSBC and ICICI lead India's overseas deposit drive, data shows || Avaada secures $1.3bn in financing for 2.15GW renewable energy projects || State Bank of India , underperforms competitors - MarketWatch || India's largest lender SBI beats quarterly profit view on healthy loan growth - Reuters || NSE IPO: How SBI, IFCI, GIC Re, Bank of Baroda shares reacted after Sebi approval - Fortune India || SBI to hire 12,000 personnel, add 250 branches during FY27: Chairman Setty - ETHRWorld.com || State Bank of India To Hire 12,000 Personnel, Add 250 Branches In FY27: CS Setty - NDTV Profit"
ABEV3.SA,2026-09-07,Ambev S.A.,Consumer Defensive,10,google_news|yfinance,positive,True,"Les actualites presentes montrent une croissance revenue et des marges expansionnees, ainsi qu'une activation renforcee du World Cup, ce qui suggere un ton general positif pour l'action.",Ambev (ABEV) Q2 2026 Earnings Call Transcript || Ambev SA (ABEV) (Q2 2026) Earnings Call Highlights: Strong Beer Growth and Digital Expansion ... || Ambev Q2 Earnings Call Highlights || CCU vs. ABEV: Which Stock Should Value Investors Buy Now? || PepsiCo Q2 Earnings Beat on Volume Gains & International Strength || ABEV Stock Grinds Higher As Tight Range Draws Trader Focus - StocksToTrade || Van ECK Associates Corp Has $3.49 Million Holdings in Ambev S.A. $ABEV - MarketBeat || Ambev SA (ABEV) Climbs to 5-Year High on Strong Q1 - Yahoo Finance || ABEV - Ambev SA ADR Stock Price and Quote - Finviz || Ambev SA Stock (ABEV) Moved Up by 17.24% on May 5: Key Drivers Unveiled - TradingKey
2503.T,2026-09-07,"Kirin Holdings Company, Limited",Consumer Defensive,10,google_news|yfinance,positive,True,"Les actualites presentes sont presque toutes positives, avec des mentions de croissance, de diversification, de reussite financiere et de decisions stratégiques, ce qui suggere un ton general positif pour l'action de Kirin Holdings Company, Limited.","Why spirits slowdown could prompt majors to diversify || Assessing Kirin Holdings (TSE:2503) Valuation After Recent Share Price Momentum || Kirin launches RTD brand Hyoketsu in US || Is It Time To Reassess Kirin Holdings Company (TSE:2503) After Its Strong 1‑Year Share Price Run? || 3 Reasons Growth Investors Will Love Kirin (KNBWY) || Kirin Holdings Selected as a ""DX Stock 2026"" for Commitment to Digital Transformation - Kirin Holdings Company, Limited || Kirin Holdings Company, Limited 2026 Q2 - Results - Earnings Call Presentation (OTCMKTS:KNBWY) 2026-08-09 - Seeking Alpha || The Strong Earnings Posted By Kirin Holdings Company (TSE:2503) Are A Good Indication Of The Strength Of The Business - simplywall.st || Kirin stock steadies as Tokyo peers slide - AD HOC NEWS || Jamieson Wellness Enters into Definitive Agreement to be Acquired by Kirin in C$2.5 Billion Transaction - PR Newswire Canada"
WDC,2026-09-07,Western Digital Corporation,Technology,9,google_news|yfinance,positive,True,"Les actualites presentes montrent une forte volatilité positive pour l'action de Western Digital, avec des gains significatifs et des ventes de parts par des dirigeants, ce qui suggere un ton general positif.","Nike Exits the S&P 100 Index. 4 Tech Stocks Move In || These 2 AI Storage Stocks Soared as the S&P 500 Fell || Western Digital Director Sold $2.5 Million After a Fourfold-Plus Run. Is AI Storage Momentum Peaking? || Western Digital (WDC) Stock Looks Cheap On Value Checks While Its Share Run Looks Hard To Ignore || Micron and Western Digital Shares Skyrocket, What You Need To Know || Micron and Western Digital Shares Skyrocket, What You Need To Know - Yahoo Finance || What's Going On With Western Digital Stock Friday? - benzinga.com || WDC Stock's Big Rally: Buy, Sell, or Hold After a 70% 6-Month Surge? - Eastern Progress || Have Insiders Sold Western Digital Shares Recently? - simplywall.st"
NDX1.DE,2026-09-07,Nordex SE,Industrials,10,google_news|yfinance,positive,True,"L'action de Nordex SE est soutenue par des actualites positives sur les ventes, les bénéfices et les ordres, ainsi que par des prévisions de croissance et de valeur intrinsèque.","Nordex secures 525MW turbine order from Türkerler || Nordex (XTRA:NDX1) Stock Still Looks Discounted As A 228% Gain Tests Fair Value || Nordex (XTRA:NDX1) Could Be 18% Below Fair Value On Half Year 2026 Earnings || Nordex Group secures new US orders totalling more than 480 MW || Nordex Doubles Q2 EBITDA and Confirms 2026 Outlook on Strong Order Growth || Nordex SE celebrates 25 years as a listed company - Nordex SE || NDX1 Forecast — Price Target — Prediction for 2027 - TradingView || Nordex stock consolidates after strong order summer and confirmed guidance - AD HOC NEWS || Germany's Nordex tops profit forecast on strong wind demand, shares jump - Reuters || Nordex Stock Forecast 2026–2030 | Future Outlook - Capital.com"
AMAT,2026-09-07,"Applied Materials, Inc.",Technology,10,google_news|yfinance,positive,True,"Les actualites presentes sont presque toutes positives, avec des mentions de gains, de croissance et de performances solides de l'action, ce qui suggere un ton general positif.","Jim Cramer Shares His Playbook for Buying Applied Materials (AMAT) || Memory, Other AI-Related Stocks Lead the Market’s Top Performers Friday || Can Applied Materials (AMAT) Still Look Cheap After A 237% Run? || Why Did Applied Materials Stock Nearly Triple On Single-Digit Trailing Revenue Growth? || AMAT Rides on AI-Led WFE Demand: Can it Sustain the Momentum? || Applied Materials Inc. stock outperforms competitors on strong trading day - MarketWatch || Is Applied Materials Inc (AMAT) Overvalued After 4.3% Rally? GF - GuruFocus || Applied Materials Just Dropped 14% in a Month. Sell Now, or Buy More? - 24/7 Wall St. || Should You Buy, Sell or Hold AMAT Stock After a 72.5% YTD Rise? - Yahoo Finance || Applied Materials stock heads into the open after a 4.31 percent jump - AD HOC NEWS"
DINO,2026-09-07,HF Sinclair Corporation,Energy,10,google_news|yfinance,positive,True,"Les actualites presentes montrent une action positive sur HF Sinclair Corporation, avec des actions de buyback, des registrations de parts et des analyses positives de la part de Goldman Sachs et de Zacks.com, indiquant une confiance croissante dans la company.","38% Overvalued? HF Sinclair (DINO) Faces Valuation Questions Following Buyback And Shelf Filing || HF Sinclair (DINO) Files Shelf Registration And Sets $1,500 Million Share Buyback || Goldman’s Energy Dividend Picks: Why Devon and HF Sinclair Still Offer Upside || HF Sinclair Corporation (DINO) Hits Fresh High: Is There Still Room to Run? || Zacks.com featured highlights include Match Group, Amkor Technology and HF Sinclair || DINO Stock Price and Chart — NYSE:DINO - TradingView || HF Sinclair Corporation (DINO) Hits Fresh High: Is There Still Room to Run? - Yahoo Finance || HF Sinclair Stock Climbs 18% On A 8-Day Winning Streak - Trefis || Analysts Offer Insights on Energy Companies: HF Sinclair Corporation (DINO) and Ovintiv (OVV) - The Globe and Mail || HF Sinclair Corporation (DINO) Hit a 52 Week High, Can the Run Continue? - Yahoo Finance"
JAZZ,2026-09-07,Jazz Pharmaceuticals plc,Healthcare,10,google_news|yfinance,positive,True,"L'action de Jazz Pharmaceuticals plc (JAZZ) a connu plusieurs actualités positives, notamment la publication de résultats de recherche favorables pour son produit Ziihera, une augmentation de son prix cible et une révision de son prix cible par Morgan Stanley.","Jazz (JAZZ) Says Ziihera Beat Trastuzumab on Overall Survival. Can it Replace the First-Line HER2 Backbone? || Why Is Jazz (JAZZ) Down 6.9% Since Last Earnings Report? || Stocks making big moves yesterday: Jazz Pharmaceuticals, SAIC, Herbalife, AGCO, and Deere || Axsome Begins Phase III Study on AXS-05 for Smoking Cessation || JAZZ Rises on Updated OS Results From Gastric Cancer Study || Jazz Pharmaceuticals Announces Private Offering of $1.0 Billion of Exchangeable Senior Notes due 2032 and Concurrent Ordinary Share Repurchases - PR Newswire || Insider plans more Jazz (NASDAQ: JAZZ) share sales—but how big is this next trade? - Stock Titan || Morgan Stanley Raises its Price Target on Jazz Pharmaceuticals (JAZZ) - Yahoo Finance || Jazz Pharmaceuticals stock hits all-time high at 265.54 USD - Investing.com || Jazz Pharmaceuticals Stock: Here’s What Analysts Are Saying After the Q1 Beat and August Catalyst - TIKR.com"
AMG,2026-09-07,"Affiliated Managers Group, Inc.",Financial Services,10,google_news|yfinance,positive,True,"Les actualites recentes sur Affiliated Managers Group, Inc. (AMG) suggererent une performance solide, des repurchases de actions et une croissance du titre, ce qui indique un ton general positif.","Affiliated Managers Group Repurchased About $375 Million of Stock in 6 Months || Is Affiliated Managers Group (AMG) Stock Outpacing Its Finance Peers This Year? || Should Value Investors Buy Affiliated Managers Group (AMG) Stock? || AMG vs. BLK: Which Stock Is the Better Value Option? || 2 Reasons Investors Love Affiliated Managers Group (AMG) || Is Affiliated Managers Group (AMG) Stock Outpacing Its Finance Peers This Year? - Yahoo Finance || Secure Asset Management LLC Buys Shares of 8,156 Affiliated Managers Group, Inc. $AMG - MarketBeat || Here's Why Affiliated Managers Group (AMG) is a Strong Momentum Stock - Eastern Progress || Should Value Investors Buy Affiliated Managers Group (AMG) Stock? - Yahoo Finance || UBS AM a distinct business unit of UBS ASSET MANAGEMENT AMERICAS LLC Sells 28,602 Shares of Affiliated Managers Group, Inc. $AMG - MarketBeat"
7269.T,2026-09-07,Suzuki Motor Corporation,Consumer Cyclical,10,google_news|yfinance,positive,True,"L'actualité présente plusieurs éléments positifs, tels que la croissance des ventes de Pricol Ltd, la présence de Toyota dans le domaine des véhicules autonomes, la croissance de FIEM Industries Ltd et la stratégie de Suzuki pour réclamer 50% de part de marché en Inde.","Pricol Ltd (BOM:540293) (Q1 2027) Earnings Call Highlights: Revenue Surges 23% as Demerger ... || BYD Bets Small EV Can Crack Japan || Toyota backs Tier IV in level 4 autonomous vehicle push || FIEM Industries Ltd (BOM:532768) Q4 2026 Earnings Call Highlights: Record Growth and Strategic ... || Suzuki opens second plant in Kharkhoda, India || With 60% institutional ownership, Suzuki Motor Corporation (TSE:7269) is a favorite amongst the big guns - simplywall.st || Suzuki Motor Corporation FY2025 Results: Revenue Up 8.0%, Profit Attributable to Owners Rises 5.6% - scanx.trade || Suzuki Motor to rev up India launches, investments to reclaim 50% market share; reinforces commitment to a ‘multi-pathway’ carbon-neutrality strategy - indianexpress.com || Suzuki stock slips as Maruti Suzuki extends decline despite new Eeco milestone - AD HOC NEWS || Suzuki Motorcycle India targets over 50% global sales share, plans new Haryana plant - CNBC TV18"
SENEB,2026-09-07,Seneca Foods Corporation,Consumer Defensive,10,google_news|yfinance,positive,True,"Les actualites recentes sur Seneca Foods Corporation (SENEA) suggere un ton general positif, avec des articles qui soulignent son croissance, son acquisition de Green Giant Frozen et son rendement financier solide, ainsi que des analyses positives de la part d'analystes et de particuliers.","Why Seneca Foods Looks Ripe For A Takeover || Seneca Stock Gains Following Q1 Earnings, Sales Increase Y/Y || The Zacks Analyst Blog Highlights Apple, Shell, Toyota, Seneca and Value Line || Top Research Reports for Apple, Shell & Toyota Motor || Is Seneca Foods Corporation (SENEA) A Good Stock To Buy Now? || Is Seneca Foods Corporation (SENEA) A Good Stock To Buy Now? - Yahoo Finance || Seneca Foods (NASDAQ: SENEA) officer to sell 1,587 shares - Stock Titan || Even After Doubling, Seneca Foods Corporation Offers Tasty Upside (NASDAQ:SENEA) - Seeking Alpha || Seneca Foods stock up 107.5% since June 2023 on strong growth and acquisitions, still undervalued. - pluang.com || Is Seneca Foods (SENE.A) Using ESOP Share Plans to Redefine Its Long-Term Capital Strategy? - simplywall.st"
9942.TW,2026-09-07,NAK Sealing Technologies Corporation,Consumer Cyclical,5,google_news,positive,True,L'actualité mentionne une publication de résultats financiers positifs pour la deuxième trimestre et les six premiers mois de l'année 2026.,"NAK Sealing Technologies Corporation Reports Earnings Results for the Second Quarter and Six Months Ended June 30, 2026 - marketscreener.com || Oil and Gas Seals Market Share, Growth, Analysis 2031 - Allied Market Research || 6933 Stock Price and Chart — TWSE:6933 - TradingView || 3498 Stock Price and Chart — TPEX:3498 - TradingView || 6667 Stock Price and Chart — TPEX:6667 - TradingView"
4507.T,2026-09-07,"Shionogi & Co., Ltd.",Healthcare,10,google_news|yfinance,positive,True,"Les actualites recentes indiquent que Shionogi & Co., Ltd. a beat les attentes en termes de resultats financiers, avec une surprise positive de 100% pour les earnings et une surprise négative de 0,58% pour les revenus, ainsi que des annonces de nouveaux produits approuves par la FDA.","Shionogi & Co., Ltd. Unsponsored ADR (SGIOY) Beats Q1 Earnings Estimates || United Therapeutics (UTHR) Earnings Expected to Grow: What to Know Ahead of Q2 Release || Shionogi & Co., Ltd. Unsponsored ADR (SGIOY) to Report Q1 Results: Wall Street Expects Earnings Growth || Shionogi (TSE:4507) Valuation Check As XOCOVA Wins First US FDA Approval For COVID 19 Post Exposure Prophylaxis || Akebia Therapeutics (AKBA) Reports Q1 Loss, Misses Revenue Estimates || Shionogi Selected as a “DX Stock 2026”｜ 塩野義製薬 - Shionogi Inc. || Shionogi & Co., Ltd. Unsponsored ADR (SGIOY) Beats Q1 Earnings Estimates - Yahoo Finance || Shionogi & Co., Ltd. Revenue Breakdown – TSE:4507 - TradingView || Shionogi & Co., Ltd. 2027 Q1 - Results - Earnings Call Presentation (OTCMKTS:SGIOY) 2026-08-06 - Seeking Alpha || Board of Directors and Executive Officers - jpx.co.jp"
2404.TW,2026-09-07,"United Integrated Services Co., Ltd.",Industrials,5,google_news,positive,True,"L'action de United Integrated Services Co., Ltd. (2404.TW) a connu une augmentation de son EPS record et un backlog d'ordres approchant les 200 milliards de dollars, indiquant une performance solide et une confiance croissante dans l'entreprise.","United Integrated Services First-Half EPS Soars to NT$36.23, a Record High; Order Backlog Approaches NT$200 Billion - finance.biggo.com || 2404 Stock Price and Chart — TWSE:2404 - TradingView || TSMC 2024 Supply Chain Management Forum Presents Awards to Outstanding Suppliers - pr.tsmc.com || Taiwan stocks higher at close of trade; Taiwan Weighted up 0.91% - Investing.com || Wasatch Emerging Markets Select Fund Q2 2026 Commentary (undefined:WAESX) - Seeking Alpha"
FHI,2026-09-07,"Federated Hermes, Inc.",Financial Services,9,google_news|yfinance,positive,True,"Les actualites presentes sont presque toutes positives, avec des mentions de croissance de l'AUM, de nouvelles opportunites de tokenisation, de performances solides et de recommandations positives des brokerages.","Federated Hermes' APAC Tokenization Push: A New AUM Growth Lever? || UBS Gets a Win in Swiss Capital Battle || Federated Hermes (FHI) Could Be a Great Choice || Federated Hermes (FHI) Stock Seems Undervalued On Fair Value But Fair On Earnings || Federated Hermes (FHI) Gets A Closer Look As Digital Asset Hopes Meet Valuation Doubts || Federated Hermes, Inc. (NYSE:FHI) Receives Average Recommendation of ""Moderate Buy"" from Brokerages - MarketBeat || Federated Hermes, Inc. reports record assets under management with second quarter 2026 earnings - PR Newswire || Why Federated Hermes (FHI) is a Top Dividend Stock for Your Portfolio - Eastern Progress || Federated Hermes' APAC Tokenization Push: A New AUM Growth Lever? - TradingView"
B3SA3.SA,2026-09-07,"B3 S.A. - Brasil, Bolsa, Balcão",Financial Services,7,google_news|yfinance,positive,True,"L'action B3 S.A. présente une tendance positive avec des actualités positives sur la croissance des revenus, de nouvelles offres de produits et une augmentation de la valeur des actions.","B3 SA - Brasil Bolsa Balcao (BOLSY) Q4 2025 Earnings Call Highlights: Strong Revenue Growth and ... || B3 SA - Brasil Bolsa Balcao (BOLSY) Q3 2025 Earnings Call Highlights: Resilient Growth Amid ... || B3 S.A. Got An Antitrust Warning Because Of The Strength Of Its Moat (Rating Downgrade) - Seeking Alpha || B3SA3 Forecast — Price Target — Prediction for 2027 - TradingView || Cambuci S.A. Launches Share Buyback to Unlock Shareholder Value - The Globe and Mail || Homerun Resources Inc. Announces Sponsored BDR Listing on B3 Stock Exchange - Investing News Network || B3 S.A. - Brasil, Bolsa, Balcão 2026 Q2 - Results - Earnings Call Presentation (OTCMKTS:BOLSY) 2026-08-12 - Seeking Alpha"
1802.T,2026-09-07,Obayashi Corporation,Industrials,10,google_news|yfinance,positive,True,"L'acquisition de Multiplex par Obayashi est un développement positif, tandis que les résultats financiers de 2026 Q4 et l'entrée dans la concession de route de Jakarta sont neutres, mais les actualites positives sur la croissance et les investissements sont dominantes.","Brookfield agrees to divest builder Multiplex to Obayashi for $650m || Brookfield Business Selling Multiplex to Japan's Obayashi For $650 Million || Soft China Economic Reports Roil Asian Stock Markets || Obayashi (TSE:1802) Valuation Check After Strong 1 Year Shareholder Returns || This Khosla-backed autonomous pod startup just raised $170M — now it’s aiming for more || Obayashi Corporation Revenue Breakdown – TSE:1802 - TradingView || Acquisition of Multiplex Global Limited, a Company Operating Construction Businesses in Australia, the UK and Canada - obayashi.co.jp || Japan’s Obayashi to acquire Multiplex from Brookfield for $526 mln - Investing.com || Obayashi Corporation 2026 Q4 - Results - Earnings Call Presentation (OTCMKTS:OBYCF) 2026-05-13 - Seeking Alpha || Obayashi Enters Toll Road Concession Business in Jakarta, Indonesia | News | Obayashi Global - obayashi.co.jp"
MD,2026-09-07,"Pediatrix Medical Group, Inc.",Healthcare,9,google_news|yfinance,positive,True,"Les actualites presentes sont presque toutes positives, avec des mentions de croissance, de performances solides et de confiance des investisseurs, ce qui suggere un ton general positif pour l'action de Pediatrix Medical Group, Inc.",Cencora (COR) Up 3.8% Since Last Earnings Report: Can It Continue? || Pediatrix Medical Group (MD) Up 3.4% Since Last Earnings Report: Can It Continue? || Q2 Earnings Highlights: Pediatrix Medical Group (NYSE:MD) Vs The Rest Of The Healthcare Providers & Services Stocks || 3 Profitable Stocks That Concern Us || 3 Overrated  Stocks We Keep Off Our Radar || Pediatrix Medical Group (MD) is a Top-Ranked Growth Stock: Should You Buy? - Eastern Progress || Vanguard Group now shows no Pediatrix (NYSE: MD) stake - Stock Titan || MD - Pediatrix Medical Group Inc Stock Price and Quote - Finviz || Will Earnings Beat and Major Buybacks Change Pediatrix Medical Group's (MD) Narrative - webull.com
YUMC,2026-09-07,"Yum China Holdings, Inc.",Consumer Cyclical,10,google_news|yfinance,positive,True,"Les actualites recentes sur YUMC suggererent des investissements et des ventes de parts, ainsi que des analyses positives sur la valeur de l'action, ce qui indique un ton general positif.","YUMC or CMG: Which Is the Better Value Stock Right Now? || Are Investors Undervaluing Yum China (YUMC) Right Now? || Q2 Earnings Outperformers: Yum China (NYSE:YUMC) And The Rest Of The Traditional Fast Food Stocks || Pizza Hut’s sale to LongRange Capital is complete || Yum! Brands Completes Sale of Pizza Hut to LongRange Capital || Yum China (NYSE: YUMC) exec turns RSUs into shares, uses 594 to cover taxes - Stock Titan || Yum China (YUMC) is an Incredible Growth Stock: 3 Reasons Why - Yahoo Finance || YUMC - Yum China Holdings Inc Stock Price and Quote - Finviz || Is Yum China Holdings Inc (YUMC) a Bargain After 4.8% Drop? GF V - GuruFocus || Yum China Holdings Chief Supply Chain Officer Duoduo Huang Sells 72% Of Holding - simplywall.st"
ASM.AS,2026-09-07,ASM International NV,Technology,10,google_news|yfinance,positive,True,"L'actualité présente plusieurs articles positifs sur ASM International NV, tels que des actions de partage de buyback, une proposition de nouveau membre du conseil d'administration et une performance positive par rapport aux autres actions du secteur de la technologie.","Is Analog Devices (ADI) Outperforming Other Computer and Technology Stocks This Year? || Chip Stocks Driven Higher by Nvidia Results and Guidance || European Chip Stocks Rise After Nvidia Results, Guidance || European Chip Stocks Mixed Ahead of Nvidia Earnings || Chip Stocks Mixed Ahead of Nvidia Earnings || ASM share buyback update August 24 – 28, 2026 - GlobeNewswire || Is ASM International (ASMIY) Stock Outpacing Its Computer and Technology Peers This Year? - Yahoo Finance || ASM International Proposes Rutger Wijburg to its Supervisory Board - Idéal Investisseur || Why is ASM International stock rallying today? - Investing.com || ASM stock gains after recent rally in semiconductor equipment - AD HOC NEWS"
GL,2026-09-07,Globe Life Inc.,Financial Services,10,google_news|yfinance,positive,True,"Les actualites presentes sont presque toutes positives, avec des mentions de performances solides, de croissance et de dividendes, ce qui suggere un ton general positif pour l'action de Globe Life Inc.","3 Insurance Stocks We Keep Off Our Radar || Want Double-Digit Gains From Insurance Stocks? Morgan Stanley Suggests 2 Names to Consider || 3 Reasons to Avoid GL and 1 Stock to Buy Instead || Globe Life's Health Insurance Growth Powers Earnings Momentum || Globe Life (GL) Down 0.3% Since Last Earnings Report: Can It Rebound? || Globe Life Inc. stock outperforms competitors despite losses on the day - MarketWatch || Globe Life Lags Industry, Trades at a Discount: Time to Buy or Hold? - Yahoo Finance || Globe Life stock holds steady as investors digest slower growth and dividend strength - AD HOC NEWS || Globe Life Q2: Solid Fundamentals, But GL.PR.D Offers Better Risk-Adjusted Yield Near 7.8% - Seeking Alpha || Is Globe Life Inc. (GL) A Good Stock To Buy Now? - Yahoo Finance"
FRSH,2026-09-07,Freshworks Inc.,Technology,10,google_news|yfinance,negative,True,"Bien que certaines actualités mentionnent des gains ou des opportunités pour l'action, d'autres soulignent des défis, des declines en valeur et des ventes de parts de l'action, ce qui suggère un ton général négatif.","2 Growth Stocks with Explosive Upside and 1 Facing Challenges || Freshworks (FRSH) Stock Looks Priced At A Premium To Fair Value || 2 Cash-Producing Stocks to Consider Right Now and 1 We Brush Off || 1 Small-Cap Stock to Keep an Eye On and 2 Facing Headwinds || Amplitude, GitLab, Doximity, Freshworks, and Sprinklr Shares Skyrocket, What You Need To Know || Is Freshworks Inc. (FRSH) A Good Stock To Buy Now? - Yahoo Finance || Freshworks (NASDAQ: FRSH) officer lines up $253K stock sale after earlier June trade - Stock Titan || Freshworks Inc (FRSH) Stock Down 4.7% -- Now Undervalued? GF Sco - GuruFocus || Freshworks CAO Philippa Lawrence sells $699k in company stock - Investing.com || FRSH - Finviz"
BVS,2026-09-07,Bioventus Inc.,Healthcare,10,google_news|yfinance,positive,True,"Les actualites recentes sur Bioventus Inc. (BVS) suggèrent un ton general positif, avec des performances solides en termes de ventes et de bénéfices, ainsi que des recommandations de divers analystes et des articles qui soulignent les opportunités de croissance et la valeur potentielle de l'action.",Are Medical Stocks Lagging  Bioventus (BVS) This Year? || 4 Healthcare Stocks to Safeguard Your Portfolio as Fed Plans Rate Hike || Bioventus (BVS) Q2 2026 Earnings Call Transcript || Bioventus (BVS) Stock Still Looks Like A Bargain On Earnings || The Bull Case For Bioventus (BVS) Could Change Following Its Q2 Earnings Surge And Reaffirmed 2026 Guidance || Is Bioventus (BVS) Stock Undervalued Right Now? - Yahoo Finance || Bioventus Inc (BVS) Stock Up 5.1% but GF Value Says Overvalued -- GF Score: 58/100 - GuruFocus || Bioventus (BVS) Soars 12.4%: Is Further Upside Left in the Stock? - Eastern Progress || BVS - Finviz || Bioventus Starts Review After Unsolicited Acquisition Proposal - Stock Titan
9939.TW,2026-09-07,"Taiwan Hon Chuan Enterprise Co., Ltd.",Consumer Cyclical,5,google_news,negative,True,"Aucune actualité positive ou neutre a été trouvée, les seules informations disponibles sont des données historiques et des informations sur une autre entreprise.","9939 Stock Price and Chart — TWSE:9939 - TradingView || International Packaging Number of Employees 2026 | Employee Count & Headcount Data - Revelio Labs || Technical Analysis of Taiwan Hon Chuan Enterprise Co., Ltd. (TWSE:9939) - TradingView || K Laser Technology Inc. (2461.TW) Stock Price, News, Quote & History - Yahoo Finance || FTG Holdings Ltd Stock (FTGH) - Quote Nairobi S.E. - marketscreener.com"
3044.TW,2026-09-07,Tripod Technology Corporation,Technology,5,google_news,negative,True,Aucune information positive ou neutre n'est disponible dans les actualités fournies.,"3044 Stock Price and Chart — TWSE:3044 - TradingView || Technical Analysis of Tripod Technology Corporation (TWSE:3044) - TradingView || Chenming Electronic Tech. Corp. (3013.TW) Stock Price, News, Quote & History - Yahoo Finance || Asian Market's Hidden Gems: 3 Stocks Priced Below Estimated Value - simplywall.st || ITEQ Corporation (6213.TW) Stock Price, News, Quote & History - Yahoo Finance"
GEO,2026-09-07,"The GEO Group, Inc.",Industrials,10,google_news|yfinance,positive,True,"Les actualites presentes montrent un ton general positif pour l'action de The GEO Group, Inc., avec des mentions de croissance, de valorisation et de performances financieres solides, ainsi que des mentions de reconnaissance et de recommandations de investissement.","2 Growth Stocks with All-Star Potential and 1 We Question || Best Momentum Stocks to Buy for September 2nd || MAN Stock Surges 122% in 6 Months: Here's What You Should Know || Gartner Stock Gains 28% in 3 Months: Here's What You Should Know || Here's Why Momentum in Geo Group (GEO) Should Keep going || The GEO Group Reports First Quarter Results and Increases Full Year 2026 Guidance | The GEO Group, Inc. - The GEO Group || Best Momentum Stocks to Buy for September 2nd - Yahoo Finance || Best Momentum Stocks to Buy for September 2nd - The Globe and Mail || Government Contract Update: $36M payment to THE GEO GROUP, INC - Quiver Quantitative || 5 Revealing Analyst Questions From GEO Group’s Q2 Earnings Call - Yahoo Finance"
SNA,2026-09-07,Snap-on Incorporated,Industrials,10,google_news|yfinance,positive,True,"Bien que certaines actualités mentionnent des risques et des préoccupations, le ton général est dominé par des éléments positifs, tels que la performance de l'action, les résultats de Q2 et la confiance des analystes.","3 Reasons SNA is Risky and 1 Stock to Buy Instead || Are Wall Street Analysts Bullish on Snap-on Stock? || Snap On (SNA) Beat Expectations, Is The Stock Fully Priced? || Spotting Winners: Snap-on (NYSE:SNA) And Professional Tools and Equipment Stocks In Q2 || Can Snap-on's RCI Execution and Innovation Sustain Growth? || Snap-On Incorporated (NYSE:SNA) Receives Average Rating of ""Moderate Buy"" from Brokerages - MarketBeat || 27,110 Shares in Snap-On Incorporated $SNA Purchased by Nykredit A S - MarketBeat || Snap-on Incorporated Declares Quarterly Dividend - Yahoo Finance || Director shifts Snap-on (NYSE: SNA) shares into spouse trusts as gifts - Stock Titan || Snap-on Q2 Earnings & Revenues Beat Estimates, Organic Sales Rise 3% - Yahoo Finance"
1893.T,2026-09-07,"Penta-Ocean Construction Co., Ltd.",Industrials,8,google_news|yfinance,neutral,True,"L'actualité présente une diversité d'informations, notamment des contrats de construction, des changements de banque et des informations financières, ce qui ne permet pas de déterminer un ton général positif, négatif ou neutre.","DEME secures offshore wind turbine installation contract in Japan || Mizuho Dropped From Bond Deals as SESC Probe Unfolds || Reviewing Penta-Ocean Construction (TSE:1893) Valuation as Investor Interest Builds Without Major Headlines || Total debt of Penta-Ocean Construction Co., Ltd. – HAM:PO6 - TradingView || How Penta-Ocean’s Planned J-ESOP Introduction At Penta-Ocean Construction (TSE:1893) Has Changed Its Investment Story - simplywall.st || Penta-Ocean Construction Number of Employees 2026 | Employee Count & Headcount Data - Revelio Labs || Penta-Ocean Construction Co., Ltd. Revenue Breakdown – TSE:1893 - TradingView || Penta-Ocean Construction Co., Ltd. Trade Ideas — HAM:PO6 - TradingView"
AMN,2026-09-07,"AMN Healthcare Services, Inc.",Healthcare,10,google_news|yfinance,positive,True,"L'actualité présente plusieurs articles positifs sur l'action d'AMN Healthcare Services, Inc., indiquant une croissance solide et une augmentation du prix du titre de 59.3% en six mois.","3 Reasons to Avoid AMN and 1 Stock to Buy Instead || 1 Small-Cap Stock on Our Buy List and 2 We Ignore || Job Market Uncertainty Pushes Commercial Staffing Stocks Up 80% This Year || 3 Stocks Under $50 We Steer Clear Of || Zacks.com featured highlights Centene, Archer-Daniels-Midland, Avnet, Arrow and AMN || Is AMN Healthcare Services (AMN) Stock Outpacing Its Business Services Peers This Year? - finance.yahoo.com || AMN Stock Rallies Nearly 119% YTD: What's Behind the Momentum? - TradingView || AMN HEALTHCARE ANNOUNCES SECOND QUARTER 2026 RESULTS - PR Newswire || AMN Healthcare Services: Strong Secular Growth Propels Earnings (NYSE:AMN) - Seeking Alpha || AMN - AMN Healthcare Services Inc Stock Price and Quote - Finviz"
OFG,2026-09-07,OFG Bancorp,Financial Services,10,google_news|yfinance,positive,True,"Les actualites presentes sont presque toutes positives, avec des articles qui soulignent les performances de l'action, son potentiel de croissance et son rendement dividendial.",1 Small-Cap Stock on Our Buy List and 2 That Underwhelm || OFG Bancorp (OFG) is a Top Dividend Stock Right Now: Should You Buy? || Q2 Regional Banks Earnings Review: First Prize Goes to OFG Bancorp (NYSE:OFG) || New Strong Buy Stocks for August 25th || Best Income Stocks to Buy for August 25th || OFG Bancorp (OFG) is a Top Dividend Stock Right Now: Should You Buy? - finance.yahoo.com || Legal & General Group Plc Makes New Investment in OFG Bancorp $OFG - MarketBeat || Is OFG Bancorp (OFG) Undervalued As Dividend Growth Draws Fresh Attention? - simplywall.st || Q2 Rundown: FirstSun Capital Bancorp (NASDAQ:FSUN) Vs Other Regional Banks Stocks - StockStory || 1 Small-Cap Stock on Our Buy List and 2 That Underwhelm - The Globe and Mail
PATH,2026-09-07,"UiPath, Inc.",Technology,10,google_news|yfinance,negative,True,"L'actualité présente une baisse significative du cours de l'action (17%) après le rapport des résultats financiers, ainsi que des préoccupations quant à la concurrence et à la croissance du groupe.","UiPath Just Sank 17%. Is the Stock a Buy on the Dip? || Why UiPath Rallied in August || UiPath (PATH) Founder Publishes Enterprise AI Orchestration Framework || Why UiPath Stock Plunged Today || Has UiPath (PATH) Fallen Far Enough To Look Cheap? || Asana, Guidewire and UiPath lead enterprise software stocks down following earnings - Seeking Alpha || PATH Stock In Focus As CEO Daniel Dines Trims Stake - StocksToTrade || UiPath Reports Second Quarter Fiscal 2027 Financial Results - UiPath || UiPath Just Sank 17%. Is the Stock a Buy on the Dip? - finance.yahoo.com || Uipath Stock Price Forecast. Should You Buy PATH? - StockInvest.us"
GOOGL,2026-09-07,Alphabet Inc.,Communication Services,10,google_news|yfinance,positive,True,"Les actualites presentes sont majoritairement positives, avec des annonces de nouveaux investissements et de nouveaux partenariats pour Alphabet Inc., notamment avec Anthropic et Pixxel, ainsi qu'une mention positive de la performance de Google dans le domaine de l'espace.","Hut 8 Corp. (HUT)’s AI Pivot Gets a Major Boost From the $35 Billion Anthropic Deal || Amazon, Meta Are Now Serious Competition to Uncle Sam: Big Tech's AI Debt Boom 'Driving' Treasury Yields Higher, Says Market Commentator || The Pentagon Doubled Down on Its Anthropic Blacklist. Why Amazon and Alphabet Investors Should Care || Google-backed Indian space startup raises $100 million in latest funding round || Nvidia (NVDA)’s First-Ever Year-Ahead Forecast Puts It on a Path to Pass Apple and Alphabet || Amazon, Alphabet, and Microsoft: Two I'm Buying and One I'm Selling - finance.yahoo.com || Google Unveils Gemini 3.8 Flash and Fairwind Program: How to Play GOOGL Stock Here - barchart.com || Alphabet: Buffett Is In, Google Keeps AdX, I'm Out - Seeking Alpha || Stock Market News, June 2, 2026: Dow, S&P 500 end at fresh records and extend longest win streaks of the year; Alphabet, Microsoft slide; Bitcoin below $68,000 - MarketWatch || Stock market today: Dow, S&P 500, Nasdaq slip as oil prices rise, Alphabet and Tesla earnings in focus - finance.yahoo.com"
URBN,2026-09-07,"Urban Outfitters, Inc.",Consumer Cyclical,10,google_news|yfinance,positive,True,"Les actualites presentes montrent une tendance positive pour l'action d'Urban Outfitters, avec des results commerciaux forts, une croissance de la segment retail et une augmentation des ventes, ainsi que des declarations positives de la part des analystes et des dirigeants. [verification 'sues' : resolu favorablement (3/3 votes) -- La mention de l'automatisation de l'usine et de ses gains pourrait suggérer une expansion et une croissance positive pour l'entreprise.]","Does Strong Q2 Results And Nuuly Logistics Spend Change The Bull Case For Urban Outfitters (URBN)? || Urban Outfitters’ Nuuly pursues more fulfillment center automation || Hip fashion retailer closes more stores in 2026 || America's Car-Mart, RH, Arhaus, Bath and Body Works, and Urban Outfitters Shares Plummet, What You Need To Know || Urban Outfitters' Strong Retail Segment Supports Growth Momentum || Urban Outfitters, Inc. (NASDAQ:URBN) Receives Average Rating of ""Moderate Buy"" from Analysts - MarketBeat || Is Urban Outfitters (URBN) Stock Undervalued Right Now? - finance.yahoo.com || Urban Outfitters (NASDAQ: URBN) officer to sell 5,700 shares - Stock Titan || Urban Outfitters director Mary Egan sells $51,012 in URBN stock By Investing.com - Investing.com Nigeria || Urban Outfitters: Great Valuation For Strong Sales Performance (NASDAQ:URBN) - Seeking Alpha"
AMZN,2026-09-07,"Amazon.com, Inc.",Consumer Cyclical,10,google_news|yfinance,negative,True,"L'actualité présente plusieurs éléments négatifs, tels que la chute du stock de SpaceX, la liste noire de l'Anthropic, l'accident d'un avion Amazon à Miami, et des réductions de position dans les portefeuilles d'investissement, ce qui suggère un ton général négatif pour l'action.","SpaceX Stock Is Down 34% From Its High. History Suggests a $10,000 Investment Will Be Worth This Much by Mid-2027. || Amazon, Meta Are Now Serious Competition to Uncle Sam: Big Tech's AI Debt Boom 'Driving' Treasury Yields Higher, Says Market Commentator || The Pentagon Doubled Down on Its Anthropic Blacklist. Why Amazon and Alphabet Investors Should Care || Prime Air Boeing 767 Crashes While Landing at Miami Airport, Killing 5: Amazon Says 'Heartbroken' by Accident || Amazon Cargo Plane Overshoots Runway in Miami, Killing Five People || Amazon.com, Inc. $AMZN Stock Position Lowered by a16z Perennial Management L.P. - MarketBeat || Amazon.com Inc. (AMZN) Stock Price, Quote & News - techi.com || Amazon.com, Inc. $AMZN Stock Position Boosted by Perryman Financial Advisory Inc. AD - MarketBeat || Amazon.com Announces Second Quarter Results - Amazon Investor Relations || Amazon Stock At 20x P/E: A Textbook GARP Opportunity (NASDAQ:AMZN) - Seeking Alpha"
DCI,2026-09-07,"Donaldson Company, Inc.",Industrials,10,google_news|yfinance,positive,True,"Les actualites recentes sur Donaldson Company, Inc. (DCI) suggererent des performances solides, des gains de parts et des acquisitions, ce qui indique un ton general positif pour l'action.","1 Mid-Cap Stock on Our Watchlist and 2 We Avoid || 1 Mid-Cap Stock for Long-Term Investors and 2 We Brush Off || Donaldson’s (DCI) Billion-Dollar Quarter Hides A Costlier Bet Ahead || Donaldson (DCI) Stock Looks Reasonable On Earnings But Rich On Cash Flow || DCI Q2 Deep Dive: Acquisition Momentum, Segment Growth, and Margin Expansion Shape Outlook || Is Now The Time To Look At Buying Donaldson Company, Inc. (NYSE:DCI)? - Moomoo || 39,737 Shares in Donaldson Company, Inc. $DCI Acquired by Public Employees Retirement System of Ohio - MarketBeat || Donaldson (DCI) Tops Q4 Earnings and Revenue Estimates - Eastern Progress || Donaldson (DCI) Stock Slips After Record Margins Set A Higher Bar - sahmcapital.com || Donaldson (NYSE: DCI) insider plans $276K NYSE stock sale - Stock Titan"
6920.T,2026-09-07,Lasertec Corporation,Technology,10,google_news|yfinance,positive,True,"L'actualité présente plusieurs articles positifs sur Lasertec Corporation, tels que des actions de croissance japonaises, des performances de défense et de technologie, ainsi que des actions de vente à découvert sur l'action, ce qui suggère un ton général positif.","Lasertec Stock Leads 3 Japanese Growth Picks With High Insider Ownership || European Indexes Rise in Strong Open as AI, Defense Stocks Gain || Tech-Sector Recovery Lifts Asian Stock Markets || Tech Recovery Lifts Asian Stock Markets || Easing Crude Prices Stiffen Asian Stock Markets || Lasertec Shares Hit New High on Fresh AI-Driven Rally - marketscreener.com || Lasertec Corporation Just Missed Earnings - But Analysts Have Updated Their Models - simplywall.st || Lasertec Corp. Unsponsored ADR (LSRCY) Live Share Price, Invest From India - INDmoney || Should You Think About Buying Lasertec Corporation (TSE:6920) Now? - simplywall.st || [Market order] Sell SoftBank Group; buy Lasertec (morning session, 15 days ago) - Moomoo"
1878.T,2026-09-07,"Daito Trust Construction Co.,Ltd.",Real Estate,6,google_news|yfinance,positive,True,"L'entreprise développe de nouveaux projets et des activités dans de nouveaux marchés, ce qui suggère une expansion et une croissance potentielle.","Daito Trust Construction (TSE:1878): Assessing Valuation as Shares Show Subtle Uptrend || Daito Trust Construction concludes agreement on transfer of shares in the Coastline Group (Los Angeles, California, USA) - kentaku.co.jp || Daito Trust Construction launches purchase, renovation, and resale business in Texas to expand its business in North America - kentaku.co.jp || Daito Trust Construction to launch the Takaoka Ejiri Center Project (tentative name) as its first community development project - kentaku.co.jp || Daito Trust Construction jointly develops program to help foreign engineers obtain national qualifications - kentaku.co.jp || Daito Trust Construction to merge two companies involved in biomass power generation into DAITO BIO ENERGY - kentaku.co.jp"
LAUR,2026-09-07,"Laureate Education, Inc.",Consumer Defensive,10,google_news|yfinance,neutral,True,"Les actualites presentent des opinions mitigées sur Laureate Education, Inc., avec certains articles soulignant les risques et les faiblesses de l'action, tandis que d'autres mettent en avant ses opportunités et ses fondamentaux solides.","3 Small-Cap Stocks We Find Risky || Laureate Education (LAUR) Looks Fairly Valued, Is There Enough Upside Left? || 3 Hyped Up  Stocks We Think Twice About || TAL vs. LAUR: Which Stock Is the Better Value Option? || 3 Russell 2000 Stocks We Steer Clear Of || Laureate Education (NASDAQ:LAUR): An Affordable Growth Stock with Strong Fundamentals - ChartMill || Director group sells Laureate (LAUR) stock over several days - Stock Titan || Laureate Education (NASDAQ:LAUR) Director Sells $101,143.94 in Stock - MarketBeat || Laureate Education Inc (LAUR) Stock Down 3.3% but Still Overvalued -- GF Score: 70/100 - GuruFocus || Here’s How Much You Would Have Made Owning Laureate Education Stock In The Last 5 Years - benzinga.com"
THG,2026-09-07,"The Hanover Insurance Group, Inc.",Financial Services,10,google_news|yfinance,positive,True,"Les actualites presentes montrent un ton general positif, avec des articles qui soulignent les avantages de l'action de The Hanover Insurance Group, Inc. (THG), tels que des investissements nouveaux, des actions de reprise de parts et des analyses positives de la part de plusieurs analystes.","The Case for Holding MetLife Stock: What Investors Need to Know || Aon's $17 Billion USI Deal: A Costly Bet on Middle-Market Growth || Here's Why Investors Should Retain the Hartford Stock for Now || New Strong Buy Stocks for August 28th || Best Value Stocks to Buy for August 28th || Public Employees Retirement System of Ohio Makes New $2.43 Million Investment in The Hanover Insurance Group, Inc. $THG - MarketBeat || Are Investors Undervaluing The Hanover Insurance Group (THG) Right Now? - finance.yahoo.com || The Hanover Insurance Group, Inc. Announces New Share Repurchase Authorization - PR Newswire || Here's Why Investors Should Stay Neutral on CNO Financial for Now - Eastern Progress || Empowered Funds LLC Invests $1.76 Million in The Hanover Insurance Group, Inc. $THG - MarketBeat"
UCG.MI,2026-09-07,UniCredit S.p.A.,Financial Services,10,google_news|yfinance,neutral,True,"L'actualité présente une diversité de sujets, allant de la financement de projets de batteries électroniques à la perspective de l'acquisition de banques par Monte dei Paschi, sans évoquer un ton particulièrement positif ou négatif pour l'action d'UniCredit.","Greenvolt secures $254m UniCredit funding for Polish BESS projects || Greenvolt secures financing package from Unicredit for BESS projects in Poland || Commerzbank (XTRA:CBK) Stock Looks Fairly Valued Despite Fresh ECB Bid News || Italy’s Monte dei Paschi Makes $40 Billion Move to Buy Rival Banks || Commerzbank, German resistance wanes: UniCredit nears deal, what could change || Unicredit S.p.a Stock Price Forecast. Should You Buy UCG.MI? - StockInvest.us || ETFs Investing in UniCredit S.p.A. Unsponsored ADR Stocks - TradingView || UniCredit stock heads into the open after a 1.1% slide - AD HOC NEWS || Bernard Horn's Top Q2 2026 Move: UniCredit SpA at a 1.5% Portfolio Impact - finance.yahoo.com || UniCredit: We Raise Our Fair Value Estimate by 39%; Shares Modestly Undervalued - Morningstar"
TILE,2026-09-07,"Interface, Inc.",Consumer Cyclical,10,google_news|yfinance,positive,True,"Les actualites presentes montrent une tendance croissante de soutien pour l'action Interface, Inc. (TILE), avec des articles qui soulignent son potentiel de croissance, son nouveau produit et l'intérêt de nouveaux investisseurs, ce qui suggere un ton general positif.","2 Profitable Stocks for Long-Term Investors and 1 Facing Challenges || Caesarstone’s Premium Multi-Material & Differentiated Model Proposition – Initiation Report || 2 Reasons to Watch TILE and 1 to Stay Cautious || Interface Eyes Growth as One Interface Strategy Targets Commercial Flooring Share || Interface (TILE) Launches New Collection As Undervalued Narrative Stays In Focus || Director at Interface (TILE) sells 8,000 shares under trading plan - Stock Titan || Man Group plc Purchases New Shares in Interface, Inc. $TILE - MarketBeat || Interface (TILE) is a Great Momentum Stock: Should You Buy? - finance.yahoo.com || Interface (NASDAQ: TILE) director sells 8,000 shares under preset trading plan - Stock Titan || TILE - Interface Inc Stock Price and Quote - Finviz"
YETI,2026-09-07,"YETI Holdings, Inc.",Consumer Cyclical,10,google_news|yfinance,neutral,True,"Bien que certains analystes ont exprimé des réserves sur les prévisions de croissance, d'autres ont souligné la résilience de l'entreprise et les opportunités de croissance à long terme, ce qui laisse un ton neutre dans l'ensemble.","Why Yeti Stock Swooned in August || Is YETI Holdings (YETI) Cheap On Its Pullback Despite The CEO Vesting Share Sale? || 1 of Wall Street’s Favorite Stocks to Keep an Eye On and 2 We Turn Down || CEO Sells Over 4,000 Shares of Consumer Stock, Valued at Over $185,000 || YETI (YETI) Remains a Strong Player Despite Market Setbacks || YETI Holdings, Inc. Q2 2026 Earnings Call Summary - finance.yahoo.com || A Look at YETI Holdings Inc (YETI) After 3.2% Gain -- GF Value $49.96 vs Price $41.45 - GuruFocus || YETI Holdings Inc. (YETI) Key Financial Ratios – Valuation, Profitability & More - Value Research || YETI Forecast — Price Target — Prediction for 2027 - TradingView || YETI Rose 8% This Week. Here’s How Much the Stock Could Rise in 2026 - TIKR.com"
LCII,2026-09-07,LCI Industries,Consumer Cyclical,10,google_news|yfinance,neutral,True,"Bien que LCI Industries ait rapporté une augmentation des bénéfices et une expansion des marges, l'actualité souligne également la softness du marché et la nécessité de cost-cutting, ce qui maintient un ton neutre.","Lippert named Fun Town RV CEO || LCI Industries (LCII) Q2 2026 Earnings Call Transcript || LCI Industries Q2 Earnings Call Highlights || LCI Industries Inc (LCII) (Q2 2026) Earnings Call Highlights: Margin Expansion and Strategic ... || Patrick Industries (PATK) Stock Looks Reasonable On Cash Flow While Earnings Look Rich || LCI Industries (NYSE:LCII) Receives Average Rating of ""Hold"" from Analysts - MarketBeat || Is LCI Industries (LCII) Undervalued As RV Travel Demand Supports Its Growth Story? - simplywall.st || LCI Industries (LCII) Agrees To All Stock Merger With Patrick Industries - finance.yahoo.com || McDermott Will & Schulte advises Patrick Industries in Announced All-Stock Merger with LCI Industries - McDermott Will & Schulte || 12,418 Shares in LCI Industries $LCII Purchased by Corient Private Wealth LP - MarketBeat"
TGTX,2026-09-07,"TG Therapeutics, Inc.",Healthcare,10,google_news|yfinance,positive,True,"Les actualites presentes montrent une augmentation des actions de TG Therapeutics, avec des pourcentages de variation de 10,2% à 15,1% depuis les dernieres declarations de resultats, ainsi qu'une analyse positive des prospects de l'entreprise.","Kymera Therapeutics (KYMR) Up 10.2% Since Last Earnings Report: Can It Continue? || IBD Stock Of The Day, TG Therapeutics, Eyes Breakout After Topping Early Buy Point || TG Therapeutics (TGTX) Up 15.1% Since Last Earnings Report: Can It Continue? || TGTX Stock Pares Opening Losses After Analyst Dismisses Competition From Novartis || TGTX Stock Outperforms 95% of Stocks. Here's Why. || Is TG Therapeutics, Inc. (TGTX) A Good Stock To Buy Now? - finance.yahoo.com || TG Therapeutics Reports First Quarter 2026 Financial Results and Raises BRIUMVI Revenue Guidance - TG Therapeutics || TG Therapeutics: Why I'm Staying Long After The Q2 Selloff (NASDAQ:TGTX) - Seeking Alpha || TG Therapeutics, Inc. (TGTX) Stock Analysis: Exploring a 28% Potential Upside with Innovative Biotech Solutions - DirectorsTalk Interviews || TGTX Stock Rises 29% in 3 Months: Here's What You Should Know - qz.com"
UFCS,2026-09-07,"United Fire Group, Inc.",Financial Services,10,google_news|yfinance,positive,True,"L'actualité présente plusieurs éléments positifs, tels que des gains de 71,4% en un an, des résultats financiers forts, une augmentation de la valeur de l'action et des annonces de dividendes et de nouveaux appoints au conseil d'administration.","UVE Stock Gains 71.4% in a Year: Time to Add It for Better Returns? || United Fire Group (UFCS) Q2 2026 Earnings Call Transcript || Is United Fire Group (UFCS) Stock Undervalued Right Now? || United Fire Group, Inc (UFCS) Hits Fresh High: Is There Still Room to Run? || United Fire Group (UFCS) Stock Gets Fair Value Boost After Q2 Beat And Lower Cat Losses || 51,088 Shares in United Fire Group, Inc $UFCS Acquired by Legal & General Group Plc - MarketBeat || United Fire Group, Inc (UFCS) Hits Fresh High: Is There Still Room to Run? - qz.com || United Fire Group, Inc. declares quarterly cash dividend of $0.20 per share and announces new board appointment - finance.yahoo.com || United Fire Group stock hits 52-week high at 55.83 USD - Investing.com Canada || Man Group plc Acquires Shares of 37,048 United Fire Group, Inc $UFCS - MarketBeat"
BBY,2026-09-07,"Best Buy Co., Inc.",Consumer Cyclical,10,google_news|yfinance,positive,True,"Les actualites presentes montrent une augmentation des ventes et des resultats positifs pour Best Buy Co., Inc., avec des comparables de ventes en augmentation de 4.1% et une augmentation de 70% des resultats nettes, ce qui suggere un ton general positif pour l'action.","Uneven Investor Sentiment Toward Hardline Retailers Could Persist Amid Macro Headwinds, UBS Says || Best Buy’s (BBY) Turnaround Gains Steam As Leadership Changes Hands || Best Buy (BBY) Q2 2027 Earnings Call Transcript || 3 Retail Stocks to Watch After a Big Consumer Earnings Week || Retailers feel the sting as cautious consumers weigh their options || Best Buy Co. Inc. stock outperforms competitors on strong trading day - MarketWatch || Best Buy Co., Inc. $BBY Shares Acquired by Munich Reinsurance Co Stock Corp in Munich - MarketBeat || Best Buy Co Inc (BBY) Stock Up 3.2% but GF Value Says Overvalued -- GF Score: 75/100 - GuruFocus || Best Buy (NYSE: BBY) EPS up 70% as tariff refund lifts margins - Stock Titan || Is Best Buy Co., Inc. (BBY) A Good Stock To Buy Now? - finance.yahoo.com"
2006.TW,2026-09-07,Tung Ho Steel Enterprise Corporation,Basic Materials,5,google_news,positive,True,"L'action de Tung Ho Steel Enterprise Corporation est affectée par des actualites positives, telles que la securedure de 25 millions de dollars de finance et la mention de l'urban mining en tant que leader, ce qui suggere une tendance positive pour l'action.",Steelmaker Tung Ho Vietnam secures $25 mln finance from Standard Chartered - theinvestor.vn || Why Taiwan Is Becoming a Leader in Urban Mining - Time Magazine || Taiwan's Tung Ho Steel plans to renew its electric arc furnaces - SteelRadar || Mineralization and Utilization using Steel Slag for Establishing a Waste-to-Resource Supply Chain - Nature || Enercon wins 33MW Taiwan contract - Wind Power Monthly
1590.TW,2026-09-07,Airtac International Group,Industrials,6,google_news|yfinance,positive,True,"Les actualites presentes montrent une croissance robuste et des ambitions pour l'avenir, avec des revenus et des profits en augmentation, ce qui suggere un ton general positif pour l'action.","Airtac International Group (TPE:1590) Q2 2026 Earnings Call Highlights: Robust Growth and ... || AirTAC Earnings: Strong Growth Continues, but Shares Remain Expensive - Morningstar || AirTAC Capitalizes on Booming Battery Demand - Morningstar || Airtac International's Revenue Surges 43% in August - marketscreener.com || 1590 Stock Price and Chart — TWSE:1590 - TradingView || [AirTAC International Group FY2026 H1 Earnings Call] H1 Net Profit Up 43% YoY, Institutional Investors Focus on Linear Guide Distribution Strategy and 2027 Resilience - finance.biggo.com"
4503.T,2026-09-07,Astellas Pharma Inc.,Healthcare,10,google_news|yfinance,positive,True,"Les actualites presentes sont presque toutes positives, avec des informations sur des agreements de prix avec des entreprises de pharmacie, une expansion de l'entreprise et des informations sur son chiffre d'affaires, ce qui suggere une tendance positive pour l'action.","Trump Expands Drug Pricing Deals With 9 Pharma Companies, Bringing Total to 26 — RFK Jr. Details 'Very, Very Emotional' Conversations With President || Trump's MFN Push Goes Beyond Big Pharma, Adds 9 Mid-Sized Drugmakers || Mid-cap biotechs join Trump’s latest round of drug pricing deals || Trump lines up MFN deals with nine mid-size pharmas on drug pricing push || Trump's Pharma Pricing Deal Expands as Healthcare Stocks Keep Climbing || Enterprise value to revenue forward of Astellas Pharma Inc. – TSE:4503 - TradingView || Why is Astellas Pharma stock climbing today? - Investing.com || Is Astellas Pharma (ALPMY) Stock Undervalued Right Now? - finance.yahoo.com || Astellas Pharma Number of Employees 2026 | Employee Count & Headcount Data - Revelio Labs || Astute Medical stock turns into a data gap story. Astellas context still matters - AD HOC NEWS"
2303.TW,2026-09-07,United Microelectronics Corporation,Technology,10,google_news|yfinance,positive,True,"Les actualites presentes sont presque toutes positives, avec des mentions de croissance, de gains et de nouveaux investissements, ce qui suggere un ton general positif pour l'action de United Microelectronics Corporation.","Taiwan Semiconductor Retains 73% Foundry Share: Is the Stock a Buy? || If You Have Some ‘Silly’ Money, United Microelectronics (UMC) Stock Is Worth a Look || The Firm That Filed a Bet Against Taiwan Semiconductor Then Launched a Foundry Fund Five Days Later || Should You Invest in NVMI Stock Following Healthy Q2 Results? || New Strong Buy Stocks for August 26th || Should I Buy UMC (United Microelectronics Corporation) | AI Analysis, Technical & News Insights - Kavout || United Microelectronics Corporation (UMC) is a Great Momentum Stock: Should You Buy? - finance.yahoo.com || United Microelectronics Shares Rise After August Sales Increase - marketscreener.com || United Microelectronics (UMC) Surges 9.8%: Is This an Indication of Further Gains? - qz.com || UMC - United Micro Electronics ADR Stock Price and Quote - Finviz"
2548.TW,2026-09-07,"Huaku Development Co., Ltd.",Real Estate,5,google_news,neutral,True,"L'actualité fournie ne contient pas de commentaires ou d'analyses spécifiques sur l'action de Huaku Development Co., Ltd. (2548.TW), mais des informations générales sur les performances boursières et les tendances du marché.","2548 Stock Price and Chart — TWSE:2548 - TradingView || Fu Hua Innovation Co., Ltd. (3056.TW) Stock Price, News, Quote & History - finance.yahoo.com || Taiwan stocks higher at close of trade; Taiwan Weighted up 0.48% - Investing.com || Technical Analysis of Huaku Development Co., Ltd. (TWSE:2548) - TradingView || Taiwan shares higher at close of trade; Taiwan Weighted up 0.12% By Investing.com - Investing.com UK"
BPOP,2026-09-07,"Popular, Inc.",Financial Services,10,google_news|yfinance,positive,True,"Les actualites recentes sur Popular, Inc. (BPOP) mettent en avant des decisions positives telles que la declaration d'un dividende, des performances solides et des annonces de presentation de l'CEO, ce qui suggere un ton general positif.","Popular (BPOP), Why Is It Back In The Spotlight? || Spotting Winners: Popular (NASDAQ:BPOP) And Regional Banks Stocks In Q2 || 3 Market-Beating Stocks with Competitive Advantages || 2 Reasons to Like BPOP (and 1 Not So Much) || Popular, Inc. (BPOP) Hit a 52 Week High, Can the Run Continue? || Popular, Inc. Declares Dividend on Preferred Stock and Announces Distribution on Trust Preferred Securities - Yahoo Finance || Popular (BPOP) risk chief reports 4,004-share stake - Stock Titan || Popular CEO will speak in New York on Sept. 15. A webcast will be available. - Stock Titan || Popular, Inc. (BPOP) Hit a 52 Week High, Can the Run Continue? - Yahoo Finance || Popular (NASDAQ: BPOP) CEO reports tax-related share withholding - Stock Titan"
MU,2026-09-07,"Micron Technology, Inc.",Technology,10,google_news|yfinance,positive,True,"Bien que certaines actualites mentionnent des préoccupations sur la tendance de l'action, le ton général est dominé par des articles positifs qui soulignent les opportunités de croissance et les gains de l'action, notamment en lien avec l'industrie de la mémoire et de l'intelligence artificielle.","Is Micron Technology Stock Running Out of Steam? || Why Micron and SK Hynix Sit in the Most Valuable Spot in the Entire Compute Stack || Not Nvidia. Not Micron. This Is My Top AI Infrastructure Stock to Buy Right Now (Hint: It Can Double Within 3 Years) || Everyone Is Watching Nvidia. But This Memory Stock Could Be the Next AI Winner || Micron Has Skyrocketed 256% in 2026. What Would It Take to Get MU Stock Up to $1,250? || Micron Technology, Inc. (MU) Is a Trending Stock: Facts to Know Before Betting on It - Yahoo Finance || Do You Think Micron Technology’s (MU) Return Drivers May Falter Ahead - Yahoo Finance || Micron Technology (NASDAQ:MU) Makes the Affordable Growth Screen with High Growth and Low Valuation - ChartMill || Is Micron the Next Nvidia? Why the 2026 ""Memory Crunch"" Makes MU Stock a Top AI Buy - TradingKey || Micron: AI Fatigue Into A Big Day (NASDAQ:MU) - seekingalpha.com"
MU,2026-09-08,"Micron Technology, Inc.",Technology,10,google_news|yfinance,positive,True,"Bien que certaines actualités mentionnent des défis pour Micron Technology, comme une pression sur les prix et des inquiétudes sur son rendement, le ton général est dominé par des actualités positives, telles que des mises à jour sur les prix et des analystes qui maintiennent des cibles de prix élev","The AI Memory Stock That Could Outshine the Obvious Picks || Apple's $54 Billion iPhone Engine Hits an AI Memory Squeeze || Micron's $50 Billion Guide Gets an 8.3% Signal From Seoul || Micron, SanDisk get new aggressive price targets from top analyst || Is Micron Technology Stock Running Out of Steam? || Micron Technology, Inc. (MU) Is a Trending Stock: Facts to Know Before Betting on It - Yahoo Finance || Here’s How Much You Would Have Made Owning Micron Technology Stock In The Last 5 Years - Benzinga || Do You Think Micron Technology’s (MU) Return Drivers May Falter Ahead - Yahoo Finance || Micron Technology (NASDAQ:MU) Makes the Affordable Growth Screen with High Growth and Low Valuation - ChartMill || Micron Stock: Nothing Is Over Yet (NASDAQ:MU) - Seeking Alpha"
1802.T,2026-09-08,Obayashi Corporation,Industrials,10,google_news|yfinance,positive,True,L'acquisition de Multiplex par Obayashi pour 650 millions de dollars et la croissance de l'entreprise sont des éléments positifs qui pourraient améliorer la valeur de l'action.,"Brookfield agrees to divest builder Multiplex to Obayashi for $650m || Brookfield Business Selling Multiplex to Japan's Obayashi For $650 Million || Soft China Economic Reports Roil Asian Stock Markets || Obayashi (TSE:1802) Valuation Check After Strong 1 Year Shareholder Returns || This Khosla-backed autonomous pod startup just raised $170M — now it’s aiming for more || Obayashi Corporation Revenue Breakdown – TSE:1802 - TradingView || Acquisition of Multiplex Global Limited, a Company Operating Construction Businesses in Australia, the UK and Canada - obayashi.co.jp || Japan’s Obayashi to acquire Multiplex from Brookfield for $526 mln - Investing.com || Obayashi Enters Toll Road Concession Business in Jakarta, Indonesia | News | Obayashi Global - obayashi.co.jp || Brookfield agrees to sell construction unit Multiplex for $650M - Stock Titan"
GL,2026-09-08,Globe Life Inc.,Financial Services,10,google_news|yfinance,positive,True,"Les actualites presentes sont presque toutes positives, avec des mentions de performances solides, de croissance et de dividendes, ce qui suggere un ton general positif pour l'action de Globe Life Inc.","3 Insurance Stocks We Keep Off Our Radar || Want Double-Digit Gains From Insurance Stocks? Morgan Stanley Suggests 2 Names to Consider || 3 Reasons to Avoid GL and 1 Stock to Buy Instead || Globe Life's Health Insurance Growth Powers Earnings Momentum || Globe Life (GL) Down 0.3% Since Last Earnings Report: Can It Rebound? || Globe Life Inc. stock outperforms competitors despite losses on the day - MarketWatch || Is Globe Life Inc. (GL) A Good Stock To Buy Now? - Yahoo Finance || Globe Life stock holds steady as investors digest slower growth and dividend strength - AD HOC NEWS || Globe Life Q2: Solid Fundamentals, But GL.PR.D Offers Better Risk-Adjusted Yield Near 7.8% - Seeking Alpha || Globe Life Lags Industry, Trades at a Discount: Time to Buy or Hold? - Yahoo Finance"
FRSH,2026-09-08,Freshworks Inc.,Technology,10,google_news|yfinance,negative,True,"Bien que certaines actualités mentionnent des gains ou des opportunités pour l'action, d'autres soulignent des défis, des declines en valeur et des ventes de parts de l'action, ce qui donne un ton général négatif.","2 Growth Stocks with Explosive Upside and 1 Facing Challenges || Freshworks (FRSH) Stock Looks Priced At A Premium To Fair Value || 2 Cash-Producing Stocks to Consider Right Now and 1 We Brush Off || 1 Small-Cap Stock to Keep an Eye On and 2 Facing Headwinds || Amplitude, GitLab, Doximity, Freshworks, and Sprinklr Shares Skyrocket, What You Need To Know || Is Freshworks Inc. (FRSH) A Good Stock To Buy Now? - Yahoo Finance || Freshworks (NASDAQ: FRSH) officer lines up $253K stock sale after earlier June trade - Stock Titan || Freshworks Inc (FRSH) Stock Down 4.7% -- Now Undervalued? GF Sco - GuruFocus || Freshworks CAO Philippa Lawrence sells $699k in company stock - Investing.com || FRSH - Finviz"
9939.TW,2026-09-08,"Taiwan Hon Chuan Enterprise Co., Ltd.",Consumer Cyclical,5,google_news,negative,True,"Aucune information positive ou neutre n'est disponible dans les actualités fournies, les seules informations étant des données historiques et des informations sur d'autres entreprises.","9939 Stock Price and Chart — TWSE:9939 - TradingView || International Packaging Number of Employees 2026 | Employee Count & Headcount Data - Revelio Labs || Technical Analysis of Taiwan Hon Chuan Enterprise Co., Ltd. (TWSE:9939) - TradingView || K Laser Technology Inc. (2461.TW) Stock Price, News, Quote & History - Yahoo Finance || Dimensional Emerging Markets Core Equity 2 ETF Holdings - Quiver Quantitative"
SNA,2026-09-08,Snap-on Incorporated,Industrials,10,google_news|yfinance,positive,True,"Bien que certaines actualités mentionnent des risques et des prévisions mitigées, le ton général est dominé par des éléments positifs, tels que la performance de l'action, les résultats de Q2 et les analystes favorables, ce qui suggère un sentiment globalement positif.","3 Reasons SNA is Risky and 1 Stock to Buy Instead || Are Wall Street Analysts Bullish on Snap-on Stock? || Snap On (SNA) Beat Expectations, Is The Stock Fully Priced? || Spotting Winners: Snap-on (NYSE:SNA) And Professional Tools and Equipment Stocks In Q2 || Can Snap-on's RCI Execution and Innovation Sustain Growth? || Snap-On Incorporated (NYSE:SNA) Receives Average Rating of ""Moderate Buy"" from Brokerages - MarketBeat || Snap-on Inc. stock gains support from institutional buying and solid Q2 figures - AD HOC NEWS || 27,110 Shares in Snap-On Incorporated $SNA Purchased by Nykredit A S - MarketBeat || Snap-on Incorporated Declares Quarterly Dividend - Yahoo Finance || Snap-on Incorporated Declares Quarterly Dividend; Announces $500 Million Share Repurchase Authorization - Business Wire"
1893.T,2026-09-08,"Penta-Ocean Construction Co., Ltd.",Industrials,8,google_news|yfinance,neutral,True,"Les actualites presentes sont mixtes, avec des informations sur des contrats de construction, des changements dans les relations financieres et des informations sur la structure de l'entreprise, sans mention de resultats financiers ou de tendances a la baisse.","DEME secures offshore wind turbine installation contract in Japan || Mizuho Dropped From Bond Deals as SESC Probe Unfolds || Reviewing Penta-Ocean Construction (TSE:1893) Valuation as Investor Interest Builds Without Major Headlines || Total debt of Penta-Ocean Construction Co., Ltd. – HAM:PO6 - TradingView || How Penta-Ocean’s Planned J-ESOP Introduction At Penta-Ocean Construction (TSE:1893) Has Changed Its Investment Story - simplywall.st || Penta-Ocean Construction Number of Employees 2026 | Employee Count & Headcount Data - Revelio Labs || Penta-Ocean Construction Co., Ltd. Revenue Breakdown – TSE:1893 - TradingView || Penta-Ocean Construction Co., Ltd. Trade Ideas — HAM:PO6 - TradingView"
PATH,2026-09-08,"UiPath, Inc.",Technology,9,google_news|yfinance,negative,True,"L'actualité présente plusieurs articles négatifs sur UiPath, notamment une chute de 17% après les résultats financiers, des préoccupations sur la concurrence et une baisse de la valeur de l'action.","UiPath, Inc. (PATH) is Attracting Investor Attention: Here is What You Should Know || UiPath Just Sank 17%. Is the Stock a Buy on the Dip? || Why UiPath Rallied in August || UiPath (PATH) Founder Publishes Enterprise AI Orchestration Framework || Why UiPath Stock Plunged Today || UiPath Just Sank 17%. Is the Stock a Buy on the Dip? - Yahoo Finance || Why UiPath Stock Fell 17% Last Week Despite Beating Estimates - TIKR.com || UiPath Reports Second Quarter Fiscal 2027 Financial Results - Business Wire || Uipath Stock Price Forecast. Should You Buy PATH? - StockInvest.us"
OFG,2026-09-08,OFG Bancorp,Financial Services,10,google_news|yfinance,positive,True,"Les actualites presentes sont presque toutes positives, avec des articles qui soulignent les performances de l'action, son potentiel de croissance et son rendement dividendial.",1 Small-Cap Stock on Our Buy List and 2 That Underwhelm || OFG Bancorp (OFG) is a Top Dividend Stock Right Now: Should You Buy? || Q2 Regional Banks Earnings Review: First Prize Goes to OFG Bancorp (NYSE:OFG) || New Strong Buy Stocks for August 25th || Best Income Stocks to Buy for August 25th || OFG Bancorp (OFG) is a Top Dividend Stock Right Now: Should You Buy? - Yahoo Finance || Legal & General Group Plc Makes New Investment in OFG Bancorp $OFG - MarketBeat || Is OFG Bancorp (OFG) Undervalued As Dividend Growth Draws Fresh Attention? - simplywall.st || Q2 Rundown: FirstSun Capital Bancorp (NASDAQ:FSUN) Vs Other Regional Banks Stocks - StockStory || 1 Small-Cap Stock on Our Buy List and 2 That Underwhelm - The Globe and Mail
AMN,2026-09-08,"AMN Healthcare Services, Inc.",Healthcare,10,google_news|yfinance,positive,True,"L'actualité présente plusieurs articles positifs sur l'action d'AMN Healthcare Services, Inc., indiquant une croissance solide et une performance exceptionnelle, ce qui suggère un ton général positif.","3 Reasons to Avoid AMN and 1 Stock to Buy Instead || 1 Small-Cap Stock on Our Buy List and 2 We Ignore || Job Market Uncertainty Pushes Commercial Staffing Stocks Up 80% This Year || 3 Stocks Under $50 We Steer Clear Of || Zacks.com featured highlights Centene, Archer-Daniels-Midland, Avnet, Arrow and AMN || Is AMN Healthcare Services (AMN) Stock Outpacing Its Business Services Peers This Year? - Yahoo Finance || AMN Stock Rallies Nearly 119% YTD: What's Behind the Momentum? - TradingView || AMN HEALTHCARE ANNOUNCES SECOND QUARTER 2026 RESULTS - PR Newswire || AMN Healthcare Services: Strong Secular Growth Propels Earnings (NYSE:AMN) - Seeking Alpha || AMN - AMN Healthcare Services Inc Stock Price and Quote - Finviz"
ASM.AS,2026-09-08,ASM International NV,Technology,10,google_news|yfinance,positive,True,"Les actualites presentes montrent une tendance positive pour l'action ASM International NV, avec des gains de partage, une augmentation de la confiance des investisseurs et une activite de share buyback, ce qui suggere une augmentation de la confiance dans la company.","European Chip Stocks Rise, Buoyed By Asian Peers || Is Analog Devices (ADI) Outperforming Other Computer and Technology Stocks This Year? || Chip Stocks Driven Higher by Nvidia Results and Guidance || European Chip Stocks Rise After Nvidia Results, Guidance || European Chip Stocks Mixed Ahead of Nvidia Earnings || ASM share buyback update August 31 – September 4, 2026 - Yahoo Finance || A chipmaking equipment maker has used 84.9% of its €150 million share-buyback plan. - Stock Titan || ASM International stock gains as buyback and board nomination support sentiment - AD HOC NEWS || Why is ASM International stock rallying today? - Investing.com || ASM International Rides on AI-Driven Semiconductor Boom: Worth a Buy? - Zacks Investment Research"
URBN,2026-09-08,"Urban Outfitters, Inc.",Consumer Cyclical,10,google_news|yfinance,positive,True,"Les actualites presentes sont presque toutes positives, avec des results de ventes solides, une croissance du segment retail et une bonne perception des analystes, ce qui suggere un ton general positif pour l'action. [verification 'sues' : resolu favorablement (3/3 votes) -- l'entreprise met en place une solution positive avec l'automatisation des centrales de stockage, ce qui suggère une résolution favorable.]","Does Strong Q2 Results And Nuuly Logistics Spend Change The Bull Case For Urban Outfitters (URBN)? || Urban Outfitters’ Nuuly pursues more fulfillment center automation || Hip fashion retailer closes more stores in 2026 || America's Car-Mart, RH, Arhaus, Bath and Body Works, and Urban Outfitters Shares Plummet, What You Need To Know || Urban Outfitters' Strong Retail Segment Supports Growth Momentum || Urban Outfitters, Inc. (NASDAQ:URBN) Receives Average Rating of ""Moderate Buy"" from Analysts - MarketBeat || Is Urban Outfitters (URBN) Stock Undervalued Right Now? - Yahoo Finance || Urban Outfitters (NASDAQ: URBN) officer to sell 5,700 shares - Stock Titan || Urban Outfitters director Mary Egan sells $51,012 in URBN stock By Investing.com - Investing.com Nigeria || Urban Outfitters: Great Valuation For Strong Sales Performance (NASDAQ:URBN) - Seeking Alpha"
AMZN,2026-09-08,"Amazon.com, Inc.",Consumer Cyclical,10,google_news|yfinance,negative,True,"Les actualites presentes sont principalement negatives, avec des accidents aériens, des critiques sur la strategie d'investissement de SoftBank et des retours négatifs sur la performance de l'action d'Amazon. [verification 'investigation' : resolu favorablement (3/3 votes) -- Le titre indique une enquête en cours, ce qui suggère une résolution potentielle, plutôt qu'un risque actif et non résolu.]","The real danger of black market peptides: Novo Nordisk CEO || Scene of Fatal Amazon Plane Crash in Miami Is ‘Devastating’ || Amazon's 250-Flight Air Network Faces a Fatal Miami Investigation || SoftBank Explodes 11.2% as AI Mania Roars Back Across Asia || How a 64-Year-Old’s $1.2 Million in VOO Turned Into a $456,000 Bet on a Single Sector || Amazon.com, Inc. (AMZN) is Attracting Investor Attention: Here is What You Should Know - Yahoo Finance || Amazon.com, Inc. $AMZN Stock Position Lowered by a16z Perennial Management L.P. - MarketBeat || Amazon.com Inc. (AMZN) Stock Price, Quote & News - techi.com || Are Retail-Wholesale Stocks Lagging Amazon.com (AMZN) This Year? - Yahoo Finance || Amazon.com Announces Second Quarter Results - Amazon Investor Relations"
DCI,2026-09-08,"Donaldson Company, Inc.",Industrials,10,google_news|yfinance,positive,True,"Les actualites recentes sur Donaldson Company, Inc. (DCI) presentent des resultats financiers positifs, des croissances de ventes et de marge, ainsi que des acquisitions et des investissements, ce qui suggere un ton general positif pour l'action.","1 Mid-Cap Stock on Our Watchlist and 2 We Avoid || 1 Mid-Cap Stock for Long-Term Investors and 2 We Brush Off || Donaldson’s (DCI) Billion-Dollar Quarter Hides A Costlier Bet Ahead || Donaldson (DCI) Stock Looks Reasonable On Earnings But Rich On Cash Flow || DCI Q2 Deep Dive: Acquisition Momentum, Segment Growth, and Margin Expansion Shape Outlook || Is Now The Time To Look At Buying Donaldson Company, Inc. (NYSE:DCI)? - Moomoo || 39,737 Shares in Donaldson Company, Inc. $DCI Acquired by Public Employees Retirement System of Ohio - MarketBeat || Donaldson (DCI) Tops Q4 Earnings and Revenue Estimates - Eastern Progress || Donaldson (DCI) Stock Slips After Record Margins Set A Higher Bar - Sahm || Donaldson Company: Continued Execution Can Validate Valuation (NYSE:DCI) - Seeking Alpha"
6920.T,2026-09-08,Lasertec Corporation,Technology,10,google_news|yfinance,positive,True,"L'actualité présente plusieurs articles positifs sur Lasertec Corporation, tels que des actions de croissance japonaises, des performances solides des défenses et de l'AI, ainsi que des prédictions de croissance et des mises à jour de modèles d'analyse.","Lasertec Stock Leads 3 Japanese Growth Picks With High Insider Ownership || European Indexes Rise in Strong Open as AI, Defense Stocks Gain || Tech-Sector Recovery Lifts Asian Stock Markets || Tech Recovery Lifts Asian Stock Markets || Easing Crude Prices Stiffen Asian Stock Markets || Lasertec Shares Hit New High on Fresh AI-Driven Rally - marketscreener.com || Lasertec Corporation Just Missed Earnings - But Analysts Have Updated Their Models - simplywall.st || Should You Think About Buying Lasertec Corporation (TSE:6920) Now? - simplywall.st || Lasertec Stock Price Forecast. Should You Buy LSRCY? - StockInvest.us || [Market order] Sell SoftBank Group; buy Lasertec (morning session, 15 days ago) - Moomoo"
JAZZ,2026-09-08,Jazz Pharmaceuticals plc,Healthcare,10,google_news|yfinance,positive,True,"L'action de Jazz Pharmaceuticals plc (JAZZ) a connu plusieurs actualités positives, notamment la publication de résultats de recherche favorables pour son produit Ziihera, une augmentation de son prix cible par Morgan Stanley et un nouveau record de hauteur pour son action.","Jazz (JAZZ) Says Ziihera Beat Trastuzumab on Overall Survival. Can it Replace the First-Line HER2 Backbone? || Why Is Jazz (JAZZ) Down 6.9% Since Last Earnings Report? || Stocks making big moves yesterday: Jazz Pharmaceuticals, SAIC, Herbalife, AGCO, and Deere || Axsome Begins Phase III Study on AXS-05 for Smoking Cessation || JAZZ Rises on Updated OS Results From Gastric Cancer Study || Jazz Pharmaceuticals Announces Private Offering of $1.0 Billion of Exchangeable Senior Notes due 2032 and Concurrent Ordinary Share Repurchases - PR Newswire || Insider plans more Jazz (NASDAQ: JAZZ) share sales—but how big is this next trade? - Stock Titan || Morgan Stanley Raises its Price Target on Jazz Pharmaceuticals (JAZZ) - Yahoo Finance || Jazz Pharmaceuticals stock hits all-time high at 265.54 USD - Investing.com || Jazz Pharmaceuticals Stock: Here’s What Analysts Are Saying After the Q1 Beat and August Catalyst - TIKR.com"
LAUR,2026-09-08,"Laureate Education, Inc.",Consumer Defensive,10,google_news|yfinance,neutral,True,"Les actualites presentes sont mixtes, avec des articles qui mentionnent des risques et des opportunites pour l'action, mais sans prendre une position clairement positive ou négative.","3 Small-Cap Stocks We Find Risky || Laureate Education (LAUR) Looks Fairly Valued, Is There Enough Upside Left? || 3 Hyped Up  Stocks We Think Twice About || TAL vs. LAUR: Which Stock Is the Better Value Option? || 3 Russell 2000 Stocks We Steer Clear Of || Laureate Education (NASDAQ:LAUR): An Affordable Growth Stock with Strong Fundamentals - ChartMill || Director group sells Laureate (LAUR) stock over several days - Stock Titan || Laureate Education (NASDAQ:LAUR) Director Sells $101,143.94 in Stock - MarketBeat || Here’s How Much You Would Have Made Owning Laureate Education Stock In The Last 5 Years - Benzinga || Is the Options Market Predicting a Spike in Laureate Education Stock? - Yahoo Finance"
AMG,2026-09-08,"Affiliated Managers Group, Inc.",Financial Services,10,google_news|yfinance,positive,True,"Les actualites recentes sur Affiliated Managers Group, Inc. (AMG) suggererent une performance solide, des repurchases de actions et une croissance des parts, ce qui indique un ton general positif.","Affiliated Managers Group Repurchased About $375 Million of Stock in 6 Months || Is Affiliated Managers Group (AMG) Stock Outpacing Its Finance Peers This Year? || Should Value Investors Buy Affiliated Managers Group (AMG) Stock? || AMG vs. BLK: Which Stock Is the Better Value Option? || 2 Reasons Investors Love Affiliated Managers Group (AMG) || Is Affiliated Managers Group (AMG) Stock Outpacing Its Finance Peers This Year? - Yahoo Finance || Secure Asset Management LLC Buys Shares of 8,156 Affiliated Managers Group, Inc. $AMG - MarketBeat || Should Value Investors Buy Affiliated Managers Group (AMG) Stock? - Yahoo Finance || Here's Why Affiliated Managers Group (AMG) is a Strong Momentum Stock - Eastern Progress || UBS AM a distinct business unit of UBS ASSET MANAGEMENT AMERICAS LLC Sells 28,602 Shares of Affiliated Managers Group, Inc. $AMG - MarketBeat"
7269.T,2026-09-08,Suzuki Motor Corporation,Consumer Cyclical,10,google_news|yfinance,positive,True,"L'actualité présente plusieurs éléments positifs, tels que la croissance des ventes de Pricol Ltd, la débute de BYD en Inde, la stratégie de Suzuki pour atteindre la neutralité carbone, ainsi que la croissance de FIEM Industries Ltd et la nouvelle usine de Suzuki en Inde.","Pricol Ltd (BOM:540293) (Q1 2027) Earnings Call Highlights: Revenue Surges 23% as Demerger ... || BYD Bets Small EV Can Crack Japan || Toyota backs Tier IV in level 4 autonomous vehicle push || FIEM Industries Ltd (BOM:532768) Q4 2026 Earnings Call Highlights: Record Growth and Strategic ... || Suzuki opens second plant in Kharkhoda, India || With 60% institutional ownership, Suzuki Motor Corporation (TSE:7269) is a favorite amongst the big guns - simplywall.st || 7269 Stock Price and Chart — TSE:7269 - TradingView || Suzuki Motor Corporation FY2025 Results: Revenue Up 8.0%, Profit Attributable to Owners Rises 5.6% - scanx.trade || Suzuki Motor to rev up India launches, investments to reclaim 50% market share; reinforces commitment to a ‘multi-pathway’ carbon-neutrality strategy - The Indian Express || Suzuki stock slips as Maruti Suzuki extends decline despite new Eeco milestone - AD HOC NEWS"
THG,2026-09-08,"The Hanover Insurance Group, Inc.",Financial Services,10,google_news|yfinance,positive,True,"Les actualites presentes montrent un sentiment positif envers l'action de The Hanover Insurance Group, Inc. (THG), avec des investissements et des aquisitions recentes, ainsi que des annonces de repurchase d'action et des investissements de nouveaux fonds, ce qui suggere une confiance croissante dan","Should Value Investors Buy The Hanover Insurance Group (THG) Stock? || The Case for Holding MetLife Stock: What Investors Need to Know || Aon's $17 Billion USI Deal: A Costly Bet on Middle-Market Growth || Here's Why Investors Should Retain the Hartford Stock for Now || New Strong Buy Stocks for August 28th || Should Value Investors Buy The Hanover Insurance Group (THG) Stock? - Yahoo Finance || Empowered Funds LLC Invests $1.76 Million in The Hanover Insurance Group, Inc. $THG - MarketBeat || The Hanover Insurance Group, Inc. Announces New Share Repurchase Authorization - PR Newswire || Public Employees Retirement System of Ohio Makes New $2.43 Million Investment in The Hanover Insurance Group, Inc. $THG - MarketBeat || Are Investors Undervaluing The Hanover Insurance Group (THG) Right Now? - Yahoo Finance"
UCG.MI,2026-09-08,UniCredit S.p.A.,Financial Services,10,google_news|yfinance,neutral,True,"L'actualité présente une diversité de sujets, allant de la financement de projets de banque éolienne à la perspective de l'acquisition de Commerzbank par UniCredit, sans évoquer un ton particulièrement positif ou négatif pour l'action.","Greenvolt secures $254m UniCredit funding for Polish BESS projects || Greenvolt secures financing package from Unicredit for BESS projects in Poland || Commerzbank (XTRA:CBK) Stock Looks Fairly Valued Despite Fresh ECB Bid News || Italy’s Monte dei Paschi Makes $40 Billion Move to Buy Rival Banks || Commerzbank, German resistance wanes: UniCredit nears deal, what could change || Unicredit S.p.a Stock Price Forecast. Should You Buy UCG.MI? - StockInvest.us || ETFs Investing in UniCredit S.p.A. Unsponsored ADR Stocks - TradingView || Bernard Horn's Top Q2 2026 Move: UniCredit SpA at a 1.5% Portfolio Impact - Yahoo Finance || UniCredit stock holds firm as FTSE MIB stays cautious - AD HOC NEWS || UniCredit: We Raise Our Fair Value Estimate by 39%; Shares Modestly Undervalued - Morningstar"
YETI,2026-09-08,"YETI Holdings, Inc.",Consumer Cyclical,10,google_news|yfinance,neutral,True,"Bien que certains analystes ont exprimé une confiance en l'avenir de YETI, d'autres ont signalé une correction après les résultats du deuxième trimestre, tandis que le CEO a vendu des actions, ce qui a attiré l'attention des investisseurs.","Why Yeti Stock Swooned in August || Is YETI Holdings (YETI) Cheap On Its Pullback Despite The CEO Vesting Share Sale? || 1 of Wall Street’s Favorite Stocks to Keep an Eye On and 2 We Turn Down || CEO Sells Over 4,000 Shares of Consumer Stock, Valued at Over $185,000 || YETI (YETI) Remains a Strong Player Despite Market Setbacks || YETI Holdings, Inc. Q2 2026 Earnings Call Summary - Yahoo Finance || A Look at YETI Holdings Inc (YETI) After 3.2% Gain -- GF Value $49.96 vs Price $41.45 - GuruFocus || YETI Holdings Inc. (YETI) Key Financial Ratios – Valuation, Profitability & More - valueresearchonline.com || BofA raises Yeti stock price target on second-half outlook - Investing.com || YETI Forecast — Price Target — Prediction for 2027 - TradingView"
SBIN.NS,2026-09-08,State Bank of India,Financial Services,10,google_news|yfinance,positive,True,"L'action de State Bank of India est soutenue par des actualites positives sur ses performances financieres, son expansion et son retour sur le marche des obligations en dollars, ce qui suggere une tendance positive pour l'action.","State Bank of India targets 12,000 hires and 250 more branches – report || State Bank of India returns to dollar debt market, bankers see strong demand || State Bank of India (SBKFF) (Q1 2027) Earnings Call Highlights: Record Profit and Digital Push ... || India's largest lender SBI beats quarterly profit view on healthy loan growth || State Bank of India, HSBC and ICICI lead India's overseas deposit drive, data shows || State Bank of India , underperforms competitors - MarketWatch || India's largest lender SBI beats quarterly profit view on healthy loan growth - Reuters || State Bank of India Beats Profit Estimate on Robust Loan Growth - bloomberg.com || State Bank of India Stock 12‑Month Price Target Cut to INR 1213.63, Implies 19% Upside - TradingView || India's SBI sheds over $11 billion in two sessions on margin squeeze, disappointing earnings - Reuters"
LCII,2026-09-08,LCI Industries,Consumer Cyclical,10,google_news|yfinance,positive,True,"Les actualites presentes sont presque toutes positives, avec des annonces de changement de leadership, des resultats financiers positifs et une perspective de croissance pour l'entreprise.","Lippert named Fun Town RV CEO || LCI Industries (LCII) Q2 2026 Earnings Call Transcript || LCI Industries Q2 Earnings Call Highlights || LCI Industries Inc (LCII) (Q2 2026) Earnings Call Highlights: Margin Expansion and Strategic ... || Patrick Industries (PATK) Stock Looks Reasonable On Cash Flow While Earnings Look Rich || LCI Industries (NYSE:LCII) Receives Average Rating of ""Hold"" from Analysts - MarketBeat || Is LCI Industries (LCII) Undervalued As RV Travel Demand Supports Its Growth Story? - simplywall.st || LCI Industries (LCII) Agrees To All Stock Merger With Patrick Industries - Yahoo Finance || McDermott Will & Schulte advises Patrick Industries in Announced All-Stock Merger with LCI Industries - McDermott Will & Schulte || Why is LCI Industries stock plunging today? - Investing.com"
TGTX,2026-09-08,"TG Therapeutics, Inc.",Healthcare,10,google_news|yfinance,positive,True,"L'action de TG Therapeutics, Inc. (TGTX) est mentionnée dans plusieurs articles positifs, tels que l'analyse de DirectorsTalk qui indique une potentialité d'augmentation de 24.52% et l'avis de Seeking Alpha qui mentionne une mise à jour de la note de rating.","Kymera Therapeutics (KYMR) Up 10.2% Since Last Earnings Report: Can It Continue? || IBD Stock Of The Day, TG Therapeutics, Eyes Breakout After Topping Early Buy Point || TG Therapeutics (TGTX) Up 15.1% Since Last Earnings Report: Can It Continue? || TGTX Stock Pares Opening Losses After Analyst Dismisses Competition From Novartis || TGTX Stock Outperforms 95% of Stocks. Here's Why. || TG Therapeutics, Inc. (TGTX) Stock Analysis: Unveiling a 24.52% Upside Potential in the Biotech Sector - DirectorsTalk Interviews || Is TG Therapeutics, Inc. (TGTX) A Good Stock To Buy Now? - Yahoo Finance || TG Therapeutics Reports First Quarter 2026 Financial Results and Raises BRIUMVI Revenue Guidance - TG Therapeutics || TG Therapeutics: Briumvi's Peak May Be Far Away (Rating Upgrade) (NASDAQ:TGTX) - Seeking Alpha || TGTX Stock Rises 29% in 3 Months: Here's What You Should Know - qz.com"
BBY,2026-09-08,"Best Buy Co., Inc.",Consumer Cyclical,10,google_news|yfinance,positive,True,"Les actualites presentes montrent une augmentation des ventes et des resultats positifs pour Best Buy Co., Inc., avec des comparables de ventes en augmentation de 4.1% et une augmentation de 70% des resultats nettes, ce qui suggere un ton general positif pour l'action.","Uneven Investor Sentiment Toward Hardline Retailers Could Persist Amid Macro Headwinds, UBS Says || Best Buy’s (BBY) Turnaround Gains Steam As Leadership Changes Hands || Best Buy (BBY) Q2 2027 Earnings Call Transcript || 3 Retail Stocks to Watch After a Big Consumer Earnings Week || Retailers feel the sting as cautious consumers weigh their options || Hsbc Holdings PLC Lowers Stock Position in Best Buy Co., Inc. $BBY - MarketBeat || Best Buy Co. Inc. stock outperforms competitors on strong trading day - MarketWatch || Best Buy Co Inc (BBY) Stock Up 3.2% but GF Value Says Overvalued -- GF Score: 75/100 - GuruFocus || Best Buy (NYSE: BBY) EPS up 70% as tariff refund lifts margins - Stock Titan || Is Best Buy Co., Inc. (BBY) A Good Stock To Buy Now? - Yahoo Finance"
BPOP,2026-09-08,"Popular, Inc.",Financial Services,10,google_news|yfinance,positive,True,"Les actualites recentes sur Popular, Inc. (BPOP) mettent en avant des elements positifs tels que le paiement d'un dividende, des performances financieres solides et des perspectives de croissance, ce qui suggere un ton general positif pour l'action.","Popular (BPOP), Why Is It Back In The Spotlight? || Spotting Winners: Popular (NASDAQ:BPOP) And Regional Banks Stocks In Q2 || 3 Market-Beating Stocks with Competitive Advantages || 2 Reasons to Like BPOP (and 1 Not So Much) || Popular, Inc. (BPOP) Hit a 52 Week High, Can the Run Continue? || Here’s How Much You Would Have Made Owning Popular Stock In The Last 5 Years - Benzinga || Popular, Inc. Declares Dividend on Preferred Stock and Announces Distribution on Trust Preferred Securities - Yahoo Finance || Popular (BPOP) risk chief reports 4,004-share stake - Stock Titan || Popular CEO will speak in New York on Sept. 15. A webcast will be available. - Stock Titan || Popular, Inc. (BPOP) Hit a 52 Week High, Can the Run Continue? - Yahoo Finance"
WDC,2026-09-08,Western Digital Corporation,Technology,9,google_news|yfinance,positive,True,"Les actualites presentes sont presque toutes positives, avec des mentions de gains pour des stocks connexes (Palantir, Micron, Salesforce, Super Micro), des analyses positives sur la croissance potentielle de Western Digital et des conseils d'investissement encourageants.","Palantir Stock Leads August Rally -- Nvidia, Salesforce and Super Micro Jump || Micron Has Skyrocketed 256% in 2026. What Would It Take to Get MU Stock Up to $1,250? || Can Silicon Motion's CRA Compliance Efforts Drive Future Growth? || Investors Heavily Search Western Digital Corporation (WDC): Here is What You Need to Know || Here's How Much a $1000 Investment in Western Digital Made 10 Years Ago Would Be Worth Today || Micron and Western Digital Shares Skyrocket, What You Need To Know - Yahoo Finance || What's Going On With Western Digital Stock Friday? - Benzinga || WDC Stock's Big Rally: Buy, Sell, or Hold After a 70% 6-Month Surge? - Eastern Progress || Have Insiders Sold Western Digital Shares Recently? - simplywall.st"
AMAT,2026-09-08,"Applied Materials, Inc.",Technology,10,google_news|yfinance,positive,True,"Les actualites presentes sont presque toutes positives, avec des recommandations de buy de Wall Street, des performances solides de l'action et des analyses positives de la part de experts tels que Jim Cramer.","Wall Street Analysts Think Applied Materials (AMAT) Is a Good Investment: Is It? || Lam Research Nearly Triples in a Year: Is the Stock Still Worth Buying? || Jim Cramer Shares His Playbook for Buying Applied Materials (AMAT) || Memory, Other AI-Related Stocks Lead the Market’s Top Performers Friday || Can Applied Materials (AMAT) Still Look Cheap After A 237% Run? || Applied Materials Inc. stock outperforms competitors on strong trading day - MarketWatch || Is Applied Materials Inc (AMAT) Overvalued After 4.3% Rally? GF - GuruFocus || Applied Materials Just Dropped 14% in a Month. Sell Now, or Buy More? - 24/7 Wall St. || Should You Buy, Sell or Hold AMAT Stock After a 72.5% YTD Rise? - Yahoo Finance || Lam Research Nearly Triples in a Year: Is the Stock Still Worth Buying? - TradingView"
GOOGL,2026-09-08,Alphabet Inc.,Communication Services,10,google_news|yfinance,neutral,True,"Bien que plusieurs actualités mentionnent des développements positifs tels que la réduction des émissions de contrail par Google, d'autres soulignent des préoccupations liées à la croissance de l'industrie AI et à la possible entrée de Berkshire Hathaway dans un modèle d'assurance plus traditionnel.","Weight loss is just the beginning of GLP-1's: Novo Nordisk CEO || Warren Buffett Told CNBC 'I Initiated It' About Berkshire's Alphabet Bet, and New Reporting Says He's Still Calling the Shots on Stocks. Here's What That Means for Reading Greg Abel's Tenure. || Google's AI Slashes Contrail Warming 40% in a Real-World Test || Nvidia, Microsoft at Center of $7 Trillion AI Boom || Berkshire Hathaway Owns AI Exposure in 3 Different Ways. Here's Why That's Not the Same as Owning Nvidia. || Something Is Happening With Alphabet Stock That Wall Street Isn’t Talking About - Yahoo Finance || Alphabet Inc. (A) (GOOGL) Stock Price, Quote & News - techi.com || Alphabet (GOOGL) Stock Price Forecast 2026: Cloud Hit $20B But FCF Collapsed — Buy or Short? - tradingkey.com || Don’t Rush to Buy GOOG Stock as Alphabet Heads Toward Bear Market Territory - Barchart.com || Alphabet (NASDAQ: GOOG) director makes charitable gift, still holds 9,989 shares - Stock Titan"
9942.TW,2026-09-08,NAK Sealing Technologies Corporation,Consumer Cyclical,5,google_news,positive,True,"L'actualité mentionne une publication de résultats financiers positifs pour la deuxième trimestre et les six mois de 2026, ce qui suggère une tendance positive pour l'action.","NAK Sealing Technologies Corporation Reports Earnings Results for the Second Quarter and Six Months Ended June 30, 2026 - marketscreener.com || Oil and Gas Seals Market Share, Growth, Analysis 2031 - Allied Market Research || 6933 Stock Price and Chart — TWSE:6933 - TradingView || 3498 Stock Price and Chart — TPEX:3498 - TradingView || 4542 Stock Price and Chart — TPEX:4542 - TradingView"
SENEB,2026-09-08,Seneca Foods Corporation,Consumer Defensive,10,google_news|yfinance,positive,True,"Les actualites recentes sur Seneca Foods Corporation (SENEA) suggere un ton general positif, avec des articles qui soulignent son croissance, son acquisition de Green Giant Frozen, son bilan de solide et son potentiel de takeover, ainsi que des analyses positives de la part d'analystes et de publica","Why Seneca Foods Looks Ripe For A Takeover || Seneca Stock Gains Following Q1 Earnings, Sales Increase Y/Y || The Zacks Analyst Blog Highlights Apple, Shell, Toyota, Seneca and Value Line || Top Research Reports for Apple, Shell & Toyota Motor || Is Seneca Foods Corporation (SENEA) A Good Stock To Buy Now? || Is Seneca Foods Corporation (SENEA) A Good Stock To Buy Now? - Yahoo Finance || Seneca Foods (NASDAQ: SENEA) officer to sell 1,587 shares - Stock Titan || Even After Doubling, Seneca Foods Corporation Offers Tasty Upside (NASDAQ:SENEA) - Seeking Alpha || Seneca Foods stock up 107.5% since June 2023 on strong growth and acquisitions, still undervalued. - Pluang || Is Seneca Foods (SENE.A) Using ESOP Share Plans to Redefine Its Long-Term Capital Strategy? - simplywall.st"
DINO,2026-09-08,HF Sinclair Corporation,Energy,10,google_news|yfinance,positive,True,"Les actualites presentes sont presque toutes positives, avec des annonces de buyback et de spin-off, des mentions de dividendes attractifs et des analyses positives de la part des analystes.","38% Overvalued? HF Sinclair (DINO) Faces Valuation Questions Following Buyback And Shelf Filing || HF Sinclair (DINO) Files Shelf Registration And Sets $1,500 Million Share Buyback || Goldman’s Energy Dividend Picks: Why Devon and HF Sinclair Still Offer Upside || HF Sinclair Corporation (DINO) Hits Fresh High: Is There Still Room to Run? || Zacks.com featured highlights include Match Group, Amkor Technology and HF Sinclair || HF Sinclair Corporation (DINO) Hits Fresh High: Is There Still Room to Run? - Yahoo Finance || HF Sinclair Plans Lubricants Spin-Off: Is it a Value-Unlocking Move? - TradingView || HF Sinclair Stock Climbs 18% On A 8-Day Winning Streak - Trefis || Analysts Offer Insights on Energy Companies: HF Sinclair Corporation (DINO) and Ovintiv (OVV) - The Globe and Mail || HF Sinclair Corporation (DINO) Hit a 52 Week High, Can the Run Continue? - Yahoo Finance"
B3SA3.SA,2026-09-08,"B3 S.A. - Brasil, Bolsa, Balcão",Financial Services,7,google_news|yfinance,positive,True,"L'action B3 S.A. - Brasil Bolsa Balcao (BOLSY) présente une croissance revenue solide et des gains opérationnels, avec des actualités positives sur les nouveaux produits et la résilience face aux défis du marché.","B3 SA - Brasil Bolsa Balcao (BOLSY) Q4 2025 Earnings Call Highlights: Strong Revenue Growth and ... || B3 SA - Brasil Bolsa Balcao (BOLSY) Q3 2025 Earnings Call Highlights: Resilient Growth Amid ... || ETFs Investing in B3 SA - Brasil, Bolsa, Balcao Unsponsored ADR Stocks - TradingView || B3 S.A. Got An Antitrust Warning Because Of The Strength Of Its Moat (Rating Downgrade) - Seeking Alpha || Cambuci S.A. Launches Share Buyback to Unlock Shareholder Value - The Globe and Mail || Homerun Resources Inc. Announces Sponsored BDR Listing on B3 Stock Exchange - Investing News Network || B3 S.A. - Brasil, Bolsa, Balcão 2026 Q2 - Results - Earnings Call Presentation (OTCMKTS:BOLSY) 2026-08-12 - Seeking Alpha"
BVS,2026-09-08,Bioventus Inc.,Healthcare,10,google_news|yfinance,positive,True,"Les actualites recentes sur Bioventus Inc. (BVS) suggèrent une tendance positive, avec des performances solides en termes de ventes et de bénéfices, ainsi qu'une réaffirmation de la guidance pour 2026, ce qui pourrait indiquer une opportunité d'investissement.",Are Medical Stocks Lagging  Bioventus (BVS) This Year? || 4 Healthcare Stocks to Safeguard Your Portfolio as Fed Plans Rate Hike || Bioventus (BVS) Q2 2026 Earnings Call Transcript || Bioventus (BVS) Stock Still Looks Like A Bargain On Earnings || The Bull Case For Bioventus (BVS) Could Change Following Its Q2 Earnings Surge And Reaffirmed 2026 Guidance || Is Bioventus (BVS) Stock Undervalued Right Now? - Yahoo Finance || Bioventus Inc (BVS) Stock Up 5.1% but GF Value Says Overvalued -- GF Score: 58/100 - GuruFocus || BVS - Finviz || Bioventus Starts Review After Unsolicited Acquisition Proposal - Stock Titan || BVS Forecast — Price Target — Prediction for 2027 - TradingView
2404.TW,2026-09-08,"United Integrated Services Co., Ltd.",Industrials,5,google_news,positive,True,"L'action de United Integrated Services Co., Ltd. (2404.TW) a connu une augmentation de son EPS record et un backlog d'ordres approchant les 200 milliards de dollars, indiquant une performance solide et une confiance croissante des investisseurs.","United Integrated Services First-Half EPS Soars to NT$36.23, a Record High; Order Backlog Approaches NT$200 Billion - finance.biggo.com || 2404 Stock Price and Chart — TWSE:2404 - TradingView || Wasatch Emerging Markets Select Fund Q2 2026 Commentary (undefined:WAESX) - Seeking Alpha || TSMC 2024 Supply Chain Management Forum Presents Awards to Outstanding Suppliers - pr.tsmc.com || Taiwan stocks higher at close of trade; Taiwan Weighted up 0.91% - Investing.com"
1878.T,2026-09-08,"Daito Trust Construction Co.,Ltd.",Real Estate,6,google_news|yfinance,positive,True,"Les actualites presentes montrent des initiatives de developpement de nouveaux projets et d'expansion de l'entreprise dans de nouveaux marches, ce qui suggere une perspective positive pour l'action.","Daito Trust Construction (TSE:1878): Assessing Valuation as Shares Show Subtle Uptrend || Daito Trust Construction concludes agreement on transfer of shares in the Coastline Group (Los Angeles, California, USA) - kentaku.co.jp || Daito Trust Construction launches purchase, renovation, and resale business in Texas to expand its business in North America - kentaku.co.jp || Daito Trust Construction Co.,Ltd. 2027 Q1 - Results - Earnings Call Presentation (OTCMKTS:DIFTY) 2026-08-01 - Seeking Alpha || Daito Trust Construction to launch the Takaoka Ejiri Center Project (tentative name) as its first community development project - kentaku.co.jp || Daito Trust Construction jointly develops program to help foreign engineers obtain national qualifications - kentaku.co.jp"
3044.TW,2026-09-08,Tripod Technology Corporation,Technology,5,google_news,negative,True,"Aucune information positive ou neutre est disponible dans les actualites fournies, les articles semblent aborder des sujets generaux sans fournir de details sur Tripod Technology Corporation.","3044 Stock Price and Chart — TWSE:3044 - TradingView || Technical Analysis of Tripod Technology Corporation (TWSE:3044) - TradingView || Chenming Electronic Tech. Corp. (3013.TW) Stock Price, News, Quote & History - Yahoo Finance || High Growth Tech Stocks In Asia To Watch April 2026 - Yahoo Finance || 3008 Stock Price and Chart — TWSE:3008 - TradingView"
ABEV3.SA,2026-09-08,Ambev S.A.,Consumer Defensive,10,google_news|yfinance,positive,True,"Les actualites presentes montrent une croissance revenue et des marges accrues, ainsi qu'une augmentation de la confiance des investisseurs, indiquees par des positions accrues et une hausse du prix.","Ambev (ABEV) Q2 2026 Earnings Call Transcript || Ambev SA (ABEV) (Q2 2026) Earnings Call Highlights: Strong Beer Growth and Digital Expansion ... || Ambev Q2 Earnings Call Highlights || CCU vs. ABEV: Which Stock Should Value Investors Buy Now? || PepsiCo Q2 Earnings Beat on Volume Gains & International Strength || First Eagle Investment Management LLC Boosts Stock Position in Ambev S.A. $ABEV - MarketBeat || Northwestern Mutual Wealth Management Co. Sells 2,706,320 Shares of Ambev S.A. $ABEV - MarketBeat || ABEV Stock Grinds Higher As Tight Range Draws Trader Focus - StocksToTrade || Ambev SA (ABEV) Climbs to 5-Year High on Strong Q1 - Yahoo Finance || ABEV - Ambev SA ADR Stock Price and Quote - Finviz"
FHI,2026-09-08,"Federated Hermes, Inc.",Financial Services,9,google_news|yfinance,positive,True,"Les actualites presentes sont presque toutes positives, avec des gains pour Ares Management, une expansion de l'AUM de Federated Hermes, des dividendes et une valeur potentielle pour l'action.","Ares Management Up 28.8% in 6 Months: How to Approach the Stock Now || Federated Hermes' APAC Tokenization Push: A New AUM Growth Lever? || UBS Gets a Win in Swiss Capital Battle || Federated Hermes (FHI) Could Be a Great Choice || Federated Hermes (FHI) Stock Seems Undervalued On Fair Value But Fair On Earnings || SHEPHERD WEALTH MANAGEMENT Ltd LIABILITY Co Acquires New Stake in Federated Hermes, Inc. $FHI - MarketBeat || Ares Management Up 28.8% in 6 Months: How to Approach the Stock Now - TradingView || Federated Hermes, Inc. reports record assets under management with second quarter 2026 earnings - PR Newswire || Why Federated Hermes (FHI) is a Top Dividend Stock for Your Portfolio - Eastern Progress"
MD,2026-09-08,"Pediatrix Medical Group, Inc.",Healthcare,9,google_news|yfinance,positive,True,"Les actualites presentes sont presque toutes positives, avec des mentions de performances solides, de croissance et de confiance des investisseurs, ce qui suggere un ton general positif pour l'action de Pediatrix Medical Group, Inc.",Cencora (COR) Up 3.8% Since Last Earnings Report: Can It Continue? || Pediatrix Medical Group (MD) Up 3.4% Since Last Earnings Report: Can It Continue? || Q2 Earnings Highlights: Pediatrix Medical Group (NYSE:MD) Vs The Rest Of The Healthcare Providers & Services Stocks || 3 Profitable Stocks That Concern Us || 3 Overrated  Stocks We Keep Off Our Radar || Vanguard Group now shows no Pediatrix (NYSE: MD) stake - Stock Titan || Pediatrix Medical Group (MD) is a Top-Ranked Growth Stock: Should You Buy? - Eastern Progress || MD - Pediatrix Medical Group Inc Stock Price and Quote - Finviz || Will Earnings Beat and Major Buybacks Change Pediatrix Medical Group's (MD) Narrative - webull.com
NDX1.DE,2026-09-08,Nordex SE,Industrials,10,google_news|yfinance,positive,True,"L'action de Nordex SE est soutenue par des actualites positives sur les ventes, les bénéfices et les ordres, ainsi que par des upgrades de la part de banques de notation, ce qui suggère une augmentation potentielle de la valeur de l'action.","Nordex secures 525MW turbine order from Türkerler || Nordex (XTRA:NDX1) Stock Still Looks Discounted As A 228% Gain Tests Fair Value || Nordex (XTRA:NDX1) Could Be 18% Below Fair Value On Half Year 2026 Earnings || Nordex Group secures new US orders totalling more than 480 MW || Nordex Doubles Q2 EBITDA and Confirms 2026 Outlook on Strong Order Growth || Nordex SE celebrates 25 years as a listed company - Nordex SE || Nordex stock jumps after Bank of America upgrade and higher target - AD HOC NEWS || NDX1 Forecast — Price Target — Prediction for 2027 - TradingView || Germany's Nordex tops profit forecast on strong wind demand, shares jump - Reuters || Nordex earns more than expected and reaffirms guidance, share price recovery - marketscreener.com"
YUMC,2026-09-08,"Yum China Holdings, Inc.",Consumer Cyclical,10,google_news|yfinance,positive,True,"Les actualites recentes sur YUMC sont presque toutes positives, avec des articles sur la valeur de l'action, les performances des resultats, la vente de Pizza Hut et des actions de l'exec, ce qui suggere un ton general positif.","YUMC or CMG: Which Is the Better Value Stock Right Now? || Are Investors Undervaluing Yum China (YUMC) Right Now? || Q2 Earnings Outperformers: Yum China (NYSE:YUMC) And The Rest Of The Traditional Fast Food Stocks || Pizza Hut’s sale to LongRange Capital is complete || Yum! Brands Completes Sale of Pizza Hut to LongRange Capital || Yum China (NYSE: YUMC) exec turns RSUs into shares, uses 594 to cover taxes - Stock Titan || Is Yum China Holdings, Inc. (YUMC) A Good Stock To Buy Now? - Yahoo Finance || YUMC - Yum China Holdings Inc Stock Price and Quote - Finviz || Is Yum China Holdings Inc (YUMC) a Bargain After 4.8% Drop? GF V - GuruFocus || YUM China Holdings Inc (NYSE:YUMC) Passes Key Quality Investing Filters - ChartMill"
2503.T,2026-09-08,"Kirin Holdings Company, Limited",Consumer Defensive,10,google_news|yfinance,positive,True,"Les actualites presentes sont presque toutes positives, avec des mentions de croissance, de diversification, de renforcement de la position de Kirin Holdings sur le marché et de son engagement en faveur de la transformation digitale.","Why spirits slowdown could prompt majors to diversify || Assessing Kirin Holdings (TSE:2503) Valuation After Recent Share Price Momentum || Kirin launches RTD brand Hyoketsu in US || Is It Time To Reassess Kirin Holdings Company (TSE:2503) After Its Strong 1‑Year Share Price Run? || 3 Reasons Growth Investors Will Love Kirin (KNBWY) || Kirin Holdings Selected as a ""DX Stock 2026"" for Commitment to Digital Transformation - Kirin Holdings Company, Limited || Kirin Holdings Company, Limited 2026 Q2 - Results - Earnings Call Presentation (OTCMKTS:KNBWY) 2026-08-09 - Seeking Alpha || The Strong Earnings Posted By Kirin Holdings Company (TSE:2503) Are A Good Indication Of The Strength Of The Business - simplywall.st || Jamieson Wellness Enters into Definitive Agreement to be Acquired by Kirin in C$2.5 Billion Transaction - PR Newswire Canada || Kirin stock steadies as Tokyo peers slide - AD HOC NEWS"
UFCS,2026-09-08,"United Fire Group, Inc.",Financial Services,10,google_news|yfinance,positive,True,"Les actualites presentes montrent une augmentation des actions, des results financiers positifs, des acquisitions et des upgrades de prix, ce qui suggere un ton general positif pour l'action de United Fire Group, Inc.","UVE Stock Gains 71.4% in a Year: Time to Add It for Better Returns? || United Fire Group (UFCS) Q2 2026 Earnings Call Transcript || Is United Fire Group (UFCS) Stock Undervalued Right Now? || United Fire Group, Inc (UFCS) Hits Fresh High: Is There Still Room to Run? || United Fire Group (UFCS) Stock Gets Fair Value Boost After Q2 Beat And Lower Cat Losses || Should Value Investors Buy The Hanover Insurance Group (THG) Stock? - Yahoo Finance || 51,088 Shares in United Fire Group, Inc $UFCS Acquired by Legal & General Group Plc - MarketBeat || United Fire Group, Inc (UFCS) Hits Fresh High: Is There Still Room to Run? - qz.com || United Fire Group stock hits 52-week high at 55.83 USD - Investing.com Canada || Man Group plc Acquires Shares of 37,048 United Fire Group, Inc $UFCS - MarketBeat"
4507.T,2026-09-08,"Shionogi & Co., Ltd.",Healthcare,10,google_news|yfinance,positive,True,"L'action de Shionogi & Co., Ltd. (SGIOY) a battu les attentes en termes de bénéfices et de chiffre d'affaires pour la période Q1 2026, ce qui suggère une tendance positive pour la société.","Shionogi & Co., Ltd. Unsponsored ADR (SGIOY) Beats Q1 Earnings Estimates || United Therapeutics (UTHR) Earnings Expected to Grow: What to Know Ahead of Q2 Release || Shionogi & Co., Ltd. Unsponsored ADR (SGIOY) to Report Q1 Results: Wall Street Expects Earnings Growth || Shionogi (TSE:4507) Valuation Check As XOCOVA Wins First US FDA Approval For COVID 19 Post Exposure Prophylaxis || Akebia Therapeutics (AKBA) Reports Q1 Loss, Misses Revenue Estimates || Shionogi Selected as a “DX Stock 2026”｜ 塩野義製薬 - Shionogi Inc. || Shionogi & Co., Ltd. Unsponsored ADR (SGIOY) Beats Q1 Earnings Estimates - Yahoo Finance || Shionogi & Co., Ltd. Revenue Breakdown – TSE:4507 - TradingView || Shionogi & Co., Ltd. 2027 Q1 - Results - Earnings Call Presentation (OTCMKTS:SGIOY) 2026-08-06 - Seeking Alpha || Board of Directors and Executive Officers - jpx.co.jp"
GEO,2026-09-08,"The GEO Group, Inc.",Industrials,10,google_news|yfinance,positive,True,"Les actualites presentes montrent un ton general positif pour l'action de The GEO Group, Inc., avec des mentions de croissance, de performances financieres solides et de nouveaux contrats gouvernementaux.","2 Growth Stocks with All-Star Potential and 1 We Question || Best Momentum Stocks to Buy for September 2nd || MAN Stock Surges 122% in 6 Months: Here's What You Should Know || Gartner Stock Gains 28% in 3 Months: Here's What You Should Know || Here's Why Momentum in Geo Group (GEO) Should Keep going || The GEO Group Reports First Quarter Results and Increases Full Year 2026 Guidance | The GEO Group, Inc. - investors.geogroup.com || The GEO Group, Inc. Just Beat Earnings Expectations: Here's What Analysts Think Will Happen Next - Yahoo Finance || Government Contract Update: $36M payment to THE GEO GROUP, INC - Quiver Quantitative || The GEO Group Reports Third Quarter 2025 Results and Increases Share Repurchase Authorization to $500 Million - investors.geogroup.com || GEO Group Number of Employees 2026 | Employee Count & Headcount Data - Revelio Labs"
TILE,2026-09-08,"Interface, Inc.",Consumer Cyclical,10,google_news|yfinance,positive,True,"Les actualites presentes sont presque toutes positives, avec des mentions de croissance, de nouveaux produits, de poursuite de croissance et d'investissements, ce qui suggere un ton general positif pour l'action Interface, Inc.","2 Profitable Stocks for Long-Term Investors and 1 Facing Challenges || Caesarstone’s Premium Multi-Material & Differentiated Model Proposition – Initiation Report || 2 Reasons to Watch TILE and 1 to Stay Cautious || Interface Eyes Growth as One Interface Strategy Targets Commercial Flooring Share || Interface (TILE) Launches New Collection As Undervalued Narrative Stays In Focus || Director at Interface (TILE) sells 8,000 shares under trading plan - Stock Titan || Enterprise value to revenue forward of Interface, Inc. – NASDAQ:TILE - TradingView || Man Group plc Purchases New Shares in Interface, Inc. $TILE - MarketBeat || Interface (TILE) is a Great Momentum Stock: Should You Buy? - Yahoo Finance || TILE - Interface Inc Stock Price and Quote - Finviz"
2006.TW,2026-09-08,Tung Ho Steel Enterprise Corporation,Basic Materials,5,google_news,positive,True,"L'action de Tung Ho Steel Enterprise Corporation est soutenue par des actualites positives sur son secteur, notamment la recente acquisition de 25 millions de dollars et la planification de renovation de ses fours electriques.",Steelmaker Tung Ho Vietnam secures $25 mln finance from Standard Chartered - Theinvestor || Why Taiwan Is Becoming a Leader in Urban Mining - time.com || Taiwan's Tung Ho Steel plans to renew its electric arc furnaces - SteelRadar || Mineralization and Utilization using Steel Slag for Establishing a Waste-to-Resource Supply Chain - Nature || Enercon wins 33MW Taiwan contract - Wind Power Monthly
4503.T,2026-09-08,Astellas Pharma Inc.,Healthcare,10,google_news|yfinance,positive,True,"Les actualites presentes sont presque toutes positives, avec des informations sur des accords de prix avec des entreprises de pharmacie, une expansion du deal de prix avec des entreprises de taille moyenne et une analyse positive de la valeur de l'action.","Trump Expands Drug Pricing Deals With 9 Pharma Companies, Bringing Total to 26 — RFK Jr. Details 'Very, Very Emotional' Conversations With President || Trump's MFN Push Goes Beyond Big Pharma, Adds 9 Mid-Sized Drugmakers || Mid-cap biotechs join Trump’s latest round of drug pricing deals || Trump lines up MFN deals with nine mid-size pharmas on drug pricing push || Trump's Pharma Pricing Deal Expands as Healthcare Stocks Keep Climbing || Enterprise value to revenue forward of Astellas Pharma Inc. – TSE:4503 - TradingView || Why is Astellas Pharma stock climbing today? - Investing.com || Is Astellas Pharma (ALPMY) Stock Undervalued Right Now? - Yahoo Finance || Astellas Pharma Number of Employees 2026 | Employee Count & Headcount Data - Revelio Labs || Astute Medical stock turns into a data gap story. Astellas context still matters - ad-hoc-news.de"
1590.TW,2026-09-08,Airtac International Group,Industrials,6,google_news|yfinance,positive,True,"Les actualites presentes sont presque toutes positives, avec des croissances de revenue et de profit, ainsi que des commentaires positifs sur la capacite de l'action a gagner en popularite.","Airtac International Group (TPE:1590) Q2 2026 Earnings Call Highlights: Robust Growth and ... || AirTAC Earnings: Strong Growth Continues, but Shares Remain Expensive - Morningstar || AirTAC Capitalizes on Booming Battery Demand - Morningstar || Wasatch International Growth's Top Q2 2026 Move: Exiting Inter & Co Inc at a -2. ... - Yahoo Finance || 1590 Stock Price and Chart — TWSE:1590 - TradingView || [AirTAC International Group FY2026 H1 Earnings Call] H1 Net Profit Up 43% YoY, Institutional Investors Focus on Linear Guide Distribution Strategy and 2027 Resilience - finance.biggo.com"
2303.TW,2026-09-08,United Microelectronics Corporation,Technology,10,google_news|yfinance,positive,True,"Les actualites presentes sont presque toutes positives, avec des mentions de croissance, de gains et de nouveaux investissements, ce qui suggere un ton general positif pour l'action de United Microelectronics Corporation.","Taiwan Semiconductor Retains 73% Foundry Share: Is the Stock a Buy? || If You Have Some ‘Silly’ Money, United Microelectronics (UMC) Stock Is Worth a Look || The Firm That Filed a Bet Against Taiwan Semiconductor Then Launched a Foundry Fund Five Days Later || Should You Invest in NVMI Stock Following Healthy Q2 Results? || New Strong Buy Stocks for August 26th || Should I Buy UMC (United Microelectronics Corporation) | AI Analysis, Technical & News Insights - Kavout || United Microelectronics Corporation (UMC) is a Great Momentum Stock: Should You Buy? - Yahoo Finance || United Microelectronics Shares Rise After August Sales Increase - marketscreener.com || United Microelectronics (UMC) Surges 9.8%: Is This an Indication of Further Gains? - qz.com || UMC - United Micro Electronics ADR Stock Price and Quote - Finviz"
2548.TW,2026-09-08,"Huaku Development Co., Ltd.",Real Estate,5,google_news,neutral,True,"Les actualites presentes ne contiennent pas de informations de tonalite clairement positive ou negative, mais indiquent simplement des informations sur les actions de Huaku Development Co., Ltd. et les performances des actions taiwaneses.","2548 Stock Price and Chart — TWSE:2548 - TradingView || Fu Hua Innovation Co., Ltd. (3056.TW) Stock Price, News, Quote & History - Yahoo Finance || Taiwan stocks higher at close of trade; Taiwan Weighted up 0.48% - Investing.com || Technical Analysis of Huaku Development Co., Ltd. (TWSE:2548) - TradingView || Taiwan shares higher at close of trade; Taiwan Weighted up 0.12% By Investing.com - Investing.com UK"
2379.TW,2026-09-08,Realtek Semiconductor Corp.,Technology,9,google_news|yfinance,neutral,True,"Les actualites presentes sont mixtes, avec des informations sur des projets de financement, des prévisions de demande, des changements de direction chez Realtek et des préoccupations sur la sécurité de la chaîne d'approvisionnement mondiale, ce qui suggère un ton neutre.","GMI Cloud Seeks $635 Million GPU-Backed AI Infrastructure Loan || RealTek sees mixed demand trends as second-half visibility remains limited (RLTQY) || Nikki Haley Says If China Controls Taiwan, The Communist Party Gains Leverage Over World's Critical Supply Chain: 'Threat To Global Freedom' || DIP (TSE:2379) Margin Decline Reinforces Concerns Over Profitability and Dividend Stability || Realtek Semiconductor Number of Employees 2026 | Employee Count & Headcount Data - Revelio Labs || Realtek Semiconductor Corp Revenue Breakdown – TWSE:2379 - tradingview.com || Realtek Semiconductor Corp. Announces CEO Changes - marketscreener.com || Realtek Launched Worldwide First USB-IF Fully Certified (TID: 11930) Multi-Port USB4 Hub Controller (RTS5490), Integrating USB Type‑C/PD Functionality - Nasdaq || Realtek Semiconductor Corp Dividends – TWSE:2379 - tradingview.com"
SENEB,2026-09-09,Seneca Foods Corporation,Consumer Defensive,10,google_news|yfinance,positive,True,"Les actualites recentes sur Seneca Foods Corporation (SENEA) suggere un ton general positif, avec des articles qui soulignent son croissance, son acquisition de Green Giant Frozen, son bilan de solide et son potentiel de takeover, ainsi que des analyses positives de la part d'analystes et de publica","Why Seneca Foods Looks Ripe For A Takeover || Seneca Stock Gains Following Q1 Earnings, Sales Increase Y/Y || The Zacks Analyst Blog Highlights Apple, Shell, Toyota, Seneca and Value Line || Top Research Reports for Apple, Shell & Toyota Motor || Is Seneca Foods Corporation (SENEA) A Good Stock To Buy Now? || Is Seneca Foods Corporation (SENEA) A Good Stock To Buy Now? - Yahoo Finance || Seneca Foods (NASDAQ: SENEA) officer to sell 1,587 shares - Stock Titan || Even After Doubling, Seneca Foods Corporation Offers Tasty Upside (NASDAQ:SENEA) - Seeking Alpha || Seneca Foods stock up 107.5% since June 2023 on strong growth and acquisitions, still undervalued. - Pluang || Is Seneca Foods (SENE.A) Using ESOP Share Plans to Redefine Its Long-Term Capital Strategy? - simplywall.st"
MU,2026-09-09,"Micron Technology, Inc.",Technology,10,google_news|yfinance,positive,True,"Les actualites presentes sont presque toutes positives, avec des articles qui parlent de l'augmentation des revenus de Micron, de son potentiel de croissance et de l'opportunite de investissement dans l'industrie de la memoire.",STX Stock: The Math Hidden In Its Price || Can SanDisk Stock Keep Climbing When It Cannot Make Enough To Sell? || Druckenmiller Exited Micron and Bought Alphabet. The AI Risks Moved With Him || Micron (MU) Falls More Steeply Than Broader Market: What Investors Need to Know || Micron and Sandisk Soar as Goldman Sees New Memory Stock Rally || Micron Technology (MU) Rose on Elevated Demand for High-Bandwidth Memory - Yahoo Finance || Micron’s Crash May Set Up Another Leg Higher (NASDAQ:MU) - Seeking Alpha || Micron Technology (NASDAQ:MU): A GARP Play for Growth at a Reasonable Price - ChartMill || Here’s How Much You Would Have Made Owning Micron Technology Stock In The Last 5 Years - Benzinga || AMKR Stock Falls 10% in a Month: Why the Dip is a Buying Opportunity - TradingView
2404.TW,2026-09-09,"United Integrated Services Co., Ltd.",Industrials,5,google_news,positive,True,"L'action de United Integrated Services Co., Ltd. (2404.TW) a connu une augmentation de son EPS record et un backlog d'ordres approchant les 200 milliards de dollars, indiquant une performance solide et une confiance croissante des investisseurs.","United Integrated Services First-Half EPS Soars to NT$36.23, a Record High; Order Backlog Approaches NT$200 Billion - finance.biggo.com || 2404 Stock Price and Chart — TWSE:2404 - TradingView || Wasatch Emerging Markets Select Fund Q2 2026 Commentary (undefined:WAESX) - Seeking Alpha || TSMC 2024 Supply Chain Management Forum Presents Awards to Outstanding Suppliers - pr.tsmc.com || Taiwan stocks higher at close of trade; Taiwan Weighted up 0.91% - Investing.com"
MD,2026-09-09,"Pediatrix Medical Group, Inc.",Healthcare,9,google_news|yfinance,positive,True,"Les actualites presentes sont presque toutes positives, avec des mentions de performances solides, de croissance et de confiance des investisseurs, ce qui suggere un ton general positif pour l'action de Pediatrix Medical Group, Inc.",Cencora (COR) Up 3.8% Since Last Earnings Report: Can It Continue? || Pediatrix Medical Group (MD) Up 3.4% Since Last Earnings Report: Can It Continue? || Q2 Earnings Highlights: Pediatrix Medical Group (NYSE:MD) Vs The Rest Of The Healthcare Providers & Services Stocks || 3 Profitable Stocks That Concern Us || 3 Overrated  Stocks We Keep Off Our Radar || Vanguard Group now shows no Pediatrix (NYSE: MD) stake - Stock Titan || Pediatrix Medical Group (MD) is a Top-Ranked Growth Stock: Should You Buy? - easternprogress.com || MD - Pediatrix Medical Group Inc Stock Price and Quote - Finviz || Will Earnings Beat and Major Buybacks Change Pediatrix Medical Group's (MD) Narrative - webull.com
1802.T,2026-09-09,Obayashi Corporation,Industrials,10,google_news|yfinance,positive,True,L'acquisition de Multiplex par Obayashi pour 650 millions de dollars et la croissance de l'entreprise sont des éléments positifs qui pourraient améliorer la valeur de l'action.,"Brookfield agrees to divest builder Multiplex to Obayashi for $650m || Brookfield Business Selling Multiplex to Japan's Obayashi For $650 Million || Soft China Economic Reports Roil Asian Stock Markets || Obayashi (TSE:1802) Valuation Check After Strong 1 Year Shareholder Returns || This Khosla-backed autonomous pod startup just raised $170M — now it’s aiming for more || Obayashi Corporation Revenue Breakdown – TSE:1802 - TradingView || Acquisition of Multiplex Global Limited, a Company Operating Construction Businesses in Australia, the UK and Canada - obayashi.co.jp || Japan’s Obayashi to acquire Multiplex from Brookfield for $526 mln - Investing.com || Obayashi Enters Toll Road Concession Business in Jakarta, Indonesia | News | Obayashi Global - obayashi.co.jp || Brookfield agrees to sell construction unit Multiplex for $650M - Stock Titan"
GL,2026-09-09,Globe Life Inc.,Financial Services,10,google_news|yfinance,positive,True,"Les actualites presentes sont presque toutes positives, avec des mentions de performances solides, de croissance et de dividendes, ce qui suggere un ton general positif pour l'action de Globe Life Inc.","3 Insurance Stocks We Keep Off Our Radar || Want Double-Digit Gains From Insurance Stocks? Morgan Stanley Suggests 2 Names to Consider || 3 Reasons to Avoid GL and 1 Stock to Buy Instead || Globe Life's Health Insurance Growth Powers Earnings Momentum || Globe Life (GL) Down 0.3% Since Last Earnings Report: Can It Rebound? || Globe Life Inc. stock outperforms competitors despite losses on the day - MarketWatch || Globe Life stock holds steady as Allianz reduces stake after mixed quarterly results - AD HOC NEWS || Is Globe Life Inc. (GL) A Good Stock To Buy Now? - Yahoo Finance || Globe Life Inc. stock underperforms Thursday when compared to competitors despite daily gains - MarketWatch || Globe Life Q2: Solid Fundamentals, But GL.PR.D Offers Better Risk-Adjusted Yield Near 7.8% - Seeking Alpha"
FRSH,2026-09-09,Freshworks Inc.,Technology,10,google_news|yfinance,negative,True,"Bien que certaines actualités mentionnent des gains ou des commentaires positifs, d'autres soulignent des défis, des declines en valeur et des ventes de parts, ce qui suggère un ton général négatif pour l'action.","2 Growth Stocks with Explosive Upside and 1 Facing Challenges || Freshworks (FRSH) Stock Looks Priced At A Premium To Fair Value || 2 Cash-Producing Stocks to Consider Right Now and 1 We Brush Off || 1 Small-Cap Stock to Keep an Eye On and 2 Facing Headwinds || Amplitude, GitLab, Doximity, Freshworks, and Sprinklr Shares Skyrocket, What You Need To Know || Is Freshworks Inc. (FRSH) A Good Stock To Buy Now? - Yahoo Finance || Freshworks (NASDAQ: FRSH) officer lines up $253K stock sale after earlier June trade - Stock Titan || Freshworks Inc (FRSH) Stock Down 4.7% -- Now Undervalued? GF Sco - gurufocus.com || Freshworks CAO Philippa Lawrence sells $699k in company stock - Investing.com || FRSH - Finviz"
ABEV3.SA,2026-09-09,Ambev S.A.,Consumer Defensive,10,google_news|yfinance,positive,True,"Les actualites presentes montrent une croissance revenue et des marges expansionnees, ainsi que des investissements dans les activations de marque, ce qui suggere un ton general positif pour l'action d'Ambev S.A.","Ambev (ABEV) Q2 2026 Earnings Call Transcript || Ambev SA (ABEV) (Q2 2026) Earnings Call Highlights: Strong Beer Growth and Digital Expansion ... || Ambev Q2 Earnings Call Highlights || CCU vs. ABEV: Which Stock Should Value Investors Buy Now? || PepsiCo Q2 Earnings Beat on Volume Gains & International Strength || Corient Private Wealth LP Has $341,000 Position in Ambev S.A. $ABEV - MarketBeat || ABEV Stock Grinds Higher As Tight Range Draws Trader Focus - StocksToTrade || Ambev SA (ABEV) Climbs to 5-Year High on Strong Q1 - Yahoo Finance || First Eagle Investment Management LLC Boosts Stock Position in Ambev S.A. $ABEV - MarketBeat || ABEV - Ambev SA ADR Stock Price and Quote - Finviz"
WDC,2026-09-09,Western Digital Corporation,Technology,10,google_news|yfinance,positive,True,"L'actualité présente plusieurs articles positifs sur Western Digital Corporation, tels que son gain de 2,1% et son fort flux de cash flow, ce qui suggère un ton général positif pour l'action.","STX Stock: The Math Hidden In Its Price || Can SanDisk Stock Keep Climbing When It Cannot Make Enough To Sell? || Why the Market Dipped But Western Digital (WDC) Gained Today || Here's the One Storage Stock I'd Buy With $2,000 || SanDisk Stock Has Soared More Than 500% in 2026. Can the Rally Possibly Continue? || Why the Market Dipped But Western Digital (WDC) Gained Today - Yahoo Finance || Can Western Digital's Strong FCF Sustain Buybacks and Dividends? - Yahoo Finance || WDC Stock's Big Rally: Buy, Sell, or Hold After a 70% 6-Month Surge? - easternprogress.com || Have Insiders Sold Western Digital Shares Recently? - simplywall.st || Western Digital Corp Stock (WDC) Moved Up by 4.42% on Sep 4: Drivers Behind the Movement - TradingKey"
FHI,2026-09-09,"Federated Hermes, Inc.",Financial Services,10,google_news|yfinance,positive,True,"Les actualites presentes sont presque toutes positives, avec des mentions de croissance de l'AUM, de nouvelles acquisitions et de dividendes, ce qui suggere un ton general positif pour l'action de Federated Hermes, Inc.","Ares Management Up 28.8% in 6 Months: How to Approach the Stock Now || Federated Hermes' APAC Tokenization Push: A New AUM Growth Lever? || UBS Gets a Win in Swiss Capital Battle || Federated Hermes (FHI) Could Be a Great Choice || Federated Hermes (FHI) Stock Seems Undervalued On Fair Value But Fair On Earnings || Federated Hermes: Shifting To Higher Fee Products (NYSE:FHI) - Seeking Alpha || Forte Biosciences (FBRX) loses Federated Hermes as a shareholder - Stock Titan || Federated Hermes, Inc. reports record assets under management with second quarter 2026 earnings - PR Newswire || Federated Hermes, Inc. (NYSE:FHI) Receives Average Recommendation of ""Moderate Buy"" from Brokerages - MarketBeat || Why Federated Hermes (FHI) is a Top Dividend Stock for Your Portfolio - easternprogress.com"
9939.TW,2026-09-09,"Taiwan Hon Chuan Enterprise Co., Ltd.",Consumer Cyclical,5,google_news,negative,True,"Aucune information positive ou neutre est disponible dans les actualités fournies, les seules informations étant liées à une autre société (K Laser Technology Inc.) et à un fonds d'investissement.","9939 Stock Price and Chart — TWSE:9939 - TradingView || International Packaging Number of Employees 2026 | Employee Count & Headcount Data - Revelio Labs || Technical Analysis of Taiwan Hon Chuan Enterprise Co., Ltd. (TWSE:9939) - TradingView || K Laser Technology Inc. (2461.TW) Stock Price, News, Quote & History - finance.yahoo.com || Dimensional Emerging Markets Core Equity 2 ETF Holdings - quiverquant.com"
GEO,2026-09-09,"The GEO Group, Inc.",Industrials,10,google_news|yfinance,positive,True,"Les actualites presentes montrent un ton general positif pour l'action de The GEO Group, Inc., avec des mentions de croissance, de performances financieres solides et de nouveaux contrats gouvernementaux.","2 Growth Stocks with All-Star Potential and 1 We Question || Best Momentum Stocks to Buy for September 2nd || MAN Stock Surges 122% in 6 Months: Here's What You Should Know || Gartner Stock Gains 28% in 3 Months: Here's What You Should Know || Here's Why Momentum in Geo Group (GEO) Should Keep going || The GEO Group Reports First Quarter Results and Increases Full Year 2026 Guidance | The GEO Group, Inc. - The GEO Group || The GEO Group, Inc. Just Beat Earnings Expectations: Here's What Analysts Think Will Happen Next - finance.yahoo.com || Government Contract Update: $36M payment to THE GEO GROUP, INC - quiverquant.com || The GEO Group Reports Third Quarter 2025 Results and Increases Share Repurchase Authorization to $500 Million - The GEO Group || A 1,320-Bed Immigration Processing Center Is Planned for ICE Use - Stock Titan"
SNA,2026-09-09,Snap-on Incorporated,Industrials,10,google_news|yfinance,positive,True,"Bien que certaines actualités mentionnent des risques et des prévisions mitigées, le ton général est dominé par des résultats positifs, tels que la croissance des ventes et la confiance des analystes, ainsi que des actions de l'entreprise, telles que la réduction du dividende et l'augmentation de la","3 Reasons SNA is Risky and 1 Stock to Buy Instead || Are Wall Street Analysts Bullish on Snap-on Stock? || Snap On (SNA) Beat Expectations, Is The Stock Fully Priced? || Spotting Winners: Snap-on (NYSE:SNA) And Professional Tools and Equipment Stocks In Q2 || Can Snap-on's RCI Execution and Innovation Sustain Growth? || Wellington Management Group LLP Buys 8,286 Shares of Snap-On Incorporated $SNA - MarketBeat || 27,110 Shares in Snap-On Incorporated $SNA Purchased by Nykredit A S - MarketBeat || Snap-on Q2 Earnings & Revenues Beat Estimates, Organic Sales Rise 3% - finance.yahoo.com || Snap-on Incorporated Declares Quarterly Dividend; Announces $500 Million Share Repurchase Authorization - Business Wire || Snap-On Incorporated (NYSE:SNA) Receives Average Rating of ""Moderate Buy"" from Brokerages - MarketBeat"
ASM.AS,2026-09-09,ASM International NV,Technology,10,google_news|yfinance,positive,True,"Les actualites presentes montrent une tendance generale positive pour l'action ASM International NV, avec des gains de parts, des updates de share buyback et des informations positives sur la performance de l'entreprise et de son secteur.","European Chip Stocks Rise, Buoyed By Asian Peers || Is Analog Devices (ADI) Outperforming Other Computer and Technology Stocks This Year? || Chip Stocks Driven Higher by Nvidia Results and Guidance || European Chip Stocks Rise After Nvidia Results, Guidance || European Chip Stocks Mixed Ahead of Nvidia Earnings || ASM share buyback update August 31 – September 4, 2026 - finance.yahoo.com || A chipmaking equipment maker has used 84.9% of its €150 million share-buyback plan. - Stock Titan || ASM International stock gains on buyback update and governance news - AD HOC NEWS || Why is ASM International stock rallying today? - Investing.com || Is ASM International (ASMIY) Stock Outpacing Its Computer and Technology Peers This Year? - finance.yahoo.com"
PATH,2026-09-09,"UiPath, Inc.",Technology,10,google_news|yfinance,,True,"Bien que certaines actualités indiquent une baisse des actions d'UiPath, d'autres soulignent une augmentation des prix cibles et une recommandation d'achat de la part d'un analyste, ce qui suggère un ton mixte et neutre.","Why UiPath (PATH) Stock Is Trading Lower Today || Citi Just Upgraded UiPath Stock. Here's Why. || UiPath and Pegasystems Sink 7% as Price Target Hikes Arrive Without a Single Buy Rating || UiPath Slides 24% After Q2 Earnings: Is PATH Stock a Buy? || SpaceX initiated, Intel upgraded: Wall Street's top analyst calls || PATH Stock Wrapped Its Worst Week In 4 Months: UiPath Wins Higher Price Targets, But Analysts Still Want AI Proof - finance.yahoo.com || Citi Just Upgraded UiPath Stock. Here's Why. - Barchart.com || UiPath retreats 8%, extending post-earnings selloff (PATH:NYSE) - Seeking Alpha || UiPath, Inc. (PATH) is Attracting Investor Attention: Here is What You Should Know - finance.yahoo.com || UiPath Slides 24% After Q2 Earnings: Is PATH Stock a Buy? - finance.yahoo.com"
AMN,2026-09-09,"AMN Healthcare Services, Inc.",Healthcare,10,google_news|yfinance,positive,True,"Les actualites presentes sont presque toutes positives, avec des articles qui soulignent le potentiel de croissance de l'action, son rendement recent et son integration dans les listes de stocks a acheter.",Here's Why You Should Retain AMN Stock in Your Portfolio for Now || 3 Reasons to Avoid AMN and 1 Stock to Buy Instead || 1 Small-Cap Stock on Our Buy List and 2 We Ignore || Job Market Uncertainty Pushes Commercial Staffing Stocks Up 80% This Year || 3 Stocks Under $50 We Steer Clear Of || Here's Why You Should Retain AMN Stock in Your Portfolio for Now - TradingView || Amn Healthcare Services Stock Price Forecast. Should You Buy AMN? - StockInvest.us || Is AMN Healthcare Services (AMN) Stock Outpacing Its Business Services Peers This Year? - finance.yahoo.com || AMN HEALTHCARE ANNOUNCES SECOND QUARTER 2026 RESULTS - PR Newswire || AMN - AMN Healthcare Services Inc Stock Price and Quote - Finviz
GOOGL,2026-09-09,Alphabet Inc.,Communication Services,10,google_news|yfinance,positive,True,"Bien que certaines actualités mentionnent des risques et des défis pour Alphabet Inc., le ton général est dominé par des articles positifs et des analyses favorables, indiquant que les investisseurs sont optimistes sur l'avenir de l'entreprise.",What investors 'really' need to see from Oracle earnings this week || Bill Ackman Sold His Remaining Alphabet Shares and Bought This Streaming Stock || Jim Cramer Says Amazon and Alphabet Are Cheap. Their Cash Flows Complicate the Case || Druckenmiller Exited Micron and Bought Alphabet. The AI Risks Moved With Him || Google Warns EU Regulations Will Result In Lower Search Quality || Alphabet Stock Is Pulling Back From Its High. Here’s Why I’d Buy the Dip. - finance.yahoo.com || Google Unveils Gemini 3.8 Flash and Fairwind Program: How to Play GOOGL Stock Here - Barchart.com || Alphabet Balances Strengths And Weaknesses (NASDAQ:GOOG) - Seeking Alpha || Alphabet May Be the Mag 7 Stock Investors Are Underestimating - 24/7 Wall St. || Billionaire Bill Ackman Sells Alphabet Stock and Buys a Mega-Cap Stock Down 42% From Its High - The Motley Fool
7269.T,2026-09-09,Suzuki Motor Corporation,Consumer Cyclical,10,google_news|yfinance,positive,True,"L'actualité présente plusieurs éléments positifs, tels que la croissance des ventes de Pricol Ltd, la présence de Toyota dans le domaine des véhicules autonomes, la croissance de FIEM Industries Ltd et la construction de nouveaux usines de Suzuki, ce qui suggère une tendance positive pour l'action.","Pricol Ltd (BOM:540293) (Q1 2027) Earnings Call Highlights: Revenue Surges 23% as Demerger ... || BYD Bets Small EV Can Crack Japan || Toyota backs Tier IV in level 4 autonomous vehicle push || FIEM Industries Ltd (BOM:532768) Q4 2026 Earnings Call Highlights: Record Growth and Strategic ... || Suzuki opens second plant in Kharkhoda, India || With 60% institutional ownership, Suzuki Motor Corporation (TSE:7269) is a favorite amongst the big guns - simplywall.st || 7269 Stock Price and Chart — TSE:7269 - TradingView || Suzuki Motor Corporation FY2025 Results: Revenue Up 8.0%, Profit Attributable to Owners Rises 5.6% - scanx.trade || Suzuki stock slips as Maruti Suzuki extends decline despite new Eeco milestone - AD HOC NEWS || Suzuki Motorcycle India targets over 50% global sales share, plans new Haryana plant - CNBC TV18"
AMZN,2026-09-09,"Amazon.com, Inc.",Consumer Cyclical,10,google_news|yfinance,positive,True,"Les actualites presentes sont presque toutes positives, avec des annonces de partenariat avec Qualcomm, des declarations de confiance de la part de Jim Cramer et de Jeff Bezos, ainsi que des informations sur les achats de parts par des investisseurs.","Qualcomm and Amazon ink deal for custom data center chips || What investors 'really' need to see from Oracle earnings this week || Jeff Bezos Remains Amazon's Largest Individual Shareholder With Roughly 900 Million Shares. Here's Why That Stake Still Anchors the Stock. || Jim Cramer Says Amazon and Alphabet Are Cheap. Their Cash Flows Complicate the Case || S&P 500, Dow End Lower As Middle East Tensions Spur Oil Rally Ahead Of Key Inflation Data — META, QCOM, BE, AMZN, AVGO In Focus || Amazon.com, Inc. (AMZN) is Attracting Investor Attention: Here is What You Should Know - finance.yahoo.com || Amazon (AMZN) Stock Price Today, September 8, 2026: Steady at $258.51 - Pintu || Amazon.com, Inc. $AMZN Shares Purchased by Udine Wealth Management Inc. - MarketBeat || Amazon.com Inc. (AMZN) Stock Price, Quote & News - techi.com || Are Retail-Wholesale Stocks Lagging Amazon.com (AMZN) This Year? - finance.yahoo.com"
JAZZ,2026-09-09,Jazz Pharmaceuticals plc,Healthcare,10,google_news|yfinance,positive,True,"L'action de Jazz Pharmaceuticals plc (JAZZ) est affectée par des actualites positives, telles que la confirmation de l'efficacite de son produit Ziihera, des designations de maladies rares pour son produit QRX003 et une augmentation du prix cible par Morgan Stanley, ce qui suggere une perspective po","1 Value Stock with Exciting Potential and 2 We Brush Off || Quoin in line for priority review voucher if rare paediatric drug approved || Jazz (JAZZ) Says Ziihera Beat Trastuzumab on Overall Survival. Can it Replace the First-Line HER2 Backbone? || Why Is Jazz (JAZZ) Down 6.9% Since Last Earnings Report? || Stocks making big moves yesterday: Jazz Pharmaceuticals, SAIC, Herbalife, AGCO, and Deere || Jazz Pharma (NASDAQ: JAZZ) exec plans $486K Rule 144 stock sale - Stock Titan || Jazz Pharmaceuticals Stock Price Forecast. Should You Buy JAZZ? - StockInvest.us || Jazz Pharmaceuticals (JAZZ) director moves to sell more stock - Stock Titan || Jazz Pharmaceuticals Announces Private Offering of $1.0 Billion of Exchangeable Senior Notes due 2032 and Concurrent Ordinary Share Repurchases - PR Newswire || Morgan Stanley Raises its Price Target on Jazz Pharmaceuticals (JAZZ) - finance.yahoo.com"
AMAT,2026-09-09,"Applied Materials, Inc.",Technology,10,google_news|yfinance,positive,True,"Les actualites presentes sont presque toutes positives, avec des mentions de performances solides, de demandes accrues de equipement de semiconducteurs, de recommandations de buy de Wall Street et de partage de opinions positives de personnalites financieres.","Capex Rebound Powers Applied Materials’ (AMAT) Performance || Applied Materials Says AI Boom Is Driving Semiconductor Equipment Demand Higher || Wall Street Analysts Think Applied Materials (AMAT) Is a Good Investment: Is It? || Lam Research Nearly Triples in a Year: Is the Stock Still Worth Buying? || Jim Cramer Shares His Playbook for Buying Applied Materials (AMAT) || Jim Cramer Shares His Playbook for Buying Applied Materials (AMAT) - finance.yahoo.com || Applied Materials Inc. stock outperforms competitors on strong trading day - MarketWatch || Applied Materials, AMD, Broadcom, Lam Research, and Marvell Technology Shares Skyrocket, What You Need To Know - The Globe and Mail || Applied Materials Just Dropped 14% in a Month. Sell Now, or Buy More? - 24/7 Wall St. || Capex Rebound Powers Applied Materials’ (AMAT) Performance - finance.yahoo.com"
DCI,2026-09-09,"Donaldson Company, Inc.",Industrials,10,google_news|yfinance,positive,True,"Les actualites recentes sur Donaldson Company, Inc. (DCI) suggererent une augmentation des ventes, des profits et des investissements, indiquant un ton general positif.","1 Mid-Cap Stock on Our Watchlist and 2 We Avoid || 1 Mid-Cap Stock for Long-Term Investors and 2 We Brush Off || Donaldson’s (DCI) Billion-Dollar Quarter Hides A Costlier Bet Ahead || Donaldson (DCI) Stock Looks Reasonable On Earnings But Rich On Cash Flow || DCI Q2 Deep Dive: Acquisition Momentum, Segment Growth, and Margin Expansion Shape Outlook || Is Now The Time To Look At Buying Donaldson Company, Inc. (NYSE:DCI)? - Moomoo || Empowered Funds LLC Invests $1.17 Million in Donaldson Company, Inc. $DCI - MarketBeat || Donaldson (DCI) Tops Q4 Earnings and Revenue Estimates - easternprogress.com || Insider at Donaldson (NYSE: DCI) plans September stock sale after option exercise - Stock Titan || 39,737 Shares in Donaldson Company, Inc. $DCI Acquired by Public Employees Retirement System of Ohio - MarketBeat"
URBN,2026-09-09,"Urban Outfitters, Inc.",Consumer Cyclical,10,google_news|yfinance,positive,True,"Bien que les actualites mentionnent des retours en forme du groupe, notamment en termes de chiffre d'affaires et de bénéfices, ainsi que des investissements dans la logistique, les actualites soulignent également des défis tels que la fermeture de 17 magasins en 2027, ce qui maintient un ton neutre. [verification 'sues' : resolu favorablement (3/3 votes) -- La description du titre suggère une mise en œuvre de technologies pour automatiser les processus de livraison, ce qui pourrait améliorer la satisfaction client et la productivité du service Nuuly, plutôt que de signaler un risque actif et non résolu.]","Does Strong Q2 Results And Nuuly Logistics Spend Change The Bull Case For Urban Outfitters (URBN)? || Urban Outfitters’ Nuuly pursues more fulfillment center automation || Hip fashion retailer closes more stores in 2026 || America's Car-Mart, RH, Arhaus, Bath and Body Works, and Urban Outfitters Shares Plummet, What You Need To Know || Urban Outfitters' Strong Retail Segment Supports Growth Momentum || Urban Outfitters (NASDAQ:URBN): A Decent Value Play with a Debt-Free Edge - ChartMill || Melanie Marein-Efron Sells 5,700 Shares of Urban Outfitters (NASDAQ:URBN) Stock - MarketBeat || BMO Capital initiates Urban Outfitters stock coverage at Market Perform - Investing.com || Why Urban Outfitters (URBN) is a Top Value Stock for the Long-Term - easternprogress.com || Is Urban Outfitters (URBN) Stock Undervalued Right Now? - finance.yahoo.com"
1878.T,2026-09-09,"Daito Trust Construction Co.,Ltd.",Real Estate,6,google_news|yfinance,positive,True,"Les actualites presentes montrent des initiatives de developpement de nouveaux projets et d'expansion de l'entreprise dans de nouveaux marches, ce qui suggere une perspective positive pour l'action.","Daito Trust Construction (TSE:1878): Assessing Valuation as Shares Show Subtle Uptrend || Daito Trust Construction concludes agreement on transfer of shares in the Coastline Group (Los Angeles, California, USA) - kentaku.co.jp || Daito Trust Construction launches purchase, renovation, and resale business in Texas to expand its business in North America - kentaku.co.jp || Daito Trust Construction Co.,Ltd. 2027 Q1 - Results - Earnings Call Presentation (OTCMKTS:DIFTY) 2026-08-01 - Seeking Alpha || Daito Trust Construction to launch the Takaoka Ejiri Center Project (tentative name) as its first community development project - kentaku.co.jp || Daito Trust Construction jointly develops program to help foreign engineers obtain national qualifications - kentaku.co.jp"
2379.TW,2026-09-09,Realtek Semiconductor Corp.,Technology,9,google_news|yfinance,neutral,True,"Les actualites presentes sont mixtes, avec des informations sur des projets de financement, des prévisions de demande, des changements de direction chez Realtek et des préoccupations sur la domination de Taiwan par la Chine, ce qui ne permet pas de déterminer un ton positif, neutre ou négatif pour l","GMI Cloud Seeks $635 Million GPU-Backed AI Infrastructure Loan || RealTek sees mixed demand trends as second-half visibility remains limited (RLTQY) || Nikki Haley Says If China Controls Taiwan, The Communist Party Gains Leverage Over World's Critical Supply Chain: 'Threat To Global Freedom' || DIP (TSE:2379) Margin Decline Reinforces Concerns Over Profitability and Dividend Stability || Realtek Semiconductor Number of Employees 2026 | Employee Count & Headcount Data - Revelio Labs || Realtek Semiconductor Corp Revenue Breakdown – TWSE:2379 - TradingView || Realtek Semiconductor Corp. Announces CEO Changes - marketscreener.com || Realtek Launched Worldwide First USB-IF Fully Certified (TID: 11930) Multi-Port USB4 Hub Controller (RTS5490), Integrating USB Type‑C/PD Functionality - PR Newswire || Realtek Semiconductor Corp Dividends – TWSE:2379 - TradingView"
UCG.MI,2026-09-09,UniCredit S.p.A.,Financial Services,10,google_news|yfinance,positive,True,"L'actualité présente plusieurs informations positives sur UniCredit, telles que le financement de projets de stockage de carbone, la poursuite de la bataille pour le contrôle de Commerzbank et l'approbation de la Danish Compromise par l'ECB, ce qui suggère un ton positif pour l'action.","Greenvolt secures $254m UniCredit funding for Polish BESS projects || Greenvolt secures financing package from Unicredit for BESS projects in Poland || Commerzbank (XTRA:CBK) Stock Looks Fairly Valued Despite Fresh ECB Bid News || Italy’s Monte dei Paschi Makes $40 Billion Move to Buy Rival Banks || Commerzbank, German resistance wanes: UniCredit nears deal, what could change || Unicredit S.p.a Stock Price Forecast. Should You Buy UCG.MI? - StockInvest.us || Bernard Horn's Top Q2 2026 Move: UniCredit SpA at a 1.5% Portfolio Impact - finance.yahoo.com || ETFs Investing in UniCredit S.p.A. Unsponsored ADR Stocks - TradingView || UniCredit stock gains capital boost as ECB approves Danish Compromise - AD HOC NEWS || UniCredit: We Raise Our Fair Value Estimate by 39%; Shares Modestly Undervalued - Morningstar"
TILE,2026-09-09,"Interface, Inc.",Consumer Cyclical,10,google_news|yfinance,positive,True,"Les actualites presentes montrent une augmentation de la valeur de l'action, des nouveaux produits et des initiatives de croissance, ainsi que des augmentations de parts et des opinions positives des investisseurs.","2 Profitable Stocks for Long-Term Investors and 1 Facing Challenges || Caesarstone’s Premium Multi-Material & Differentiated Model Proposition – Initiation Report || 2 Reasons to Watch TILE and 1 to Stay Cautious || Interface Eyes Growth as One Interface Strategy Targets Commercial Flooring Share || Interface (TILE) Launches New Collection As Undervalued Narrative Stays In Focus || Wellington Management Group LLP Increases Holdings in Interface, Inc. $TILE - MarketBeat || Director at Interface (TILE) sells 8,000 shares under trading plan - Stock Titan || Enterprise value to revenue forward of Interface, Inc. – NASDAQ:TILE - TradingView || Why Is Interface (TILE) Stock Rocketing Higher Today - finance.yahoo.com || TILE - Interface Inc Stock Price and Quote - Finviz"
THG,2026-09-09,"The Hanover Insurance Group, Inc.",Financial Services,9,google_news|yfinance,neutral,True,"Les actualites presentes sont des articles de blog et des analyses de marché, mais ne contiennent pas de commentaires ou de recommandations claires sur l'action de The Hanover Insurance Group, Inc. (THG).","Are You Looking for a Top Momentum Pick? Why Hanover Insurance Group (THG) is a Great Choice || Should Value Investors Buy The Hanover Insurance Group (THG) Stock? || The Case for Holding MetLife Stock: What Investors Need to Know || Aon's $17 Billion USI Deal: A Costly Bet on Middle-Market Growth || Here's Why Investors Should Retain the Hartford Stock for Now || Best Value Stocks to Buy for June 9th - easternprogress.com || Should Value Investors Buy The Hanover Insurance Group (THG) Stock? - finance.yahoo.com || Public Employees Retirement System of Ohio Makes New $2.43 Million Investment in The Hanover Insurance Group, Inc. $THG - MarketBeat || The Hanover Insurance Group, Inc. Announces New Share Repurchase Authorization - PR Newswire"
SBIN.NS,2026-09-09,State Bank of India,Financial Services,10,google_news|yfinance,positive,True,"L'action de State Bank of India est soutenue par des actualites positives sur ses performances financieres, son expansion et son retour sur le marche des obligations en dollars, ce qui suggere une tendance positive pour l'action.","State Bank of India targets 12,000 hires and 250 more branches – report || State Bank of India returns to dollar debt market, bankers see strong demand || State Bank of India (SBKFF) (Q1 2027) Earnings Call Highlights: Record Profit and Digital Push ... || India's largest lender SBI beats quarterly profit view on healthy loan growth || State Bank of India, HSBC and ICICI lead India's overseas deposit drive, data shows || State Bank of India , underperforms competitors - MarketWatch || India's largest lender SBI beats quarterly profit view on healthy loan growth - Reuters || State Bank of India slips Monday, underperforms competitors - MarketWatch || These 6 banking stocks have an upside potential of up to 25% in 1 year, according to analysts - economictimes.com || State Bank of India Beats Profit Estimate on Robust Loan Growth - bloomberg.com"
LCII,2026-09-09,LCI Industries,Consumer Cyclical,10,google_news|yfinance,positive,True,"Bien que LCI Industries ait connu une baisse de 4% de ventes, son rapport de Q2 2026 a montré une expansion des marge et une augmentation de l'EPS ajusté, ce qui suggère une résilience face à la demande réduite dans l'industrie des loisirs extérieurs.","Lippert named Fun Town RV CEO || LCI Industries (LCII) Q2 2026 Earnings Call Transcript || LCI Industries Q2 Earnings Call Highlights || LCI Industries Inc (LCII) (Q2 2026) Earnings Call Highlights: Margin Expansion and Strategic ... || Patrick Industries (PATK) Stock Looks Reasonable On Cash Flow While Earnings Look Rich || LCI Industries (NYSE:LCII) Receives Average Rating of ""Hold"" from Analysts - MarketBeat || Is LCI Industries (LCII) Undervalued As RV Travel Demand Supports Its Growth Story? - simplywall.st || LCI Industries (LCII) Agrees To All Stock Merger With Patrick Industries - finance.yahoo.com || McDermott Will & Schulte advises Patrick Industries in Announced All-Stock Merger with LCI Industries - McDermott Will & Schulte || Why is LCI Industries stock plunging today? - Investing.com"
TGTX,2026-09-09,"TG Therapeutics, Inc.",Healthcare,10,google_news|yfinance,positive,True,"L'action de TG Therapeutics, Inc. (TGTX) est mentionnée de manière positive dans plusieurs actualités, notamment lorsqu'elle est désignée 'Stock Of The Day' par IBD et lorsqu'elle est considérée comme ayant un potentiel d'augmentation de 24.52% dans le secteur biotech.","Kymera Therapeutics (KYMR) Up 10.2% Since Last Earnings Report: Can It Continue? || IBD Stock Of The Day, TG Therapeutics, Eyes Breakout After Topping Early Buy Point || TG Therapeutics (TGTX) Up 15.1% Since Last Earnings Report: Can It Continue? || TGTX Stock Pares Opening Losses After Analyst Dismisses Competition From Novartis || TGTX Stock Outperforms 95% of Stocks. Here's Why. || TG Therapeutics, Inc. (TGTX) Stock Analysis: Unveiling a 24.52% Upside Potential in the Biotech Sector - DirectorsTalk Interviews || Is TG Therapeutics, Inc. (TGTX) A Good Stock To Buy Now? - finance.yahoo.com || TG Therapeutics Reports First Quarter 2026 Financial Results and Raises BRIUMVI Revenue Guidance - TG Therapeutics || TG Therapeutics: Briumvi's Peak May Be Far Away (Rating Upgrade) (NASDAQ:TGTX) - Seeking Alpha || TGTX Stock Rises 29% in 3 Months: Here's What You Should Know - qz.com"
AMG,2026-09-09,"Affiliated Managers Group, Inc.",Financial Services,10,google_news|yfinance,positive,True,"Les actualites recentes sur Affiliated Managers Group, Inc. (AMG) suggererent une performance solide, des repurchases de actions et une croissance des parts, ce qui indique un ton general positif.","Affiliated Managers Group Repurchased About $375 Million of Stock in 6 Months || Is Affiliated Managers Group (AMG) Stock Outpacing Its Finance Peers This Year? || Should Value Investors Buy Affiliated Managers Group (AMG) Stock? || AMG vs. BLK: Which Stock Is the Better Value Option? || 2 Reasons Investors Love Affiliated Managers Group (AMG) || Is Affiliated Managers Group (AMG) Stock Outpacing Its Finance Peers This Year? - finance.yahoo.com || Secure Asset Management LLC Buys Shares of 8,156 Affiliated Managers Group, Inc. $AMG - MarketBeat || Should Value Investors Buy Affiliated Managers Group (AMG) Stock? - finance.yahoo.com || Here's Why Affiliated Managers Group (AMG) is a Strong Momentum Stock - easternprogress.com || UBS AM a distinct business unit of UBS ASSET MANAGEMENT AMERICAS LLC Sells 28,602 Shares of Affiliated Managers Group, Inc. $AMG - MarketBeat"
BPOP,2026-09-09,"Popular, Inc.",Financial Services,10,google_news|yfinance,positive,True,"Les actualites recentes sur Popular, Inc. (BPOP) mettent en avant des elements positifs tels que la decision de dividendes, les performances financieres solides, les declarations de dividendes sur les actions preferentes et les declarations de gain pour les actionnaires, ce qui suggere un ton genera","Popular (BPOP), Why Is It Back In The Spotlight? || Spotting Winners: Popular (NASDAQ:BPOP) And Regional Banks Stocks In Q2 || 3 Market-Beating Stocks with Competitive Advantages || 2 Reasons to Like BPOP (and 1 Not So Much) || Popular, Inc. (BPOP) Hit a 52 Week High, Can the Run Continue? || Popular, Inc. Declares Dividend on Preferred Stock and Announces Distribution on Trust Preferred Securities - finance.yahoo.com || Here’s How Much You Would Have Made Owning Popular Stock In The Last 5 Years - Benzinga || Popular (BPOP) risk chief reports 4,004-share stake - Stock Titan || Popular Inc. (NASDAQ:BPOP) Shows High Growth Momentum and Breakout Setup - ChartMill || Popular CEO will speak in New York on Sept. 15. A webcast will be available. - Stock Titan"
B3SA3.SA,2026-09-09,"B3 S.A. - Brasil, Bolsa, Balcão",Financial Services,7,google_news|yfinance,positive,True,"L'action B3 S.A. - Brasil Bolsa Balcao (BOLSY) présente une croissance revenue solide et des gains opérationnels, avec des actualités positives sur des produits nouveaux et des initiatives de share buyback.","B3 SA - Brasil Bolsa Balcao (BOLSY) Q4 2025 Earnings Call Highlights: Strong Revenue Growth and ... || B3 SA - Brasil Bolsa Balcao (BOLSY) Q3 2025 Earnings Call Highlights: Resilient Growth Amid ... || ETFs Investing in B3 SA - Brasil, Bolsa, Balcao Unsponsored ADR Stocks - TradingView || B3 S.A. Got An Antitrust Warning Because Of The Strength Of Its Moat (Rating Downgrade) - Seeking Alpha || Homerun Resources Inc. Announces Sponsored BDR Listing on B3 Stock Exchange - investingnews.com || Cambuci S.A. Launches Share Buyback to Unlock Shareholder Value - The Globe and Mail || B3 S.A. - Brasil, Bolsa, Balcão 2026 Q1 - Results - Earnings Call Presentation (OTCMKTS:BOLSY) 2026-05-08 - Seeking Alpha"
OFG,2026-09-09,OFG Bancorp,Financial Services,10,google_news|yfinance,positive,True,"Les actualites presentes sur OFG Bancorp (OFG) sont majoritairement positives, avec des articles qui mettent en avant son rendement en dividendes, son performance dans les results de Q2 et son ajout a la liste des stocks a acheter, ce qui suggere un ton general positif.",1 Small-Cap Stock on Our Buy List and 2 That Underwhelm || OFG Bancorp (OFG) is a Top Dividend Stock Right Now: Should You Buy? || Q2 Regional Banks Earnings Review: First Prize Goes to OFG Bancorp (NYSE:OFG) || New Strong Buy Stocks for August 25th || Best Income Stocks to Buy for August 25th || Public Employees Retirement System of Ohio Invests $1.44 Million in OFG Bancorp $OFG - MarketBeat || OFG Bancorp (OFG) is a Top Dividend Stock Right Now: Should You Buy? - finance.yahoo.com || Is OFG Bancorp (OFG) Undervalued As Dividend Growth Draws Fresh Attention? - simplywall.st || 1 Small-Cap Stock on Our Buy List and 2 That Underwhelm - StockStory || Q2 Regional Banks Earnings Review: First Prize Goes to OFG Bancorp (NYSE:OFG) - The Globe and Mail
1893.T,2026-09-09,"Penta-Ocean Construction Co., Ltd.",Industrials,8,google_news|yfinance,positive,True,"L'action de Penta-Ocean Construction Co., Ltd. (1893.T) est affectée par des actualites positives, telles que la signature d'un contrat d'installation de turbines eolennes en Japan, la remplacement de Mizuho par Nomura et la préparation d'une introduction de J-ESOP, ce qui suggère une augmentation d","DEME secures offshore wind turbine installation contract in Japan || Mizuho Dropped From Bond Deals as SESC Probe Unfolds || Reviewing Penta-Ocean Construction (TSE:1893) Valuation as Investor Interest Builds Without Major Headlines || Total debt of Penta-Ocean Construction Co., Ltd. – HAM:PO6 - TradingView || Penta-Ocean Construction Number of Employees 2026 | Employee Count & Headcount Data - Revelio Labs || How Penta-Ocean’s Planned J-ESOP Introduction At Penta-Ocean Construction (TSE:1893) Has Changed Its Investment Story - simplywall.st || Penta-Ocean Construction Co., Ltd. Trade Ideas — HAM:PO6 - TradingView || Penta-Ocean's New Offshore Wind Turbine Installation Vessel Set for Japan Debut - Offshore Engineer Magazine"
2006.TW,2026-09-09,Tung Ho Steel Enterprise Corporation,Basic Materials,5,google_news,positive,True,"L'action de Tung Ho Steel Enterprise Corporation est affectée par des actualites positives, telles que la secured de 25 millions de dollars de finance et la reconnaissance de Taiwan comme leader dans l'urban mining.",Steelmaker Tung Ho Vietnam secures $25 mln finance from Standard Chartered - Theinvestor || Taiwan's Tung Ho Steel plans to renew its electric arc furnaces - SteelRadar || Why Taiwan Is Becoming a Leader in Urban Mining - Time Magazine || Mineralization and Utilization using Steel Slag for Establishing a Waste-to-Resource Supply Chain - nature.com || Enercon wins 33MW Taiwan contract - Wind Power Monthly
9942.TW,2026-09-09,NAK Sealing Technologies Corporation,Consumer Cyclical,5,google_news,positive,True,"L'actualité mentionne une publication de résultats financiers positifs pour la deuxième trimestre et les six mois de 2026, ce qui suggère une tendance positive pour l'action.","NAK Sealing Technologies Corporation Reports Earnings Results for the Second Quarter and Six Months Ended June 30, 2026 - marketscreener.com || Oil and Gas Seals Market Share, Growth, Analysis 2031 - Allied Market Research || 6933 Stock Price and Chart — TWSE:6933 - TradingView || 3498 Stock Price and Chart — TPEX:3498 - TradingView || 4542 Stock Price and Chart — TPEX:4542 - TradingView"
LAUR,2026-09-09,"Laureate Education, Inc.",Consumer Defensive,10,google_news|yfinance,neutral,True,"Bien que certaines actualités mentionnent des risques et des préoccupations sur la valeur de l'action, d'autres soulignent les fondamentaux solides et les opportunités de croissance, ce qui laisse un ton neutre overall.","3 Small-Cap Stocks We Find Risky || Laureate Education (LAUR) Looks Fairly Valued, Is There Enough Upside Left? || 3 Hyped Up  Stocks We Think Twice About || TAL vs. LAUR: Which Stock Is the Better Value Option? || 3 Russell 2000 Stocks We Steer Clear Of || Laureate Education (NASDAQ:LAUR): An Affordable Growth Stock with Strong Fundamentals - ChartMill || Director group sells Laureate (LAUR) stock over several days - Stock Titan || Laureate Education (NASDAQ:LAUR) Director Sells $101,143.94 in Stock - MarketBeat || Here’s How Much You Would Have Made Owning Laureate Education Stock In The Last 5 Years - Benzinga || Is the Options Market Predicting a Spike in Laureate Education Stock? - finance.yahoo.com"
DINO,2026-09-09,HF Sinclair Corporation,Energy,10,google_news|yfinance,positive,True,"Les actualites presentes sont presque toutes positives, avec des mentions de benefices pour les refineurs et les distributeurs de carburants, ainsi que des plans de buyback et de spin-off qui suggèrent une strategie de croissance pour l'entreprise.","High Gas Prices Aren't Budging—Here Are 3 Stocks That Benefit || 38% Overvalued? HF Sinclair (DINO) Faces Valuation Questions Following Buyback And Shelf Filing || HF Sinclair (DINO) Files Shelf Registration And Sets $1,500 Million Share Buyback || Goldman’s Energy Dividend Picks: Why Devon and HF Sinclair Still Offer Upside || HF Sinclair Corporation (DINO) Hits Fresh High: Is There Still Room to Run? || HF Sinclair: The Share Price Can No Longer Be Justified With Mid-Cycle Earnings (Downgrade) - Seeking Alpha || HF Sinclair Corporation (DINO) Hits Fresh High: Is There Still Room to Run? - finance.yahoo.com || HF Sinclair Stock Climbs 18% On A 8-Day Winning Streak - Trefis || Analysts Offer Insights on Energy Companies: HF Sinclair Corporation (DINO) and Ovintiv (OVV) - The Globe and Mail || HF Sinclair Plans Lubricants Spin-Off: Is it a Value-Unlocking Move? - TradingView"
4503.T,2026-09-09,Astellas Pharma Inc.,Healthcare,10,google_news|yfinance,positive,True,"L'action d'Astellas Pharma Inc. monte après l'annonce de Trump d'expansion de ses accords sur les prix des médicaments, ce qui suggère une tendance positive pour l'action.","Trump Expands Drug Pricing Deals With 9 Pharma Companies, Bringing Total to 26 — RFK Jr. Details 'Very, Very Emotional' Conversations With President || Trump's MFN Push Goes Beyond Big Pharma, Adds 9 Mid-Sized Drugmakers || Mid-cap biotechs join Trump’s latest round of drug pricing deals || Trump lines up MFN deals with nine mid-size pharmas on drug pricing push || Trump's Pharma Pricing Deal Expands as Healthcare Stocks Keep Climbing || Why is Astellas Pharma stock climbing today? - Investing.com || Enterprise value to revenue forward of Astellas Pharma Inc. – TSE:4503 - TradingView || Is Astellas Pharma (ALPMY) Stock Undervalued Right Now? - finance.yahoo.com || Astellas Pharma Number of Employees 2026 | Employee Count & Headcount Data - Revelio Labs || Why is Astellas Pharma stock climbing today? By Investing.com - Investing.com South Africa"
1590.TW,2026-09-09,Airtac International Group,Industrials,6,google_news|yfinance,positive,True,"Les actualites presentes montrent une croissance robuste et des revenus qui surprennent, avec des objectifs ambitieux et une demande en batteries en plein essor.","Airtac International Group (TPE:1590) Q2 2026 Earnings Call Highlights: Robust Growth and ... || AirTAC Earnings: Strong Growth Continues, but Shares Remain Expensive - Morningstar || AirTAC Capitalizes on Booming Battery Demand - Morningstar || Wasatch International Growth's Top Q2 2026 Move: Exiting Inter & Co Inc at a -2. ... - finance.yahoo.com || Airtac International's Revenue Surges 43% in August - marketscreener.com || 1590 Stock Price and Chart — TWSE:1590 - TradingView"
2303.TW,2026-09-09,United Microelectronics Corporation,Technology,9,google_news|yfinance,positive,True,"Les actualites presentes sont presque toutes positives, avec des mentions de croissance, de gains de parts de marche, de lancements de nouveaux produits et de sentiments optimistes sur l'avenir de l'action.","Taiwan Semiconductor Retains 73% Foundry Share: Is the Stock a Buy? || If You Have Some ‘Silly’ Money, United Microelectronics (UMC) Stock Is Worth a Look || The Firm That Filed a Bet Against Taiwan Semiconductor Then Launched a Foundry Fund Five Days Later || Should You Invest in NVMI Stock Following Healthy Q2 Results? || New Strong Buy Stocks for August 26th || Should I Buy UMC (United Microelectronics Corporation) | AI Analysis, Technical & News Insights - Kavout || UMC or LSCC: Which Is the Better Value Stock Right Now? - easternprogress.com || UMC Stock Draws Trader Focus After Earnings Beat And AI Capex Push - StocksToTrade || United Microelectronics Shares Rise After August Sales Increase - marketscreener.com"
YETI,2026-09-09,"YETI Holdings, Inc.",Consumer Cyclical,10,google_news|yfinance,neutral,True,"Bien que certains analystes maintiennent une position positive sur l'action (Stifel, MarketBeat), d'autres soulignent les ventes décevantes et la performance de l'indice MSCI World Small Cap Net Index, ce qui laisse un ton neutre sur l'actualité.","Why Yeti Stock Swooned in August || Is YETI Holdings (YETI) Cheap On Its Pullback Despite The CEO Vesting Share Sale? || 1 of Wall Street’s Favorite Stocks to Keep an Eye On and 2 We Turn Down || CEO Sells Over 4,000 Shares of Consumer Stock, Valued at Over $185,000 || YETI (YETI) Remains a Strong Player Despite Market Setbacks || Stifel reiterates Hold on Yeti stock, $45 target ahead of event - Investing.com || YETI Holdings, Inc. (NYSE:YETI) Receives Consensus Rating of ""Moderate Buy"" from Analysts - MarketBeat || YETI Holdings, Inc. Q2 2026 Earnings Call Summary - finance.yahoo.com || YETI Holdings Inc. (YETI) Key Financial Ratios – Valuation, Profitability & More - Value Research || A Look at YETI Holdings Inc (YETI) After 3.2% Gain -- GF Value $49.96 vs Price $41.45 - gurufocus.com"
2503.T,2026-09-09,"Kirin Holdings Company, Limited",Consumer Defensive,10,google_news|yfinance,positive,True,"Les actualites presentes sont presque toutes positives, avec des mentions de croissance, de diversification, de renforcement de la position de Kirin Holdings sur le marché et de son engagement en faveur de la transformation digitale.","Why spirits slowdown could prompt majors to diversify || Assessing Kirin Holdings (TSE:2503) Valuation After Recent Share Price Momentum || Kirin launches RTD brand Hyoketsu in US || Is It Time To Reassess Kirin Holdings Company (TSE:2503) After Its Strong 1‑Year Share Price Run? || 3 Reasons Growth Investors Will Love Kirin (KNBWY) || Kirin Holdings Selected as a ""DX Stock 2026"" for Commitment to Digital Transformation - Kirin Holdings Company, Limited || Kirin Holdings Company, Limited 2026 Q2 - Results - Earnings Call Presentation (OTCMKTS:KNBWY) 2026-08-09 - Seeking Alpha || The Strong Earnings Posted By Kirin Holdings Company (TSE:2503) Are A Good Indication Of The Strength Of The Business - simplywall.st || Jamieson Wellness Enters into Definitive Agreement to be Acquired by Kirin in C$2.5 Billion Transaction - PR Newswire Canada || Kirin Holdings Co (KNBWY) Live Share Price, Invest From India - INDmoney"
4507.T,2026-09-09,"Shionogi & Co., Ltd.",Healthcare,10,google_news|yfinance,positive,True,"L'action de Shionogi & Co., Ltd. (SGIOY) a battu les attentes en termes de bénéfices et de chiffre d'affaires pour la période Q1 2026, ce qui suggère une tendance positive pour la société.","Shionogi & Co., Ltd. Unsponsored ADR (SGIOY) Beats Q1 Earnings Estimates || United Therapeutics (UTHR) Earnings Expected to Grow: What to Know Ahead of Q2 Release || Shionogi & Co., Ltd. Unsponsored ADR (SGIOY) to Report Q1 Results: Wall Street Expects Earnings Growth || Shionogi (TSE:4507) Valuation Check As XOCOVA Wins First US FDA Approval For COVID 19 Post Exposure Prophylaxis || Akebia Therapeutics (AKBA) Reports Q1 Loss, Misses Revenue Estimates || Shionogi Selected as a “DX Stock 2026”｜ 塩野義製薬 - Shionogi Inc. || Shionogi & Co., Ltd. Unsponsored ADR (SGIOY) Beats Q1 Earnings Estimates - finance.yahoo.com || Shionogi & Co., Ltd. Revenue Breakdown – TSE:4507 - TradingView || Shionogi & Co., Ltd. 2027 Q1 - Results - Earnings Call Presentation (OTCMKTS:SGIOY) 2026-08-06 - Seeking Alpha || Board of Directors and Executive Officers - jpx.co.jp"
2548.TW,2026-09-09,"Huaku Development Co., Ltd.",Real Estate,5,google_news,neutral,True,"Les actualites presentes ne contiennent pas de commentaires definitifs sur l'action, mais montrent des performances positives des actions du secteur Real Estate.","2548 Stock Price and Chart — TWSE:2548 - TradingView || Taiwan stocks higher at close of trade; Taiwan Weighted up 0.48% - Investing.com || Technical Analysis of Huaku Development Co., Ltd. (TWSE:2548) - TradingView || Taiwan shares higher at close of trade; Taiwan Weighted up 0.12% By Investing.com - Investing.com UK || 9945 Stock Price and Chart — TWSE:9945 - TradingView"
3044.TW,2026-09-09,Tripod Technology Corporation,Technology,5,google_news,positive,True,"Aucune information négative ou neutre est présente dans les actualités fournies, les articles semblent présenter des informations positives sur les actions de Tripod Technology Corporation.",3044 Stock Price and Chart — TWSE:3044 - TradingView || Technical Analysis of Tripod Technology Corporation (TWSE:3044) - TradingView || Asian Market's Hidden Gems: 3 Stocks Priced Below Estimated Value - simplywall.st || 6274 Stock Price and Chart — TPEX:6274 - TradingView || 3037 Stock Price and Chart — TWSE:3037 - TradingView
YUMC,2026-09-09,"Yum China Holdings, Inc.",Consumer Cyclical,10,google_news|yfinance,neutral,True,"Les actualites presentes sont des analyses et des comparaisons entre les actions de YUMC et CMG, sans mention d'opinion positive ou négative sur l'action elle-même.","1 Restaurant Stock to Consider Right Now and 2 That Underwhelm || YUMC or CMG: Which Is the Better Value Stock Right Now? || Are Investors Undervaluing Yum China (YUMC) Right Now? || Q2 Earnings Outperformers: Yum China (NYSE:YUMC) And The Rest Of The Traditional Fast Food Stocks || Pizza Hut’s sale to LongRange Capital is complete || Is Yum China Holdings, Inc. (YUMC) A Good Stock To Buy Now? - finance.yahoo.com || Yum China (NYSE: YUMC) exec turns RSUs into shares, uses 594 to cover taxes - Stock Titan || YUMC - Yum China Holdings Inc Stock Price and Quote - Finviz || Is Yum China Holdings Inc (YUMC) a Bargain After 4.8% Drop? GF V - gurufocus.com || Yum China Holdings Chief Supply Chain Officer Duoduo Huang Sells 72% Of Holding - simplywall.st"
BVS,2026-09-09,Bioventus Inc.,Healthcare,10,google_news|yfinance,positive,True,"Les actualites recentes sur Bioventus Inc. (BVS) suggèrent un ton general positif, avec des performances solides en termes de ventes et de bénéfices, ainsi que des recommandations de investissement et des prévisions de croissance.",Are Medical Stocks Lagging  Bioventus (BVS) This Year? || 4 Healthcare Stocks to Safeguard Your Portfolio as Fed Plans Rate Hike || Bioventus (BVS) Q2 2026 Earnings Call Transcript || Bioventus (BVS) Stock Still Looks Like A Bargain On Earnings || The Bull Case For Bioventus (BVS) Could Change Following Its Q2 Earnings Surge And Reaffirmed 2026 Guidance || Is Bioventus (BVS) Stock Undervalued Right Now? - finance.yahoo.com || Bioventus Stock Price Forecast. Should You Buy BVS? - StockInvest.us || Bioventus Inc (BVS) Stock Up 5.1% but GF Value Says Overvalued -- GF Score: 58/100 - gurufocus.com || BVS - Finviz || Bioventus Starts Review After Unsolicited Acquisition Proposal - Stock Titan
NDX1.DE,2026-09-09,Nordex SE,Industrials,10,google_news|yfinance,positive,True,"Les actualites recentes sur Nordex SE presentent un ton general positif, avec des annonces de nouveaux orders, de croissance de l'EBITDA et d'une augmentation des prix, ainsi qu'une upgrade de la part du Bank of America, ce qui suggere que l'action est en train de monter.",Nordex secures 525MW turbine order from Türkerler || Nordex (XTRA:NDX1) Stock Still Looks Discounted As A 228% Gain Tests Fair Value || Nordex (XTRA:NDX1) Could Be 18% Below Fair Value On Half Year 2026 Earnings || Nordex Group secures new US orders totalling more than 480 MW || Nordex Doubles Q2 EBITDA and Confirms 2026 Outlook on Strong Order Growth || Why is Nordex stock climbing today? - Investing.com || Nordex SE celebrates 25 years as a listed company - Nordex SE || NDX1 Forecast — Price Target — Prediction for 2027 - TradingView || Nordex stock jumps after Bank of America upgrade and higher target - AD HOC NEWS || Why is Nordex stock climbing today? By Investing.com - Investing.com India
UFCS,2026-09-09,"United Fire Group, Inc.",Financial Services,10,google_news|yfinance,positive,True,"Les actualites presentes montrent un ton positif, avec des gains de 71,4% pour l'action, des results financiers forts et une augmentation de la valeur de l'action.","UVE Stock Gains 71.4% in a Year: Time to Add It for Better Returns? || United Fire Group (UFCS) Q2 2026 Earnings Call Transcript || Is United Fire Group (UFCS) Stock Undervalued Right Now? || United Fire Group, Inc (UFCS) Hits Fresh High: Is There Still Room to Run? || United Fire Group (UFCS) Stock Gets Fair Value Boost After Q2 Beat And Lower Cat Losses || Director at United Fire Group (UFCS) sells 9,777 shares - Stock Titan || United Fire Group (NASDAQ:UFCS) Director Sells 9,777 Shares of Stock - MarketBeat || United Fire Group director Scott Carlton sells $542,798 in stock - Investing.com || Should Value Investors Buy The Hanover Insurance Group (THG) Stock? - Yahoo Finance || United Fire Group, Inc (UFCS) Hits Fresh High: Is There Still Room to Run? - qz.com"
2432.T,2026-09-09,"DeNA Co., Ltd.",Industrials,9,google_news|yfinance,positive,True,"L'actualité présente des informations positives sur DeNA Co., Ltd., telles que des gains de net income et des investissements de Nintendo, ce qui suggère un ton positif pour l'action.","Is DeNA (TSE:2432) Cheap As Q1 Net Income Jumps Despite Lower Sales? || Nintendo announces $1.9 billion share sale by Kyoto bank and others || DeNA (TSE:2432): Assessing Valuation After Recent Steady Gains || Profit Taking Eases Asian Stock Markets From Recent Highs || DeNA Number of Employees 2026 | Employee Count & Headcount Data - Revelio Labs || EXCLUSIVE: Nintendo announces $1.9 billion share sale by Kyoto bank and others - Reuters || Nintendo (NTDOY) authorizes share buyback to offset secondary offering, sales by DeNA and banks - Shacknews || Here’s the latest information about Pokémon Trading Card Game Pocket, a Pokémon Trading Card Game app for mobile devices! - 株式会社ディー・エヌ・エー | DeNA || Nintendo (NTDOY) lowers amount of shares in secondary offering following stock buyback completion - Shacknews"
GOOG,2026-09-09,Alphabet Inc.,Communication Services,10,google_news|yfinance,positive,True,"Les actualites presentes sont presque toutes positives, avec des mentions de croissance de revenue, de renforcement de la position de Google dans le domaine de l'intelligence artificielle et de la croissance des activites de streaming.","A foldable iPhone is nice, but Apple still needs to improve its AI user experience || Top Midday Stories: Meta Launches Muse Personal AI Agent; Dow Said to Consider Exiting $20 Billion Chemicals JV With Saudi Aramco || Jim Cramer Called the Magnificent Seven Cheap but the Three Building AI Factories Are All Trailing the S&P || Top 3 Streaming Stocks to Ride on Rising Ad and Viewing Trends || States That Gave Data Centers Billions in Tax Breaks Are Now Ripping Up the Deals || Alphabet (GOOG) Surges Over 20% Revenue Growth, Cloud Strength - finance.yahoo.com || Google Cloud Boss Makes Bold Claim About AI Chip Business - Investor's Business Daily || Bank of America Has a Stark Message for Google Stock as AI Rivals Surge - TradingView || Billionaire Bill Ackman Sells Alphabet Stock and Buys a Mega-Cap Stock Down 42% From Its High - fool.com || Alphabet Balances Strengths And Weaknesses (NASDAQ:GOOG) - Seeking Alpha"
2357.TW,2026-09-09,ASUSTeK Computer Inc.,Technology,10,google_news|yfinance,positive,True,"Les actualites presentes sont presque toutes positives, avec des annonces de croissance, de nouveaux produits et de partenariats avec des entreprises majeures du secteur de l'informatique et de l'intelligence artificielle.","Intel (INTC) Enters Trusted AI Standards as Enterprise Infrastructure Role Grows || Lenovo Shares Surge 22% After Revenue Beat Renews AI Optimism || ASUS Lifts AI Server Growth Target || American States Water Q2 Earnings Call Highlights || American States Water Co (AWR) (Q2 2026) Earnings Call Highlights: EPS Surges 25. ... || ASUSTeK Computer Inc. 2026 Q1 - Results - Earnings Call Presentation (OTCMKTS:ASUUY) 2026-05-12 - Seeking Alpha || ASUS stock climbs 5% with ROG Xbox Ally X20 preorders starting at $1,299 - TechStock² || Asustek Joins Taiwan's Thousand-Dollar Stock Club! AI Server Growth Target Raised to 150%; South Korean Market Reclaims 7,000 Points - finance.biggo.com || 2357 Stock Price and Chart — TWSE:2357 - TradingView || PC prices in Taiwan expected to rise 25-30% in Q2: Asustek - Taipei Times"
SENEB,2026-09-10,Seneca Foods Corporation,Consumer Defensive,10,google_news|yfinance,positive,True,"Les actualites recentes sur Seneca Foods Corporation (SENEA) suggere un ton general positif, avec des articles qui soulignent les gains de l'action, l'augmentation des ventes et des bénéfices, ainsi que des analyses positives de la part des analystes.","Why Seneca Foods Looks Ripe For A Takeover || Seneca Stock Gains Following Q1 Earnings, Sales Increase Y/Y || The Zacks Analyst Blog Highlights Apple, Shell, Toyota, Seneca and Value Line || Top Research Reports for Apple, Shell & Toyota Motor || Is Seneca Foods Corporation (SENEA) A Good Stock To Buy Now? || Is Seneca Foods Corporation (SENEA) A Good Stock To Buy Now? - Yahoo Finance || Even After Doubling, Seneca Foods Corporation Offers Tasty Upside (NASDAQ:SENEA) - Seeking Alpha || Seneca Foods (NASDAQ: SENEA) officer to sell 1,587 shares - stocktitan.net || Is Seneca Foods (SENE.A) Using ESOP Share Plans to Redefine Its Long-Term Capital Strategy? - simplywall.st || SENEA - Seneca Foods Corp Stock Price and Quote - Finviz"
MU,2026-09-10,"Micron Technology, Inc.",Technology,10,google_news|yfinance,positive,True,"Les actualites presentes sont presque toutes positives, avec des mentions de surpassement de records d'exploitation, de hausse des prix des stocks de memoire, de predictions de performances futures et de analyses positives de l'action de Micron Technology, Inc.","Micron's Operating Margin Surged Past 80% for the First Time Ever. History Says This Is What's Coming Next. || SanDisk Traded Its Best Prices For Something Rarer || Apple, ServiceTitan, Meta, Micron, Casey’s, Jersey Mike’s, and More Stocks That Explain Today’s Market || Prediction: Micron's Sept. 30 Earnings Could Be the Most Important Catalyst for AI Memory Stocks This Year || Micron, Sandisk and the Next Leg Higher in Memory Stocks || Micron: 3 Simple Reasons Why I'm Still Bullish (NASDAQ:MU) - Seeking Alpha || Micron Technology, Inc. (MU) Is a Trending Stock: Facts to Know Before Betting on It - Yahoo Finance || Micron Technology Inc Stock (MU) Moved Up by 3.86% on Sep 9: What Investors Need To Know - TradingKey || Micron, Sandisk and the Next Leg Higher in Memory Stocks - tradingview.com || Here’s How Much You Would Have Made Owning Micron Technology Stock In The Last 5 Years - benzinga.com"
MD,2026-09-10,"Pediatrix Medical Group, Inc.",Healthcare,9,google_news|yfinance,positive,True,"Les actualites presentes sont presque toutes positives, avec des mentions de performances solides, de croissance et de confiance des investisseurs, mais sans aucun mention de problèmes ou de risques significatifs.",Cencora (COR) Up 3.8% Since Last Earnings Report: Can It Continue? || Pediatrix Medical Group (MD) Up 3.4% Since Last Earnings Report: Can It Continue? || Q2 Earnings Highlights: Pediatrix Medical Group (NYSE:MD) Vs The Rest Of The Healthcare Providers & Services Stocks || 3 Profitable Stocks That Concern Us || 3 Overrated  Stocks We Keep Off Our Radar || VANGUARD GROUP INC Exits Pediatrix Medical Group Inc (MD) -- Sto - GuruFocus || Vanguard Group now shows no Pediatrix (NYSE: MD) stake - stocktitan.net || Pediatrix Medical Group (MD) is a Top-Ranked Growth Stock: Should You Buy? - Eastern Progress || MD - Pediatrix Medical Group Inc Stock Price and Quote - Finviz
FHI,2026-09-10,"Federated Hermes, Inc.",Financial Services,10,google_news|yfinance,positive,True,"Les actualites presentes sont presque toutes positives, avec des mentions de croissance des AUM, de nouveaux investissements et de recommandations positives des brokerages, ce qui suggere un ton general positif pour l'action.","FHI vs. CNS: Which Stock Is the Better Value Option? || Ares Management Up 28.8% in 6 Months: How to Approach the Stock Now || Federated Hermes' APAC Tokenization Push: A New AUM Growth Lever? || UBS Gets a Win in Swiss Capital Battle || Federated Hermes (FHI) Could Be a Great Choice || Federated Hermes: Shifting To Higher Fee Products (NYSE:FHI) - Seeking Alpha || Federated Hermes, Inc. reports record assets under management with second quarter 2026 earnings - PR Newswire || Forte Biosciences (FBRX) loses Federated Hermes as a shareholder - stocktitan.net || Federated Hermes, Inc. (NYSE:FHI) Receives Average Recommendation of ""Moderate Buy"" from Brokerages - MarketBeat || Federated Hermes (FHI) Could Be a Great Choice - Yahoo Finance"
1802.T,2026-09-10,Obayashi Corporation,Industrials,10,google_news|yfinance,positive,True,"L'acquisition de Multiplex par Obayashi est un développement positif, tandis que les performances financières de Obayashi sont également mentionnées de manière positive, indiquant un ton général positif pour l'action.","Brookfield agrees to divest builder Multiplex to Obayashi for $650m || Brookfield Business Selling Multiplex to Japan's Obayashi For $650 Million || Soft China Economic Reports Roil Asian Stock Markets || Obayashi (TSE:1802) Valuation Check After Strong 1 Year Shareholder Returns || This Khosla-backed autonomous pod startup just raised $170M — now it’s aiming for more || ETFs Investing in Obayashi Corporation Stocks - tradingview.com || Acquisition of Multiplex Global Limited, a Company Operating Construction Businesses in Australia, the UK and Canada - obayashi.co.jp || Japan’s Obayashi to acquire Multiplex from Brookfield for $526 mln - Investing.com || Obayashi Corporation Revenue Breakdown – TSE:1802 - tradingview.com || Obayashi Enters Toll Road Concession Business in Jakarta, Indonesia | News | Obayashi Global - obayashi.co.jp"
2404.TW,2026-09-10,"United Integrated Services Co., Ltd.",Industrials,5,google_news,neutral,True,"L'actualité fournie ne contient pas de commentaires ou d'informations significatives sur l'action de United Integrated Services Co., Ltd. (2404.TW), ce qui rend difficile l'évaluation du ton général.","2404 Stock Price and Chart — TWSE:2404 - tradingview.com || L&K Engineering Co., Ltd. (6139.TW) Stock Price, News, Quote & History - Yahoo Finance || Wasatch Emerging Markets Select Fund Q2 2026 Commentary (undefined:WAESX) - Seeking Alpha || TSMC 2024 Supply Chain Management Forum Presents Awards to Outstanding Suppliers - pr.tsmc.com || Taiwan stocks higher at close of trade; Taiwan Weighted up 0.91% - Investing.com"
9939.TW,2026-09-10,"Taiwan Hon Chuan Enterprise Co., Ltd.",Consumer Cyclical,5,google_news,negative,True,"Aucune information positive ou neutre n'est disponible dans les actualités fournies, les informations sont toutes liées à d'autres sociétés ou à des données démographiques sans lien direct avec Taiwan Hon Chuan Enterprise Co., Ltd.","9939 Stock Price and Chart — TWSE:9939 - tradingview.com || International Packaging Number of Employees 2026 | Employee Count & Headcount Data - Revelio Labs || Technical Analysis of Taiwan Hon Chuan Enterprise Co., Ltd. (TWSE:9939) - tradingview.com || K Laser Technology Inc. (2461.TW) Stock Price, News, Quote & History - Yahoo Finance || Avantis Responsible Emerging Markets Equity ETF Holdings - Quiver Quantitative"
FRSH,2026-09-10,Freshworks Inc.,Technology,10,google_news|yfinance,negative,True,"Bien que certaines actualités mentionnent des gains récents, d'autres soulignent des défis et une valeur potentiement surévaluée, ce qui suggère un ton globalement négatif.","2 Growth Stocks with Explosive Upside and 1 Facing Challenges || Freshworks (FRSH) Stock Looks Priced At A Premium To Fair Value || 2 Cash-Producing Stocks to Consider Right Now and 1 We Brush Off || 1 Small-Cap Stock to Keep an Eye On and 2 Facing Headwinds || Amplitude, GitLab, Doximity, Freshworks, and Sprinklr Shares Skyrocket, What You Need To Know || Is Freshworks Inc. (FRSH) A Good Stock To Buy Now? - Yahoo Finance || Freshworks Inc (FRSH) Stock Down 4.7% -- Now Undervalued? GF Sco - GuruFocus || Freshworks (NASDAQ: FRSH) officer lines up $253K stock sale after earlier June trade - stocktitan.net || Freshworks CAO Philippa Lawrence sells $699k in company stock - Investing.com || FRSH - Finviz"
ABEV3.SA,2026-09-10,Ambev S.A.,Consumer Defensive,10,google_news|yfinance,positive,True,"Les actualites presentes montrent une croissance revenue et des marges accrues, ainsi qu'une augmentation de la confiance des investisseurs, indiqueant un ton general positif pour l'action d'Ambev S.A.","Ambev (ABEV) Q2 2026 Earnings Call Transcript || Ambev SA (ABEV) (Q2 2026) Earnings Call Highlights: Strong Beer Growth and Digital Expansion ... || Ambev Q2 Earnings Call Highlights || CCU vs. ABEV: Which Stock Should Value Investors Buy Now? || PepsiCo Q2 Earnings Beat on Volume Gains & International Strength || First Eagle Investment Management LLC Boosts Stock Position in Ambev S.A. $ABEV - MarketBeat || Ambev SA (ABEV) Climbs to 5-Year High on Strong Q1 - Yahoo Finance || ABEV Stock Grinds Higher As Tight Range Draws Trader Focus - StocksToTrade || Northwestern Mutual Wealth Management Co. Sells 2,706,320 Shares of Ambev S.A. $ABEV - MarketBeat || ABEV - Ambev SA ADR Stock Price and Quote - Finviz"
GL,2026-09-10,Globe Life Inc.,Financial Services,10,google_news|yfinance,positive,True,"Les actualites presentes sont presque toutes positives, avec des mentions de croissance, de performances sur le marché et de declarations de dividendes, ce qui suggere un ton general positif pour l'action de Globe Life Inc.",NYSE Texas Office Opening: Globe Life Co-CEOs Cover Lone Star State Importance || 3 Insurance Stocks We Keep Off Our Radar || Want Double-Digit Gains From Insurance Stocks? Morgan Stanley Suggests 2 Names to Consider || 3 Reasons to Avoid GL and 1 Stock to Buy Instead || Globe Life's Health Insurance Growth Powers Earnings Momentum || Globe Life Inc. stock outperforms competitors despite losses on the day - MarketWatch || Globe Life stock holds near $170 after July earnings miss - AD HOC NEWS || Is Globe Life Inc. (GL) A Good Stock To Buy Now? - Yahoo Finance || GLOBE LIFE INC. DECLARES DIVIDEND - PR Newswire || Globe Life Inc. stock underperforms Thursday when compared to competitors despite daily gains - MarketWatch
GEO,2026-09-10,"The GEO Group, Inc.",Industrials,10,google_news|yfinance,positive,True,"Les actualites presentes sont presque toutes positives, avec des gains de valeur pour ICFI, une augmentation de la client engagement pour Gartner, des prospects de croissance pour Geo Group, des augmentations de valeur et de repurchase pour la societe, ainsi que des updates positifs sur les results ","ICFI Stock Rises 22% in 3 Months: Here's What You Should Know || Strong Engagement & Contract Value Strengthen Gartner's Prospects || Geo Group (GEO) Is a Great Choice for 'Trend' Investors, Here's Why || 2 Growth Stocks with All-Star Potential and 1 We Question || Best Momentum Stocks to Buy for September 2nd || The GEO Group Reports First Quarter Results and Increases Full Year 2026 Guidance | The GEO Group, Inc. - investors.geogroup.com || 5 Revealing Analyst Questions From GEO Group’s Q2 Earnings Call - Yahoo Finance || Government Contract Update: $36M payment to THE GEO GROUP, INC - Quiver Quantitative || The GEO Group Reports Third Quarter 2025 Results and Increases Share Repurchase Authorization to $500 Million - investors.geogroup.com || The GEO Group Reports Second Quarter Results and Updates Full Year 2026 Guidance - Business Wire"
SNA,2026-09-10,Snap-on Incorporated,Industrials,10,google_news|yfinance,positive,True,"Bien que certaines actualités mentionnent des risques et des préoccupations, le ton général est dominé par des éléments positifs, tels que l'analyse de Wall Street, les résultats de l'analyse de Q2 et les initiatives de croissance de l'entreprise.","3 Reasons SNA is Risky and 1 Stock to Buy Instead || Are Wall Street Analysts Bullish on Snap-on Stock? || Snap On (SNA) Beat Expectations, Is The Stock Fully Priced? || Spotting Winners: Snap-on (NYSE:SNA) And Professional Tools and Equipment Stocks In Q2 || Can Snap-on's RCI Execution and Innovation Sustain Growth? || California State Teachers Retirement System Has $13.69 Billion Stock Holdings in Snap-On Incorporated $SNA - MarketBeat || Wellington Management Group LLP Buys 8,286 Shares of Snap-On Incorporated $SNA - MarketBeat || Is Snap-on Stock a Buy as Strong Margins Meet a Premium Valuation? - Yahoo Finance || Snap-on Incorporated Declares Quarterly Dividend; Announces $500 Million Share Repurchase Authorization - Business Wire || 27,110 Shares in Snap-On Incorporated $SNA Purchased by Nykredit A S - MarketBeat"
AMN,2026-09-10,"AMN Healthcare Services, Inc.",Healthcare,10,google_news|yfinance,positive,True,"Les actualites presentes sont presque toutes positives, avec des articles qui soulignent le potentiel de croissance de l'action, son rendement recent et son integration dans les listes de stocks a acheter.",Here's Why You Should Retain AMN Stock in Your Portfolio for Now || 3 Reasons to Avoid AMN and 1 Stock to Buy Instead || 1 Small-Cap Stock on Our Buy List and 2 We Ignore || Job Market Uncertainty Pushes Commercial Staffing Stocks Up 80% This Year || 3 Stocks Under $50 We Steer Clear Of || Here's Why You Should Retain AMN Stock in Your Portfolio for Now - tradingview.com || Amn Healthcare Services Stock Price Forecast. Should You Buy AMN? - StockInvest.us || Is AMN Healthcare Services (AMN) Stock Outpacing Its Business Services Peers This Year? - Yahoo Finance || AMN HEALTHCARE ANNOUNCES SECOND QUARTER 2026 RESULTS - PR Newswire || AMN - AMN Healthcare Services Inc Stock Price and Quote - Finviz
ASM.AS,2026-09-10,ASM International NV,Technology,10,google_news|yfinance,positive,True,"Les actualites presentes montrent une augmentation des actions de ASM International NV, avec des actions de buyback, des nominations au conseil d'administration et des analyses positives sur son potentiel de croissance dans le secteur des semi-conducteurs.","European Chip Stocks Rise, Buoyed By Asian Peers || Is Analog Devices (ADI) Outperforming Other Computer and Technology Stocks This Year? || Chip Stocks Driven Higher by Nvidia Results and Guidance || European Chip Stocks Rise After Nvidia Results, Guidance || European Chip Stocks Mixed Ahead of Nvidia Earnings || ASM share buyback update August 31 – September 4, 2026 - Yahoo Finance || A chipmaking equipment maker has used 84.9% of its €150 million share-buyback plan. - stocktitan.net || Why is ASM International stock rallying today? - Investing.com || ASM International stock gains as buyback and board nomination support sentiment - AD HOC NEWS || ASM International Rides on AI-Driven Semiconductor Boom: Worth a Buy? - Zacks Investment Research"
PATH,2026-09-10,"UiPath, Inc.",Technology,9,google_news|yfinance,,True,"Bien que Citi ait donné une note de buy et augmenté les cibles de prix, les actualités récentes soulignent également les retards de révision des cibles et la baisse des actions, ainsi que les préoccupations quant à la preuve de l'efficacité de l'IA.","UiPath (PATH) Q2 2027 Earnings Call Transcript || UiPath Slips 3% Despite Citi Buy Initiation and $23 Target, Pegasystems and C3.ai Lag || Why UiPath (PATH) Stock Is Trading Lower Today || Citi Just Upgraded UiPath Stock. Here's Why. || UiPath and Pegasystems Sink 7% as Price Target Hikes Arrive Without a Single Buy Rating || Citi Just Upgraded UiPath Stock. Here's Why. - Yahoo Finance || UiPath retreats 8%, extending post-earnings selloff (PATH:NYSE) - Seeking Alpha || Why UiPath (PATH) Stock Is Trading Lower Today - Yahoo Finance || PATH Stock Wrapped Its Worst Week In 4 Months: UiPath Wins Higher Price Targets, But Analysts Still Want AI Proof - Yahoo Finance"
GOOG,2026-09-10,Alphabet Inc.,Communication Services,10,google_news|yfinance,positive,True,"L'action de Alphabet Inc. (GOOG) a connu une croissance de 20% de ses revenus et une forte performance de ses investissements en matière de cloud et d'IA, ce qui suggère un ton positif pour l'action.","How it feels to handle Apple's foldable iPhone Duo || A foldable iPhone is nice, but Apple still needs to improve its AI user experience || HIVE joins Google, Microsoft, and Amazon in new Canada data center pledge || Star AI Researcher Is Leaving Meta || Do Amazon and Alphabet's Combined $420 Billion in Capital Expenditures Make Sense? || Alphabet (GOOG) Surges Over 20% Revenue Growth, Cloud Strength - Yahoo Finance || Bank of America Has a Stark Message for Google Stock as AI Rivals Surge - tradingview.com || Google Cloud Boss Makes Bold Claim About AI Chip Business - Investor's Business Daily || Billionaire Bill Ackman Sells Alphabet Stock and Buys a Mega-Cap Stock Down 42% From Its High - The Motley Fool || Alphabet Balances Strengths And Weaknesses (NASDAQ:GOOG) - Seeking Alpha"
7269.T,2026-09-10,Suzuki Motor Corporation,Consumer Cyclical,10,google_news|yfinance,positive,True,"L'actualité présente plusieurs éléments positifs, tels que la croissance des ventes de Pricol Ltd, la présence de Toyota dans le secteur de l'autonomisation des véhicules, la croissance de FIEM Industries Ltd et la construction de nouveaux usines de Suzuki, ce qui suggère une tendance positive pour ","Pricol Ltd (BOM:540293) (Q1 2027) Earnings Call Highlights: Revenue Surges 23% as Demerger ... || BYD Bets Small EV Can Crack Japan || Toyota backs Tier IV in level 4 autonomous vehicle push || FIEM Industries Ltd (BOM:532768) Q4 2026 Earnings Call Highlights: Record Growth and Strategic ... || Suzuki opens second plant in Kharkhoda, India || With 60% institutional ownership, Suzuki Motor Corporation (TSE:7269) is a favorite amongst the big guns - simplywall.st || Suzuki Motor Corporation FY2025 Results: Revenue Up 8.0%, Profit Attributable to Owners Rises 5.6% - scanx.trade || Suzuki stock slips as Maruti Suzuki extends decline despite new Eeco milestone - AD HOC NEWS || Suzuki Motorcycle India targets over 50% global sales share, plans new Haryana plant - CNBC TV18 || 7269 Stock Price and Chart — TSE:7269 - tradingview.com"
AMZN,2026-09-10,"Amazon.com, Inc.",Consumer Cyclical,10,google_news|yfinance,neutral,True,"Les actualites presentes sont mixtes, avec des informations sur des investissements, des developpements de data centers et des actions de l'action, mais sans une tonalite clairement positive ou negative.","HIVE joins Google, Microsoft, and Amazon in new Canada data center pledge || Do Amazon and Alphabet's Combined $420 Billion in Capital Expenditures Make Sense? || S&P 500, Dow, Nasdaq End Lower As Oil Crosses $101, Yields Pop Following Bessent’s Expanded Buyback Plan — AAPL, META, AMZN, CRM In Focus || Amazon (AMZN) Sees a More Significant Dip Than Broader Market: Some Facts to Know || AMZN, META, GOOGL Might Lose Billions As Ohio State Reconsiders Data Center Tax Breaks, Says Report || Amazon (NASDAQ: AMZN) grants Brad D. Smith 4,086 stock units vesting through 2029 - stocktitan.net || Amazon.com, Inc. (AMZN) is Attracting Investor Attention: Here is What You Should Know - Yahoo Finance || 10,278 Shares in Amazon.com, Inc. $AMZN Purchased by Phillips Financial Management LLC - MarketBeat || Amazon (NASDAQ: AMZN) awards 4,086 stock units to director Kevin Mandia - stocktitan.net || Are Retail-Wholesale Stocks Lagging Amazon.com (AMZN) This Year? - Yahoo Finance"
AMAT,2026-09-10,"Applied Materials, Inc.",Technology,10,google_news|yfinance,positive,True,"Les actualites presentes sont presque toutes positives, avec des mentions de croissance, de demandes accrues et de performances solides, ce qui suggere un ton general positif pour l'action d'Applied Materials, Inc.","Applied Materials, AMD, Broadcom, Lam Research, and Marvell Technology Shares Skyrocket, What You Need To Know || Capex Rebound Powers Applied Materials’ (AMAT) Performance || Applied Materials Says AI Boom Is Driving Semiconductor Equipment Demand Higher || Wall Street Analysts Think Applied Materials (AMAT) Is a Good Investment: Is It? || Lam Research Nearly Triples in a Year: Is the Stock Still Worth Buying? || Applied Materials Inc. stock outperforms competitors on strong trading day - MarketWatch || Capex Rebound Powers Applied Materials’ (AMAT) Performance - Yahoo Finance || Applied Materials Inc Stock (AMAT) Moved Up by 3.35% on Sep 8: Facts Behind the Movement - TradingKey || How Applied Materials Inc. (AMAT) Affects Rotational Strategy Timing - Stock Traders Daily || Can ASML's Tie-Up With TSM to Advance High NA EUV Drive Growth? - tradingview.com"
JAZZ,2026-09-10,Jazz Pharmaceuticals plc,Healthcare,10,google_news|yfinance,positive,True,"L'actualité présente plusieurs éléments positifs, tels que la récente publication de résultats favorables pour Ziihera, une nouvelle approbation pour un médicament rare et des analyses positives de la part des analystes, ce qui suggère que le ton général est positif pour l'action.","1 Value Stock with Exciting Potential and 2 We Brush Off || Quoin in line for priority review voucher if rare paediatric drug approved || Jazz (JAZZ) Says Ziihera Beat Trastuzumab on Overall Survival. Can it Replace the First-Line HER2 Backbone? || Why Is Jazz (JAZZ) Down 6.9% Since Last Earnings Report? || Stocks making big moves yesterday: Jazz Pharmaceuticals, SAIC, Herbalife, AGCO, and Deere || Jazz Pharmaceuticals (JAZZ) Stock Looks Reasonable On Value While Returns Look Stretched - simplywall.st || Jazz Pharmaceuticals (JAZZ) director moves to sell more stock - stocktitan.net || Jazz Pharmaceuticals Stock Price Forecast. Should You Buy JAZZ? - StockInvest.us || Jazz Pharmaceuticals plc (JAZZ) Stock Analysis: Strong Buy Ratings and a 17.28% Upside Potential - DirectorsTalk Interviews || Jazz Pharmaceuticals Announces Private Offering of $1.0 Billion of Exchangeable Senior Notes due 2032 and Concurrent Ordinary Share Repurchases - PR Newswire"
DCI,2026-09-10,"Donaldson Company, Inc.",Industrials,10,google_news|yfinance,positive,True,"Les actualites recentes sur Donaldson Company, Inc. (DCI) suggererent des performances solides, des croissances de ventes et de bénéfices, ainsi que des investissements et des ventes de parts, indiquant un ton general positif.","1 Mid-Cap Stock on Our Watchlist and 2 We Avoid || 1 Mid-Cap Stock for Long-Term Investors and 2 We Brush Off || Donaldson’s (DCI) Billion-Dollar Quarter Hides A Costlier Bet Ahead || Donaldson (DCI) Stock Looks Reasonable On Earnings But Rich On Cash Flow || DCI Q2 Deep Dive: Acquisition Momentum, Segment Growth, and Margin Expansion Shape Outlook || HighTower Advisors LLC Sells 151,767 Shares of Donaldson Company, Inc. $DCI - MarketBeat || Is Now The Time To Look At Buying Donaldson Company, Inc. (NYSE:DCI)? - Moomoo || Donaldson (DCI) Tops Q4 Earnings and Revenue Estimates - Eastern Progress || Insider at Donaldson (NYSE: DCI) plans September stock sale after option exercise - stocktitan.net || Empowered Funds LLC Invests $1.17 Million in Donaldson Company, Inc. $DCI - MarketBeat"
URBN,2026-09-10,"Urban Outfitters, Inc.",Consumer Cyclical,10,google_news|yfinance,positive,True,"Les actualites presentes sont presque toutes positives, avec des mentions de croissance de l'abonnement Nuuly, des resultats financiers solides et une valeur attrayante pour l'action. [verification 'sues' : resolu favorablement (3/3 votes) -- L'entreprise développe des solutions avancées pour l'autonomation, ce qui suggère une résolution positive et une diminution des coûts opérationnels.]","URBN's Nuuly Growth Momentum Accelerates on Rising Subscriber Demand || Does Strong Q2 Results And Nuuly Logistics Spend Change The Bull Case For Urban Outfitters (URBN)? || Urban Outfitters’ Nuuly pursues more fulfillment center automation || Hip fashion retailer closes more stores in 2026 || America's Car-Mart, RH, Arhaus, Bath and Body Works, and Urban Outfitters Shares Plummet, What You Need To Know || Urban Outfitters (NASDAQ:URBN): A Decent Value Play with a Debt-Free Edge - ChartMill || Tariff refund boosts Urban Outfitters (URBN) quarterly earnings - stocktitan.net || Here's Why Urban Outfitters (URBN) is a Strong Value Stock - Eastern Progress || URBN's Nuuly Growth Momentum Accelerates on Rising Subscriber Demand - tradingview.com || Melanie Marein-Efron Sells 5,700 Shares of Urban Outfitters (NASDAQ:URBN) Stock - MarketBeat"
1878.T,2026-09-10,"Daito Trust Construction Co.,Ltd.",Real Estate,6,google_news|yfinance,positive,True,"Les actualites presentes montrent une expansion de l'entreprise, des nouveaux projets et des collaborations, ce qui suggere une tendance positive pour l'action.","Daito Trust Construction (TSE:1878): Assessing Valuation as Shares Show Subtle Uptrend || Daito Trust Construction concludes agreement on transfer of shares in the Coastline Group (Los Angeles, California, USA) - kentaku.co.jp || Daito Trust Construction launches purchase, renovation, and resale business in Texas to expand its business in North America - kentaku.co.jp || Daito Trust Construction Co.,Ltd. 2027 Q1 - Results - Earnings Call Presentation (OTCMKTS:DIFTY) 2026-08-01 - Seeking Alpha || Daito Trust Construction to launch the Takaoka Ejiri Center Project (tentative name) as its first community development project - kentaku.co.jp || Daito Trust Construction jointly develops program to help foreign engineers obtain national qualifications - kentaku.co.jp"
AMG,2026-09-10,"Affiliated Managers Group, Inc.",Financial Services,10,google_news|yfinance,positive,True,"Les actualites recentes sur Affiliated Managers Group, Inc. (AMG) suggèrent une performance solide, avec une repurchase de 375 millions de dollars de stock, une performance en croissance par rapport à la S&P 500 et des achats de parts par des institutions financières.","Affiliated Managers Group Repurchased About $375 Million of Stock in 6 Months || Is Affiliated Managers Group (AMG) Stock Outpacing Its Finance Peers This Year? || Should Value Investors Buy Affiliated Managers Group (AMG) Stock? || AMG vs. BLK: Which Stock Is the Better Value Option? || 2 Reasons Investors Love Affiliated Managers Group (AMG) || Is Affiliated Managers Group (AMG) Stock Outpacing Its Finance Peers This Year? - Yahoo Finance || UBS AM a distinct business unit of UBS ASSET MANAGEMENT AMERICAS LLC Sells 28,602 Shares of Affiliated Managers Group, Inc. $AMG - MarketBeat || Here's Why Affiliated Managers Group (AMG) is a Strong Momentum Stock - Eastern Progress || Should Value Investors Buy Affiliated Managers Group (AMG) Stock? - Yahoo Finance || Secure Asset Management LLC Buys Shares of 8,156 Affiliated Managers Group, Inc. $AMG - MarketBeat"
2379.TW,2026-09-10,Realtek Semiconductor Corp.,Technology,9,google_news|yfinance,neutral,True,"L'actualité présente une diversité de sujets, allant de l'actualité financière (diminution des marges bénéficiaires) à des déclarations politiques (Nikki Haley sur la domination chinoise de Taiwan) et des annonces de changements de direction (CEO de Realtek Semiconductor). Il n'y a pas de ton généra","GMI Cloud Seeks $635 Million GPU-Backed AI Infrastructure Loan || RealTek sees mixed demand trends as second-half visibility remains limited (RLTQY) || Nikki Haley Says If China Controls Taiwan, The Communist Party Gains Leverage Over World's Critical Supply Chain: 'Threat To Global Freedom' || DIP (TSE:2379) Margin Decline Reinforces Concerns Over Profitability and Dividend Stability || Realtek Semiconductor Number of Employees 2026 | Employee Count & Headcount Data - Revelio Labs || Realtek Semiconductor Corp Revenue Breakdown – TWSE:2379 - tradingview.com || Realtek Semiconductor Corp. Announces CEO Changes - marketscreener.com || Realtek Launched Worldwide First USB-IF Fully Certified (TID: 11930) Multi-Port USB4 Hub Controller (RTS5490), Integrating USB Type‑C/PD Functionality - Nasdaq || Realtek Semiconductor Corp Dividends – TWSE:2379 - tradingview.com"
2432.T,2026-09-10,"DeNA Co., Ltd.",Industrials,9,google_news|yfinance,positive,True,"L'actualité présente des informations positives sur DeNA Co., Ltd., telle que des gains de valeur, une augmentation de la rentabilité et une autorisation de share buyback, ce qui suggère un ton positif pour l'action.","Is DeNA (TSE:2432) Cheap As Q1 Net Income Jumps Despite Lower Sales? || Nintendo announces $1.9 billion share sale by Kyoto bank and others || DeNA (TSE:2432): Assessing Valuation After Recent Steady Gains || Profit Taking Eases Asian Stock Markets From Recent Highs || DeNA Number of Employees 2026 | Employee Count & Headcount Data - Revelio Labs || EXCLUSIVE: Nintendo announces $1.9 billion share sale by Kyoto bank and others - Reuters || Nintendo (NTDOY) authorizes share buyback to offset secondary offering, sales by DeNA and banks - Shacknews || Here’s the latest information about Pokémon Trading Card Game Pocket, a Pokémon Trading Card Game app for mobile devices! - 株式会社ディー・エヌ・エー | DeNA || Nintendo (NTDOY) lowers amount of shares in secondary offering following stock buyback completion - Shacknews"
UCG.MI,2026-09-10,UniCredit S.p.A.,Financial Services,10,google_news|yfinance,positive,True,"Les actualites presentes sont presque toutes positives, avec des annonces de financement pour des projets de Greenvolt et des upgrades de valeur pour UniCredit, ce qui suggere un ton general positif pour l'action.","Greenvolt secures $254m UniCredit funding for Polish BESS projects || Greenvolt secures financing package from Unicredit for BESS projects in Poland || Commerzbank (XTRA:CBK) Stock Looks Fairly Valued Despite Fresh ECB Bid News || Italy’s Monte dei Paschi Makes $40 Billion Move to Buy Rival Banks || Commerzbank, German resistance wanes: UniCredit nears deal, what could change || ETFs Investing in UniCredit S.p.A. Unsponsored ADR Stocks - tradingview.com || UniCredit (UNCRY) Upgraded to Buy: What Does It Mean for the Stock? - Yahoo Finance || UniCredit stock falls as Danish Compromise boost meets weak Milan session - AD HOC NEWS || UniCredit: We Raise Our Fair Value Estimate by 39%; Shares Modestly Undervalued - Morningstar || Up 100% In the Past Year, How Much Upside Does UniCredit Have in 2026? - TIKR.com"
TILE,2026-09-10,"Interface, Inc.",Consumer Cyclical,10,google_news|yfinance,positive,True,"Les actualites presentes sont presque toutes positives, avec des mentions de croissance, de nouveaux produits et d'investissements, ce qui suggere un ton general positif pour l'action d'Interface, Inc.","2 Profitable Stocks for Long-Term Investors and 1 Facing Challenges || Caesarstone’s Premium Multi-Material & Differentiated Model Proposition – Initiation Report || 2 Reasons to Watch TILE and 1 to Stay Cautious || Interface Eyes Growth as One Interface Strategy Targets Commercial Flooring Share || Interface (TILE) Launches New Collection As Undervalued Narrative Stays In Focus || Interface (NASDAQ: TILE) director sells 8,000 shares under preset trading plan - stocktitan.net || Enterprise value to revenue forward of Interface, Inc. – NASDAQ:TILE - tradingview.com || Wellington Management Group LLP Increases Holdings in Interface, Inc. $TILE - MarketBeat || Why Is Interface (TILE) Stock Rocketing Higher Today - Yahoo Finance || TILE - Interface Inc Stock Price and Quote - Finviz"
LCII,2026-09-10,LCI Industries,Consumer Cyclical,10,google_news|yfinance,positive,True,"Bien que LCI Industries ait connu une baisse de 4% de ventes, son rapport de Q2 2026 a montré une expansion des marge et une augmentation de l'EPS ajusté, ce qui suggère une résilience face à la demande réduite dans l'industrie des loisirs extérieurs.","Lippert named Fun Town RV CEO || LCI Industries (LCII) Q2 2026 Earnings Call Transcript || LCI Industries Q2 Earnings Call Highlights || LCI Industries Inc (LCII) (Q2 2026) Earnings Call Highlights: Margin Expansion and Strategic ... || Patrick Industries (PATK) Stock Looks Reasonable On Cash Flow While Earnings Look Rich || LCI Industries (NYSE:LCII) Receives Average Rating of ""Hold"" from Analysts - MarketBeat || LCI Industries (LCII) Agrees To All Stock Merger With Patrick Industries - Yahoo Finance || Is LCI Industries (LCII) Undervalued As RV Travel Demand Supports Its Growth Story? - simplywall.st || McDermott Will & Schulte advises Patrick Industries in Announced All-Stock Merger with LCI Industries - McDermott Will & Schulte || Why is LCI Industries stock plunging today? - Investing.com"
SBIN.NS,2026-09-10,State Bank of India,Financial Services,10,google_news|yfinance,positive,True,"L'action de State Bank of India est soutenue par des actualites positives sur ses performances financieres, son expansion et son retour dans le marche des obligations en dollars, ce qui suggere une tendance positive pour l'action.","State Bank of India targets 12,000 hires and 250 more branches – report || State Bank of India returns to dollar debt market, bankers see strong demand || State Bank of India (SBKFF) (Q1 2027) Earnings Call Highlights: Record Profit and Digital Push ... || India's largest lender SBI beats quarterly profit view on healthy loan growth || State Bank of India, HSBC and ICICI lead India's overseas deposit drive, data shows || State Bank of India slips Monday, underperforms competitors - MarketWatch || India's largest lender SBI beats quarterly profit view on healthy loan growth - Reuters || NSE Slashes IPO Price Band, Cedes Chance at India's Largest Listing - finance.biggo.com || Five Stocks To Buy Today: State Bank of India, HAL, Glenmark Pharma, And More | Sept 9 - NDTV Profit || State Bank of India Beats Profit Estimate on Robust Loan Growth - Bloomberg.com"
TGTX,2026-09-10,"TG Therapeutics, Inc.",Healthcare,10,google_news|yfinance,positive,True,"L'action de TG Therapeutics est mentionnée dans plusieurs articles positifs, tels que l'analyse de DirectorsTalk qui prévoit un potentiel d'augmentation de 24,52% et l'actualité selon laquelle TG Therapeutics est l'IBD Stock Of The Day, ce qui suggère une tendance positive pour l'action.","Kymera Therapeutics (KYMR) Up 10.2% Since Last Earnings Report: Can It Continue? || IBD Stock Of The Day, TG Therapeutics, Eyes Breakout After Topping Early Buy Point || TG Therapeutics (TGTX) Up 15.1% Since Last Earnings Report: Can It Continue? || TGTX Stock Pares Opening Losses After Analyst Dismisses Competition From Novartis || TGTX Stock Outperforms 95% of Stocks. Here's Why. || TG Therapeutics (TGTX) to Report Q2 Results: Wall Street Expects Earnings Growth - Eastern Progress || TG Therapeutics, Inc. (TGTX) Stock Analysis: Unveiling a 24.52% Upside Potential in the Biotech Sector - DirectorsTalk Interviews || Is TG Therapeutics, Inc. (TGTX) A Good Stock To Buy Now? - Yahoo Finance || TG Therapeutics Reports First Quarter 2026 Financial Results and Raises BRIUMVI Revenue Guidance - TG Therapeutics || TG Therapeutics: Briumvi's Peak May Be Far Away (Rating Upgrade) (NASDAQ:TGTX) - Seeking Alpha"
2357.TW,2026-09-10,ASUSTeK Computer Inc.,Technology,10,google_news|yfinance,positive,True,"Les actualites presentes sont presque toutes positives, avec des mentions de croissance, de nouveaux produits, de partenariats avec des entreprises majeures et de l'optimisme autour de l'AI, ce qui suggere un ton general positif pour l'action.","Intel (INTC) Enters Trusted AI Standards as Enterprise Infrastructure Role Grows || Lenovo Shares Surge 22% After Revenue Beat Renews AI Optimism || ASUS Lifts AI Server Growth Target || American States Water Q2 Earnings Call Highlights || American States Water Co (AWR) (Q2 2026) Earnings Call Highlights: EPS Surges 25. ... || ASUSTeK Computer Inc. 2026 Q1 - Results - Earnings Call Presentation (OTCMKTS:ASUUY) 2026-05-12 - Seeking Alpha || ASUS stock climbs 5% with ROG Xbox Ally X20 preorders starting at $1,299 - TechStock² || Asustek Joins Taiwan's Thousand-Dollar Stock Club! AI Server Growth Target Raised to 150%; South Korean Market Reclaims 7,000 Points - finance.biggo.com || 2357 Stock Price and Chart — TWSE:2357 - tradingview.com || PC prices in Taiwan expected to rise 25-30% in Q2: Asustek - Taipei Times"
B3SA3.SA,2026-09-10,"B3 S.A. - Brasil, Bolsa, Balcão",Financial Services,7,google_news|yfinance,positive,True,"L'action B3 S.A. - Brasil Bolsa Balcao (BOLSY) présente une tendance générale positive, avec des actualités mettant en avant une croissance revenue solide, de nouvelles offres de produits et une augmentation de la valeur des actions.","B3 SA - Brasil Bolsa Balcao (BOLSY) Q4 2025 Earnings Call Highlights: Strong Revenue Growth and ... || B3 SA - Brasil Bolsa Balcao (BOLSY) Q3 2025 Earnings Call Highlights: Resilient Growth Amid ... || ETFs Investing in B3 SA - Brasil, Bolsa, Balcao Unsponsored ADR Stocks - tradingview.com || B3 S.A. Got An Antitrust Warning Because Of The Strength Of Its Moat (Rating Downgrade) - Seeking Alpha || Homerun Resources Inc. Announces Sponsored BDR Listing on B3 Stock Exchange - Investing News Network || Cambuci S.A. Launches Share Buyback to Unlock Shareholder Value - The Globe and Mail || B3 S.A. - Brasil, Bolsa, Balcão 2026 Q1 - Results - Earnings Call Presentation (OTCMKTS:BOLSY) 2026-05-08 - Seeking Alpha"
OFG,2026-09-10,OFG Bancorp,Financial Services,10,google_news|yfinance,positive,True,"Les actualites presentes sont presque toutes positives, avec des articles qui soulignent les performances de l'action, son rendement en dividendes et son ajout a la liste des stocks a acheter.",1 Small-Cap Stock on Our Buy List and 2 That Underwhelm || OFG Bancorp (OFG) is a Top Dividend Stock Right Now: Should You Buy? || Q2 Regional Banks Earnings Review: First Prize Goes to OFG Bancorp (NYSE:OFG) || New Strong Buy Stocks for August 25th || Best Income Stocks to Buy for August 25th || Allianz Asset Management GmbH Takes $9.19 Million Position in OFG Bancorp $OFG - MarketBeat || OFG Bancorp (OFG) is a Top Dividend Stock Right Now: Should You Buy? - Yahoo Finance || Q2 Earnings Highlights: Republic Bancorp (NASDAQ:RBCAA) Vs The Rest Of The Regional Banks Stocks - StockStory || Is OFG Bancorp (OFG) Undervalued As Dividend Growth Draws Fresh Attention? - simplywall.st || Q2 Regional Banks Earnings Review: First Prize Goes to OFG Bancorp (NYSE:OFG) - The Globe and Mail
1893.T,2026-09-10,"Penta-Ocean Construction Co., Ltd.",Industrials,8,google_news|yfinance,neutral,True,L'actualité présente une équilibre entre des informations positives (contrats d'installation de turbines éoliennes et de changement de banque) et des informations négatives (investigation sur les pratiques de trading des actions de Mizuho et de changement de banque de Penta-Ocean),"DEME secures offshore wind turbine installation contract in Japan || Mizuho Dropped From Bond Deals as SESC Probe Unfolds || Reviewing Penta-Ocean Construction (TSE:1893) Valuation as Investor Interest Builds Without Major Headlines || Penta-Ocean Construction Number of Employees 2026 | Employee Count & Headcount Data - Revelio Labs || How Penta-Ocean’s Planned J-ESOP Introduction At Penta-Ocean Construction (TSE:1893) Has Changed Its Investment Story - simplywall.st || Penta-Ocean Construction Co., Ltd. Trade Ideas — HAM:PO6 - tradingview.com || 1803 Stock Price and Chart — TSE:1803 - tradingview.com || Penta-Ocean's New Offshore Wind Turbine Installation Vessel Set for Japan Debut - Offshore Engineer Magazine"
2006.TW,2026-09-10,Tung Ho Steel Enterprise Corporation,Basic Materials,5,google_news,neutral,True,L'actualité présente une équilibre entre des informations positives (financement et stabilisation des prix) et des informations neutres ou positives pour l'entreprise (leader en urban mining et utilisation de déchets en ressources) et une information négative (contrat perdu en 2010),Steelmaker Tung Ho Vietnam secures $25 mln finance from Standard Chartered - Theinvestor || Tung Ho Steel keeps H-beam prices stable - steelradar.com || Why Taiwan Is Becoming a Leader in Urban Mining - Time Magazine || Mineralization and Utilization using Steel Slag for Establishing a Waste-to-Resource Supply Chain - Nature || Enercon wins 33MW Taiwan contract - Wind Power Monthly
9942.TW,2026-09-10,NAK Sealing Technologies Corporation,Consumer Cyclical,5,google_news,positive,True,"L'actualité mentionne une publication de résultats financiers positifs pour la deuxième trimestre et les six mois de 2026, ce qui suggère une tendance positive pour l'action.","NAK Sealing Technologies Corporation Reports Earnings Results for the Second Quarter and Six Months Ended June 30, 2026 - marketscreener.com || Oil and Gas Seals Market Share, Growth, Analysis 2031 - Allied Market Research || 6933 Stock Price and Chart — TWSE:6933 - tradingview.com || 3498 Stock Price and Chart — TPEX:3498 - tradingview.com || 4542 Stock Price and Chart — TPEX:4542 - tradingview.com"
LAUR,2026-09-10,"Laureate Education, Inc.",Consumer Defensive,10,google_news|yfinance,neutral,True,"Bien que certaines actualités mentionnent des risques et des préoccupations, d'autres soulignent les fondamentaux solides et les opportunités de croissance de Laureate Education, Inc., ce qui équilibre le ton général.","3 Small-Cap Stocks We Find Risky || Laureate Education (LAUR) Looks Fairly Valued, Is There Enough Upside Left? || 3 Hyped Up  Stocks We Think Twice About || TAL vs. LAUR: Which Stock Is the Better Value Option? || 3 Russell 2000 Stocks We Steer Clear Of || Laureate Education (NASDAQ:LAUR): An Affordable Growth Stock with Strong Fundamentals - ChartMill || Director group sells Laureate (LAUR) stock over several days - stocktitan.net || Laureate Education (NASDAQ:LAUR) Director Sells $101,143.94 in Stock - MarketBeat || Here’s How Much You Would Have Made Owning Laureate Education Stock In The Last 5 Years - benzinga.com || Is the Options Market Predicting a Spike in Laureate Education Stock? - Yahoo Finance"
DINO,2026-09-10,HF Sinclair Corporation,Energy,10,google_news|yfinance,positive,True,"Les actualites presentes sont majoritairement positives, avec des mentions de croissance, de rentabilisation et de buyback, ce qui suggere une tendance positive pour l'action HF Sinclair Corporation (DINO).","How High-Return Refinery Investment Strengthens MPC's Long-Term Margins || High Gas Prices Aren't Budging—Here Are 3 Stocks That Benefit || 38% Overvalued? HF Sinclair (DINO) Faces Valuation Questions Following Buyback And Shelf Filing || HF Sinclair (DINO) Files Shelf Registration And Sets $1,500 Million Share Buyback || Goldman’s Energy Dividend Picks: Why Devon and HF Sinclair Still Offer Upside || HF Sinclair: The Share Price Can No Longer Be Justified With Mid-Cycle Earnings (Downgrade) - Seeking Alpha || HF Sinclair Corporation (DINO) Hits Fresh High: Is There Still Room to Run? - Yahoo Finance || How High-Return Refinery Investment Strengthens MPC's Long-Term Margins - tradingview.com || HF Sinclair Stock Climbs 18% On A 8-Day Winning Streak - Trefis || How Investors May Respond To HF Sinclair (DINO) Launching A New US$1.5 Billion Share Buyback Program - simplywall.st"
4503.T,2026-09-10,Astellas Pharma Inc.,Healthcare,10,google_news|yfinance,positive,True,"Les actualites presentes sont presque toutes positives, avec des informations sur des agreements de prix avec des entreprises de la santé et des informations sur l'entreprise Astellas Pharma Inc. qui montrent une croissance et une expansion de l'entreprise.","Trump Expands Drug Pricing Deals With 9 Pharma Companies, Bringing Total to 26 — RFK Jr. Details 'Very, Very Emotional' Conversations With President || Trump's MFN Push Goes Beyond Big Pharma, Adds 9 Mid-Sized Drugmakers || Mid-cap biotechs join Trump’s latest round of drug pricing deals || Trump lines up MFN deals with nine mid-size pharmas on drug pricing push || Trump's Pharma Pricing Deal Expands as Healthcare Stocks Keep Climbing || Is Astellas Pharma (ALPMY) Stock Undervalued Right Now? - Yahoo Finance || Enterprise value to revenue forward of Astellas Pharma Inc. – TSE:4503 - tradingview.com || Why is Astellas Pharma stock climbing today? - Investing.com || Astellas Pharma Number of Employees 2026 | Employee Count & Headcount Data - Revelio Labs || Astellas Pharma Inc. 2027 Q1 - Results - Earnings Call Presentation (OTCMKTS:ALPMY) 2026-08-05 - Seeking Alpha"
1590.TW,2026-09-10,Airtac International Group,Industrials,6,google_news|yfinance,positive,True,"Les actualites presentes montrent une croissance robuste et des performances financieres impressionnantes de l'action Airtac International Group, avec des revenus qui surgent de 43% en août.","Airtac International Group (TPE:1590) Q2 2026 Earnings Call Highlights: Robust Growth and ... || AirTAC Earnings: Strong Growth Continues, but Shares Remain Expensive - Morningstar || AirTAC Capitalizes on Booming Battery Demand - Morningstar || Wasatch International Growth's Top Q2 2026 Move: Exiting Inter & Co Inc at a -2. ... - Yahoo Finance || Airtac International's Revenue Surges 43% in August - marketscreener.com || 1590 Stock Price and Chart — TWSE:1590 - tradingview.com"
2303.TW,2026-09-10,United Microelectronics Corporation,Technology,10,google_news|yfinance,positive,True,"Les actualites presentes sont presque toutes positives, avec des mentions de croissance, de forte croissance et de valeurs potentiellement attractives, ce qui suggere un ton general positif pour l'action.","United Microelectronics Sales Jump 30% in August. UMC Stock Has More Room to Run. || ASE Technology Surges 16% in 3 Months: Time to Hold or Fold the Stock? || Taiwan Semiconductor Retains 73% Foundry Share: Is the Stock a Buy? || If You Have Some ‘Silly’ Money, United Microelectronics (UMC) Stock Is Worth a Look || The Firm That Filed a Bet Against Taiwan Semiconductor Then Launched a Foundry Fund Five Days Later || Should I Buy UMC (United Microelectronics Corporation) | AI Analysis, Technical & News Insights - Kavout AI || ASE Technology Surges 16% in 3 Months: Time to Hold or Fold the Stock? - tradingview.com || United Microelectronics Corporation (UMC) is a Great Momentum Stock: Should You Buy? - Yahoo Finance || UMC or LSCC: Which Is the Better Value Stock Right Now? - Eastern Progress || UMC - United Micro Electronics ADR Stock Price and Quote - Finviz"
YETI,2026-09-10,"YETI Holdings, Inc.",Consumer Cyclical,10,google_news|yfinance,neutral,True,"Bien que certains analystes maintiennent une position positive sur l'action (Stifel, MarketBeat), d'autres soulignent les ventages de la correction du cours (Langdon Partners), tandis que certains analystes expriment des réserves sur les prévisions de croissance (Investing.com).","Why Yeti Stock Swooned in August || Is YETI Holdings (YETI) Cheap On Its Pullback Despite The CEO Vesting Share Sale? || 1 of Wall Street’s Favorite Stocks to Keep an Eye On and 2 We Turn Down || CEO Sells Over 4,000 Shares of Consumer Stock, Valued at Over $185,000 || YETI (YETI) Remains a Strong Player Despite Market Setbacks || Stifel reiterates Hold on Yeti stock, $45 target ahead of event - Investing.com || YETI Holdings, Inc. (NYSE:YETI) Receives Consensus Rating of ""Moderate Buy"" from Analysts - MarketBeat || YETI Holdings, Inc. Q2 2026 Earnings Call Summary - Yahoo Finance || YETI Holdings Inc. (YETI) Key Financial Ratios – Valuation, Profitability & More - Value Research || YETI Rose 8% This Week. Here’s How Much the Stock Could Rise in 2026 - TIKR.com"
2503.T,2026-09-10,"Kirin Holdings Company, Limited",Consumer Defensive,10,google_news|yfinance,positive,True,"Les actualites presentes sont presque toutes positives, avec des mentions de croissance, de diversification, de renforcement de la position de Kirin Holdings sur le marché et de son engagement en faveur de la transformation digitale.","Why spirits slowdown could prompt majors to diversify || Assessing Kirin Holdings (TSE:2503) Valuation After Recent Share Price Momentum || Kirin launches RTD brand Hyoketsu in US || Is It Time To Reassess Kirin Holdings Company (TSE:2503) After Its Strong 1‑Year Share Price Run? || 3 Reasons Growth Investors Will Love Kirin (KNBWY) || Kirin Holdings Selected as a ""DX Stock 2026"" for Commitment to Digital Transformation - Kirin Holdings Company, Limited || Kirin Holdings Company, Limited 2026 Q2 - Results - Earnings Call Presentation (OTCMKTS:KNBWY) 2026-08-09 - Seeking Alpha || The Strong Earnings Posted By Kirin Holdings Company (TSE:2503) Are A Good Indication Of The Strength Of The Business - simplywall.st || Jamieson Wellness Enters into Definitive Agreement to be Acquired by Kirin in C$2.5 Billion Transaction - PR Newswire Canada || Kirin Holdings Co (KNBWY) Live Share Price, Invest From India - indmoney.com"
THG,2026-09-10,"The Hanover Insurance Group, Inc.",Financial Services,9,google_news|yfinance,neutral,True,"Les actualites presentes sont des analyses et des conseils d'investissement, sans une tonalite clairement positive ou negative, mais avec une presence de conseils positifs sur l'action de THG.","Are You Looking for a Top Momentum Pick? Why Hanover Insurance Group (THG) is a Great Choice || Should Value Investors Buy The Hanover Insurance Group (THG) Stock? || The Case for Holding MetLife Stock: What Investors Need to Know || Aon's $17 Billion USI Deal: A Costly Bet on Middle-Market Growth || Here's Why Investors Should Retain the Hartford Stock for Now || Should Value Investors Buy The Hanover Insurance Group (THG) Stock? - Yahoo Finance || Best Value Stocks to Buy for June 9th - Eastern Progress || Public Employees Retirement System of Ohio Makes New $2.43 Million Investment in The Hanover Insurance Group, Inc. $THG - MarketBeat || The Hanover Insurance Group, Inc. Announces New Share Repurchase Authorization - PR Newswire"
4507.T,2026-09-10,"Shionogi & Co., Ltd.",Healthcare,10,google_news|yfinance,positive,True,"L'actualité présente plusieurs éléments positifs, tels que le report d'une évaluation de la performance de Shionogi & Co., Ltd. comme 'DX Stock 2026', le succès de l'oral post-exposition prophylaxis pour COVID-19, et le report d'une évaluation de la performance de l'entreprise pour le Q1 2027, qui s","Shionogi & Co., Ltd. Unsponsored ADR (SGIOY) Beats Q1 Earnings Estimates || United Therapeutics (UTHR) Earnings Expected to Grow: What to Know Ahead of Q2 Release || Shionogi & Co., Ltd. Unsponsored ADR (SGIOY) to Report Q1 Results: Wall Street Expects Earnings Growth || Shionogi (TSE:4507) Valuation Check As XOCOVA Wins First US FDA Approval For COVID 19 Post Exposure Prophylaxis || Akebia Therapeutics (AKBA) Reports Q1 Loss, Misses Revenue Estimates || Shionogi Selected as a “DX Stock 2026”｜ 塩野義製薬 - shionogi.com || Shionogi & Co., Ltd. Unsponsored ADR (SGIOY) Beats Q1 Earnings Estimates - Yahoo Finance || Shionogi & Co., Ltd. Revenue Breakdown – TSE:4507 - tradingview.com || Shionogi & Co., Ltd. 2027 Q1 - Results - Earnings Call Presentation (OTCMKTS:SGIOY) 2026-08-06 - Seeking Alpha || US regulator approves oral drug from Japan's Shionogi to prevent COVID-19 - Reuters"
2548.TW,2026-09-10,"Huaku Development Co., Ltd.",Real Estate,5,google_news,neutral,True,"Aucune information positive ou négative est disponible dans les actualités fournies, les articles traitent de données générales sur les actions de Huaku Development Co., Ltd. et de l'actualité du marché sans émettre une opinion ou une analyse spécifique.","2548 Stock Price and Chart — TWSE:2548 - tradingview.com || Taiwan stocks higher at close of trade; Taiwan Weighted up 0.48% - Investing.com || Test Research, Inc. (3030.TW) Stock Price, News, Quote & History - Yahoo Finance || Technical Analysis of Huaku Development Co., Ltd. (TWSE:2548) - tradingview.com || Wah Lee Industrial Corporation (3010.TW) Stock Price, News, Quote & History - Yahoo Finance"
3044.TW,2026-09-10,Tripod Technology Corporation,Technology,5,google_news,negative,True,Aucune information positive ou neutre n'est disponible dans les actualités fournies.,3044 Stock Price and Chart — TWSE:3044 - tradingview.com || Technical Analysis of Tripod Technology Corporation (TWSE:3044) - tradingview.com || Asian Market's Hidden Gems: 3 Stocks Priced Below Estimated Value - simplywall.st || 6274 Stock Price and Chart — TPEX:6274 - tradingview.com || 3037 Stock Price and Chart — TWSE:3037 - tradingview.com
YUMC,2026-09-10,"Yum China Holdings, Inc.",Consumer Cyclical,10,google_news|yfinance,neutral,True,"Les actualites presentes sont des analyses et des comparaisons entre YUMC et CMG, sans mention d'opinion positive ou negative sur l'action elle-meme.","1 Restaurant Stock to Consider Right Now and 2 That Underwhelm || YUMC or CMG: Which Is the Better Value Stock Right Now? || Are Investors Undervaluing Yum China (YUMC) Right Now? || Q2 Earnings Outperformers: Yum China (NYSE:YUMC) And The Rest Of The Traditional Fast Food Stocks || Pizza Hut’s sale to LongRange Capital is complete || Is Yum China Holdings, Inc. (YUMC) A Good Stock To Buy Now? - Yahoo Finance || Yum China (NYSE: YUMC) exec turns RSUs into shares, uses 594 to cover taxes - stocktitan.net || Is Yum China Holdings Inc (YUMC) a Bargain After 4.8% Drop? GF V - GuruFocus || Yum China Holdings Chief Supply Chain Officer Duoduo Huang Sells 72% Of Holding - webull.com || Yum China stock hits 52-week low at 41.68 USD - Investing.com"
BVS,2026-09-10,Bioventus Inc.,Healthcare,10,google_news|yfinance,positive,True,"Les actualites recentes sur Bioventus Inc. (BVS) suggèrent une tendance positive, avec des performances solides en termes de ventes et de bénéfices, ainsi qu'une réaffirmation de la guidance annuelle 2026, ce qui pourrait indiquer une opportunité d'investissement.",Are Medical Stocks Lagging  Bioventus (BVS) This Year? || 4 Healthcare Stocks to Safeguard Your Portfolio as Fed Plans Rate Hike || Bioventus (BVS) Q2 2026 Earnings Call Transcript || Bioventus (BVS) Stock Still Looks Like A Bargain On Earnings || The Bull Case For Bioventus (BVS) Could Change Following Its Q2 Earnings Surge And Reaffirmed 2026 Guidance || Is Bioventus (BVS) Stock Undervalued Right Now? - Yahoo Finance || Bioventus Stock Price Forecast. Should You Buy BVS? - StockInvest.us || Bioventus Inc (BVS) Stock Up 5.1% but GF Value Says Overvalued -- GF Score: 58/100 - GuruFocus || BVS - Finviz || Bioventus Starts Review After Unsolicited Acquisition Proposal - stocktitan.net
NDX1.DE,2026-09-10,Nordex SE,Industrials,10,google_news|yfinance,positive,True,"L'action de Nordex SE est soutenue par des actualités positives, telles que des ordres de turbines, une croissance des ventes et des bénéfices, ainsi que des commentaires positifs de analystes et des prévisions de croissance.","Nordex secures 525MW turbine order from Türkerler || Nordex (XTRA:NDX1) Stock Still Looks Discounted As A 228% Gain Tests Fair Value || Nordex (XTRA:NDX1) Could Be 18% Below Fair Value On Half Year 2026 Earnings || Nordex Group secures new US orders totalling more than 480 MW || Nordex Doubles Q2 EBITDA and Confirms 2026 Outlook on Strong Order Growth || Why is Nordex stock climbing today? - Investing.com || Nordex stock gains support after Citi Buy rating and strong first-half profit - AD HOC NEWS || Nordex SE celebrates 25 years as a listed company - Nordex SE || NDX1 Forecast — Price Target — Prediction for 2027 - tradingview.com || Germany's Nordex tops profit forecast on strong wind demand, shares jump - Reuters"
UFCS,2026-09-10,"United Fire Group, Inc.",Financial Services,10,google_news|yfinance,positive,True,"Les actualites presentes montrent une augmentation des actions, des results financiers positifs, une augmentation des prix et des ventes, ainsi que des commentaires positifs des analystes et des dirigeants, indiquant une tendance positive pour l'action.","UVE Stock Gains 71.4% in a Year: Time to Add It for Better Returns? || United Fire Group (UFCS) Q2 2026 Earnings Call Transcript || Is United Fire Group (UFCS) Stock Undervalued Right Now? || United Fire Group, Inc (UFCS) Hits Fresh High: Is There Still Room to Run? || United Fire Group (UFCS) Stock Gets Fair Value Boost After Q2 Beat And Lower Cat Losses || Director at United Fire Group (UFCS) sells 9,777 shares - stocktitan.net || United Fire Group (NASDAQ:UFCS) Director Sells 9,777 Shares of Stock - MarketBeat || United Fire Group Insider Sold Shares Worth $542,799, According to a Recent SEC Filing - marketscreener.com || Should Value Investors Buy The Hanover Insurance Group (THG) Stock? - Yahoo Finance || United Fire Group director Scott Carlton sells $542,798 in stock By Investing.com - Investing.com Nigeria"
GOOGL,2026-09-10,Alphabet Inc.,Communication Services,10,google_news|yfinance,positive,True,"L'action de Alphabet Inc. (GOOGL) a connu une croissance de 20% de ses revenus et une forte performance de ses investissements en matière de cloud et d'IA, ce qui suggère un ton positif pour l'action.","How it feels to handle Apple's foldable iPhone Duo || A foldable iPhone is nice, but Apple still needs to improve its AI user experience || HIVE joins Google, Microsoft, and Amazon in new Canada data center pledge || Star AI Researcher Is Leaving Meta || Do Amazon and Alphabet's Combined $420 Billion in Capital Expenditures Make Sense? || Alphabet (GOOG) Surges Over 20% Revenue Growth, Cloud Strength - Yahoo Finance || Bank of America Has a Stark Message for Google Stock as AI Rivals Surge - tradingview.com || Google Cloud Boss Makes Bold Claim About AI Chip Business - Investor's Business Daily || Billionaire Bill Ackman Sells Alphabet Stock and Buys a Mega-Cap Stock Down 42% From Its High - The Motley Fool || Alphabet Balances Strengths And Weaknesses (NASDAQ:GOOG) - Seeking Alpha"
BPOP,2026-09-10,"Popular, Inc.",Financial Services,10,google_news|yfinance,positive,True,"Les actualites presentes sur CES SEULES sont presque toutes positives pour l'action de Popular, Inc. (BPOP), avec des annonces de dividendes, des performances de croissance et des analyses positives des actions de la compagnie.","Popular Inc's Dividend Analysis || Popular (BPOP), Why Is It Back In The Spotlight? || Spotting Winners: Popular (NASDAQ:BPOP) And Regional Banks Stocks In Q2 || 3 Market-Beating Stocks with Competitive Advantages || 2 Reasons to Like BPOP (and 1 Not So Much) || Popular Inc's Dividend Analysis - Yahoo! Finance Canada || Press Release: Popular, Inc. Declares Dividend on Preferred Stock and Announces Distribution on Trust Preferred Securities - Moomoo || Popular (BPOP) risk chief reports 4,004-share stake - Stock Titan || Popular Inc. (NASDAQ:BPOP) Shows High Growth Momentum and Breakout Setup - ChartMill || Popular (NASDAQ: BPOP) sets $0.90 dividend, Oct. 1 payout - Stock Titan"
MU,2026-09-11,"Micron Technology, Inc.",Technology,10,google_news|yfinance,negative,True,"L'actualité présente plusieurs éléments négatifs, tels que la chute du prix de l'action de Micron Technology, Inc. de 19% depuis son high, des inquiétudes sur les prix des semiconducteurs, des problèmes juridiques et une chute du S&P 500, ce qui suggère un ton général négatif pour l'action.","Micron Is Down 19% From Its High. History Suggests a $5,000 Investment Today Could Be Worth This Much by 2030. || Semiconductors Stocks Q2 Highlights: Micron (NASDAQ:MU) || S&P 500 ends down as Treasury yields rise and traders fret about inflation || Micron Drops 4.2% While China's AI Chips Reveal Its Pricing Power || Not Nvidia, Not Palantir. This Might Be September's Most Important AI Infrastructure Stock. || MU Stock Slides As Legal Fight And Chip Selloff Rattle Traders - StocksToTrade || What's Going On With Micron Technology Stock Thursday? - Benzinga || Micron Technology, Inc. (MU) Is a Trending Stock: Facts to Know Before Betting on It - Yahoo Finance || MU Stock Slides As Legal Fears And Chip Sell-Off Hit Momentum - timothysykes.com || Micron Technology Inc Stock (MU) Opened Down by 3.13% on Sep 10: What Signal Does It Send? - TradingKey"
FRSH,2026-09-11,Freshworks Inc.,Technology,10,google_news|yfinance,,True,"Les actualites presentent des informations contradictoires sur la performance de l'action de Freshworks Inc. (FRSH), avec des articles qui indiquent que la stock est ","2 Growth Stocks with Explosive Upside and 1 Facing Challenges || Freshworks (FRSH) Stock Looks Priced At A Premium To Fair Value || 2 Cash-Producing Stocks to Consider Right Now and 1 We Brush Off || 1 Small-Cap Stock to Keep an Eye On and 2 Facing Headwinds || Amplitude, GitLab, Doximity, Freshworks, and Sprinklr Shares Skyrocket, What You Need To Know || Is Freshworks Inc. (FRSH) A Good Stock To Buy Now? - Yahoo Finance || Freshworks (NASDAQ: FRSH) officer lines up $253K stock sale after earlier June trade - Stock Titan || Freshworks Inc (FRSH) Stock Down 4.7% -- Now Undervalued? GF Sco - GuruFocus || Freshworks stock hits 52-week high at 13.77 USD - Investing.com || FRSH - Finviz"
MD,2026-09-11,"Pediatrix Medical Group, Inc.",Healthcare,9,google_news|yfinance,positive,True,"L'actualité présente plusieurs articles positifs sur Pediatrix Medical Group, Inc., soulignant son potentiel de croissance et sa performance financière, ce qui suggère un ton général positif.","1 Cash-Producing Stock to Research Further and 2 Facing Challenges || Cencora (COR) Up 3.8% Since Last Earnings Report: Can It Continue? || Pediatrix Medical Group (MD) Up 3.4% Since Last Earnings Report: Can It Continue? || Q2 Earnings Highlights: Pediatrix Medical Group (NYSE:MD) Vs The Rest Of The Healthcare Providers & Services Stocks || 3 Profitable Stocks That Concern Us || Pediatrix Medical Group (NYSE: MD) director plans Rule 144 stock sale - Stock Titan || MD - Pediatrix Medical Group Inc Stock Price and Quote - Finviz || Pediatrix Medical Group (MD) is a Top-Ranked Growth Stock: Should You Buy? - Eastern Progress || Pediatrix Medical Group (MD) Faces Demand Questions, Is The Recent Rally Already Priced In? - Sahm"
FHI,2026-09-11,"Federated Hermes, Inc.",Financial Services,10,google_news|yfinance,positive,True,"Les actualites presentes sont presque toutes positives, avec des mentions de croissance des AUM, de dividendes, de recommandations de ","FHI vs. CNS: Which Stock Is the Better Value Option? || Ares Management Up 28.8% in 6 Months: How to Approach the Stock Now || Federated Hermes' APAC Tokenization Push: A New AUM Growth Lever? || UBS Gets a Win in Swiss Capital Battle || Federated Hermes (FHI) Could Be a Great Choice || A $0.045 dividend avoids regular federal tax on Oct. 1 - Stock Titan || Federated Hermes: Shifting To Higher-Fee Products (NYSE:FHI) - Seeking Alpha || Federated Hermes, Inc. reports record assets under management with second quarter 2026 earnings - PR Newswire || Federated Hermes, Inc. (NYSE:FHI) Receives Average Recommendation of ""Moderate Buy"" from Brokerages - MarketBeat || Federated Hermes (FHI) Could Be a Great Choice - Yahoo Finance"
1802.T,2026-09-11,Obayashi Corporation,Industrials,10,google_news|yfinance,positive,True,"L'acquisition de Multiplex par Obayashi et les investissements en autonomie et en infrastructure, ainsi que les résultats financiers positifs, contribuent à un ton général positif pour l'action.","Brookfield agrees to divest builder Multiplex to Obayashi for $650m || Brookfield Business Selling Multiplex to Japan's Obayashi For $650 Million || Soft China Economic Reports Roil Asian Stock Markets || Obayashi (TSE:1802) Valuation Check After Strong 1 Year Shareholder Returns || This Khosla-backed autonomous pod startup just raised $170M — now it’s aiming for more || ETFs Investing in Obayashi Corporation Stocks - TradingView || Acquisition of Multiplex Global Limited, a Company Operating Construction Businesses in Australia, the UK and Canada - obayashi.co.jp || Japan’s Obayashi to acquire Multiplex from Brookfield for $526 mln - Investing.com || Obayashi Corporation Revenue Breakdown – TSE:1802 - TradingView || Obayashi Enters Toll Road Concession Business in Jakarta, Indonesia | News | Obayashi Global - obayashi.co.jp"
2404.TW,2026-09-11,"United Integrated Services Co., Ltd.",Industrials,5,google_news,neutral,True,"Les actualites fournies ne contiennent pas de commentaires ou d'informations significatives sur l'action de United Integrated Services Co., Ltd. (2404.TW) qui pourraient influencer le ton general.","2404 Stock Price and Chart — TWSE:2404 - TradingView || Wasatch Emerging Markets Select Fund Q2 2026 Commentary (undefined:WAESX) - Seeking Alpha || TSMC 2024 Supply Chain Management Forum Presents Awards to Outstanding Suppliers - pr.tsmc.com || Taiwan stocks higher at close of trade; Taiwan Weighted up 0.91% - Investing.com || Test Research, Inc. (3030.TW) Stock Price, News, Quote & History - Yahoo Finance"
9939.TW,2026-09-11,"Taiwan Hon Chuan Enterprise Co., Ltd.",Consumer Cyclical,5,google_news,negative,True,"Aucune actualité positive ou neutre a été trouvée, les seules informations disponibles sont des données historiques et des informations sur d'autres entreprises.","9939 Stock Price and Chart — TWSE:9939 - TradingView || International Packaging Number of Employees 2026 | Employee Count & Headcount Data - Revelio Labs || Technical Analysis of Taiwan Hon Chuan Enterprise Co., Ltd. (TWSE:9939) - TradingView || K Laser Technology Inc. (2461.TW) Stock Price, News, Quote & History - Yahoo Finance || Avantis Responsible Emerging Markets Equity ETF Holdings - Quiver Quantitative"
GL,2026-09-11,Globe Life Inc.,Financial Services,10,google_news|yfinance,positive,True,"Les actualites presentes sont presque toutes positives, avec des annonces de ouverture de nouveaux bureaux, des recommandations de investissement, des performances financieres solides et des declarations de dividendes.",NYSE Texas Office Opening: Globe Life Co-CEOs Cover Lone Star State Importance || 3 Insurance Stocks We Keep Off Our Radar || Want Double-Digit Gains From Insurance Stocks? Morgan Stanley Suggests 2 Names to Consider || 3 Reasons to Avoid GL and 1 Stock to Buy Instead || Globe Life's Health Insurance Growth Powers Earnings Momentum || Globe Life Inc. stock underperforms Tuesday when compared to competitors - MarketWatch || Is Globe Life Inc. (GL) A Good Stock To Buy Now? - Yahoo Finance || Globe Life stock heads into the open after a 0.9 percent dip - AD HOC NEWS || GLOBE LIFE INC. DECLARES DIVIDEND - PR Newswire || Globe Life Inc. stock outperforms competitors despite losses on the day - MarketWatch
ABEV3.SA,2026-09-11,Ambev S.A.,Consumer Defensive,10,google_news|yfinance,positive,True,"Les actualites presentes montrent une croissance revenue et des marges accrues, ainsi qu'une expansion digitale, ce qui suggere un ton general positif pour l'action d'Ambev S.A.","Ambev (ABEV) Q2 2026 Earnings Call Transcript || Ambev SA (ABEV) (Q2 2026) Earnings Call Highlights: Strong Beer Growth and Digital Expansion ... || Ambev Q2 Earnings Call Highlights || CCU vs. ABEV: Which Stock Should Value Investors Buy Now? || PepsiCo Q2 Earnings Beat on Volume Gains & International Strength || Archford Capital Strategies LLC Sells 352,698 Shares of Ambev S.A. $ABEV - MarketBeat || Ambev SA (ABEV) Climbs to 5-Year High on Strong Q1 - Yahoo Finance || ABEV Stock Grinds Higher As Tight Range Draws Trader Focus - StocksToTrade || First Eagle Investment Management LLC Boosts Stock Position in Ambev S.A. $ABEV - MarketBeat || ABEV - Ambev SA ADR Stock Price and Quote - Finviz"
GEO,2026-09-11,"The GEO Group, Inc.",Industrials,10,google_news|yfinance,neutral,True,"Bien que certaines actualités mentionnent des points positifs (comme le lancement de la plateforme Genius et la croissance des ventes), d'autres soulignent des inconvénients (coûts, dette et concurrence), ce qui équilibre le ton général.","Here's Why Investors Should Retain Global Payments Stock for Now || ICFI Stock Rises 22% in 3 Months: Here's What You Should Know || Strong Engagement & Contract Value Strengthen Gartner's Prospects || Geo Group (GEO) Is a Great Choice for 'Trend' Investors, Here's Why || 2 Growth Stocks with All-Star Potential and 1 We Question || The GEO Group Reports First Quarter Results and Increases Full Year 2026 Guidance | The GEO Group, Inc. - The GEO Group || Here's Why Investors Should Retain Global Payments Stock for Now - TradingView || 5 Revealing Analyst Questions From GEO Group’s Q2 Earnings Call - Yahoo Finance || Government Contract Update: $36M payment to THE GEO GROUP, INC - Quiver Quantitative || The GEO Group Reports Third Quarter 2025 Results and Increases Share Repurchase Authorization to $500 Million - The GEO Group"
SNA,2026-09-11,Snap-on Incorporated,Industrials,10,google_news|yfinance,positive,True,"Bien que certaines actualités mentionnent des risques et des préoccupations, le ton général est dominé par des éléments positifs, tels que l'excitation pour les résultats de Q2, la croissance des revenus et la confiance des analystes.","3 Reasons SNA is Risky and 1 Stock to Buy Instead || Are Wall Street Analysts Bullish on Snap-on Stock? || Snap On (SNA) Beat Expectations, Is The Stock Fully Priced? || Spotting Winners: Snap-on (NYSE:SNA) And Professional Tools and Equipment Stocks In Q2 || Can Snap-on's RCI Execution and Innovation Sustain Growth? || Snap-On Incorporated $SNA Shares Sold by Amundi - MarketBeat || HighTower Advisors LLC Trims Stock Holdings in Snap-On Incorporated $SNA - MarketBeat || Is Snap-on Stock a Buy as Strong Margins Meet a Premium Valuation? - Yahoo Finance || Snap-on Incorporated Declares Quarterly Dividend; Announces $500 Million Share Repurchase Authorization - Business Wire || Wellington Management Group LLP Buys 8,286 Shares of Snap-On Incorporated $SNA - MarketBeat"
GOOGL,2026-09-11,Alphabet Inc.,Communication Services,10,google_news|yfinance,positive,True,"Les actualites presentes sont presque toutes positives, avec des articles sur les avantages de l'investissement dans les entreprises de l'industrie des technologies de l'information et de la communication, ainsi que des analyses positives sur les performances financieres de certaines entreprises.","People Inc. CEO on AI-hungry Google: 'They don't share anything with us' || Why hardware will attract buyers to Apple's new lineup over AI features || Remain Bullish on AI Beneficiaries Like Bloom Energy || Jensen Huang explains why Nvidia will grow an astounding 70% next year || Oracle Tops First-Quarter Expectations as Cloud Infrastructure Revenue More Than Doubles || Bank of America Has a Stark Message for Google Stock as AI Rivals Surge - Yahoo Finance || Alphabet’s Dip is a Clear Buying Opportunity - 24/7 Wall St. || Alphabet: $200 Billion In AI CapEx Is Crushing FCF -- But That Doesn't Make The Stock Expensive - Seeking Alpha || Cathie Wood’s ARK sells Alphabet stock, buys Meta and Beam Therapeutics - Investing.com || Google Cloud Boss Makes Bold Claim About AI Chip Business - Investor's Business Daily"
AMN,2026-09-11,"AMN Healthcare Services, Inc.",Healthcare,10,google_news|yfinance,positive,True,"Les actualites presentes montrent un ton positif, avec des articles qui soulignent le potentiel de croissance de l'action, son rendement recent et son integration dans les analyses de valeur.",Here's Why You Should Retain AMN Stock in Your Portfolio for Now || 3 Reasons to Avoid AMN and 1 Stock to Buy Instead || 1 Small-Cap Stock on Our Buy List and 2 We Ignore || Job Market Uncertainty Pushes Commercial Staffing Stocks Up 80% This Year || 3 Stocks Under $50 We Steer Clear Of || A Look at AMN Healthcare Services Inc (AMN) After 3.8% Decline -- GF Value $29.72 vs Price $33.05 - GuruFocus || Here's Why You Should Retain AMN Stock in Your Portfolio for Now - TradingView || 5 Revealing Analyst Questions From AMN Healthcare Services’s Q2 Earnings Call - Yahoo Finance || AMN HEALTHCARE ANNOUNCES SECOND QUARTER 2026 RESULTS - PR Newswire || AMN - AMN Healthcare Services Inc Stock Price and Quote - Finviz
PATH,2026-09-11,"UiPath, Inc.",Technology,10,google_news|yfinance,negative,True,"L'actualité présente plusieurs éléments négatifs, tels que la chute de 25% de la valeur de l'action, la rétraction de 8% après les résultats de Q2, la chute de 24% après les résultats de Q2, ainsi que la réduction de la cible de prix de 70% par Citi, ce qui suggère une révision de la perspective pos","Motive raises $1.3 billion from General Catalyst || Dips In UiPath Stock Have Mostly Kept Falling, Will This One Too? || UiPath (PATH) Q2 2027 Earnings Call Transcript || UiPath Slips 3% Despite Citi Buy Initiation and $23 Target, Pegasystems and C3.ai Lag || Why UiPath (PATH) Stock Is Trading Lower Today || Why UiPath (PATH) Stock Is Trading Lower Today - Yahoo Finance || Citi Just Upgraded UiPath Stock. Here's Why. - Barchart.com || UiPath retreats 8%, extending post-earnings selloff (PATH:NYSE) - Seeking Alpha || UiPath and Pegasystems Sink 7% as Price Target Hikes Arrive Without a Single Buy Rating - Yahoo Finance || UiPath Slides 24% After Q2 Earnings: Is PATH Stock a Buy? - Yahoo Finance"
AMZN,2026-09-11,"Amazon.com, Inc.",Consumer Cyclical,10,google_news|yfinance,positive,True,"L'actualité présente plusieurs éléments positifs, tels que les résultats positifs d'Oracle, la croissance prévue d'Nvidia et l'acquisition de parts par des institutions financières, ce qui suggère une tendance positive pour l'action d'Amazon.","Oracle earnings: Do concentration risks fall on Oracle or the big AI firms? || Popular women's clothing chain closes 177 stores || Remain Bullish on AI Beneficiaries Like Bloom Energy || Jensen Huang explains why Nvidia will grow an astounding 70% next year || NTSB Says Amazon Boeing Pilots Appeared to Consider Aborting Landing Before Deadly Miami Crash || Amazon.com, Inc. (AMZN) is Attracting Investor Attention: Here is What You Should Know - Yahoo Finance || State of Wyoming Acquires Shares of 16,336 Amazon.com, Inc. $AMZN - MarketBeat || Elite Life Management LLC Takes Position in Amazon.com, Inc. $AMZN - MarketBeat || Are Retail-Wholesale Stocks Lagging Amazon.com (AMZN) This Year? - Yahoo Finance || Leeward Financial Partners LLC Makes New Investment in Amazon.com, Inc. $AMZN - MarketBeat"
ASM.AS,2026-09-11,ASM International NV,Technology,10,google_news|yfinance,positive,True,"Les actualites presentes montrent une tendance generale positive pour l'action ASM International NV, avec des gains de parts, des plans de share buyback et des commentaires positifs sur son rendement par rapport aux peers.","European Chip Stocks Rise, Buoyed By Asian Peers || Is Analog Devices (ADI) Outperforming Other Computer and Technology Stocks This Year? || Chip Stocks Driven Higher by Nvidia Results and Guidance || European Chip Stocks Rise After Nvidia Results, Guidance || European Chip Stocks Mixed Ahead of Nvidia Earnings || ASM share buyback update August 31 – September 4, 2026 - Yahoo Finance || A chipmaking equipment maker has used 84.9% of its €150 million share-buyback plan. - Stock Titan || ASM stock trades steadily on Euronext as investors await fresh catalysts - AD HOC NEWS || Why is ASM International stock rallying today? - Investing.com || Is ASM International (ASMIY) Stock Outpacing Its Computer and Technology Peers This Year? - Yahoo Finance"
URBN,2026-09-11,"Urban Outfitters, Inc.",Consumer Cyclical,10,google_news|yfinance,positive,True,"Les actualites presentes sont presque toutes positives, avec des croissances de chiffre d'affaires et de bénéfices, ainsi que des analyses positives sur la valeur de l'action.","Reformation Reports Double-Digit Income & Revenue Growth || American Eagle Outfitters Sinks 13% as $161M Tariff Refund Flatters Beat; Urban Outfitters Drops 3%, Abercrombie & Fitch Slips || Are Investors Undervaluing Urban Outfitters (URBN) Right Now? || URBN's Nuuly Growth Momentum Accelerates on Rising Subscriber Demand || Does Strong Q2 Results And Nuuly Logistics Spend Change The Bull Case For Urban Outfitters (URBN)? || Are Investors Undervaluing Urban Outfitters (URBN) Right Now? - Yahoo Finance || Urban Outfitters (NASDAQ:URBN): A Decent Value Play with a Debt-Free Edge - ChartMill || Here's Why Urban Outfitters (URBN) is a Strong Value Stock - Eastern Progress || Melanie Marein-Efron Sells 5,700 Shares of Urban Outfitters (NASDAQ:URBN) Stock - MarketBeat || BMO Capital initiates Urban Outfitters stock coverage at Market Perform - Investing.com"
JAZZ,2026-09-11,Jazz Pharmaceuticals plc,Healthcare,10,google_news|yfinance,positive,True,"L'action de Jazz Pharmaceuticals plc (JAZZ) est mentionnée dans plusieurs articles positifs, tels que des analyses de stock et des prévisions de croissance, ce qui suggère un ton général positif.","1 Value Stock with Exciting Potential and 2 We Brush Off || Quoin in line for priority review voucher if rare paediatric drug approved || Jazz (JAZZ) Says Ziihera Beat Trastuzumab on Overall Survival. Can it Replace the First-Line HER2 Backbone? || Why Is Jazz (JAZZ) Down 6.9% Since Last Earnings Report? || Stocks making big moves yesterday: Jazz Pharmaceuticals, SAIC, Herbalife, AGCO, and Deere || Jazz Pharmaceuticals (NASDAQ: JAZZ) exec to sell restricted stock - Stock Titan || symbol__ Stock Quote Price and Forecast - CNN || Jazz Pharmaceuticals (JAZZ) Stock Looks Reasonable On Value While Returns Look Stretched - simplywall.st || Jazz Pharmaceuticals plc (JAZZ) Stock Analysis: Strong Buy Ratings and a 17.28% Upside Potential - DirectorsTalk Interviews || Jazz Pharmaceuticals Stock Price Forecast. Should You Buy JAZZ? - StockInvest.us"
AMG,2026-09-11,"Affiliated Managers Group, Inc.",Financial Services,10,google_news|yfinance,positive,True,"L'actualité présente plusieurs articles positifs sur Affiliated Managers Group, Inc. (AMG), tels que la repurchase de 375 millions de dollars de stock, des performances solides par rapport à ses concurrents et des analyses favorables de la part de Zacks et de MarketBeat.","2 Momentum  Stocks with Competitive Advantages and 1 We Ignore || Affiliated Managers Group Repurchased About $375 Million of Stock in 6 Months || Is Affiliated Managers Group (AMG) Stock Outpacing Its Finance Peers This Year? || Should Value Investors Buy Affiliated Managers Group (AMG) Stock? || AMG vs. BLK: Which Stock Is the Better Value Option? || Engineers Gate Manager LP Purchases 32,023 Shares of Affiliated Managers Group, Inc. $AMG - MarketBeat || Is Affiliated Managers Group (AMG) Stock Outpacing Its Finance Peers This Year? - Yahoo Finance || Should Value Investors Buy Affiliated Managers Group (AMG) Stock? - Yahoo Finance || 3,397 Shares in Affiliated Managers Group, Inc. $AMG Acquired by Redwood Investment Management LLC - MarketBeat || What Makes Affiliated Managers Group (AMG) a Strong Momentum Stock: Buy Now? - Yahoo Finance"
1878.T,2026-09-11,"Daito Trust Construction Co.,Ltd.",Real Estate,6,google_news|yfinance,positive,True,"Les actualites presentes montrent une expansion de l'entreprise, des nouveaux projets et des collaborations, ce qui suggere une tendance positive pour l'action.","Daito Trust Construction (TSE:1878): Assessing Valuation as Shares Show Subtle Uptrend || Daito Trust Construction concludes agreement on transfer of shares in the Coastline Group (Los Angeles, California, USA) - kentaku.co.jp || Daito Trust Construction launches purchase, renovation, and resale business in Texas to expand its business in North America - kentaku.co.jp || Daito Trust Construction Co.,Ltd. 2027 Q1 - Results - Earnings Call Presentation (OTCMKTS:DIFTY) 2026-08-01 - Seeking Alpha || Daito Trust Construction to launch the Takaoka Ejiri Center Project (tentative name) as its first community development project - kentaku.co.jp || Daito Trust Construction jointly develops program to help foreign engineers obtain national qualifications - kentaku.co.jp"
AMAT,2026-09-11,"Applied Materials, Inc.",Technology,10,google_news|yfinance,positive,True,"Les actualites presentes montrent un ton general positif, avec des annonces de croissance et de renforcement de l'ordre de commande, ainsi que des commentaires positifs de l'CEO, ce qui suggere que l'action AMAT est en phase de croissance et de renforcement.","Is Applied Materials Stock Amplifying A Risk You Already Own? || Applied Materials CEO Says the AI Boom Is Nowhere Near Over. His Order Book Is the Proof || Should Investors Buy ASML as AI Growth Meets a Premium Valuation? || Lam Research Returns $5B+ to Shareholders in FY26: Can It Reward More? || Applied Materials Eyes Nearly 40% Growth as AI Fuels Chip Equipment Demand || Applied Materials Inc. stock underperforms Thursday when compared to competitors - MarketWatch || Applied Materials (AMAT) director sells 1,000 shares - Stock Titan || Applied Materials Inc Stock (AMAT) Closed Down by 3.17% on Sep 10: Drivers Behind the Movement - TradingKey || A Look at Applied Materials Inc (AMAT) After 3.2% Decline -- GF Value $245.29 vs Price $454.01 - GuruFocus || Capex Rebound Powers Applied Materials’ (AMAT) Performance - Yahoo Finance"
DCI,2026-09-11,"Donaldson Company, Inc.",Industrials,10,google_news|yfinance,positive,True,"Les actualites recentes sur Donaldson Company, Inc. (DCI) presentent des resultats financiers positifs, des croissances de ventes et de marge, ainsi que des positions de investisseurs, ce qui suggere un ton general positif pour l'action.","1 Mid-Cap Stock on Our Watchlist and 2 We Avoid || 1 Mid-Cap Stock for Long-Term Investors and 2 We Brush Off || Donaldson’s (DCI) Billion-Dollar Quarter Hides A Costlier Bet Ahead || Donaldson (DCI) Stock Looks Reasonable On Earnings But Rich On Cash Flow || DCI Q2 Deep Dive: Acquisition Momentum, Segment Growth, and Margin Expansion Shape Outlook || Hsbc Holdings PLC Has $6.31 Million Stock Position in Donaldson Company, Inc. $DCI - MarketBeat || Is Now The Time To Look At Buying Donaldson Company, Inc. (NYSE:DCI)? - Moomoo || Donaldson (DCI) Tops Q4 Earnings and Revenue Estimates - Eastern Progress || HighTower Advisors LLC Sells 151,767 Shares of Donaldson Company, Inc. $DCI - MarketBeat || Donaldson (DCI) Stock Slips After Record Margins Set A Higher Bar - Sahm"
7269.T,2026-09-11,Suzuki Motor Corporation,Consumer Cyclical,10,google_news|yfinance,positive,True,"L'actualité présente plusieurs éléments positifs, tels que la croissance des ventes de Pricol Ltd, la présence de Toyota dans le domaine des véhicules autonomes, la croissance de FIEM Industries Ltd et la stratégie de Suzuki pour augmenter sa production en Inde, ce qui suggère un ton général positif","Pricol Ltd (BOM:540293) (Q1 2027) Earnings Call Highlights: Revenue Surges 23% as Demerger ... || BYD Bets Small EV Can Crack Japan || Toyota backs Tier IV in level 4 autonomous vehicle push || FIEM Industries Ltd (BOM:532768) Q4 2026 Earnings Call Highlights: Record Growth and Strategic ... || Suzuki opens second plant in Kharkhoda, India || With 60% institutional ownership, Suzuki Motor Corporation (TSE:7269) is a favorite amongst the big guns - simplywall.st || Suzuki Motor Corporation FY2025 Results: Revenue Up 8.0%, Profit Attributable to Owners Rises 5.6% - scanx.trade || Suzuki stock slips as Maruti Suzuki extends decline despite new Eeco milestone - AD HOC NEWS || Suzuki Motor Corp plans to take full control of Pak Suzuki, delist its shares - Reuters || Suzuki Motorcycle India targets over 50% global sales share, plans new Haryana plant - CNBC TV18"
2379.TW,2026-09-11,Realtek Semiconductor Corp.,Technology,9,google_news|yfinance,,True,"Les actualites presentent des informations contradictoires, notamment sur les tendances de la demande pour Realtek Semiconductor Corp et les risques potentiels liés à la domination de la Chine sur Taiwan, mais aussi des informations positives sur les performances financieres et la lancement de nouve","GMI Cloud Seeks $635 Million GPU-Backed AI Infrastructure Loan || RealTek sees mixed demand trends as second-half visibility remains limited (RLTQY) || Nikki Haley Says If China Controls Taiwan, The Communist Party Gains Leverage Over World's Critical Supply Chain: 'Threat To Global Freedom' || DIP (TSE:2379) Margin Decline Reinforces Concerns Over Profitability and Dividend Stability || Realtek Semiconductor Number of Employees 2026 | Employee Count & Headcount Data - Revelio Labs || Realtek Semiconductor Corp Revenue Breakdown – TWSE:2379 - TradingView || Realtek Launched Worldwide First USB-IF Fully Certified (TID: 11930) Multi-Port USB4 Hub Controller (RTS5490), Integrating USB Type‑C/PD Functionality - PR Newswire || Realtek Semiconductor Corp Dividends – TWSE:2379 - TradingView || Realtek net profit hits record high on strong demand - Taipei Times"
2432.T,2026-09-11,"DeNA Co., Ltd.",Industrials,9,google_news|yfinance,positive,True,"L'actualité présente des informations positives sur DeNA Co., Ltd., telles que des gains de valeur, une augmentation de la rentabilité et une autorisation de share buyback par Nintendo, ce qui suggère un ton général positif pour l'action.","Is DeNA (TSE:2432) Cheap As Q1 Net Income Jumps Despite Lower Sales? || Nintendo announces $1.9 billion share sale by Kyoto bank and others || DeNA (TSE:2432): Assessing Valuation After Recent Steady Gains || Profit Taking Eases Asian Stock Markets From Recent Highs || DeNA Number of Employees 2026 | Employee Count & Headcount Data - Revelio Labs || EXCLUSIVE: Nintendo announces $1.9 billion share sale by Kyoto bank and others - Reuters || DeNA Co. Ltd (OTC: DNACF) Stock Price, News & Analysis - Kalkine || Nintendo (NTDOY) authorizes share buyback to offset secondary offering, sales by DeNA and banks - shacknews.com || Here’s the latest information about Pokémon Trading Card Game Pocket, a Pokémon Trading Card Game app for mobile devices! - dena.com"
BPOP,2026-09-11,"Popular, Inc.",Financial Services,10,google_news|yfinance,positive,True,"Les actualites recentes sur Popular, Inc. (BPOP) suggererent un ton general positif, avec des annonces de dividendes, des performances de croissance et des commentaires positifs de la part de certains analystes et investisseurs.","Popular Inc's Dividend Analysis || Popular (BPOP), Why Is It Back In The Spotlight? || Spotting Winners: Popular (NASDAQ:BPOP) And Regional Banks Stocks In Q2 || 3 Market-Beating Stocks with Competitive Advantages || 2 Reasons to Like BPOP (and 1 Not So Much) || Popular Inc's Dividend Analysis - ca.finance.yahoo.com || Press Release: Popular, Inc. Declares Dividend on Preferred Stock and Announces Distribution on Trust Preferred Securities - Moomoo || Popular (BPOP) risk chief reports 4,004-share stake - Stock Titan || Popular Inc. (NASDAQ:BPOP) Shows High Growth Momentum and Breakout Setup - ChartMill || Popular (NASDAQ: BPOP) sets $0.90 dividend, Oct. 1 payout - Stock Titan"
THG,2026-09-11,"The Hanover Insurance Group, Inc.",Financial Services,9,google_news|yfinance,neutral,True,"Les actualites presentes sont des analyses et des conseils d'investissement, sans une tonalite clairement positive ou negative, mais avec une presence de conseils positifs sur l'action de THG.","Are You Looking for a Top Momentum Pick? Why Hanover Insurance Group (THG) is a Great Choice || Should Value Investors Buy The Hanover Insurance Group (THG) Stock? || The Case for Holding MetLife Stock: What Investors Need to Know || Aon's $17 Billion USI Deal: A Costly Bet on Middle-Market Growth || Here's Why Investors Should Retain the Hartford Stock for Now || Should Value Investors Buy The Hanover Insurance Group (THG) Stock? - Yahoo Finance || Best Value Stocks to Buy for June 9th - Eastern Progress || Public Employees Retirement System of Ohio Makes New $2.43 Million Investment in The Hanover Insurance Group, Inc. $THG - MarketBeat || The Hanover Insurance Group, Inc. Announces New Share Repurchase Authorization - PR Newswire"
TILE,2026-09-11,"Interface, Inc.",Consumer Cyclical,10,google_news|yfinance,positive,True,"Les actualites presentes sur Interface, Inc. (TILE) suggererent une croissance et une expansion du groupe, ainsi que des investissements de nouveaux actionnaires, ce qui indique un ton general positif.","1 Stock Under $50 to Keep an Eye On and 2 We Ignore || 2 Profitable Stocks for Long-Term Investors and 1 Facing Challenges || Caesarstone’s Premium Multi-Material & Differentiated Model Proposition – Initiation Report || 2 Reasons to Watch TILE and 1 to Stay Cautious || Interface Eyes Growth as One Interface Strategy Targets Commercial Flooring Share || Insider at Interface (TILE) sells 28,451 shares under trading plan - Stock Titan || Enterprise value to revenue forward of Interface, Inc. – NASDAQ:TILE - TradingView || TILE - Interface Inc Stock Price and Quote - Finviz || Man Group plc Purchases New Shares in Interface, Inc. $TILE - MarketBeat || What Makes Interface (TILE) a Good Investment? - Yahoo Finance"
LCII,2026-09-11,LCI Industries,Consumer Cyclical,10,google_news|yfinance,neutral,True,"Bien que LCI Industries ait rapporté une augmentation des bénéfices et une expansion des marges, l'actualité souligne également la softness du marché et la nécessité de cost-cutting, ce qui maintient un ton neutre.","Lippert named Fun Town RV CEO || LCI Industries (LCII) Q2 2026 Earnings Call Transcript || LCI Industries Q2 Earnings Call Highlights || LCI Industries Inc (LCII) (Q2 2026) Earnings Call Highlights: Margin Expansion and Strategic ... || Patrick Industries (PATK) Stock Looks Reasonable On Cash Flow While Earnings Look Rich || US antitrust review restarts for LCI Industries (NYSE: LCII) merger plan - Stock Titan || LCI Industries (NYSE:LCII) Receives Average Rating of ""Hold"" from Analysts - MarketBeat || LCI Industries (LCII) Agrees To All Stock Merger With Patrick Industries - Yahoo Finance || Patrick merger enters new antitrust review phase for LCI Industries (NYSE: LCII) - Stock Titan || Is LCI Industries (LCII) Undervalued As RV Travel Demand Supports Its Growth Story? - simplywall.st"
UCG.MI,2026-09-11,UniCredit S.p.A.,Financial Services,10,google_news|yfinance,positive,True,"L'actualité présente plusieurs éléments positifs, tels que la performance de l'action de 49% en un an, la confiance de Cole Smead dans les actions de banque et d'énergie, ainsi que les annonces de financement et de takeover qui pourraient renforcer la position de UniCredit.","This International Manager Is Betting Big on Banks and Energy, but Not Tech || Greenvolt secures $254m UniCredit funding for Polish BESS projects || Greenvolt secures financing package from Unicredit for BESS projects in Poland || Commerzbank (XTRA:CBK) Stock Looks Fairly Valued Despite Fresh ECB Bid News || Italy’s Monte dei Paschi Makes $40 Billion Move to Buy Rival Banks || UniCredit stock rebounds after prior 1.9 percent drop amid technical push above 83 euros - AD HOC NEWS || ETFs Investing in UniCredit S.p.A. Unsponsored ADR Stocks - TradingView || UniCredit (UNCRY) Upgraded to Buy: What Does It Mean for the Stock? - Yahoo Finance || UniCredit: We Raise Our Fair Value Estimate by 39%; Shares Modestly Undervalued - Morningstar || UniCredit Nears Commerzbank Control as Stake Set to Top 47% - bloomberg.com"
TGTX,2026-09-11,"TG Therapeutics, Inc.",Healthcare,10,google_news|yfinance,positive,True,"L'action de TG Therapeutics a connu une augmentation de ses parts de 15,1% depuis son dernier rapport de résultats, et est considérée comme une 'action de valeur' par certains analystes, avec une forte potentialité d'augmentation de 24,52%.","Kymera Therapeutics (KYMR) Up 10.2% Since Last Earnings Report: Can It Continue? || IBD Stock Of The Day, TG Therapeutics, Eyes Breakout After Topping Early Buy Point || TG Therapeutics (TGTX) Up 15.1% Since Last Earnings Report: Can It Continue? || TGTX Stock Pares Opening Losses After Analyst Dismisses Competition From Novartis || TGTX Stock Outperforms 95% of Stocks. Here's Why. || TG Therapeutics (NASDAQ: TGTX) director plans $274,794.08 stock sale - Stock Titan || TG Therapeutics (TGTX) to Report Q2 Results: Wall Street Expects Earnings Growth - Eastern Progress || TG Therapeutics, Inc. (TGTX) Stock Analysis: Unveiling a 24.52% Upside Potential in the Biotech Sector - DirectorsTalk Interviews || TG Therapeutics Reports Second Quarter 2026 Financial Results and Raises BRIUMVI® Revenue Guidance - TG Therapeutics || TGTX Stock Alert: What to Know as Takeover Rumors Swirl Around TG Therapeutics - Yahoo Finance"
B3SA3.SA,2026-09-11,"B3 S.A. - Brasil, Bolsa, Balcão",Financial Services,7,google_news|yfinance,positive,True,"Les actualites presentes sont presque toutes positives, avec des croissances de revenue, des nouveaux produits et une performance solide, mais il y a aussi une mention d'un downgrade de rating et d'une antitrust warning, ce qui pourrait avoir un impact sur l'action.","B3 SA - Brasil Bolsa Balcao (BOLSY) Q4 2025 Earnings Call Highlights: Strong Revenue Growth and ... || B3 SA - Brasil Bolsa Balcao (BOLSY) Q3 2025 Earnings Call Highlights: Resilient Growth Amid ... || ETFs Investing in B3 SA - Brasil, Bolsa, Balcao Unsponsored ADR Stocks - TradingView || Banrisul to Pay R$ 90 Million in Interest on Own Capital for Q3 2026 - The Globe and Mail || B3 S.A. Got An Antitrust Warning Because Of The Strength Of Its Moat (Rating Downgrade) - Seeking Alpha || Homerun Resources Inc. Announces Sponsored BDR Listing on B3 Stock Exchange - Investing News Network || B3 S.A. - Brasil, Bolsa, Balcão 2026 Q1 - Results - Earnings Call Presentation (OTCMKTS:BOLSY) 2026-05-08 - Seeking Alpha"
1893.T,2026-09-11,"Penta-Ocean Construction Co., Ltd.",Industrials,8,google_news|yfinance,neutral,True,"L'actualité présente une équilibre entre des informations positives (contrats de construction, introduction de J-ESOP) et des informations négatives (investigation sur les pratiques financières de Mizuho, changement de fournisseur de services de banque)",DEME secures offshore wind turbine installation contract in Japan || Mizuho Dropped From Bond Deals as SESC Probe Unfolds || Reviewing Penta-Ocean Construction (TSE:1893) Valuation as Investor Interest Builds Without Major Headlines || Penta-Ocean Construction Number of Employees 2026 | Employee Count & Headcount Data - Revelio Labs || How Penta-Ocean’s Planned J-ESOP Introduction At Penta-Ocean Construction (TSE:1893) Has Changed Its Investment Story - simplywall.st || 1803 Stock Price and Chart — TSE:1803 - TradingView || Penta-Ocean's New Offshore Wind Turbine Installation Vessel Set for Japan Debut - Offshore Engineer Magazine || China Railway Constr Number of Employees 2026 | Employee Count & Headcount Data - Revelio Labs
OFG,2026-09-11,OFG Bancorp,Financial Services,10,google_news|yfinance,positive,True,"Les actualites presentes sur OFG Bancorp (OFG) sont majoritairement positives, avec des articles qui mettent en avant son rendement en dividendes, son classement dans les petites capitalisations et son classement dans les stocks à forte croissance.","1 Small-Cap Stock on Our Buy List and 2 That Underwhelm || OFG Bancorp (OFG) is a Top Dividend Stock Right Now: Should You Buy? || Q2 Regional Banks Earnings Review: First Prize Goes to OFG Bancorp (NYSE:OFG) || New Strong Buy Stocks for August 25th || Best Income Stocks to Buy for August 25th || Squarepoint Ops LLC Acquires 26,278 Shares of OFG Bancorp $OFG - MarketBeat || OFG Bancorp (OFG) is a Top Dividend Stock Right Now: Should You Buy? - Yahoo Finance || Q2 Earnings Highlights: Republic Bancorp (NASDAQ:RBCAA) Vs The Rest Of The Regional Banks Stocks - StockStory || Is OFG Bancorp (OFG) Undervalued As Dividend Growth Draws Fresh Attention? - simplywall.st || Q2 Regional Banks Earnings Review: First Prize Goes to OFG Bancorp (NYSE:OFG) - The Globe and Mail"
2006.TW,2026-09-11,Tung Ho Steel Enterprise Corporation,Basic Materials,5,google_news,neutral,True,L'actualité présente une équilibre entre des informations positives (financement et stabilisation des prix) et des informations neutres ou négatives (article sur l'urban mining et un article scientifique sur l'utilisation du slag de fer),Steelmaker Tung Ho Vietnam secures $25 mln finance from Standard Chartered - Theinvestor || Tung Ho Steel keeps H-beam prices stable - SteelRadar || Why Taiwan Is Becoming a Leader in Urban Mining - Time Magazine || Mineralization and Utilization using Steel Slag for Establishing a Waste-to-Resource Supply Chain - Nature || Enercon wins 33MW Taiwan contract - Wind Power Monthly
9942.TW,2026-09-11,NAK Sealing Technologies Corporation,Consumer Cyclical,5,google_news,positive,True,"L'actualité mentionne une analyse de marché pour l'industrie des seals d'huile et de gaz, ce qui suggère une tendance positive pour l'action.","Oil and Gas Seals Market Share, Growth, Analysis 2031 - Allied Market Research || 3498 Stock Price and Chart — TPEX:3498 - TradingView || 4542 Stock Price and Chart — TPEX:4542 - TradingView || 4537 Stock Price and Chart — TPEX:4537 - TradingView || 4532 Stock Price and Chart — TWSE:4532 - TradingView"
LAUR,2026-09-11,"Laureate Education, Inc.",Consumer Defensive,10,google_news|yfinance,neutral,True,"Les actualites presentes sont mixtes, avec des articles qui mentionnent des risques et des opportunites pour l'action, mais sans prendre une position clairement positive ou négative.","3 Small-Cap Stocks We Find Risky || Laureate Education (LAUR) Looks Fairly Valued, Is There Enough Upside Left? || 3 Hyped Up  Stocks We Think Twice About || TAL vs. LAUR: Which Stock Is the Better Value Option? || 3 Russell 2000 Stocks We Steer Clear Of || Here’s How Much You Would Have Made Owning Laureate Education Stock In The Last 5 Years - Benzinga || Snow Phipps plans $925K Laureate stock sale | LAUR SEC Filing - Form 144 - Stock Titan || Is the Options Market Predicting a Spike in Laureate Education Stock? - Yahoo Finance || Laureate Education (NASDAQ:LAUR) Director Sells $101,143.94 in Stock - MarketBeat || LAUR - Laureate Education Inc Stock Price and Quote - Finviz"
DINO,2026-09-11,HF Sinclair Corporation,Energy,10,google_news|yfinance,positive,True,"Les actualites presentes sont presque toutes positives, avec des articles sur les benefices des actions de HF Sinclair en raison des prix eleves des hydrocarbures et des investissements dans les refineries, ainsi que des plans de spin-off et de reprise de capital.","5 Low-Leverage Stocks to Buy Amid Rising Oil Prices & Inflation Woes || How High-Return Refinery Investment Strengthens MPC's Long-Term Margins || High Gas Prices Aren't Budging—Here Are 3 Stocks That Benefit || 38% Overvalued? HF Sinclair (DINO) Faces Valuation Questions Following Buyback And Shelf Filing || HF Sinclair (DINO) Files Shelf Registration And Sets $1,500 Million Share Buyback || HF Sinclair: The Share Price Can No Longer Be Justified With Mid-Cycle Earnings (Downgrade) - Seeking Alpha || HF Sinclair Corporation (DINO) Hit a 52 Week High, Can the Run Continue? - Yahoo Finance || HF Sinclair Stock Climbs 18% On A 8-Day Winning Streak - Trefis || HF Sinclair Plans Lubricants Spin-Off: Is it a Value-Unlocking Move? - TradingView || HF Sinclair Corporation (DINO) Hits Fresh High: Is There Still Room to Run? - Yahoo Finance"
4503.T,2026-09-11,Astellas Pharma Inc.,Healthcare,10,google_news|yfinance,positive,True,"L'action d'Astellas Pharma Inc. semble être positive suite aux annonces de Trump sur les prix des médicaments, ce qui pourrait avoir un impact positif sur la valeur de l'action.","Trump Expands Drug Pricing Deals With 9 Pharma Companies, Bringing Total to 26 — RFK Jr. Details 'Very, Very Emotional' Conversations With President || Trump's MFN Push Goes Beyond Big Pharma, Adds 9 Mid-Sized Drugmakers || Mid-cap biotechs join Trump’s latest round of drug pricing deals || Trump lines up MFN deals with nine mid-size pharmas on drug pricing push || Trump's Pharma Pricing Deal Expands as Healthcare Stocks Keep Climbing || Why is Astellas Pharma stock climbing today? - Investing.com || Enterprise value to revenue forward of Astellas Pharma Inc. – TSE:4503 - TradingView || Is Astellas Pharma (ALPMY) Stock Undervalued Right Now? - Yahoo Finance || Astellas Pharma Number of Employees 2026 | Employee Count & Headcount Data - Revelio Labs || Astellas Pharma Inc. 2027 Q1 - Results - Earnings Call Presentation (OTCMKTS:ALPMY) 2026-08-05 - Seeking Alpha"
1590.TW,2026-09-11,Airtac International Group,Industrials,6,google_news|yfinance,positive,True,"Les actualites presentes sont presque toutes positives, avec des croissances de revenue et de profit, des augmentations de revenue et des ambitions de croissance, ce qui suggere un ton general positif pour l'action Airtac International Group.","Airtac International Group (TPE:1590) Q2 2026 Earnings Call Highlights: Robust Growth and ... || AirTAC Earnings: Strong Growth Continues, but Shares Remain Expensive - Morningstar || Wasatch International Growth's Top Q2 2026 Move: Exiting Inter & Co Inc at a -2. ... - Yahoo Finance || Airtac International's Revenue Surges 43% in August - marketscreener.com || Earnings call transcript: AirTAC lifts 2026 outlook after strong Q2 growth - Investing.com || 1590 Stock Price and Chart — TWSE:1590 - TradingView"
2303.TW,2026-09-11,United Microelectronics Corporation,Technology,10,google_news|yfinance,positive,True,"Les actualites presentes sont presque toutes positives, avec des mentions de croissance, de jumps de revenue et de valorisation, ce qui suggere un ton general positif pour l'action.","United Microelectronics Sales Jump 30% in August. UMC Stock Has More Room to Run. || ASE Technology Surges 16% in 3 Months: Time to Hold or Fold the Stock? || Taiwan Semiconductor Retains 73% Foundry Share: Is the Stock a Buy? || If You Have Some ‘Silly’ Money, United Microelectronics (UMC) Stock Is Worth a Look || The Firm That Filed a Bet Against Taiwan Semiconductor Then Launched a Foundry Fund Five Days Later || Should I Buy UMC (United Microelectronics Corporation) | AI Analysis, Technical & News Insights - kavout.com || United Microelectronics Corporation (UMC) is a Great Momentum Stock: Should You Buy? - Yahoo Finance || ASE Technology Surges 16% in 3 Months: Time to Hold or Fold the Stock? - TradingView || UMC Stock Draws Trader Focus After Earnings Beat And AI Capex Push - StocksToTrade || UMC or LSCC: Which Is the Better Value Stock Right Now? - Eastern Progress"
YETI,2026-09-11,"YETI Holdings, Inc.",Consumer Cyclical,10,google_news|yfinance,neutral,True,"Bien que certains analystes ont exprimé une confiance en l'action, d'autres ont signalé une correction après les résultats du deuxième trimestre, tandis que le CEO a vendu des actions, ce qui a attiré l'attention des investisseurs.","Why Yeti Stock Swooned in August || Is YETI Holdings (YETI) Cheap On Its Pullback Despite The CEO Vesting Share Sale? || 1 of Wall Street’s Favorite Stocks to Keep an Eye On and 2 We Turn Down || CEO Sells Over 4,000 Shares of Consumer Stock, Valued at Over $185,000 || YETI (YETI) Remains a Strong Player Despite Market Setbacks || Yeti stock holds at Neutral as UBS keeps $51 target ahead of meeting - Investing.com || YETI Holdings, Inc. (NYSE:YETI) Receives Consensus Rating of ""Moderate Buy"" from Analysts - MarketBeat || YETI Holdings, Inc. Q2 2026 Earnings Call Summary - Yahoo Finance || YETI Rose 8% This Week. Here’s How Much the Stock Could Rise in 2026 - TIKR.com || YETI Holdings Inc. (YETI) Key Financial Ratios – Valuation, Profitability & More - valueresearchonline.com"
2503.T,2026-09-11,"Kirin Holdings Company, Limited",Consumer Defensive,10,google_news|yfinance,positive,True,"Les actualites presentes sont presque toutes positives, avec des mentions de croissance, de diversification, de renforcement de la position de Kirin Holdings sur le marché et de son engagement en faveur de la transformation digitale.","Why spirits slowdown could prompt majors to diversify || Assessing Kirin Holdings (TSE:2503) Valuation After Recent Share Price Momentum || Kirin launches RTD brand Hyoketsu in US || Is It Time To Reassess Kirin Holdings Company (TSE:2503) After Its Strong 1‑Year Share Price Run? || 3 Reasons Growth Investors Will Love Kirin (KNBWY) || Kirin Holdings Selected as a ""DX Stock 2026"" for Commitment to Digital Transformation - Kirin Holdings Company, Limited || Kirin Holdings Company, Limited 2026 Q2 - Results - Earnings Call Presentation (OTCMKTS:KNBWY) 2026-08-09 - Seeking Alpha || The Strong Earnings Posted By Kirin Holdings Company (TSE:2503) Are A Good Indication Of The Strength Of The Business - simplywall.st || Jamieson Wellness Enters into Definitive Agreement to be Acquired by Kirin in C$2.5 Billion Transaction - PR Newswire Canada || Kirin Holdings Co (KNBWY) Live Share Price, Invest From India - INDmoney"
4507.T,2026-09-11,"Shionogi & Co., Ltd.",Healthcare,10,google_news|yfinance,positive,True,"Les actualites recentes sur Shionogi & Co., Ltd. (SGIOY) montrent un ton general positif, avec des results de trimestre qui ont surpasse les attentes, une approbation FDA pour un nouveau medicament et une selection comme 'DX Stock 2026'.","Shionogi & Co., Ltd. Unsponsored ADR (SGIOY) Beats Q1 Earnings Estimates || United Therapeutics (UTHR) Earnings Expected to Grow: What to Know Ahead of Q2 Release || Shionogi & Co., Ltd. Unsponsored ADR (SGIOY) to Report Q1 Results: Wall Street Expects Earnings Growth || Shionogi (TSE:4507) Valuation Check As XOCOVA Wins First US FDA Approval For COVID 19 Post Exposure Prophylaxis || Akebia Therapeutics (AKBA) Reports Q1 Loss, Misses Revenue Estimates || Shionogi Selected as a “DX Stock 2026”｜ 塩野義製薬 - Shionogi Inc. || Shionogi & Co., Ltd. Unsponsored ADR (SGIOY) Beats Q1 Earnings Estimates - Yahoo Finance || Shionogi & Co., Ltd. Revenue Breakdown – TSE:4507 - TradingView || Shionogi & Co., Ltd. 2027 Q1 - Results - Earnings Call Presentation (OTCMKTS:SGIOY) 2026-08-06 - Seeking Alpha || Board of Directors and Executive Officers - jpx.co.jp"
2548.TW,2026-09-11,"Huaku Development Co., Ltd.",Real Estate,5,google_news,neutral,True,"Les actualites presentes sont des annonces de resultats financiers et de changements de strategie, sans mention de resultats negatifs ou de problemes majeurs.","2548 Stock Price and Chart — TWSE:2548 - TradingView || Taiwan stocks higher at close of trade; Taiwan Weighted up 0.48% - Investing.com || Test Research, Inc. (3030.TW) Stock Price, News, Quote & History - Yahoo Finance || [Huaku Development FY2026 Q3 Earnings Call] Commercial Office Pivot: Huaku Times Place Abandons Whole-Building Sale for Stratified Sales, Aims to Recognize Half of Revenue This Year; NT$5 Dividend Floor Reaffirmed - finance.biggo.com || Technical Analysis of Huaku Development Co., Ltd. (TWSE:2548) - TradingView"
3044.TW,2026-09-11,Tripod Technology Corporation,Technology,5,google_news,negative,True,Aucune information positive ou neutre n'est disponible dans les actualités fournies.,3044 Stock Price and Chart — TWSE:3044 - TradingView || Technical Analysis of Tripod Technology Corporation (TWSE:3044) - TradingView || 6274 Stock Price and Chart — TPEX:6274 - TradingView || 3037 Stock Price and Chart — TWSE:3037 - TradingView || 3008 Stock Price and Chart — TWSE:3008 - TradingView
YUMC,2026-09-11,"Yum China Holdings, Inc.",Consumer Cyclical,10,google_news|yfinance,positive,True,"Les actualites presentes sont presque toutes positives, avec des articles qui soulignent les qualities de croissance de Yum China, son potentiel de valeur et son bon rendement dans le secteur des restaurants.","Is Yum China (YUMC) a Solid Growth Stock? 3 Reasons to Think ""Yes"" || 1 Restaurant Stock to Consider Right Now and 2 That Underwhelm || YUMC or CMG: Which Is the Better Value Stock Right Now? || Are Investors Undervaluing Yum China (YUMC) Right Now? || Q2 Earnings Outperformers: Yum China (NYSE:YUMC) And The Rest Of The Traditional Fast Food Stocks || Is Yum China Holdings, Inc. (YUMC) A Good Stock To Buy Now? - Yahoo Finance || Yum China (NYSE: YUMC) exec turns RSUs into shares, uses 594 to cover taxes - Stock Titan || Is Yum China Holdings Inc (YUMC) a Bargain After 4.8% Drop? GF V - GuruFocus || Yum China Holdings Chief Supply Chain Officer Duoduo Huang Sells 72% Of Holding - webull.com || Yum China stock hits 52-week low at 41.68 USD - Investing.com"
BVS,2026-09-11,Bioventus Inc.,Healthcare,10,google_news|yfinance,positive,True,"Les actualites recentes sur Bioventus Inc. (BVS) suggèrent une tendance positive, avec des performances solides en termes de ventes et de bénéfices, ainsi que des recommandations de investissement et des analyses positives.",Are Medical Stocks Lagging  Bioventus (BVS) This Year? || 4 Healthcare Stocks to Safeguard Your Portfolio as Fed Plans Rate Hike || Bioventus (BVS) Q2 2026 Earnings Call Transcript || Bioventus (BVS) Stock Still Looks Like A Bargain On Earnings || The Bull Case For Bioventus (BVS) Could Change Following Its Q2 Earnings Surge And Reaffirmed 2026 Guidance || Is Bioventus (BVS) Stock Undervalued Right Now? - Yahoo Finance || Bioventus Stock Price Forecast. Should You Buy BVS? - StockInvest.us || Bioventus Inc (BVS) Stock Up 5.1% but GF Value Says Overvalued -- GF Score: 58/100 - GuruFocus || BVS - Finviz || Bioventus Starts Review After Unsolicited Acquisition Proposal - Stock Titan
NDX1.DE,2026-09-11,Nordex SE,Industrials,10,google_news|yfinance,positive,True,"Les actualites recentes sur Nordex SE presentent un ton general positif, avec des orders de turbines, des gains de partage, des resultats financiers solides et des commentaires positifs des analystes et des medias.","Nordex secures 525MW turbine order from Türkerler || Nordex (XTRA:NDX1) Stock Still Looks Discounted As A 228% Gain Tests Fair Value || Nordex (XTRA:NDX1) Could Be 18% Below Fair Value On Half Year 2026 Earnings || Nordex Group secures new US orders totalling more than 480 MW || Nordex Doubles Q2 EBITDA and Confirms 2026 Outlook on Strong Order Growth || Why is Nordex stock climbing today? - Investing.com || Nordex stock edges higher as TecDAX laggard while Mwb Research sticks to Buy rating - AD HOC NEWS || Nordex SE celebrates 25 years as a listed company - Nordex SE || NDX1 Forecast — Price Target — Prediction for 2027 - TradingView || Germany's Nordex tops profit forecast on strong wind demand, shares jump - Reuters"
UFCS,2026-09-11,"United Fire Group, Inc.",Financial Services,10,google_news|yfinance,positive,True,"Les actualites presentes montrent une augmentation des resultats financiers, une croissance des revenus et une amélioration de la discipline d'underwriting, ce qui suggere une tendance positive pour l'action.","UVE Stock Gains 71.4% in a Year: Time to Add It for Better Returns? || United Fire Group (UFCS) Q2 2026 Earnings Call Transcript || Is United Fire Group (UFCS) Stock Undervalued Right Now? || United Fire Group, Inc (UFCS) Hits Fresh High: Is There Still Room to Run? || United Fire Group (UFCS) Stock Gets Fair Value Boost After Q2 Beat And Lower Cat Losses || Have Insiders Sold United Fire Group Shares Recently? - simplywall.st || Director at United Fire Group (UFCS) sells 9,777 shares - Stock Titan || United Fire Group (NASDAQ:UFCS) Director Sells 9,777 Shares of Stock - MarketBeat || United Fire Group, Inc. declares quarterly cash dividend of $0.20 per share and announces new board appointment - Yahoo Finance || United Fire Group Insider Sold Shares Worth $542,799, According to a Recent SEC Filing - marketscreener.com"
SENEB,2026-09-11,Seneca Foods Corporation,Consumer Defensive,10,google_news|yfinance,positive,True,"Les actualites recentes sur Seneca Foods Corporation (SENEA) suggere un ton general positif, avec des reports de gains de ventes et d'earnings, ainsi que des analyses positives sur la company, ce qui indique que l'action est consideree comme une opportunité de investissement.","Why Seneca Foods Looks Ripe For A Takeover || Seneca Stock Gains Following Q1 Earnings, Sales Increase Y/Y || The Zacks Analyst Blog Highlights Apple, Shell, Toyota, Seneca and Value Line || Top Research Reports for Apple, Shell & Toyota Motor || Is Seneca Foods Corporation (SENEA) A Good Stock To Buy Now? || Senior Vice President of Sales & Marketing Dean Erstad Sold A Bunch Of Shares In Seneca Foods - simplywall.st || Is Seneca Foods Corporation (SENEA) A Good Stock To Buy Now? - Yahoo Finance || Even After Doubling, Seneca Foods Corporation Offers Tasty Upside (NASDAQ:SENEA) - Seeking Alpha || Seneca Foods (NASDAQ: SENEA) officer to sell 1,587 shares - Stock Titan || SENEA - Seneca Foods Corp Stock Price and Quote - Finviz"
5706.T,2026-09-11,"Mitsui Kinzoku Company, Limited",Industrials,10,google_news|yfinance,positive,True,"L'action de Mitsui Kinzoku Company, Limited est soutenue par des actualites positives sur son partenariat avec Gelion PLC pour le developpement et la mise en echelle de la technologie de batterie à soufre.","Gelion CEO says £2m Mitsui Kinzoku deal will help develop and scale up sulfur battery tech || U.S. Chip Stocks Suffering from Fragile Investor Sentiment || Earnings, Crude Prices Roil Asian Stock Markets || Persian Gulf, Oil Price Outlooks Buoy Asian Stocks Markets || Tech Revival Lifts Asian Stock Markets || Mitsui Kinzoku Company, Limited 2027 Q1 - Results - Earnings Call Presentation (OTCMKTS:MMSMY) 2026-08-11 - Seeking Alpha || Execution of a Memorandum of Understanding Concerning the Integration … | News | Mitsubishi Materials Corporation - mmc.co.jp || Hi-Lex Corporation entered into share transfer agreement to acquire Mitsui Kinzoku ACT Corporation from Mitsui Mining & Smelting Co., Ltd. for ¥11.3 billion. - marketscreener.com || Solid Electrolyte Material for Batteries Market Size and Growth Analysis 2026 to 2035 - Insightace Analytic || Oil Outlook Dulls Asian Stock Markets - marketscreener.com"
9766.T,2026-09-11,Konami Group Corporation,Communication Services,7,google_news|yfinance,positive,True,"Les actualites presentes montrent une rotation des investissements vers les actions de jeux vidéo japonaises, une premiere sortie de slot de Bomberman et des resultats de bilan superieurs, indiquant un ton general positif pour l'action de Konami Group Corporation.",Nintendo Surges 6.8% As AI Fatigue Sparks Gaming Rotation || Does Konami’s BOMBERMAN Slot Debut Signal a Deeper Shift in IP Strategy for Konami (TSE:9766)? || 9766 Stock Price and Chart — TSE:9766 - TradingView || Results: Konami Group Corporation Beat Earnings Expectations And Analysts Now Have New Forecasts - simplywall.st || REG - Konami Group Corp - Release: Policy on Reduction of Stock Trading Unit - TradingView || Cashless casinos and tailored rewards on every Carnival Cruise Line ship - Stock Titan || Konami Group Corporation Stock (9766) - Quote Japan Exchange - marketscreener.com
SAF.PA,2026-09-11,Safran SA,Industrials,10,google_news|yfinance,neutral,True,"Les actualites presentes sont mixtes, avec des informations positives sur des expansions de marche et des partenariats, mais aussi des informations négatives sur une chute de la valeur de l'action et des prévisions de croissance moins optimistes.","Can RTX's GTF Aftermarket Expansion Boost Its Growth Outlook? || Amazon books 6 more Arianespace launches for Kuiper satellites || GE Aerospace’s $11.75B Deal Puts Howmet Aerospace in Focus || GE Aerospace's LEAP Engine Deliveries Jumped 41% This Year. Here's Why Boeing and Airbus Both Need That Number to Keep Climbing. || NextNav Q2 Earnings Call Highlights || Has Safran (SAFRY) Outpaced Other Aerospace Stocks This Year? - Yahoo Finance || SAF Forecast — Price Target — Prediction for 2027 - tradingview.com || Safran stock slips nearly 3 percent after recent rally on Euronext Paris - ad-hoc-news.de || Up Over 35% in the Last Year, Can SAF Stock Keep Climbing In 2026? - TIKR.com || Safran: The Disconnect Between Fundamentals And Price (OTCMKTS:SAFRF) - Seeking Alpha"
MU,2026-09-12,"Micron Technology, Inc.",Technology,9,google_news|yfinance,,True,"Les actualites presentent des informations contradictoires sur Micron Technology, Inc. (MU), avec des reports sur des strikes, des tensions avec Intel, des problèmes de stock, mais aussi des analyses positives sur son croissance et son setup technique.","Micron (MU)’s Taiwan Workers Want a Bigger Slice of its Record AI Profits || An Intel-Backed Startup Says It Can Beat HBM. Is Micron’s AI Memory Boom Vulnerable? || AI’s HBM Shortage Strengthens Micron’s Hand—and Pressures Nvidia’s GPU Economics || Applied Materials vs. Micron Technology: Which Technology Stock Is a Better Buy in 2026? || Micron Takes Unexpected Step as Tensions Rise || MU Stock Slides As Legal Fight And Chip Selloff Rattle Traders - StocksToTrade || What's Going On With Micron Technology Stock Thursday? - Benzinga || Micron Technology (NASDAQ:MU): Strong Growth Meets a High-Quality Technical Setup - ChartMill || Micron Technology, Inc. (MU) Is a Trending Stock: Facts to Know Before Betting on It - Yahoo Finance"
FRSH,2026-09-12,Freshworks Inc.,Technology,10,google_news|yfinance,,True,"Les actualites presentent des informations contradictoires sur la performance de l'action de Freshworks Inc. (FRSH), avec des mentions de croissance, de valuations premium et de declines en valeur, ce qui suggere un ton mixte.","2 Growth Stocks with Explosive Upside and 1 Facing Challenges || Freshworks (FRSH) Stock Looks Priced At A Premium To Fair Value || 2 Cash-Producing Stocks to Consider Right Now and 1 We Brush Off || 1 Small-Cap Stock to Keep an Eye On and 2 Facing Headwinds || Amplitude, GitLab, Doximity, Freshworks, and Sprinklr Shares Skyrocket, What You Need To Know || Is Freshworks Inc. (FRSH) A Good Stock To Buy Now? - Yahoo Finance || FRSH - Finviz || Freshworks stock hits 52-week high at 13.77 USD - Investing.com || Freshworks Inc. (FRSH) CTO Manning Ryan files Form 3 showing no stock ownership - Stock Titan || Freshworks Stock Drops 32% in 2026: Why the Math Still Supports a 120% Total Return - TIKR.com"
FHI,2026-09-12,"Federated Hermes, Inc.",Financial Services,10,google_news|yfinance,positive,True,"Les actualites presentes sont presque toutes positives, avec des mentions de croissance des AUM, de dividendes, de nouvelles acquisitions et de perspectives de croissance, ce qui suggere un ton general positif pour l'action.","FHI vs. CNS: Which Stock Is the Better Value Option? || Ares Management Up 28.8% in 6 Months: How to Approach the Stock Now || Federated Hermes' APAC Tokenization Push: A New AUM Growth Lever? || UBS Gets a Win in Swiss Capital Battle || Federated Hermes (FHI) Could Be a Great Choice || A $0.045 dividend avoids regular federal tax on Oct. 1 - Stock Titan || Federated Hermes: Shifting To Higher Fee Products (NYSE:FHI) - Seeking Alpha || Federated Hermes, Inc. reports record assets under management with second quarter 2026 earnings - PR Newswire || SHEPHERD WEALTH MANAGEMENT Ltd LIABILITY Co Acquires New Stake in Federated Hermes, Inc. $FHI - MarketBeat || Federated Hermes (FHI) Gets A Closer Look As Digital Asset Hopes Meet Valuation Doubts - Yahoo Finance"
MD,2026-09-12,"Pediatrix Medical Group, Inc.",Healthcare,9,google_news|yfinance,positive,True,"L'actualité présente plusieurs articles positifs sur Pediatrix Medical Group, Inc., indiquant une augmentation de son prix et une reconnaissance en tant que stock de croissance, ce qui suggère un ton général positif.","1 Cash-Producing Stock to Research Further and 2 Facing Challenges || Cencora (COR) Up 3.8% Since Last Earnings Report: Can It Continue? || Pediatrix Medical Group (MD) Up 3.4% Since Last Earnings Report: Can It Continue? || Q2 Earnings Highlights: Pediatrix Medical Group (NYSE:MD) Vs The Rest Of The Healthcare Providers & Services Stocks || 3 Profitable Stocks That Concern Us || Pediatrix Medical Group (NYSE: MD) director plans Rule 144 stock sale - Stock Titan || MD - Pediatrix Medical Group Inc Stock Price and Quote - Finviz || Pediatrix Medical Group (MD) is a Top-Ranked Growth Stock: Should You Buy? - Eastern Progress || Pediatrix Medical Group (MD) Faces Demand Questions, Is The Recent Rally Already Priced In? - Sahm"
PATH,2026-09-12,"UiPath, Inc.",Technology,10,google_news|yfinance,negative,True,"Bien que UiPath ait battu les attentes avec ses résultats Q2 FY2027 et que Citi ait initialement donné une note de buy, l'action a finalement baissé, avec une baisse de 25% depuis son haut en août, ce qui suggère que les declines de ce type ont souvent continué.","Is UiPath Stock A Buy After Falling Despite A Raised Outlook? || Motive raises $1.3 billion from General Catalyst || Dips In UiPath Stock Have Mostly Kept Falling, Will This One Too? || UiPath (PATH) Q2 2027 Earnings Call Transcript || UiPath Slips 3% Despite Citi Buy Initiation and $23 Target, Pegasystems and C3.ai Lag || Why UiPath (PATH) Stock Is Trading Lower Today - Yahoo Finance || Citi Just Upgraded UiPath Stock. Here's Why. - Barchart.com || UiPath retreats 8%, extending post-earnings selloff (PATH:NYSE) - Seeking Alpha || UiPath and Pegasystems Sink 7% as Price Target Hikes Arrive Without a Single Buy Rating - Yahoo Finance || UiPath Slides 24% After Q2 Earnings: Is PATH Stock a Buy? - Yahoo Finance"
1802.T,2026-09-12,Obayashi Corporation,Industrials,10,google_news|yfinance,positive,True,"L'acquisition de Multiplex par Obayashi pour 650 millions de dollars et les résultats financiers positifs pour Obayashi, indiquent un ton positif pour l'action.","Brookfield agrees to divest builder Multiplex to Obayashi for $650m || Brookfield Business Selling Multiplex to Japan's Obayashi For $650 Million || Soft China Economic Reports Roil Asian Stock Markets || Obayashi (TSE:1802) Valuation Check After Strong 1 Year Shareholder Returns || This Khosla-backed autonomous pod startup just raised $170M — now it’s aiming for more || ETFs Investing in Obayashi Corporation Stocks - tradingview.com || Acquisition of Multiplex Global Limited, a Company Operating Construction Businesses in Australia, the UK and Canada - obayashi.co.jp || Japan’s Obayashi to acquire Multiplex from Brookfield for $526 mln - Investing.com || Obayashi Corporation Revenue Breakdown – TSE:1802 - tradingview.com || Obayashi Enters Toll Road Concession Business in Jakarta, Indonesia | News | Obayashi Global - obayashi.co.jp"
2404.TW,2026-09-12,"United Integrated Services Co., Ltd.",Industrials,5,google_news,neutral,True,"L'actualité fournie ne contient pas de commentaires ou d'informations significatives sur l'action de United Integrated Services Co., Ltd. (2404.TW) qui pourraient influencer le ton de l'action.","2404 Stock Price and Chart — TWSE:2404 - tradingview.com || Wasatch Emerging Markets Select Fund Q2 2026 Commentary (undefined:WAESX) - Seeking Alpha || TSMC 2024 Supply Chain Management Forum Presents Awards to Outstanding Suppliers - pr.tsmc.com || Taiwan stocks higher at close of trade; Taiwan Weighted up 0.91% - Investing.com || Taiwan Cogeneration Corporation (8926.TW) Stock Price, News, Quote & History - Yahoo Finance"
9939.TW,2026-09-12,"Taiwan Hon Chuan Enterprise Co., Ltd.",Consumer Cyclical,5,google_news,neutral,True,"L'actualité fournie ne contient pas d'informations claires sur le sentiment de l'action, mais elle mentionne des développements dans le secteur de l'emballage et de la technologie, ce qui pourrait avoir un impact sur l'action, mais sans donner de détails suffisants pour déterminer un ton positif, ne","9939 Stock Price and Chart — TWSE:9939 - tradingview.com || International Packaging Number of Employees 2026 | Employee Count & Headcount Data - Revelio Labs || Technical Analysis of Taiwan Hon Chuan Enterprise Co., Ltd. (TWSE:9939) - tradingview.com || Stackable PET Beverage Can with Full-Body Sleeve: A Sustainable Alternative to Aluminium - News and Statistics - IndexBox || K Laser Technology Inc. (2461.TW) Stock Price, News, Quote & History - Yahoo Finance"
GL,2026-09-12,Globe Life Inc.,Financial Services,10,google_news|yfinance,positive,True,"Les actualites presentes sont presque toutes positives, avec des annonces de ouverture de nouvel office, de croissance de la health insurance, de dividendes declares, et des recommandations de investissement.","NYSE Texas Office Opening: Globe Life Co-CEOs Cover Lone Star State Importance || 3 Insurance Stocks We Keep Off Our Radar || Want Double-Digit Gains From Insurance Stocks? Morgan Stanley Suggests 2 Names to Consider || 3 Reasons to Avoid GL and 1 Stock to Buy Instead || Globe Life's Health Insurance Growth Powers Earnings Momentum || Globe Life Inc. stock underperforms Tuesday when compared to competitors - MarketWatch || Is Globe Life Inc. (GL) A Good Stock To Buy Now? - Yahoo Finance || Globe Life stock heads into the open after a 0.9 percent dip - ad-hoc-news.de || GLOBE LIFE INC. DECLARES DIVIDEND - PR Newswire || Globe Life Q2: Solid Fundamentals, But GL.PR.D Offers Better Risk-Adjusted Yield Near 7.8% - Seeking Alpha"
GEO,2026-09-12,"The GEO Group, Inc.",Industrials,10,google_news|yfinance,,True,"Les actualites presentent des informations positives (mouvement de la valeur de l'action, croissance des revenus, augmentation des guiderances) mais aussi des informations négatives (coûts, dette, concurrence) qui équilibrer les notes.","Here's Why Investors Should Retain Global Payments Stock for Now || ICFI Stock Rises 22% in 3 Months: Here's What You Should Know || Strong Engagement & Contract Value Strengthen Gartner's Prospects || Geo Group (GEO) Is a Great Choice for 'Trend' Investors, Here's Why || 2 Growth Stocks with All-Star Potential and 1 We Question || The GEO Group Reports First Quarter Results and Increases Full Year 2026 Guidance | The GEO Group, Inc. - The GEO Group || 5 Revealing Analyst Questions From GEO Group’s Q2 Earnings Call - Yahoo Finance || Government Contract Update: $36M payment to THE GEO GROUP, INC - Quiver Quantitative || Here's Why Investors Should Retain Global Payments Stock for Now - tradingview.com || The GEO Group Reports Third Quarter 2025 Results and Increases Share Repurchase Authorization to $500 Million - The GEO Group"
ABEV3.SA,2026-09-12,Ambev S.A.,Consumer Defensive,10,google_news|yfinance,positive,True,"Les actualites presentes sont presque toutes positives, avec des crescences de revenue et d'EPS, des marges expansionnees et des investissements dans les activations de marque, ce qui suggere une tendance positive pour l'action.","Ambev (ABEV) Q2 2026 Earnings Call Transcript || Ambev SA (ABEV) (Q2 2026) Earnings Call Highlights: Strong Beer Growth and Digital Expansion ... || Ambev Q2 Earnings Call Highlights || CCU vs. ABEV: Which Stock Should Value Investors Buy Now? || PepsiCo Q2 Earnings Beat on Volume Gains & International Strength || Stock options running to 2029 for Ambev (NYSE: ABEV) logistics VP - Stock Titan || Archford Capital Strategies LLC Sells 352,698 Shares of Ambev S.A. $ABEV - MarketBeat || Ambev Details August 2026 Insider Holdings and Management Share Transfer - The Globe and Mail || Ambev (ABEV) is an Incredible Growth Stock: 3 Reasons Why - Yahoo Finance || ABEV Stock Grinds Higher As Tight Range Draws Trader Focus - StocksToTrade"
SNA,2026-09-12,Snap-on Incorporated,Industrials,10,google_news|yfinance,positive,True,"Bien que certaines actualités mentionnent des risques et des préoccupations, le ton général est dominé par des éléments positifs, tels que l'excitation pour les résultats de Q2, la croissance des revenus et la confiance des analystes.","3 Reasons SNA is Risky and 1 Stock to Buy Instead || Are Wall Street Analysts Bullish on Snap-on Stock? || Snap On (SNA) Beat Expectations, Is The Stock Fully Priced? || Spotting Winners: Snap-on (NYSE:SNA) And Professional Tools and Equipment Stocks In Q2 || Can Snap-on's RCI Execution and Innovation Sustain Growth? || Snap-On Incorporated $SNA Shares Sold by Amundi - MarketBeat || Snap-on Incorporated Declares Quarterly Dividend - Yahoo Finance || HighTower Advisors LLC Trims Stock Holdings in Snap-On Incorporated $SNA - MarketBeat || Snap-on Incorporated Declares Quarterly Dividend; Announces $500 Million Share Repurchase Authorization - Business Wire || Is Snap-on Stock a Buy as Strong Margins Meet a Premium Valuation? - Yahoo Finance"
AMN,2026-09-12,"AMN Healthcare Services, Inc.",Healthcare,10,google_news|yfinance,positive,True,"Les actualites presentes sont presque toutes positives, avec des mentions de croissance, de reprise de la demande de personnel, d'expansion de la penetration des MSP et de croissance du reach des solutions de travailleurs, ce qui suggere un ton general positif pour l'action AMN.",Here's Why You Should Retain AMN Stock in Your Portfolio for Now || 3 Reasons to Avoid AMN and 1 Stock to Buy Instead || 1 Small-Cap Stock on Our Buy List and 2 We Ignore || Job Market Uncertainty Pushes Commercial Staffing Stocks Up 80% This Year || 3 Stocks Under $50 We Steer Clear Of || Here's Why You Should Retain AMN Stock in Your Portfolio for Now - tradingview.com || A Look at AMN Healthcare Services Inc (AMN) After 3.8% Decline -- GF Value $29.72 vs Price $33.05 - GuruFocus || Is AMN Healthcare Services (AMN) Stock Outpacing Its Business Services Peers This Year? - Yahoo Finance || AMN HEALTHCARE ANNOUNCES SECOND QUARTER 2026 RESULTS - PR Newswire || AMN Healthcare Services: Strong Secular Growth Propels Earnings (NYSE:AMN) - Seeking Alpha
GOOGL,2026-09-12,Alphabet Inc.,Communication Services,10,google_news|yfinance,positive,True,"Les actualites presentes sont presque toutes positives, avec des annonces de nouveaux investissements en AI et des comparaisons favorables avec d'autres entreprises, ce qui suggere une tendance positive pour l'action de Alphabet Inc.","SpaceX signs $1.1 billion-per month computing deal || What a Republican 'wipeout' in the midterm elections means for investors || Apple, Microsoft, and Nvidia Top the List of Largest Companies by Market Cap. Here's the One I'm Buying Now. || Google’s $15 Billion Finland AI Build Is Good News for Nvidia, With One Important Catch || What Are You Really Paying For Reddit's Ad Growth? || Amazon vs. Alphabet: If I Could Buy Only One, I’d Choose This Stock - 24/7 Wall St. || Alphabet Inc. (GOOGL) Is a Trending Stock: Facts to Know Before Betting on It - Yahoo Finance || Alphabet: Chips War Is Now In Its Favor - Seeking Alpha || Cathie Wood’s ARK sells Alphabet stock, buys Meta and Beam Therapeutics - Investing.com || Bank of America Has a Stark Message for Google Stock as AI Rivals Surge - tradingview.com"
AMZN,2026-09-12,"Amazon.com, Inc.",Consumer Cyclical,10,google_news|yfinance,positive,True,"Les actualites presentes sont presque toutes positives pour l'action d'Amazon.com, Inc. (AMZN), avec des mentions de gains, de nouvelles fonctionnalites, de nouveaux investissements et de l'attention des investisseurs, ce qui suggere un ton general positif.","Palantir Co-Founder Peter Thiel's Hedge Fund Just Made a Big Bet on This AI Stock || How Far Could Take-Two Stock Fall In A Market Shock, With Grand Theft Auto VI Still To Come? || Binge watching and binge shopping come together: Amazon lets Prime viewers buy what characters wear and use, or the next closest thing || Amazon Gains as S&P Flags Its $100 Billion Debt Spree || Chinese AI Upstart Raises Stakes for U.S. Tech Giants || Baxter Bros Inc. Buys New Position in Amazon.com, Inc. $AMZN - MarketBeat || Amazon.com, Inc. (AMZN) is Attracting Investor Attention: Here is What You Should Know - Yahoo Finance || Amazon.com Inc. (AMZN) Stock Price | Live Quotes & Charts | NASDAQ - timothysykes.com || Wealth Effects LLC Takes Position in Amazon.com, Inc. $AMZN - MarketBeat || Are Retail-Wholesale Stocks Lagging Amazon.com (AMZN) This Year? - Yahoo Finance"
ASM.AS,2026-09-12,ASM International NV,Technology,10,google_news|yfinance,positive,True,"Les actualites presentes montrent une tendance generale positive pour l'action ASM International NV, avec des gains de valeur, des plans de share buyback et des analyses positives sur son secteur.","European Chip Stocks Rise, Buoyed By Asian Peers || Is Analog Devices (ADI) Outperforming Other Computer and Technology Stocks This Year? || Chip Stocks Driven Higher by Nvidia Results and Guidance || European Chip Stocks Rise After Nvidia Results, Guidance || European Chip Stocks Mixed Ahead of Nvidia Earnings || ASM share buyback update August 31 – September 4, 2026 - Yahoo Finance || A chipmaking equipment maker has used 84.9% of its €150 million share-buyback plan. - Stock Titan || ASM International stock eases as Amsterdam trading softens - ad-hoc-news.de || Why is ASM International stock rallying today? - Investing.com || ASM International Rides on AI-Driven Semiconductor Boom: Worth a Buy? - Zacks Investment Research"
JAZZ,2026-09-12,Jazz Pharmaceuticals plc,Healthcare,10,google_news|yfinance,positive,True,"Les actualites presentes sont presque toutes positives, avec des mentions de performances solides, de valeurs attractives et de perspectives de croissance pour l'action de Jazz Pharmaceuticals plc (JAZZ).","2 Reasons to Avoid JAZZ and 1 Stock to Buy Instead || Jazz Pharmaceuticals Sees Meaningful Long-Term Value From Ziihera's Pursuits Beyond GEA, UBS Says || 1 Value Stock with Exciting Potential and 2 We Brush Off || Quoin in line for priority review voucher if rare paediatric drug approved || Jazz (JAZZ) Says Ziihera Beat Trastuzumab on Overall Survival. Can it Replace the First-Line HER2 Backbone? || symbol__ Stock Quote Price and Forecast - cnn.com || Jazz Pharmaceuticals (JAZZ) Stock Looks Reasonable On Value While Returns Look Stretched - simplywall.st || Jazz Pharmaceuticals (NASDAQ: JAZZ) exec to sell restricted stock - Stock Titan || Jazz Pharmaceuticals Announces Private Offering of $1.0 Billion of Exchangeable Senior Notes due 2032 and Concurrent Ordinary Share Repurchases - PR Newswire || Jazz Pharmaceuticals (NASDAQ:JAZZ): A Decent Value Stock Trading Below Its Worth - ChartMill"
URBN,2026-09-12,"Urban Outfitters, Inc.",Consumer Cyclical,10,google_news|yfinance,neutral,True,"Les actualites presentent des informations contradictoires sur l'action d'Urban Outfitters, avec des articles qui mentionnent des gains et des pertes, ainsi que des analyses qui suggèrent que l'action pourrait être sous-évaluée ou surévaluée.","URBN or ZGN: Which Is the Better Value Stock Right Now? || Urban Outfitters, Tilly's, and Kohl's Shares Skyrocket and Plummet, What You Need To Know || Reformation Reports Double-Digit Income & Revenue Growth || American Eagle Outfitters Sinks 13% as $161M Tariff Refund Flatters Beat; Urban Outfitters Drops 3%, Abercrombie & Fitch Slips || Are Investors Undervaluing Urban Outfitters (URBN) Right Now? || Is Urban Outfitters Inc (URBN) Overvalued After 3.9% Rally? GF V - GuruFocus || Are Investors Undervaluing Urban Outfitters (URBN) Right Now? - Yahoo Finance || Squarepoint Ops LLC Lowers Position in Urban Outfitters, Inc. $URBN - MarketBeat || Urban Outfitters (NASDAQ:URBN): A Decent Value Play with a Debt-Free Edge - ChartMill || Here's Why Urban Outfitters (URBN) is a Strong Value Stock - Eastern Progress"
DCI,2026-09-12,"Donaldson Company, Inc.",Industrials,10,google_news|yfinance,positive,True,"Les actualites presentes sont presque toutes positives, avec des reports de chiffres de ventes et de bénéfices en augmentation, ainsi que des commentaires positifs de investisseurs et de banques, ce qui suggère une tendance positive pour l'action.","1 Mid-Cap Stock on Our Watchlist and 2 We Avoid || 1 Mid-Cap Stock for Long-Term Investors and 2 We Brush Off || Donaldson’s (DCI) Billion-Dollar Quarter Hides A Costlier Bet Ahead || Donaldson (DCI) Stock Looks Reasonable On Earnings But Rich On Cash Flow || DCI Q2 Deep Dive: Acquisition Momentum, Segment Growth, and Margin Expansion Shape Outlook || Hsbc Holdings PLC Has $6.31 Million Stock Position in Donaldson Company, Inc. $DCI - MarketBeat || Is Now The Time To Look At Buying Donaldson Company, Inc. (NYSE:DCI)? - moomoo.com || Donaldson (DCI) Tops Q4 Earnings and Revenue Estimates - Eastern Progress || Donaldson Company, Inc. Q4 2026 Earnings Call Summary - Yahoo Finance || HighTower Advisors LLC Sells 151,767 Shares of Donaldson Company, Inc. $DCI - MarketBeat"
1878.T,2026-09-12,"Daito Trust Construction Co.,Ltd.",Real Estate,6,google_news|yfinance,positive,True,"Les actualites presentes montrent des initiatives de developpement de nouveaux projets et d'expansion de l'entreprise dans de nouveaux marches, ce qui suggere une perspective positive pour l'action.","Daito Trust Construction (TSE:1878): Assessing Valuation as Shares Show Subtle Uptrend || Daito Trust Construction concludes agreement on transfer of shares in the Coastline Group (Los Angeles, California, USA) - kentaku.co.jp || Daito Trust Construction launches purchase, renovation, and resale business in Texas to expand its business in North America - kentaku.co.jp || Daito Trust Construction Co.,Ltd. 2027 Q1 - Results - Earnings Call Presentation (OTCMKTS:DIFTY) 2026-08-01 - Seeking Alpha || Daito Trust Construction to launch the Takaoka Ejiri Center Project (tentative name) as its first community development project - kentaku.co.jp || Daito Trust Construction jointly develops program to help foreign engineers obtain national qualifications - kentaku.co.jp"
AMG,2026-09-12,"Affiliated Managers Group, Inc.",Financial Services,10,google_news|yfinance,positive,True,"L'actualité présente plusieurs articles positifs sur l'action d'Affiliated Managers Group, Inc. (AMG), tels que des repurchases de actions, une performance solide par rapport à ses concurrents et des analyses positives de la part de plusieurs sources.","2 Momentum  Stocks with Competitive Advantages and 1 We Ignore || Affiliated Managers Group Repurchased About $375 Million of Stock in 6 Months || Is Affiliated Managers Group (AMG) Stock Outpacing Its Finance Peers This Year? || Should Value Investors Buy Affiliated Managers Group (AMG) Stock? || AMG vs. BLK: Which Stock Is the Better Value Option? || California State Teachers Retirement System Acquires 9,872,454 Shares of Affiliated Managers Group, Inc. $AMG - MarketBeat || Is Affiliated Managers Group (AMG) Stock Outpacing Its Finance Peers This Year? - Yahoo Finance || Engineers Gate Manager LP Purchases 32,023 Shares of Affiliated Managers Group, Inc. $AMG - MarketBeat || Here's Why Affiliated Managers Group (AMG) is a Strong Momentum Stock - Eastern Progress || Should Value Investors Buy Affiliated Managers Group (AMG) Stock? - Yahoo Finance"
AMAT,2026-09-12,"Applied Materials, Inc.",Technology,9,google_news|yfinance,neutral,True,"Les actualites presentes sont mixtes, avec des articles qui mentionnent les risques et les concurrences de l'entreprise, mais aussi des articles qui soulignent ses performances financieres et son potentiel de croissance.","Applied Materials vs. Micron Technology: Which Technology Stock Is a Better Buy in 2026? || Astera Labs vs. Applied Materials: Which Technology Stock Is a Better Buy in 2026? || Semiconductor Manufacturing Stocks Q2 Results: Benchmarking Applied Materials (NASDAQ:AMAT) || Is Trending Stock Applied Materials, Inc. (AMAT) a Buy Now? || Applied Materials vs. Intel: Which Tech Stock Is a Better Buy in 2026? || Applied Materials Inc. stock underperforms Thursday when compared to competitors - MarketWatch || Applied Materials (AMAT) director sells 1,000 shares - Stock Titan || Applied Materials Just Dropped 14% in a Month. Sell Now, or Buy More? - 24/7 Wall St. || Is Trending Stock Applied Materials, Inc. (AMAT) a Buy Now? - Yahoo Finance"
5706.T,2026-09-12,"Mitsui Kinzoku Company, Limited",Industrials,10,google_news|yfinance,positive,True,"L'action de Mitsui Kinzoku Company, Limited est positive car elle a annoncé un accord avec Gelion PLC pour développer et amplifier la technologie de batterie à soufre, ce qui suggère une opportunité de croissance et de développement.","Gelion CEO says £2m Mitsui Kinzoku deal will help develop and scale up sulfur battery tech || U.S. Chip Stocks Suffering from Fragile Investor Sentiment || Earnings, Crude Prices Roil Asian Stock Markets || Persian Gulf, Oil Price Outlooks Buoy Asian Stocks Markets || Tech Revival Lifts Asian Stock Markets || Mitsui Kinzoku Company, Limited 2027 Q1 - Results - Earnings Call Presentation (OTCMKTS:MMSMY) 2026-08-11 - Seeking Alpha || Tech, Oil Outlooks Roil Asian Stock Markets - marketscreener.com || Execution of a Memorandum of Understanding Concerning the Integration … | News | Mitsubishi Materials Corporation - mmc.co.jp || Solid Electrolyte Material for Batteries Market Size and Growth Analysis 2026 to 2035 - Insightace Analytic || Hi-Lex Corporation entered into share transfer agreement to acquire Mitsui Kinzoku ACT Corporation from Mitsui Mining & Smelting Co., Ltd. for ¥11.3 billion. - marketscreener.com"
TGTX,2026-09-12,"TG Therapeutics, Inc.",Healthcare,10,google_news|yfinance,positive,True,"L'action de TG Therapeutics, Inc. (TGTX) a connu une augmentation de ses parts de 10,2% à 15,1% depuis son dernier rapport de résultats, et est considérée comme une action à suivre par les analystes, avec une analyse positive de son potentiel de croissance.","Kymera Therapeutics (KYMR) Up 10.2% Since Last Earnings Report: Can It Continue? || IBD Stock Of The Day, TG Therapeutics, Eyes Breakout After Topping Early Buy Point || TG Therapeutics (TGTX) Up 15.1% Since Last Earnings Report: Can It Continue? || TGTX Stock Pares Opening Losses After Analyst Dismisses Competition From Novartis || TGTX Stock Outperforms 95% of Stocks. Here's Why. || TG Therapeutics (NASDAQ: TGTX) director plans $274,794.08 stock sale - Stock Titan || TG Therapeutics Reports Second Quarter 2026 Financial Results and Raises BRIUMVI® Revenue Guidance - TG Therapeutics || TG Therapeutics (TGTX) to Report Q2 Results: Wall Street Expects Earnings Growth - Eastern Progress || TG Therapeutics, Inc. (TGTX) Stock Analysis: Unveiling a 24.52% Upside Potential in the Biotech Sector - DirectorsTalk Interviews || Is TG Therapeutics, Inc. (TGTX) A Good Stock To Buy Now? - Yahoo Finance"
BPOP,2026-09-12,"Popular, Inc.",Financial Services,10,google_news|yfinance,positive,True,"Les actualites presentes sont presque toutes positives, avec des annonces de dividendes, des performances de croissance et des analyses positives des actions de Popular Inc.","Popular Inc's Dividend Analysis || Popular (BPOP), Why Is It Back In The Spotlight? || Spotting Winners: Popular (NASDAQ:BPOP) And Regional Banks Stocks In Q2 || 3 Market-Beating Stocks with Competitive Advantages || 2 Reasons to Like BPOP (and 1 Not So Much) || Popular Inc's Dividend Analysis - Yahoo! Finance Canada || Popular Inc (BPOP) Stock Price, Trades & News - GuruFocus || Popular, Inc. Declares Dividend on Preferred Stock and Announces Distribution on Trust Preferred Securities - Business Wire || Popular (BPOP) risk chief reports 4,004-share stake - Stock Titan || Popular Inc. (NASDAQ:BPOP) Shows High Growth Momentum and Breakout Setup - ChartMill"
2379.TW,2026-09-12,Realtek Semiconductor Corp.,Technology,9,google_news|yfinance,,True,"Les actualites presentes sont a la fois positives (lancement de nouveaux produits, tels que le hub controller USB4) et negatives (diminution des marges de profit, incertitude sur la demande pour les produits de Realtek en deuxieme moitie de l'annee)","GMI Cloud Seeks $635 Million GPU-Backed AI Infrastructure Loan || RealTek sees mixed demand trends as second-half visibility remains limited (RLTQY) || Nikki Haley Says If China Controls Taiwan, The Communist Party Gains Leverage Over World's Critical Supply Chain: 'Threat To Global Freedom' || DIP (TSE:2379) Margin Decline Reinforces Concerns Over Profitability and Dividend Stability || Realtek Semiconductor Number of Employees 2026 | Employee Count & Headcount Data - Revelio Labs || Realtek Semiconductor Corp Revenue Breakdown – TWSE:2379 - tradingview.com || Realtek Launched Worldwide First USB-IF Fully Certified (TID: 11930) Multi-Port USB4 Hub Controller (RTS5490), Integrating USB Type‑C/PD Functionality - nasdaq.com || Realtek Semiconductor Corp Dividends – TWSE:2379 - tradingview.com || 2344 Stock Price and Chart — TWSE:2344 - tradingview.com"
THG,2026-09-12,"The Hanover Insurance Group, Inc.",Financial Services,10,google_news|yfinance,neutral,True,"Les actualites presentes sont mixtes, avec des articles sur les dividendes, la croissance et les acquisitions, mais sans une tonalite clairement positive ou negative.","The Hanover Insurance Group Inc's Dividend Analysis || Are You Looking for a Top Momentum Pick? Why Hanover Insurance Group (THG) is a Great Choice || Should Value Investors Buy The Hanover Insurance Group (THG) Stock? || The Case for Holding MetLife Stock: What Investors Need to Know || Aon's $17 Billion USI Deal: A Costly Bet on Middle-Market Growth || The Hanover Insurance Group Inc's Dividend Analysis - Yahoo Finance || The Hanover Insurance Group, Inc. $THG Shares Purchased by WINTON GROUP Ltd - MarketBeat || Best Value Stocks to Buy for June 9th - Eastern Progress || The Hanover Insurance Group, Inc. Announces New Share Repurchase Authorization - PR Newswire || Should Value Investors Buy The Hanover Insurance Group (THG) Stock? - Yahoo Finance"
7269.T,2026-09-12,Suzuki Motor Corporation,Consumer Cyclical,10,google_news|yfinance,positive,True,"L'actualité présente plusieurs éléments positifs, tels que la croissance de Pricol Ltd, la présence de Suzuki dans le marché des véhicules électriques, ainsi que la confiance des investisseurs dans l'action, ce qui suggère un ton général positif.","Pricol Ltd (BOM:540293) (Q1 2027) Earnings Call Highlights: Revenue Surges 23% as Demerger ... || BYD Bets Small EV Can Crack Japan || Toyota backs Tier IV in level 4 autonomous vehicle push || FIEM Industries Ltd (BOM:532768) Q4 2026 Earnings Call Highlights: Record Growth and Strategic ... || Suzuki opens second plant in Kharkhoda, India || Suzuki Motor Corporation (7269) Stock Price Quote Today & Current Price Chart - Capital.com || With 60% institutional ownership, Suzuki Motor Corporation (TSE:7269) is a favorite amongst the big guns - simplywall.st || Suzuki Motor Corporation FY2025 Results: Revenue Up 8.0%, Profit Attributable to Owners Rises 5.6% - scanx.trade || Suzuki stock slips as Maruti Suzuki extends decline despite new Eeco milestone - ad-hoc-news.de || Maruti Suzuki's big product offensive: 8 new SUVs, 50% market share - The Times of India"
9766.T,2026-09-12,Konami Group Corporation,Communication Services,7,google_news|yfinance,positive,True,"Les actualites presentes montrent une rotation des investissements vers les actions japonaises de jeux vidéo, une premiere sortie de slot de Bomberman et des resultats de chiffre d'affaires superieurs, indiquant un ton general positif pour l'action de Konami Group Corporation.",Nintendo Surges 6.8% As AI Fatigue Sparks Gaming Rotation || Does Konami’s BOMBERMAN Slot Debut Signal a Deeper Shift in IP Strategy for Konami (TSE:9766)? || 9766 Stock Price and Chart — TSE:9766 - tradingview.com || Results: Konami Group Corporation Beat Earnings Expectations And Analysts Now Have New Forecasts - simplywall.st || REG - Konami Group Corp - Release: Policy on Reduction of Stock Trading Unit - tradingview.com || Cashless casinos and tailored rewards on every Carnival Cruise Line ship - Stock Titan || KONAMI Group Corporation Revenue Breakdown – TSE:9766 - tradingview.com
LCII,2026-09-12,LCI Industries,Consumer Cyclical,10,google_news|yfinance,positive,True,"Bien que le marché des loisirs extérieurs soit souffert, LCI Industries a présenté des résultats positifs avec une augmentation des bénéfices ajustés et une expansion des marge opérationnelles.","Lippert named Fun Town RV CEO || LCI Industries (LCII) Q2 2026 Earnings Call Transcript || LCI Industries Q2 Earnings Call Highlights || LCI Industries Inc (LCII) (Q2 2026) Earnings Call Highlights: Margin Expansion and Strategic ... || Patrick Industries (PATK) Stock Looks Reasonable On Cash Flow While Earnings Look Rich || Squarepoint Ops LLC Acquires 21,771 Shares of LCI Industries $LCII - MarketBeat || LCI Industries (LCII) Agrees To All Stock Merger With Patrick Industries - Yahoo Finance || US antitrust review restarts for LCI Industries (NYSE: LCII) merger plan - Stock Titan || McDermott Will & Schulte advises Patrick Industries in Announced All-Stock Merger with LCI Industries - mcdermottlaw.com || Is LCI Industries (LCII) Undervalued As RV Travel Demand Supports Its Growth Story? - simplywall.st"
2432.T,2026-09-12,"DeNA Co., Ltd.",Industrials,9,google_news|yfinance,positive,True,"L'actualité présente des informations positives sur DeNA Co., Ltd., telles que des gains de valeur, une augmentation de la rentabilité et une autorisation de share buyback, ce qui suggère un ton positif pour l'action.","Is DeNA (TSE:2432) Cheap As Q1 Net Income Jumps Despite Lower Sales? || Nintendo announces $1.9 billion share sale by Kyoto bank and others || DeNA (TSE:2432): Assessing Valuation After Recent Steady Gains || Profit Taking Eases Asian Stock Markets From Recent Highs || DeNA Number of Employees 2026 | Employee Count & Headcount Data - Revelio Labs || EXCLUSIVE: Nintendo announces $1.9 billion share sale by Kyoto bank and others - Reuters || DeNA Co. Ltd (OTC: DNACF) Stock Price, News & Analysis - Kalkine || Nintendo (NTDOY) authorizes share buyback to offset secondary offering, sales by DeNA and banks - Shacknews || Here’s the latest information about Pokémon Trading Card Game Pocket, a Pokémon Trading Card Game app for mobile devices! - 株式会社ディー・エヌ・エー | DeNA"
SAF.PA,2026-09-12,Safran SA,Industrials,10,google_news|yfinance,positive,True,"Les actualites presentes sont presque toutes positives, avec des annonces de croissance pour RTX et Amazon, et des upgrades pour le prix cible de Safran par JPMorgan, ce qui suggere une tendance positive pour l'action.","Can RTX's GTF Aftermarket Expansion Boost Its Growth Outlook? || Amazon books 6 more Arianespace launches for Kuiper satellites || GE Aerospace’s $11.75B Deal Puts Howmet Aerospace in Focus || GE Aerospace's LEAP Engine Deliveries Jumped 41% This Year. Here's Why Boeing and Airbus Both Need That Number to Keep Climbing. || NextNav Q2 Earnings Call Highlights || Price to sales forward of Safran SA – AQUISEU:SAFP - tradingview.com || Has Safran (SAFRY) Outpaced Other Aerospace Stocks This Year? - Yahoo Finance || Safran stock gains as JPMorgan lifts price target to 460 euros - ad-hoc-news.de || Up Over 35% in the Last Year, Can SAF Stock Keep Climbing In 2026? - TIKR.com || Safran: The Disconnect Between Fundamentals And Price (OTCMKTS:SAFRF) - Seeking Alpha"
UCG.MI,2026-09-12,UniCredit S.p.A.,Financial Services,10,google_news|yfinance,positive,True,"Les actualites presentes sont presque toutes positives, avec des upgrades de valeur, des annonces de financement et des commentaires positifs sur la position de UniCredit par rapport a d'autres acteurs du secteur.","This International Manager Is Betting Big on Banks and Energy, but Not Tech || Greenvolt secures $254m UniCredit funding for Polish BESS projects || Greenvolt secures financing package from Unicredit for BESS projects in Poland || Commerzbank (XTRA:CBK) Stock Looks Fairly Valued Despite Fresh ECB Bid News || Italy’s Monte dei Paschi Makes $40 Billion Move to Buy Rival Banks || UniCredit stock heads into the open after a 0.5% dip - ad-hoc-news.de || UniCredit (UNCRY) Upgraded to Buy: What Does It Mean for the Stock? - Yahoo Finance || UniCredit: We Raise Our Fair Value Estimate by 39%; Shares Modestly Undervalued - Morningstar || UniCredit S.p.A. Stock 12‑Month Price Target Raised to €91.66, Implies 14% Upside - tradingview.com || UniCredit Nears Commerzbank Control as Stake Set to Top 47% - Bloomberg.com"
OFG,2026-09-12,OFG Bancorp,Financial Services,10,google_news|yfinance,positive,True,"Les actualites presentes sur OFG Bancorp (OFG) sont majoritairement positives, avec des articles qui mettent en avant son rendement en dividendes, son classement dans les petites capitalisations et les acquisitions de parts par des investisseurs, ce qui suggere un ton general positif.","1 Small-Cap Stock on Our Buy List and 2 That Underwhelm || OFG Bancorp (OFG) is a Top Dividend Stock Right Now: Should You Buy? || Q2 Regional Banks Earnings Review: First Prize Goes to OFG Bancorp (NYSE:OFG) || New Strong Buy Stocks for August 25th || Best Income Stocks to Buy for August 25th || OFG Bancorp (NYSE: OFG) CEO gifts stock, still holds 152,056.688 shares - Stock Titan || Squarepoint Ops LLC Acquires 26,278 Shares of OFG Bancorp $OFG - MarketBeat || OFG Bancorp (OFG) is a Top Dividend Stock Right Now: Should You Buy? - Yahoo Finance || Q2 Earnings Highs And Lows: First Financial Bancorp (NASDAQ:FFBC) Vs The Rest Of The Regional Banks Stocks - StockStory || Is OFG Bancorp (OFG) Undervalued As Dividend Growth Draws Fresh Attention? - simplywall.st"
1893.T,2026-09-12,"Penta-Ocean Construction Co., Ltd.",Industrials,8,google_news|yfinance,positive,True,"L'action de Penta-Ocean Construction Co., Ltd. (1893.T) est soutenue par des contrats de construction offshore, des changements de banque et une introduction de J-ESOP, ce qui suggère une croissance et une stabilité à long terme.",DEME secures offshore wind turbine installation contract in Japan || Mizuho Dropped From Bond Deals as SESC Probe Unfolds || Reviewing Penta-Ocean Construction (TSE:1893) Valuation as Investor Interest Builds Without Major Headlines || Penta-Ocean Construction Number of Employees 2026 | Employee Count & Headcount Data - Revelio Labs || How Penta-Ocean’s Planned J-ESOP Introduction At Penta-Ocean Construction (TSE:1893) Has Changed Its Investment Story - simplywall.st || 1803 Stock Price and Chart — TSE:1803 - tradingview.com || Penta-Ocean's New Offshore Wind Turbine Installation Vessel Set for Japan Debut - Offshore Engineer Magazine || China Railway Constr Number of Employees 2026 | Employee Count & Headcount Data - Revelio Labs
2006.TW,2026-09-12,Tung Ho Steel Enterprise Corporation,Basic Materials,5,google_news,neutral,True,L'actualité présente une équilibre entre des informations positives (financement et stabilité des prix) et des informations neutres ou positives pour l'entreprise (leader en urban mining et recherche sur l'utilisation du slag de fer),"Evergreen Steel Corp. (2211.TW) Stock Price, News, Quote & History - Yahoo Finance || Steelmaker Tung Ho Vietnam secures $25 mln finance from Standard Chartered - Theinvestor || Tung Ho Steel keeps H-beam prices stable - steelradar.com || Why Taiwan Is Becoming a Leader in Urban Mining - Time Magazine || Mineralization and Utilization using Steel Slag for Establishing a Waste-to-Resource Supply Chain - Nature"
B3SA3.SA,2026-09-12,"B3 S.A. - Brasil, Bolsa, Balcão",Financial Services,7,google_news|yfinance,positive,True,"Les actualites presentes sont presque toutes positives, avec des mentions de croissance revenue, de nouveaux produits et de stabilisation, mais sans mention de facteurs négatifs importants. [verification 'delisting' : resolu favorablement (3/3 votes) -- Delisting est une mesure rétroactive et peut ne pas avoir d'impact direct sur la situation actuelle de l'entreprise.]","B3 SA - Brasil Bolsa Balcao (BOLSY) Q4 2025 Earnings Call Highlights: Strong Revenue Growth and ... || B3 SA - Brasil Bolsa Balcao (BOLSY) Q3 2025 Earnings Call Highlights: Resilient Growth Amid ... || ETFs Investing in B3 SA - Brasil, Bolsa, Balcao Unsponsored ADR Stocks - tradingview.com || B3 S.A. Got An Antitrust Warning Because Of The Strength Of Its Moat (Rating Downgrade) - Seeking Alpha || Banrisul to Pay R$ 90 Million in Interest on Own Capital for Q3 2026 - The Globe and Mail || Homerun Resources Inc. Announces Sponsored BDR Listing on B3 Stock Exchange - investingnews.com || Cosan Notifies NYSE of Voluntary Delisting of ADSs, Will Continue Trading on B3 | CSAN Stock News - Quiver Quantitative"
9942.TW,2026-09-12,NAK Sealing Technologies Corporation,Consumer Cyclical,5,google_news,positive,True,"Aucune information négative ou neutre est disponible dans les actualités fournies, les prix sont en augmentation et les dates sont très éloignées, ce qui suggère une tendance positive.",3498 Stock Price and Chart — TPEX:3498 - tradingview.com || 4542 Stock Price and Chart — TPEX:4542 - tradingview.com || 4537 Stock Price and Chart — TPEX:4537 - tradingview.com || 4532 Stock Price and Chart — TWSE:4532 - tradingview.com || 6667 Stock Price and Chart — TPEX:6667 - tradingview.com
LAUR,2026-09-12,"Laureate Education, Inc.",Consumer Defensive,10,google_news|yfinance,neutral,True,"Les actualites presentes sont mixtes, avec des articles qui mentionnent des risques et des opportunites pour l'action, mais sans prendre une position clairement positive ou négative.","3 Small-Cap Stocks We Find Risky || Laureate Education (LAUR) Looks Fairly Valued, Is There Enough Upside Left? || 3 Hyped Up  Stocks We Think Twice About || TAL vs. LAUR: Which Stock Is the Better Value Option? || 3 Russell 2000 Stocks We Steer Clear Of || Here’s How Much You Would Have Made Owning Laureate Education Stock In The Last 5 Years - Benzinga || Snow Phipps plans $925K Laureate stock sale | LAUR SEC Filing - Form 144 - Stock Titan || Laureate Education (NASDAQ:LAUR) Director Sells $101,143.94 in Stock - MarketBeat || Is the Options Market Predicting a Spike in Laureate Education Stock? - Yahoo Finance || LAUR - Laureate Education Inc Stock Price and Quote - Finviz"
DINO,2026-09-12,HF Sinclair Corporation,Energy,10,google_news|yfinance,positive,True,"Les actualites presentes montrent une tendance positive pour l'action HF Sinclair Corporation, avec des gains de plus de 50% sur les six derniers mois, des mentions de croissance et de marges renforces, ainsi que des analyses positives de la part de plusieurs sites financiers.","Oil Prices are High, But These 2 Refining Stocks are Still Crushing It || Zacks.com featured highlights include LifeStance Health, Tutor Perini, News, Everus Construction and HF Sinclair || 5 Low-Leverage Stocks to Buy Amid Rising Oil Prices & Inflation Woes || How High-Return Refinery Investment Strengthens MPC's Long-Term Margins || High Gas Prices Aren't Budging—Here Are 3 Stocks That Benefit || HF Sinclair: The Share Price Can No Longer Be Justified With Mid-Cycle Earnings (Downgrade) - Seeking Alpha || Why Is HF Sinclair (DINO) Up 7.2% Since Last Earnings Report? - Yahoo Finance || Oil Prices are High, But These 2 Refining Stocks are Still Crushing It - tradingview.com || HF Sinclair Stock Climbs 18% On A 8-Day Winning Streak - Trefis || HF Sinclair Corporation (DINO) Hit a 52 Week High, Can the Run Continue? - Yahoo Finance"
4503.T,2026-09-12,Astellas Pharma Inc.,Healthcare,10,google_news|yfinance,positive,True,"L'action d'Astellas Pharma Inc. semble être positive suite aux annonces de Trump sur les prix des médicaments, ce qui pourrait avoir un impact positif sur la valeur de l'action.","Trump Expands Drug Pricing Deals With 9 Pharma Companies, Bringing Total to 26 — RFK Jr. Details 'Very, Very Emotional' Conversations With President || Trump's MFN Push Goes Beyond Big Pharma, Adds 9 Mid-Sized Drugmakers || Mid-cap biotechs join Trump’s latest round of drug pricing deals || Trump lines up MFN deals with nine mid-size pharmas on drug pricing push || Trump's Pharma Pricing Deal Expands as Healthcare Stocks Keep Climbing || Why is Astellas Pharma stock climbing today? - Investing.com || Is Astellas Pharma (ALPMY) Stock Undervalued Right Now? - Yahoo Finance || Enterprise value to revenue forward of Astellas Pharma Inc. – TSE:4503 - tradingview.com || Astellas Pharma Number of Employees 2026 | Employee Count & Headcount Data - Revelio Labs || Astellas Pharma Inc. 2027 Q1 - Results - Earnings Call Presentation (OTCMKTS:ALPMY) 2026-08-05 - Seeking Alpha"
1590.TW,2026-09-12,Airtac International Group,Industrials,6,google_news|yfinance,positive,True,"Les actualites presentes montrent un ton general positif, avec des croissances de revenue et de profit, ainsi que des ambitions de croissance, malgre des challenges du marche.","Airtac International Group (TPE:1590) Q2 2026 Earnings Call Highlights: Robust Growth and ... || AirTAC Earnings: Strong Growth Continues, but Shares Remain Expensive - Morningstar || Wasatch International Growth's Top Q2 2026 Move: Exiting Inter & Co Inc at a -2. ... - Yahoo Finance || Airtac International's Revenue Surges 43% in August - marketscreener.com || Earnings call transcript: AirTAC lifts 2026 outlook after strong Q2 growth - Investing.com || 1590 Stock Price and Chart — TWSE:1590 - tradingview.com"
2303.TW,2026-09-12,United Microelectronics Corporation,Technology,10,google_news|yfinance,positive,True,"Les actualites presentes sont presque toutes positives, avec des mentions de croissance, de forte vente et de valeurs potentiellement plus basses, ce qui suggere un ton general positif pour l'action.","United Microelectronics Sales Jump 30% in August. UMC Stock Has More Room to Run. || ASE Technology Surges 16% in 3 Months: Time to Hold or Fold the Stock? || Taiwan Semiconductor Retains 73% Foundry Share: Is the Stock a Buy? || If You Have Some ‘Silly’ Money, United Microelectronics (UMC) Stock Is Worth a Look || The Firm That Filed a Bet Against Taiwan Semiconductor Then Launched a Foundry Fund Five Days Later || United Microelectronics Corporation (UMC) is a Great Momentum Stock: Should You Buy? - Yahoo Finance || Should I Buy UMC (United Microelectronics Corporation) | AI Analysis, Technical & News Insights - Kavout || ASE Technology Surges 16% in 3 Months: Time to Hold or Fold the Stock? - tradingview.com || UMC Stock Draws Trader Focus After Earnings Beat And AI Capex Push - StocksToTrade || UMC or LSCC: Which Is the Better Value Stock Right Now? - Eastern Progress"
YETI,2026-09-12,"YETI Holdings, Inc.",Consumer Cyclical,10,google_news|yfinance,neutral,True,"Bien que certains analystes ont exprimé une confiance en l'action, d'autres ont signalé une correction après les résultats du deuxième trimestre, tandis que le CEO a vendu des actions, ce qui a attiré l'attention des investisseurs.","Why Yeti Stock Swooned in August || Is YETI Holdings (YETI) Cheap On Its Pullback Despite The CEO Vesting Share Sale? || 1 of Wall Street’s Favorite Stocks to Keep an Eye On and 2 We Turn Down || CEO Sells Over 4,000 Shares of Consumer Stock, Valued at Over $185,000 || YETI (YETI) Remains a Strong Player Despite Market Setbacks || YETI Holdings, Inc. (NYSE:YETI) Receives Consensus Rating of ""Moderate Buy"" from Analysts - MarketBeat || YETI Holdings, Inc. Q2 2026 Earnings Call Summary - Yahoo Finance || Yeti stock holds at Neutral as UBS keeps $51 target ahead of meeting By Investing.com - Investing.com South Africa || YETI Rose 8% This Week. Here’s How Much the Stock Could Rise in 2026 - TIKR.com || YETI - YETI Holdings Inc Stock Price and Quote - Finviz"
2503.T,2026-09-12,"Kirin Holdings Company, Limited",Consumer Defensive,10,google_news|yfinance,positive,True,"Les actualites presentes sont presque toutes positives, avec des mentions de croissance, de diversification, de renforcement de la position de Kirin Holdings sur le marché et de son engagement en faveur de la transformation digitale.","Why spirits slowdown could prompt majors to diversify || Assessing Kirin Holdings (TSE:2503) Valuation After Recent Share Price Momentum || Kirin launches RTD brand Hyoketsu in US || Is It Time To Reassess Kirin Holdings Company (TSE:2503) After Its Strong 1‑Year Share Price Run? || 3 Reasons Growth Investors Will Love Kirin (KNBWY) || Kirin Holdings Selected as a ""DX Stock 2026"" for Commitment to Digital Transformation - kirinholdings.com || Kirin Holdings Company, Limited 2026 Q2 - Results - Earnings Call Presentation (OTCMKTS:KNBWY) 2026-08-09 - Seeking Alpha || The Strong Earnings Posted By Kirin Holdings Company (TSE:2503) Are A Good Indication Of The Strength Of The Business - simplywall.st || Jamieson Wellness Enters into Definitive Agreement to be Acquired by Kirin in C$2.5 Billion Transaction - PR Newswire Canada || Kirin stock steadies as Tokyo peers slide - ad-hoc-news.de"
4507.T,2026-09-12,"Shionogi & Co., Ltd.",Healthcare,10,google_news|yfinance,positive,True,"L'actualité présente plusieurs éléments positifs, tels que le report d'une surprise d'augmentation de 100% des bénéfices, la réception d'une approbation FDA pour un médicament contre le COVID-19 et la sélection comme 'DX Stock 2026'.","Shionogi & Co., Ltd. Unsponsored ADR (SGIOY) Beats Q1 Earnings Estimates || United Therapeutics (UTHR) Earnings Expected to Grow: What to Know Ahead of Q2 Release || Shionogi & Co., Ltd. Unsponsored ADR (SGIOY) to Report Q1 Results: Wall Street Expects Earnings Growth || Shionogi (TSE:4507) Valuation Check As XOCOVA Wins First US FDA Approval For COVID 19 Post Exposure Prophylaxis || Akebia Therapeutics (AKBA) Reports Q1 Loss, Misses Revenue Estimates || Shionogi Selected as a “DX Stock 2026”｜ 塩野義製薬 - Shionogi Inc. || Shionogi & Co., Ltd. Unsponsored ADR (SGIOY) Beats Q1 Earnings Estimates - Yahoo Finance || Shionogi & Co., Ltd. Revenue Breakdown – TSE:4507 - tradingview.com || Shionogi & Co., Ltd. 2027 Q1 - Results - Earnings Call Presentation (OTCMKTS:SGIOY) 2026-08-06 - Seeking Alpha || Board of Directors and Executive Officers - jpx.co.jp"
2548.TW,2026-09-12,"Huaku Development Co., Ltd.",Real Estate,5,google_news,neutral,True,"Les actualites presentes sont des annonces de resultats financiers et de changements de strategie, sans mention de problemes ou de risques significatifs.","2548 Stock Price and Chart — TWSE:2548 - tradingview.com || Taiwan stocks higher at close of trade; Taiwan Weighted up 0.48% - Investing.com || Test Research, Inc. (3030.TW) Stock Price, News, Quote & History - Yahoo Finance || [Huaku Development FY2026 Q3 Earnings Call] Commercial Office Pivot: Huaku Times Place Abandons Whole-Building Sale for Stratified Sales, Aims to Recognize Half of Revenue This Year; NT$5 Dividend Floor Reaffirmed - finance.biggo.com || Technical Analysis of Huaku Development Co., Ltd. (TWSE:2548) - tradingview.com"
3044.TW,2026-09-12,Tripod Technology Corporation,Technology,5,google_news,negative,True,Aucune information positive ou neutre n'est disponible dans les actualites fournies.,3044 Stock Price and Chart — TWSE:3044 - tradingview.com || Technical Analysis of Tripod Technology Corporation (TWSE:3044) - tradingview.com || 6274 Stock Price and Chart — TPEX:6274 - tradingview.com || 3008 Stock Price and Chart — TWSE:3008 - tradingview.com || 3037 Stock Price and Chart — TWSE:3037 - tradingview.com
YUMC,2026-09-12,"Yum China Holdings, Inc.",Consumer Cyclical,10,google_news|yfinance,positive,True,"Les actualites presentes sont presque toutes positives, avec des articles qui soulignent les qualities de croissance de Yum China Holdings, Inc. et qui mentionnent des raisons pour lesquelles l'action pourrait être une valeur ou une opportunité de investissement.","3 Stocks Under $50 We’re Skeptical Of || Is Yum China (YUMC) a Solid Growth Stock? 3 Reasons to Think ""Yes"" || 1 Restaurant Stock to Consider Right Now and 2 That Underwhelm || YUMC or CMG: Which Is the Better Value Stock Right Now? || Are Investors Undervaluing Yum China (YUMC) Right Now? || META_TITLE_QUOTE - Yahoo Finance || Yum China (NYSE: YUMC) exec turns RSUs into shares, uses 594 to cover taxes - Stock Titan || Is Yum China Holdings Inc (YUMC) a Bargain After 4.8% Drop? GF V - GuruFocus || Yum China Holdings Chief Supply Chain Officer Duoduo Huang Sells 72% Of Holding - webull.com || Yum China stock hits 52-week low at 41.68 USD - Investing.com"
BVS,2026-09-12,Bioventus Inc.,Healthcare,10,google_news|yfinance,positive,True,"Les actualites recentes sur Bioventus Inc. (BVS) suggèrent une tendance positive, avec des performances solides en termes de ventes et de bénéfices, ainsi que des recommandations de valeur et des projections de croissance.",Are Medical Stocks Lagging  Bioventus (BVS) This Year? || 4 Healthcare Stocks to Safeguard Your Portfolio as Fed Plans Rate Hike || Bioventus (BVS) Q2 2026 Earnings Call Transcript || Bioventus (BVS) Stock Still Looks Like A Bargain On Earnings || The Bull Case For Bioventus (BVS) Could Change Following Its Q2 Earnings Surge And Reaffirmed 2026 Guidance || Is Bioventus (BVS) Stock Undervalued Right Now? - Yahoo Finance || BVS - Finviz || Bioventus Starts Review After Unsolicited Acquisition Proposal - Stock Titan || BVS Forecast — Price Target — Prediction for 2027 - tradingview.com || Bioventus: I See A Better Business Trading At A Fair Price (Upgrade) (NASDAQ:BVS) - Seeking Alpha
NDX1.DE,2026-09-12,Nordex SE,Industrials,10,google_news|yfinance,positive,True,"Les actualites recentes sur Nordex SE suggererent une croissance et des orders de nouveaux projets, ainsi que des resultats financiers positifs, ce qui donne un ton general positif pour l'action.","Nordex secures 525MW turbine order from Türkerler || Nordex (XTRA:NDX1) Stock Still Looks Discounted As A 228% Gain Tests Fair Value || Nordex (XTRA:NDX1) Could Be 18% Below Fair Value On Half Year 2026 Earnings || Nordex Group secures new US orders totalling more than 480 MW || Nordex Doubles Q2 EBITDA and Confirms 2026 Outlook on Strong Order Growth || Why is Nordex stock climbing today? - Investing.com || Nordex SE celebrates 25 years as a listed company - Nordex SE || Nordex stock heads into the open after a 2.4% drop - ad-hoc-news.de || NDX1 Forecast — Price Target — Prediction for 2027 - tradingview.com || Germany's Nordex tops profit forecast on strong wind demand, shares jump - Reuters"
TILE,2026-09-12,"Interface, Inc.",Consumer Cyclical,10,google_news|yfinance,positive,True,"Les actualites presentes sur ces actualites recentes pour Interface, Inc. (TILE) suggererent un ton general positif, avec des mentions de croissance, de croissance future, de valorisation et d'investissement, ainsi que des actions positives de la part d'investisseurs et de gestionnaires.","1 Russell 2000 Stock to Consider Right Now and 2 That Underwhelm || 1 Stock Under $50 to Keep an Eye On and 2 We Ignore || 2 Profitable Stocks for Long-Term Investors and 1 Facing Challenges || Caesarstone’s Premium Multi-Material & Differentiated Model Proposition – Initiation Report || 2 Reasons to Watch TILE and 1 to Stay Cautious || Insider at Interface (TILE) sells 28,451 shares under trading plan - Stock Titan || Wellington Management Group LLP Increases Holdings in Interface, Inc. $TILE - MarketBeat || Enterprise value to revenue forward of Interface, Inc. – NASDAQ:TILE - tradingview.com || TILE - Interface Inc Stock Price and Quote - Finviz || Interface (TILE) is an Incredible Growth Stock: 3 Reasons Why - Yahoo Finance"
UFCS,2026-09-12,"United Fire Group, Inc.",Financial Services,10,google_news|yfinance,positive,True,"Les actualites presentes sont presque toutes positives, avec des gains de valeur, des results financiers forts et une augmentation du dividende, ce qui suggere un ton general positif pour l'action.","UVE Stock Gains 71.4% in a Year: Time to Add It for Better Returns? || United Fire Group (UFCS) Q2 2026 Earnings Call Transcript || Is United Fire Group (UFCS) Stock Undervalued Right Now? || United Fire Group, Inc (UFCS) Hits Fresh High: Is There Still Room to Run? || United Fire Group (UFCS) Stock Gets Fair Value Boost After Q2 Beat And Lower Cat Losses || United Fire Group (NASDAQ:UFCS) Sets New 52-Week High - Should You Buy? - MarketBeat || Have Insiders Sold United Fire Group Shares Recently? - simplywall.st || Director at United Fire Group (UFCS) sells 9,777 shares - Stock Titan || United Fire Group director Scott Carlton sells $542,798 in stock - Investing.com || United Fire Group, Inc. declares quarterly cash dividend of $0.20 per share and announces new board appointment - Yahoo Finance"
SENEB,2026-09-12,Seneca Foods Corporation,Consumer Defensive,10,google_news|yfinance,positive,True,"Les actualites recentes sur Seneca Foods Corporation (SENEA) suggere un ton general positif, avec des reports de gains de ventes et d'earnings, ainsi que des commentaires positifs de plusieurs analystes et investisseurs.","Why Seneca Foods Looks Ripe For A Takeover || Seneca Stock Gains Following Q1 Earnings, Sales Increase Y/Y || The Zacks Analyst Blog Highlights Apple, Shell, Toyota, Seneca and Value Line || Top Research Reports for Apple, Shell & Toyota Motor || Is Seneca Foods Corporation (SENEA) A Good Stock To Buy Now? || Is Seneca Foods Corporation (SENEA) A Good Stock To Buy Now? - Yahoo Finance || Senior Vice President of Sales & Marketing Dean Erstad Sold A Bunch Of Shares In Seneca Foods - simplywall.st || Even After Doubling, Seneca Foods Corporation Offers Tasty Upside (NASDAQ:SENEA) - Seeking Alpha || Seneca Foods (NASDAQ: SENEA) officer to sell 1,587 shares - Stock Titan || SENEA - Seneca Foods Corp Stock Price and Quote - Finviz"
FRSH,2026-09-13,Freshworks Inc.,Technology,10,google_news|yfinance,negative,True,"Les actualites presentes ne contiennent que des notes negatives sur l'action de Freshworks Inc., mentionnant des prix premium, des declines en valeur, des challenges et des headwinds, ce qui suggere un ton general negatif.",1 Stock Under $50 Worth Investigating and 2 That Underwhelm || 2 Growth Stocks with Explosive Upside and 1 Facing Challenges || Freshworks (FRSH) Stock Looks Priced At A Premium To Fair Value || 2 Cash-Producing Stocks to Consider Right Now and 1 We Brush Off || 1 Small-Cap Stock to Keep an Eye On and 2 Facing Headwinds || Freshworks (FRSH) Stock Looks Priced At A Premium To Fair Value - Yahoo Finance || FRSH - Finviz || Freshworks stock hits 52-week high at 13.77 USD - Investing.com || Freshworks Inc. (FRSH) CTO Manning Ryan files Form 3 showing no stock ownership - Stock Titan || Freshworks Stock Drops 32% in 2026: Why the Math Still Supports a 120% Total Return - TIKR.com
MU,2026-09-13,"Micron Technology, Inc.",Technology,10,google_news|yfinance,positive,True,"Les actualites presentes sont majoritairement positives, avec des articles qui soulignent les benefices de Micron Technology en raison de la croissance de l'intelligence artificielle et de sa position dominante dans le marché de la memoire, ainsi que des analyses positives de ses performances et de ","Not Nvidia. Not Micron. This Dirt Cheap “Magnificent Seven” Stock Could Be the Biggest Winner of the Trillion-Dollar AI Race – Here’s the Case. || Broadcom vs. Micron Technology: Which Technology Stock Is a Better Buy in 2026? || Cramer Asked Who Was Buying Gigantic Bloom Energy Calls. A Pelosi Filing Named Two of the Same Stocks Weeks Earlier. || Where Will Micron Be in 10 Years? || Is Micron Stock the Next Nvidia? The Answer May Shock Investors. || Micron Technology Stock (MU) Opinions on AI Memory Demand and Price Volatility - Moomoo || Micron Technology, Inc. (MU) Is a Trending Stock: Facts to Know Before Betting on It - Yahoo Finance || Micron Technology (NASDAQ:MU): Strong Growth Meets a High-Quality Technical Setup - ChartMill || Applied Materials vs. Micron Technology: Which Technology Stock Is a Better Buy in 2026? - fool.com || MU Stock Slides As Legal Fight And Chip Selloff Rattle Traders - StocksToTrade"
FHI,2026-09-13,"Federated Hermes, Inc.",Financial Services,10,google_news|yfinance,positive,True,"Les actualites presentes sont presque toutes positives, avec des mentions de croissance des AUM, de dividendes, de report de resultats record, de nouvelles acquisitions et de strategies de capital renforcees.","3 Market-Beating Stocks on Our Buy List || FHI vs. CNS: Which Stock Is the Better Value Option? || Ares Management Up 28.8% in 6 Months: How to Approach the Stock Now || Federated Hermes' APAC Tokenization Push: A New AUM Growth Lever? || UBS Gets a Win in Swiss Capital Battle || A $0.045 dividend avoids regular federal tax on Oct. 1 - Stock Titan || Federated Hermes, Inc. reports record assets under management with second quarter 2026 earnings - PR Newswire || Federated Hermes: Shifting To Higher Fee Products (NYSE:FHI) - Seeking Alpha || SHEPHERD WEALTH MANAGEMENT Ltd LIABILITY Co Acquires New Stake in Federated Hermes, Inc. $FHI - MarketBeat || Is Federated Hermes Poised to Sustain Its Capital Return Strategy? - Yahoo Finance"
MD,2026-09-13,"Pediatrix Medical Group, Inc.",Healthcare,9,google_news|yfinance,positive,True,"L'action de Pediatrix Medical Group, Inc. (MD) est mentionnée de manière positive dans plusieurs actualités, avec des mentions de croissance et de performances financières solides.","1 Cash-Producing Stock to Research Further and 2 Facing Challenges || Cencora (COR) Up 3.8% Since Last Earnings Report: Can It Continue? || Pediatrix Medical Group (MD) Up 3.4% Since Last Earnings Report: Can It Continue? || Q2 Earnings Highlights: Pediatrix Medical Group (NYSE:MD) Vs The Rest Of The Healthcare Providers & Services Stocks || 3 Profitable Stocks That Concern Us || Pediatrix Medical Group (NYSE: MD) director plans Rule 144 stock sale - Stock Titan || MD - Pediatrix Medical Group Inc Stock Price and Quote - Finviz || Pediatrix Medical Group (MD) is a Top-Ranked Growth Stock: Should You Buy? - easternprogress.com || Pediatrix Medical Group (MD) Faces Demand Questions, Is The Recent Rally Already Priced In? - Sahm"
PATH,2026-09-13,"UiPath, Inc.",Technology,9,google_news|yfinance,neutral,True,"Bien que les actualites mentionnent des signes d'amélioration de la perception de l'action, notamment une augmentation de l'arrêt des ventes et une révision de l'objectif fiscal 2027, les actualites sont également dominées par des notes négatives sur les performances financières et la chute des part","UiPath, Inc. (PATH) Stock Has AI Potential, But Slowing Growth Keeps Investors Cautious || Is UiPath Stock A Buy After Falling Despite A Raised Outlook? || Motive raises $1.3 billion from General Catalyst || Dips In UiPath Stock Have Mostly Kept Falling, Will This One Too? || UiPath (PATH) Q2 2027 Earnings Call Transcript || UiPath Reports Second Quarter Fiscal 2027 Financial Results - UiPath || PATH Stock Slides As Earnings Disappoint And Wall Street Stays Cautious - StocksToTrade || UiPath (PATH) CEO reshuffles 5M shares between classes and entities - Stock Titan || Why UiPath Stock Fell 17% Last Week Despite Beating Estimates - TIKR.com"
1802.T,2026-09-13,Obayashi Corporation,Industrials,10,google_news|yfinance,positive,True,"L'actualité présente plusieurs éléments positifs, tels que l'acquisition de Multiplex par Obayashi pour 650 millions de dollars, qui pourrait renforcer la position de l'entreprise sur le marché, ainsi que les résultats financiers solides de Obayashi, qui ont permis à son action de connaître une fort","Brookfield agrees to divest builder Multiplex to Obayashi for $650m || Brookfield Business Selling Multiplex to Japan's Obayashi For $650 Million || Soft China Economic Reports Roil Asian Stock Markets || Obayashi (TSE:1802) Valuation Check After Strong 1 Year Shareholder Returns || This Khosla-backed autonomous pod startup just raised $170M — now it’s aiming for more || Acquisition of Multiplex Global Limited, a Company Operating Construction Businesses in Australia, the UK and Canada - obayashi.co.jp || Obayashi Corporation Revenue Breakdown – TSE:1802 - TradingView || Japan’s Obayashi to acquire Multiplex from Brookfield for $526 mln - Investing.com || Obayashi Enters Toll Road Concession Business in Jakarta, Indonesia | News | Obayashi Global - obayashi.co.jp || Brookfield agrees to sell construction unit Multiplex for $650M - Stock Titan"
2404.TW,2026-09-13,"United Integrated Services Co., Ltd.",Industrials,5,google_news,neutral,True,"Les actualites presentes ne contiennent pas de informations de nature financiere ou de developpement significatif pour l'action de United Integrated Services Co., Ltd.","2404 Stock Price and Chart — TWSE:2404 - TradingView || Wasatch Emerging Markets Select Fund Q2 2026 Commentary (undefined:WAESX) - Seeking Alpha || TSMC 2024 Supply Chain Management Forum Presents Awards to Outstanding Suppliers - pr.tsmc.com || Taiwan stocks higher at close of trade; Taiwan Weighted up 0.91% - Investing.com || Taiwan Cogeneration Corporation (8926.TW) Stock Price, News, Quote & History - Yahoo Finance"
9939.TW,2026-09-13,"Taiwan Hon Chuan Enterprise Co., Ltd.",Consumer Cyclical,5,google_news,positive,True,"Aucune information négative ou neutre est présente dans les actualités fournies, les sources sont toutes positives et indiquent une action en augmentation.","Taiwan Hon Chuan Enterprise Co., Ltd. Income Statement – TWSE:9939 - TradingView || 9939 Stock Price and Chart — TWSE:9939 - TradingView || K Laser Technology Inc. (2461.TW) Stock Price, News, Quote & History - Yahoo Finance || Dimensional Emerging Markets Core Equity 2 ETF Holdings - Quiver Quantitative || Technical Analysis of Taiwan Hon Chuan Enterprise Co., Ltd. (TWSE:9939) - TradingView"
GL,2026-09-13,Globe Life Inc.,Financial Services,10,google_news|yfinance,positive,True,"Les actualites presentes sont presque toutes positives, avec des articles sur l'ouverture d'une nouvelle office de Texas, des recommandations de dividendes et des performances financieres solides, mais sans aucun article negatif ou critique significative.",NYSE Texas Office Opening: Globe Life Co-CEOs Cover Lone Star State Importance || 3 Insurance Stocks We Keep Off Our Radar || Want Double-Digit Gains From Insurance Stocks? Morgan Stanley Suggests 2 Names to Consider || 3 Reasons to Avoid GL and 1 Stock to Buy Instead || Globe Life's Health Insurance Growth Powers Earnings Momentum || Globe Life Inc. stock underperforms Tuesday when compared to competitors - MarketWatch || Is Globe Life Inc. (GL) A Good Stock To Buy Now? - Yahoo Finance || Globe Life stock heads into the open after a 0.9 percent dip - ad-hoc-news.de || GLOBE LIFE INC. DECLARES DIVIDEND - PR Newswire || 3 Reasons to Avoid GL and 1 Stock to Buy Instead - Yahoo Finance
GEO,2026-09-13,"The GEO Group, Inc.",Industrials,10,google_news|yfinance,positive,True,"Les actualites presentes sont presque toutes positives, avec des mentions de croissance, de performances financieres solides et d'augmentations de guidance, ce qui suggere un ton general positif pour l'action de The GEO Group, Inc.","Here's Why Investors Should Retain Global Payments Stock for Now || ICFI Stock Rises 22% in 3 Months: Here's What You Should Know || Strong Engagement & Contract Value Strengthen Gartner's Prospects || Geo Group (GEO) Is a Great Choice for 'Trend' Investors, Here's Why || 2 Growth Stocks with All-Star Potential and 1 We Question || The GEO Group Reports First Quarter Results and Increases Full Year 2026 Guidance | The GEO Group, Inc. - The GEO Group || The GEO Group, Inc. Just Beat Earnings Expectations: Here's What Analysts Think Will Happen Next - Yahoo Finance || Here's Why Investors Should Retain Global Payments Stock for Now - TradingView || The GEO Group Reports Third Quarter 2025 Results and Increases Share Repurchase Authorization to $500 Million - The GEO Group || Government Contract Update: $36M payment to THE GEO GROUP, INC - Quiver Quantitative"
ABEV3.SA,2026-09-13,Ambev S.A.,Consumer Defensive,10,google_news|yfinance,positive,True,"Les actualites recentes sur Ambev S.A. (ABEV3.SA) montrent une croissance revenue et des marges expansionnees, avec un ton general positif sur les resultats du Q2 2026.","Ambev (ABEV) Q2 2026 Earnings Call Transcript || Ambev SA (ABEV) (Q2 2026) Earnings Call Highlights: Strong Beer Growth and Digital Expansion ... || Ambev Q2 Earnings Call Highlights || CCU vs. ABEV: Which Stock Should Value Investors Buy Now? || PepsiCo Q2 Earnings Beat on Volume Gains & International Strength || Archford Capital Strategies LLC Sells 352,698 Shares of Ambev S.A. $ABEV - MarketBeat || Ambev Details August 2026 Insider Holdings and Management Share Transfer - The Globe and Mail || Stock options running to 2029 for Ambev (NYSE: ABEV) logistics VP - Stock Titan || Ambev (ABEV) is an Incredible Growth Stock: 3 Reasons Why - Yahoo Finance || ABEV Stock Grinds Higher As Tight Range Draws Trader Focus - StocksToTrade"
SNA,2026-09-13,Snap-on Incorporated,Industrials,10,google_news|yfinance,positive,True,"Bien que certaines actualités mentionnent des risques et des préoccupations, le ton général est dominé par des éléments positifs, tels que l'excitation pour les résultats de Q2, la croissance des revenus et la confiance des analystes.","3 Reasons SNA is Risky and 1 Stock to Buy Instead || Are Wall Street Analysts Bullish on Snap-on Stock? || Snap On (SNA) Beat Expectations, Is The Stock Fully Priced? || Spotting Winners: Snap-on (NYSE:SNA) And Professional Tools and Equipment Stocks In Q2 || Can Snap-on's RCI Execution and Innovation Sustain Growth? || Snap-On Incorporated $SNA Shares Sold by Amundi - MarketBeat || Snap-on Incorporated Declares Quarterly Dividend - Yahoo Finance || HighTower Advisors LLC Trims Stock Holdings in Snap-On Incorporated $SNA - MarketBeat || Snap-on Incorporated Declares Quarterly Dividend; Announces $500 Million Share Repurchase Authorization - Business Wire || Is Snap-on Stock a Buy as Strong Margins Meet a Premium Valuation? - Yahoo Finance"
AMN,2026-09-13,"AMN Healthcare Services, Inc.",Healthcare,10,google_news|yfinance,positive,True,"Les actualites presentes sont presque toutes positives, avec des mentions de croissance, de reprise de la demande de personnel et de croissance du chiffre d'affaires, ce qui suggere un ton general positif pour l'action AMN.",Here's Why You Should Retain AMN Stock in Your Portfolio for Now || 3 Reasons to Avoid AMN and 1 Stock to Buy Instead || 1 Small-Cap Stock on Our Buy List and 2 We Ignore || Job Market Uncertainty Pushes Commercial Staffing Stocks Up 80% This Year || 3 Stocks Under $50 We Steer Clear Of || Here's Why You Should Retain AMN Stock in Your Portfolio for Now - TradingView || A Look at AMN Healthcare Services Inc (AMN) After 3.8% Decline -- GF Value $29.72 vs Price $33.05 - GuruFocus || Is AMN Healthcare Services (AMN) Stock Outpacing Its Business Services Peers This Year? - Yahoo Finance || AMN HEALTHCARE ANNOUNCES SECOND QUARTER 2026 RESULTS - PR Newswire || AMN - AMN Healthcare Services Inc Stock Price and Quote - Finviz
GOOGL,2026-09-13,Alphabet Inc.,Communication Services,10,google_news|yfinance,positive,True,"Les actualites presentes sont presque toutes positives, avec des articles sur des partenariats avec Google, des commentaires positifs d'Elon Musk sur une action concurrente, et des analyses positives sur les opportunites d'investissement dans Alphabet Inc.","Agentic commerce: Is Payments the winner this time? || Nvidia vs. AMD: Elon Musk Picked a Side on the SpaceX Earnings Call || Google's Historic 396 MW Clean Energy Deal Just Changed the Game for 1 AI Power Play || Anthropic’s Prisoner’s Dilemma: Dario Amodei Hits the Brakes on AI While Begging Everyone Else to Do the Same || ‘The Oil of the Next 50 Years’ — Trump Touts AI Data Centers Delivering Wealth and Investment to Communities || Why Alphabet Stock Just Popped - Yahoo Finance || Alphabet: Chips War Is Now In Its Favor - Seeking Alpha || Alphabet’s Dip is a Clear Buying Opportunity - 24/7 Wall St. || Alphabet vs. Meta: One Magnificent Seven Stock Is the Better Buy - 24/7 Wall St. || Cathie Wood’s ARK sells Alphabet stock, buys Meta and Beam Therapeutics - Investing.com"
AMZN,2026-09-13,"Amazon.com, Inc.",Consumer Cyclical,10,google_news|yfinance,positive,True,"Les actualites presentes sont presque toutes positives, avec des mentions de croissance, de croissance de chiffre d'affaires et d'investissements, ce qui suggere un ton general positif pour l'action Amazon.com, Inc.","Nvidia vs. AMD: Elon Musk Picked a Side on the SpaceX Earnings Call || Sirius XM CEO Highlights Cash Flow Growth, New Sports Plans and Ad Expansion at Conference || Anthropic’s Prisoner’s Dilemma: Dario Amodei Hits the Brakes on AI While Begging Everyone Else to Do the Same || Amazon Price Prediction: The Stock’s Path Toward $300 Looks Clearer || $2.3 Billion in Daily Profits: Why Betting Against the Magnificent 7 Keeps Failing || Succession Financial Inc. Acquires Shares of 2,093 Amazon.com, Inc. $AMZN - MarketBeat || Amazon.com, Inc. (AMZN) is Attracting Investor Attention: Here is What You Should Know - Yahoo Finance || Amazon.com Announces Second Quarter Results - Amazon Investor Relations || 10,326 Shares in Amazon.com, Inc. $AMZN Purchased by Objectivity Squared LLC - MarketBeat || 341,911 Shares in Amazon.com, Inc. $AMZN Bought by Trust Co. of Vermont - MarketBeat"
ASM.AS,2026-09-13,ASM International NV,Technology,10,google_news|yfinance,positive,True,"Les actualites presentes sont presque toutes positives, avec des gains pour les actions de semiconducteurs, des results positifs pour Nvidia et des commentaires positifs sur l'action d'ASM International.","European Chip Stocks Rise, Buoyed By Asian Peers || Is Analog Devices (ADI) Outperforming Other Computer and Technology Stocks This Year? || Chip Stocks Driven Higher by Nvidia Results and Guidance || European Chip Stocks Rise After Nvidia Results, Guidance || European Chip Stocks Mixed Ahead of Nvidia Earnings || ASM share buyback update August 31 – September 4, 2026 - Yahoo Finance || A chipmaking equipment maker has used 84.9% of its €150 million share-buyback plan. - Stock Titan || ASM International Rides on AI-Driven Semiconductor Boom: Worth a Buy? - Zacks Investment Research || ASM stock trades steadily on Euronext as investors await fresh catalysts - ad-hoc-news.de || Earnings call transcript: ASM International posts record q2 2026 revenue, stock falls - Investing.com"
JAZZ,2026-09-13,Jazz Pharmaceuticals plc,Healthcare,10,google_news|yfinance,positive,True,"Les actualites presentes sont presque toutes positives, avec des mentions de performances solides, de valeurs attractives et de perspectives de croissance, ce qui suggere un ton general positif pour l'action JAZZ.","3 Cash-Producing Stocks We’re Skeptical Of || 2 Reasons to Avoid JAZZ and 1 Stock to Buy Instead || Jazz Pharmaceuticals Sees Meaningful Long-Term Value From Ziihera's Pursuits Beyond GEA, UBS Says || 1 Value Stock with Exciting Potential and 2 We Brush Off || Quoin in line for priority review voucher if rare paediatric drug approved || Jazz Pharmaceuticals (JAZZ) Stock Looks Reasonable On Value While Returns Look Stretched - simplywall.st || Jazz Pharmaceuticals (NASDAQ: JAZZ) exec to sell restricted stock - Stock Titan || Jazz Pharmaceuticals Announces Private Offering of $1.0 Billion of Exchangeable Senior Notes due 2032 and Concurrent Ordinary Share Repurchases - PR Newswire || Jazz Pharmaceuticals plc (JAZZ) Stock Analysis: Strong Buy Ratings and a 17.28% Upside Potential - DirectorsTalk Interviews || Jazz Pharmaceuticals Stock Price Forecast. Should You Buy JAZZ? - StockInvest.us"
URBN,2026-09-13,"Urban Outfitters, Inc.",Consumer Cyclical,10,google_news|yfinance,positive,True,"Les actualites presentes sont presque toutes positives, avec des articles qui soulignent les performances de l'action, son potentiel de valeur et son avantage par rapport a d'autres actions du secteur.","URBN or ZGN: Which Is the Better Value Stock Right Now? || Urban Outfitters, Tilly's, and Kohl's Shares Skyrocket and Plummet, What You Need To Know || Reformation Reports Double-Digit Income & Revenue Growth || American Eagle Outfitters Sinks 13% as $161M Tariff Refund Flatters Beat; Urban Outfitters Drops 3%, Abercrombie & Fitch Slips || Are Investors Undervaluing Urban Outfitters (URBN) Right Now? || Are Investors Undervaluing Urban Outfitters (URBN) Right Now? - Yahoo Finance || Urban Outfitters, Inc. $URBN Shares Sold by Hsbc Holdings PLC - MarketBeat || Urban Outfitters (NASDAQ:URBN): A Decent Value Play with a Debt-Free Edge - ChartMill || Here's Why Urban Outfitters (URBN) is a Strong Value Stock - easternprogress.com || Is Urban Outfitters Inc (URBN) Overvalued After 3.9% Rally? GF V - GuruFocus"
DCI,2026-09-13,"Donaldson Company, Inc.",Industrials,10,google_news|yfinance,positive,True,"Les actualites presentes sont presque toutes positives, avec des mentions de croissance, de croissance des revenus et de performances financieres solides, ce qui suggere un ton general positif pour l'action de Donaldson Company, Inc.","1 Mid-Cap Stock on Our Watchlist and 2 We Avoid || 1 Mid-Cap Stock for Long-Term Investors and 2 We Brush Off || Donaldson’s (DCI) Billion-Dollar Quarter Hides A Costlier Bet Ahead || Donaldson (DCI) Stock Looks Reasonable On Earnings But Rich On Cash Flow || DCI Q2 Deep Dive: Acquisition Momentum, Segment Growth, and Margin Expansion Shape Outlook || Hsbc Holdings PLC Has $6.31 Million Stock Position in Donaldson Company, Inc. $DCI - MarketBeat || Is Now The Time To Look At Buying Donaldson Company, Inc. (NYSE:DCI)? - Moomoo || Donaldson Company, Inc. Q4 2026 Earnings Call Summary - Yahoo Finance || Donaldson (NYSE: DCI) officer plans roughly $195K stock sale - Stock Titan || HighTower Advisors LLC Sells 151,767 Shares of Donaldson Company, Inc. $DCI - MarketBeat"
1878.T,2026-09-13,"Daito Trust Construction Co.,Ltd.",Real Estate,6,google_news|yfinance,positive,True,"Les actualites presentes montrent des initiatives de developpement de nouveaux projets et d'expansion de l'entreprise dans de nouveaux marches, ce qui suggere une perspective positive pour l'action.","Daito Trust Construction (TSE:1878): Assessing Valuation as Shares Show Subtle Uptrend || Daito Trust Construction concludes agreement on transfer of shares in the Coastline Group (Los Angeles, California, USA) - kentaku.co.jp || Daito Trust Construction launches purchase, renovation, and resale business in Texas to expand its business in North America - kentaku.co.jp || Daito Trust Construction Co.,Ltd. 2027 Q1 - Results - Earnings Call Presentation (OTCMKTS:DIFTY) 2026-08-01 - Seeking Alpha || Daito Trust Construction to launch the Takaoka Ejiri Center Project (tentative name) as its first community development project - kentaku.co.jp || Daito Trust Construction jointly develops program to help foreign engineers obtain national qualifications - kentaku.co.jp"
AMG,2026-09-13,"Affiliated Managers Group, Inc.",Financial Services,10,google_news|yfinance,positive,True,"Les actualites presentes montrent un ton general positif, avec des repurchases de actions, des mentions de performances solides et des analyses positives de l'action d'Affiliated Managers Group, Inc. (AMG).","2 Momentum  Stocks with Competitive Advantages and 1 We Ignore || Affiliated Managers Group Repurchased About $375 Million of Stock in 6 Months || Is Affiliated Managers Group (AMG) Stock Outpacing Its Finance Peers This Year? || Should Value Investors Buy Affiliated Managers Group (AMG) Stock? || AMG vs. BLK: Which Stock Is the Better Value Option? || Squarepoint Ops LLC Buys 10,029 Shares of Affiliated Managers Group, Inc. $AMG - MarketBeat || ETFs Investing in Affiliated Managers Group, Inc. Stocks - TradingView || Is Affiliated Managers Group (AMG) Stock Outpacing Its Finance Peers This Year? - Yahoo Finance || Hsbc Holdings PLC Sells 4,266 Shares of Affiliated Managers Group, Inc. $AMG - MarketBeat || Here's Why Affiliated Managers Group (AMG) is a Strong Momentum Stock - easternprogress.com"
AMAT,2026-09-13,"Applied Materials, Inc.",Technology,9,google_news|yfinance,positive,True,"Les actualites presentes sont presque toutes positives, avec des appels pour acheter l'action de long terme, des comparaisons favorables avec d'autres actions du secteur, et des mentions de performances solides et de valeurs attractives.","Jim Cramer Calls Applied Materials (AMAT) a Long-Term Buy || Applied Materials vs. Micron Technology: Which Technology Stock Is a Better Buy in 2026? || Astera Labs vs. Applied Materials: Which Technology Stock Is a Better Buy in 2026? || Semiconductor Manufacturing Stocks Q2 Results: Benchmarking Applied Materials (NASDAQ:AMAT) || Is Trending Stock Applied Materials, Inc. (AMAT) a Buy Now? || Applied Materials (NASDAQ:AMAT): A Quality Stock Built for Long-Term Compounding - ChartMill || Is Trending Stock Applied Materials, Inc. (AMAT) a Buy Now? - Yahoo Finance || UnitedHealth, Applied Materials, Citigroup Stocks Surged To 52-Week Highs Today: What Drove The Uptick? - Stocktwits || Applied Materials Inc. stock underperforms Thursday when compared to competitors - MarketWatch"
5706.T,2026-09-13,"Mitsui Kinzoku Company, Limited",Industrials,10,google_news|yfinance,positive,True,"L'action de Mitsui Kinzoku Company, Limited est positive car elle a annoncé un accord avec Gelion PLC pour développer et amplifier la technologie de batterie à soufre, ce qui suggère une opportunité de croissance et de développement.","Gelion CEO says £2m Mitsui Kinzoku deal will help develop and scale up sulfur battery tech || U.S. Chip Stocks Suffering from Fragile Investor Sentiment || Earnings, Crude Prices Roil Asian Stock Markets || Persian Gulf, Oil Price Outlooks Buoy Asian Stocks Markets || Tech Revival Lifts Asian Stock Markets || Mitsui Kinzoku Company, Limited 2027 Q1 - Results - Earnings Call Presentation (OTCMKTS:MMSMY) 2026-08-11 - Seeking Alpha || Execution of a Memorandum of Understanding Concerning the Integration … | News | Mitsubishi Materials Corporation - mmc.co.jp || Hi-Lex Corporation entered into share transfer agreement to acquire Mitsui Kinzoku ACT Corporation from Mitsui Mining & Smelting Co., Ltd. for ¥11.3 billion. - marketscreener.com || Solid Electrolyte Material for Batteries Market Size and Growth Analysis 2026 to 2035 - Insightace Analytic || Oil Outlook Dulls Asian Stock Markets - marketscreener.com"
TGTX,2026-09-13,"TG Therapeutics, Inc.",Healthcare,10,google_news|yfinance,positive,True,"L'action de TG Therapeutics est mentionnée dans plusieurs articles positifs, tels que le titre 'IBD Stock Of The Day' et 'TG Therapeutics Stock Outperforms 95% of Stocks', qui suggèrent que la tendance actuelle est positive.","Kymera Therapeutics (KYMR) Up 10.2% Since Last Earnings Report: Can It Continue? || IBD Stock Of The Day, TG Therapeutics, Eyes Breakout After Topping Early Buy Point || TG Therapeutics (TGTX) Up 15.1% Since Last Earnings Report: Can It Continue? || TGTX Stock Pares Opening Losses After Analyst Dismisses Competition From Novartis || TGTX Stock Outperforms 95% of Stocks. Here's Why. || TG Therapeutics (NASDAQ: TGTX) director plans $274,794.08 stock sale - Stock Titan || TG Therapeutics Reports Second Quarter 2026 Financial Results and Raises BRIUMVI® Revenue Guidance - TG Therapeutics || Is TG Therapeutics, Inc. (TGTX) A Good Stock To Buy Now? - Yahoo Finance || TG Therapeutics (TGTX) to Report Q2 Results: Wall Street Expects Earnings Growth - easternprogress.com || TG Therapeutics, Inc. (TGTX) Stock Analysis: Unveiling a 24.52% Upside Potential in the Biotech Sector - DirectorsTalk Interviews"
BPOP,2026-09-13,"Popular, Inc.",Financial Services,10,google_news|yfinance,positive,True,"Les actualites presentes sont presque toutes positives, avec des annonces de dividendes, des performances de croissance et des analyses positives des actions de Popular Inc.","Popular Inc's Dividend Analysis || Popular (BPOP), Why Is It Back In The Spotlight? || Spotting Winners: Popular (NASDAQ:BPOP) And Regional Banks Stocks In Q2 || 3 Market-Beating Stocks with Competitive Advantages || 2 Reasons to Like BPOP (and 1 Not So Much) || Popular Inc's Dividend Analysis - Yahoo! Finance Canada || Popular Inc (BPOP) Stock Price, Trades & News - GuruFocus || Press Release: Popular, Inc. Declares Dividend on Preferred Stock and Announces Distribution on Trust Preferred Securities - Moomoo || Popular (BPOP) risk chief reports 4,004-share stake - Stock Titan || Popular Inc. (NASDAQ:BPOP) Shows High Growth Momentum and Breakout Setup - ChartMill"
2379.TW,2026-09-13,Realtek Semiconductor Corp.,Technology,9,google_news|yfinance,neutral,True,"Les actualites presentes sont mixtes, avec des informations sur des projets de financement, des tendances de demande, des risques liés à la domination de Taiwan par la Chine et des informations sur les revenus et les employes de l'entreprise, ce qui suggere un ton neutre.","GMI Cloud Seeks $635 Million GPU-Backed AI Infrastructure Loan || RealTek sees mixed demand trends as second-half visibility remains limited (RLTQY) || Nikki Haley Says If China Controls Taiwan, The Communist Party Gains Leverage Over World's Critical Supply Chain: 'Threat To Global Freedom' || DIP (TSE:2379) Margin Decline Reinforces Concerns Over Profitability and Dividend Stability || Realtek Semiconductor Number of Employees 2026 | Employee Count & Headcount Data - Revelio Labs || Realtek Semiconductor Corp Revenue Breakdown – TWSE:2379 - TradingView || Realtek Launched Worldwide First USB-IF Fully Certified (TID: 11930) Multi-Port USB4 Hub Controller (RTS5490), Integrating USB Type‑C/PD Functionality - PR Newswire || Realtek Semiconductor Corp Dividends – TWSE:2379 - TradingView || Realtek net profit hits record high on strong demand - Taipei Times"
THG,2026-09-13,"The Hanover Insurance Group, Inc.",Financial Services,10,google_news|yfinance,neutral,True,"Les actualites presentes sont mixtes, avec des articles sur les dividendes et la croissance de l'entreprise, mais aussi des articles sur les risques et les défis potentiels, ce qui suggere un ton neutre.","The Hanover Insurance Group Inc's Dividend Analysis || Are You Looking for a Top Momentum Pick? Why Hanover Insurance Group (THG) is a Great Choice || Should Value Investors Buy The Hanover Insurance Group (THG) Stock? || The Case for Holding MetLife Stock: What Investors Need to Know || Aon's $17 Billion USI Deal: A Costly Bet on Middle-Market Growth || The Hanover Insurance Group Inc's Dividend Analysis - Yahoo Finance || The Hanover Insurance Group, Inc. $THG Holdings Increased by California State Teachers Retirement System - MarketBeat || Best Value Stocks to Buy for June 9th - easternprogress.com || Should Value Investors Buy The Hanover Insurance Group (THG) Stock? - Yahoo Finance || The Hanover Insurance Group, Inc. Announces New Share Repurchase Authorization - PR Newswire"
7269.T,2026-09-13,Suzuki Motor Corporation,Consumer Cyclical,10,google_news|yfinance,positive,True,"L'actualité présente plusieurs éléments positifs, tels que la croissance de Pricol Ltd, la présence de Suzuki dans le marché des véhicules électriques, ainsi que la confiance des investisseurs dans l'action, ce qui suggère un ton général positif.","Pricol Ltd (BOM:540293) (Q1 2027) Earnings Call Highlights: Revenue Surges 23% as Demerger ... || BYD Bets Small EV Can Crack Japan || Toyota backs Tier IV in level 4 autonomous vehicle push || FIEM Industries Ltd (BOM:532768) Q4 2026 Earnings Call Highlights: Record Growth and Strategic ... || Suzuki opens second plant in Kharkhoda, India || Suzuki Motor Corporation (7269) Stock Price Quote Today & Current Price Chart - Capital.com || With 60% institutional ownership, Suzuki Motor Corporation (TSE:7269) is a favorite amongst the big guns - simplywall.st || Suzuki Motor Corporation FY2025 Results: Revenue Up 8.0%, Profit Attributable to Owners Rises 5.6% - scanx.trade || Suzuki stock slips as Maruti Suzuki extends decline despite new Eeco milestone - ad-hoc-news.de || Suzuki Motor Corp plans to take full control of Pak Suzuki, delist its shares - Reuters"
9766.T,2026-09-13,Konami Group Corporation,Communication Services,7,google_news|yfinance,positive,True,"L'actualité présente plusieurs éléments positifs, tels que la rotation des investissements vers les actions de jeux vidéo japonais, la réussite des résultats financiers de Konami et la mise en place de nouvelles stratégies de réduction des unités de trading.",Nintendo Surges 6.8% As AI Fatigue Sparks Gaming Rotation || Does Konami’s BOMBERMAN Slot Debut Signal a Deeper Shift in IP Strategy for Konami (TSE:9766)? || 9766 Stock Price and Chart — TSE:9766 - TradingView || Results: Konami Group Corporation Beat Earnings Expectations And Analysts Now Have New Forecasts - simplywall.st || REG - Konami Group Corp - Release: Policy on Reduction of Stock Trading Unit - TradingView || Cashless casinos and tailored rewards on every Carnival Cruise Line ship - Stock Titan || KONAMI Group Corporation Revenue Breakdown – TSE:9766 - TradingView
LCII,2026-09-13,LCI Industries,Consumer Cyclical,10,google_news|yfinance,neutral,True,"Bien que LCI Industries ait rapporté une augmentation des bénéfices et une expansion des marges, l'actualité souligne également la softness du marché et la nécessité de cost-cutting, ce qui maintient un ton neutre.","Lippert named Fun Town RV CEO || LCI Industries (LCII) Q2 2026 Earnings Call Transcript || LCI Industries Q2 Earnings Call Highlights || LCI Industries Inc (LCII) (Q2 2026) Earnings Call Highlights: Margin Expansion and Strategic ... || Patrick Industries (PATK) Stock Looks Reasonable On Cash Flow While Earnings Look Rich || Squarepoint Ops LLC Acquires 21,771 Shares of LCI Industries $LCII - MarketBeat || LCI Industries (LCII) Agrees To All Stock Merger With Patrick Industries - Yahoo Finance || US antitrust review restarts for LCI Industries (NYSE: LCII) merger plan - Stock Titan || McDermott Will & Schulte advises Patrick Industries in Announced All-Stock Merger with LCI Industries - McDermott Will & Schulte || LCI Industries (LCII) Stock Looks Cheap On Earnings While Cash Flow Points Higher - simplywall.st"
2432.T,2026-09-13,"DeNA Co., Ltd.",Industrials,9,google_news|yfinance,positive,True,"L'actualité présente des informations positives sur DeNA Co., Ltd., telles que des gains de valeur, une augmentation de la rentabilité et une autorisation de share buyback, ce qui suggère un ton positif pour l'action.","Is DeNA (TSE:2432) Cheap As Q1 Net Income Jumps Despite Lower Sales? || Nintendo announces $1.9 billion share sale by Kyoto bank and others || DeNA (TSE:2432): Assessing Valuation After Recent Steady Gains || Profit Taking Eases Asian Stock Markets From Recent Highs || DeNA Number of Employees 2026 | Employee Count & Headcount Data - Revelio Labs || EXCLUSIVE: Nintendo announces $1.9 billion share sale by Kyoto bank and others - Reuters || DeNA Co. Ltd (OTC: DNACF) Stock Price, News & Analysis - Kalkine || Nintendo (NTDOY) authorizes share buyback to offset secondary offering, sales by DeNA and banks - Shacknews || Here’s the latest information about Pokémon Trading Card Game Pocket, a Pokémon Trading Card Game app for mobile devices! - 株式会社ディー・エヌ・エー | DeNA"
SAF.PA,2026-09-13,Safran SA,Industrials,10,google_news|yfinance,positive,True,"Les actualites presentes sont presque toutes positives, avec des mentions de croissance, de nouveaux contrats et de performances solides, ce qui suggere un ton general positif pour l'action de Safran SA.","Can RTX's GTF Aftermarket Expansion Boost Its Growth Outlook? || Amazon books 6 more Arianespace launches for Kuiper satellites || GE Aerospace’s $11.75B Deal Puts Howmet Aerospace in Focus || GE Aerospace's LEAP Engine Deliveries Jumped 41% This Year. Here's Why Boeing and Airbus Both Need That Number to Keep Climbing. || NextNav Q2 Earnings Call Highlights || Price to sales forward of Safran SA – AQUISEU:SAFP - TradingView || Has Safran (SAFRY) Outpaced Other Aerospace Stocks This Year? - Yahoo Finance || Safran stock holds firm as investors digest H1 2026 results and Franco-Indian space contracts - ad-hoc-news.de || Up Over 35% in the Last Year, Can SAF Stock Keep Climbing In 2026? - TIKR.com || Safran: The Disconnect Between Fundamentals And Price (OTCMKTS:SAFRF) - Seeking Alpha"
UCG.MI,2026-09-13,UniCredit S.p.A.,Financial Services,10,google_news|yfinance,positive,True,"Les actualites presentes sont presque toutes positives, avec des upgrades de valeur, des gains de valeur pour l'action et des plans de croissance pour l'entreprise.","This International Manager Is Betting Big on Banks and Energy, but Not Tech || Greenvolt secures $254m UniCredit funding for Polish BESS projects || Greenvolt secures financing package from Unicredit for BESS projects in Poland || Commerzbank (XTRA:CBK) Stock Looks Fairly Valued Despite Fresh ECB Bid News || Italy’s Monte dei Paschi Makes $40 Billion Move to Buy Rival Banks || UniCredit (UNCRY) Upgraded to Buy: What Does It Mean for the Stock? - Yahoo Finance || UniCredit stock gains as crypto custody plans and Commerzbank deal reshape growth story - ad-hoc-news.de || UniCredit: We Raise Our Fair Value Estimate by 39%; Shares Modestly Undervalued - Morningstar || UniCredit S.p.A. Stock 12‑Month Price Target Raised to €91.66, Implies 14% Upside - TradingView || UniCredit Nears Commerzbank Control as Stake Set to Top 47% - Bloomberg.com"
OFG,2026-09-13,OFG Bancorp,Financial Services,10,google_news|yfinance,positive,True,"Les actualites presentes sur OFG Bancorp (OFG) sont majoritairement positives, avec des articles qui mettent en avant son rendement en dividendes, son classement dans les petites capitalisations et son acquisition par Squarepoint Ops LLC, ce qui suggere un ton general positif.","1 Small-Cap Stock on Our Buy List and 2 That Underwhelm || OFG Bancorp (OFG) is a Top Dividend Stock Right Now: Should You Buy? || Q2 Regional Banks Earnings Review: First Prize Goes to OFG Bancorp (NYSE:OFG) || New Strong Buy Stocks for August 25th || Best Income Stocks to Buy for August 25th || OFG Bancorp (NYSE: OFG) CEO gifts stock, still holds 152,056.688 shares - Stock Titan || Squarepoint Ops LLC Acquires 26,278 Shares of OFG Bancorp $OFG - MarketBeat || OFG Bancorp (OFG) is a Top Dividend Stock Right Now: Should You Buy? - Yahoo Finance || Q2 Earnings Highs And Lows: First Financial Bancorp (NASDAQ:FFBC) Vs The Rest Of The Regional Banks Stocks - StockStory || Is OFG Bancorp (OFG) Undervalued As Dividend Growth Draws Fresh Attention? - simplywall.st"
1893.T,2026-09-13,"Penta-Ocean Construction Co., Ltd.",Industrials,8,google_news|yfinance,neutral,True,L'actualité présente une équilibre entre des informations positives (contrats d'installation de turbines éoliennes et introduction d'un J-ESOP) et des informations négatives (dissolution de Mizuho et des problèmes d'insécurité financière),DEME secures offshore wind turbine installation contract in Japan || Mizuho Dropped From Bond Deals as SESC Probe Unfolds || Reviewing Penta-Ocean Construction (TSE:1893) Valuation as Investor Interest Builds Without Major Headlines || Penta-Ocean Construction Number of Employees 2026 | Employee Count & Headcount Data - Revelio Labs || How Penta-Ocean’s Planned J-ESOP Introduction At Penta-Ocean Construction (TSE:1893) Has Changed Its Investment Story - simplywall.st || 1803 Stock Price and Chart — TSE:1803 - TradingView || Penta-Ocean's New Offshore Wind Turbine Installation Vessel Set for Japan Debut - Offshore Engineer Magazine || China Railway Constr Number of Employees 2026 | Employee Count & Headcount Data - Revelio Labs
2006.TW,2026-09-13,Tung Ho Steel Enterprise Corporation,Basic Materials,5,google_news,neutral,True,L'actualité présente une équilibre entre des informations positives (financement et stabilité des prix) et des informations neutres ou positives pour l'entreprise (leader en urban mining et recherche sur l'utilisation du slag de fer),"Evergreen Steel Corp. (2211.TW) Stock Price, News, Quote & History - Yahoo Finance || Steelmaker Tung Ho Vietnam secures $25 mln finance from Standard Chartered - Theinvestor || Tung Ho Steel keeps H-beam prices stable - steelradar.com || Why Taiwan Is Becoming a Leader in Urban Mining - Time Magazine || Mineralization and Utilization using Steel Slag for Establishing a Waste-to-Resource Supply Chain - Nature"
B3SA3.SA,2026-09-13,"B3 S.A. - Brasil, Bolsa, Balcão",Financial Services,7,google_news|yfinance,positive,True,"Les actualites presentes sont presque toutes positives, avec des mentions de croissance revenue, de nouveaux produits et de stabilisation, ce qui suggere un ton general positif pour l'action. [verification 'delisting' : resolu favorablement (3/3 votes) -- Projet de delisting volontaire, ce n'est pas une raison de se désaler, car l'entreprise continue à coter sur B3]","B3 SA - Brasil Bolsa Balcao (BOLSY) Q4 2025 Earnings Call Highlights: Strong Revenue Growth and ... || B3 SA - Brasil Bolsa Balcao (BOLSY) Q3 2025 Earnings Call Highlights: Resilient Growth Amid ... || ETFs Investing in B3 SA - Brasil, Bolsa, Balcao Unsponsored ADR Stocks - TradingView || B3 S.A. Got An Antitrust Warning Because Of The Strength Of Its Moat (Rating Downgrade) - Seeking Alpha || Banrisul to Pay R$ 90 Million in Interest on Own Capital for Q3 2026 - The Globe and Mail || Homerun Resources Inc. Announces Sponsored BDR Listing on B3 Stock Exchange - Investing News Network || Cosan Notifies NYSE of Voluntary Delisting of ADSs, Will Continue Trading on B3 | CSAN Stock News - quiverquant.com"
9942.TW,2026-09-13,NAK Sealing Technologies Corporation,Consumer Cyclical,3,google_news,negative,True,Aucune information positive ou neutre n'est disponible dans les actualités fournies.,3498 Stock Price and Chart — TPEX:3498 - TradingView || 4532 Stock Price and Chart — TWSE:4532 - TradingView || 6667 Stock Price and Chart — TPEX:6667 - TradingView
LAUR,2026-09-13,"Laureate Education, Inc.",Consumer Defensive,10,google_news|yfinance,neutral,True,"Les actualites presentes sont mixtes, avec des articles qui mentionnent des risques et des opportunites pour l'action, mais sans prendre une position clairement positive ou négative.","3 Small-Cap Stocks We Find Risky || Laureate Education (LAUR) Looks Fairly Valued, Is There Enough Upside Left? || 3 Hyped Up  Stocks We Think Twice About || TAL vs. LAUR: Which Stock Is the Better Value Option? || 3 Russell 2000 Stocks We Steer Clear Of || Here’s How Much You Would Have Made Owning Laureate Education Stock In The Last 5 Years - Benzinga || Snow Phipps plans $925K Laureate stock sale | LAUR SEC Filing - Form 144 - Stock Titan || 3 Reasons LAUR is Risky and 1 Stock to Buy Instead - Yahoo Finance || Laureate Education (NASDAQ:LAUR) Director Sells $101,143.94 in Stock - MarketBeat || LAUR - Laureate Education Inc Stock Price and Quote - Finviz"
DINO,2026-09-13,HF Sinclair Corporation,Energy,10,google_news|yfinance,positive,True,"Les actualites presentes montrent une tendance positive pour l'action HF Sinclair Corporation (DINO), avec des gains de plus de 50% sur les six derniers mois, des mentions de croissance et de valeur ajoutee, ainsi que des plans de spin-off qui pourraient renforcer la valeur de l'action.","Oil Prices are High, But These 2 Refining Stocks are Still Crushing It || Zacks.com featured highlights include LifeStance Health, Tutor Perini, News, Everus Construction and HF Sinclair || 5 Low-Leverage Stocks to Buy Amid Rising Oil Prices & Inflation Woes || How High-Return Refinery Investment Strengthens MPC's Long-Term Margins || High Gas Prices Aren't Budging—Here Are 3 Stocks That Benefit || Why Is HF Sinclair (DINO) Up 7.2% Since Last Earnings Report? - Yahoo Finance || HF Sinclair: The Share Price Can No Longer Be Justified With Mid-Cycle Earnings (Downgrade) - Seeking Alpha || HF Sinclair Stock Climbs 18% On A 8-Day Winning Streak - Trefis || HF Sinclair Corporation (DINO) Hit a 52 Week High, Can the Run Continue? - Yahoo Finance || HF Sinclair Plans Lubricants Spin-Off: Is it a Value-Unlocking Move? - TradingView"
4503.T,2026-09-13,Astellas Pharma Inc.,Healthcare,10,google_news|yfinance,positive,True,"L'action d'Astellas Pharma Inc. semble être influencée par les actualités positives sur les accords de prix avec les entreprises pharmaceutiques, ce qui suggère un ton positif pour l'action.","Trump Expands Drug Pricing Deals With 9 Pharma Companies, Bringing Total to 26 — RFK Jr. Details 'Very, Very Emotional' Conversations With President || Trump's MFN Push Goes Beyond Big Pharma, Adds 9 Mid-Sized Drugmakers || Mid-cap biotechs join Trump’s latest round of drug pricing deals || Trump lines up MFN deals with nine mid-size pharmas on drug pricing push || Trump's Pharma Pricing Deal Expands as Healthcare Stocks Keep Climbing || Why is Astellas Pharma stock climbing today? - Investing.com || Is Astellas Pharma (ALPMY) Stock Undervalued Right Now? - Yahoo Finance || Enterprise value to revenue forward of Astellas Pharma Inc. – TSE:4503 - TradingView || Astellas Pharma Number of Employees 2026 | Employee Count & Headcount Data - Revelio Labs || Astellas Pharma Inc. Just Recorded A 55% EPS Beat: Here's What Analysts Are Forecasting Next - simplywall.st"
1590.TW,2026-09-13,Airtac International Group,Industrials,6,google_news|yfinance,positive,True,"Les actualites presentes sont presque toutes positives, avec des croissances de revenue et de profit, des augmentations de revenue et des upgrades de la perspective de croissance.","Airtac International Group (TPE:1590) Q2 2026 Earnings Call Highlights: Robust Growth and ... || AirTAC Earnings: Strong Growth Continues, but Shares Remain Expensive - Morningstar || Wasatch International Growth's Top Q2 2026 Move: Exiting Inter & Co Inc at a -2. ... - Yahoo Finance || Airtac International's Revenue Surges 43% in August - marketscreener.com || Earnings call transcript: AirTAC lifts 2026 outlook after strong Q2 growth - Investing.com || 1590 Stock Price and Chart — TWSE:1590 - TradingView"
2303.TW,2026-09-13,United Microelectronics Corporation,Technology,10,google_news|yfinance,positive,True,"Les actualites presentes sont presque toutes positives, avec des mentions de croissance, de jumps de revenue et de valorisation, ce qui suggere un ton general positif pour l'action de United Microelectronics Corporation.","United Microelectronics Sales Jump 30% in August. UMC Stock Has More Room to Run. || ASE Technology Surges 16% in 3 Months: Time to Hold or Fold the Stock? || Taiwan Semiconductor Retains 73% Foundry Share: Is the Stock a Buy? || If You Have Some ‘Silly’ Money, United Microelectronics (UMC) Stock Is Worth a Look || The Firm That Filed a Bet Against Taiwan Semiconductor Then Launched a Foundry Fund Five Days Later || United Microelectronics Corporation (UMC) is a Great Momentum Stock: Should You Buy? - Yahoo Finance || Should I Buy UMC (United Microelectronics Corporation) | AI Analysis, Technical & News Insights - Kavout || ASE Technology Surges 16% in 3 Months: Time to Hold or Fold the Stock? - TradingView || UMC Stock Draws Trader Focus After Earnings Beat And AI Capex Push - StocksToTrade || UMC or LSCC: Which Is the Better Value Stock Right Now? - easternprogress.com"
YETI,2026-09-13,"YETI Holdings, Inc.",Consumer Cyclical,10,google_news|yfinance,neutral,True,"Bien que certains analystes ont exprimé une confiance en l'action, d'autres ont signalé une correction après les résultats du deuxième trimestre, tandis que le CEO a vendu des actions, ce qui a attiré l'attention des investisseurs.","Why Yeti Stock Swooned in August || Is YETI Holdings (YETI) Cheap On Its Pullback Despite The CEO Vesting Share Sale? || 1 of Wall Street’s Favorite Stocks to Keep an Eye On and 2 We Turn Down || CEO Sells Over 4,000 Shares of Consumer Stock, Valued at Over $185,000 || YETI (YETI) Remains a Strong Player Despite Market Setbacks || Yeti stock holds at Neutral as UBS keeps $51 target ahead of meeting - Investing.com || YETI Holdings, Inc. (NYSE:YETI) Receives Consensus Rating of ""Moderate Buy"" from Analysts - MarketBeat || YETI Holdings, Inc. Q2 2026 Earnings Call Summary - Yahoo Finance || YETI Rose 8% This Week. Here’s How Much the Stock Could Rise in 2026 - TIKR.com || YETI - YETI Holdings Inc Stock Price and Quote - Finviz"
2503.T,2026-09-13,"Kirin Holdings Company, Limited",Consumer Defensive,10,google_news|yfinance,positive,True,"Les actualites presentes sont presque toutes positives, avec des mentions de croissance, de diversification, de renforcement de la position de Kirin Holdings sur le marché et de son engagement en faveur de la transformation digitale.","Why spirits slowdown could prompt majors to diversify || Assessing Kirin Holdings (TSE:2503) Valuation After Recent Share Price Momentum || Kirin launches RTD brand Hyoketsu in US || Is It Time To Reassess Kirin Holdings Company (TSE:2503) After Its Strong 1‑Year Share Price Run? || 3 Reasons Growth Investors Will Love Kirin (KNBWY) || Kirin Holdings Selected as a ""DX Stock 2026"" for Commitment to Digital Transformation - Kirin Holdings Company, Limited || Kirin Holdings Company, Limited 2026 Q2 - Results - Earnings Call Presentation (OTCMKTS:KNBWY) 2026-08-09 - Seeking Alpha || The Strong Earnings Posted By Kirin Holdings Company (TSE:2503) Are A Good Indication Of The Strength Of The Business - simplywall.st || Jamieson Wellness Enters into Definitive Agreement to be Acquired by Kirin in C$2.5 Billion Transaction - PR Newswire Canada || Kirin stock steadies as Tokyo peers slide - ad-hoc-news.de"
4507.T,2026-09-13,"Shionogi & Co., Ltd.",Healthcare,10,google_news|yfinance,positive,True,"L'action de Shionogi & Co., Ltd. (SGIOY) a battu les attentes en termes de bénéfices et de chiffre d'affaires pour la période Q1 2026, ce qui suggère une tendance positive pour la société.","Shionogi & Co., Ltd. Unsponsored ADR (SGIOY) Beats Q1 Earnings Estimates || United Therapeutics (UTHR) Earnings Expected to Grow: What to Know Ahead of Q2 Release || Shionogi & Co., Ltd. Unsponsored ADR (SGIOY) to Report Q1 Results: Wall Street Expects Earnings Growth || Shionogi (TSE:4507) Valuation Check As XOCOVA Wins First US FDA Approval For COVID 19 Post Exposure Prophylaxis || Akebia Therapeutics (AKBA) Reports Q1 Loss, Misses Revenue Estimates || Shionogi Selected as a “DX Stock 2026”｜ 塩野義製薬 - Shionogi Inc. || Shionogi & Co., Ltd. Unsponsored ADR (SGIOY) Beats Q1 Earnings Estimates - Yahoo Finance || Shionogi & Co., Ltd. Revenue Breakdown – TSE:4507 - TradingView || Shionogi & Co., Ltd. 2027 Q1 - Results - Earnings Call Presentation (OTCMKTS:SGIOY) 2026-08-06 - Seeking Alpha || Board of Directors and Executive Officers - jpx.co.jp"
2548.TW,2026-09-13,"Huaku Development Co., Ltd.",Real Estate,5,google_news,neutral,True,"L'actualité présente une diversité de informations, notamment une annonce de changement de stratégie commerciale, une analyse technique et un reportage sur les performances boursières, ce qui suggère un ton neutre.","2548 Stock Price and Chart — TWSE:2548 - TradingView || Test Research, Inc. (3030.TW) Stock Price, News, Quote & History - Yahoo Finance || [Huaku Development FY2026 Q3 Earnings Call] Commercial Office Pivot: Huaku Times Place Abandons Whole-Building Sale for Stratified Sales, Aims to Recognize Half of Revenue This Year; NT$5 Dividend Floor Reaffirmed - finance.biggo.com || Technical Analysis of Huaku Development Co., Ltd. (TWSE:2548) - TradingView || Taiwan shares higher at close of trade; Taiwan Weighted up 0.12% By Investing.com - Investing.com UK"
3044.TW,2026-09-13,Tripod Technology Corporation,Technology,5,google_news,negative,True,Aucune information positive ou neutre n'est disponible dans les actualités fournies.,3044 Stock Price and Chart — TWSE:3044 - TradingView || Technical Analysis of Tripod Technology Corporation (TWSE:3044) - TradingView || 6274 Stock Price and Chart — TPEX:6274 - TradingView || 3037 Stock Price and Chart — TWSE:3037 - TradingView || 3008 Stock Price and Chart — TWSE:3008 - TradingView
BVS,2026-09-13,Bioventus Inc.,Healthcare,10,google_news|yfinance,positive,True,"Les actualites recentes sur Bioventus Inc. (BVS) suggèrent un ton general positif, avec des performances solides en termes de ventes et de bénéfices, ainsi que des recommandations de investissement et des prévisions de croissance.",Are Medical Stocks Lagging  Bioventus (BVS) This Year? || 4 Healthcare Stocks to Safeguard Your Portfolio as Fed Plans Rate Hike || Bioventus (BVS) Q2 2026 Earnings Call Transcript || Bioventus (BVS) Stock Still Looks Like A Bargain On Earnings || The Bull Case For Bioventus (BVS) Could Change Following Its Q2 Earnings Surge And Reaffirmed 2026 Guidance || Is Bioventus (BVS) Stock Undervalued Right Now? - Yahoo Finance || BVS - Finviz || Bioventus Starts Review After Unsolicited Acquisition Proposal - Stock Titan || BVS Forecast — Price Target — Prediction for 2027 - TradingView || Bioventus: I See A Better Business Trading At A Fair Price (Upgrade) (NASDAQ:BVS) - Seeking Alpha
NDX1.DE,2026-09-13,Nordex SE,Industrials,10,google_news|yfinance,positive,True,"Les actualites recentes sur Nordex SE suggererent une croissance et des orders de nouveaux projets, ainsi qu'une augmentation des revenus et des bénéfices, ce qui indique un ton general positif pour l'action.","Nordex secures 525MW turbine order from Türkerler || Nordex (XTRA:NDX1) Stock Still Looks Discounted As A 228% Gain Tests Fair Value || Nordex (XTRA:NDX1) Could Be 18% Below Fair Value On Half Year 2026 Earnings || Nordex Group secures new US orders totalling more than 480 MW || Nordex Doubles Q2 EBITDA and Confirms 2026 Outlook on Strong Order Growth || Why is Nordex stock climbing today? - Investing.com || Nordex SE celebrates 25 years as a listed company - Nordex SE || NDX1 Forecast — Price Target — Prediction for 2027 - TradingView || Nordex stock heads into the open after a 2.4% drop - ad-hoc-news.de || Germany's Nordex tops profit forecast on strong wind demand, shares jump - Reuters"
TILE,2026-09-13,"Interface, Inc.",Consumer Cyclical,10,google_news|yfinance,positive,True,"Les actualites presentes sont presque toutes positives, avec des mentions de croissance, de croissance future, de valorisation et d'investissements de la part d'investisseurs, ce qui suggere un ton general positif pour l'action Interface, Inc.","1 Russell 2000 Stock to Consider Right Now and 2 That Underwhelm || 1 Stock Under $50 to Keep an Eye On and 2 We Ignore || 2 Profitable Stocks for Long-Term Investors and 1 Facing Challenges || Caesarstone’s Premium Multi-Material & Differentiated Model Proposition – Initiation Report || 2 Reasons to Watch TILE and 1 to Stay Cautious || Insider at Interface (TILE) sells 28,451 shares under trading plan - Stock Titan || Wellington Management Group LLP Increases Holdings in Interface, Inc. $TILE - MarketBeat || Enterprise value to revenue forward of Interface, Inc. – NASDAQ:TILE - TradingView || TILE - Interface Inc Stock Price and Quote - Finviz || Interface (TILE) is an Incredible Growth Stock: 3 Reasons Why - Yahoo Finance"
YUMC,2026-09-13,"Yum China Holdings, Inc.",Consumer Cyclical,10,google_news|yfinance,positive,True,"Les actualites presentes sont presque toutes positives, avec des articles qui soulignent les qualities de croissance et la valeur de l'action de Yum China Holdings, Inc. [verification 'sues' : resolu favorablement (3/3 votes) -- Resolution favorable avec l'issue d'un rapport intermédiaire positif, ce qui indique que les incertitudes sont atténuées en faveur de l'entreprise.]","3 Stocks Under $50 We’re Skeptical Of || Is Yum China (YUMC) a Solid Growth Stock? 3 Reasons to Think ""Yes"" || 1 Restaurant Stock to Consider Right Now and 2 That Underwhelm || YUMC or CMG: Which Is the Better Value Stock Right Now? || Are Investors Undervaluing Yum China (YUMC) Right Now? || Yum China (YUMC) is an Incredible Growth Stock: 3 Reasons Why - Yahoo Finance || Yum China issues first-half 2026 Hong Kong interim report - Stock Titan || Is Yum China Holdings Inc (YUMC) a Bargain After 4.8% Drop? GF V - GuruFocus || Yum China stock hits 52-week low at 41.68 USD - Investing.com || Yum China Holdings, Inc. Stock 12‑Month Price Target Raised to $60.24, Implies 31% Upside - TradingView"
UFCS,2026-09-13,"United Fire Group, Inc.",Financial Services,10,google_news|yfinance,positive,True,"Les actualites presentes montrent une augmentation des actions, des results financiers forts et des commentaires positifs sur la company, ce qui suggere un ton general positif.","UVE Stock Gains 71.4% in a Year: Time to Add It for Better Returns? || United Fire Group (UFCS) Q2 2026 Earnings Call Transcript || Is United Fire Group (UFCS) Stock Undervalued Right Now? || United Fire Group, Inc (UFCS) Hits Fresh High: Is There Still Room to Run? || United Fire Group (UFCS) Stock Gets Fair Value Boost After Q2 Beat And Lower Cat Losses || Have Insiders Sold United Fire Group Shares Recently? - webull.com || Have Insiders Sold United Fire Group Shares Recently? - simplywall.st || United Fire Group (NASDAQ:UFCS) Sets New 52-Week High - Should You Buy? - MarketBeat || Director at United Fire Group (UFCS) sells 9,777 shares - Stock Titan || United Fire Group director Scott Carlton sells $542,798 in stock - Investing.com"
SENEB,2026-09-13,Seneca Foods Corporation,Consumer Defensive,10,google_news|yfinance,positive,True,"Les actualites recentes sur Seneca Foods Corporation (SENEA) suggere une tendance positive, avec des gains de valeur, des ventes et des bénéfices croissants, ainsi qu'une analyse positive de la part des analystes et des investisseurs.","Why Seneca Foods Looks Ripe For A Takeover || Seneca Stock Gains Following Q1 Earnings, Sales Increase Y/Y || The Zacks Analyst Blog Highlights Apple, Shell, Toyota, Seneca and Value Line || Top Research Reports for Apple, Shell & Toyota Motor || Is Seneca Foods Corporation (SENEA) A Good Stock To Buy Now? || Senior Vice President of Sales & Marketing Dean Erstad Sold A Bunch Of Shares In Seneca Foods - webull.com || Is Seneca Foods Corporation (SENEA) A Good Stock To Buy Now? - Yahoo Finance || Even After Doubling, Seneca Foods Corporation Offers Tasty Upside (NASDAQ:SENEA) - Seeking Alpha || Seneca Foods (NASDAQ: SENEA) officer to sell 1,587 shares - Stock Titan || SENEA - Seneca Foods Corp Stock Price and Quote - Finviz"
MU,2026-09-14,"Micron Technology, Inc.",Technology,10,google_news|yfinance,positive,True,"Les actualites presentes sont majoritairement positives, avec des prédictions de croissance pour Micron Technology, des analyses positives sur son potentiel de croissance et des comparaisons favorables avec d'autres acteurs du secteur.","Will Micron Technology Stock Soar to $1,500 After Sept. 30? || Prediction: This Memory Stock Could Surge 233% Over the Next 3 Years (Hint: It's not Micron or Sandisk) || Prediction: 2 AI Semiconductor Stocks That Will Join Micron and Broadcom in the $1 Trillion Club by 2028 || GF Securities Says NAND Prices May Stabilize Later This Year. What This Means for Sandisk Stock. || Prediction: This Artificial Intelligence (AI) Chip Stock Will Soar After Sept. 30 (Hint: It's Not Micron) || Micron Technology, Inc. (MU) Is a Trending Stock: Facts to Know Before Betting on It - Yahoo Finance || Micron Technology (NASDAQ:MU): Strong Growth Meets a High-Quality Technical Setup - ChartMill || Micron Stock Has Stalled, But One Catalyst Could Bring the Momentum Back - Benzinga || Micron Technology Stock (MU) Opinions on AI Memory Demand and Price Volatility - Moomoo || Applied Materials vs. Micron Technology: Which Technology Stock Is a Better Buy in 2026? - The Motley Fool"
FRSH,2026-09-14,Freshworks Inc.,Technology,10,google_news|yfinance,negative,True,"Les actualites presentes ne contiennent que des notes negatives sur l'action de Freshworks Inc., mentionnant des prix premium, des declines en valeur, des ventes de parts et des difficultes de croissance.",1 Stock Under $50 Worth Investigating and 2 That Underwhelm || 2 Growth Stocks with Explosive Upside and 1 Facing Challenges || Freshworks (FRSH) Stock Looks Priced At A Premium To Fair Value || 2 Cash-Producing Stocks to Consider Right Now and 1 We Brush Off || 1 Small-Cap Stock to Keep an Eye On and 2 Facing Headwinds || Freshworks (FRSH) Stock Looks Priced At A Premium To Fair Value - Yahoo Finance || FRSH - Finviz || Freshworks stock hits 52-week high at 13.77 USD - Investing.com || Freshworks (NASDAQ: FRSH) officer lines up $253K stock sale after earlier June trade - Stock Titan || Freshworks Stock Drops 32% in 2026: Why the Math Still Supports a 120% Total Return - TIKR.com
FHI,2026-09-14,"Federated Hermes, Inc.",Financial Services,10,google_news|yfinance,positive,True,"Les actualites presentes sont presque toutes positives, avec des mentions de croissance, de dividendes et de strategies de capital renforcees, ce qui suggere un ton general positif pour l'action de Federated Hermes, Inc.","3 Market-Beating Stocks on Our Buy List || FHI vs. CNS: Which Stock Is the Better Value Option? || Ares Management Up 28.8% in 6 Months: How to Approach the Stock Now || Federated Hermes' APAC Tokenization Push: A New AUM Growth Lever? || UBS Gets a Win in Swiss Capital Battle || A $0.045 dividend avoids regular federal tax on Oct. 1 - Stock Titan || Federated Hermes: Shifting To Higher-Fee Products (NYSE:FHI) - Seeking Alpha || Is Federated Hermes Poised to Sustain Its Capital Return Strategy? - Yahoo Finance || Why Federated Hermes (FHI) is a Top Dividend Stock for Your Portfolio - Eastern Progress || SHEPHERD WEALTH MANAGEMENT Ltd LIABILITY Co Acquires New Stake in Federated Hermes, Inc. $FHI - MarketBeat"
MD,2026-09-14,"Pediatrix Medical Group, Inc.",Healthcare,9,google_news|yfinance,positive,True,"L'actualité présente plusieurs articles positifs sur Pediatrix Medical Group, Inc., soulignant son potentiel de croissance et sa performance financière, ce qui suggère un ton général positif.","1 Cash-Producing Stock to Research Further and 2 Facing Challenges || Cencora (COR) Up 3.8% Since Last Earnings Report: Can It Continue? || Pediatrix Medical Group (MD) Up 3.4% Since Last Earnings Report: Can It Continue? || Q2 Earnings Highlights: Pediatrix Medical Group (NYSE:MD) Vs The Rest Of The Healthcare Providers & Services Stocks || 3 Profitable Stocks That Concern Us || Pediatrix Medical Group (NYSE: MD) director plans Rule 144 stock sale - Stock Titan || MD - Pediatrix Medical Group Inc Stock Price and Quote - Finviz || Pediatrix Medical Group (MD) is a Top-Ranked Growth Stock: Should You Buy? - Eastern Progress || Pediatrix Medical Group (MD) Faces Demand Questions, Is The Recent Rally Already Priced In? - sahmcapital.com"
PATH,2026-09-14,"UiPath, Inc.",Technology,9,google_news|yfinance,neutral,True,"Bien que UiPath ait sous-performé le marché en 2026, les résultats récents ont montré des signes d'amélioration, notamment une croissance stable et une augmentation de la confiance des investisseurs.","C3.ai vs. UiPath: What Revenue Trends Between These Artificial Intelligence Companies Tell Investors || UiPath, Inc. (PATH) Stock Has AI Potential, But Slowing Growth Keeps Investors Cautious || Is UiPath Stock A Buy After Falling Despite A Raised Outlook? || Motive raises $1.3 billion from General Catalyst || Dips In UiPath Stock Have Mostly Kept Falling, Will This One Too? || The New York Stock Exchange | NYSE - NYSE || Tidal Investments LLC Buys 155,521 Shares of UiPath, Inc. $PATH - MarketBeat || PATH Stock Slides As Earnings Disappoint And Wall Street Stays Cautious - StocksToTrade || UiPath Reports Second Quarter Fiscal 2027 Financial Results - Business Wire"
1802.T,2026-09-14,Obayashi Corporation,Industrials,10,google_news|yfinance,positive,True,"L'actualité présente plusieurs éléments positifs, tels que la vente de Multiplex à Obayashi pour 650 millions de dollars, une forte performance de 78,64% au cours d'un an, et la mise en place de nouveaux projets, tels que la concession d'une route en Indonésie.","Brookfield agrees to divest builder Multiplex to Obayashi for $650m || Brookfield Business Selling Multiplex to Japan's Obayashi For $650 Million || Soft China Economic Reports Roil Asian Stock Markets || Obayashi (TSE:1802) Valuation Check After Strong 1 Year Shareholder Returns || This Khosla-backed autonomous pod startup just raised $170M — now it’s aiming for more || Acquisition of Multiplex Global Limited, a Company Operating Construction Businesses in Australia, the UK and Canada - obayashi.co.jp || Obayashi Corporation Revenue Breakdown – TSE:1802 - TradingView || Japan’s Obayashi to acquire Multiplex from Brookfield for $526 mln - Investing.com || Obayashi Corporation 2026 Q4 - Results - Earnings Call Presentation (OTCMKTS:OBYCF) 2026-05-13 - Seeking Alpha || Obayashi Enters Toll Road Concession Business in Jakarta, Indonesia | News | Obayashi Global - obayashi.co.jp"
2404.TW,2026-09-14,"United Integrated Services Co., Ltd.",Industrials,5,google_news,neutral,True,"Les actualites presentes ne contiennent pas de informations de nature financiere ou de developpement significatif pour l'action de United Integrated Services Co., Ltd.","2404 Stock Price and Chart — TWSE:2404 - TradingView || Wasatch Emerging Markets Select Fund Q2 2026 Commentary (undefined:WAESX) - Seeking Alpha || TSMC 2024 Supply Chain Management Forum Presents Awards to Outstanding Suppliers - pr.tsmc.com || Taiwan stocks higher at close of trade; Taiwan Weighted up 0.91% - Investing.com || Taiwan Cogeneration Corporation (8926.TW) Stock Price, News, Quote & History - Yahoo Finance"
9939.TW,2026-09-14,"Taiwan Hon Chuan Enterprise Co., Ltd.",Consumer Cyclical,5,google_news,positive,True,"Aucune information négative ou neutre est présente dans les actualités fournies, les sources sont toutes positives et indiquent une action en augmentation.","Taiwan Hon Chuan Enterprise Co., Ltd. Income Statement – TWSE:9939 - TradingView || 9939 Stock Price and Chart — TWSE:9939 - TradingView || Dimensional Emerging Markets Core Equity 2 ETF Holdings - Quiver Quantitative || Technical Analysis of Taiwan Hon Chuan Enterprise Co., Ltd. (TWSE:9939) - TradingView || FTG Holdings Ltd Stock (FTGH) - Quote Nairobi S.E. - marketscreener.com"
GL,2026-09-14,Globe Life Inc.,Financial Services,10,google_news|yfinance,positive,True,"Les actualites presentes sont presque toutes positives, avec des declarations de dividendes, des openings de nouveaux bureaux, des performances financieres solides et des recommandations de investissement.","NYSE Texas Office Opening: Globe Life Co-CEOs Cover Lone Star State Importance || 3 Insurance Stocks We Keep Off Our Radar || Want Double-Digit Gains From Insurance Stocks? Morgan Stanley Suggests 2 Names to Consider || 3 Reasons to Avoid GL and 1 Stock to Buy Instead || Globe Life's Health Insurance Growth Powers Earnings Momentum || Globe Life Inc. stock underperforms Tuesday when compared to competitors - MarketWatch || 3 Reasons to Avoid GL and 1 Stock to Buy Instead - Yahoo Finance || GLOBE LIFE INC. DECLARES DIVIDEND - PR Newswire || Globe Life stock heads into the open after a 0.9 percent dip - ad-hoc-news.de || Globe Life Q2: Solid Fundamentals, But GL.PR.D Offers Better Risk-Adjusted Yield Near 7.8% - Seeking Alpha"
GEO,2026-09-14,"The GEO Group, Inc.",Industrials,10,google_news|yfinance,,True,"Les actualites presentent des informations positives (mouvement de la part de Global Payments, augmentation de la valeur de Gartner, et report de resultats positifs de The GEO Group) mais aussi des informations négatives (risques de coûts et de concurrence pour The GEO Group, et concurrence pour Glo","Here's Why Investors Should Retain Global Payments Stock for Now || ICFI Stock Rises 22% in 3 Months: Here's What You Should Know || Strong Engagement & Contract Value Strengthen Gartner's Prospects || Geo Group (GEO) Is a Great Choice for 'Trend' Investors, Here's Why || 2 Growth Stocks with All-Star Potential and 1 We Question || The GEO Group Reports First Quarter Results and Increases Full Year 2026 Guidance | The GEO Group, Inc. - The GEO Group || The GEO Group, Inc. Just Beat Earnings Expectations: Here's What Analysts Think Will Happen Next - Yahoo Finance || Government Contract Update: $36M payment to THE GEO GROUP, INC - Quiver Quantitative || The GEO Group Reports Third Quarter 2025 Results and Increases Share Repurchase Authorization to $500 Million - The GEO Group || Here's Why Investors Should Retain Global Payments Stock for Now - TradingView"
ABEV3.SA,2026-09-14,Ambev S.A.,Consumer Defensive,10,google_news|yfinance,positive,True,"Les actualites presentes sont presque toutes positives, avec des croissances de revenue et de marge pour Ambev, ainsi qu'une expansion de la presence en ligne et une activation de la marque pour le World Cup.",Ambev (ABEV) Q2 2026 Earnings Call Transcript || Ambev SA (ABEV) (Q2 2026) Earnings Call Highlights: Strong Beer Growth and Digital Expansion ... || Ambev Q2 Earnings Call Highlights || CCU vs. ABEV: Which Stock Should Value Investors Buy Now? || PepsiCo Q2 Earnings Beat on Volume Gains & International Strength || Ambev S.A. $ABEV Shares Sold by Tidal Investments LLC - MarketBeat || Ambev Details August 2026 Insider Holdings and Management Share Transfer - The Globe and Mail || Stock options running to 2029 for Ambev (NYSE: ABEV) logistics VP - Stock Titan || Ambev (ABEV) is an Incredible Growth Stock: 3 Reasons Why - Yahoo Finance || ABEV Stock Grinds Higher As Tight Range Draws Trader Focus - StocksToTrade
SNA,2026-09-14,Snap-on Incorporated,Industrials,10,google_news|yfinance,neutral,True,"Bien que certaines actualités indiquent des raisons de scepticisme sur la performance de SNA, d'autres soulignent son potentiel de croissance et sa valeur intrinsèque, ce qui laisse un ton neutre overall.","3 Reasons SNA is Risky and 1 Stock to Buy Instead || Are Wall Street Analysts Bullish on Snap-on Stock? || Snap On (SNA) Beat Expectations, Is The Stock Fully Priced? || Spotting Winners: Snap-on (NYSE:SNA) And Professional Tools and Equipment Stocks In Q2 || Can Snap-on's RCI Execution and Innovation Sustain Growth? || HighTower Advisors LLC Trims Stock Holdings in Snap-On Incorporated $SNA - MarketBeat || Snap-on Incorporated Declares Quarterly Dividend - Yahoo Finance || Snap-On Incorporated $SNA Shares Sold by Amundi - MarketBeat || Snap-on Incorporated Declares Quarterly Dividend; Announces $500 Million Share Repurchase Authorization - Business Wire || Is Snap-on Stock a Buy as Strong Margins Meet a Premium Valuation? - Yahoo Finance"
AMN,2026-09-14,"AMN Healthcare Services, Inc.",Healthcare,10,google_news|yfinance,positive,True,"Les actualites presentes montrent une tendance croissante de soutien pour l'action AMN, avec des articles qui soulignent son potentiel de croissance et sa position favorable dans le secteur de la santé, ce qui suggere un ton general positif.",Here's Why You Should Retain AMN Stock in Your Portfolio for Now || 3 Reasons to Avoid AMN and 1 Stock to Buy Instead || 1 Small-Cap Stock on Our Buy List and 2 We Ignore || Job Market Uncertainty Pushes Commercial Staffing Stocks Up 80% This Year || 3 Stocks Under $50 We Steer Clear Of || A Look at AMN Healthcare Services Inc (AMN) After 3.8% Decline -- GF Value $29.72 vs Price $33.05 - GuruFocus || Here's Why You Should Retain AMN Stock in Your Portfolio for Now - TradingView || 5 Revealing Analyst Questions From AMN Healthcare Services’s Q2 Earnings Call - Yahoo Finance || AMN HEALTHCARE ANNOUNCES SECOND QUARTER 2026 RESULTS - PR Newswire || AMN - AMN Healthcare Services Inc Stock Price and Quote - Finviz
GOOGL,2026-09-14,Alphabet Inc.,Communication Services,10,google_news|yfinance,positive,True,"Les actualites presentes sont presque toutes positives, avec des articles qui parlent de l'avantage de Alphabet dans la guerre des semi-conducteurs, de son investissement dans l'intelligence artificielle, de son succes dans l'acquisition de clients importants, ainsi que de son augmentation de valeur","Amazon, Alphabet, and Microsoft: Which 2 to Buy and Which 1 to Avoid || Viral AI Dommer Tweet: Engineered Panic? || Forget Chatbot Benchmarks. Google Just Found 1,000 Ways Into Microsoft’s Best Customers. || Bank of America has strong message for Marvell stock investors || Chamath Palihapitiya: Anthropic Employee’s “Human Extinction” AI Warning Risks $2.3 Trillion IPO || Alphabet: Chips War Is Now In Its Favor - Seeking Alpha || Amazon vs. Alphabet: If I Could Buy Only One, I’d Choose This Stock - 24/7 Wall St. || Google Stock Rises as It Helps Avid ‘Accelerate the Creative Process’ with AI - TipRanks || Stock Market News, June 2, 2026: Dow, S&P 500 end at fresh records and extend longest win streaks of the year; Alphabet, Microsoft slide; Bitcoin below $68,000 - MarketWatch || Why Alphabet Stock Just Popped - The Motley Fool"
AMZN,2026-09-14,"Amazon.com, Inc.",Consumer Cyclical,10,google_news|yfinance,positive,True,"Les actualites presentes sont presque toutes positives, avec des articles sur l'expansion de l'entreprise, son investissement dans l'intelligence artificielle et des positions achetees par des investisseurs, ce qui suggere une confiance dans la capacite de l'entreprise a augmenter sa valeur.","Amazon and 2 Other AI Stocks to Buy With $5,000 || Amazon Pauses Operations With 21 Air After Miami Crash || Jeff Bezos Built Amazon Into a $1.8 Trillion Company. Here's How Andy Jassy Is Making It Worth Even More. || Amazon, Alphabet, and Microsoft: Which 2 to Buy and Which 1 to Avoid || Billionaire Bill Ackman Trimmed This Big Tech Position to Back These 2 AI Contenders || UNIVEST FINANCIAL Corp Purchases New Shares in Amazon.com, Inc. $AMZN - MarketBeat || Amazon.com Announces Second Quarter Results - Amazon Investor Relations || Focused Alpha LLC Takes Position in Amazon.com, Inc. $AMZN - MarketBeat || K.J. Harrison & Partners Inc Invests $20.70 Million in Amazon.com, Inc. $AMZN - MarketBeat || Park State Asset Management Makes New Investment in Amazon.com, Inc. $AMZN - MarketBeat"
ASM.AS,2026-09-14,ASM International NV,Technology,10,google_news|yfinance,positive,True,"Les actualites presentes sont presque toutes positives, avec des gains pour les actions de ASM International NV, une augmentation des actions de chipmakers, et des commentaires positifs sur la performance de l'entreprise.","European Chip Stocks Rise, Buoyed By Asian Peers || Is Analog Devices (ADI) Outperforming Other Computer and Technology Stocks This Year? || Chip Stocks Driven Higher by Nvidia Results and Guidance || European Chip Stocks Rise After Nvidia Results, Guidance || European Chip Stocks Mixed Ahead of Nvidia Earnings || ASM share buyback update August 31 – September 4, 2026 - Yahoo Finance || A chipmaking equipment maker has used 84.9% of its €150 million share-buyback plan. - Stock Titan || ASM International Rides on AI-Driven Semiconductor Boom: Worth a Buy? - Zacks Investment Research || Earnings call transcript: ASM International posts record q2 2026 revenue, stock falls - Investing.com || ASM International: Outstanding Business, Fair Valuation (OTCMKTS:ASMIY) - Seeking Alpha"
JAZZ,2026-09-14,Jazz Pharmaceuticals plc,Healthcare,10,google_news|yfinance,positive,True,"Les actualites presentes sont presque toutes positives, avec des mentions de performances financieres solides, de valeurs ajoutees et de perspectives de croissance, ce qui suggere un ton general positif pour l'action JAZZ.","3 Cash-Producing Stocks We’re Skeptical Of || 2 Reasons to Avoid JAZZ and 1 Stock to Buy Instead || Jazz Pharmaceuticals Sees Meaningful Long-Term Value From Ziihera's Pursuits Beyond GEA, UBS Says || 1 Value Stock with Exciting Potential and 2 We Brush Off || Quoin in line for priority review voucher if rare paediatric drug approved || Jazz Pharmaceuticals (NASDAQ: JAZZ) exec to sell restricted stock - Stock Titan || Jazz Pharmaceuticals Announces Private Offering of $1.0 Billion of Exchangeable Senior Notes due 2032 and Concurrent Ordinary Share Repurchases - PR Newswire || Learn Why The Bull Case For Jazz Pharmaceuticals Stock Could Change Following FDA Drug Approval - simplywall.st || Jazz Pharmaceuticals Stock Price Forecast. Should You Buy JAZZ? - StockInvest.us || Morgan Stanley Raises its Price Target on Jazz Pharmaceuticals (JAZZ) - Yahoo Finance"
URBN,2026-09-14,"Urban Outfitters, Inc.",Consumer Cyclical,10,google_news|yfinance,positive,True,"Les actualites presentes sont presque toutes positives, avec des articles qui soulignent les performances de l'action, son potentiel de valeur et son edge en matiere de dettes, sans mentionner de critiques ou de problèmes significatifs.","URBN or ZGN: Which Is the Better Value Stock Right Now? || Urban Outfitters, Tilly's, and Kohl's Shares Skyrocket and Plummet, What You Need To Know || Reformation Reports Double-Digit Income & Revenue Growth || American Eagle Outfitters Sinks 13% as $161M Tariff Refund Flatters Beat; Urban Outfitters Drops 3%, Abercrombie & Fitch Slips || Are Investors Undervaluing Urban Outfitters (URBN) Right Now? || Are Investors Undervaluing Urban Outfitters (URBN) Right Now? - Yahoo Finance || Urban Outfitters (NASDAQ:URBN): A Decent Value Play with a Debt-Free Edge - ChartMill || Urban Outfitters, Inc. $URBN Shares Sold by Hsbc Holdings PLC - MarketBeat || Here's Why Urban Outfitters (URBN) is a Strong Value Stock - Eastern Progress || Is Urban Outfitters Inc (URBN) Overvalued After 3.9% Rally? GF V - GuruFocus"
DCI,2026-09-14,"Donaldson Company, Inc.",Industrials,10,google_news|yfinance,positive,True,"Les actualites presentes sont presque toutes positives, avec des reports de chiffres record, des augmentations de parts de action et des investissements de la part de grands fonds de pension, ce qui suggere un ton general positif pour l'action DCI.","1 Mid-Cap Stock on Our Watchlist and 2 We Avoid || 1 Mid-Cap Stock for Long-Term Investors and 2 We Brush Off || Donaldson’s (DCI) Billion-Dollar Quarter Hides A Costlier Bet Ahead || Donaldson (DCI) Stock Looks Reasonable On Earnings But Rich On Cash Flow || DCI Q2 Deep Dive: Acquisition Momentum, Segment Growth, and Margin Expansion Shape Outlook || California State Teachers Retirement System Increases Stock Holdings in Donaldson Company, Inc. $DCI - MarketBeat || Donaldson Company Stock Price Forecast. Should You Buy DCI? - StockInvest.us || Donaldson (NYSE: DCI) officer plans roughly $195K stock sale - Stock Titan || Hsbc Holdings PLC Has $6.31 Million Stock Position in Donaldson Company, Inc. $DCI - MarketBeat || Donaldson (DCI) Stock Slips After Record Margins Set A Higher Bar - sahmcapital.com"
1878.T,2026-09-14,"Daito Trust Construction Co.,Ltd.",Real Estate,6,google_news|yfinance,positive,True,"Les actualites presentes montrent des initiatives de developpement de nouveaux projets et d'expansion de l'entreprise dans de nouveaux marches, ce qui suggere une perspective positive pour l'action.","Daito Trust Construction (TSE:1878): Assessing Valuation as Shares Show Subtle Uptrend || Daito Trust Construction concludes agreement on transfer of shares in the Coastline Group (Los Angeles, California, USA) - kentaku.co.jp || Daito Trust Construction launches purchase, renovation, and resale business in Texas to expand its business in North America - kentaku.co.jp || Daito Trust Construction Co.,Ltd. 2027 Q1 - Results - Earnings Call Presentation (OTCMKTS:DIFTY) 2026-08-01 - Seeking Alpha || Daito Trust Construction to launch the Takaoka Ejiri Center Project (tentative name) as its first community development project - kentaku.co.jp || Daito Trust Construction jointly develops program to help foreign engineers obtain national qualifications - kentaku.co.jp"
AMG,2026-09-14,"Affiliated Managers Group, Inc.",Financial Services,10,google_news|yfinance,positive,True,"Les actualites presentes montrent un ton positif, avec des repurchases de actions, des investissements et des analyses favorables, ce qui suggere que l'action d'Affiliated Managers Group, Inc. (AMG) est en phase de croissance et de confiance.","2 Momentum  Stocks with Competitive Advantages and 1 We Ignore || Affiliated Managers Group Repurchased About $375 Million of Stock in 6 Months || Is Affiliated Managers Group (AMG) Stock Outpacing Its Finance Peers This Year? || Should Value Investors Buy Affiliated Managers Group (AMG) Stock? || AMG vs. BLK: Which Stock Is the Better Value Option? || VIRGINIA RETIREMENT SYSTEMS ET Al Invests $1.27 Million in Affiliated Managers Group, Inc. $AMG - MarketBeat || Is Affiliated Managers Group (AMG) Stock Outpacing Its Finance Peers This Year? - Yahoo Finance || Affiliated Managers Group Stock Price Forecast. Should You Buy AMG? - StockInvest.us || ETFs Investing in Affiliated Managers Group, Inc. Stocks - TradingView || Hsbc Holdings PLC Sells 4,266 Shares of Affiliated Managers Group, Inc. $AMG - MarketBeat"
AMAT,2026-09-14,"Applied Materials, Inc.",Technology,9,google_news|yfinance,positive,True,"Les actualites presentes sont presque toutes positives, avec des prédictions de croissance, des appels à l'achat à long terme et des comparaisons favorables avec d'autres actions du secteur.","Prediction: Applied Materials Books Its First $10 Billion Quarter This Fall || Applied Materials vs. ASML: Which Tech Stock Is a Better Buy in 2026? || Jim Cramer Calls Applied Materials (AMAT) a Long-Term Buy || Applied Materials vs. Micron Technology: Which Technology Stock Is a Better Buy in 2026? || Astera Labs vs. Applied Materials: Which Technology Stock Is a Better Buy in 2026? || Is Trending Stock Applied Materials, Inc. (AMAT) a Buy Now? - Yahoo Finance || Applied Materials (NASDAQ:AMAT): A Quality Stock Built for Long-Term Compounding - ChartMill || Applied Materials Inc. stock underperforms Thursday when compared to competitors - MarketWatch || After Earnings, Is Applied Materials Stock a Buy, a Sell, or Fairly Valued? - Morningstar"
5706.T,2026-09-14,"Mitsui Kinzoku Company, Limited",Industrials,10,google_news|yfinance,neutral,True,"L'actualité présente une diversité de sujets, notamment des informations sur des investissements et des acquisitions, ainsi que des tendances du marché, sans évoquer un ton particulièrement positif ou négatif pour l'action de Mitsui Kinzoku Company, Limited.","Nikkei Falls 1.6%, Dragged by Chip, Metals Stocks || Gelion CEO says £2m Mitsui Kinzoku deal will help develop and scale up sulfur battery tech || U.S. Chip Stocks Suffering from Fragile Investor Sentiment || Earnings, Crude Prices Roil Asian Stock Markets || Persian Gulf, Oil Price Outlooks Buoy Asian Stocks Markets || Mitsui Kinzoku Company, Limited 2027 Q1 - Results - Earnings Call Presentation (OTCMKTS:MMSMY) 2026-08-11 - Seeking Alpha || Execution of a Memorandum of Understanding Concerning the Integration … | News | Mitsubishi Materials Corporation - mmc.co.jp || Hi-Lex Corporation completed the acquisition of Mitsui Kinzoku ACT Corporation from Mitsui Mining & Smelting Co., Ltd. for ¥13.3 billion. - marketscreener.com || Solid Electrolyte Material for Batteries Market Size and Growth Analysis 2026 to 2035 - Insightace Analytic || Hi-Lex Corporation entered into share transfer agreement to acquire Mitsui Kinzoku ACT Corporation from Mitsui Mining & Smelting Co., Ltd. for ¥11.3 billion. - marketscreener.com"
TGTX,2026-09-14,"TG Therapeutics, Inc.",Healthcare,10,google_news|yfinance,positive,True,"L'action de TG Therapeutics a connu des gains récents, avec une augmentation de 10,2% à 15,1% depuis le dernier rapport de résultats, et est considérée comme une action à acheter par certains analystes et investisseurs.","Kymera Therapeutics (KYMR) Up 10.2% Since Last Earnings Report: Can It Continue? || IBD Stock Of The Day, TG Therapeutics, Eyes Breakout After Topping Early Buy Point || TG Therapeutics (TGTX) Up 15.1% Since Last Earnings Report: Can It Continue? || TGTX Stock Pares Opening Losses After Analyst Dismisses Competition From Novartis || TGTX Stock Outperforms 95% of Stocks. Here's Why. || TG Therapeutics (NASDAQ: TGTX) director plans $274,794.08 stock sale - Stock Titan || TG Therapeutics Reports Second Quarter 2026 Financial Results and Raises BRIUMVI® Revenue Guidance - TG Therapeutics || Is TG Therapeutics, Inc. (TGTX) A Good Stock To Buy Now? - Yahoo Finance || TG Therapeutics (TGTX) to Report Q2 Results: Wall Street Expects Earnings Growth - Eastern Progress || TG Therapeutics: Why I'm Staying Long After The Q2 Selloff (NASDAQ:TGTX) - Seeking Alpha"
BPOP,2026-09-14,"Popular, Inc.",Financial Services,10,google_news|yfinance,positive,True,"Les actualites presentes sont presque toutes positives, avec des annonces de dividendes, des performances de croissance et des analyses positives des actions de Popular Inc.","Popular Inc's Dividend Analysis || Popular (BPOP), Why Is It Back In The Spotlight? || Spotting Winners: Popular (NASDAQ:BPOP) And Regional Banks Stocks In Q2 || 3 Market-Beating Stocks with Competitive Advantages || 2 Reasons to Like BPOP (and 1 Not So Much) || Popular Inc's Dividend Analysis - Yahoo Finance || Popular Inc (BPOP) Stock Price, Trades & News - GuruFocus || Press Release: Popular, Inc. Declares Dividend on Preferred Stock and Announces Distribution on Trust Preferred Securities - Moomoo || Popular (BPOP) risk chief reports 4,004-share stake - Stock Titan || Popular Inc. (NASDAQ:BPOP) Shows High Growth Momentum and Breakout Setup - ChartMill"
2379.TW,2026-09-14,Realtek Semiconductor Corp.,Technology,9,google_news|yfinance,neutral,True,"Les actualites presentes sont mixtes, avec des informations sur des projets de financement, des tendances de demande, des risques liés à la domination de la Chine sur Taiwan et des informations sur les revenus et les employes de Realtek, ce qui suggere un ton neutre.","GMI Cloud Seeks $635 Million GPU-Backed AI Infrastructure Loan || RealTek sees mixed demand trends as second-half visibility remains limited (RLTQY) || Nikki Haley Says If China Controls Taiwan, The Communist Party Gains Leverage Over World's Critical Supply Chain: 'Threat To Global Freedom' || DIP (TSE:2379) Margin Decline Reinforces Concerns Over Profitability and Dividend Stability || Realtek Semiconductor Number of Employees 2026 | Employee Count & Headcount Data - Revelio Labs || Realtek Semiconductor Corp Revenue Breakdown – TWSE:2379 - TradingView || Realtek Launched Worldwide First USB-IF Fully Certified (TID: 11930) Multi-Port USB4 Hub Controller (RTS5490), Integrating USB Type‑C/PD Functionality - PR Newswire || Realtek Semiconductor Corp Dividends – TWSE:2379 - TradingView || 2344 Stock Price and Chart — TWSE:2344 - TradingView"
THG,2026-09-14,"The Hanover Insurance Group, Inc.",Financial Services,10,google_news|yfinance,neutral,True,"Les actualites presentes sont mixtes, avec des articles sur les dividendes, la croissance et les acquisitions, mais sans une tonalite clairement positive ou negative.","The Hanover Insurance Group Inc's Dividend Analysis || Are You Looking for a Top Momentum Pick? Why Hanover Insurance Group (THG) is a Great Choice || Should Value Investors Buy The Hanover Insurance Group (THG) Stock? || The Case for Holding MetLife Stock: What Investors Need to Know || Aon's $17 Billion USI Deal: A Costly Bet on Middle-Market Growth || The Hanover Insurance Group Inc's Dividend Analysis - Yahoo Finance || The Hanover Insurance Group, Inc. $THG Shares Purchased by WINTON GROUP Ltd - MarketBeat || Best Value Stocks to Buy for June 9th - Eastern Progress || Should Value Investors Buy The Hanover Insurance Group (THG) Stock? - Yahoo Finance || The Hanover Insurance Group, Inc. Announces New Share Repurchase Authorization - PR Newswire"
7269.T,2026-09-14,Suzuki Motor Corporation,Consumer Cyclical,10,google_news|yfinance,positive,True,"L'actualité présente plusieurs éléments positifs, tels que la croissance de Pricol Ltd, la présence de Toyota dans le domaine des véhicules autonomes, la croissance de FIEM Industries Ltd et la construction d'une nouvelle usine de Suzuki en Inde, ce qui suggère une tendance positive pour l'action.","Pricol Ltd (BOM:540293) (Q1 2027) Earnings Call Highlights: Revenue Surges 23% as Demerger ... || BYD Bets Small EV Can Crack Japan || Toyota backs Tier IV in level 4 autonomous vehicle push || FIEM Industries Ltd (BOM:532768) Q4 2026 Earnings Call Highlights: Record Growth and Strategic ... || Suzuki opens second plant in Kharkhoda, India || Suzuki Motor Corporation (7269) Stock Price Quote Today & Current Price Chart - Capital.com || With 60% institutional ownership, Suzuki Motor Corporation (TSE:7269) is a favorite amongst the big guns - simplywall.st || Suzuki Motor Corporation FY2025 Results: Revenue Up 8.0%, Profit Attributable to Owners Rises 5.6% - scanx.trade || Suzuki stock slips as Maruti Suzuki extends decline despite new Eeco milestone - ad-hoc-news.de || Suzuki Motor Corp plans to take full control of Pak Suzuki, delist its shares - reuters.com"
9766.T,2026-09-14,Konami Group Corporation,Communication Services,7,google_news|yfinance,positive,True,"L'actualité présente plusieurs éléments positifs, tels que la rotation des investissements vers les actions de jeux vidéo japonais, la réussite des résultats financiers de Konami et la mise en place de nouvelles stratégies de réduction des unités de trading.",Nintendo Surges 6.8% As AI Fatigue Sparks Gaming Rotation || Does Konami’s BOMBERMAN Slot Debut Signal a Deeper Shift in IP Strategy for Konami (TSE:9766)? || 9766 Stock Price and Chart — TSE:9766 - TradingView || Results: Konami Group Corporation Beat Earnings Expectations And Analysts Now Have New Forecasts - simplywall.st || REG - Konami Group Corp - Release: Policy on Reduction of Stock Trading Unit - TradingView || Cashless casinos and tailored rewards on every Carnival Cruise Line ship - Stock Titan || KONAMI Group Corporation Revenue Breakdown – TSE:9766 - TradingView
LCII,2026-09-14,LCI Industries,Consumer Cyclical,10,google_news|yfinance,neutral,True,"Bien que LCI Industries ait rapporté une augmentation des bénéfices et une expansion des marges, l'actualité souligne également la softness du marché et la nécessité de cost-cutting, ce qui maintient un ton neutre.","Lippert named Fun Town RV CEO || LCI Industries (LCII) Q2 2026 Earnings Call Transcript || LCI Industries Q2 Earnings Call Highlights || LCI Industries Inc (LCII) (Q2 2026) Earnings Call Highlights: Margin Expansion and Strategic ... || Patrick Industries (PATK) Stock Looks Reasonable On Cash Flow While Earnings Look Rich || Squarepoint Ops LLC Acquires 21,771 Shares of LCI Industries $LCII - MarketBeat || LCI Industries (LCII) Agrees To All Stock Merger With Patrick Industries - Yahoo Finance || Patrick merger enters new antitrust review phase for LCI Industries (NYSE: LCII) - Stock Titan || McDermott Will & Schulte advises Patrick Industries in Announced All-Stock Merger with LCI Industries - McDermott Will & Schulte || LCI Industries (LCII) Stock Looks Cheap On Earnings While Cash Flow Points Higher - simplywall.st"
2432.T,2026-09-14,"DeNA Co., Ltd.",Industrials,9,google_news|yfinance,positive,True,"L'actualité présente des informations positives sur DeNA Co., Ltd., telles que des gains de valeur, une augmentation du chiffre d'affaires et une création de nouvelles sociétés, ce qui suggère un ton général positif pour l'action.","Is DeNA (TSE:2432) Cheap As Q1 Net Income Jumps Despite Lower Sales? || Nintendo announces $1.9 billion share sale by Kyoto bank and others || DeNA (TSE:2432): Assessing Valuation After Recent Steady Gains || Profit Taking Eases Asian Stock Markets From Recent Highs || DeNA Number of Employees 2026 | Employee Count & Headcount Data - Revelio Labs || EXCLUSIVE: Nintendo announces $1.9 billion share sale by Kyoto bank and others - reuters.com || DeNA Co. Ltd (OTC: DNACF) Stock Price, News & Analysis - Kalkine || Nintendo (NTDOY) authorizes share buyback to offset secondary offering, sales by DeNA and banks - Shacknews || New Company DeNA AI Link Co., Ltd. Established to Provide AI Consulting & Solutions: Also Exploring Enterprise AI Agent Business - 株式会社ディー・エヌ・エー | DeNA"
SAF.PA,2026-09-14,Safran SA,Industrials,10,google_news|yfinance,positive,True,"Les actualites presentes sont presque toutes positives, avec des annonces de croissance pour RTX et Amazon, et un prix cible accru pour Safran par JPMorgan, ce qui suggere une tendance positive pour l'action.","Can RTX's GTF Aftermarket Expansion Boost Its Growth Outlook? || Amazon books 6 more Arianespace launches for Kuiper satellites || GE Aerospace’s $11.75B Deal Puts Howmet Aerospace in Focus || GE Aerospace's LEAP Engine Deliveries Jumped 41% This Year. Here's Why Boeing and Airbus Both Need That Number to Keep Climbing. || NextNav Q2 Earnings Call Highlights || Price to sales forward of Safran SA – AQUISEU:SAFP - TradingView || Has Safran (SAFRY) Outpaced Other Aerospace Stocks This Year? - Yahoo Finance || Up Over 35% in the Last Year, Can SAF Stock Keep Climbing In 2026? - TIKR.com || Safran stock gains as JPMorgan lifts price target to 460 euros - ad-hoc-news.de || Safran: The Disconnect Between Fundamentals And Price (OTCMKTS:SAFRF) - Seeking Alpha"
UCG.MI,2026-09-14,UniCredit S.p.A.,Financial Services,10,google_news|yfinance,positive,True,"Les actualites presentes sont presque toutes positives, avec des annonces de gains pour le fonds Smead International Value, des financements pour des projets de stockage de carbone, une mise à jour positive de la valeur de l'action de UniCredit et une augmentation de la part de possession de l'actio","This International Manager Is Betting Big on Banks and Energy, but Not Tech || Greenvolt secures $254m UniCredit funding for Polish BESS projects || Greenvolt secures financing package from Unicredit for BESS projects in Poland || Commerzbank (XTRA:CBK) Stock Looks Fairly Valued Despite Fresh ECB Bid News || Italy’s Monte dei Paschi Makes $40 Billion Move to Buy Rival Banks || UniCredit stock gains on crypto custody push ahead of extraordinary meeting - ad-hoc-news.de || UniCredit (UNCRY) Upgraded to Buy: What Does It Mean for the Stock? - Yahoo Finance || UniCredit: We Raise Our Fair Value Estimate by 39%; Shares Modestly Undervalued - Morningstar || UniCredit S.p.A. Stock 12‑Month Price Target Raised to €91.66, Implies 14% Upside - TradingView || UniCredit Nears Commerzbank Control as Stake Set to Top 47% - bloomberg.com"
OFG,2026-09-14,OFG Bancorp,Financial Services,10,google_news|yfinance,positive,True,"Les actualites presentes sont presque toutes positives, avec des articles qui mettent en avant les performances de l'action, son rendement en dividendes et son ajout a la liste des stocks a acheter.","1 Small-Cap Stock on Our Buy List and 2 That Underwhelm || OFG Bancorp (OFG) is a Top Dividend Stock Right Now: Should You Buy? || Q2 Regional Banks Earnings Review: First Prize Goes to OFG Bancorp (NYSE:OFG) || New Strong Buy Stocks for August 25th || Best Income Stocks to Buy for August 25th || VIRGINIA RETIREMENT SYSTEMS ET Al Purchases Shares of 28,287 OFG Bancorp $OFG - MarketBeat || OFG Bancorp (NYSE: OFG) CEO gifts stock, still holds 152,056.688 shares - Stock Titan || OFG Bancorp (OFG) is a Top Dividend Stock Right Now: Should You Buy? - Yahoo Finance || Unpacking Q2 Earnings: Customers Bancorp (NYSE:CUBI) In The Context Of Other Regional Banks Stocks - StockStory || Is OFG Bancorp (OFG) Undervalued As Dividend Growth Draws Fresh Attention? - simplywall.st"
1893.T,2026-09-14,"Penta-Ocean Construction Co., Ltd.",Industrials,8,google_news|yfinance,neutral,True,L'actualité présente une équilibre entre des informations positives (contrats d'installation de turbines éoliennes et introduction d'un J-ESOP) et des informations négatives (dissolution de Mizuho et des problèmes d'insécurité financière),DEME secures offshore wind turbine installation contract in Japan || Mizuho Dropped From Bond Deals as SESC Probe Unfolds || Reviewing Penta-Ocean Construction (TSE:1893) Valuation as Investor Interest Builds Without Major Headlines || Penta-Ocean Construction Number of Employees 2026 | Employee Count & Headcount Data - Revelio Labs || How Penta-Ocean’s Planned J-ESOP Introduction At Penta-Ocean Construction (TSE:1893) Has Changed Its Investment Story - simplywall.st || 1803 Stock Price and Chart — TSE:1803 - TradingView || Penta-Ocean's New Offshore Wind Turbine Installation Vessel Set for Japan Debut - Offshore Engineer Magazine || China Railway Constr Number of Employees 2026 | Employee Count & Headcount Data - Revelio Labs
2006.TW,2026-09-14,Tung Ho Steel Enterprise Corporation,Basic Materials,5,google_news,neutral,True,Les actualites presentes sont diverses et ne portent pas de jugement clair sur la performance de l'action de Tung Ho Steel Enterprise Corporation.,"Evergreen Steel Corp. (2211.TW) Stock Price, News, Quote & History - Yahoo Finance || Steelmaker Tung Ho Vietnam secures $25 mln finance from Standard Chartered - Theinvestor || Tung Ho Steel keeps H-beam prices stable - SteelRadar || Why Taiwan Is Becoming a Leader in Urban Mining - Time Magazine || Mineralization and Utilization using Steel Slag for Establishing a Waste-to-Resource Supply Chain - Nature"
B3SA3.SA,2026-09-14,"B3 S.A. - Brasil, Bolsa, Balcão",Financial Services,7,google_news|yfinance,positive,True,"Les actualites presentes sont presque toutes positives, avec des mentions de croissance revenue, de nouveaux produits et de stabilisation, mais sans mention de facteurs négatifs importants. [verification 'delisting' : resolu favorablement (3/3 votes) -- Delisting est une mesure positive, indiquant un processus d'extraction de l'entreprise de la bourse, ce qui peut être une étape pour une restructuration ou une évolution stratégique.]","B3 SA - Brasil Bolsa Balcao (BOLSY) Q4 2025 Earnings Call Highlights: Strong Revenue Growth and ... || B3 SA - Brasil Bolsa Balcao (BOLSY) Q3 2025 Earnings Call Highlights: Resilient Growth Amid ... || ETFs Investing in B3 SA - Brasil, Bolsa, Balcao Unsponsored ADR Stocks - TradingView || B3 S.A. Got An Antitrust Warning Because Of The Strength Of Its Moat (Rating Downgrade) - Seeking Alpha || Banrisul to Pay R$ 90 Million in Interest on Own Capital for Q3 2026 - The Globe and Mail || Homerun Resources Inc. Announces Sponsored BDR Listing on B3 Stock Exchange - Investing News Network || Cosan Notifies NYSE of Voluntary Delisting of ADSs, Will Continue Trading on B3 | CSAN Stock News - Quiver Quantitative"
9942.TW,2026-09-14,NAK Sealing Technologies Corporation,Consumer Cyclical,2,google_news,positive,True,Aucune information n'est disponible dans les actualites fournies.,3498 Stock Price and Chart — TPEX:3498 - TradingView || 6667 Stock Price and Chart — TPEX:6667 - TradingView
LAUR,2026-09-14,"Laureate Education, Inc.",Consumer Defensive,10,google_news|yfinance,neutral,True,"Les actualites presentes sont mixtes, avec des articles qui mentionnent des risques et des opportunites pour l'action, mais sans prendre une position clairement positive ou négative.","3 Small-Cap Stocks We Find Risky || Laureate Education (LAUR) Looks Fairly Valued, Is There Enough Upside Left? || 3 Hyped Up  Stocks We Think Twice About || TAL vs. LAUR: Which Stock Is the Better Value Option? || 3 Russell 2000 Stocks We Steer Clear Of || Here’s How Much You Would Have Made Owning Laureate Education Stock In The Last 5 Years - Benzinga || Snow Phipps plans $925K Laureate stock sale | LAUR SEC Filing - Form 144 - Stock Titan || 3 Reasons LAUR is Risky and 1 Stock to Buy Instead - Yahoo Finance || Laureate Education (NASDAQ:LAUR) Director Sells $101,143.94 in Stock - MarketBeat || LAUR - Laureate Education Inc Stock Price and Quote - Finviz"
DINO,2026-09-14,HF Sinclair Corporation,Energy,10,google_news|yfinance,positive,True,"Les actualites presentes montrent une tendance positive pour l'action HF Sinclair Corporation (DINO), avec des gains de plus de 50% sur les six derniers mois, des mentions de croissance et de valeur ajoutee, ainsi que des plans de spin-off qui pourraient renforcer la valeur de l'action.","Oil Prices are High, But These 2 Refining Stocks are Still Crushing It || Zacks.com featured highlights include LifeStance Health, Tutor Perini, News, Everus Construction and HF Sinclair || 5 Low-Leverage Stocks to Buy Amid Rising Oil Prices & Inflation Woes || How High-Return Refinery Investment Strengthens MPC's Long-Term Margins || High Gas Prices Aren't Budging—Here Are 3 Stocks That Benefit || Why Is HF Sinclair (DINO) Up 7.2% Since Last Earnings Report? - Yahoo Finance || HF Sinclair: The Share Price Can No Longer Be Justified With Mid-Cycle Earnings (Downgrade) - Seeking Alpha || HF Sinclair Stock Climbs 18% On A 8-Day Winning Streak - Trefis || HF Sinclair Corporation (DINO) Hit a 52 Week High, Can the Run Continue? - Yahoo Finance || HF Sinclair Plans Lubricants Spin-Off: Is it a Value-Unlocking Move? - TradingView"
4503.T,2026-09-14,Astellas Pharma Inc.,Healthcare,10,google_news|yfinance,positive,True,"Les actualites presentes sont presque toutes positives, avec des articles sur des accords de prix avec Trump, des results financiers positifs et des informations sur la croissance de l'entreprise.","Trump Expands Drug Pricing Deals With 9 Pharma Companies, Bringing Total to 26 — RFK Jr. Details 'Very, Very Emotional' Conversations With President || Trump's MFN Push Goes Beyond Big Pharma, Adds 9 Mid-Sized Drugmakers || Mid-cap biotechs join Trump’s latest round of drug pricing deals || Trump lines up MFN deals with nine mid-size pharmas on drug pricing push || Trump's Pharma Pricing Deal Expands as Healthcare Stocks Keep Climbing || Is Astellas Pharma (ALPMY) Stock Undervalued Right Now? - Yahoo Finance || Why is Astellas Pharma stock climbing today? - Investing.com || Astellas Pharma Number of Employees 2026 | Employee Count & Headcount Data - Revelio Labs || Astellas Pharma Inc. Just Recorded A 55% EPS Beat: Here's What Analysts Are Forecasting Next - simplywall.st || Astellas Pharma Inc. Revenue Breakdown – TSE:4503 - TradingView"
1590.TW,2026-09-14,Airtac International Group,Industrials,6,google_news|yfinance,positive,True,"Les actualites presentes sont presque toutes positives, avec des croissances de revenue et de profit, ainsi qu'une augmentation des attentes pour 2026.","Airtac International Group (TPE:1590) Q2 2026 Earnings Call Highlights: Robust Growth and ... || AirTAC Earnings: Strong Growth Continues, but Shares Remain Expensive - Morningstar || AirTAC Capitalizes on Booming Battery Demand - Morningstar || Airtac International's Revenue Surges 43% in August - marketscreener.com || Earnings call transcript: AirTAC lifts 2026 outlook after strong Q2 growth - Investing.com || 1590 Stock Price and Chart — TWSE:1590 - TradingView"
2303.TW,2026-09-14,United Microelectronics Corporation,Technology,10,google_news|yfinance,positive,True,"Les actualites presentes sont presque toutes positives, avec des mentions de croissance, de forte vente et de bonnes perspectives pour l'avenir de l'action.","United Microelectronics Sales Jump 30% in August. UMC Stock Has More Room to Run. || ASE Technology Surges 16% in 3 Months: Time to Hold or Fold the Stock? || Taiwan Semiconductor Retains 73% Foundry Share: Is the Stock a Buy? || If You Have Some ‘Silly’ Money, United Microelectronics (UMC) Stock Is Worth a Look || The Firm That Filed a Bet Against Taiwan Semiconductor Then Launched a Foundry Fund Five Days Later || United Microelectronics Stock Price Forecast. Should You Buy UMC? - StockInvest.us || United Microelectronics Corporation (UMC) is a Great Momentum Stock: Should You Buy? - Yahoo Finance || Should I Buy UMC (United Microelectronics Corporation) | AI Analysis, Technical & News Insights - Kavout || ASE Technology Surges 16% in 3 Months: Time to Hold or Fold the Stock? - TradingView || UMC Stock Draws Trader Focus After Earnings Beat And AI Capex Push - StocksToTrade"
YETI,2026-09-14,"YETI Holdings, Inc.",Consumer Cyclical,10,google_news|yfinance,neutral,True,"Bien que certains analystes ont exprimé une confiance en l'action, d'autres ont signalé une correction après les résultats du deuxième trimestre, tandis que le CEO a vendu des actions, ce qui a attiré l'attention des investisseurs.","Why Yeti Stock Swooned in August || Is YETI Holdings (YETI) Cheap On Its Pullback Despite The CEO Vesting Share Sale? || 1 of Wall Street’s Favorite Stocks to Keep an Eye On and 2 We Turn Down || CEO Sells Over 4,000 Shares of Consumer Stock, Valued at Over $185,000 || YETI (YETI) Remains a Strong Player Despite Market Setbacks || YETI Holdings, Inc. Q2 2026 Earnings Call Summary - Yahoo Finance || YETI Holdings, Inc. (NYSE:YETI) Receives Consensus Rating of ""Moderate Buy"" from Analysts - MarketBeat || YETI Rose 8% This Week. Here’s How Much the Stock Could Rise in 2026 - TIKR.com || YETI - YETI Holdings Inc Stock Price and Quote - Finviz || YETI Forecast — Price Target — Prediction for 2027 - TradingView"
2503.T,2026-09-14,"Kirin Holdings Company, Limited",Consumer Defensive,10,google_news|yfinance,positive,True,"Les actualites presentes sont presque toutes positives, avec des mentions de croissance, de diversification, de renforcement de la position de Kirin Holdings sur le marché et de son engagement en faveur de la transformation digitale.","Why spirits slowdown could prompt majors to diversify || Assessing Kirin Holdings (TSE:2503) Valuation After Recent Share Price Momentum || Kirin launches RTD brand Hyoketsu in US || Is It Time To Reassess Kirin Holdings Company (TSE:2503) After Its Strong 1‑Year Share Price Run? || 3 Reasons Growth Investors Will Love Kirin (KNBWY) || Kirin Holdings Selected as a ""DX Stock 2026"" for Commitment to Digital Transformation - Kirin Holdings Company, Limited || Kirin Holdings Company, Limited 2026 Q2 - Results - Earnings Call Presentation (OTCMKTS:KNBWY) 2026-08-09 - Seeking Alpha || The Strong Earnings Posted By Kirin Holdings Company (TSE:2503) Are A Good Indication Of The Strength Of The Business - simplywall.st || Jamieson Wellness Enters into Definitive Agreement to be Acquired by Kirin in C$2.5 Billion Transaction - PR Newswire Canada || Kirin stock steadies as Tokyo peers slide - ad-hoc-news.de"
4507.T,2026-09-14,"Shionogi & Co., Ltd.",Healthcare,9,google_news|yfinance,positive,True,"Les actualites presentes sont presque toutes positives, avec des results de trimestre superieures aux attentes, une approbation FDA pour un nouveau medicament contre le COVID-19 et une selection comme 'DX Stock 2026'.","Shionogi & Co., Ltd. Unsponsored ADR (SGIOY) Beats Q1 Earnings Estimates || United Therapeutics (UTHR) Earnings Expected to Grow: What to Know Ahead of Q2 Release || Shionogi & Co., Ltd. Unsponsored ADR (SGIOY) to Report Q1 Results: Wall Street Expects Earnings Growth || Shionogi (TSE:4507) Valuation Check As XOCOVA Wins First US FDA Approval For COVID 19 Post Exposure Prophylaxis || Akebia Therapeutics (AKBA) Reports Q1 Loss, Misses Revenue Estimates || Shionogi Selected as a “DX Stock 2026”｜ 塩野義製薬 - Shionogi Inc. || Shionogi & Co., Ltd. Revenue Breakdown – TSE:4507 - TradingView || Shionogi & Co., Ltd. 2027 Q1 - Results - Earnings Call Presentation (OTCMKTS:SGIOY) 2026-08-06 - Seeking Alpha || Board of Directors and Executive Officers - jpx.co.jp"
2548.TW,2026-09-14,"Huaku Development Co., Ltd.",Real Estate,5,google_news,positive,True,L'actualité mentionne une révision de la stratégie commerciale positive et une augmentation des parts de la bourse.,"2548 Stock Price and Chart — TWSE:2548 - TradingView || [Huaku Development FY2026 Q3 Earnings Call] Commercial Office Pivot: Huaku Times Place Abandons Whole-Building Sale for Stratified Sales, Aims to Recognize Half of Revenue This Year; NT$5 Dividend Floor Reaffirmed - finance.biggo.com || Taiwan shares higher at close of trade; Taiwan Weighted up 0.12% By Investing.com - Investing.com UK || 9945 Stock Price and Chart — TWSE:9945 - TradingView || Taiwan shares higher at close of trade; Taiwan Weighted up 0.48% By Investing.com - Investing.com India"
3044.TW,2026-09-14,Tripod Technology Corporation,Technology,5,google_news,negative,True,Aucune information positive ou neutre n'est disponible dans les actualités fournies.,3044 Stock Price and Chart — TWSE:3044 - TradingView || Technical Analysis of Tripod Technology Corporation (TWSE:3044) - TradingView || 6274 Stock Price and Chart — TPEX:6274 - TradingView || 3037 Stock Price and Chart — TWSE:3037 - TradingView || 3008 Stock Price and Chart — TWSE:3008 - TradingView
BVS,2026-09-14,Bioventus Inc.,Healthcare,10,google_news|yfinance,positive,True,"Les actualites recentes sur Bioventus Inc. (BVS) suggèrent un ton general positif, avec des performances solides en termes de ventes et de bénéfices, ainsi que des recommandations de investissement et des prévisions de croissance.",Are Medical Stocks Lagging  Bioventus (BVS) This Year? || 4 Healthcare Stocks to Safeguard Your Portfolio as Fed Plans Rate Hike || Bioventus (BVS) Q2 2026 Earnings Call Transcript || Bioventus (BVS) Stock Still Looks Like A Bargain On Earnings || The Bull Case For Bioventus (BVS) Could Change Following Its Q2 Earnings Surge And Reaffirmed 2026 Guidance || Is Bioventus (BVS) Stock Undervalued Right Now? - Yahoo Finance || BVS - Finviz || Bioventus Starts Review After Unsolicited Acquisition Proposal - Stock Titan || BVS Forecast — Price Target — Prediction for 2027 - TradingView || Bioventus: I See A Better Business Trading At A Fair Price (Upgrade) (NASDAQ:BVS) - Seeking Alpha
NDX1.DE,2026-09-14,Nordex SE,Industrials,10,google_news|yfinance,positive,True,"Les actualites recentes sur Nordex SE presentent un ton general positif, avec des orders de turbines, des gains de partage, des resultats financiers solides et des projections de croissance, ce qui suggere que l'action est en phase de renforcement.","Nordex secures 525MW turbine order from Türkerler || Nordex (XTRA:NDX1) Stock Still Looks Discounted As A 228% Gain Tests Fair Value || Nordex (XTRA:NDX1) Could Be 18% Below Fair Value On Half Year 2026 Earnings || Nordex Group secures new US orders totalling more than 480 MW || Nordex Doubles Q2 EBITDA and Confirms 2026 Outlook on Strong Order Growth || Why is Nordex stock climbing today? - Investing.com || Nordex SE celebrates 25 years as a listed company - Nordex SE || NDX1 Forecast — Price Target — Prediction for 2027 - TradingView || Nordex stock heads into the open after a 2.4% drop - ad-hoc-news.de || Germany's Nordex tops profit forecast on strong wind demand, shares jump - reuters.com"
TILE,2026-09-14,"Interface, Inc.",Consumer Cyclical,10,google_news|yfinance,positive,True,"Les actualites presentes sur CES SEULES sont presque toutes positives pour l'action d'Interface, Inc. (TILE), avec des mentions de croissance, de valorisation et d'augmentation de la part d'investisseurs et de gestionnaires, ce qui suggere un ton general positif.","1 Russell 2000 Stock to Consider Right Now and 2 That Underwhelm || 1 Stock Under $50 to Keep an Eye On and 2 We Ignore || 2 Profitable Stocks for Long-Term Investors and 1 Facing Challenges || Caesarstone’s Premium Multi-Material & Differentiated Model Proposition – Initiation Report || 2 Reasons to Watch TILE and 1 to Stay Cautious || Insider at Interface (TILE) sells 28,451 shares under trading plan - Stock Titan || Wellington Management Group LLP Increases Holdings in Interface, Inc. $TILE - MarketBeat || TILE - Interface Inc Stock Price and Quote - Finviz || Enterprise value to revenue forward of Interface, Inc. – NASDAQ:TILE - TradingView || Interface Inc stock hits all-time high at 37.75 USD - Investing.com"
YUMC,2026-09-14,"Yum China Holdings, Inc.",Consumer Cyclical,10,google_news|yfinance,positive,True,"Les actualites presentes sont presque toutes positives, avec des articles qui soulignent les qualities de croissance et la valeur de l'action de Yum China Holdings, Inc. [verification 'sues' : resolu favorablement (3/3 votes) -- Une résolution favorable est indiquée, il n'y a pas d'indication de risque actif ou non résolu.]","3 Stocks Under $50 We’re Skeptical Of || Is Yum China (YUMC) a Solid Growth Stock? 3 Reasons to Think ""Yes"" || 1 Restaurant Stock to Consider Right Now and 2 That Underwhelm || YUMC or CMG: Which Is the Better Value Stock Right Now? || Are Investors Undervaluing Yum China (YUMC) Right Now? || Yum China (YUMC) is an Incredible Growth Stock: 3 Reasons Why - Yahoo Finance || Yum China issues first-half 2026 Hong Kong interim report - Stock Titan || Is Yum China Holdings Inc (YUMC) a Bargain After 4.8% Drop? GF V - GuruFocus || Yum China stock hits 52-week low at 41.68 USD - Investing.com || Yum China Holdings, Inc. Stock 12‑Month Price Target Raised to $60.24, Implies 31% Upside - TradingView"
UFCS,2026-09-14,"United Fire Group, Inc.",Financial Services,10,google_news|yfinance,positive,True,"Les actualites presentes montrent une augmentation des actions, des results financiers solides, une augmentation des prix et des commentaires positifs des analystes et des dirigeants, indiquant un ton general positif pour l'action.","UVE Stock Gains 71.4% in a Year: Time to Add It for Better Returns? || United Fire Group (UFCS) Q2 2026 Earnings Call Transcript || Is United Fire Group (UFCS) Stock Undervalued Right Now? || United Fire Group, Inc (UFCS) Hits Fresh High: Is There Still Room to Run? || United Fire Group (UFCS) Stock Gets Fair Value Boost After Q2 Beat And Lower Cat Losses || Have Insiders Sold United Fire Group Shares Recently? - simplywall.st || Have Insiders Sold United Fire Group Shares Recently? - webull.com || United Fire Group (NASDAQ:UFCS) Sets New 52-Week High - Should You Buy? - MarketBeat || Director at United Fire Group (UFCS) sells 9,777 shares - Stock Titan || United Fire Group director Scott Carlton sells $542,798 in stock - Investing.com"
SENEB,2026-09-14,Seneca Foods Corporation,Consumer Defensive,9,google_news|yfinance,positive,True,"Les actualites recentes sur Seneca Foods Corporation (SENEA) suggere un ton general positif, avec des reports de gains de ventes et d'earnings, ainsi que des commentaires positifs de plusieurs analystes et investisseurs.","Why Seneca Foods Looks Ripe For A Takeover || Seneca Stock Gains Following Q1 Earnings, Sales Increase Y/Y || The Zacks Analyst Blog Highlights Apple, Shell, Toyota, Seneca and Value Line || Top Research Reports for Apple, Shell & Toyota Motor || Is Seneca Foods Corporation (SENEA) A Good Stock To Buy Now? || Senior Vice President of Sales & Marketing Dean Erstad Sold A Bunch Of Shares In Seneca Foods - webull.com || Is Seneca Foods Corporation (SENEA) A Good Stock To Buy Now? - Yahoo Finance || Even After Doubling, Seneca Foods Corporation Offers Tasty Upside (NASDAQ:SENEA) - Seeking Alpha || Seneca Foods (NASDAQ: SENEA) officer to sell 1,587 shares - Stock Titan"
2606.TW,2026-09-14,U-Ming Marine Transport Corporation,Industrials,5,google_news,positive,True,"L'actualité présente plusieurs titres positifs, tels que le « U-Ming Wins » et le « U-Ming 2026 Annual Shareholders' Meeting », qui suggèrent une performance positive et une croissance de l'entreprise.","U-Ming Wins - feg.com.tw || Four New Dual-fuel Bulkers to Support U-Ming Charter Deal - Marine News Magazine || Sincere Navigation Corporation (2605.TW) Stock Price, News, Quote & History - Yahoo! Finance Canada || U-Ming 2026 Annual Shareholders' Meeting - Navigating Change, Powering Growth Towards 100 Vessels - feg.com.tw || HR Asia Announces Winners of Best Companies to Work for in Asia 2024 – Taiwan Awards - SME & Entrepreneurship Magazine"
SBIN.NS,2026-09-14,State Bank of India,Financial Services,10,google_news|yfinance,positive,True,"Les actualites presentes sont presque toutes positives, avec des mentions de croissance du chiffre d'affaires, de profit record, de croissance des emprunts et de plans de recruitment et d'expansion de la banque.","India’s National Stock Exchange Seeks $46 Billion Valuation in IPO || India's Top Bank Says Data Centers Aiding Capex Cycle || State Bank of India targets 12,000 hires and 250 more branches – report || State Bank of India returns to dollar debt market, bankers see strong demand || State Bank of India (SBKFF) (Q1 2027) Earnings Call Highlights: Record Profit and Digital Push ... || State Bank of India rises Tuesday, outperforms competitors - MarketWatch || India's NSE set to list in a long-delayed IPO - Reuters || Investing In Indian Stocks That Show Russian Market Growth Potential - russia's pivot to asia || State Bank of India Beats Profit Estimate on Robust Loan Growth - Bloomberg.com || State Bank of India Stock 12‑Month Price Target Cut to INR 1213.63, Implies 19% Upside - TradingView"
GEV,2026-09-14,GE Vernova Inc.,Industrials,10,google_news|yfinance,negative,True,"L'actualité présente plusieurs éléments négatifs, tels que une nouvelle note de vente avec un prix cible bas, une réduction du 9% du cours de l'action et des prévisions de chute du cours de 50%.","GE Vernova Sinks 9% as GLJ Research Starts at Sell With $470 Target; Eaton Drops 7%, Quanta Services Falls 4% || Dominion Energy vs. GE Vernova: Which Utilities Stock Is a Better Buy in 2026? || Can GE Vernova's Rising Free Cash Flow Strengthen Its Growth Story? || GE Vernova Stock Can Fall 50%, According to New Sell Rating || Boy, We Were Wrong About SpaceX || GE Vernova Stock Can Fall 50%, According to New Sell Rating - Barron's || GE Vernova Shares Fall 4.8% After GLJ Research Starts Coverage With Sell Rating - Yahoo Finance || GE Vernova Slammed as New Sell Call Hits Stock - TipRanks || GE Vernova Stock Isn’t All About Orders - Barron's || GLJ Research initiates GE Vernova stock with sell rating on cycle concerns - Investing.com"
FRSH,2026-09-15,Freshworks Inc.,Technology,5,google_news,positive,True,L'action de Freshworks Inc. (FRSH) a atteint un nouveau haut de 52 semaines et son cours est considéré comme être à un prix raisonnable par rapport à sa valeur.,Freshworks (FRSH) Stock Looks Priced At A Premium To Fair Value - Yahoo Finance || FRSH - Finviz || Freshworks stock hits 52-week high at 13.77 USD - Investing.com || Freshworks Stock Drops 32% in 2026: Why the Math Still Supports a 120% Total Return - TIKR.com || Freshworks Inc. (FRSH) CTO Manning Ryan files Form 3 showing no stock ownership - Stock Titan
MD,2026-09-15,"Pediatrix Medical Group, Inc.",Healthcare,9,google_news|yfinance,neutral,True,"Les actualites presentes sont des analyses generales sur les actions, des conseils d'investissement et des informations sur les performances financieres, sans contenir de commentaires ou de jugements positifs ou negatifs sur l'action de Pediatrix Medical Group, Inc.","3 Stocks Under $50 with Questionable Fundamentals || 1 Cash-Producing Stock to Research Further and 2 Facing Challenges || Cencora (COR) Up 3.8% Since Last Earnings Report: Can It Continue? || Pediatrix Medical Group (MD) Up 3.4% Since Last Earnings Report: Can It Continue? || Q2 Earnings Highlights: Pediatrix Medical Group (NYSE:MD) Vs The Rest Of The Healthcare Providers & Services Stocks || Pediatrix (NYSE: MD) officer files notice for $572,619.71 stock sale - Stock Titan || Pediatrix (NYSE: MD) officer plans $246,365 stock sale - Stock Titan || Pediatrix Medical Group (NYSE:MD): A Decent Value Stock at a Discount - ChartMill || MD - Pediatrix Medical Group Inc Stock Price and Quote - Finviz"
FHI,2026-09-15,"Federated Hermes, Inc.",Financial Services,10,google_news|yfinance,positive,True,"Les actualites presentes sont presque toutes positives, avec des mentions de croissance, de dividendes, de recommandations de buy et de prix cible eleves, ce qui suggere un ton general positif pour l'action de Federated Hermes, Inc.","3 Market-Beating Stocks on Our Buy List || FHI vs. CNS: Which Stock Is the Better Value Option? || Ares Management Up 28.8% in 6 Months: How to Approach the Stock Now || Federated Hermes' APAC Tokenization Push: A New AUM Growth Lever? || UBS Gets a Win in Swiss Capital Battle || A $0.045 dividend avoids regular federal tax on Oct. 1 - Stock Titan || Federated Hermes: Shifting To Higher-Fee Products (NYSE:FHI) - Seeking Alpha || Is Federated Hermes Poised to Sustain Its Capital Return Strategy? - Yahoo Finance || Federated Hermes, Inc. (NYSE:FHI) Receives Average Recommendation of ""Moderate Buy"" from Brokerages - MarketBeat || Federated Hermes, Inc. Stock 12‑Month Price Target Raised to $59.14, Implies 1% Downside - TradingView"
9939.TW,2026-09-15,"Taiwan Hon Chuan Enterprise Co., Ltd.",Consumer Cyclical,5,google_news,negative,True,"Aucune information positive ou neutre n'est disponible dans les actualités fournies, les seules informations disponibles sont sur des actions ou des entreprises différentes.","Taiwan Hon Chuan Enterprise Co., Ltd. Income Statement – TWSE:9939 - TradingView || International Packaging Number of Employees 2026 | Employee Count & Headcount Data - reveliolabs.com || 9939 Stock Price and Chart — TWSE:9939 - TradingView || Taiwan Optical Platform Co., Ltd. (6464.TW) stock price, news, quote and history - Yahoo Finance Singapore || Dimensional Emerging Markets Core Equity 2 ETF Holdings - Quiver Quantitative"
ASM.AS,2026-09-15,ASM International NV,Technology,10,google_news|yfinance,negative,True,"L'action ASM International NV a connu une chute des actions après les déclarations des leaders de l'industrie des systèmes d'intelligence artificielle, ainsi qu'une baisse des actions de la société après avoir atteint 84,9% de son plan de rachat de parts.","Tech, Media & Telecom Roundup: Market Talk || Chip Stocks Tumble After AI Leaders Call for Slowdown in Development || European Chip Stocks Follow Asia Lower Amid AI Worries || European Stocks Mixed, Chip Stocks Slide || European Chip Stocks Rise, Buoyed By Asian Peers || 85% of a €150 million plan to buy back shares is complete at ASM International - Stock Titan || ASM International stock falls as buyback reaches 84.9 percent - ad-hoc-news.de || ASM International Rides on AI-Driven Semiconductor Boom: Worth a Buy? - Zacks Investment Research || Earnings call transcript: ASM International posts record q2 2026 revenue, stock falls - Investing.com || Is ASM International (ASMIY) Stock Outpacing Its Computer and Technology Peers This Year? - Yahoo Finance"
1802.T,2026-09-15,Obayashi Corporation,Industrials,10,google_news|yfinance,positive,True,"L'acquisition de Multiplex par Obayashi est un développement positif pour l'action, car cela renforce la position de leader du marché et ouvre de nouvelles perspectives de croissance.","Brookfield agrees to divest builder Multiplex to Obayashi for $650m || Brookfield Business Selling Multiplex to Japan's Obayashi For $650 Million || Soft China Economic Reports Roil Asian Stock Markets || Obayashi (TSE:1802) Valuation Check After Strong 1 Year Shareholder Returns || This Khosla-backed autonomous pod startup just raised $170M — now it’s aiming for more || Acquisition of Multiplex Global Limited, a Company Operating Construction Businesses in Australia, the UK and Canada - obayashi.co.jp || Obayashi Corporation Revenue Breakdown – TSE:1802 - TradingView || Japan’s Obayashi to acquire Multiplex from Brookfield for $526 mln - Investing.com || Obayashi Corporation 2026 Q4 - Results - Earnings Call Presentation (OTCMKTS:OBYCF) 2026-05-13 - Seeking Alpha || Obayashi to Acquire Multiplex in Push for Global Construction Expansion - The Globe and Mail"
2404.TW,2026-09-15,"United Integrated Services Co., Ltd.",Industrials,5,google_news,negative,True,"L'actualité présente plusieurs informations négatives sur l'action de United Integrated Services Co., Ltd., notamment une chute des stocks de Taiwan en raison d'un conflit du Moyen-Orient et de préoccupations sur l'IA, ainsi qu'une baisse de la valeur de l'indice.",2404 Stock Price and Chart — TWSE:2404 - TradingView || Wasatch Emerging Markets Select Fund Q2 2026 Commentary (undefined:WAESX) - Seeking Alpha || TSMC 2024 Supply Chain Management Forum Presents Awards to Outstanding Suppliers - pr.tsmc.com || Taiwan stocks higher at close of trade; Taiwan Weighted up 0.91% - Investing.com || Middle East Conflict and AI Concerns Batter Taiwan Stocks; Index Plunges 786 Points Intraday Before Losses Narrow - finance.biggo.com
PATH,2026-09-15,"UiPath, Inc.",Technology,10,google_news|yfinance,positive,True,"L'actualité présente plusieurs éléments positifs, tels que des gains de 7% pour UiPath, une stabilisation de la croissance et des objectifs de croissance pour l'avenir, ce qui suggère un ton général positif pour l'action.","C3.ai Jumps 7% as Software Rally Lifts Beaten-Down AI Names; UiPath Climbs 8%, SoundHound AI Gains 5% || Off-Quarter Software Companies' Revenue Outperformance Decelerates Slightly Sequentially, RBC Says || 1 of Wall Street’s Favorite Stocks for Long-Term Investors and 2 We Ignore || CrowdStrike vs. UiPath: Which Technology Stock Is a Better Buy in 2026? || UiPath Targets AI-Powered Growth Reacceleration as ARR Hits $1.94B || UiPath, Inc. (PATH) Stock Has AI Potential, But Slowing Growth Keeps Investors Cautious - Yahoo Finance || CrowdStrike vs. UiPath: Which Technology Stock Is a Better Buy in 2026? - The Motley Fool || UiPath Stock Steadies As AI Orchestration Story Gains Momentum - StocksToTrade || UiPath (NYSE: PATH) COO sells stock but keeps over 2M shares - Stock Titan || UiPath Stock Draws Bullish Targets After Q2 Beat And AI Wins - timothysykes.com"
GL,2026-09-15,Globe Life Inc.,Financial Services,10,google_news|yfinance,neutral,True,"Bien que certaines actualités mentionnent des gains et des dividendes, d'autres soulignent les difficultés de l'action et les recommandations de vente, ce qui équilibre le ton général.",Life Insurance Stocks Q2 Recap: Benchmarking Globe Life (NYSE:GL) || Globe Life Co-CEOs Matt Darden + Frank Svoboda Discuss Company’s Texas Strategy || NYSE Texas Office Opening: Globe Life Co-CEOs Cover Lone Star State Importance || 3 Insurance Stocks We Keep Off Our Radar || Want Double-Digit Gains From Insurance Stocks? Morgan Stanley Suggests 2 Names to Consider || Globe Life Inc. stock underperforms Monday when compared to competitors despite daily gains - MarketWatch || Globe Life stock holds steady as investors focus on recent earnings and valuation - ad-hoc-news.de || 3 Reasons to Avoid GL and 1 Stock to Buy Instead - Yahoo Finance || GLOBE LIFE INC. DECLARES DIVIDEND - PR Newswire || Globe Life Inc. stock underperforms Tuesday when compared to competitors - MarketWatch
GEO,2026-09-15,"The GEO Group, Inc.",Industrials,10,google_news|yfinance,positive,True,"Les actualites presentes sont presque toutes positives, avec des mentions de croissance, de croissance des revenus et de renforcement des prospects, mais sans mention de facteurs négatifs importants.","Here's Why Investors Should Retain Global Payments Stock for Now || ICFI Stock Rises 22% in 3 Months: Here's What You Should Know || Strong Engagement & Contract Value Strengthen Gartner's Prospects || Geo Group (GEO) Is a Great Choice for 'Trend' Investors, Here's Why || 2 Growth Stocks with All-Star Potential and 1 We Question || The GEO Group Reports First Quarter Results and Increases Full Year 2026 Guidance | The GEO Group, Inc. - The GEO Group || The GEO Group Announces Date for Second Quarter 2026 Earnings Release and Conference Call - Yahoo Finance || The GEO Group Reports Third Quarter 2025 Results and Increases Share Repurchase Authorization to $500 Million - The GEO Group || Government Contract Update: $36M payment to THE GEO GROUP, INC - Quiver Quantitative || Here's Why Investors Should Retain Global Payments Stock for Now - TradingView"
ABEV3.SA,2026-09-15,Ambev S.A.,Consumer Defensive,10,google_news|yfinance,positive,True,"Les actualites presentes montrent une croissance revenue et des marges expansionnees, ainsi qu'une activation de la marque autour du World Cup, ce qui suggere un ton general positif pour l'action.",Ambev (ABEV) Q2 2026 Earnings Call Transcript || Ambev SA (ABEV) (Q2 2026) Earnings Call Highlights: Strong Beer Growth and Digital Expansion ... || Ambev Q2 Earnings Call Highlights || CCU vs. ABEV: Which Stock Should Value Investors Buy Now? || PepsiCo Q2 Earnings Beat on Volume Gains & International Strength || Ambev S.A. $ABEV Shares Sold by Tidal Investments LLC - MarketBeat || Stock options running to 2029 for Ambev (NYSE: ABEV) logistics VP - Stock Titan || Ambev (ABEV) is an Incredible Growth Stock: 3 Reasons Why - Yahoo Finance || ABEV Stock Grinds Higher As Tight Range Draws Trader Focus - StocksToTrade || ABEV - Ambev SA ADR Stock Price and Quote - Finviz
GEV,2026-09-15,GE Vernova Inc.,Industrials,10,google_news|yfinance,negative,True,"L'actualité présente plusieurs éléments négatifs, tels que la chute du prix de GE Vernova, une nouvelle note de vente de GLJ Research et des prévisions de chute du prix de 50%.","EXCLUSIVE: Kevin Warsh’s Hawkishness Is a ‘Distraction From His Dovishness,’ Truflation CEO Says || Why Did GE Vernova Stock Fall Today? || Oracle, Corning, Alphabet, GE Vernova, CrowdStrike, SpaceX, and More Stocks That Explain Today’s Market || Boy, We Were Wrong About SpaceX || GE Vernova Stock Can Fall 50%, According to New Sell Rating || GE Vernova Stock Can Fall 50%, According to New Sell Rating - Barron's || GE Vernova Shares Fall 4.8% After GLJ Research Starts Coverage With Sell Rating - Yahoo Finance || GEV Stock Sinks on New 'Sell' Rating. What to Know. - Barchart.com || GE Vernova Slammed as New Sell Call Hits Stock - TipRanks || GE Vernova Stock Isn’t All About Orders - Barron's"
AMN,2026-09-15,"AMN Healthcare Services, Inc.",Healthcare,10,google_news|yfinance,positive,True,"Les actualites presentes montrent un ton general positif pour l'action AMN Healthcare Services, Inc., avec des articles qui soulignent son potentiel de croissance, sa performance financiere solide et son integration dans le marche de la main d'oeuvre temporaire.",Here's Why You Should Retain AMN Stock in Your Portfolio for Now || 3 Reasons to Avoid AMN and 1 Stock to Buy Instead || 1 Small-Cap Stock on Our Buy List and 2 We Ignore || Job Market Uncertainty Pushes Commercial Staffing Stocks Up 80% This Year || 3 Stocks Under $50 We Steer Clear Of || Amn Healthcare Services Stock Price Forecast. Should You Buy AMN? - StockInvest.us || A Look at AMN Healthcare Services Inc (AMN) After 3.8% Decline -- GF Value $29.72 vs Price $33.05 - GuruFocus || Here's Why You Should Retain AMN Stock in Your Portfolio for Now - Yahoo Finance || AMN - AMN Healthcare Services Inc Stock Price and Quote - Finviz || Is AMN Healthcare Services (AMN) Stock Outpacing Its Business Services Peers This Year? - Yahoo Finance
SNA,2026-09-15,Snap-on Incorporated,Industrials,10,google_news|yfinance,positive,True,"Bien que certaines actualités mentionnent des risques et des préoccupations, le ton général est dominé par des éléments positifs, tels que la croissance des revenus, la performance des analystes et les initiatives de croissance de l'entreprise.","3 Reasons SNA is Risky and 1 Stock to Buy Instead || Are Wall Street Analysts Bullish on Snap-on Stock? || Snap On (SNA) Beat Expectations, Is The Stock Fully Priced? || Spotting Winners: Snap-on (NYSE:SNA) And Professional Tools and Equipment Stocks In Q2 || Can Snap-on's RCI Execution and Innovation Sustain Growth? || Snap-On Incorporated $SNA Shares Purchased by Corient Private Wealth LP - MarketBeat || Is Snap-on Stock a Buy as Strong Margins Meet a Premium Valuation? - Yahoo Finance || Snap-On Incorporated $SNA Shares Sold by Amundi - MarketBeat || Snap-on Incorporated Declares Quarterly Dividend; Announces $500 Million Share Repurchase Authorization - Business Wire || HighTower Advisors LLC Trims Stock Holdings in Snap-On Incorporated $SNA - MarketBeat"
AMAT,2026-09-15,"Applied Materials, Inc.",Technology,9,google_news|yfinance,negative,True,"Les actions de Applied Materials, Inc. (AMAT) ont connu une baisse de 5,8% en pré-marché, suivie d'une chute de 6% pour Lam Research, et une chute de 5% pour ASML, en raison des appels à ralentir le développement des modèles d'intelligence artificielle.","Applied Materials, Lam Research, Monolithic Power Systems, Marvell Technology, and MACOM Shares Are Falling, What You Need To Know || Chip Equipment Stocks Slide as AI Pacing Call Reaches Fab Spending: Applied Materials and Lam Research Fall 6%, ASML Sinks 5% || Applied Materials Shares Fall 5.8% as Semiconductor Stocks Decline || ASML Fell For a Month Straight: A Prominent Wall Street Ratings Agency Says It Will Return 70% From Today || Prediction: Applied Materials Books Its First $10 Billion Quarter This Fall || Applied Materials Shares Fall 5.8% as Semiconductor Stocks Decline - Yahoo Finance || Applied Materials Inc. stock underperforms Monday when compared to competitors - MarketWatch || Applied Materials Sinks After Downgrade And Insider Selling - TipRanks || Is Trending Stock Applied Materials, Inc. (AMAT) a Buy Now? - Yahoo Finance"
GOOGL,2026-09-15,Alphabet Inc.,Communication Services,10,google_news|yfinance,positive,True,"Les actualites presentes sont presque toutes positives pour Alphabet Inc., avec des mentions de croissance, de leadership dans l'industrie de l'intelligence artificielle et de gains pour les actions de Google et Meta. [verification 'sued' : resolu favorablement (3/3 votes) -- Le titre décrit un contexte positif pour Alphabet Inc. (GOOGL), mettant en avant les avantages de l'utilisation de l'intelligence artificielle dans le marché de la dette.]","Tech pulls back on AI concerns, cybersecurity takes a step up || Elon Musk: I've been 'sounding the alarm' on AI for a while || 'We owe it to humanity to try': Anthropic's CEO Just Called For Global AI Slowdown. Elon Musk, Sam Altman, and Google’s AI Chief Agree. || Big Tech Issued About $220 Billion of Bonds. Alphabet and Meta Show How AI Is Warping the Credit Market || Maryland Seeks To Reinstate Digital Ad Tax || Why Google and Meta Stocks Are the Big Winners From the Latest AI Concerns - Barron's || Alphabet has been in a correction since May. Katie Stockton sees the Google parent breaking out - CNBC || 2 Numbers Matter More to Alphabet Stock's Performance Than Anything Else Right Now - Yahoo Finance || Cathie Wood’s ARK sells Alphabet stock, buys Meta Platforms - Investing.com || Alphabet's Rapidly Growing $50 Billion Business Is a Huge Advantage in the AI Arms Race - The Motley Fool"
JAZZ,2026-09-15,Jazz Pharmaceuticals plc,Healthcare,10,google_news|yfinance,positive,True,"Les actualites presentes sont presque toutes positives, avec des mentions de performances financieres solides, de valeurs de croissance et de perspectives de croissance a long terme, ce qui suggere un ton general positif pour l'action JAZZ.","3 Cash-Producing Stocks We’re Skeptical Of || 2 Reasons to Avoid JAZZ and 1 Stock to Buy Instead || Jazz Pharmaceuticals Sees Meaningful Long-Term Value From Ziihera's Pursuits Beyond GEA, UBS Says || 1 Value Stock with Exciting Potential and 2 We Brush Off || Quoin in line for priority review voucher if rare paediatric drug approved || Jazz Pharmaceuticals (NASDAQ: JAZZ) exec to sell restricted stock - Stock Titan || Jazz Pharmaceuticals Announces Private Offering of $1.0 Billion of Exchangeable Senior Notes due 2032 and Concurrent Ordinary Share Repurchases - PR Newswire || Morgan Stanley Raises its Price Target on Jazz Pharmaceuticals (JAZZ) - Yahoo Finance || Jazz Pharmaceuticals Stock Price Forecast. Should You Buy JAZZ? - StockInvest.us || Jazz Pharmaceuticals plc (JAZZ) Stock Analysis: Strong Buy Ratings and a 17.28% Upside Potential - DirectorsTalk Interviews"
AMZN,2026-09-15,"Amazon.com, Inc.",Consumer Cyclical,10,google_news|yfinance,negative,True,"L'actualité présente plusieurs éléments négatifs, tels que des préoccupations sur la sécurité de l'IA, des problèmes de dépendance aux réseaux de données, et des questions sur la stabilité de l'action, ce qui suggère un ton général négatif pour l'action. [verification 'sued' : resolu favorablement (3/3 votes) -- Le titre décrit une émission de bonds d'Amazon, ce qui est une opération financière légitime et non une incertitude ou un risque actif et non résolu.]","Tech pulls back on AI concerns, cybersecurity takes a step up || Could Dario Amodei's AI safety warnings hurt Anthropic's IPO? || The Gulf’s AI Nightmare Came Courtesy of an Iranian Drone || Big Tech Issued About $220 Billion of Bonds. Alphabet and Meta Show How AI Is Warping the Credit Market || Amazon Faces Tough Questions After Major Crash || Prediction: Owning 100 Shares of Amazon Stock Will Turn $25,000 Into $50,000 by 2030 - Yahoo Finance || Amazon.com (NASDAQ:AMZN) Stock Price Down 1.3% - Here's Why - MarketBeat || Danske Bank A S Acquires Shares of 10,467,002 Amazon.com, Inc. $AMZN - MarketBeat || HS Management Partners LLC Buys New Position in Amazon.com, Inc. $AMZN - MarketBeat || Bonfire Financial Buys Shares of 2,183 Amazon.com, Inc. $AMZN - MarketBeat"
URBN,2026-09-15,"Urban Outfitters, Inc.",Consumer Cyclical,10,google_news|yfinance,positive,True,"Les actualites presentes sont presque toutes positives, avec des mentions de croissance des revenus et de la valeur de l'action, ainsi que des analyses positives sur la position de l'action sur le marché.","URBN or ZGN: Which Is the Better Value Stock Right Now? || Urban Outfitters, Tilly's, and Kohl's Shares Skyrocket and Plummet, What You Need To Know || Reformation Reports Double-Digit Income & Revenue Growth || American Eagle Outfitters Sinks 13% as $161M Tariff Refund Flatters Beat; Urban Outfitters Drops 3%, Abercrombie & Fitch Slips || Are Investors Undervaluing Urban Outfitters (URBN) Right Now? || Are Investors Undervaluing Urban Outfitters (URBN) Right Now? - Yahoo Finance || Urban Outfitters, Inc. $URBN Shares Sold by Hsbc Holdings PLC - MarketBeat || Urban Outfitters (NASDAQ:URBN): A Decent Value Play with a Debt-Free Edge - ChartMill || Is Urban Outfitters Inc (URBN) Overvalued After 3.9% Rally? GF V - GuruFocus || Here's Why Urban Outfitters (URBN) is a Strong Value Stock - Eastern Progress"
1878.T,2026-09-15,"Daito Trust Construction Co.,Ltd.",Real Estate,5,google_news,positive,True,"L'action de Daito Trust Construction Co.,Ltd. est marquée par plusieurs annonces positives, telles que la conclusion d'un accord pour la cession de parts dans une société américaine, la lancement d'une nouvelle activité dans le Texas et la présentation de résultats positifs pour la première quinzain","Daito Trust Construction concludes agreement on transfer of shares in the Coastline Group (Los Angeles, California, USA) - kentaku.co.jp || Daito Trust Construction launches purchase, renovation, and resale business in Texas to expand its business in North America - kentaku.co.jp || Daito Trust Construction Co.,Ltd. 2027 Q1 - Results - Earnings Call Presentation (OTCMKTS:DIFTY) 2026-08-01 - Seeking Alpha || Daito Trust Construction jointly develops program to help foreign engineers obtain national qualifications - kentaku.co.jp || Daito Trust Construction to launch the Takaoka Ejiri Center Project (tentative name) as its first community development project - kentaku.co.jp"
DCI,2026-09-15,"Donaldson Company, Inc.",Industrials,10,google_news|yfinance,positive,True,"Les actualites presentes sont presque toutes positives, avec des reports de chiffres record, des augmentations de parts de action, des investissements de la part de grands fonds de pension et des analystes, ainsi que des commentaires positifs sur les marges et la croissance de l'entreprise.","1 Mid-Cap Stock on Our Watchlist and 2 We Avoid || 1 Mid-Cap Stock for Long-Term Investors and 2 We Brush Off || Donaldson’s (DCI) Billion-Dollar Quarter Hides A Costlier Bet Ahead || Donaldson (DCI) Stock Looks Reasonable On Earnings But Rich On Cash Flow || DCI Q2 Deep Dive: Acquisition Momentum, Segment Growth, and Margin Expansion Shape Outlook || Donaldson Company Stock Price Forecast. Should You Buy DCI? - StockInvest.us || California State Teachers Retirement System Increases Stock Holdings in Donaldson Company, Inc. $DCI - MarketBeat || Donaldson (NYSE: DCI) officer plans roughly $195K stock sale - Stock Titan || Hsbc Holdings PLC Has $6.31 Million Stock Position in Donaldson Company, Inc. $DCI - MarketBeat || Donaldson (DCI) Stock Slips After Record Margins Set A Higher Bar - Sahm"
AMG,2026-09-15,"Affiliated Managers Group, Inc.",Financial Services,10,google_news|yfinance,positive,True,"Les actualites presentes montrent un ton general positif, avec des articles qui soulignent les performances de l'action, son repurchase de stock et son potentiel de valeur, ce qui suggere une perception positive des investisseurs et des analystes.","2 Momentum  Stocks with Competitive Advantages and 1 We Ignore || Affiliated Managers Group Repurchased About $375 Million of Stock in 6 Months || Is Affiliated Managers Group (AMG) Stock Outpacing Its Finance Peers This Year? || Should Value Investors Buy Affiliated Managers Group (AMG) Stock? || AMG vs. BLK: Which Stock Is the Better Value Option? || Squarepoint Ops LLC Buys 10,029 Shares of Affiliated Managers Group, Inc. $AMG - MarketBeat || Is Affiliated Managers Group (AMG) Stock Outpacing Its Finance Peers This Year? - Yahoo Finance || Affiliated Managers Group Stock Price Forecast. Should You Buy AMG? - StockInvest.us || ETFs Investing in Affiliated Managers Group, Inc. Stocks - TradingView || Here's Why Affiliated Managers Group (AMG) is a Strong Momentum Stock - Eastern Progress"
5706.T,2026-09-15,"Mitsui Kinzoku Company, Limited",Industrials,10,google_news|yfinance,neutral,True,"L'actualité présente une mélange de informations positives et négatives, notamment une évaluation positive de la relation avec Gelion PLC et une évaluation neutre de la situation générale du secteur des batteries.","European Stocks Mixed, Chip Stocks Slide || Gelion CEO says £2m Mitsui Kinzoku deal will help develop and scale up sulfur battery tech || U.S. Chip Stocks Suffering from Fragile Investor Sentiment || Earnings, Crude Prices Roil Asian Stock Markets || Persian Gulf, Oil Price Outlooks Buoy Asian Stocks Markets || Mitsui Kinzoku Company, Limited 2027 Q1 - Results - Earnings Call Presentation (OTCMKTS:MMSMY) 2026-08-11 - Seeking Alpha || Execution of a Memorandum of Understanding Concerning the Integration … | News | Mitsubishi Materials Corporation - mmc.co.jp || Hi-Lex Corporation entered into share transfer agreement to acquire Mitsui Kinzoku ACT Corporation from Mitsui Mining & Smelting Co., Ltd. for ¥11.3 billion. - marketscreener.com || Solid Electrolyte Material for Batteries Market Size and Growth Analysis 2026 to 2035 - Insightace Analytic || Oil Outlook Dulls Asian Stock Markets - marketscreener.com"
TGTX,2026-09-15,"TG Therapeutics, Inc.",Healthcare,10,google_news|yfinance,positive,True,"L'action de TG Therapeutics, Inc. (TGTX) est mentionnée dans plusieurs articles positifs, tels que l'analyse de Seeking Alpha et l'analyse de DirectorsTalk, qui soulignent son potentiel de croissance et son élan de break-out, ainsi que des actualités positives sur son rapport financier et son élan d","Kymera Therapeutics (KYMR) Up 10.2% Since Last Earnings Report: Can It Continue? || IBD Stock Of The Day, TG Therapeutics, Eyes Breakout After Topping Early Buy Point || TG Therapeutics (TGTX) Up 15.1% Since Last Earnings Report: Can It Continue? || TGTX Stock Pares Opening Losses After Analyst Dismisses Competition From Novartis || TGTX Stock Outperforms 95% of Stocks. Here's Why. || Tax-related share sale by TG Therapeutics (TGTX) director - Stock Titan || TG Therapeutics Reports Second Quarter 2026 Financial Results and Raises BRIUMVI® Revenue Guidance - TG Therapeutics || Is TG Therapeutics, Inc. (TGTX) A Good Stock To Buy Now? - Yahoo Finance || TG Therapeutics: Why I'm Staying Long After The Q2 Selloff (NASDAQ:TGTX) - Seeking Alpha || TG Therapeutics, Inc. (TGTX) Stock Analysis: Unveiling a 24.52% Upside Potential in the Biotech Sector - DirectorsTalk Interviews"
BPOP,2026-09-15,"Popular, Inc.",Financial Services,10,google_news|yfinance,positive,True,"Les actualites presentes sont presque toutes positives, avec des articles sur le dividende, la croissance et les performances financieres de l'entreprise, ce qui suggere un ton general positif.","Popular (BPOP) Could Be a Great Choice || Popular Inc's Dividend Analysis || Popular (BPOP), Why Is It Back In The Spotlight? || Spotting Winners: Popular (NASDAQ:BPOP) And Regional Banks Stocks In Q2 || 3 Market-Beating Stocks with Competitive Advantages || Popular Inc's Dividend Analysis - Yahoo! Finance Canada || Popular Inc (BPOP) Stock Price, Trades & News - GuruFocus || Press Release: Popular, Inc. Declares Dividend on Preferred Stock and Announces Distribution on Trust Preferred Securities - Moomoo || Popular (BPOP) risk chief reports 4,004-share stake - Stock Titan || Popular Inc. (NASDAQ:BPOP) Shows High Growth Momentum and Breakout Setup - ChartMill"
THG,2026-09-15,"The Hanover Insurance Group, Inc.",Financial Services,10,google_news|yfinance,neutral,True,"Les actualites presentes sont mixtes, avec des articles sur le dividende, la croissance et la strategie de l'entreprise, mais sans une tonalite particulierement positive ou negative.","The Hanover Insurance Group Inc's Dividend Analysis || Are You Looking for a Top Momentum Pick? Why Hanover Insurance Group (THG) is a Great Choice || Should Value Investors Buy The Hanover Insurance Group (THG) Stock? || The Case for Holding MetLife Stock: What Investors Need to Know || Aon's $17 Billion USI Deal: A Costly Bet on Middle-Market Growth || The Hanover Insurance Group Inc's Dividend Analysis - Yahoo Finance || Hsbc Holdings PLC Trims Stake in The Hanover Insurance Group, Inc. $THG - MarketBeat || The Hanover Insurance Group, Inc. Announces New Share Repurchase Authorization - PR Newswire || Should Value Investors Buy The Hanover Insurance Group (THG) Stock? - Yahoo Finance || Best Value Stocks to Buy for June 9th - Eastern Progress"
7269.T,2026-09-15,Suzuki Motor Corporation,Consumer Cyclical,10,google_news|yfinance,positive,True,"L'actualité présente plusieurs éléments positifs, tels que la croissance de Pricol Ltd, la présence de Suzuki dans le marché des véhicules électriques, ainsi que la confiance des investisseurs dans l'action, ce qui suggère un ton général positif.","Pricol Ltd (BOM:540293) (Q1 2027) Earnings Call Highlights: Revenue Surges 23% as Demerger ... || BYD Bets Small EV Can Crack Japan || Toyota backs Tier IV in level 4 autonomous vehicle push || FIEM Industries Ltd (BOM:532768) Q4 2026 Earnings Call Highlights: Record Growth and Strategic ... || Suzuki opens second plant in Kharkhoda, India || Suzuki Motor Corporation (7269) Stock Price Quote Today & Current Price Chart - Capital.com || With 60% institutional ownership, Suzuki Motor Corporation (TSE:7269) is a favorite amongst the big guns - simplywall.st || Suzuki Motor Corporation FY2025 Results: Revenue Up 8.0%, Profit Attributable to Owners Rises 5.6% - scanx.trade || Suzuki stock slips as Maruti Suzuki extends decline despite new Eeco milestone - ad-hoc-news.de || Suzuki Motor Corp plans to take full control of Pak Suzuki, delist its shares - Reuters"
9766.T,2026-09-15,Konami Group Corporation,Communication Services,7,google_news|yfinance,positive,True,"Les actualites presentes montrent une rotation des investissements vers les actions de jeux vidéo japonaises, une premiere sortie de slot de Bomberman et des resultats de bilan superieurs, indiquant un ton general positif pour l'action de Konami Group Corporation.","Nintendo Surges 6.8% As AI Fatigue Sparks Gaming Rotation || Does Konami’s BOMBERMAN Slot Debut Signal a Deeper Shift in IP Strategy for Konami (TSE:9766)? || 9766 Stock Price and Chart — TSE:9766 - TradingView || Results: Konami Group Corporation Beat Earnings Expectations And Analysts Now Have New Forecasts - simplywall.st || REG - Konami Group Corp - Release: Policy on Reduction of Stock Trading Unit - TradingView || KONAMI Group Corporation Revenue Breakdown – TSE:9766 - TradingView || KONAMI ATTENDS GAMESCOM 2025 WITH METAL GEAR SOLID Δ: SNAKE EATER, SILENT HILL f AND YU-GI-OH! TRADING CARD GAME - KONAMI GROUP CORPORATION"
LCII,2026-09-15,LCI Industries,Consumer Cyclical,10,google_news|yfinance,neutral,True,"Bien que LCI Industries ait rapporté une augmentation des bénéfices et une expansion des marges, l'actualité souligne également la softness du marché et la nécessité de cost-cutting, ce qui maintient un ton neutre.","Lippert named Fun Town RV CEO || LCI Industries (LCII) Q2 2026 Earnings Call Transcript || LCI Industries Q2 Earnings Call Highlights || LCI Industries Inc (LCII) (Q2 2026) Earnings Call Highlights: Margin Expansion and Strategic ... || Patrick Industries (PATK) Stock Looks Reasonable On Cash Flow While Earnings Look Rich || Squarepoint Ops LLC Acquires 21,771 Shares of LCI Industries $LCII - MarketBeat || LCI Industries (LCII) Agrees To All Stock Merger With Patrick Industries - Yahoo Finance || McDermott Will & Schulte advises Patrick Industries in Announced All-Stock Merger with LCI Industries - McDermott Will & Schulte || Patrick merger enters new antitrust review phase for LCI Industries (NYSE: LCII) - Stock Titan || LCI Industries (LCII) Stock Looks Cheap On Earnings While Cash Flow Points Higher - simplywall.st"
2379.TW,2026-09-15,Realtek Semiconductor Corp.,Technology,9,google_news|yfinance,neutral,True,"Les actualites presentes sont mixtes, avec des informations sur des projets de financement, des tendances de demande, des risques liés à la situation en Asie et des informations sur les revenus et les employes de l'entreprise, ce qui suggere un ton neutre.","GMI Cloud Seeks $635 Million GPU-Backed AI Infrastructure Loan || RealTek sees mixed demand trends as second-half visibility remains limited (RLTQY) || Nikki Haley Says If China Controls Taiwan, The Communist Party Gains Leverage Over World's Critical Supply Chain: 'Threat To Global Freedom' || DIP (TSE:2379) Margin Decline Reinforces Concerns Over Profitability and Dividend Stability || Realtek Semiconductor Number of Employees 2026 | Employee Count & Headcount Data - reveliolabs.com || Realtek Semiconductor Corp Revenue Breakdown – TWSE:2379 - TradingView || Realtek Launched Worldwide First USB-IF Fully Certified (TID: 11930) Multi-Port USB4 Hub Controller (RTS5490), Integrating USB Type‑C/PD Functionality - Nasdaq || Realtek Semiconductor Corp Dividends – TWSE:2379 - TradingView || 2344 Stock Price and Chart — TWSE:2344 - TradingView"
2432.T,2026-09-15,"DeNA Co., Ltd.",Industrials,9,google_news|yfinance,positive,True,"L'actualité présente des informations positives sur DeNA Co., Ltd., telles que des gains de valeur, une augmentation de la rentabilité et une création de nouvelles entreprises, ce qui suggère un ton général positif.","Is DeNA (TSE:2432) Cheap As Q1 Net Income Jumps Despite Lower Sales? || Nintendo announces $1.9 billion share sale by Kyoto bank and others || DeNA (TSE:2432): Assessing Valuation After Recent Steady Gains || Profit Taking Eases Asian Stock Markets From Recent Highs || DeNA Number of Employees 2026 | Employee Count & Headcount Data - reveliolabs.com || EXCLUSIVE: Nintendo announces $1.9 billion share sale by Kyoto bank and others - Reuters || DeNA Co. Ltd (OTC: DNACF) Stock Price, News & Analysis - Kalkine || Nintendo (NTDOY) authorizes share buyback to offset secondary offering, sales by DeNA and banks - Shacknews || New Company DeNA AI Link Co., Ltd. Established to Provide AI Consulting & Solutions: Also Exploring Enterprise AI Agent Business - 株式会社ディー・エヌ・エー | DeNA"
SBIN.NS,2026-09-15,State Bank of India,Financial Services,10,google_news|yfinance,positive,True,"L'action de State Bank of India semble être soutenue par des actualites positives sur son chiffre d'affaires, son profit et son expansion, ainsi que par une forte demande pour son IPO et une augmentation de son action.","India’s National Stock Exchange Seeks $46 Billion Valuation in IPO || India's Top Bank Says Data Centers Aiding Capex Cycle || State Bank of India targets 12,000 hires and 250 more branches – report || State Bank of India returns to dollar debt market, bankers see strong demand || State Bank of India (SBKFF) (Q1 2027) Earnings Call Highlights: Record Profit and Digital Push ... || State Bank of India slips Friday, underperforms market - MarketWatch || India's NSE set to list in a long-delayed IPO - Reuters || SBI releases investor presentation for September 15 meeting - scanx.trade || State Bank of India rises Tuesday, outperforms competitors - MarketWatch || State Bank of India Beats Profit Estimate on Robust Loan Growth - Bloomberg.com"
UCG.MI,2026-09-15,UniCredit S.p.A.,Financial Services,5,yfinance,positive,True,"L'actualité présente plusieurs éléments positifs, tels que la confiance de Cole Smead dans les banques et l'énergie, ainsi que la confiance de l'ECB dans Commerzbank, ce qui suggère une perspective positive pour l'action d'UniCredit.","Germany seeks guarantees from Italy's UniCredit over Commerzbank takeover || This International Manager Is Betting Big on Banks and Energy, but Not Tech || Greenvolt secures $254m UniCredit funding for Polish BESS projects || Greenvolt secures financing package from Unicredit for BESS projects in Poland || Commerzbank (XTRA:CBK) Stock Looks Fairly Valued Despite Fresh ECB Bid News"
2606.TW,2026-09-15,U-Ming Marine Transport Corporation,Industrials,5,google_news,positive,True,"L'actualité présente plusieurs titres positifs, tels que le « U-Ming Wins » et le « U-Ming 2026 Annual Shareholders' Meeting », qui suggèrent une performance positive et une croissance de l'entreprise.","U-Ming Wins - feg.com.tw || Four New Dual-fuel Bulkers to Support U-Ming Charter Deal - Marine News Magazine || Sincere Navigation Corporation (2605.TW) Stock Price, News, Quote & History - Yahoo! Finance Canada || U-Ming 2026 Annual Shareholders' Meeting - Navigating Change, Powering Growth Towards 100 Vessels - feg.com.tw || HR Asia Announces Winners of Best Companies to Work for in Asia 2024 – Taiwan Awards - SME & Entrepreneurship Magazine"
OFG,2026-09-15,OFG Bancorp,Financial Services,10,google_news|yfinance,positive,True,"Les actualites presentes montrent une forte attention positive envers OFG Bancorp, avec des articles qui soulignent son rendement dividende, son performance financiere et son inclusion dans des listes de stocks a acheter, ce qui suggere un ton general positif.","1 Small-Cap Stock on Our Buy List and 2 That Underwhelm || OFG Bancorp (OFG) is a Top Dividend Stock Right Now: Should You Buy? || Q2 Regional Banks Earnings Review: First Prize Goes to OFG Bancorp (NYSE:OFG) || New Strong Buy Stocks for August 25th || Best Income Stocks to Buy for August 25th || OFG Bancorp (NYSE: OFG) CEO gifts stock, still holds 152,056.688 shares - Stock Titan || VIRGINIA RETIREMENT SYSTEMS ET Al Purchases Shares of 28,287 OFG Bancorp $OFG - MarketBeat || OFG Bancorp (OFG) is a Top Dividend Stock Right Now: Should You Buy? - Yahoo Finance || Q2 Earnings Highs And Lows: First Financial Bancorp (NASDAQ:FFBC) Vs The Rest Of The Regional Banks Stocks - StockStory || Is OFG Bancorp (OFG) Undervalued As Dividend Growth Draws Fresh Attention? - simplywall.st"
1893.T,2026-09-15,"Penta-Ocean Construction Co., Ltd.",Industrials,7,google_news|yfinance,neutral,True,"L'actualité présente une équilibre entre des informations positives (contrats de construction, introduction de J-ESOP) et des informations négatives (investigation sur les pratiques financières de Mizuho, remplacement de Mizuho par Nomura)",DEME secures offshore wind turbine installation contract in Japan || Mizuho Dropped From Bond Deals as SESC Probe Unfolds || Penta-Ocean Construction Number of Employees 2026 | Employee Count & Headcount Data - reveliolabs.com || How Penta-Ocean’s Planned J-ESOP Introduction At Penta-Ocean Construction (TSE:1893) Has Changed Its Investment Story - simplywall.st || DEME wins contract for offshore wind project in Japan - DredgeWire || Penta-Ocean's New Offshore Wind Turbine Installation Vessel Set for Japan Debut - Offshore Engineer Magazine || China Railway Constr Number of Employees 2026 | Employee Count & Headcount Data - reveliolabs.com
2006.TW,2026-09-15,Tung Ho Steel Enterprise Corporation,Basic Materials,5,google_news,neutral,True,Les actualites presentes sont diverses et ne portent pas de jugement clair sur la performance de l'action de Tung Ho Steel Enterprise Corporation.,"Evergreen Steel Corp. (2211.TW) Stock Price, News, Quote & History - Yahoo Finance || Steelmaker Tung Ho Vietnam secures $25 mln finance from Standard Chartered - Theinvestor || Tung Ho Steel keeps H-beam prices stable - SteelRadar || Why Taiwan Is Becoming a Leader in Urban Mining - Time Magazine || Mineralization and Utilization using Steel Slag for Establishing a Waste-to-Resource Supply Chain - Nature"
B3SA3.SA,2026-09-15,"B3 S.A. - Brasil, Bolsa, Balcão",Financial Services,7,google_news|yfinance,positive,True,"Les actualites presentes sont presque toutes positives, avec des mentions de croissance revenue, de nouveaux produits et de stabilisation, mais sans mention de facteurs négatifs importants. [verification 'delisting' : resolu favorablement (3/3 votes) -- Problème de déréglement, mais l'entreprise continue à se faire échanger sur B3]","B3 SA - Brasil Bolsa Balcao (BOLSY) Q4 2025 Earnings Call Highlights: Strong Revenue Growth and ... || B3 SA - Brasil Bolsa Balcao (BOLSY) Q3 2025 Earnings Call Highlights: Resilient Growth Amid ... || ETFs Investing in B3 SA - Brasil, Bolsa, Balcao Unsponsored ADR Stocks - TradingView || B3 S.A. Got An Antitrust Warning Because Of The Strength Of Its Moat (Rating Downgrade) - Seeking Alpha || Banrisul to Pay R$ 90 Million in Interest on Own Capital for Q3 2026 - The Globe and Mail || Homerun Resources Inc. Announces Sponsored BDR Listing on B3 Stock Exchange - Investing News Network || Cosan Notifies NYSE of Voluntary Delisting of ADSs, Will Continue Trading on B3 | CSAN Stock News - Quiver Quantitative"
9942.TW,2026-09-15,NAK Sealing Technologies Corporation,Consumer Cyclical,2,google_news,negative,True,Aucune information positive n'est disponible dans les actualites fournies.,6933 Stock Price and Chart — TWSE:6933 - TradingView || 6667 Stock Price and Chart — TPEX:6667 - TradingView
LAUR,2026-09-15,"Laureate Education, Inc.",Consumer Defensive,10,google_news|yfinance,neutral,True,"Les actualites presentes sont mixtes, avec des articles qui mentionnent des risques et des opportunites pour l'action, mais sans prendre une position clairement positive ou négative.","3 Small-Cap Stocks We Find Risky || Laureate Education (LAUR) Looks Fairly Valued, Is There Enough Upside Left? || 3 Hyped Up  Stocks We Think Twice About || TAL vs. LAUR: Which Stock Is the Better Value Option? || 3 Russell 2000 Stocks We Steer Clear Of || Here’s How Much You Would Have Made Owning Laureate Education Stock In The Last 5 Years - Benzinga || Snow Phipps plans Laureate (NASDAQ: LAUR) stock resale and a 2026 in-kind share distribution under Rule 144. - Stock Titan || 3 Reasons LAUR is Risky and 1 Stock to Buy Instead - Yahoo Finance || Laureate Education (NASDAQ:LAUR) Director Sells $101,143.94 in Stock - MarketBeat || LAUR - Laureate Education Inc Stock Price and Quote - Finviz"
DINO,2026-09-15,HF Sinclair Corporation,Energy,10,google_news|yfinance,positive,True,"Les actualites presentes montrent une tendance croissante de gain pour l'action HF Sinclair Corporation (DINO), avec des gains de 113,9% en un an, une augmentation de 50% sur les 6 derniers mois et une valeur de 7,2% depuis le dernier rapport de chiffres, ce qui suggere un ton general positif pour l","HF Sinclair Rises 113.9% in a Year: Should You Buy, Hold or Sell? || Oil Prices are High, But These 2 Refining Stocks are Still Crushing It || Zacks.com featured highlights include LifeStance Health, Tutor Perini, News, Everus Construction and HF Sinclair || 5 Low-Leverage Stocks to Buy Amid Rising Oil Prices & Inflation Woes || How High-Return Refinery Investment Strengthens MPC's Long-Term Margins || Why Is HF Sinclair (DINO) Up 7.2% Since Last Earnings Report? - Yahoo Finance || HF Sinclair: The Share Price Can No Longer Be Justified With Mid-Cycle Earnings (Downgrade) - Seeking Alpha || HF Sinclair Stock Climbs 18% On A 8-Day Winning Streak - Trefis || HF Sinclair Plans Lubricants Spin-Off: Is it a Value-Unlocking Move? - TradingView || HF Sinclair Corporation (DINO) Hits Fresh High: Is There Still Room to Run? - Yahoo Finance"
4503.T,2026-09-15,Astellas Pharma Inc.,Healthcare,10,google_news|yfinance,positive,True,"Les actualites presentes sont presque toutes positives, avec des informations sur des accords de prix avec des entreprises de pharmacie, des chiffres de chiffre d'affaires et des analyses positives sur la performance de l'action.","Trump Expands Drug Pricing Deals With 9 Pharma Companies, Bringing Total to 26 — RFK Jr. Details 'Very, Very Emotional' Conversations With President || Trump's MFN Push Goes Beyond Big Pharma, Adds 9 Mid-Sized Drugmakers || Mid-cap biotechs join Trump’s latest round of drug pricing deals || Trump lines up MFN deals with nine mid-size pharmas on drug pricing push || Trump's Pharma Pricing Deal Expands as Healthcare Stocks Keep Climbing || Is Astellas Pharma (ALPMY) Stock Undervalued Right Now? - Yahoo Finance || Astellas Pharma Number of Employees 2026 | Employee Count & Headcount Data - reveliolabs.com || Astellas Pharma Inc. Just Recorded A 55% EPS Beat: Here's What Analysts Are Forecasting Next - simplywall.st || Why is Astellas Pharma stock sliding today? - Investing.com || Astellas Pharma Inc. Revenue Breakdown – TSE:4503 - TradingView"
1590.TW,2026-09-15,Airtac International Group,Industrials,6,google_news|yfinance,positive,True,"Les actualites presentes montrent une croissance robuste et des ambitions pour l'avenir, avec des revenus et des profits en augmentation, ce qui suggere un ton general positif pour l'action.","Airtac International Group (TPE:1590) Q2 2026 Earnings Call Highlights: Robust Growth and ... || AirTAC Capitalizes on Booming Battery Demand - Morningstar || Airtac International's Revenue Surges 43% in August - marketscreener.com || 1590 Stock Price and Chart — TWSE:1590 - TradingView || Earnings call transcript: AirTAC lifts 2026 outlook after strong Q2 growth - Investing.com || [AirTAC International Group FY2026 H1 Earnings Call] H1 Net Profit Up 43% YoY, Institutional Investors Focus on Linear Guide Distribution Strategy and 2027 Resilience - finance.biggo.com"
2303.TW,2026-09-15,United Microelectronics Corporation,Technology,10,google_news|yfinance,positive,True,"Les actualites presentes sont presque toutes positives, avec des mentions de croissance, de forte vente et de perspectives de croissance pour l'action de United Microelectronics Corporation (UMC).","United Microelectronics Sales Jump 30% in August. UMC Stock Has More Room to Run. || ASE Technology Surges 16% in 3 Months: Time to Hold or Fold the Stock? || Taiwan Semiconductor Retains 73% Foundry Share: Is the Stock a Buy? || If You Have Some ‘Silly’ Money, United Microelectronics (UMC) Stock Is Worth a Look || The Firm That Filed a Bet Against Taiwan Semiconductor Then Launched a Foundry Fund Five Days Later || United Microelectronics Stock Price Forecast. Should You Buy UMC? - StockInvest.us || United Microelectronics Corporation (UMC) is a Great Momentum Stock: Should You Buy? - Yahoo Finance || UMC Stock Draws Trader Focus After Earnings Beat And AI Capex Push - StocksToTrade || ASE Technology Surges 16% in 3 Months: Time to Hold or Fold the Stock? - TradingView || UMC expected to advance its high-margin PIC business: GF Securities - Seeking Alpha"
YETI,2026-09-15,"YETI Holdings, Inc.",Consumer Cyclical,10,google_news|yfinance,neutral,True,"Bien que certains analystes ont exprimé une confiance en l'action, d'autres ont signalé une correction après les résultats du deuxième trimestre, tandis que le CEO a vendu des actions, ce qui a attiré l'attention des investisseurs.","Why Yeti Stock Swooned in August || Is YETI Holdings (YETI) Cheap On Its Pullback Despite The CEO Vesting Share Sale? || 1 of Wall Street’s Favorite Stocks to Keep an Eye On and 2 We Turn Down || CEO Sells Over 4,000 Shares of Consumer Stock, Valued at Over $185,000 || YETI (YETI) Remains a Strong Player Despite Market Setbacks || YETI Holdings, Inc. Q2 2026 Earnings Call Summary - Yahoo Finance || YETI Holdings, Inc. (NYSE:YETI) Receives Consensus Rating of ""Moderate Buy"" from Analysts - MarketBeat || YETI Rose 8% This Week. Here’s How Much the Stock Could Rise in 2026 - TIKR.com || YETI - YETI Holdings Inc Stock Price and Quote - Finviz || YETI Forecast — Price Target — Prediction for 2027 - TradingView"
2503.T,2026-09-15,"Kirin Holdings Company, Limited",Consumer Defensive,10,google_news|yfinance,positive,True,"Les actualites presentes sont presque toutes positives, avec des mentions de croissance, de diversification, de renforcement de la position de Kirin Holdings sur le marché et de son engagement en faveur de la transformation digitale.","Why spirits slowdown could prompt majors to diversify || Assessing Kirin Holdings (TSE:2503) Valuation After Recent Share Price Momentum || Kirin launches RTD brand Hyoketsu in US || Is It Time To Reassess Kirin Holdings Company (TSE:2503) After Its Strong 1‑Year Share Price Run? || 3 Reasons Growth Investors Will Love Kirin (KNBWY) || Kirin Holdings Selected as a ""DX Stock 2026"" for Commitment to Digital Transformation - Kirin Holdings Company, Limited || Kirin Holdings Company, Limited 2026 Q2 - Results - Earnings Call Presentation (OTCMKTS:KNBWY) 2026-08-09 - Seeking Alpha || The Strong Earnings Posted By Kirin Holdings Company (TSE:2503) Are A Good Indication Of The Strength Of The Business - simplywall.st || Jamieson Wellness Enters into Definitive Agreement to be Acquired by Kirin in C$2.5 Billion Transaction - PR Newswire Canada || Kirin stock steadies as Tokyo peers slide - ad-hoc-news.de"
4507.T,2026-09-15,"Shionogi & Co., Ltd.",Healthcare,9,google_news|yfinance,positive,True,"L'actualité présente plusieurs éléments positifs, tels que le succès de Shionogi & Co., Ltd. dans le traitement du COVID-19, son sélection comme « DX Stock 2026 » et son acquisition de 50% de l'ownership de Shionogi-Apnimed Sleep Science, ce qui suggère une tendance positive pour l'action.","Shionogi & Co., Ltd. Unsponsored ADR (SGIOY) Beats Q1 Earnings Estimates || United Therapeutics (UTHR) Earnings Expected to Grow: What to Know Ahead of Q2 Release || Shionogi & Co., Ltd. Unsponsored ADR (SGIOY) to Report Q1 Results: Wall Street Expects Earnings Growth || Shionogi (TSE:4507) Valuation Check As XOCOVA Wins First US FDA Approval For COVID 19 Post Exposure Prophylaxis || Akebia Therapeutics (AKBA) Reports Q1 Loss, Misses Revenue Estimates || Shionogi Selected as a “DX Stock 2026”｜ 塩野義製薬 - Shionogi Inc. || Shionogi & Co., Ltd. Revenue Breakdown – TSE:4507 - TradingView || Board of Directors and Executive Officers - jpx.co.jp || Pharma M&A Roundup: Merck to Acquire Terns Pharmaceuticals, Shionogi to Acquire 50% of Apnimed’s Ownership of Shionogi-Apnimed Sleep Science - Pharmaceutical Executive"
2548.TW,2026-09-15,"Huaku Development Co., Ltd.",Real Estate,5,google_news,positive,True,"L'actualité mentionne une nouvelle stratégie commerciale positive et une augmentation des actions du marché, ce qui suggère un ton positif pour l'action.","Price to earnings forward of Huaku Development Co., Ltd. – TWSE:2548 - TradingView || [Huaku Development FY2026 Q3 Earnings Call] Commercial Office Pivot: Huaku Times Place Abandons Whole-Building Sale for Stratified Sales, Aims to Recognize Half of Revenue This Year; NT$5 Dividend Floor Reaffirmed - finance.biggo.com || Taiwan shares higher at close of trade; Taiwan Weighted up 0.12% By Investing.com - Investing.com UK || 2548 Stock Price and Chart — TWSE:2548 - TradingView || Taiwan shares higher at close of trade; Taiwan Weighted up 0.48% By Investing.com - Investing.com India"
3044.TW,2026-09-15,Tripod Technology Corporation,Technology,5,google_news,negative,True,Aucune information positive ou neutre n'est disponible dans les actualités fournies.,"3044 Stock Price and Chart — TWSE:3044 - TradingView || Tripod Technology Corporation Reports Earnings Results for the Full Year Ended December 31, 2022 - marketscreener.com || Technical Analysis of Tripod Technology Corporation (TWSE:3044) - TradingView || 6274 Stock Price and Chart — TPEX:6274 - TradingView || 3008 Stock Price and Chart — TWSE:3008 - TradingView"
YUMC,2026-09-15,"Yum China Holdings, Inc.",Consumer Cyclical,9,google_news|yfinance,positive,True,"Bien que Yum China ait connu une baisse de 11% en 4 semaines, les actualités soulignent également des raisons de confiance, telles que l'oversold territory et les ajustements positifs des estimations de bénéfice, ce qui suggère un ton positif pour l'action.","Yum China (YUMC) Loses 11% in 4 Weeks, Here's Why a Trend Reversal May be Around the Corner || 3 Stocks Under $50 We’re Skeptical Of || Is Yum China (YUMC) a Solid Growth Stock? 3 Reasons to Think ""Yes"" || 1 Restaurant Stock to Consider Right Now and 2 That Underwhelm || YUMC or CMG: Which Is the Better Value Stock Right Now? || Yum China (NYSE: YUMC) exec turns RSUs into shares, uses 594 to cover taxes - Stock Titan || Yum China stock hits 52-week low at 41.68 USD - Investing.com || Is Yum China Holdings Inc (YUMC) a Bargain After 4.8% Drop? GF V - GuruFocus || Yum China Holdings, Inc. Stock 12‑Month Price Target Raised to $60.24, Implies 31% Upside - TradingView"
BVS,2026-09-15,Bioventus Inc.,Healthcare,10,google_news|yfinance,positive,True,"Les actualites recentes sur Bioventus Inc. (BVS) suggèrent une tendance positive, avec des performances solides en termes de ventes et de bénéfices, ainsi que des recommandations de poursuite de l'action en raison de sa valeur relative et de son potentiel de croissance.",Are Medical Stocks Lagging  Bioventus (BVS) This Year? || 4 Healthcare Stocks to Safeguard Your Portfolio as Fed Plans Rate Hike || Bioventus (BVS) Q2 2026 Earnings Call Transcript || Bioventus (BVS) Stock Still Looks Like A Bargain On Earnings || The Bull Case For Bioventus (BVS) Could Change Following Its Q2 Earnings Surge And Reaffirmed 2026 Guidance || Is Bioventus (BVS) Stock Undervalued Right Now? - Yahoo Finance || BVS - Finviz || BVS Forecast — Price Target — Prediction for 2027 - TradingView || Bioventus schedules Aug. 5 call to discuss second-quarter results - Stock Titan || Bioventus: I See A Better Business Trading At A Fair Price (Upgrade) (NASDAQ:BVS) - Seeking Alpha
NDX1.DE,2026-09-15,Nordex SE,Industrials,10,google_news|yfinance,positive,True,"L'action de Nordex SE est mentionnée dans plusieurs articles positifs, tels que des annonces de nouveaux ordres, une augmentation des bénéfices et une révision de la prévision de croissance, ce qui suggère un ton général positif.",Nordex secures 525MW turbine order from Türkerler || Nordex (XTRA:NDX1) Stock Still Looks Discounted As A 228% Gain Tests Fair Value || Nordex (XTRA:NDX1) Could Be 18% Below Fair Value On Half Year 2026 Earnings || Nordex Group secures new US orders totalling more than 480 MW || Nordex Doubles Q2 EBITDA and Confirms 2026 Outlook on Strong Order Growth || Nordex Stock Forecast | Broker Upgrades and Targets - Capital.com || Weekly Recap: DWS 3%+ stake in Nordex SE and bullish US power thesis - TradingView || Why is Nordex stock climbing today? - Investing.com || Nordex SE celebrates 25 years as a listed company - Nordex SE || Nordex stock gains on 34 MW German wind farm order - ad-hoc-news.de
TILE,2026-09-15,"Interface, Inc.",Consumer Cyclical,10,google_news|yfinance,positive,True,"Les actualites presentes sont presque toutes positives, avec des mentions de croissance, de croissance future, de valeur attractive et de soutien a la croissance, ce qui suggere un ton general positif pour l'action Interface, Inc.","1 Russell 2000 Stock to Consider Right Now and 2 That Underwhelm || 1 Stock Under $50 to Keep an Eye On and 2 We Ignore || 2 Profitable Stocks for Long-Term Investors and 1 Facing Challenges || Caesarstone’s Premium Multi-Material & Differentiated Model Proposition – Initiation Report || 2 Reasons to Watch TILE and 1 to Stay Cautious || Insider at Interface (TILE) sells 28,451 shares under trading plan - Stock Titan || TILE - Interface Inc Stock Price and Quote - Finviz || Wellington Management Group LLP Increases Holdings in Interface, Inc. $TILE - MarketBeat || Enterprise value to revenue forward of Interface, Inc. – NASDAQ:TILE - TradingView || Interface Inc stock hits all-time high at 37.75 USD - Investing.com"
UFCS,2026-09-15,"United Fire Group, Inc.",Financial Services,10,google_news|yfinance,positive,True,"L'actualité présente plusieurs articles positifs sur l'action d'United Fire Group, Inc. (UFCS), soulignant des performances financières solides, une croissance des revenus et une valeur potentielle d'investissement.","Are Investors Undervaluing United Fire Group (UFCS) Right Now? || United Fire Group, Inc (UFCS) Hit a 52 Week High, Can the Run Continue? || UVE Stock Gains 71.4% in a Year: Time to Add It for Better Returns? || United Fire Group (UFCS) Q2 2026 Earnings Call Transcript || Is United Fire Group (UFCS) Stock Undervalued Right Now? || United Fire Group, Inc (UFCS) Hit a 52 Week High, Can the Run Continue? - finance.yahoo.com || Are Investors Undervaluing United Fire Group (UFCS) Right Now? - finance.yahoo.com || Have Insiders Sold United Fire Group Shares Recently? - webull.com || Have Insiders Sold United Fire Group Shares Recently? - simplywall.st || United Fire Group (NASDAQ:UFCS) Sets New 52-Week High - Should You Buy? - MarketBeat"
SENEB,2026-09-15,Seneca Foods Corporation,Consumer Defensive,10,google_news|yfinance,positive,True,"Les actualites recentes sur Seneca Foods Corporation (SENEA) suggere un ton general positif, avec des articles qui soulignent les gains de ventes et d'earnings, la croissance de l'entreprise et les opportunites de takeover, ce qui indique que l'action est consideree comme une bonne valeur à acheter.","Why Seneca Foods Looks Ripe For A Takeover || Seneca Stock Gains Following Q1 Earnings, Sales Increase Y/Y || The Zacks Analyst Blog Highlights Apple, Shell, Toyota, Seneca and Value Line || Top Research Reports for Apple, Shell & Toyota Motor || Is Seneca Foods Corporation (SENEA) A Good Stock To Buy Now? || Is Seneca Foods Corporation (SENEA) A Good Stock To Buy Now? - finance.yahoo.com || Senior Vice President of Sales & Marketing Dean Erstad Sold A Bunch Of Shares In Seneca Foods - webull.com || Even After Doubling, Seneca Foods Corporation Offers Tasty Upside (NASDAQ:SENEA) - Seeking Alpha || Seneca Foods (NASDAQ: SENEA) officer to sell 1,587 shares - Stock Titan || SENEA - Seneca Foods Corp Stock Price and Quote - Finviz"
2357.TW,2026-09-15,ASUSTeK Computer Inc.,Technology,10,google_news|yfinance,positive,True,"L'actualité présente plusieurs éléments positifs, tels que l'expansion de l'écosystème AI d'ASUSTeK avec Intel, les résultats solides d'American States Water, et les prévisions de croissance des prix des PC en Taiwan, ce qui suggère une tendance positive pour l'action.","Intel (INTC) Enters Trusted AI Standards as Enterprise Infrastructure Role Grows || American States Water Q2 Earnings Call Highlights || American States Water Co (AWR) (Q2 2026) Earnings Call Highlights: EPS Surges 25. ... || Is Intel’s (INTC) AI-Ready Classroom Push Quietly Reshaping Its Long-Term PC Strategy? || Intel (INTC) And ASUS Unveil AI Classroom Devices For K 12 Schools || ASUSTeK Computer Inc. 2026 Q1 - Results - Earnings Call Presentation (OTCMKTS:ASUUY) 2026-05-12 - Seeking Alpha || ASUS stock climbs 5% with ROG Xbox Ally X20 preorders starting at $1,299 - TechStock² || PC prices in Taiwan expected to rise 25-30% in Q2: Asustek - taipeitimes.com || Asian Dividend Stocks To Consider For Your Portfolio - simplywall.st || QTUM - Defiance Quantum ETF Stock Price and Quote - Finviz"
1802.T,2026-09-16,Obayashi Corporation,Industrials,10,google_news|yfinance,positive,True,"L'acquisition de Multiplex par Obayashi est un développement positif pour l'action, car cela renforce la position de Obayashi dans le secteur de la construction mondiale et ouvre de nouvelles perspectives pour l'entreprise.","Brookfield agrees to divest builder Multiplex to Obayashi for $650m || Brookfield Business Selling Multiplex to Japan's Obayashi For $650 Million || Soft China Economic Reports Roil Asian Stock Markets || Obayashi (TSE:1802) Valuation Check After Strong 1 Year Shareholder Returns || This Khosla-backed autonomous pod startup just raised $170M — now it’s aiming for more || Acquisition of Multiplex Global Limited, a Company Operating Construction Businesses in Australia, the UK and Canada - obayashi.co.jp || Obayashi Corporation Revenue Breakdown – TSE:1802 - TradingView || Obayashi to Acquire Multiplex in Push for Global Construction Expansion - The Globe and Mail || Japan’s Obayashi to acquire Multiplex from Brookfield for $526 mln By Investing.com - Investing.com Nigeria || Obayashi Enters Toll Road Concession Business in Jakarta, Indonesia | News | Obayashi Global - obayashi.co.jp"
FRSH,2026-09-16,Freshworks Inc.,Technology,10,google_news|yfinance,neutral,True,"Les actualites presentes sont mixtes, avec des articles qui mentionnent des stocks qui ont augmenté ou atteint des nouveaux records, mais aussi des articles qui soulignent des défis et des problèmes pour l'action de Freshworks Inc.","Atlassian, Palo Alto Networks, SentinelOne, monday.com, and Freshworks Stocks Trade Up, What You Need To Know || 1 Stock Under $50 Worth Investigating and 2 That Underwhelm || 2 Growth Stocks with Explosive Upside and 1 Facing Challenges || Freshworks (FRSH) Stock Looks Priced At A Premium To Fair Value || 2 Cash-Producing Stocks to Consider Right Now and 1 We Brush Off || Is Freshworks Inc. (FRSH) A Good Stock To Buy Now? - Yahoo Finance || Freshworks stock hits 52-week high at 13.77 USD - Investing.com || Freshworks Stock Drops 32% in 2026: Why the Math Still Supports a 120% Total Return - TIKR.com || Freshworks Inc. (FRSH) CTO Manning Ryan files Form 3 showing no stock ownership - Stock Titan || Benign Growth For Freshworks Inc. (NASDAQ:FRSH) Underpins Stock's 29% Plummet - simplywall.st"
MD,2026-09-16,"Pediatrix Medical Group, Inc.",Healthcare,9,google_news|yfinance,positive,True,"Les actualites presentes sont presque toutes positives, avec des mentions de croissance, de valeur et de croissance potentielle, ce qui suggere un ton general positif pour l'action de Pediatrix Medical Group, Inc.","3 Stocks Under $50 with Questionable Fundamentals || 1 Cash-Producing Stock to Research Further and 2 Facing Challenges || Cencora (COR) Up 3.8% Since Last Earnings Report: Can It Continue? || Pediatrix Medical Group (MD) Up 3.4% Since Last Earnings Report: Can It Continue? || Q2 Earnings Highlights: Pediatrix Medical Group (NYSE:MD) Vs The Rest Of The Healthcare Providers & Services Stocks || Pediatrix (NYSE: MD) officer files notice for $572,619.71 stock sale - Stock Titan || Pediatrix Medical Group (NYSE:MD): A Decent Value Stock at a Discount - ChartMill || MD - Pediatrix Medical Group Inc Stock Price and Quote - Finviz || Pediatrix Medical Group (MD) is a Top-Ranked Growth Stock: Should You Buy? - easternprogress.com"
9939.TW,2026-09-16,"Taiwan Hon Chuan Enterprise Co., Ltd.",Consumer Cyclical,5,google_news,negative,True,"Aucune information positive ou neutre n'est disponible dans les actualités fournies, les données sont limitées et ne permettent pas d'établir une opinion sur l'action.","Taiwan Hon Chuan Enterprise Co., Ltd. Income Statement – TWSE:9939 - TradingView || International Packaging Number of Employees 2026 | Employee Count & Headcount Data - Revelio Labs || 9939 Stock Price and Chart — TWSE:9939 - TradingView || Taiwan Optical Platform Co., Ltd. (6464.TW) stock price, news, quote and history - Yahoo Finance Singapore || Dimensional Emerging Markets Core Equity 2 ETF Holdings - quiverquant.com"
ASM.AS,2026-09-16,ASM International NV,Technology,10,google_news|yfinance,neutral,True,"L'actualité présente une mélange de informations positives et négatives, notamment une réduction des actions de chip stocks en raison de préoccupations sur la sécurité des modèles d'intelligence artificielle, mais également une annonce de plan de reprise de parts pour ASM International.","Chip Stocks Mixed After Monday Rout || European Chip Stocks Mixed After Monday Rout || Tech, Media & Telecom Roundup: Market Talk || Chip Stocks Tumble After AI Leaders Call for Slowdown in Development || European Chip Stocks Follow Asia Lower Amid AI Worries || ASM finishes its €150 million plan to buy back shares for employee and board programs - Stock Titan || ASM share buyback update August 31 – September 4, 2026 - Yahoo Finance || ASM International (0NX3) Finalizes €150 Million Share Buyback, Repurchasing 185,522 Shares in 2026 Programme - Kalkine Media || ASM International stock falls as buyback reaches 84.9 percent - ad-hoc-news.de || Is ASM International (ASMIY) Stock Outpacing Its Computer and Technology Peers This Year? - Yahoo Finance"
2404.TW,2026-09-16,"United Integrated Services Co., Ltd.",Industrials,5,google_news,negative,True,"Les actualites presentes sont presque toutes negatives, avec une chute des actions de Taiwan en raison d'un conflit du Moyen-Orient et des inquietudes quant a l'AI, ainsi qu'une baisse des actions de TSMC.",2404 Stock Price and Chart — TWSE:2404 - TradingView || TSMC 2024 Supply Chain Management Forum Presents Awards to Outstanding Suppliers - pr.tsmc.com || Taiwan stocks higher at close of trade; Taiwan Weighted up 0.91% - Investing.com || Wasatch Emerging Markets Select Fund Q2 2026 Commentary (undefined:WAESX) - Seeking Alpha || Middle East Conflict and AI Concerns Batter Taiwan Stocks; Index Plunges 786 Points Intraday Before Losses Narrow - finance.biggo.com
FHI,2026-09-16,"Federated Hermes, Inc.",Financial Services,10,google_news|yfinance,positive,True,"Les actualites presentes sont presque toutes positives, avec des mentions de croissance, de dividendes et de valorisation, ce qui suggere un ton general positif pour l'action de Federated Hermes, Inc.","3 Market-Beating Stocks on Our Buy List || FHI vs. CNS: Which Stock Is the Better Value Option? || Ares Management Up 28.8% in 6 Months: How to Approach the Stock Now || Federated Hermes' APAC Tokenization Push: A New AUM Growth Lever? || UBS Gets a Win in Swiss Capital Battle || Federated Hermes (FHI) Stock Seems Undervalued On Fair Value But Fair On Earnings - Yahoo Finance || A $0.045 dividend avoids regular federal tax on Oct. 1 - Stock Titan || Federated Hermes: Shifting To Higher-Fee Products (NYSE:FHI) - Seeking Alpha || Federated Hermes, Inc. Stock 12‑Month Price Target Raised to $59.14, Implies 1% Downside - TradingView || FHI - Federated Hermes Inc Stock Price and Quote - Finviz"
PATH,2026-09-16,"UiPath, Inc.",Technology,10,google_news|yfinance,positive,True,"Les actualites presentes montrent une augmentation du nombre de clients millionnaires, une position de leader chez Gartner, des gains sur le marché et une reconnaissance pour son potentiel en AI, ce qui suggere un ton general positif pour l'action.","PATH's 21% Rise in Million-Dollar Customers is the Number to Watch || UiPath (PATH) Is A Gartner Leader For A Second Straight Year || Asana, Tenable, UiPath, Guidewire Software, and Pegasystems Shares Are Soaring, What You Need To Know || C3.ai Jumps 7% as Software Rally Lifts Beaten-Down AI Names; UiPath Climbs 8%, SoundHound AI Gains 5% || Off-Quarter Software Companies' Revenue Outperformance Decelerates Slightly Sequentially, RBC Says || UiPath, Inc. (PATH) Stock Has AI Potential, But Slowing Growth Keeps Investors Cautious - Yahoo Finance || CrowdStrike vs. UiPath: Which Technology Stock Is a Better Buy in 2026? - The Motley Fool || UiPath Reports Second Quarter Fiscal 2027 Financial Results - UiPath || UiPath Stock Steadies As AI Orchestration Story Gains Momentum - StocksToTrade || UiPath Stock Draws Bullish Targets After Q2 Beat And AI Wins - timothysykes.com"
GL,2026-09-16,Globe Life Inc.,Financial Services,10,google_news|yfinance,positive,True,"Les actualites presentes sont presque toutes positives, avec des articles sur les performances de l'action, les gains de valeur, les discussions avec les dirigeants de la societe et les resultats positifs des quarts.",Life Insurance Stocks Q2 Recap: Benchmarking Globe Life (NYSE:GL) || Globe Life Co-CEOs Matt Darden + Frank Svoboda Discuss Company’s Texas Strategy || NYSE Texas Office Opening: Globe Life Co-CEOs Cover Lone Star State Importance || 3 Insurance Stocks We Keep Off Our Radar || Want Double-Digit Gains From Insurance Stocks? Morgan Stanley Suggests 2 Names to Consider || Globe Life Inc. stock underperforms Monday when compared to competitors despite daily gains - MarketWatch || Here’s How Much You Would Have Made Owning Globe Life Stock In The Last 15 Years - Benzinga || Globe Life stock gains as institutional buying and Q2 growth support outlook - ad-hoc-news.de || Is Globe Life Inc. (GL) A Good Stock To Buy Now? - Yahoo Finance || GLOBE LIFE INC. REPORTS SECOND QUARTER 2026 RESULTS - PR Newswire
GEO,2026-09-16,"The GEO Group, Inc.",Industrials,10,google_news|yfinance,neutral,True,"Bien que certaines actualités mentionnent des points positifs tels que le lancement de la plateforme Genius et la croissance des ventes, d'autres soulignent des inquiétudes liées aux coûts, à la dette et à la concurrence, ce qui maintient un ton neutre.","Here's Why Investors Should Retain Global Payments Stock for Now || ICFI Stock Rises 22% in 3 Months: Here's What You Should Know || Strong Engagement & Contract Value Strengthen Gartner's Prospects || Geo Group (GEO) Is a Great Choice for 'Trend' Investors, Here's Why || 2 Growth Stocks with All-Star Potential and 1 We Question || The GEO Group Reports First Quarter Results and Increases Full Year 2026 Guidance | The GEO Group, Inc. - The GEO Group || The GEO Group Announces Date for Second Quarter 2026 Earnings Release and Conference Call - Yahoo Finance || The GEO Group Reports Third Quarter 2025 Results and Increases Share Repurchase Authorization to $500 Million - The GEO Group || Government Contract Update: $36M payment to THE GEO GROUP, INC - quiverquant.com || A 1,320-Bed Immigration Processing Center Is Planned for ICE Use - Stock Titan"
ABEV3.SA,2026-09-16,Ambev S.A.,Consumer Defensive,10,google_news|yfinance,positive,True,"Les actualites presentes montrent une croissance revenue et des marges expansionnees, ainsi qu'une investissement dans les activations de marque, ce qui suggere un ton general positif pour l'action d'Ambev S.A.","Ambev (ABEV) Q2 2026 Earnings Call Transcript || Ambev SA (ABEV) (Q2 2026) Earnings Call Highlights: Strong Beer Growth and Digital Expansion ... || Ambev Q2 Earnings Call Highlights || CCU vs. ABEV: Which Stock Should Value Investors Buy Now? || PepsiCo Q2 Earnings Beat on Volume Gains & International Strength || Stock options running to 2029 for Ambev (NYSE: ABEV) logistics VP - Stock Titan || Ambev (ABEV) is an Incredible Growth Stock: 3 Reasons Why - Yahoo Finance || Cook & Bynum Capital Management LLC Buys Shares of 1,354,009 Ambev S.A. $ABEV - MarketBeat || ABEV Stock Grinds Higher As Tight Range Draws Trader Focus - StocksToTrade || ABEV - Ambev SA ADR Stock Price and Quote - Finviz"
GEV,2026-09-16,GE Vernova Inc.,Industrials,10,google_news|yfinance,neutral,True,"Bien que les actualites mentionnent des problèmes pour GE Vernova, notamment une baisse de 4.8% des actions et une nouvelle appellation de 'sell' par GLJ, les analystes expriment également leur confiance dans la capacite de l'entreprise à 'gagner' et à 'survivre' dans l'industrie, ce qui maintient","GE Vernova Is ‘Wired to Win,’ Analyst Says. What It Means for the Stock. || Bloom Energy vs. GE Vernova: Which Stock Is a Better Buy in 2026? || GE Vernova Will Supply Turbines for Japanese Wind Farm || GLJ Starts GE Vernova at Sell With EBITDA 22% Below Consensus || Energy Transition Today - Alternative Energy Growth Driven By Innovation And Investment || GE Vernova Shares Fall 4.8% After GLJ Research Starts Coverage With Sell Rating - Yahoo Finance || GE Vernova Slammed as New Sell Call Hits Stock - TipRanks || Is GE Vernova (GEV) Stock Above Fair Value After A 39% Gain? - Yahoo Finance || Why GE Vernova (GEV) Stock Is Nosediving - Yahoo Finance || GE Vernova inches higher after big drop; analyst says company still 'wired to win' (GEV:NYSE) - Seeking Alpha"
SNA,2026-09-16,Snap-on Incorporated,Industrials,10,google_news|yfinance,,True,"Les actualites presentent des informations contradictoires sur le stock SNA, avec des analyses positives et negatives, mais le ton general est plus neutre que positif ou négatif, car il met en évidence les risques et les opportunités pour l'action.","3 Reasons SNA is Risky and 1 Stock to Buy Instead || Are Wall Street Analysts Bullish on Snap-on Stock? || Snap On (SNA) Beat Expectations, Is The Stock Fully Priced? || Spotting Winners: Snap-on (NYSE:SNA) And Professional Tools and Equipment Stocks In Q2 || Can Snap-on's RCI Execution and Innovation Sustain Growth? || Engineers Gate Manager LP Makes New $2.78 Million Investment in Snap-On Incorporated $SNA - MarketBeat || Snap-On: The Growth Engine Is Shifting, But 19x Earnings Still Prices In A Lot (NYSE:SNA) - Seeking Alpha || Is Snap-on Stock a Buy as Strong Margins Meet a Premium Valuation? - Yahoo Finance || Snap-On Incorporated $SNA Shares Purchased by Corient Private Wealth LP - MarketBeat || Snap-on Incorporated Declares Quarterly Dividend; Announces $500 Million Share Repurchase Authorization - Business Wire"
AMN,2026-09-16,"AMN Healthcare Services, Inc.",Healthcare,10,google_news|yfinance,positive,True,"Les actualites presentes montrent une augmentation du chiffre d'affaires, une reprise en forme de profit et des perspectives de croissance pour l'action AMN Healthcare Services, Inc.",How AMN’s Nurse and Allied Rebound Amid Segment Weakness Has Changed Its Investment Story (AMN) || Implied Volatility Surging for AMN Healthcare Stock Options || AMN Healthcare (AMN) Swings To Profit While Two Segments Keep Sliding || Here's Why You Should Retain AMN Stock in Your Portfolio for Now || 3 Reasons to Avoid AMN and 1 Stock to Buy Instead || Implied Volatility Surging for AMN Healthcare Stock Options - Yahoo Finance || 58% of executives rate leadership effective. Only 28% of frontline workers agree. - Stock Titan || Amn Healthcare Services Stock Price Forecast. Should You Buy AMN? - StockInvest.us || A Look at AMN Healthcare Services Inc (AMN) After 3.8% Decline -- GF Value $29.72 vs Price $33.05 - GuruFocus || AMN - AMN Healthcare Services Inc Stock Price and Quote - Finviz
GOOGL,2026-09-16,Alphabet Inc.,Communication Services,10,google_news|yfinance,positive,True,"Les actualites presentes sont presque toutes positives, avec des annonces de nouveaux employes chez Workday et MediaTek, ainsi que des commentaires positifs sur les performances de Alphabet et son avantage dans l'armee AI, ce qui suggere un ton general positif pour l'action.","Workday (WDAY) Names Sarah Kennedy Ellis CMO As AI Marketing Takes Center Stage || TSMC’s 2nm Era Is Accelerating With MediaTek. Nvidia and Alphabet Already Have Money on the Table || Update: Equities Log Back-to-Back Declines Before Fed Decision as Yields, Oil Jump || Tesla’s Cybercab Launch Fizzles, Leaving Waymo as the Robotaxi Leader || Magnificent Seven Stocks Eye Breakout After Sideways 2026 || Alphabet has been in a correction since May. Katie Stockton sees the Google parent breaking out - CNBC || Why Google and Meta Stocks Are the Big Winners From the Latest AI Concerns - Barron's || Alphabet's Distorted Forward P/E Meets AI Regulation Prospects (NASDAQ:GOOGL) - Seeking Alpha || Alphabet Has 50% Upside and the Cheapest Multiple of the Big Six - 24/7 Wall St. || Alphabet's Rapidly Growing $50 Billion Business Is a Huge Advantage in the AI Arms Race - The Motley Fool"
AMAT,2026-09-16,"Applied Materials, Inc.",Technology,9,google_news|yfinance,negative,True,"L'actualité présente plusieurs éléments négatifs, tels que la chute du prix de l'action de 7,1% et des rumeurs de downgrade et de ventes d'actions par des dirigeants, ce qui suggère une tendance globalement négative.","Applied Materials Stock Already Fell Without A Shock, So What Would A Real One Do? || Can Applied Materials Sustain Strong AGS Growth Beyond 2026? || Applied Materials vs. Qualcomm: Which Tech Stock Is a Better Buy in 2026? || Lam Research Vs. Applied Materials: Who Actually Helps ASML Share Prices Rise Higher? || Applied Materials, Lam Research, Monolithic Power Systems, Marvell Technology, and MACOM Shares Are Falling, What You Need To Know || Applied Materials Inc. stock underperforms Monday when compared to competitors - MarketWatch || Applied Materials Sinks After Downgrade And Insider Selling - TipRanks || Applied Materials Shares Fall 5.8% as Semiconductor Stocks Decline - Yahoo Finance || Is Trending Stock Applied Materials, Inc. (AMAT) a Buy Now? - Yahoo Finance"
AMZN,2026-09-16,"Amazon.com, Inc.",Consumer Cyclical,10,google_news|yfinance,neutral,True,"Les actualites presentes sont mixtes, avec des informations sur des produits de luxe, des tendances du marché et des resultats financiers, mais sans une tonalite clairement positive ou negative","Credo (CRDO) vs. Marvell (MRVL): Which AI Chip Stock Is the Better Buy? || S&P 500, Nasdaq, Dow End Lower As Investors Price In Rate Hike Ahead Of Fed Meeting — AMZN, META, MU, TSLA, PLTR In Focus || Amazon (AMZN) Dips More Than Broader Market: What You Should Know || Amazon sells luxury solar-powered watches from brands like Seiko and Citizen starting at $210 || Stock Market Today: Dow Dives With Fed Seen Doing This; Senate Vote Hits These Crypto Stocks || Amazon.com Inc. stock heads into the open after a 1.3% drop - ad-hoc-news.de || Amazon Stock Slides: What's Happening? - Benzinga || Knuff & Co LLC Takes Position in Amazon.com, Inc. $AMZN - MarketBeat || Amazon.com Announces Second Quarter Results - Amazon Investor Relations || 8,363 Shares in Amazon.com, Inc. $AMZN Acquired by SSI Investment Management LLC - MarketBeat"
URBN,2026-09-16,"Urban Outfitters, Inc.",Consumer Cyclical,10,google_news|yfinance,positive,True,"Les actualites presentes sont presque toutes positives, avec des mentions de croissance des revenus et de la valeur de l'action, ainsi que des analyses positives de la part de plusieurs analystes et publications.","URBN or ZGN: Which Is the Better Value Stock Right Now? || Urban Outfitters, Tilly's, and Kohl's Shares Skyrocket and Plummet, What You Need To Know || Reformation Reports Double-Digit Income & Revenue Growth || American Eagle Outfitters Sinks 13% as $161M Tariff Refund Flatters Beat; Urban Outfitters Drops 3%, Abercrombie & Fitch Slips || Are Investors Undervaluing Urban Outfitters (URBN) Right Now? || Urban Outfitters, Inc. $URBN Shares Sold by Hsbc Holdings PLC - MarketBeat || Urban Outfitters (NASDAQ:URBN): A Decent Value Play with a Debt-Free Edge - ChartMill || Are Retail-Wholesale Stocks Lagging Urban Outfitters (URBN) This Year? - Yahoo Finance || Is Urban Outfitters Inc (URBN) Overvalued After 3.9% Rally? GF V - GuruFocus || Here's Why Urban Outfitters (URBN) is a Strong Value Stock - easternprogress.com"
1878.T,2026-09-16,"Daito Trust Construction Co.,Ltd.",Real Estate,5,google_news,positive,True,"L'action de Daito Trust Construction Co.,Ltd. (1878.T) a connu plusieurs annonces positives, telles que la lancement de nouveaux projets en Amérique du Nord et en Californie, ainsi que la conclusion d'un accord sur la cession de parts dans une société américaine, ce qui suggère une expansion et une ","Daito Trust Construction launches purchase, renovation, and resale business in Texas to expand its business in North America - kentaku.co.jp || Daito Trust Construction concludes agreement on transfer of shares in the Coastline Group (Los Angeles, California, USA) - kentaku.co.jp || Daito Trust Construction Co.,Ltd. 2027 Q1 - Results - Earnings Call Presentation (OTCMKTS:DIFTY) 2026-08-01 - Seeking Alpha || Daito Trust Construction to launch the Takaoka Ejiri Center Project (tentative name) as its first community development project - kentaku.co.jp || Top Global Dividend Stocks For July 2026 - webull.com"
DCI,2026-09-16,"Donaldson Company, Inc.",Industrials,10,google_news|yfinance,neutral,True,"Les actualites presentes sont mixtes, avec des informations positives sur CECO et des informations négatives sur Donaldson Company, Inc. (DCI), mais sans une tendance claire ou une analyse détaillée.","3 Reasons DCI is Risky and 1 Stock to Buy Instead || CECO Gains From Strength in Engineered Systems: Can the Momentum Last? || 1 Mid-Cap Stock on Our Watchlist and 2 We Avoid || 1 Mid-Cap Stock for Long-Term Investors and 2 We Brush Off || Donaldson’s (DCI) Billion-Dollar Quarter Hides A Costlier Bet Ahead || California State Teachers Retirement System Increases Stock Holdings in Donaldson Company, Inc. $DCI - MarketBeat || Donaldson Company Stock Price Forecast. Should You Buy DCI? - StockInvest.us || CECO Gains From Strength in Engineered Systems: Can the Momentum Last? - TradingView || Donaldson (NYSE: DCI) officer plans roughly $195K stock sale - Stock Titan || Donaldson (DCI) Stock Slips After Record Margins Set A Higher Bar - sahmcapital.com"
5706.T,2026-09-16,"Mitsui Kinzoku Company, Limited",Industrials,10,google_news|yfinance,neutral,True,"L'actualité présente une mélange de informations positives et négatives, notamment une annonce de partenariat avec Gelion PLC et une acquisition par Hi-Lex Corporation, mais également des préoccupations sur les chip stocks et les prix de l'huile.","European Stocks Mixed, Chip Stocks Slide || Gelion CEO says £2m Mitsui Kinzoku deal will help develop and scale up sulfur battery tech || U.S. Chip Stocks Suffering from Fragile Investor Sentiment || Earnings, Crude Prices Roil Asian Stock Markets || Persian Gulf, Oil Price Outlooks Buoy Asian Stocks Markets || Mitsui Kinzoku Company, Limited 2027 Q1 - Results - Earnings Call Presentation (OTCMKTS:MMSMY) 2026-08-11 - Seeking Alpha || Execution of a Memorandum of Understanding Concerning the Integration … | News | Mitsubishi Materials Corporation - mmc.co.jp || Hi-Lex Corporation completed the acquisition of Mitsui Kinzoku ACT Corporation from Mitsui Mining & Smelting Co., Ltd. for ¥13.3 billion. - marketscreener.com || Solid Electrolyte Material for Batteries Market Size and Growth Analysis 2026 to 2035 - Insightace Analytic || Hi-Lex Corporation entered into share transfer agreement to acquire Mitsui Kinzoku ACT Corporation from Mitsui Mining & Smelting Co., Ltd. for ¥11.3 billion. - marketscreener.com"
JAZZ,2026-09-16,Jazz Pharmaceuticals plc,Healthcare,10,google_news|yfinance,positive,True,"Les actualites presentes sont presque toutes positives, avec des annonces de nouveaux essais cliniques pour Ziihera, une augmentation de la valeur potentielle du stock, des upgrades de prix cible par des analystes et des analyses positives de l'action.","Jazz Pharmaceuticals (JAZZ) Eyes Ziihera Trials In Breast Colorectal And Lung Cancer || 3 Cash-Producing Stocks We’re Skeptical Of || 2 Reasons to Avoid JAZZ and 1 Stock to Buy Instead || Jazz Pharmaceuticals Sees Meaningful Long-Term Value From Ziihera's Pursuits Beyond GEA, UBS Says || 1 Value Stock with Exciting Potential and 2 We Brush Off || Children in an early trial had fewer seizures. Jazz paid $820 million upfront for the candidate. - Stock Titan || Jazz Pharmaceuticals Announces Private Offering of $1.0 Billion of Exchangeable Senior Notes due 2032 and Concurrent Ordinary Share Repurchases - PR Newswire || Morgan Stanley Raises its Price Target on Jazz Pharmaceuticals (JAZZ) - Yahoo Finance || Jazz Pharmaceuticals Stock Price Forecast. Should You Buy JAZZ? - StockInvest.us || Jazz Pharmaceuticals plc (JAZZ) Stock Analysis: Strong Buy Ratings and a 17.28% Upside Potential - DirectorsTalk Interviews"
THG,2026-09-16,"The Hanover Insurance Group, Inc.",Financial Services,10,google_news|yfinance,positive,True,"Les actualites recentes sur The Hanover Insurance Group, Inc. (THG) suggererent des mouvements positifs, tels que des actions de prix forts, des dividendes et des aquisitions, ce qui indique un ton general positif pour l'action.","4 Stocks Trading Near 52-Week High With More Upside Potential || Hanover Insurance Group (THG) Climbed, So What Is Driving Attention Now? || The Hanover Insurance Group Inc's Dividend Analysis || Are You Looking for a Top Momentum Pick? Why Hanover Insurance Group (THG) is a Great Choice || Should Value Investors Buy The Hanover Insurance Group (THG) Stock? || The Hanover Insurance Group Inc's Dividend Analysis - Yahoo Finance || Hanover Insurance Group Insiders Sell US$3.5m Of Stock, Possibly Signalling Caution - Moomoo || The Hanover Insurance Group, Inc. $THG Shares Purchased by WINTON GROUP Ltd - MarketBeat || 4 Stocks Trading Near 52-Week High With More Upside Potential - TradingView || The Hanover Insurance Group, Inc. Declares Quarterly Dividend of $0.95 Per Common Share - Morningstar"
AMG,2026-09-16,"Affiliated Managers Group, Inc.",Financial Services,10,google_news|yfinance,positive,True,"Les actualites recentes sur Affiliated Managers Group, Inc. (AMG) suggèrent une tendance positive, avec des repurchases de actions, des performances solides et des analyses positives des investisseurs.","2 Momentum  Stocks with Competitive Advantages and 1 We Ignore || Affiliated Managers Group Repurchased About $375 Million of Stock in 6 Months || Is Affiliated Managers Group (AMG) Stock Outpacing Its Finance Peers This Year? || Should Value Investors Buy Affiliated Managers Group (AMG) Stock? || AMG vs. BLK: Which Stock Is the Better Value Option? || ETFs Investing in Affiliated Managers Group, Inc. Stocks - TradingView || Is Affiliated Managers Group (AMG) Stock Outpacing Its Finance Peers This Year? - Yahoo Finance || Squarepoint Ops LLC Buys 10,029 Shares of Affiliated Managers Group, Inc. $AMG - MarketBeat || Affiliated Managers Group Stock Price Forecast. Should You Buy AMG? - StockInvest.us || AMG - Affiliated Managers Group Inc Stock Price and Quote - Finviz"
BPOP,2026-09-16,"Popular, Inc.",Financial Services,10,google_news|yfinance,positive,True,"Les actualites presentes sont presque toutes positives, avec des articles sur le dividende, la croissance et les performances de l'action, ce qui suggere un ton general positif.","Popular (BPOP) Could Be a Great Choice || Popular Inc's Dividend Analysis || Popular (BPOP), Why Is It Back In The Spotlight? || Spotting Winners: Popular (NASDAQ:BPOP) And Regional Banks Stocks In Q2 || 3 Market-Beating Stocks with Competitive Advantages || Popular Inc's Dividend Analysis - Yahoo! Finance Canada || Popular Inc (BPOP) Stock Price, Trades & News - GuruFocus || Popular, Inc. Declares Dividend on Preferred Stock and Announces Distribution on Trust Preferred Securities - Business Wire || Popular (BPOP) risk chief reports 4,004-share stake - Stock Titan || Popular Inc. (NASDAQ:BPOP) Shows High Growth Momentum and Breakout Setup - ChartMill"
2357.TW,2026-09-16,ASUSTeK Computer Inc.,Technology,10,google_news|yfinance,positive,True,"L'actualité présente plusieurs développements positifs pour ASUSTeK Computer Inc., tels que l'expansion de son écosystème AI, la présentation de nouveaux produits éducatifs avec Intel, et des prévisions de croissance pour les prix des PC en Taiwan.","Intel (INTC) Enters Trusted AI Standards as Enterprise Infrastructure Role Grows || American States Water Q2 Earnings Call Highlights || American States Water Co (AWR) (Q2 2026) Earnings Call Highlights: EPS Surges 25. ... || Is Intel’s (INTC) AI-Ready Classroom Push Quietly Reshaping Its Long-Term PC Strategy? || Intel (INTC) And ASUS Unveil AI Classroom Devices For K 12 Schools || ASUSTeK Computer Inc. 2026 Q1 - Results - Earnings Call Presentation (OTCMKTS:ASUUY) 2026-05-12 - Seeking Alpha || ASUS stock climbs 5% with ROG Xbox Ally X20 preorders starting at $1,299 - TechStock² || ASUSTeK Computer Inc. Reports Earnings Results for the Full Year Ended December 31, 2025 - marketscreener.com || PC prices in Taiwan expected to rise 25-30% in Q2: Asustek - Taipei Times || Asian Dividend Stocks To Consider For Your Portfolio - simplywall.st"
9766.T,2026-09-16,Konami Group Corporation,Communication Services,7,google_news|yfinance,positive,True,"L'actualité présente plusieurs éléments positifs, tels que la rotation des investissements vers les actions de jeux vidéo japonais, la réussite des résultats financiers de Konami et la mise en place de nouvelles stratégies de réduction des unités de trading.",Nintendo Surges 6.8% As AI Fatigue Sparks Gaming Rotation || Does Konami’s BOMBERMAN Slot Debut Signal a Deeper Shift in IP Strategy for Konami (TSE:9766)? || 9766 Stock Price and Chart — TSE:9766 - TradingView || Results: Konami Group Corporation Beat Earnings Expectations And Analysts Now Have New Forecasts - simplywall.st || REG - Konami Group Corp - Release: Policy on Reduction of Stock Trading Unit - TradingView || Cashless casinos and tailored rewards on every Carnival Cruise Line ship - Stock Titan || KONAMI Group Corporation Revenue Breakdown – TSE:9766 - TradingView
LCII,2026-09-16,LCI Industries,Consumer Cyclical,10,google_news|yfinance,neutral,True,"Bien que LCI Industries ait rapporté une augmentation des bénéfices et une expansion des marges, l'actualité souligne également la softness du marché et la nécessité de cost-cutting, ce qui maintient un ton neutre.","Lippert named Fun Town RV CEO || LCI Industries (LCII) Q2 2026 Earnings Call Transcript || LCI Industries Q2 Earnings Call Highlights || LCI Industries Inc (LCII) (Q2 2026) Earnings Call Highlights: Margin Expansion and Strategic ... || Patrick Industries (PATK) Stock Looks Reasonable On Cash Flow While Earnings Look Rich || Squarepoint Ops LLC Acquires 21,771 Shares of LCI Industries $LCII - MarketBeat || LCI Industries (LCII) Agrees To All Stock Merger With Patrick Industries - Yahoo Finance || McDermott Will & Schulte advises Patrick Industries in Announced All-Stock Merger with LCI Industries - McDermott Will & Schulte || Top 3 Consumer Stocks Which Could Rescue Your Portfolio In September - Benzinga || Patrick merger enters new antitrust review phase for LCI Industries (NYSE: LCII) - Stock Titan"
SBIN.NS,2026-09-16,State Bank of India,Financial Services,10,google_news|yfinance,positive,True,"Les actualites presentes sont presque toutes positives, avec des mentions de croissance de profit, de croissance des emprunts, de nouveaux hires et de nouveaux branches, ainsi que des commentaires positifs de l'analytique sur la performance de l'action.","India’s National Stock Exchange Seeks $46 Billion Valuation in IPO || India's Top Bank Says Data Centers Aiding Capex Cycle || State Bank of India targets 12,000 hires and 250 more branches – report || State Bank of India returns to dollar debt market, bankers see strong demand || State Bank of India (SBKFF) (Q1 2027) Earnings Call Highlights: Record Profit and Digital Push ... || State Bank of India falls Tuesday, underperforms competitors - MarketWatch || India's largest lender SBI beats quarterly profit view on healthy loan growth - Reuters || State Bank of India slips Friday, underperforms market - MarketWatch || State Bank of India Beats Profit Estimate on Robust Loan Growth - Bloomberg.com || State Bank of India Stock 12‑Month Price Target Cut to INR 1213.63, Implies 19% Upside - TradingView"
2432.T,2026-09-16,"DeNA Co., Ltd.",Industrials,9,google_news|yfinance,positive,True,"L'actualité présente des informations positives sur DeNA Co., Ltd., telles que des gains de valeur, une augmentation de la rentabilité et une création de nouvelles entreprises, ce qui suggère un ton positif pour l'action.","Is DeNA (TSE:2432) Cheap As Q1 Net Income Jumps Despite Lower Sales? || Nintendo announces $1.9 billion share sale by Kyoto bank and others || DeNA (TSE:2432): Assessing Valuation After Recent Steady Gains || Profit Taking Eases Asian Stock Markets From Recent Highs || DeNA Number of Employees 2026 | Employee Count & Headcount Data - Revelio Labs || EXCLUSIVE: Nintendo announces $1.9 billion share sale by Kyoto bank and others - Reuters || DeNA Co. Ltd (OTC: DNACF) Stock Price, News & Analysis - Kalkine || Nintendo (NTDOY) authorizes share buyback to offset secondary offering, sales by DeNA and banks - Shacknews || New Company DeNA AI Link Co., Ltd. Established to Provide AI Consulting & Solutions: Also Exploring Enterprise AI Agent Business - 株式会社ディー・エヌ・エー | DeNA"
UCG.MI,2026-09-16,UniCredit S.p.A.,Financial Services,9,google_news|yfinance,neutral,True,"Les actualites presentent des informations mixtes sur UniCredit, avec des elements positifs (prise de controle sur Commerzbank, augmentation de la valeur estimee) et negatifs (questions sur la rerating a court terme, chute du prix du titre)","Stocks to Watch Recap: UBS, Vera Bradley, Dave & Buster’s, Coinbase || UniCredit S.p.A. Unsponsored ADR (UNCRY) is a Great Momentum Stock: Should You Buy? || Germany sets conditions for UniCredit takeover of Commerzbank || Germany seeks guarantees from Italy's UniCredit over Commerzbank takeover || This International Manager Is Betting Big on Banks and Energy, but Not Tech || UniCredit stock falls as RBC starts coverage and questions near-term rerating - ad-hoc-news.de || UniCredit: We Raise Our Fair Value Estimate by 39%; Shares Modestly Undervalued - Morningstar || UCG Forecast — Price Target — Prediction for 2027 - TradingView || UniCredit Nears Commerzbank Control as Stake Set to Top 47% - Bloomberg.com"
TGTX,2026-09-16,"TG Therapeutics, Inc.",Healthcare,10,google_news|yfinance,positive,True,"L'action de TG Therapeutics, Inc. (TGTX) est mentionnée dans plusieurs articles positifs, tels que le titre 'Biotech stock Outperforms 95% of Stocks' et 'TG Therapeutics, Inc. (TGTX) Stock Analysis: A Biotech Gem With A 29% Upside Potential', qui suggèrent que l'action est en hausse et a un potentie","Kymera Therapeutics (KYMR) Up 10.2% Since Last Earnings Report: Can It Continue? || IBD Stock Of The Day, TG Therapeutics, Eyes Breakout After Topping Early Buy Point || TG Therapeutics (TGTX) Up 15.1% Since Last Earnings Report: Can It Continue? || TGTX Stock Pares Opening Losses After Analyst Dismisses Competition From Novartis || TGTX Stock Outperforms 95% of Stocks. Here's Why. || TG Therapeutics, Inc. (TGTX) Stock Analysis: A Biotech Gem With A 29% Upside Potential - DirectorsTalk Interviews || TG Therapeutics Reports Second Quarter 2026 Financial Results and Raises BRIUMVI® Revenue Guidance - TG Therapeutics || Insider Decision: Laurence N Charney Offloads $274K Worth Of TG Therapeutics Stock - Benzinga || Tax-related share sale by TG Therapeutics (TGTX) director - Stock Titan || Is TG Therapeutics, Inc. (TGTX) A Good Stock To Buy Now? - Yahoo Finance"
7269.T,2026-09-16,Suzuki Motor Corporation,Consumer Cyclical,10,google_news|yfinance,positive,True,"L'actualité présente plusieurs éléments positifs, tels que la croissance de Pricol Ltd, la présence de Suzuki dans le marché des véhicules électriques, ainsi que la confiance des investisseurs dans l'action, ce qui suggère un ton général positif.","Pricol Ltd (BOM:540293) (Q1 2027) Earnings Call Highlights: Revenue Surges 23% as Demerger ... || BYD Bets Small EV Can Crack Japan || Toyota backs Tier IV in level 4 autonomous vehicle push || FIEM Industries Ltd (BOM:532768) Q4 2026 Earnings Call Highlights: Record Growth and Strategic ... || Suzuki opens second plant in Kharkhoda, India || Suzuki Motor Corporation (7269) Stock Price Quote Today & Current Price Chart - Capital.com || With 60% institutional ownership, Suzuki Motor Corporation (TSE:7269) is a favorite amongst the big guns - simplywall.st || Suzuki Motor Corporation FY2025 Results: Revenue Up 8.0%, Profit Attributable to Owners Rises 5.6% - scanx.trade || Suzuki stock slips as Maruti Suzuki extends decline despite new Eeco milestone - ad-hoc-news.de || Maruti Suzuki's big product offensive: 8 new SUVs, 50% market share - The Times of India"
B3SA3.SA,2026-09-16,"B3 S.A. - Brasil, Bolsa, Balcão",Financial Services,7,google_news|yfinance,positive,True,"Les actualites presentes sont principalement positives, avec des mentions de croissance revenue, de nouveaux produits et de performances operationnelles solides, mais sans mention de facteurs negatifs significatifs.","B3 SA - Brasil Bolsa Balcao (BOLSY) Q4 2025 Earnings Call Highlights: Strong Revenue Growth and ... || B3 SA - Brasil Bolsa Balcao (BOLSY) Q3 2025 Earnings Call Highlights: Resilient Growth Amid ... || ETFs Investing in B3 SA - Brasil, Bolsa, Balcao Unsponsored ADR Stocks - TradingView || B3 S.A. Got An Antitrust Warning Because Of The Strength Of Its Moat (Rating Downgrade) - Seeking Alpha || Banrisul to Pay R$ 90 Million in Interest on Own Capital for Q3 2026 - The Globe and Mail || Homerun Resources Inc. Announces Sponsored BDR Listing on B3 Stock Exchange - Investing News Network || B3 S.A. - Brasil, Bolsa, Balcão 2026 Q1 - Results - Earnings Call Presentation (OTCMKTS:BOLSY) 2026-05-08 - Seeking Alpha"
OFG,2026-09-16,OFG Bancorp,Financial Services,10,google_news|yfinance,positive,True,"L'action d'OFG Bancorp a été classée comme une action à acheter par plusieurs sources, notamment Zacks, et a reçu des commentaires positifs sur ses dividendes et son rendement.","New Strong Buy Stocks for September 15th || Best Income Stocks to Buy for September 15th || 1 Small-Cap Stock on Our Buy List and 2 That Underwhelm || OFG Bancorp (OFG) is a Top Dividend Stock Right Now: Should You Buy? || Q2 Regional Banks Earnings Review: First Prize Goes to OFG Bancorp (NYSE:OFG) || OFG Bancorp (OFG) Lands A Zacks Strong Buy, Is The Upside Already Priced In? - simplywall.st || OFG Bancorp (NYSE: OFG) CEO gifts stock, still holds 152,056.688 shares - Stock Titan || OFG Bancorp (OFG) is a Top Dividend Stock Right Now: Should You Buy? - Yahoo Finance || Squarepoint Ops LLC Acquires 26,278 Shares of OFG Bancorp $OFG - MarketBeat || Unpacking Q2 Earnings: Customers Bancorp (NYSE:CUBI) In The Context Of Other Regional Banks Stocks - StockStory"
1893.T,2026-09-16,"Penta-Ocean Construction Co., Ltd.",Industrials,7,google_news|yfinance,neutral,True,"L'actualité présente une équilibre entre des informations positives (contrats de construction, introduction de J-ESOP) et des informations négatives (investigation sur l'insécurité des actions de Mizuho, changement de fournisseur de services financiers)",DEME secures offshore wind turbine installation contract in Japan || Mizuho Dropped From Bond Deals as SESC Probe Unfolds || How Penta-Ocean’s Planned J-ESOP Introduction At Penta-Ocean Construction (TSE:1893) Has Changed Its Investment Story - simplywall.st || China Railway Constr Number of Employees 2026 | Employee Count & Headcount Data - Revelio Labs || DEME wins contract for offshore wind project in Japan - DredgeWire || Penta-Ocean's New Offshore Wind Turbine Installation Vessel Set for Japan Debut - Offshore Engineer Magazine || 20 Renewable Energy Stocks to Buy as National Policy Shifts Away from Middle East Dependence: Government's Alternative Energy Procurement Provides a Tailwind｜日本個別株デューデリジェンスセンター - note
2006.TW,2026-09-16,Tung Ho Steel Enterprise Corporation,Basic Materials,4,google_news,neutral,True,"L'action de Tung Ho Steel Enterprise Corporation n'a pas de ton général positif, neutre ou négatif, car les actualités fournies sont diverses et ne révèlent pas de tendance claire ou de changement significatif dans la situation de l'action.",Steelmaker Tung Ho Vietnam secures $25 mln finance from Standard Chartered - Theinvestor || Tung Ho Steel keeps H-beam prices stable - SteelRadar || Mineralization and Utilization using Steel Slag for Establishing a Waste-to-Resource Supply Chain - Nature || Enercon wins 33MW Taiwan contract - Wind Power Monthly
9942.TW,2026-09-16,NAK Sealing Technologies Corporation,Consumer Cyclical,3,google_news,negative,True,Aucune information positive ou neutre n'est disponible dans les actualités fournies.,"6933 Stock Price and Chart — TWSE:6933 - TradingView || TSC Auto ID Technology Co., Ltd. (3611.TWO) Stock Price, News, Quote & History - Yahoo Finance || 6667 Stock Price and Chart — TPEX:6667 - TradingView"
LAUR,2026-09-16,"Laureate Education, Inc.",Consumer Defensive,10,google_news|yfinance,neutral,True,"Les actualites presentes sont mixtes, avec des articles qui mentionnent des risques et des opportunites pour l'action, mais sans prendre une position clairement positive ou négative.","3 Small-Cap Stocks We Find Risky || Laureate Education (LAUR) Looks Fairly Valued, Is There Enough Upside Left? || 3 Hyped Up  Stocks We Think Twice About || TAL vs. LAUR: Which Stock Is the Better Value Option? || 3 Russell 2000 Stocks We Steer Clear Of || Here’s How Much You Would Have Made Owning Laureate Education Stock In The Last 5 Years - Benzinga || 3 Reasons LAUR is Risky and 1 Stock to Buy Instead - Yahoo Finance || Snow Phipps plans Laureate (NASDAQ: LAUR) stock resale and a 2026 in-kind share distribution under Rule 144. - Stock Titan || Laureate Education (NASDAQ:LAUR) Director Sells $101,143.94 in Stock - MarketBeat || LAUR - Laureate Education Inc Stock Price and Quote - Finviz"
DINO,2026-09-16,HF Sinclair Corporation,Energy,10,google_news|yfinance,positive,True,"Les actualites presentes montrent une tendance croissante de soutien pour l'action HF Sinclair Corporation (DINO), avec des gains de 113,9% en un an, des performances de rendement solides et des analyses positives, ce qui suggere un ton general positif.","Are You Looking for a Top Momentum Pick? Why HF Sinclair (DINO) is a Great Choice || Chevron Targets Argentina, Mediterranean in Global LNG Push || HF Sinclair Rises 113.9% in a Year: Should You Buy, Hold or Sell? || Oil Prices are High, But These 2 Refining Stocks are Still Crushing It || Zacks.com featured highlights include LifeStance Health, Tutor Perini, News, Everus Construction and HF Sinclair || HF Sinclair Rises 113.9% in a Year: Should You Buy, Hold or Sell? - TradingView || HF Sinclair Corporation (DINO) Hit a 52 Week High, Can the Run Continue? - Yahoo Finance || HF Sinclair: The Share Price Can No Longer Be Justified With Mid-Cycle Earnings (Downgrade) - Seeking Alpha || HF Sinclair Stock Climbs 18% On A 8-Day Winning Streak - Trefis || Why HF Sinclair Stock Might be a Great Pick - Yahoo Finance"
4503.T,2026-09-16,Astellas Pharma Inc.,Healthcare,10,google_news|yfinance,positive,True,"Les actualites presentes sont presque toutes positives, avec des informations sur des accords de prix avec des entreprises de pharmacie, des informations sur les resultats financiers et des presentations de l'entreprise, ce qui suggere une perception positive de l'action.","Trump Expands Drug Pricing Deals With 9 Pharma Companies, Bringing Total to 26 — RFK Jr. Details 'Very, Very Emotional' Conversations With President || Trump's MFN Push Goes Beyond Big Pharma, Adds 9 Mid-Sized Drugmakers || Mid-cap biotechs join Trump’s latest round of drug pricing deals || Trump lines up MFN deals with nine mid-size pharmas on drug pricing push || Trump's Pharma Pricing Deal Expands as Healthcare Stocks Keep Climbing || Is Astellas Pharma (ALPMY) Stock Undervalued Right Now? - Yahoo Finance || Enterprise value to revenue forward of Astellas Pharma Inc. – TSE:4503 - TradingView || Astellas Pharma Number of Employees 2026 | Employee Count & Headcount Data - Revelio Labs || Astellas Pharma Inc. Just Recorded A 55% EPS Beat: Here's What Analysts Are Forecasting Next - simplywall.st || Astellas Pharma Inc. (ALPMY) Presents at Jefferies Global Healthcare Conference 2026 - Slideshow - Seeking Alpha"
1590.TW,2026-09-16,Airtac International Group,Industrials,6,google_news|yfinance,positive,True,"L'actualité présente des croissances de revenus et de bénéfices, ainsi que des commentaires positifs de spécialistes financiers sur la stratégie de distribution de l'action.","Airtac International Group (TPE:1590) Q2 2026 Earnings Call Highlights: Robust Growth and ... || AirTAC Capitalizes on Booming Battery Demand - Morningstar || Wasatch International Growth's Top Q2 2026 Move: Exiting Inter & Co Inc at a -2. ... - Yahoo Finance || Airtac International's Revenue Surges 43% in August - marketscreener.com || 1590 Stock Price and Chart — TWSE:1590 - TradingView || [AirTAC International Group FY2026 H1 Earnings Call] H1 Net Profit Up 43% YoY, Institutional Investors Focus on Linear Guide Distribution Strategy and 2027 Resilience - finance.biggo.com"
2303.TW,2026-09-16,United Microelectronics Corporation,Technology,10,google_news|yfinance,positive,True,"Les actualites presentes sont presque toutes positives, avec des mentions de croissance, de gains de parts de marche et de perspectives de croissance pour l'action de United Microelectronics Corporation (UMC).","United Microelectronics Sales Jump 30% in August. UMC Stock Has More Room to Run. || ASE Technology Surges 16% in 3 Months: Time to Hold or Fold the Stock? || Taiwan Semiconductor Retains 73% Foundry Share: Is the Stock a Buy? || If You Have Some ‘Silly’ Money, United Microelectronics (UMC) Stock Is Worth a Look || The Firm That Filed a Bet Against Taiwan Semiconductor Then Launched a Foundry Fund Five Days Later || United Microelectronics Stock Price Forecast. Should You Buy UMC? - StockInvest.us || United Microelectronics Corporation (UMC) is a Great Momentum Stock: Should You Buy? - Yahoo Finance || UMC expected to advance its high-margin PIC business: GF Securities - Seeking Alpha || UMC - United Micro Electronics ADR Stock Price and Quote - Finviz || UMC or LSCC: Which Is the Better Value Stock Right Now? - Eastern Progress"
YETI,2026-09-16,"YETI Holdings, Inc.",Consumer Cyclical,10,google_news|yfinance,neutral,True,"Les actualites presentes sont mixtes, avec des informations sur les resultats financiers de Q2, une vente de parts par le CEO et des commentaires sur la valeur de l'action.","Reflecting On Consumer Discretionary - Leisure Products Stocks’ Q2 Earnings: YETI (NYSE:YETI) || Why Yeti Stock Swooned in August || Is YETI Holdings (YETI) Cheap On Its Pullback Despite The CEO Vesting Share Sale? || 1 of Wall Street’s Favorite Stocks to Keep an Eye On and 2 We Turn Down || CEO Sells Over 4,000 Shares of Consumer Stock, Valued at Over $185,000 || A Look at YETI Holdings Inc (YETI) After 3.5% Decline -- GF Value $50.20 vs Price $39.39 - GuruFocus || ETFs Investing in YETI Holdings, Inc. Stocks - TradingView || Tidal Investments LLC Trims Holdings in YETI Holdings, Inc. $YETI - MarketBeat || YETI Holdings, Inc. Q2 2026 Earnings Call Summary - Yahoo Finance || YETI Holdings Inc. (YETI) Key Financial Ratios – Valuation, Profitability & More - Value Research"
2503.T,2026-09-16,"Kirin Holdings Company, Limited",Consumer Defensive,10,google_news|yfinance,positive,True,"Les actualites presentes sont presque toutes positives, avec des mentions de croissance, de diversification, de renforcement de la position de Kirin Holdings sur le marché et de son engagement en faveur de la transformation digitale.","Why spirits slowdown could prompt majors to diversify || Assessing Kirin Holdings (TSE:2503) Valuation After Recent Share Price Momentum || Kirin launches RTD brand Hyoketsu in US || Is It Time To Reassess Kirin Holdings Company (TSE:2503) After Its Strong 1‑Year Share Price Run? || 3 Reasons Growth Investors Will Love Kirin (KNBWY) || Kirin Holdings Selected as a ""DX Stock 2026"" for Commitment to Digital Transformation - Kirin Holdings Company, Limited || Kirin Holdings Company, Limited 2026 Q2 - Results - Earnings Call Presentation (OTCMKTS:KNBWY) 2026-08-09 - Seeking Alpha || The Strong Earnings Posted By Kirin Holdings Company (TSE:2503) Are A Good Indication Of The Strength Of The Business - simplywall.st || Jamieson Wellness Enters into Definitive Agreement to be Acquired by Kirin in C$2.5 Billion Transaction - PR Newswire Canada || Kirin stock steadies as Tokyo peers slide - ad-hoc-news.de"
4507.T,2026-09-16,"Shionogi & Co., Ltd.",Healthcare,10,google_news|yfinance,positive,True,"L'actualité présente plusieurs éléments positifs, tels que le report d'une ","Shionogi & Co., Ltd. Unsponsored ADR (SGIOY) Beats Q1 Earnings Estimates || United Therapeutics (UTHR) Earnings Expected to Grow: What to Know Ahead of Q2 Release || Shionogi & Co., Ltd. Unsponsored ADR (SGIOY) to Report Q1 Results: Wall Street Expects Earnings Growth || Shionogi (TSE:4507) Valuation Check As XOCOVA Wins First US FDA Approval For COVID 19 Post Exposure Prophylaxis || Akebia Therapeutics (AKBA) Reports Q1 Loss, Misses Revenue Estimates || Shionogi Selected as a “DX Stock 2026”｜ 塩野義製薬 - Shionogi Inc. || Shionogi & Co., Ltd. Unsponsored ADR (SGIOY) Beats Q1 Earnings Estimates - Yahoo Finance || Shionogi & Co., Ltd. Revenue Breakdown – TSE:4507 - TradingView || US regulator approves oral drug from Japan's Shionogi to prevent COVID-19 - Reuters || Board of Directors and Executive Officers - jpx.co.jp"
2548.TW,2026-09-16,"Huaku Development Co., Ltd.",Real Estate,4,google_news,positive,True,"L'actualité mentionne une nouvelle stratégie commerciale positive et une augmentation des actions du marché, indiquant un ton positif pour l'action de Huaku Development Co., Ltd.","Price to earnings forward of Huaku Development Co., Ltd. – TWSE:2548 - TradingView || [Huaku Development FY2026 Q3 Earnings Call] Commercial Office Pivot: Huaku Times Place Abandons Whole-Building Sale for Stratified Sales, Aims to Recognize Half of Revenue This Year; NT$5 Dividend Floor Reaffirmed - finance.biggo.com || 2548 Stock Price and Chart — TWSE:2548 - TradingView || Taiwan shares higher at close of trade; Taiwan Weighted up 0.12% By Investing.com - Investing.com UK"
3044.TW,2026-09-16,Tripod Technology Corporation,Technology,5,google_news,positive,True,"Aucune information négative ou neutre est présente dans les actualités fournies, les articles semblent présenter des informations positives sur la société Tripod Technology Corporation.","3044 Stock Price and Chart — TWSE:3044 - TradingView || Tripod Technology Corporation Reports Earnings Results for the Full Year Ended December 31, 2022 - marketscreener.com || Technical Analysis of Tripod Technology Corporation (TWSE:3044) - TradingView || Asian Market's Hidden Gems: 3 Stocks Priced Below Estimated Value - simplywall.st || 6274 Stock Price and Chart — TPEX:6274 - TradingView"
YUMC,2026-09-16,"Yum China Holdings, Inc.",Consumer Cyclical,9,google_news|yfinance,positive,True,"Les actualites recentes sur Yum China Holdings, Inc. (YUMC) suggèrent une tendance à la hausse, avec des analystes upgradeant leurs estimations de chiffre d'affaires et des signaux de revers de tendance, ce qui pourrait indiquer un changement de ton pour l'action.","The Bull Case For Yum China Holdings (YUMC) Could Change Following Analyst Upgrades Amid Oversold Signals || Yum China (YUMC) Loses 11% in 4 Weeks, Here's Why a Trend Reversal May be Around the Corner || 3 Stocks Under $50 We’re Skeptical Of || Is Yum China (YUMC) a Solid Growth Stock? 3 Reasons to Think ""Yes"" || 1 Restaurant Stock to Consider Right Now and 2 That Underwhelm || Yum China (NYSE: YUMC) exec turns RSUs into shares, uses 594 to cover taxes - Stock Titan || YUMC - Yum China Holdings Inc Stock Price and Quote - Finviz || Yum China Holdings, Inc. Stock 12‑Month Price Target Raised to $60.24, Implies 31% Upside - TradingView || Is Yum China Holdings Inc (YUMC) a Bargain After 4.8% Drop? GF V - GuruFocus"
BVS,2026-09-16,Bioventus Inc.,Healthcare,10,google_news|yfinance,positive,True,"Les actualites recentes sur Bioventus Inc. (BVS) suggèrent une tendance positive, avec des performances solides en termes de ventes et de bénéfices, ainsi que des recommandations de poursuite de l'action en raison de sa valeur relative et de son potentiel de croissance.",Are Medical Stocks Lagging  Bioventus (BVS) This Year? || 4 Healthcare Stocks to Safeguard Your Portfolio as Fed Plans Rate Hike || Bioventus (BVS) Q2 2026 Earnings Call Transcript || Bioventus (BVS) Stock Still Looks Like A Bargain On Earnings || The Bull Case For Bioventus (BVS) Could Change Following Its Q2 Earnings Surge And Reaffirmed 2026 Guidance || Is Bioventus (BVS) Stock Undervalued Right Now? - Yahoo Finance || BVS - Finviz || BVS Forecast — Price Target — Prediction for 2027 - TradingView || Bioventus schedules Aug. 5 call to discuss second-quarter results - Stock Titan || Bioventus: I See A Better Business Trading At A Fair Price (Upgrade) (NASDAQ:BVS) - Seeking Alpha
NDX1.DE,2026-09-16,Nordex SE,Industrials,10,google_news|yfinance,positive,True,"L'action de Nordex SE a connu une augmentation de 228% sur les trois dernières années, et les actualités récentes soulignent des gains de vent, des nouveaux ordres et une augmentation des bénéfices, ce qui suggère un ton général positif pour l'action.","Nordex secures 525MW turbine order from Türkerler || Nordex (XTRA:NDX1) Stock Still Looks Discounted As A 228% Gain Tests Fair Value || Nordex (XTRA:NDX1) Could Be 18% Below Fair Value On Half Year 2026 Earnings || Nordex Group secures new US orders totalling more than 480 MW || Nordex Doubles Q2 EBITDA and Confirms 2026 Outlook on Strong Order Growth || Weekly Recap: DWS 3%+ stake in Nordex SE and bullish US power thesis - TradingView || Nordex stock falls despite Bank of America raising price target to 54 euros - ad-hoc-news.de || Nordex SE celebrates 25 years as a listed company - Nordex SE || Germany's Nordex tops profit forecast on strong wind demand, shares jump - Reuters || Nordex Stock Forecast 2026–2030 | Future Outlook - Capital.com"
TILE,2026-09-16,"Interface, Inc.",Consumer Cyclical,10,google_news|yfinance,positive,True,"L'actualité présente plusieurs articles positifs sur l'action Interface, Inc. (TILE), tels que des analyses favorables, des recommandations d'achat et des aquisitions de parts par des institutions, ce qui suggère un ton général positif.","Unpacking Q2 Earnings: Interface (NASDAQ:TILE) In The Context Of Other Business Services & Supplies Stocks || 1 Russell 2000 Stock to Consider Right Now and 2 That Underwhelm || 1 Stock Under $50 to Keep an Eye On and 2 We Ignore || 2 Profitable Stocks for Long-Term Investors and 1 Facing Challenges || Caesarstone’s Premium Multi-Material & Differentiated Model Proposition – Initiation Report || Insider at Interface (TILE) sells 28,451 shares under trading plan - Stock Titan || Interface (TILE) is a Great Momentum Stock: Should You Buy? - Yahoo Finance || TILE - Interface Inc Stock Price and Quote - Finviz || Man Group plc Purchases New Shares in Interface, Inc. $TILE - MarketBeat || Interface's Surge Doesn't Necessitate A Downgrade Yet (NASDAQ:TILE) - Seeking Alpha"
UFCS,2026-09-16,"United Fire Group, Inc.",Financial Services,10,google_news|yfinance,positive,True,"L'action de United Fire Group, Inc. (UFCS) a atteint un nouveau record de hauteur à 52 semaines, ce qui suggère une tendance positive et une confiance croissante des investisseurs.","Are Investors Undervaluing United Fire Group (UFCS) Right Now? || United Fire Group, Inc (UFCS) Hit a 52 Week High, Can the Run Continue? || UVE Stock Gains 71.4% in a Year: Time to Add It for Better Returns? || United Fire Group (UFCS) Q2 2026 Earnings Call Transcript || Is United Fire Group (UFCS) Stock Undervalued Right Now? || United Fire Group, Inc (UFCS) Hit a 52 Week High, Can the Run Continue? - Yahoo Finance || Have Insiders Sold United Fire Group Shares Recently? - webull.com || Have Insiders Sold United Fire Group Shares Recently? - simplywall.st || United Fire Group (NASDAQ:UFCS) Sets New 52-Week High - Should You Buy? - MarketBeat || Director at United Fire Group (UFCS) sells 9,777 shares - Stock Titan"
SENEB,2026-09-16,Seneca Foods Corporation,Consumer Defensive,10,google_news|yfinance,positive,True,"Les actualites presentes sont presque toutes positives, avec des mentions de croissance, d'acquisitions et de valeurs sous-estimees, ce qui suggere un ton general positif pour l'action.","Jim Cramer Likes Seneca Foods (SENEA) But is Hoping For a Pullback || Seneca Foods (SENEA) Sees Sales and Earnings Climb Amid Mixed Margin Signals || Why Seneca Foods Looks Ripe For A Takeover || Seneca Stock Gains Following Q1 Earnings, Sales Increase Y/Y || The Zacks Analyst Blog Highlights Apple, Shell, Toyota, Seneca and Value Line || Jim Cramer Likes Seneca Foods (SENEA) But is Hoping For a Pullback - Yahoo Finance || Senior Vice President of Sales & Marketing Dean Erstad Sold A Bunch Of Shares In Seneca Foods - webull.com || Even After Doubling, Seneca Foods Corporation Offers Tasty Upside (NASDAQ:SENEA) - Seeking Alpha || Seneca Foods (NASDAQ: SENEA) officer to sell 1,587 shares - Stock Titan || Seneca Foods stock up 107.5% since June 2023 on strong growth and acquisitions, still undervalued. - Pluang"
FHI,2026-09-17,"Federated Hermes, Inc.",Financial Services,10,google_news|yfinance,positive,True,"Les actualites presentes sont principalement positives, avec des articles qui mettent en avant les avantages de l'action de Federated Hermes, Inc. (FHI) en termes de dividendes, de croissance et de valeur, ce qui suggere un ton general positif.","This is Why  Federated Hermes (FHI) is a Great Dividend Stock || 3 Market-Beating Stocks on Our Buy List || FHI vs. CNS: Which Stock Is the Better Value Option? || Ares Management Up 28.8% in 6 Months: How to Approach the Stock Now || Federated Hermes' APAC Tokenization Push: A New AUM Growth Lever? || This is Why Federated Hermes (FHI) is a Great Dividend Stock - Yahoo Finance || Federated Hermes (NYSE: FHI) exec plans $275,800 stock sale - Stock Titan || Federated Hermes, Inc. Stock 12‑Month Price Target Raised to $59.14, Implies 1% Downside - TradingView || Federated Hermes: Shifting To Higher-Fee Products (NYSE:FHI) - Seeking Alpha || FHI - Federated Hermes Inc Stock Price and Quote - Finviz"
FRSH,2026-09-17,Freshworks Inc.,Technology,10,google_news|yfinance,positive,True,"Les actualites recentes sur Freshworks Inc. (FRSH) suggererent des investissements et des analyses positives, avec des mentions de stocks qui 'tradin up', de 'growth boosts' et de 'catalysts' pour la suite de l'action.","Atlassian, Palo Alto Networks, SentinelOne, monday.com, and Freshworks Stocks Trade Up, What You Need To Know || 1 Stock Under $50 Worth Investigating and 2 That Underwhelm || 2 Growth Stocks with Explosive Upside and 1 Facing Challenges || Freshworks (FRSH) Stock Looks Priced At A Premium To Fair Value || 2 Cash-Producing Stocks to Consider Right Now and 1 We Brush Off || Freshworks: GAAP Profitability Is The Next Catalyst For This Undervalued SaaS Stock (NASDAQ:FRSH) - Seeking Alpha || Is Freshworks Inc. (FRSH) A Good Stock To Buy Now? - Yahoo Finance || Freshworks Stock Drops 32% in 2026: Why the Math Still Supports a 120% Total Return - TIKR.com || Freshworks stock hits 52-week high at 13.77 USD - Investing.com || Freshworks Inc. (FRSH) CTO Manning Ryan files Form 3 showing no stock ownership - Stock Titan"
9939.TW,2026-09-17,"Taiwan Hon Chuan Enterprise Co., Ltd.",Consumer Cyclical,5,google_news,negative,True,"Aucune information positive ou neutre n'est disponible dans les actualités fournies, les données sont limitées à des informations financières et des données démographiques sans contexte.","Taiwan Hon Chuan Enterprise Co., Ltd. Income Statement – TWSE:9939 - TradingView || 9939 Stock Price and Chart — TWSE:9939 - TradingView || International Packaging Number of Employees 2026 | Employee Count & Headcount Data - Revelio Labs || FTG Holdings Ltd Stock (FTGH) - Quote Nairobi S.E. - marketscreener.com || Technical Analysis of Taiwan Hon Chuan Enterprise Co., Ltd. (TWSE:9939) - TradingView"
1802.T,2026-09-17,Obayashi Corporation,Industrials,10,google_news|yfinance,positive,True,"L'acquisition de Multiplex par Obayashi pour 650 millions de dollars et la croissance de l'entreprise, ainsi que les résultats financiers positifs, suggèrent un ton positif pour l'action.","Brookfield agrees to divest builder Multiplex to Obayashi for $650m || Brookfield Business Selling Multiplex to Japan's Obayashi For $650 Million || Soft China Economic Reports Roil Asian Stock Markets || Obayashi (TSE:1802) Valuation Check After Strong 1 Year Shareholder Returns || This Khosla-backed autonomous pod startup just raised $170M — now it’s aiming for more || Obayashi Corporation Revenue Breakdown – TSE:1802 - TradingView || Acquisition of Multiplex Global Limited, a Company Operating Construction Businesses in Australia, the UK and Canada - obayashi.co.jp || Japan’s Obayashi to acquire Multiplex from Brookfield for $526 mln By Investing.com - Investing.com Nigeria || Brookfield agrees to sell construction unit Multiplex for $650M - Stock Titan || Obayashi Enters Toll Road Concession Business in Jakarta, Indonesia | News | Obayashi Global - obayashi.co.jp"
2404.TW,2026-09-17,"United Integrated Services Co., Ltd.",Industrials,5,google_news,neutral,True,"L'actualité fournie ne contient pas de commentaires ou d'informations significatives sur l'action de United Integrated Services Co., Ltd. (2404.TW) qui pourraient influencer le ton général.","2404 Stock Price and Chart — TWSE:2404 - TradingView || Taiwan stocks higher at close of trade; Taiwan Weighted up 0.91% - Investing.com || TSMC 2024 Supply Chain Management Forum Presents Awards to Outstanding Suppliers - pr.tsmc.com || Wasatch Emerging Markets Select Fund Q2 2026 Commentary (undefined:WAESX) - Seeking Alpha || NV5 Global, Inc.: Shareholders Board Members Managers and Company Profile | US62945V1098 - marketscreener.com"
MD,2026-09-17,"Pediatrix Medical Group, Inc.",Healthcare,9,google_news|yfinance,positive,True,"Les actualites presentes sont presque toutes positives, avec des mentions de croissance des resultats financiers, d'une valeur stock et de classement en croissance, ce qui suggere un ton general positif pour l'action de Pediatrix Medical Group, Inc.","Pediatrix (MD) Grows Earnings Even As Patient Volumes Keep Falling || 3 Stocks Under $50 with Questionable Fundamentals || 1 Cash-Producing Stock to Research Further and 2 Facing Challenges || Cencora (COR) Up 3.8% Since Last Earnings Report: Can It Continue? || Pediatrix Medical Group (MD) Up 3.4% Since Last Earnings Report: Can It Continue? || Director at Pediatrix (NYSE: MD) sells 6,000 shares to issuer - Stock Titan || MD - Pediatrix Medical Group Inc Stock Price and Quote - Finviz || Pediatrix Medical Group (NYSE:MD): A Decent Value Stock at a Discount - ChartMill || Pediatrix Medical Group (MD) is a Top-Ranked Growth Stock: Should You Buy? - Eastern Progress"
ASM.AS,2026-09-17,ASM International NV,Technology,10,google_news|yfinance,positive,True,"L'action ASM International NV a connu une augmentation de son prix après la fin de son programme de rachat d'actions pour 150 millions d'euros, ce qui suggère une confiance accrue dans la capacité de la société à générer des revenus.","ASM International (ENXTAM:ASM) Stock May Sit Above Fair Value On Cash Flow || Chip Stocks Mixed After Monday Rout || European Chip Stocks Mixed After Monday Rout || Tech, Media & Telecom Roundup: Market Talk || Chip Stocks Tumble After AI Leaders Call for Slowdown in Development || ASM finishes its €150 million plan to buy back shares for employee and board programs - Stock Titan || ASM International NV - Via Ritzau || ASM share buyback update August 31 – September 4, 2026 - Yahoo Finance || ASM stock gains support as EUR 150 million buyback program is completed - ad-hoc-news.de || ASM International NV's Equity Buyback announced on March 3, 2026, has closed with 185,522 shares, representing 0.38% for ?150 million. - marketscreener.com"
PATH,2026-09-17,"UiPath, Inc.",Technology,10,google_news|yfinance,,True,"Bien que UiPath ait reçu un Leader status pour la deuxième année consécutive dans le Magic Quadrant de Gartner, son action a connu une baisse de 3% après une publication de résultats financiers, ce qui suggère une certaine incertitude sur son histoire de croissance.","SoundHound AI Drops 4% as Selling Concentrates in Speculative Software Names; UiPath Falls 3%, C3.ai Dips || PATH's 21% Rise in Million-Dollar Customers is the Number to Watch || UiPath (PATH) Is A Gartner Leader For A Second Straight Year || Asana, Tenable, UiPath, Guidewire Software, and Pegasystems Shares Are Soaring, What You Need To Know || C3.ai Jumps 7% as Software Rally Lifts Beaten-Down AI Names; UiPath Climbs 8%, SoundHound AI Gains 5% || UiPath PATH Stock Sinks As Traders Question AI Growth Story - StocksToTrade || UiPath PATH Stock Slumps As Traders Question AI Growth Story - timothysykes.com || UiPath, Inc. (PATH) Stock Has AI Potential, But Slowing Growth Keeps Investors Cautious - Yahoo Finance || UiPath Reports Second Quarter Fiscal 2027 Financial Results - UiPath || PATH Stock Slides As Traders Question AI Growth Story - timothysykes.com"
GL,2026-09-17,Globe Life Inc.,Financial Services,10,google_news|yfinance,neutral,True,"Bien que certaines actualités mentionnent des gains et des performances positives, d'autres soulignent les défis et les préoccupations liées à l'action, ce qui équilibre le ton général.",Life Insurance Stocks Q2 Recap: Benchmarking Globe Life (NYSE:GL) || Globe Life Co-CEOs Matt Darden + Frank Svoboda Discuss Company’s Texas Strategy || NYSE Texas Office Opening: Globe Life Co-CEOs Cover Lone Star State Importance || 3 Insurance Stocks We Keep Off Our Radar || Want Double-Digit Gains From Insurance Stocks? Morgan Stanley Suggests 2 Names to Consider || Globe Life Inc. stock underperforms Monday when compared to competitors despite daily gains - MarketWatch || Globe Life stock holds steady as investors weigh recent earnings and dividend strength - ad-hoc-news.de || 3 Reasons to Avoid GL and 1 Stock to Buy Instead - Yahoo Finance || Here’s How Much You Would Have Made Owning Globe Life Stock In The Last 15 Years - Benzinga || GLOBE LIFE INC. REPORTS SECOND QUARTER 2026 RESULTS - PR Newswire
GEO,2026-09-17,"The GEO Group, Inc.",Industrials,10,google_news|yfinance,positive,True,"Les actualites presentes sont presque toutes positives, avec des mentions de croissance, de croissance des revenus et de renforcement des prospects, avec quelques mentions de risques, mais globalement le ton est positif.","Here's Why Investors Should Retain Global Payments Stock for Now || ICFI Stock Rises 22% in 3 Months: Here's What You Should Know || Strong Engagement & Contract Value Strengthen Gartner's Prospects || Geo Group (GEO) Is a Great Choice for 'Trend' Investors, Here's Why || 2 Growth Stocks with All-Star Potential and 1 We Question || The GEO Group Reports First Quarter Results and Increases Full Year 2026 Guidance | The GEO Group, Inc. - The GEO Group || The GEO Group Announces Date for Second Quarter 2026 Earnings Release and Conference Call - Yahoo Finance || Government Contract Update: $36M payment to THE GEO GROUP, INC - Quiver Quantitative || The GEO Group Reports Third Quarter 2025 Results and Increases Share Repurchase Authorization to $500 Million - The GEO Group || GEO - Geo Group Inc Stock Price and Quote - Finviz"
ABEV3.SA,2026-09-17,Ambev S.A.,Consumer Defensive,10,google_news|yfinance,positive,True,"Les actualites presentes montrent un ton positif, avec des crescences de revenue et d'EPS, ainsi qu'une expansion de marges, ce qui suggere une performance solide de l'action.","Ambev (ABEV) Q2 2026 Earnings Call Transcript || Ambev SA (ABEV) (Q2 2026) Earnings Call Highlights: Strong Beer Growth and Digital Expansion ... || Ambev Q2 Earnings Call Highlights || CCU vs. ABEV: Which Stock Should Value Investors Buy Now? || PepsiCo Q2 Earnings Beat on Volume Gains & International Strength || Stock options running to 2029 for Ambev (NYSE: ABEV) logistics VP - Stock Titan || Ambev (ABEV) is an Incredible Growth Stock: 3 Reasons Why - Yahoo Finance || Cook & Bynum Capital Management LLC Buys Shares of 1,354,009 Ambev S.A. $ABEV - MarketBeat || ABEV - Ambev SA ADR Stock Price and Quote - Finviz || Ambev SA Stock (ABEV) Moved Up by 17.24% on May 5: Key Drivers Unveiled - TradingKey"
GEV,2026-09-17,GE Vernova Inc.,Industrials,10,google_news|yfinance,positive,True,"Les actualites presentes sont presque toutes positives, avec des mentions de progres, de croissance et de gains pour l'action GE Vernova Inc. (GEV), avec un ton general positif et optimiste.","Why GE Vernova Stock Crushed it on Wednesday || GE Vernova (GEV) Stock Is Up, What You Need To Know || GEV Stock Jumps After GE Vernova CEO Touts This Milestone || GE Vernova rebounds 6% after earlier sell-off || GE Vernova Climbs 5% as CEO Sees Backlog Hitting $200B Early; Eaton and Quanta Services Edge Higher || Is Trending Stock GE Vernova Inc. (GEV) a Buy Now? - Yahoo Finance || GE Vernova Stock Gains Following Bullish Executive Commentary at Morgan Stanley Conference - Benzinga || GE Vernova Surges As Massive Backlog Sparks Investor Buzz - TipRanks || Is GE Vernova (GEV) Stock Above Fair Value After A 39% Gain? - Yahoo Finance || Why GE Vernova (GEV) Stock Is Nosediving - Yahoo Finance"
SNA,2026-09-17,Snap-on Incorporated,Industrials,10,google_news|yfinance,positive,True,"Bien que certaines actualités mentionnent des risques et des préoccupations, le ton général est dominé par des éléments positifs, tels que la croissance des revenus, la performance des analystes et les initiatives de croissance de l'entreprise.","3 Reasons SNA is Risky and 1 Stock to Buy Instead || Are Wall Street Analysts Bullish on Snap-on Stock? || Snap On (SNA) Beat Expectations, Is The Stock Fully Priced? || Spotting Winners: Snap-on (NYSE:SNA) And Professional Tools and Equipment Stocks In Q2 || Can Snap-on's RCI Execution and Innovation Sustain Growth? || Snap-On Incorporated $SNA Shares Purchased by Corient Private Wealth LP - MarketBeat || Snap-On: The Growth Engine Is Shifting, But 19x Earnings Still Prices In A Lot (NYSE:SNA) - Seeking Alpha || Is Snap-on Stock a Buy as Strong Margins Meet a Premium Valuation? - Yahoo Finance || Snap-on Incorporated Declares Quarterly Dividend; Announces $500 Million Share Repurchase Authorization - Business Wire || Engineers Gate Manager LP Makes New $2.78 Million Investment in Snap-On Incorporated $SNA - MarketBeat"
AMN,2026-09-17,"AMN Healthcare Services, Inc.",Healthcare,10,google_news|yfinance,positive,True,"Les actualites presentes sont presque toutes positives, avec des mentions de croissance, de profit, de croissance des revenus et de croissance des actions, ce qui suggere un ton general positif pour l'action AMN Healthcare Services, Inc.",How AMN’s Nurse and Allied Rebound Amid Segment Weakness Has Changed Its Investment Story (AMN) || Implied Volatility Surging for AMN Healthcare Stock Options || AMN Healthcare (AMN) Swings To Profit While Two Segments Keep Sliding || Here's Why You Should Retain AMN Stock in Your Portfolio for Now || 3 Reasons to Avoid AMN and 1 Stock to Buy Instead || Amn Healthcare Services Stock Price Forecast. Should You Buy AMN? - StockInvest.us || Implied Volatility Surging for AMN Healthcare Stock Options - Zacks Investment Research || Is AMN Healthcare Services (AMN) Stock Outpacing Its Business Services Peers This Year? - Yahoo Finance || A Look at AMN Healthcare Services Inc (AMN) After 3.8% Decline -- GF Value $29.72 vs Price $33.05 - GuruFocus || 58% of executives rate leadership effective. Only 28% of frontline workers agree. - Stock Titan
AMZN,2026-09-17,"Amazon.com, Inc.",Consumer Cyclical,10,google_news|yfinance,neutral,True,"Bien que plusieurs actualités mentionnent des problèmes ou des risques pour certaines entreprises, comme Tesla et Home Depot, l'actualité sur Amazon est relativement neutre, avec des informations sur une nouvelle deal avec Generac et une acquisition de parts par NWK Group Inc.","Tesla must prove Cybercab is legal to sell, NHTSA says || How worried should software, semiconductor stocks be about AI risks? || What Has Home Depot Stopped Telling You About Where Its Goods Come From? || The Next Short? Economist Compares Hyperscaler AI Debt Stress to 2008 Housing Collapse || Generac Stock Soars on Amazon Generator Deal || Amazon (AMZN) Dips More Than Broader Market: What You Should Know - Yahoo Finance || What's Going On With Amazon Stock Today? - Benzinga || Wall Street analyst sets Amazon stock price target for 12 months - Finbold || The Trade Desk vs. Amazon: Which Ad-Tech Stock Is the Smarter Pick? - TradingView || 65,135 Shares in Amazon.com, Inc. $AMZN Acquired by NWK Group Inc. - MarketBeat"
AMAT,2026-09-17,"Applied Materials, Inc.",Technology,10,google_news|yfinance,neutral,True,"Les actualites presentes sont mixtes, avec des informations positives (accord de Michael Burry, historique de baisse des prix) et negatives (dip, downgrade, ventes en baisse), ce qui suggere un ton neutre.","Michael Burry reveals his verdict on the ongoing AI bubble || Is This Applied Materials Dip The Same Bet It Used To Be? || AMAT vs. LRCX: Which WFE Stock is a Safer Bet Right Now? || ACLS Falls 22.4% in Past Month as Recovery Meets Fresh Margin Pressure || Should Investors Buy ACLS as Growth Returns Despite Premium Valuation? || Applied Materials, Lam Research, Monolithic Power Systems, Marvell Technology, and MACOM Shares Are Falling, What You Need To Know - Yahoo Finance || Applied Materials Inc. stock underperforms Monday when compared to competitors - MarketWatch || Applied Materials Sinks After Downgrade And Insider Selling - TipRanks || Applied Materials Shares Fall 5.8% as Semiconductor Stocks Decline - Yahoo Finance || Is Trending Stock Applied Materials, Inc. (AMAT) a Buy Now? - Yahoo Finance"
GOOGL,2026-09-17,Alphabet Inc.,Communication Services,10,google_news|yfinance,positive,True,"Les actualites presentes sont presque toutes positives, avec des annonces de croissance et de developpement pour Alphabet Inc., notamment l'expansion de Waymo et la croissance du chiffre d'affaires, ainsi que des opinions positives des analystes et des investisseurs sur l'action.","Tesla must prove Cybercab is legal to sell, NHTSA says || S&P 500, Nasdaq, Dow Futures Inch Higher As Investors Digest First Rate Hike Since 2023 — INTC, GOOGL, AAPL, SKHY, UAL In Focus || The Next Short? Economist Compares Hyperscaler AI Debt Stress to 2008 Housing Collapse || Waymo Expands Robotaxi Battle to Las Vegas — Alphabet-Backed Service Plans Unsupervised Tokyo Launch in 2027, Taking on Uber || Google should appoint antitrust compliance officer, US judge says in ad tech case || Alphabet (GOOG) Surges 24% as Revenue Growth Soars — But Is $190 Billion in Capex Too Much? - Yahoo Finance || Why Google and Meta Stocks Are the Big Winners From the Latest AI Concerns - Barron's || Alphabet Has 50% Upside and the Cheapest Multiple of the Big Six - 24/7 Wall St. || 2 Numbers Matter More to Alphabet Stock's Performance Than Anything Else Right Now - Yahoo Finance || I Keep Buying Alphabet Hand Over Fist Becuase The Skeptics Are Wrong - 24/7 Wall St."
URBN,2026-09-17,"Urban Outfitters, Inc.",Consumer Cyclical,9,google_news|yfinance,positive,True,"Les actualites presentes sont presque toutes positives, avec des mentions de performances solides, d'une valeur comparative avec d'autres actions, d'une valeur comparative avec d'autres entreprises du secteur, et des analyses positives de la part de plusieurs sources.","Is Urban Outfitters (URBN) Outperforming Other Retail-Wholesale Stocks This Year? || Zacks Industry Outlook Urban Outfitters, Abercrombie & Fitch, Victoria's Secret and Boot Barn || URBN or ZGN: Which Is the Better Value Stock Right Now? || Urban Outfitters, Tilly's, and Kohl's Shares Skyrocket and Plummet, What You Need To Know || Reformation Reports Double-Digit Income & Revenue Growth || Urban Outfitters, Inc. $URBN Shares Sold by Hsbc Holdings PLC - MarketBeat || Urban Outfitters (NASDAQ:URBN): A Decent Value Play with a Debt-Free Edge - ChartMill || Is Urban Outfitters Inc (URBN) Overvalued After 3.9% Rally? GF V - GuruFocus || Urban Outfitters Is Firing On All Cylinders (Upgrade) - Seeking Alpha"
1878.T,2026-09-17,"Daito Trust Construction Co.,Ltd.",Real Estate,5,google_news,positive,True,"L'action de Daito Trust Construction Co.,Ltd. a connu plusieurs actualités positives, telles que la lancement de nouveaux projets de développement communautaire et l'expansion de ses activités en Amérique du Nord.","Daito Trust Construction Co.,Ltd. 2027 Q1 - Results - Earnings Call Presentation (OTCMKTS:DIFTY) 2026-08-01 - Seeking Alpha || Daito Trust Construction launches purchase, renovation, and resale business in Texas to expand its business in North America - kentaku.co.jp || Daito Trust Construction concludes agreement on transfer of shares in the Coastline Group (Los Angeles, California, USA) - kentaku.co.jp || Top Global Dividend Stocks For July 2026 - webull.com || Daito Trust Construction to launch the Takaoka Ejiri Center Project (tentative name) as its first community development project - kentaku.co.jp"
DCI,2026-09-17,"Donaldson Company, Inc.",Industrials,10,google_news|yfinance,neutral,True,"Les actualites presentent des informations contradictoires sur l'action, avec des points positifs (gain de 9,1% sur 12 mois, acquisition par les California State Teachers Retirement System) et des points négatifs (faible croissance sur 6 mois, risque de baisse de 20% par rapport à son high de 52 sem","Is The Buyback The Reason To Own Lincoln Electric Stock? || Should You Buy Donaldson Stock While Its Share Count Stops Shrinking? || 3 Reasons DCI is Risky and 1 Stock to Buy Instead || CECO Gains From Strength in Engineered Systems: Can the Momentum Last? || 1 Mid-Cap Stock on Our Watchlist and 2 We Avoid || California State Teachers Retirement System Purchases 2,546 Shares of Donaldson Company, Inc. $DCI - MarketBeat || Donaldson Company Stock Price Forecast. Should You Buy DCI? - StockInvest.us || Donaldson Company, Inc. (NYSE:DCI) Given Consensus Rating of ""Moderate Buy"" by Brokerages - MarketBeat || Is Now The Time To Look At Buying Donaldson Company, Inc. (NYSE:DCI)? - moomoo.com || Donaldson (NYSE: DCI) officer plans roughly $195K stock sale - Stock Titan"
5706.T,2026-09-17,"Mitsui Kinzoku Company, Limited",Industrials,10,google_news|yfinance,neutral,True,"Les actualites presentes sont mixtes, avec des informations sur des deals et des investissements, mais aussi sur des problemes de sentiment dans le secteur des semi-conducteurs et des prix des matieres premieres.","European Stocks Mixed, Chip Stocks Slide || Gelion CEO says £2m Mitsui Kinzoku deal will help develop and scale up sulfur battery tech || U.S. Chip Stocks Suffering from Fragile Investor Sentiment || Earnings, Crude Prices Roil Asian Stock Markets || Persian Gulf, Oil Price Outlooks Buoy Asian Stocks Markets || Mitsui Kinzoku Company, Limited 2027 Q1 - Results - Earnings Call Presentation (OTCMKTS:MMSMY) 2026-08-11 - Seeking Alpha || Execution of a Memorandum of Understanding Concerning the Integration … | News | Mitsubishi Materials Corporation - mmc.co.jp || Hi-Lex Corporation completed the acquisition of Mitsui Kinzoku ACT Corporation from Mitsui Mining & Smelting Co., Ltd. for ¥13.3 billion. - marketscreener.com || Precise Corporation Public Company Limited (PCC.BK) Stock Price, News, Quote & History - Yahoo Finance || Solid Electrolyte Material for Batteries Market Size and Growth Analysis 2026 to 2035 - Insightace Analytic"
THG,2026-09-17,"The Hanover Insurance Group, Inc.",Financial Services,10,google_news|yfinance,positive,True,"Les actualites recentes sur The Hanover Insurance Group, Inc. (THG) suggererent des mouvements positifs, tels que des actions de vente de parts par des gestionnaires, des analyses de dividendes et des articles sur les stocks en mouvement, ce qui indique un ton general positif.","4 Stocks Trading Near 52-Week High With More Upside Potential || Hanover Insurance Group (THG) Climbed, So What Is Driving Attention Now? || The Hanover Insurance Group Inc's Dividend Analysis || Are You Looking for a Top Momentum Pick? Why Hanover Insurance Group (THG) is a Great Choice || Should Value Investors Buy The Hanover Insurance Group (THG) Stock? || Engineers Gate Manager LP Sells 45,024 Shares of The Hanover Insurance Group, Inc. $THG - MarketBeat || The Hanover Insurance Group Inc's Dividend Analysis - Yahoo Finance || Hanover Insurance Group Insiders Sell US$3.5m Of Stock, Possibly Signalling Caution - moomoo.com || 4 Stocks Trading Near 52-Week High With More Upside Potential - TradingView || Should Value Investors Buy The Hanover Insurance Group (THG) Stock? - Yahoo Finance"
JAZZ,2026-09-17,Jazz Pharmaceuticals plc,Healthcare,10,google_news|yfinance,positive,True,"Les actualites presentes sont presque toutes positives, avec des mentions de performances solides, de nouveaux trials en cours, de prix de cotation en augmentation et de recommandations de buy de la part des analystes.","Jazz Pharmaceuticals (JAZZ) Eyes Ziihera Trials In Breast Colorectal And Lung Cancer || 3 Cash-Producing Stocks We’re Skeptical Of || 2 Reasons to Avoid JAZZ and 1 Stock to Buy Instead || Jazz Pharmaceuticals Sees Meaningful Long-Term Value From Ziihera's Pursuits Beyond GEA, UBS Says || 1 Value Stock with Exciting Potential and 2 We Brush Off || Children in an early trial had fewer seizures. Jazz paid $820 million upfront for the candidate. - Stock Titan || Morgan Stanley Raises its Price Target on Jazz Pharmaceuticals (JAZZ) - Yahoo Finance || Jazz Pharmaceuticals Announces Private Offering of $1.0 Billion of Exchangeable Senior Notes due 2032 and Concurrent Ordinary Share Repurchases - PR Newswire || Jazz Pharmaceuticals Stock Price Forecast. Should You Buy JAZZ? - StockInvest.us || Jazz Pharmaceuticals Stock: Here’s What Analysts Are Saying After the Q1 Beat and August Catalyst - TIKR.com"
AMG,2026-09-17,"Affiliated Managers Group, Inc.",Financial Services,10,google_news|yfinance,positive,True,"Les actualites presentes montrent un ton positif, avec des articles qui soulignent les performances de l'action, les repurchases de parts et les investissements, ce qui suggere une perception positive des investisseurs et des analystes.","2 Momentum  Stocks with Competitive Advantages and 1 We Ignore || Affiliated Managers Group Repurchased About $375 Million of Stock in 6 Months || Is Affiliated Managers Group (AMG) Stock Outpacing Its Finance Peers This Year? || Should Value Investors Buy Affiliated Managers Group (AMG) Stock? || AMG vs. BLK: Which Stock Is the Better Value Option? || If You Invested $100 In Affiliated Managers Group Stock 5 Years Ago, You Would Have This Much Today - Benzinga || Is Affiliated Managers Group (AMG) Stock Outpacing Its Finance Peers This Year? - Yahoo Finance || Squarepoint Ops LLC Buys 10,029 Shares of Affiliated Managers Group, Inc. $AMG - MarketBeat || ETFs Investing in Affiliated Managers Group, Inc. Stocks - TradingView || Affiliated Managers Group Stock Price Forecast. Should You Buy AMG? - StockInvest.us"
BPOP,2026-09-17,"Popular, Inc.",Financial Services,10,google_news|yfinance,positive,True,"Les actualites presentes sur CES SEULES sont presque toutes positives pour l'action de Popular, Inc. (BPOP), avec des articles sur son dividende, son rendement et son potentiel de croissance, ce qui suggere un ton general positif.","Popular (BPOP) Could Be a Great Choice || Popular Inc's Dividend Analysis || Popular (BPOP), Why Is It Back In The Spotlight? || Spotting Winners: Popular (NASDAQ:BPOP) And Regional Banks Stocks In Q2 || 3 Market-Beating Stocks with Competitive Advantages || Popular Inc's Dividend Analysis - Yahoo Finance || Popular Inc (BPOP) Stock Price, Trades & News - GuruFocus || Popular, Inc. Declares Dividend on Preferred Stock and Announces Distribution on Trust Preferred Securities - Business Wire || Popular (BPOP) risk chief reports 4,004-share stake - Stock Titan || Popular Inc. (NASDAQ:BPOP) Shows High Growth Momentum and Breakout Setup - ChartMill"
2357.TW,2026-09-17,ASUSTeK Computer Inc.,Technology,10,google_news|yfinance,positive,True,"Les actualites presentes sont presque toutes positives, avec des annonces de partenariats avec Intel, des resultats financiers positifs pour des entreprises qui sont des clients ou des fournisseurs de ASUSTeK, et des annonces de nouveaux produits et technologies pour le secteur de l'education et de ","Intel (INTC) Enters Trusted AI Standards as Enterprise Infrastructure Role Grows || American States Water Q2 Earnings Call Highlights || American States Water Co (AWR) (Q2 2026) Earnings Call Highlights: EPS Surges 25. ... || Is Intel’s (INTC) AI-Ready Classroom Push Quietly Reshaping Its Long-Term PC Strategy? || Intel (INTC) And ASUS Unveil AI Classroom Devices For K 12 Schools || ASUSTeK Computer Inc. 2026 Q1 - Results - Earnings Call Presentation (OTCMKTS:ASUUY) 2026-05-12 - Seeking Alpha || ASUSTeK Computer Inc. Reports Earnings Results for the Full Year Ended December 31, 2025 - marketscreener.com || PC prices in Taiwan expected to rise 25-30% in Q2: Asustek - Taipei Times || Asian Dividend Stocks To Consider For Your Portfolio - simplywall.st || Asustek Computer (ASUUY) Stock Price, News & Analysis - Stock Titan"
9766.T,2026-09-17,Konami Group Corporation,Communication Services,7,google_news|yfinance,positive,True,"L'actualité présente plusieurs éléments positifs, tels que la rotation des investissements vers les actions de jeux vidéo japonais, la réussite des résultats financiers de Konami et la mise en place de nouvelles stratégies de réduction des unités de trading.",Nintendo Surges 6.8% As AI Fatigue Sparks Gaming Rotation || Does Konami’s BOMBERMAN Slot Debut Signal a Deeper Shift in IP Strategy for Konami (TSE:9766)? || 9766 Stock Price and Chart — TSE:9766 - TradingView || Results: Konami Group Corporation Beat Earnings Expectations And Analysts Now Have New Forecasts - simplywall.st || REG - Konami Group Corp - Release: Policy on Reduction of Stock Trading Unit - TradingView || Cashless casinos and tailored rewards on every Carnival Cruise Line ship - Stock Titan || KONAMI Group Corporation Revenue Breakdown – TSE:9766 - TradingView
LCII,2026-09-17,LCI Industries,Consumer Cyclical,10,google_news|yfinance,positive,True,"Bien que les ventes aient baissé, les bénéfices ont augmenté, et les marges ont également augmenté, ce qui suggère une stratégie de gestion efficace et une adaptation à la concurrence.","LCI Industries (LCII) Turns Shrinking Sales Into Bigger Profits || Lippert named Fun Town RV CEO || LCI Industries (LCII) Q2 2026 Earnings Call Transcript || LCI Industries Q2 Earnings Call Highlights || LCI Industries Inc (LCII) (Q2 2026) Earnings Call Highlights: Margin Expansion and Strategic ... || LCI Industries (LCII) Stock May Be Reasonable As AI Planning Shifts The Story - simplywall.st || LCI Industries (LCII) Agrees To All Stock Merger With Patrick Industries - Yahoo Finance || Squarepoint Ops LLC Acquires 21,771 Shares of LCI Industries $LCII - MarketBeat || McDermott Will & Schulte advises Patrick Industries in Announced All-Stock Merger with LCI Industries - McDermott Will & Schulte || Patrick merger enters new antitrust review phase for LCI Industries (NYSE: LCII) - Stock Titan"
SBIN.NS,2026-09-17,State Bank of India,Financial Services,10,google_news|yfinance,positive,True,"L'action de State Bank of India est soutenue par des actualites positives sur son chiffre d'affaires, son profit et son expansion, ainsi que par des commentaires de dirigeants positifs sur son avenir.","India’s National Stock Exchange Seeks $46 Billion Valuation in IPO || India's Top Bank Says Data Centers Aiding Capex Cycle || State Bank of India targets 12,000 hires and 250 more branches – report || State Bank of India returns to dollar debt market, bankers see strong demand || State Bank of India (SBKFF) (Q1 2027) Earnings Call Highlights: Record Profit and Digital Push ... || State Bank of India falls Tuesday, underperforms competitors - MarketWatch || India's largest lender SBI beats quarterly profit view on healthy loan growth - Reuters || State Bank of India Beats Profit Estimate on Robust Loan Growth - bloomberg.com || State Bank of India slips Friday, underperforms market - MarketWatch || State Bank Of India Share Price Today: market cap, valuation - Univest"
UCG.MI,2026-09-17,UniCredit S.p.A.,Financial Services,9,google_news|yfinance,positive,True,"L'action de UniCredit S.p.A. est soutenue par des actualités positives, telles que la réitération de la note de buy par JP Morgan, une augmentation de la valeur estimée par Morningstar et des prévisions de croissance.","Stocks to Watch Recap: UBS, Vera Bradley, Dave & Buster’s, Coinbase || UniCredit S.p.A. Unsponsored ADR (UNCRY) is a Great Momentum Stock: Should You Buy? || Germany sets conditions for UniCredit takeover of Commerzbank || Germany seeks guarantees from Italy's UniCredit over Commerzbank takeover || This International Manager Is Betting Big on Banks and Energy, but Not Tech || UniCredit stock gains as JP Morgan reiterates Buy rating and Commerzbank talks advance - ad-hoc-news.de || UniCredit: We Raise Our Fair Value Estimate by 39%; Shares Modestly Undervalued - Morningstar || UCG Forecast — Price Target — Prediction for 2027 - TradingView || UniCredit SpA (OTC: UNCFF) Stock Price, News & Analysis - Kalkine"
TGTX,2026-09-17,"TG Therapeutics, Inc.",Healthcare,10,google_news|yfinance,positive,True,"Les actualites presentes montrent une tendance positive pour l'action TG Therapeutics, Inc. (TGTX), avec des commentaires positifs sur son potentiel de croissance et son potentiel de breakout, ainsi que des analyses positives de la part de plusieurs sources.","Dow Jones Futures Rise After Hawkish Fed, Warsh Hit Stocks, Trump Fumes; AMD, Bloom Energy Eye Buy Points || TG Therapeutics Makes A Bullish Move Amid Ongoing Roche Rivalry || Kymera Therapeutics (KYMR) Up 10.2% Since Last Earnings Report: Can It Continue? || IBD Stock Of The Day, TG Therapeutics, Eyes Breakout After Topping Early Buy Point || TG Therapeutics (TGTX) Up 15.1% Since Last Earnings Report: Can It Continue? || TG Therapeutics, Inc. (TGTX) Stock Analysis: A Biotech Gem With A 29% Upside Potential - DirectorsTalk Interviews || Is TG Therapeutics, Inc. (TGTX) A Good Stock To Buy Now? - Yahoo Finance || TG Therapeutics Reports Second Quarter 2026 Financial Results and Raises BRIUMVI® Revenue Guidance - TG Therapeutics || TG Therapeutics: Why I'm Staying Long After The Q2 Selloff (NASDAQ:TGTX) - Seeking Alpha || Insider Decision: Laurence N Charney Offloads $274K Worth Of TG Therapeutics Stock - Benzinga"
B3SA3.SA,2026-09-17,"B3 S.A. - Brasil, Bolsa, Balcão",Financial Services,7,google_news|yfinance,positive,True,"L'action B3 S.A. - Brasil Bolsa Balcao (BOLSY) présente une croissance revenue et des gains opérationnels, avec des actualités positives sur des produits nouveaux et une stratégie de croissance renforcée.","B3 SA - Brasil Bolsa Balcao (BOLSY) Q4 2025 Earnings Call Highlights: Strong Revenue Growth and ... || B3 SA - Brasil Bolsa Balcao (BOLSY) Q3 2025 Earnings Call Highlights: Resilient Growth Amid ... || ETFs Investing in B3 SA - Brasil, Bolsa, Balcao Unsponsored ADR Stocks - TradingView || B3 S.A. Got An Antitrust Warning Because Of The Strength Of Its Moat (Rating Downgrade) - Seeking Alpha || Homerun Resources Inc. Announces Sponsored BDR Listing on B3 Stock Exchange - Investing News Network || B3 S.A. - Brasil, Bolsa, Balcão 2026 Q1 - Results - Earnings Call Presentation (OTCMKTS:BOLSY) 2026-05-08 - Seeking Alpha || Cambuci S.A. Launches Share Buyback to Unlock Shareholder Value - The Globe and Mail"
OFG,2026-09-17,OFG Bancorp,Financial Services,10,google_news|yfinance,positive,True,"L'action d'OFG Bancorp a été classée comme une action à acheter par plusieurs sources, notamment Zacks, Yahoo Finance et MarketBeat, ce qui suggère un ton positif et encourageant.","New Strong Buy Stocks for September 15th || Best Income Stocks to Buy for September 15th || 1 Small-Cap Stock on Our Buy List and 2 That Underwhelm || OFG Bancorp (OFG) is a Top Dividend Stock Right Now: Should You Buy? || Q2 Regional Banks Earnings Review: First Prize Goes to OFG Bancorp (NYSE:OFG) || OFG Bancorp (OFG) Lands A Zacks Strong Buy, Is The Upside Already Priced In? - simplywall.st || OFG Bancorp (OFG) is a Top Dividend Stock Right Now: Should You Buy? - Yahoo Finance || OFG Bancorp (NYSE: OFG) CEO gifts stock, still holds 152,056.688 shares - Stock Titan || Squarepoint Ops LLC Acquires 26,278 Shares of OFG Bancorp $OFG - MarketBeat || OFG Bancorp Declares Regular Quarterly Common Stock Dividend - Business Wire"
1893.T,2026-09-17,"Penta-Ocean Construction Co., Ltd.",Industrials,7,google_news|yfinance,neutral,True,"L'actualité présente une équilibre entre des informations positives (contrat d'installation de turbines éoliennes, introduction de J-ESOP) et des informations négatives (problèmes de corruption avec Mizuho, changement de fournisseur de services financiers)",DEME secures offshore wind turbine installation contract in Japan || Mizuho Dropped From Bond Deals as SESC Probe Unfolds || How Penta-Ocean’s Planned J-ESOP Introduction At Penta-Ocean Construction (TSE:1893) Has Changed Its Investment Story - simplywall.st || Penta-Ocean Construction Number of Employees 2026 | Employee Count & Headcount Data - Revelio Labs || 20 Renewable Energy Stocks to Buy as National Policy Shifts Away from Middle East Dependence: Government's Alternative Energy Procurement Provides a Tailwind｜日本個別株デューデリジェンスセンター - note || 1951 Stock Price and Chart — TSE:1951 - TradingView || Penta-Ocean's New Offshore Wind Turbine Installation Vessel Set for Japan Debut - Offshore Engineer Magazine
2006.TW,2026-09-17,Tung Ho Steel Enterprise Corporation,Basic Materials,5,google_news,neutral,True,"L'action de Tung Ho Steel Enterprise Corporation a reçu des actualites positives (financement, stabilisation des prix) et négatives (un article sur l'urban mining, mais sans lien direct avec l'action) qui ne permettent pas de déterminer un ton général positif ou négatif.",Steelmaker Tung Ho Vietnam secures $25 mln finance from Standard Chartered - Theinvestor || Tung Ho Steel keeps H-beam prices stable - SteelRadar || Why Taiwan Is Becoming a Leader in Urban Mining - Time Magazine || Mineralization and Utilization using Steel Slag for Establishing a Waste-to-Resource Supply Chain - Nature || Enercon wins 33MW Taiwan contract - Wind Power Monthly
9942.TW,2026-09-17,NAK Sealing Technologies Corporation,Consumer Cyclical,2,google_news,negative,True,Aucune information positive ou neutre n'est disponible dans les actualites fournies.,"6933 Stock Price and Chart — TWSE:6933 - TradingView || TSC Auto ID Technology Co., Ltd. (3611.TWO) Stock Price, News, Quote & History - Yahoo Finance"
LAUR,2026-09-17,"Laureate Education, Inc.",Consumer Defensive,10,google_news|yfinance,neutral,True,"Les actualites presentes sont mixtes, avec des articles qui mentionnent les risques et les opportunites de l'action, mais sans prendre une position clairement positive ou négative.","3 Small-Cap Stocks We Find Risky || Laureate Education (LAUR) Looks Fairly Valued, Is There Enough Upside Left? || 3 Hyped Up  Stocks We Think Twice About || TAL vs. LAUR: Which Stock Is the Better Value Option? || 3 Russell 2000 Stocks We Steer Clear Of || Here’s How Much You Would Have Made Owning Laureate Education Stock In The Last 5 Years - Benzinga || Snow Phipps plans Laureate (NASDAQ: LAUR) stock resale and a 2026 in-kind share distribution under Rule 144. - Stock Titan || 3 Reasons LAUR is Risky and 1 Stock to Buy Instead - Yahoo Finance || Laureate Education (NASDAQ:LAUR) Director Sells $101,143.94 in Stock - MarketBeat || LAUR - Laureate Education Inc Stock Price and Quote - Finviz"
DINO,2026-09-17,HF Sinclair Corporation,Energy,10,google_news|yfinance,positive,True,"Les actualites presentes sont presque toutes positives, avec des mentions de croissance, de gains et de nouveaux programmes de reprise de parts, ce qui suggere un ton general positif pour l'action HF Sinclair Corporation (DINO).","Top Stock Reports for Cisco, Lam Research & Thermo Fisher || Are You Looking for a Top Momentum Pick? Why HF Sinclair (DINO) is a Great Choice || Chevron Targets Argentina, Mediterranean in Global LNG Push || HF Sinclair Rises 113.9% in a Year: Should You Buy, Hold or Sell? || Oil Prices are High, But These 2 Refining Stocks are Still Crushing It || HF Sinclair Rises 113.9% in a Year: Should You Buy, Hold or Sell? - TradingView || HF Sinclair Corporation (DINO) Hits Fresh High: Is There Still Room to Run? - Yahoo Finance || How Investors May Respond To HF Sinclair (DINO) Launching A New US$1.5 Billion Share Buyback Program - simplywall.st || HF Sinclair: The Share Price Can No Longer Be Justified With Mid-Cycle Earnings (Downgrade) - Seeking Alpha || HF Sinclair Stock Climbs 18% On A 8-Day Winning Streak - Trefis"
4503.T,2026-09-17,Astellas Pharma Inc.,Healthcare,10,google_news|yfinance,positive,True,"Les actualites presentes sont presque toutes positives, avec des mentions de deals de prix avec des entreprises de pharmacie, de performances financieres superieures, et des presentations a des conferences de l'industrie, ce qui suggere une image positive de l'action.","Trump Expands Drug Pricing Deals With 9 Pharma Companies, Bringing Total to 26 — RFK Jr. Details 'Very, Very Emotional' Conversations With President || Trump's MFN Push Goes Beyond Big Pharma, Adds 9 Mid-Sized Drugmakers || Mid-cap biotechs join Trump’s latest round of drug pricing deals || Trump lines up MFN deals with nine mid-size pharmas on drug pricing push || Trump's Pharma Pricing Deal Expands as Healthcare Stocks Keep Climbing || Is Astellas Pharma (ALPMY) Stock Undervalued Right Now? - Yahoo Finance || Enterprise value to revenue forward of Astellas Pharma Inc. – TSE:4503 - TradingView || Astellas Pharma Inc. Just Recorded A 55% EPS Beat: Here's What Analysts Are Forecasting Next - simplywall.st || Astellas Pharma Number of Employees 2026 | Employee Count & Headcount Data - Revelio Labs || Astellas Pharma Inc. (ALPMY) Presents at Jefferies Global Healthcare Conference 2026 - Slideshow - Seeking Alpha"
1590.TW,2026-09-17,Airtac International Group,Industrials,6,google_news|yfinance,positive,True,"L'actualité présente des croissances de revenus et de bénéfices, ainsi que des commentaires positifs de spécialistes financiers sur la stratégie de distribution de l'action.","Airtac International Group (TPE:1590) Q2 2026 Earnings Call Highlights: Robust Growth and ... || AirTAC Capitalizes on Booming Battery Demand - Morningstar || Wasatch International Growth's Top Q2 2026 Move: Exiting Inter & Co Inc at a -2. ... - Yahoo Finance || Airtac International's Revenue Surges 43% in August - marketscreener.com || 1590 Stock Price and Chart — TWSE:1590 - TradingView || [AirTAC International Group FY2026 H1 Earnings Call] H1 Net Profit Up 43% YoY, Institutional Investors Focus on Linear Guide Distribution Strategy and 2027 Resilience - finance.biggo.com"
2303.TW,2026-09-17,United Microelectronics Corporation,Technology,10,google_news|yfinance,positive,True,"Les actualites recentes sur United Microelectronics Corporation (UMC) suggererent une tendance croissante, avec des gains de 30% en ventes, une expansion de son partenaire, une augmentation de son part de marché de 73% et une analyse de momentum positive.","GFS Gains From Expanding Partner base: Will it Boost Growth Prospects? || United Microelectronics Sales Jump 30% in August. UMC Stock Has More Room to Run. || ASE Technology Surges 16% in 3 Months: Time to Hold or Fold the Stock? || Taiwan Semiconductor Retains 73% Foundry Share: Is the Stock a Buy? || If You Have Some ‘Silly’ Money, United Microelectronics (UMC) Stock Is Worth a Look || United Microelectronics Corp Stock (UMC) Moved Up by 5.46% on Sep 16: What Investors Need To Know - TradingKey || United Microelectronics Corporation (UMC) is a Great Momentum Stock: Should You Buy? - Yahoo Finance || UMC - United Micro Electronics ADR Stock Price and Quote - Finviz || United Microelectronics fell 10% after a two-day run (UMC:NYSE) - Seeking Alpha || UMC Rides on Portfolio Strength: Reason to Bet on the Stock Now? - TradingView"
YETI,2026-09-17,"YETI Holdings, Inc.",Consumer Cyclical,10,google_news|yfinance,positive,True,"Bien que YETI ait connu une baisse en août, les actualités récentes suggèrent une reprise positive, avec une augmentation de la valeur de l'action et des investissements dans les ETFs et les fonds de valeur.","Reflecting On Consumer Discretionary - Leisure Products Stocks’ Q2 Earnings: YETI (NYSE:YETI) || Why Yeti Stock Swooned in August || Is YETI Holdings (YETI) Cheap On Its Pullback Despite The CEO Vesting Share Sale? || 1 of Wall Street’s Favorite Stocks to Keep an Eye On and 2 We Turn Down || CEO Sells Over 4,000 Shares of Consumer Stock, Valued at Over $185,000 || YETI Holdings rallies ahead of key Investor Day event (YETI:NYSE) - Seeking Alpha || ETFs Investing in YETI Holdings, Inc. Stocks - TradingView || A Look at YETI Holdings Inc (YETI) After 3.5% Decline -- GF Value $50.20 vs Price $39.39 - GuruFocus || Tidal Investments LLC Trims Holdings in YETI Holdings, Inc. $YETI - marketbeat.com || YETI Holdings, Inc. Q2 2026 Earnings Call Summary - Yahoo Finance"
2503.T,2026-09-17,"Kirin Holdings Company, Limited",Consumer Defensive,10,google_news|yfinance,positive,True,"L'actualité présente plusieurs éléments positifs, tels que la sélection de Kirin Holdings comme 'DX Stock 2026', la croissance du groupe, la diversification de ses activités (pharma, RTD, etc.) et la confiance des investisseurs, ce qui suggère un ton général positif pour l'action.","Why spirits slowdown could prompt majors to diversify || Assessing Kirin Holdings (TSE:2503) Valuation After Recent Share Price Momentum || Kirin launches RTD brand Hyoketsu in US || Is It Time To Reassess Kirin Holdings Company (TSE:2503) After Its Strong 1‑Year Share Price Run? || 3 Reasons Growth Investors Will Love Kirin (KNBWY) || Kirin Holdings Selected as a ""DX Stock 2026"" for Commitment to Digital Transformation - Kirin Holdings Company, Limited || Kirin Holdings Company, Limited 2026 Q2 - Results - Earnings Call Presentation (OTCMKTS:KNBWY) 2026-08-09 - Seeking Alpha || Jamieson Wellness Enters into Definitive Agreement to be Acquired by Kirin in C$2.5 Billion Transaction - PR Newswire Canada || Kirin stock steadies as Tokyo peers slide - ad-hoc-news.de || Kirin and Blackmores Team Up to Release Cognitive Function Support Supplements in Australia and New Zealand Formulated with Kirin Group’s Cognizin® Citicoline - 뉴스와이어"
4507.T,2026-09-17,"Shionogi & Co., Ltd.",Healthcare,10,google_news|yfinance,positive,True,"L'action de Shionogi & Co., Ltd. (SGIOY) a battu les attentes en termes de bénéfices et de chiffre d'affaires pour la période Q1 2026, ce qui suggère une tendance positive pour la société.","Shionogi & Co., Ltd. Unsponsored ADR (SGIOY) Beats Q1 Earnings Estimates || United Therapeutics (UTHR) Earnings Expected to Grow: What to Know Ahead of Q2 Release || Shionogi & Co., Ltd. Unsponsored ADR (SGIOY) to Report Q1 Results: Wall Street Expects Earnings Growth || Shionogi (TSE:4507) Valuation Check As XOCOVA Wins First US FDA Approval For COVID 19 Post Exposure Prophylaxis || Akebia Therapeutics (AKBA) Reports Q1 Loss, Misses Revenue Estimates || Shionogi Selected as a “DX Stock 2026”｜ 塩野義製薬 - Shionogi Inc. || Shionogi & Co., Ltd. Unsponsored ADR (SGIOY) Beats Q1 Earnings Estimates - Yahoo Finance || Shionogi & Co., Ltd. Revenue Breakdown – TSE:4507 - TradingView || Board of Directors and Executive Officers - jpx.co.jp || Pharma M&A Roundup: Merck to Acquire Terns Pharmaceuticals, Shionogi to Acquire 50% of Apnimed’s Ownership of Shionogi-Apnimed Sleep Science - Pharmaceutical Executive"
2548.TW,2026-09-17,"Huaku Development Co., Ltd.",Real Estate,4,google_news,positive,True,"L'actualité mentionne une nouvelle stratégie commerciale positive et une augmentation des parts de la bourse, indiquant un ton positif pour l'action.","Price to earnings forward of Huaku Development Co., Ltd. – TWSE:2548 - TradingView || 2548 Stock Price and Chart — TWSE:2548 - TradingView || [Huaku Development FY2026 Q3 Earnings Call] Commercial Office Pivot: Huaku Times Place Abandons Whole-Building Sale for Stratified Sales, Aims to Recognize Half of Revenue This Year; NT$5 Dividend Floor Reaffirmed - finance.biggo.com || Taiwan shares higher at close of trade; Taiwan Weighted up 0.12% By Investing.com - Investing.com UK"
3044.TW,2026-09-17,Tripod Technology Corporation,Technology,5,google_news,negative,True,Aucune information positive ou neutre n'est disponible dans les actualités fournies.,"3044 Stock Price and Chart — TWSE:3044 - TradingView || Tripod Technology Corporation Reports Earnings Results for the Full Year Ended December 31, 2022 - marketscreener.com || Technical Analysis of Tripod Technology Corporation (TWSE:3044) - TradingView || 6274 Stock Price and Chart — TPEX:6274 - TradingView || 3008 Stock Price and Chart — TWSE:3008 - TradingView"
YUMC,2026-09-17,"Yum China Holdings, Inc.",Consumer Cyclical,9,google_news|yfinance,positive,True,"Les actualites presentes sur Yum China Holdings, Inc. (YUMC) suggererent une tendance de revers de la tendance, avec des analystes augmentant les estimations de bénéfices et des signaux techniques indiquant que les partages sont en dessous de leur niveau normal, ce qui pourrait indiquer une opportun","1 Mid-Cap Stock with Exciting Potential and 2 We Question || The Bull Case For Yum China Holdings (YUMC) Could Change Following Analyst Upgrades Amid Oversold Signals || Yum China (YUMC) Loses 11% in 4 Weeks, Here's Why a Trend Reversal May be Around the Corner || 3 Stocks Under $50 We’re Skeptical Of || Is Yum China (YUMC) a Solid Growth Stock? 3 Reasons to Think ""Yes"" || Bear of the Day: Yum! Brands, Inc. (YUM) - TradingView || YUMC - Yum China Holdings Inc Stock Price and Quote - Finviz || Yum China (NYSE: YUMC) exec turns RSUs into shares, uses 594 to cover taxes - Stock Titan || Is Yum China Holdings Inc (YUMC) a Bargain After 4.8% Drop? GF V - GuruFocus"
BVS,2026-09-17,Bioventus Inc.,Healthcare,10,google_news|yfinance,positive,True,"Les actualites recentes sur Bioventus Inc. (BVS) suggèrent un ton general positif, avec des mentions de performances solides, de croissance et de valeur potentielle, ainsi que des recommandations d'investissement.",Are Medical Stocks Lagging  Bioventus (BVS) This Year? || 4 Healthcare Stocks to Safeguard Your Portfolio as Fed Plans Rate Hike || Bioventus (BVS) Q2 2026 Earnings Call Transcript || Bioventus (BVS) Stock Still Looks Like A Bargain On Earnings || The Bull Case For Bioventus (BVS) Could Change Following Its Q2 Earnings Surge And Reaffirmed 2026 Guidance || Is Bioventus (BVS) Stock Undervalued Right Now? - Yahoo Finance || BVS - Finviz || BVS Forecast — Price Target — Prediction for 2027 - TradingView || Bioventus: I See A Better Business Trading At A Fair Price (Upgrade) (NASDAQ:BVS) - Seeking Alpha || Should Value Investors Buy Bioventus (BVS) Stock? - Yahoo Finance
NDX1.DE,2026-09-17,Nordex SE,Industrials,10,google_news|yfinance,positive,True,"L'action de Nordex SE est marquée par une augmentation de ses ventes et de ses bénéfices, ainsi que par des nouveaux ordres et des engagements de long terme, ce qui suggère une tendance positive pour l'entreprise.","Nordex secures 525MW turbine order from Türkerler || Nordex (XTRA:NDX1) Stock Still Looks Discounted As A 228% Gain Tests Fair Value || Nordex (XTRA:NDX1) Could Be 18% Below Fair Value On Half Year 2026 Earnings || Nordex Group secures new US orders totalling more than 480 MW || Nordex Doubles Q2 EBITDA and Confirms 2026 Outlook on Strong Order Growth || Weekly Recap: DWS 3%+ stake in Nordex SE and bullish US power thesis - TradingView || Nordex stock gains on new 91 MW wind order in Germany - ad-hoc-news.de || Nordex SE celebrates 25 years as a listed company - Nordex SE || Germany's Nordex tops profit forecast on strong wind demand, shares jump - Reuters || Nordex Stock Forecast 2026–2030 | Future Outlook - Capital.com"
TILE,2026-09-17,"Interface, Inc.",Consumer Cyclical,10,google_news|yfinance,positive,True,"Les actualites presentes sont presque toutes positives, avec des mentions de performances financieres solides, d'investissements et d'achat de parts par des institutions, ce qui suggere une confiance croissante dans l'action.","Unpacking Q2 Earnings: Interface (NASDAQ:TILE) In The Context Of Other Business Services & Supplies Stocks || 1 Russell 2000 Stock to Consider Right Now and 2 That Underwhelm || 1 Stock Under $50 to Keep an Eye On and 2 We Ignore || 2 Profitable Stocks for Long-Term Investors and 1 Facing Challenges || Caesarstone’s Premium Multi-Material & Differentiated Model Proposition – Initiation Report || Insider at Interface (TILE) sells 28,451 shares under trading plan - Stock Titan || TILE - Interface Inc Stock Price and Quote - Finviz || Man Group plc Purchases New Shares in Interface, Inc. $TILE - marketbeat.com || Interface Inc. Director Daniel T. Hendrix Disposes of 8,000 Shares of Common Stock - Kalkine Media || Interface's Surge Doesn't Necessitate A Downgrade Yet (NASDAQ:TILE) - Seeking Alpha"
UFCS,2026-09-17,"United Fire Group, Inc.",Financial Services,10,google_news|yfinance,positive,True,"L'actualité présente plusieurs articles positifs sur l'action d'United Fire Group, Inc. (UFCS), soulignant des performances financières solides, une croissance des revenus et une valeur potentielle d'investissement.","Are Investors Undervaluing United Fire Group (UFCS) Right Now? || United Fire Group, Inc (UFCS) Hit a 52 Week High, Can the Run Continue? || UVE Stock Gains 71.4% in a Year: Time to Add It for Better Returns? || United Fire Group (UFCS) Q2 2026 Earnings Call Transcript || Is United Fire Group (UFCS) Stock Undervalued Right Now? || United Fire Group, Inc (UFCS) Hit a 52 Week High, Can the Run Continue? - Yahoo Finance || Have Insiders Sold United Fire Group Shares Recently? - webull.com || United Fire Group (NASDAQ:UFCS) Sets New 52-Week High - Should You Buy? - marketbeat.com || Have Insiders Sold United Fire Group Shares Recently? - simplywall.st || Director at United Fire Group (UFCS) sells 9,777 shares - Stock Titan"
7269.T,2026-09-17,Suzuki Motor Corporation,Consumer Cyclical,10,google_news|yfinance,positive,True,"L'actualité présente plusieurs éléments positifs, tels que la croissance des ventes de Pricol Ltd, la détermination de Suzuki à atteindre un revenu de 8 000 crores d'industrie par an, la création de nouveaux plants et la poursuite de la croissance de Suzuki Motorcycle India, ce qui suggère un ton gé","Pricol Ltd (BOM:540293) (Q1 2027) Earnings Call Highlights: Revenue Surges 23% as Demerger ... || BYD Bets Small EV Can Crack Japan || Toyota backs Tier IV in level 4 autonomous vehicle push || FIEM Industries Ltd (BOM:532768) Q4 2026 Earnings Call Highlights: Record Growth and Strategic ... || Suzuki opens second plant in Kharkhoda, India || With 60% institutional ownership, Suzuki Motor Corporation (TSE:7269) is a favorite amongst the big guns - simplywall.st || Suzuki Motor Corporation FY2025 Results: Revenue Up 8.0%, Profit Attributable to Owners Rises 5.6% - scanx.trade || Suzuki stock slips as Maruti Suzuki extends decline despite new Eeco milestone - ad-hoc-news.de || Suzuki Motor Corp plans to take full control of Pak Suzuki, delist its shares - Reuters || Suzuki Motorcycle India targets over 50% global sales share, plans new Haryana plant - CNBC TV18"
SENEB,2026-09-17,Seneca Foods Corporation,Consumer Defensive,10,google_news|yfinance,positive,True,"Les actualites presentes sont presque toutes positives, avec des mentions de croissance des ventes et des bénéfices, de gains de valeur, de recommandations de Jim Cramer et de l'attention de plusieurs analystes et investisseurs.","Jim Cramer Likes Seneca Foods (SENEA) But is Hoping For a Pullback || Seneca Foods (SENEA) Sees Sales and Earnings Climb Amid Mixed Margin Signals || Why Seneca Foods Looks Ripe For A Takeover || Seneca Stock Gains Following Q1 Earnings, Sales Increase Y/Y || The Zacks Analyst Blog Highlights Apple, Shell, Toyota, Seneca and Value Line || Senior Vice President of Sales & Marketing Dean Erstad Sold A Bunch Of Shares In Seneca Foods - webull.com || Even After Doubling, Seneca Foods Corporation Offers Tasty Upside (NASDAQ:SENEA) - Seeking Alpha || Seneca Stock Gains 38.9% in Three Months: What's Driving the Rally? - Yahoo Finance || Seneca Foods (NASDAQ: SENEA) officer to sell 1,587 shares - Stock Titan || Is Seneca Foods (SENE.A) Using ESOP Share Plans to Redefine Its Long-Term Capital Strategy? - simplywall.st"
