ticker,name,sector,industry,pilier_bilan,pilier_rendement_capital,pilier_cash,pilier_marges,pilier_discipline,note_qualite_20,note_qualite_n_piliers,note_qualite_low_confidence,pilier_valorisation,pilier_momentum,note_perspective_20,note_perspective_n_piliers,note_perspective_low_confidence
GALD.SW,Galderma Group AG,Healthcare,Drug Manufacturers - Specialty & Generic,10.2,12.8,,15.8,,12.9,3,False,0.0,11.3,5.6,2,False
GALE.SW,Galenica AG,Healthcare,Medical Distribution,5.1,13.2,,10.7,,9.7,3,False,0.5,6.7,3.6,2,False
GF.SW,Georg Fischer AG,Industrials,Specialty Industrial Machinery,0.0,0.4,,1.4,,0.6,3,False,,5.2,5.2,1,True
HBAN.SW,Helvetia Baloise Holding AG,Financial Services,Insurance - Diversified,5.8,3.1,,3.0,,4.0,3,False,0.8,8.6,4.7,2,False
PSPN.SW,PSP Swiss Property AG,Real Estate,Real Estate Services,14.8,11.5,,18.9,,15.1,3,False,14.1,12.7,13.4,2,False
RO.SW,Roche Holding AG,Healthcare,Drug Manufacturers - General,4.3,18.9,,17.2,,13.5,3,False,9.9,13.4,11.6,2,False
SCHN.SW,Schindler Holding AG,Industrials,Specialty Industrial Machinery,16.6,16.2,,12.7,,15.2,3,False,11.1,4.8,8.0,2,False
SGSN.SW,SGS SA,Industrials,Consulting Services,0.6,19.7,,12.5,,10.9,3,False,7.4,11.4,9.4,2,False
SIGN.SW,SIG Group AG,Consumer Cyclical,Packaging & Containers,8.5,2.6,,2.4,,4.5,3,False,,19.2,19.2,1,True
SOON.SW,Sonova Holding AG,Healthcare,Medical Devices,6.8,16.6,,15.0,,12.8,3,False,10.0,8.9,9.4,2,False
STMN.SW,Straumann Holding AG,Healthcare,Medical Instruments & Supplies,12.0,15.8,,15.6,,14.5,3,False,6.4,9.3,7.8,2,False
SUNN.SW,Sunrise Communications AG,Communication Services,Telecom Services,3.9,3.6,,3.4,,3.6,3,False,,8.8,8.8,1,True
SQN.SW,Swissquote Group Holding SA,Financial Services,Capital Markets,13.8,18.3,,17.4,,16.5,3,False,10.0,0.8,5.4,2,False
UHR.SW,The Swatch Group AG,Consumer Cyclical,Luxury Goods,19.1,3.0,,3.2,,8.4,3,False,0.0,16.9,8.4,2,False
SPSN.SW,Swiss Prime Site AG,Real Estate,Real Estate - Diversified,10.6,9.0,,17.8,,12.5,3,False,0.0,14.4,7.2,2,False
VACN.SW,VAT Group AG,Industrials,Specialty Industrial Machinery,9.9,17.8,,18.2,,15.3,3,False,0.0,18.8,9.4,2,False
GFC.PA,Gecina,Real Estate,REIT - Office,13.3,4.3,,10.0,,9.2,3,False,5.8,3.9,4.8,2,False
GET.PA,Getlink SE,Industrials,Railroads,1.6,11.3,,17.8,,10.2,3,False,0.0,13.1,6.6,2,False
LI.PA,Klépierre SA,Real Estate,REIT - Retail,13.4,16.5,,18.2,,16.0,3,False,20.0,15.9,18.0,2,False
RCO.PA,Rémy Cointreau SA,Consumer Defensive,Beverages - Wineries & Distilleries,12.5,4.0,,13.4,,10.0,3,False,9.6,9.6,9.6,2,False
RXL.PA,Rexel S.A.,Technology,Electronics & Computer Distribution,3.1,11.2,,7.0,,7.1,3,False,10.0,11.9,11.0,2,False
SOI.PA,Soitec SA,Technology,Semiconductor Equipment & Materials,7.1,1.8,,0.7,,3.2,3,False,,18.6,18.6,1,True
SOLB.BR,Solvay SA,Basic Materials,Chemicals,0.6,4.5,,4.4,,3.2,3,False,0.0,5.5,2.8,2,False
UBI.PA,Ubisoft Entertainment SA,Communication Services,Electronic Gaming & Multimedia,4.6,0.4,,0.4,,1.8,3,False,,1.3,1.3,1,True
FR.PA,Valeo SE,Consumer Cyclical,Auto Parts,4.0,6.9,,4.0,,5.0,3,False,10.3,17.9,14.1,2,False
DATA.L,GlobalData Plc,Industrials,Consulting Services,9.8,11.4,,13.3,,11.5,3,False,14.2,1.0,7.6,2,False
DB1.DE,Deutsche Börse AG,Financial Services,Financial Data & Stock Exchanges,8.4,16.1,,10.6,,11.7,3,False,9.6,12.6,11.1,2,False
DBK.DE,Deutsche Bank Aktiengesellschaft,Financial Services,Banks - Regional,,5.3,,8.6,,7.0,2,True,14.3,10.5,12.4,2,False
DCC.L,DCC Energy plc,Energy,Oil & Gas Refining & Marketing,4.6,8.5,,3.1,,5.4,3,False,0.0,8.3,4.2,2,False
DG.PA,Vinci SA,Industrials,Engineering & Construction,4.2,13.3,,9.8,,9.1,3,False,16.3,6.9,11.6,2,False
DHL.DE,Deutsche Post AG,Industrials,Integrated Freight & Logistics,3.9,14.4,,6.5,,8.3,3,False,12.9,17.1,15.0,2,False
DIM.PA,Sartorius Stedim Biotech S.A.,Healthcare,Medical Instruments & Supplies,7.6,10.4,,13.8,,10.6,3,False,0.0,9.7,4.8,2,False
DLN.L,Derwent London Plc,Real Estate,REIT - Office,17.2,3.9,,7.9,,9.7,3,False,0.0,15.6,7.8,2,False
DNB.OL,DNB Bank ASA,Financial Services,Banks - Regional,,12.7,,17.5,,15.1,2,True,12.9,11.9,12.4,2,False
DNLM.L,Dunelm Group plc,Consumer Cyclical,Specialty Retail,3.6,19.4,,13.1,,12.0,3,False,16.5,3.8,10.2,2,False
DOCS.L,Dr. Martens plc,Consumer Cyclical,Footwear & Accessories,6.8,6.9,,6.9,,6.9,3,False,0.0,4.0,2.0,2,False
DPLM.L,Diploma PLC,Industrials,Industrial Distribution,11.2,14.9,,14.2,,13.4,3,False,0.0,15.2,7.6,2,False
DRX.L,Drax Group plc,Utilities,Utilities - Renewable,16.8,1.5,,1.7,,6.7,3,False,0.0,12.4,6.2,2,False
DSCV.L,discoverIE Group plc,Technology,Electronic Components,4.5,9.2,,9.6,,7.8,3,False,10.9,12.2,11.6,2,False
DSY.PA,Dassault Systèmes SE,Technology,Software - Application,8.6,12.7,,17.0,,12.8,3,False,15.5,3.5,9.5,2,False
DTG.DE,Daimler Truck Holding AG,Industrials,Farm & Heavy Construction Machinery,3.7,4.4,,8.4,,5.5,3,False,2.8,15.4,9.1,2,False
ECV.DE,,,,,,,,,,0,True,,,,0,True
EDEN.PA,Edenred SE,Financial Services,Credit Services,,,,7.3,,7.3,1,True,10.0,17.8,13.9,2,False
EDIN.L,Edinburgh Investment Ord,,,,,,,,,0,True,,,,0,True
EDPR.LS,"EDP Renewables, S.A.",Utilities,Utilities - Renewable,15.6,2.8,,13.5,,10.6,3,False,0.0,16.7,8.4,2,False
EDV.L,Endeavour Mining plc,Basic Materials,Gold,11.6,18.4,,14.8,,14.9,3,False,5.3,15.0,10.2,2,False
EL.PA,EssilorLuxottica Société anonyme,Healthcare,Medical Instruments & Supplies,9.4,10.2,,13.2,,10.9,3,False,12.6,1.1,6.8,2,False
ELE.MC,"Endesa, S.A.",Utilities,Utilities - Regulated Electric,12.3,19.6,,11.5,,14.5,3,False,12.5,19.9,16.2,2,False
ELM.L,Elementis plc,Basic Materials,Specialty Chemicals,9.9,11.0,,13.0,,11.3,3,False,14.8,5.8,10.3,2,False
EMG.L,Man Group Plc,Financial Services,Asset Management,14.6,16.4,,7.5,,12.8,3,False,10.3,18.7,14.5,2,False
EN.PA,Bouygues SA,Industrials,Engineering & Construction,5.5,8.0,,4.4,,6.0,3,False,15.3,12.1,13.7,2,False
ENG.MC,"Enagás, S.A.",Utilities,Utilities - Regulated Gas,11.4,15.1,,18.8,,15.1,3,False,12.4,18.2,15.3,2,False
ENR.DE,Siemens Energy AG,Industrials,Specialty Industrial Machinery,14.9,17.3,,9.5,,13.9,3,False,0.0,16.0,8.0,2,False
ENT.L,Entain Plc,Consumer Cyclical,Gambling,1.8,0.4,,1.0,,1.1,3,False,,1.0,1.0,1,True
ENX.PA,Euronext N.V.,Financial Services,Financial Data & Stock Exchanges,8.1,14.0,,14.8,,12.3,3,False,10.5,13.3,11.9,2,False
EOAN.DE,E.ON SE,Utilities,Utilities - Diversified,8.3,16.7,,4.1,,9.7,3,False,14.1,14.1,14.1,2,False
EQNR.OL,Equinor ASA,Energy,Oil & Gas Integrated,7.1,15.3,,9.2,,10.5,3,False,11.1,15.5,13.3,2,False
ERIC-B.ST,Telefonaktiebolaget LM Ericsson (publ),Technology,Communication Equipment,8.3,16.4,,12.4,,12.4,3,False,20.0,11.2,15.6,2,False
ESCT.L,The European Smaller Companies Trust PLC,,,,,,,,,0,True,,,,0,True
ESSITY-B.ST,Essity AB (publ),Consumer Defensive,Household & Personal Products,11.7,12.1,,13.8,,12.5,3,False,15.7,14.1,14.9,2,False
EVK.DE,Evonik Industries AG,Basic Materials,Specialty Chemicals,8.0,4.8,,4.9,,5.9,3,False,0.0,12.1,6.0,2,False
EVT.DE,Evotec SE,Healthcare,Drug Manufacturers - Specialty & Generic,5.7,5.2,,2.1,,4.3,3,False,,0.8,0.8,1,True
EWG.L,W.A.G payment solutions plc,Technology,Software - Infrastructure,2.0,4.3,,4.4,,3.6,3,False,0.0,7.7,3.8,2,False
EWI.L,Edinburgh Worldwide Ord,,,,,,,,,0,True,,,,0,True
EXPN.L,Experian plc,Industrials,Consulting Services,5.7,17.5,,17.7,,13.6,3,False,10.0,2.7,6.4,2,False
EZJ.L,easyJet plc,Industrials,Airlines,7.3,11.3,,6.0,,8.2,3,False,5.6,16.4,11.0,2,False
FBK.MI,FinecoBank Banca Fineco S.p.A.,Financial Services,Banks - Regional,,18.4,,17.6,,18.0,2,True,0.0,14.1,7.0,2,False
FCIT.L,F&C Investment Trust Ord,,,,,,,,,0,True,,,,0,True
FCSS.L,Fidelity China Special Situations Ord,,,,,,,,,0,True,,,,0,True
FDR.MC,"Fluidra, S.A.",Consumer Cyclical,Leisure,9.1,10.0,,12.1,,10.4,3,False,9.0,6.2,7.6,2,False
FEML.L,Fidelity Emerging Markets Limited,Financial Services,Asset Management,,19.5,,19.4,,19.4,2,True,20.0,17.9,19.0,2,False
FER.MC,Ferrovial N.V.,Industrials,Engineering & Construction,3.1,9.8,,9.1,,7.3,3,False,0.0,8.5,4.2,2,False
FGEN.L,Foresight Environmental Infrastructure Limited,Financial Services,Asset Management,,2.7,,18.9,,10.8,2,True,9.2,12.5,10.8,2,False
FGR.PA,Eiffage SA,Industrials,Engineering & Construction,2.3,14.1,,6.1,,7.5,3,False,19.2,8.1,13.6,2,False
FGT.L,Finsbury Growth & Income Ord,,,,,,,,,0,True,,,,0,True
FME.DE,Fresenius Medical Care AG,Healthcare,Medical Care Facilities,4.7,11.3,,11.2,,9.1,3,False,18.5,5.3,11.9,2,False
FNTN.DE,freenet AG,Communication Services,Telecom Services,9.0,14.0,,11.0,,11.3,3,False,16.5,8.6,12.6,2,False
FOUR.L,4imprint Group plc,Communication Services,Advertising Agencies,19.0,19.6,,10.1,,16.2,3,False,17.1,18.1,17.6,2,False
FPE3.DE,Fuchs SE,Basic Materials,Specialty Chemicals,16.4,14.8,,11.5,,14.2,3,False,17.7,6.3,12.0,2,False
FRA.DE,Fraport AG,Industrials,Airports & Air Services,1.5,6.3,,11.9,,6.6,3,False,13.0,3.7,8.4,2,False
FRAS.L,Frasers Group Plc,Consumer Cyclical,Specialty Retail,7.1,13.0,,12.0,,10.7,3,False,18.0,13.7,15.8,2,False
FRE.DE,Fresenius SE & Co. KGaA,Healthcare,Medical Care Facilities,7.7,11.1,,12.0,,10.3,3,False,14.4,6.6,10.5,2,False
FRES.L,Fresnillo plc,Basic Materials,Other Precious Metals & Mining,14.6,19.7,,18.5,,17.6,3,False,14.2,11.4,12.8,2,False
FSV.L,Fidelity Special Values Ord,,,,,,,,,0,True,,,,0,True
G.MI,Assicurazioni Generali S.p.A.,Financial Services,Insurance - Diversified,5.5,12.7,,3.7,,7.3,3,False,8.9,15.4,12.2,2,False
G24.DE,Scout24 SE,Communication Services,Internet Content & Information,9.5,16.0,,19.0,,14.8,3,False,8.1,4.3,6.2,2,False
GAMA.L,Gamma Communications plc,Communication Services,Telecom Services,15.8,13.6,,12.5,,14.0,3,False,11.0,14.5,12.8,2,False
GAW.L,Games Workshop Group PLC,Consumer Cyclical,Leisure,16.6,19.3,,19.3,,18.4,3,False,1.4,16.7,9.0,2,False
GBF.DE,Bilfinger SE,Industrials,Engineering & Construction,16.4,12.2,,5.4,,11.3,3,False,12.4,4.9,8.6,2,False
GBLB.BR,Groupe Bruxelles Lambert SA,Financial Services,Asset Management,8.0,1.0,,0.5,,3.2,3,False,,5.3,5.3,1,True
GCP.L,GCP Infrastructure Investments Limited,Financial Services,Asset Management,18.1,2.2,,18.7,,13.0,3,False,1.3,9.0,5.2,2,False
GDWN.L,Goodwin PLC,Industrials,Specialty Industrial Machinery,19.3,4.8,,19.9,,14.7,3,False,0.0,14.5,7.2,2,False
GEBN.SW,Geberit AG,Industrials,Building Products & Equipment,3.5,19.3,,17.9,,13.6,3,False,9.7,6.3,8.0,2,False
GEN.L,Genuit Group plc,Industrials,Building Products & Equipment,13.0,4.6,,8.3,,8.6,3,False,16.0,1.7,8.8,2,False
GFRD.L,Galliford Try Holdings plc,Industrials,Engineering & Construction,11.9,17.8,,4.2,,11.3,3,False,11.2,11.2,11.2,2,False
GFTU.L,Grafton Group plc,Industrials,Industrial Distribution,12.8,6.7,,8.0,,9.2,3,False,19.4,10.9,15.2,2,False
GIVN.SW,Givaudan SA,Basic Materials,Specialty Chemicals,2.2,16.4,,13.5,,10.7,3,False,5.5,5.3,5.4,2,False
GLE.PA,Société Générale Société anonyme,Financial Services,Banks - Regional,,6.1,,9.3,,7.7,2,True,15.9,13.7,14.8,2,False
GLEN.L,Glencore plc,Basic Materials,Other Industrial Metals & Mining,1.7,14.2,,5.5,,7.1,3,False,9.2,17.1,13.2,2,False
GNC.L,Greencore Group plc,Consumer Defensive,Packaged Foods,8.4,2.2,,2.3,,4.3,3,False,0.0,14.0,7.0,2,False
GNS.L,Genus plc,Healthcare,Biotechnology,8.1,12.0,,12.4,,10.8,3,False,5.5,6.8,6.2,2,False
GPE.L,Great Portland Estates Plc,Real Estate,REIT - Office,17.5,10.4,,19.6,,15.8,3,False,20.0,11.2,15.6,2,False
GRF.MC,"Grifols, S.A.",Healthcare,Drug Manufacturers - General,2.9,10.3,,11.8,,8.3,3,False,17.4,3.0,10.2,2,False
GRG.L,Greggs plc,Consumer Cyclical,Restaurants,9.6,15.2,,10.7,,11.8,3,False,17.5,14.5,16.0,2,False
GROW.L,Molten Ventures Plc,,,,,,,,,0,True,,,,0,True
GSCT.L,The Global Smaller Companies Trust Ord,,,,,,,,,0,True,,,,0,True
GSK.L,GSK plc,Healthcare,Drug Manufacturers - General,3.3,18.6,,15.7,,12.5,3,False,16.6,10.6,13.6,2,False
HAG.DE,Hensoldt AG,Industrials,Aerospace & Defense,2.3,11.0,,6.7,,6.7,3,False,0.0,2.0,1.0,2,False
HANA.L,Hansa Investment Company Limited,Financial Services,Asset Management,,14.9,,19.2,,17.0,2,True,20.0,12.6,16.3,2,False
HAVAS.AS,Havas N.V.,Communication Services,Advertising Agencies,12.6,11.1,,9.7,,11.1,3,False,20.0,16.2,18.1,2,False
HEI.DE,Heidelberg Materials AG,Basic Materials,Building Materials,8.4,11.7,,11.6,,10.6,3,False,15.7,1.9,8.8,2,False
HEN3.DE,Henkel AG & Co. KGaA,Consumer Defensive,Household & Personal Products,13.4,8.5,,14.6,,12.2,3,False,15.2,13.4,14.3,2,False
HEXA-B.ST,Hexagon AB (publ),Technology,Scientific & Technical Instruments,7.0,16.7,,11.9,,11.9,3,False,20.0,5.1,12.6,2,False
HFD.L,Halfords Group plc,Consumer Cyclical,Specialty Retail,12.1,6.7,,5.4,,8.1,3,False,9.3,19.5,14.4,2,False
HFEL.L,Henderson Far East Income Limited,Financial Services,Asset Management,16.8,18.5,,19.2,,18.2,3,False,20.0,7.1,13.6,2,False
HFG.DE,HelloFresh SE,Consumer Defensive,Grocery Stores,4.8,1.0,,1.7,,2.5,3,False,,0.2,0.2,1,True
HGT.L,HgCapital Trust Ord,,,,,,,,,0,True,,,,0,True
HICL.L,HICL Infrastructure PLC Ord,,,,,,,,,0,True,,,,0,True
HIK.L,Hikma Pharmaceuticals PLC,Healthcare,Drug Manufacturers - Specialty & Generic,5.2,15.1,,14.8,,11.7,3,False,17.7,6.0,11.8,2,False
HILS.L,Hill & Smith PLC,Industrials,Engineering & Construction,12.3,12.5,,11.3,,12.0,3,False,0.0,16.5,8.2,2,False
HLE.DE,HELLA GmbH & Co. KGaA,Consumer Cyclical,Auto Parts,14.0,5.0,,4.8,,7.9,3,False,0.0,6.3,3.2,2,False
HM-B.ST,H & M Hennes & Mauritz AB (publ),Consumer Cyclical,Apparel Manufacturing,2.8,17.7,,10.1,,10.2,3,False,9.3,11.6,10.4,2,False
HMSO.L,Hammerson Plc,Real Estate,REIT - Retail,10.7,14.2,,17.4,,14.1,3,False,20.0,17.8,18.9,2,False
HO.PA,Thales S.A.,Industrials,Aerospace & Defense,8.6,15.1,,9.7,,11.1,3,False,13.0,5.0,9.0,2,False
HOC.L,Hochschild Mining plc,Basic Materials,Other Precious Metals & Mining,12.9,19.3,,15.6,,15.9,3,False,12.5,17.8,15.2,2,False
HOLN.SW,Holcim AG,Basic Materials,Building Materials,5.8,5.6,,6.0,,5.8,3,False,0.0,6.0,3.0,2,False
HOT.DE,HOCHTIEF Aktiengesellschaft,Industrials,Engineering & Construction,0.3,19.8,,4.4,,8.2,3,False,0.0,18.7,9.4,2,False
HRI.L,Herald Ord,,,,,,,,,0,True,,,,0,True
HSBA.L,HSBC Holdings plc,Financial Services,Banks - Diversified,,10.9,,15.6,,13.2,2,True,10.3,16.6,13.4,2,False
HSL.L,Henderson Smaller Companies Ord,,,,,,,,,0,True,,,,0,True
HSX.L,Hiscox Ltd,Financial Services,Insurance - Property & Casualty,14.4,13.9,,6.5,,11.6,3,False,8.9,14.2,11.6,2,False
HTWS.L,Helios Towers plc,Communication Services,Telecom Services,0.0,17.8,,6.2,,8.0,3,False,0.0,17.4,8.7,2,False
HWDN.L,Howden Joinery Group Plc,Consumer Cyclical,"Furnishings, Fixtures & Appliances",10.8,15.9,,15.1,,13.9,3,False,10.0,8.6,9.3,2,False
HWG.L,Harworth Group plc,Real Estate,Real Estate - Development,18.4,4.0,,6.3,,9.6,3,False,0.0,10.3,5.2,2,False
IAD.L,Invesco Asia Dragon Trust Ord,,,,,,,,,0,True,,,,0,True
IAG.L,International Consolidated Airlines Group S.A.,Industrials,Airlines,2.6,18.9,,12.5,,11.3,3,False,14.9,10.5,12.7,2,False
ICG.L,ICG plc,Financial Services,Asset Management,9.5,15.1,,17.6,,14.1,3,False,13.9,2.2,8.0,2,False
IDR.MC,"Indra Sistemas, S.A.",Technology,Information Technology Services,4.6,16.1,,9.7,,10.1,3,False,4.7,14.3,9.5,2,False
IFX.DE,Infineon Technologies AG,Technology,Semiconductors,8.0,7.8,,10.4,,8.7,3,False,0.0,15.1,7.6,2,False
IGG.L,IG Group Holdings plc,Financial Services,Capital Markets,12.0,,,16.6,,14.3,2,True,15.1,13.0,14.0,2,False
IHG.L,InterContinental Hotels Group PLC,Consumer Cyclical,Lodging,,,,16.5,,16.5,1,True,0.0,17.6,8.8,2,False
IMB.L,Imperial Brands PLC,Consumer Defensive,Tobacco,1.3,18.9,,14.2,,11.5,3,False,15.7,2.5,9.1,2,False
IMI.L,IMI plc,Industrials,Specialty Industrial Machinery,7.5,18.4,,15.9,,13.9,3,False,14.2,14.8,14.5,2,False
INDU-C.ST,AB Industrivärden (publ),Financial Services,Asset Management,18.2,18.8,,19.4,,18.8,3,False,20.0,16.7,18.4,2,False
INF.L,Informa plc,Communication Services,Publishing,9.9,6.4,,7.9,,8.1,3,False,0.0,8.9,4.4,2,False
INVE-B.ST,Investor AB (publ),Financial Services,Asset Management,16.3,18.0,,18.8,,17.7,3,False,20.0,16.1,18.0,2,False
IPN.PA,Ipsen S.A.,Healthcare,Drug Manufacturers - Specialty & Generic,12.0,13.4,,15.0,,13.5,3,False,3.2,14.1,8.6,2,False
IPO.L,IP Group Plc,Financial Services,Asset Management,16.1,3.4,,18.9,,12.8,3,False,16.6,14.4,15.5,2,False
ISP.MI,Intesa Sanpaolo S.p.A.,Financial Services,Banks - Regional,,12.1,,15.2,,13.6,2,True,12.4,12.8,12.6,2,False
ITH.L,Ithaca Energy plc,Energy,Oil & Gas E&P,7.4,8.4,,9.6,,8.5,3,False,0.0,9.6,4.8,2,False
ITRK.L,Intertek Group plc,Industrials,Specialty Business Services,2.3,17.8,,12.4,,10.8,3,False,5.7,12.6,9.2,2,False
ITX.MC,"Industria de Diseño Textil, S.A.",Consumer Cyclical,Apparel Retail,14.5,17.6,,17.4,,16.5,3,False,0.0,16.7,8.4,2,False
IWG.L,International Workplace Group plc,Real Estate,Real Estate Services,,,,3.3,,3.3,1,True,0.0,3.4,1.7,2,False
JAM.L,JPMorgan American Ord,,,,,,,,,0,True,,,,0,True
JCH.L,JPMorgan Claverhouse Ord,,,,,,,,,0,True,,,,0,True
JD.L,JD Sports Fashion Plc,Consumer Cyclical,Apparel Retail,6.9,11.9,,7.3,,8.7,3,False,18.7,7.5,13.1,2,False
JDW.L,J D Wetherspoon plc,Consumer Cyclical,Restaurants,1.5,12.9,,6.2,,6.9,3,False,17.2,16.3,16.8,2,False
JEMI.L,JPMorgan Emerging Markets Div Inc,,,,,,,,,0,True,,,,0,True
JEN.DE,Jenoptik AG,Technology,Electronic Components,7.7,8.9,,10.9,,9.2,3,False,11.4,17.5,14.4,2,False
JMAT.L,Johnson Matthey Plc,Basic Materials,Specialty Chemicals,5.1,2.9,,3.0,,3.7,3,False,,1.6,1.6,1,True
JMGI.L,JPMorgan Emerging Markets Growth & Income plc.,,,,,,,,,0,True,,,,0,True
JMT.LS,"Jerónimo Martins, SGPS, S.A.",Consumer Defensive,Food Distribution,2.3,16.2,,4.7,,7.7,3,False,13.8,5.8,9.8,2,False
JSG.L,Johnson Service Group PLC,Industrials,Specialty Business Services,9.5,10.9,,10.1,,10.2,3,False,16.2,6.6,11.4,2,False
JUP.L,Jupiter Fund Management Plc,Financial Services,Asset Management,17.7,9.5,,8.0,,11.7,3,False,17.4,9.9,13.6,2,False
KBC.BR,KBC Group NV,Financial Services,Banks - Regional,,11.4,,12.0,,11.7,2,True,8.4,14.5,11.4,2,False
KBX.DE,Knorr-Bremse AG,Consumer Cyclical,Auto Parts,9.5,14.7,,12.2,,12.1,3,False,0.0,17.5,8.8,2,False
KER.PA,Kering SA,Consumer Cyclical,Luxury Goods,6.1,2.6,,2.3,,3.7,3,False,,7.5,7.5,1,True
KGX.DE,KION GROUP AG,Industrials,Farm & Heavy Construction Machinery,4.1,5.4,,5.4,,5.0,3,False,17.5,2.1,9.8,2,False
KNIN.SW,Kuehne + Nagel International AG,Industrials,Integrated Freight & Logistics,1.8,19.1,,5.6,,8.8,3,False,0.0,16.8,8.4,2,False
KNOS.L,Kainos Group plc,Technology,Software - Application,15.6,18.0,,11.8,,15.1,3,False,8.0,11.7,9.8,2,False
KPN.AS,Koninklijke KPN N.V.,Communication Services,Telecom Services,2.4,16.5,,15.7,,11.5,3,False,9.0,11.5,10.2,2,False
KRN.DE,Krones AG,Industrials,Specialty Industrial Machinery,19.0,11.7,,7.6,,12.8,3,False,20.0,6.9,13.4,2,False
KRX.IR,Kingspan Group plc,Industrials,Building Products & Equipment,10.6,12.6,,10.3,,11.2,3,False,11.7,16.4,14.0,2,False
KRZ.IR,Kerry Group plc,Consumer Defensive,Packaged Foods,11.5,9.5,,14.8,,11.9,3,False,6.9,12.9,9.9,2,False
LAND.L,Land Securities Group Plc,Real Estate,REIT - Diversified,13.4,8.1,,14.8,,12.1,3,False,3.4,15.7,9.5,2,False
LDO.MI,Leonardo S.p.a.,Industrials,Aerospace & Defense,12.2,10.2,,8.0,,10.1,3,False,16.4,6.1,11.2,2,False
LEG.DE,LEG Immobilien SE,Real Estate,Real Estate Services,8.0,17.2,,18.5,,14.6,3,False,20.0,1.9,11.0,2,False
LGEN.L,Legal & General Group Plc,Financial Services,Asset Management,0.2,17.9,,7.2,,8.4,3,False,0.0,11.6,5.8,2,False
LHA.DE,Deutsche Lufthansa AG,Industrials,Airlines,4.0,5.1,,3.8,,4.3,3,False,3.2,10.5,6.8,2,False
LIFCO-B.ST,Lifco AB (publ),Industrials,Conglomerates,9.9,15.3,,15.5,,13.6,3,False,0.0,7.2,3.6,2,False
LLOY.L,Lloyds Banking Group plc,Financial Services,Banks - Regional,,8.8,,10.1,,9.4,2,True,9.5,13.4,11.4,2,False
LMP.L,LondonMetric Property Plc,Real Estate,REIT - Industrial,13.7,9.3,,17.1,,13.4,3,False,17.5,10.2,13.8,2,False
LONN.SW,Lonza Group AG,Healthcare,Diagnostics & Research,8.2,14.1,,4.6,,9.0,3,False,6.2,9.1,7.6,2,False
LR.PA,Legrand SA,Industrials,Electrical Equipment & Parts,5.5,14.5,,15.3,,11.8,3,False,11.2,6.5,8.8,2,False
LRE.L,Lancashire Holdings Limited,Financial Services,Insurance - Specialty,12.1,16.6,,8.1,,12.3,3,False,17.1,2.2,9.6,2,False
LWDB.L,Law Debenture Corporation Ord,,,,,,,,,0,True,,,,0,True
LXS.DE,LANXESS Aktiengesellschaft,Basic Materials,Specialty Chemicals,3.8,1.3,,1.1,,2.1,3,False,,0.5,0.5,1,True
MAB.L,Mitchells & Butlers plc,Consumer Cyclical,Restaurants,12.0,7.0,,11.7,,10.2,3,False,20.0,14.2,17.1,2,False
MAP.MC,"Mapfre, S.A.",Financial Services,Insurance - Diversified,12.7,14.6,,2.5,,9.9,3,False,13.9,9.2,11.6,2,False
MBG.DE,Mercedes-Benz Group AG,Consumer Cyclical,Auto Manufacturers,6.7,6.1,,7.8,,6.9,3,False,20.0,8.7,14.4,2,False
MC.PA,"LVMH Moët Hennessy - Louis Vuitton, Société Européenne",Consumer Cyclical,Luxury Goods,11.8,13.5,,16.7,,14.0,3,False,10.0,6.9,8.4,2,False
MGAM.L,Morgan Advanced Materials plc,Industrials,Specialty Industrial Machinery,4.6,2.3,,4.0,,3.6,3,False,,9.5,9.5,1,True
MKS.L,Marks and Spencer Group plc,Consumer Cyclical,Department Stores,7.0,8.1,,4.9,,6.7,3,False,0.0,12.5,6.2,2,False
ML.PA,Compagnie Générale des Établissements Michelin Société en commandite par actions,,,,,,,,,0,True,,,,0,True
MNDI.L,Mondi plc,Basic Materials,Paper & Paper Products,7.1,2.8,,2.2,,4.0,3,False,,1.5,1.5,1,True
MNG.L,M&G plc,Financial Services,Asset Management,3.1,6.5,,2.5,,4.0,3,False,0.0,15.3,7.6,2,False
MNKS.L,Monks Ord,,,,,,,,,0,True,,,,0,True
MNTN.L,The Schiehallion Fund Limited,Financial Services,Asset Management,,18.2,,19.3,,18.8,2,True,20.0,19.4,19.7,2,False
MONC.MI,Moncler S.p.A.,Consumer Cyclical,Apparel Manufacturing,14.1,14.1,,18.1,,15.4,3,False,11.7,9.4,10.6,2,False
MONY.L,MONY Group plc,Communication Services,Internet Content & Information,13.3,18.4,,16.6,,16.1,3,False,16.1,10.5,13.3,2,False
MRC.L,Mercantile Ord,,,,,,,,,0,True,,,,0,True
MRCH.L,Merchants Trust Ord,,,,,,,,,0,True,,,,0,True
MRK.DE,Merck KGaA,Healthcare,Drug Manufacturers - Specialty & Generic,9.1,11.0,,14.7,,11.6,3,False,4.8,12.2,8.5,2,False
MRO.L,Melrose Industries PLC,Industrials,Specialty Industrial Machinery,8.4,4.7,,6.5,,6.5,3,False,3.3,3.4,3.4,2,False
MT.AS,ArcelorMittal S.A.,Basic Materials,Steel,12.6,5.8,,6.5,,8.3,3,False,0.0,18.8,9.4,2,False
MTLN.L,Metlen Energy & Metals PLC,Utilities,Utilities - Diversified,6.1,13.6,,4.4,,8.0,3,False,8.8,10.6,9.7,2,False
MTO.L,Mitie Group plc,Industrials,Specialty Business Services,5.4,14.8,,3.5,,7.9,3,False,0.2,16.7,8.4,2,False
MTRO.L,Metro Bank Holdings PLC,Financial Services,Banks - Regional,,2.0,,4.3,,3.2,2,True,0.0,16.1,8.0,2,False
MTS.MC,ArcelorMittal S.A.,Basic Materials,Steel,12.6,5.8,,6.5,,8.3,3,False,0.0,18.9,9.4,2,False
MTX.DE,MTU Aero Engines AG,Industrials,Aerospace & Defense,10.4,16.1,,13.2,,13.2,3,False,19.6,4.6,12.1,2,False
MUT.L,Murray Income Trust Ord,,,,,,,,,0,True,,,,0,True
MUV2.DE,Münchener Rückversicherungs-Gesellschaft Aktiengesellschaft in München,Financial Services,Insurance - Reinsurance,13.6,16.3,,4.9,,11.6,3,False,11.0,4.3,7.6,2,False
MYI.L,Murray International Ord,,,,,,,,,0,True,,,,0,True
N91.L,Ninety One Group,Financial Services,Asset Management,15.4,18.3,,9.0,,14.2,3,False,13.1,5.9,9.5,2,False
NAS.L,North Atlantic Smaller Cos Ord,,,,,,,,,0,True,,,,0,True
NBPE.L,Neuberger Private Equity Partners Limited,Financial Services,Asset Management,17.0,1.8,,19.9,,12.9,3,False,0.0,4.2,2.1,2,False
NCC.L,NCC Group plc,Technology,Software - Infrastructure,8.9,2.2,,7.4,,6.2,3,False,,6.8,6.8,1,True
NDA-SE.ST,Nordea Bank Abp,Financial Services,Banks - Regional,,12.8,,16.2,,14.5,2,True,10.9,12.5,11.7,2,False
NEM.DE,Nemetschek SE,Technology,Software - Application,6.4,16.5,,16.3,,13.1,3,False,10.3,1.3,5.8,2,False
NG.L,National Grid plc,Utilities,Utilities - Regulated Electric,12.0,7.6,,16.0,,11.9,3,False,11.3,11.6,11.4,2,False
NN.AS,NN Group N.V.,Financial Services,Insurance - Diversified,8.1,5.3,,5.8,,6.4,3,False,13.8,14.9,14.4,2,False
NOVN.SW,Novartis AG,Healthcare,Drug Manufacturers - General,3.0,18.3,,17.9,,13.1,3,False,10.6,11.9,11.2,2,False
NTGY.MC,"Naturgy Energy Group, S.A.",Utilities,Utilities - Regulated Gas,9.9,18.8,,9.7,,12.8,3,False,14.1,15.3,14.7,2,False
NWG.L,NatWest Group plc,Financial Services,Banks - Regional,,12.5,,15.5,,14.0,2,True,16.3,13.2,14.8,2,False
NXT.L,NEXT plc,Consumer Cyclical,Apparel Retail,7.2,18.9,,16.2,,14.1,3,False,4.6,16.5,10.6,2,False
OCDO.L,Ocado Group plc,Consumer Defensive,Grocery Stores,5.3,0.6,,0.6,,2.2,3,False,,11.7,11.7,1,True
OCI.L,Oakley Capital Investments Limited,Financial Services,Asset Management,14.7,2.3,,18.7,,11.9,3,False,8.2,3.4,5.8,2,False
ONT.L,Oxford Nanopore Technologies plc,Healthcare,Biotechnology,14.3,5.3,,1.3,,7.0,3,False,,10.1,10.1,1,True
OR.PA,L'Oréal S.A.,Consumer Defensive,Household & Personal Products,11.2,16.0,,17.3,,14.8,3,False,0.0,11.6,5.8,2,False
ORA.PA,Orange S.A.,Communication Services,Telecom Services,3.5,11.8,,12.4,,9.2,3,False,18.2,15.1,16.6,2,False
OSB.L,OSB Group Plc,Financial Services,Mortgage Finance,,10.6,,16.9,,13.8,2,True,15.7,2.1,8.9,2,False
OXB.L,Oxford Biomedica plc,Healthcare,Biotechnology,2.0,3.6,,2.5,,2.7,3,False,,5.7,5.7,1,True
OXIG.L,Oxford Instruments plc,Technology,Scientific & Technical Instruments,13.2,11.0,,12.9,,12.4,3,False,7.2,13.7,10.4,2,False
PAF.L,Pan African Resources PLC,Basic Materials,Gold,13.7,19.3,,17.0,,16.7,3,False,10.3,15.6,13.0,2,False
PAG.L,Paragon Banking Group PLC,Financial Services,Mortgage Finance,4.2,9.6,,14.5,,9.4,3,False,11.1,2.3,6.7,2,False
PAGE.L,Michael Page Plc,Industrials,Staffing & Employment Services,7.5,4.9,,3.1,,5.2,3,False,0.0,6.2,3.1,2,False
PAH3.DE,Porsche Automobil Holding SE,Consumer Cyclical,Auto Manufacturers,16.2,3.1,,2.9,,7.4,3,False,0.0,7.0,3.5,2,False
PCGH.L,Polar Capital Glb Healthcare Ord,,,,,,,,,0,True,,,,0,True
PETS.L,Pets at Home Group Plc,Consumer Cyclical,Specialty Retail,13.0,6.7,,8.3,,9.3,3,False,12.4,12.2,12.3,2,False
PEY.L,Partners Group Private Equity Limited,Financial Services,Asset Management,,0.6,,1.3,,1.0,2,True,,1.1,1.1,1,True
PFD.L,Premier Foods plc,Consumer Defensive,Packaged Foods,14.2,8.6,,16.0,,12.9,3,False,16.6,10.4,13.5,2,False
PGHN.SW,Partners Group Holding AG,Financial Services,Asset Management,,,,17.5,,17.5,1,True,9.8,0.7,5.2,2,False
PHI.L,Pacific Horizon Ord,,,,,,,,,0,True,,,,0,True
PHIA.AS,Koninklijke Philips N.V.,Healthcare,Medical Devices,6.7,12.3,,12.0,,10.3,3,False,14.8,7.7,11.2,2,False
PHP.L,Primary Health Properties Plc,Real Estate,REIT - Healthcare Facilities,6.2,11.4,,15.7,,11.1,3,False,20.0,10.6,15.3,2,False
PIN.L,Pantheon International Ord,,,,,,,,,0,True,,,,0,True
PLUS.L,Plus500 Ltd.,Financial Services,Capital Markets,17.9,19.5,,14.1,,17.2,3,False,15.5,9.6,12.6,2,False
PNL.L,Personal Assets Ord,,,,,,,,,0,True,,,,0,True
PNN.L,Pennon Group Plc,Utilities,Utilities - Regulated Water,1.2,4.9,,6.8,,4.3,3,False,8.3,8.2,8.2,2,False
POLN.L,Pollen Street Group Limited,Financial Services,Asset Management,11.7,6.4,,16.5,,11.5,3,False,17.6,3.1,10.4,2,False
PPH.L,PPHE Hotel Group Limited,Consumer Cyclical,Lodging,3.6,16.3,,19.4,,13.1,3,False,20.0,13.6,16.8,2,False
PRN.L,Princes Group plc,Consumer Defensive,Packaged Foods,,5.6,,5.0,,5.3,2,True,20.0,,20.0,1,True
PRU.L,Prudential plc,Financial Services,Insurance - Life,12.8,15.3,,9.6,,12.6,3,False,18.9,3.6,11.2,2,False
PRX.AS,Prosus N.V.,Consumer Cyclical,Internet Retail,14.2,15.5,,19.8,,16.5,3,False,20.0,1.6,10.8,2,False
PRY.MI,Prysmian S.p.A.,Industrials,Electrical Equipment & Parts,8.0,15.9,,9.6,,11.2,3,False,12.8,16.2,14.5,2,False
PSH.L,"Pershing Square Holdings, Ltd.",Financial Services,Asset Management,12.9,0.7,,1.3,,5.0,3,False,,1.5,1.5,1,True
PST.MI,Poste Italiane S.p.A.,Industrials,Integrated Freight & Logistics,0.4,14.5,,17.4,,10.8,3,False,15.4,16.3,15.8,2,False
PTEC.L,Playtech plc,Consumer Cyclical,Gambling,15.6,1.5,,19.9,,12.3,3,False,,13.1,13.1,1,True
PUB.PA,Publicis Groupe S.A.,Communication Services,Advertising Agencies,10.4,12.9,,11.5,,11.6,3,False,17.9,16.9,17.4,2,False
PUM.DE,PUMA SE,Consumer Cyclical,Footwear & Accessories,4.8,0.9,,1.4,,2.4,3,False,,15.4,15.4,1,True
QIA.DE,Qiagen N.V.,Healthcare,Diagnostics & Research,8.4,13.8,,17.0,,13.1,3,False,15.8,7.2,11.5,2,False
QLT.L,Quilter plc,Financial Services,Asset Management,14.5,5.0,,1.9,,7.1,3,False,1.4,9.5,5.4,2,False
QQ.L,QinetiQ Group plc,Industrials,Aerospace & Defense,7.9,14.5,,8.3,,10.2,3,False,17.3,4.9,11.1,2,False
RAA.DE,RATIONAL Aktiengesellschaft,Industrials,Specialty Industrial Machinery,18.6,18.0,,18.3,,18.3,3,False,11.2,7.0,9.1,2,False
RACE.MI,Ferrari N.V.,Consumer Cyclical,Auto Manufacturers,8.2,18.6,,18.5,,15.1,3,False,0.0,7.0,3.5,2,False
RAT.L,Rathbones Group Plc,Financial Services,Asset Management,16.7,5.5,,5.1,,9.1,3,False,9.5,2.7,6.1,2,False
RCP.L,RIT Capital Partners Ord,,,,,,,,,0,True,,,,0,True
RDC.DE,Redcare Pharmacy NV,Healthcare,Pharmaceutical Retailers,5.4,6.8,,4.6,,5.6,3,False,,4.1,4.1,1,True
REC.MI,Recordati Industria Chimica e Farmaceutica S.p.A.,Healthcare,Drug Manufacturers - General,3.2,17.7,,16.8,,12.6,3,False,11.3,7.9,9.6,2,False
RED.MC,"Redeia Corporación, S.A.",Utilities,Utilities - Regulated Electric,13.7,11.3,,18.6,,14.5,3,False,12.7,5.6,9.1,2,False
REL.L,RELX PLC,Industrials,Specialty Business Services,0.3,19.9,,18.7,,13.0,3,False,12.4,1.8,7.1,2,False
REP.MC,"Repsol, S.A.",Energy,Oil & Gas Integrated,11.0,11.0,,8.0,,10.0,3,False,15.3,17.6,16.5,2,False
RHIM.L,RHI Magnesita N.V.,Industrials,Metal Fabrication,2.7,8.2,,5.4,,5.4,3,False,12.7,14.3,13.5,2,False
RI.PA,Pernod Ricard SA,Consumer Defensive,Beverages - Wineries & Distilleries,8.8,7.0,,16.5,,10.8,3,False,20.0,3.2,11.6,2,False
RICA.L,Ruffer Investment Company Limited,Financial Services,Asset Management,,6.7,,19.4,,13.0,2,True,15.3,5.0,10.2,2,False
RIO.L,Rio Tinto Group,Basic Materials,Other Industrial Metals & Mining,11.0,15.4,,15.5,,14.0,3,False,14.0,15.9,15.0,2,False
RMS.PA,Hermès International Société en commandite par actions,Consumer Cyclical,Luxury Goods,17.4,16.3,,19.2,,17.6,3,False,0.0,3.5,1.8,2,False
RMV.L,Rightmove plc,Communication Services,Internet Content & Information,17.5,19.9,,19.2,,18.9,3,False,11.0,3.7,7.4,2,False
RNK.L,The Rank Group Plc,Consumer Cyclical,Gambling,11.0,8.1,,7.4,,8.8,3,False,13.2,3.0,8.1,2,False
RNO.PA,Renault SA,Consumer Cyclical,Auto Manufacturers,1.8,5.8,,4.9,,4.2,3,False,20.0,7.8,13.9,2,False
ROP.SW,Roche Holding AG,Healthcare,Drug Manufacturers - General,4.3,18.9,,17.2,,13.5,3,False,10.6,13.8,12.2,2,False
ROR.L,Rotork plc,Industrials,Specialty Industrial Machinery,17.7,15.7,,16.9,,16.8,3,False,7.0,15.9,11.4,2,False
ROVI.MC,"Laboratorios Farmaceuticos Rovi, S.A.",Healthcare,Drug Manufacturers - Specialty & Generic,13.1,18.2,,18.2,,16.5,3,False,13.6,8.2,10.9,2,False
RR.L,Rolls-Royce Holdings plc,Industrials,Aerospace & Defense,2.9,19.8,,15.4,,12.7,3,False,9.0,13.7,11.4,2,False
RRTL.DE,RTL Group S.A.,Communication Services,Broadcasting,12.5,5.5,,16.3,,11.4,3,False,0.0,12.3,6.2,2,False
RSW.L,Renishaw plc,Technology,Scientific & Technical Instruments,17.9,8.5,,11.9,,12.8,3,False,0.0,12.9,6.4,2,False
RTO.L,Rentokil Initial plc,Industrials,Specialty Business Services,4.8,4.9,,9.8,,6.5,3,False,0.0,4.8,2.4,2,False
RTW.L,RTW Biotech Opportunities Ltd,Financial Services,Asset Management,,18.9,,19.7,,19.3,2,True,20.0,18.1,19.0,2,False
RWE.DE,RWE Aktiengesellschaft,Utilities,Utilities - Diversified,17.7,7.7,,16.9,,14.1,3,False,15.1,19.5,17.3,2,False
RYA.IR,Ryanair Holdings plc,Industrials,Airlines,19.1,16.0,,14.8,,16.6,3,False,4.8,5.6,5.2,2,False
SAAB-B.ST,Saab AB (publ),Industrials,Aerospace & Defense,14.5,13.0,,11.3,,12.9,3,False,6.0,9.7,7.8,2,False
SAF.PA,Safran SA,Industrials,Aerospace & Defense,13.7,17.3,,14.3,,15.1,3,False,11.6,10.5,11.0,2,False
SAGA.L,Saga plc,Financial Services,Insurance - Diversified,0.3,3.2,,1.8,,1.8,3,False,0.0,19.9,10.0,2,False
SAIN.L,Scottish American Ord,,,,,,,,,0,True,,,,0,True
SAN.MC,"Banco Santander, S.A.",Financial Services,Banks - Diversified,,11.0,,13.6,,12.3,2,True,11.1,16.6,13.8,2,False
SAN.PA,Sanofi,Healthcare,Drug Manufacturers - General,9.9,9.8,,12.9,,10.9,3,False,9.9,7.6,8.8,2,False
SAND.ST,Sandvik AB (publ),Industrials,Specialty Industrial Machinery,12.0,14.3,,15.3,,13.9,3,False,10.6,16.7,13.6,2,False
SAP.DE,SAP SE,Technology,Software - Application,11.1,14.3,,16.6,,14.0,3,False,12.8,4.5,8.6,2,False
SCA-B.ST,Svenska Cellulosa Aktiebolaget SCA (publ),Basic Materials,Paper & Paper Products,14.6,5.1,,12.1,,10.6,3,False,0.0,3.3,1.6,2,False
SCMN.SW,Swisscom AG,Communication Services,Telecom Services,4.1,10.8,,11.3,,8.7,3,False,1.8,14.2,8.0,2,False
SDF.DE,K+S Aktiengesellschaft,Basic Materials,Agricultural Inputs,14.0,16.3,,16.8,,15.7,3,False,20.0,13.5,16.8,2,False
SDLF.L,Standard Life plc,Financial Services,Insurance - Life,0.9,0.5,,0.7,,0.7,3,False,,16.6,16.6,1,True
SDP.L,Schroder AsiaPacific Ord,,,,,,,,,0,True,,,,0,True
SDR.L,Schroders plc,Financial Services,Asset Management,16.0,13.2,,7.5,,12.2,3,False,11.6,17.6,14.6,2,False
SEB-A.ST,Skandinaviska Enskilda Banken AB (publ),Financial Services,Banks - Regional,,11.9,,16.5,,14.2,2,True,9.0,13.1,11.0,2,False
SEIT.L,SDCL Efficiency Income Trust plc.,,,,,,,,,0,True,,,,0,True
SEQI.L,Sequoia Economic Infrastructure Income Fund Limited,Financial Services,Asset Management,,,,1.3,,1.3,1,True,13.3,7.3,10.3,2,False
SGE.L,The Sage Group plc,Technology,Software - Application,0.2,19.4,,14.4,,11.3,3,False,13.3,7.0,10.2,2,False
SGO.PA,Compagnie de Saint-Gobain S.A.,Industrials,Building Products & Equipment,9.0,9.3,,8.5,,8.9,3,False,20.0,4.0,12.0,2,False
SGRO.L,SEGRO Plc,Real Estate,REIT - Industrial,16.8,5.4,,15.1,,12.4,3,False,9.5,19.1,14.3,2,False
SHAW.L,Shawbrook Group PLC,Financial Services,Banks - Regional,,9.2,,14.4,,11.8,2,True,17.5,,17.5,1,True
SHC.L,Shaftesbury Capital PLC,Real Estate,REIT - Retail,18.9,13.3,,19.9,,17.4,3,False,20.0,10.1,15.0,2,False
SIKA.SW,Sika AG,Basic Materials,Specialty Chemicals,3.4,14.2,,11.8,,9.8,3,False,7.3,7.1,7.2,2,False
SKA-B.ST,Skanska AB (publ),Industrials,Engineering & Construction,15.2,9.4,,6.0,,10.2,3,False,11.6,11.7,11.6,2,False
SKF-B.ST,AB SKF (publ),Industrials,Tools & Accessories,13.6,6.6,,7.5,,9.2,3,False,6.9,12.2,9.6,2,False
SLHN.SW,Swiss Life Holding AG,Financial Services,Insurance - Diversified,3.4,14.0,,4.8,,7.4,3,False,1.9,8.0,5.0,2,False
SLR.MC,"Solaria Energía y Medio Ambiente, S.A.",Utilities,Utilities - Renewable,3.7,18.7,,19.7,,14.0,3,False,18.3,19.3,18.8,2,False
SMT.L,Scottish Mortgage Ord,,,,,,,,,0,True,,,,0,True
SMWH.L,WH Smith PLC,Consumer Cyclical,Specialty Retail,0.7,1.3,,1.4,,1.1,3,False,,1.3,1.3,1,True
SNR.L,Senior plc,Industrials,Aerospace & Defense,10.8,2.0,,1.3,,4.7,3,False,,16.6,16.6,1,True
SRE.L,Sirius Real Estate Limited,Real Estate,Real Estate Services,12.1,15.8,,17.2,,15.0,3,False,20.0,7.9,14.0,2,False
SREN.SW,Swiss Re AG,Financial Services,Insurance - Reinsurance,11.1,15.9,,5.4,,10.8,3,False,9.0,4.7,6.8,2,False
SRP.L,Serco Group plc,Industrials,Specialty Business Services,5.3,14.0,,5.2,,8.2,3,False,15.4,9.5,12.4,2,False
SSE.L,SSE plc,Utilities,Utilities - Diversified,17.2,10.4,,11.4,,13.0,3,False,3.4,18.7,11.0,2,False
SSIT.L,Seraphim Space Investment Trust Ord,,,,,,,,,0,True,,,,0,True
SSPG.L,SSP Group plc,Consumer Cyclical,Restaurants,0.3,5.4,,2.6,,2.8,3,False,,14.8,14.8,1,True
STAN.L,Standard Chartered PLC,Financial Services,Banks - Diversified,,6.8,,9.8,,8.3,2,True,11.6,17.2,14.4,2,False
STJ.L,St. James's Place plc,Financial Services,Asset Management,11.8,19.2,,2.0,,11.0,3,False,15.3,2.6,9.0,2,False
STLAM.MI,Stellantis N.V.,Consumer Cyclical,Auto Manufacturers,8.5,0.7,,0.9,,3.4,3,False,,1.2,1.2,1,True
STLAP.PA,Stellantis N.V.,Consumer Cyclical,Auto Manufacturers,8.5,0.7,,0.9,,3.4,3,False,,1.3,1.3,1,True
STM.DE,Stabilus SE,Industrials,Specialty Industrial Machinery,5.5,6.8,,7.0,,6.4,3,False,20.0,1.3,10.6,2,False
STMPA.PA,STMicroelectronics N.V.,Technology,Semiconductors,10.8,5.1,,7.0,,7.6,3,False,,15.7,15.7,1,True
SU.PA,Schneider Electric S.E.,Industrials,Specialty Industrial Machinery,7.2,14.8,,14.1,,12.0,3,False,6.0,13.1,9.6,2,False
SUPR.L,Supermarket Income REIT plc,Real Estate,REIT - Retail,11.7,8.4,,16.6,,12.2,3,False,14.1,12.8,13.4,2,False
SVS.L,Savills plc,Real Estate,Real Estate Services,8.2,12.7,,4.1,,8.3,3,False,6.6,13.6,10.1,2,False
SVT.L,Severn Trent PLC,Utilities,Utilities - Regulated Water,0.1,18.4,,12.7,,10.4,3,False,8.3,15.9,12.1,2,False
SW.PA,Sodexo S.A.,Industrials,Specialty Business Services,3.0,10.2,,4.1,,5.8,3,False,13.7,11.0,12.4,2,False
SWED-A.ST,Swedbank AB (publ),Financial Services,Banks - Regional,,12.6,,17.2,,14.9,2,True,9.8,16.6,13.2,2,False
TATE.L,Tate & Lyle plc,Consumer Defensive,Packaged Foods,8.0,6.1,,9.6,,7.9,3,False,2.5,15.2,8.8,2,False
TCAP.L,TP ICAP Group PLC,Financial Services,Capital Markets,2.7,6.8,,3.9,,4.5,3,False,14.8,11.9,13.4,2,False
TEF.MC,"Telefónica, S.A.",Communication Services,Telecom Services,1.9,2.3,,2.5,,2.2,3,False,,7.0,7.0,1,True
TEG.DE,TAG Immobilien AG,Real Estate,Real Estate - Diversified,6.9,4.4,,5.5,,5.6,3,False,0.0,4.5,2.2,2,False
TEL.OL,Telenor ASA,Communication Services,Telecom Services,4.7,16.4,,16.0,,12.4,3,False,16.9,6.4,11.6,2,False
TEL2-B.ST,Tele2 AB (publ),Communication Services,Telecom Services,4.4,18.8,,18.9,,14.0,3,False,16.9,13.7,15.3,2,False
TELIA.ST,Telia Company AB (publ),Communication Services,Telecom Services,3.2,10.1,,8.5,,7.3,3,False,0.0,16.7,8.4,2,False
TEM.L,Templeton Emerging Mkts Invmt Tr TEMIT,,,,,,,,,0,True,,,,0,True
TEP.L,Telecom Plus Plc,Utilities,Utilities - Diversified,14.8,19.7,,4.0,,12.8,3,False,20.0,0.4,10.2,2,False
TFIF.L,TwentyFour Income Fund Limited,Financial Services,Asset Management,,,,1.3,,1.3,1,True,8.6,2.9,5.8,2,False
THG.L,THG Plc,Consumer Cyclical,Internet Retail,5.3,1.1,,7.0,,4.5,3,False,,7.9,7.9,1,True
THRL.L,Target Healthcare REIT Ord,,,,,,,,,0,True,,,,0,True
TKA.DE,thyssenkrupp AG,Industrials,Conglomerates,17.8,3.6,,3.1,,8.2,3,False,0.0,17.9,9.0,2,False
TLX.DE,Talanx AG,Financial Services,Insurance - Diversified,10.7,16.0,,3.3,,10.0,3,False,12.3,8.7,10.5,2,False
TMPL.L,Temple Bar Ord,,,,,,,,,0,True,,,,0,True
TMV.DE,TeamViewer SE,Technology,Software - Application,0.5,19.4,,15.6,,11.8,3,False,20.0,3.5,11.8,2,False
TPK.L,Travis Perkins plc,Industrials,Industrial Distribution,10.1,1.2,,1.5,,4.3,3,False,,8.8,8.8,1,True
TRIG.L,The Renewables Infrastructure Group Limited,Utilities,Utilities - Renewable,,1.2,,1.4,,1.3,2,True,,6.0,6.0,1,True
TRN.L,Trainline plc,Consumer Cyclical,Travel Services,5.6,17.4,,17.8,,13.6,3,False,17.9,2.7,10.3,2,False
TRN.MI,Terna S.p.A.,Utilities,Utilities - Regulated Electric,5.9,15.7,,18.2,,13.3,3,False,10.8,14.9,12.8,2,False
TRY.L,TR Property Ord,,,,,,,,,0,True,,,,0,True
TSCO.L,Tesco PLC,Consumer Defensive,Grocery Stores,4.1,13.7,,6.0,,7.9,3,False,11.1,10.1,10.6,2,False
TTE.PA,TotalEnergies SE,Energy,Oil & Gas Integrated,10.5,12.1,,10.3,,11.0,3,False,11.8,12.3,12.0,2,False
TUI1.DE,TUI AG,Consumer Cyclical,Travel Services,4.2,17.8,,6.2,,9.4,3,False,20.0,7.8,13.9,2,False
TW.L,Taylor Wimpey plc,Consumer Cyclical,Residential Construction,18.7,6.4,,11.4,,12.2,3,False,11.6,4.8,8.2,2,False
UBSG.SW,UBS Group AG,Financial Services,Banks - Diversified,,7.9,,7.2,,7.6,2,True,5.7,15.7,10.7,2,False
UCG.MI,UniCredit S.p.A.,Financial Services,Banks - Regional,,13.2,,17.1,,15.2,2,True,12.6,14.9,13.8,2,False
UEM.L,Utilico Emerging Markets Ord,Financial Services,Asset Management,17.9,16.8,,19.2,,18.0,3,False,20.0,7.1,13.6,2,False
UKW.L,Greencoat UK Wind,,,,,,,,,0,True,,,,0,True
ULVR.L,Unilever PLC,Consumer Defensive,Household & Personal Products,2.4,18.4,,18.2,,13.0,3,False,9.9,9.8,9.9,2,False
UNI.MC,"Unicaja Banco, S.A.",Financial Services,Banks - Regional,,6.3,,13.2,,9.8,2,True,8.9,17.8,13.4,2,False
URW.PA,Unibail-Rodamco-Westfield SE,Real Estate,REIT - Retail,8.1,12.1,,16.0,,12.1,3,False,20.0,14.0,17.0,2,False
UTDI.DE,United Internet AG,Communication Services,Telecom Services,6.8,9.0,,7.6,,7.8,3,False,12.7,10.7,11.7,2,False
UTG.L,Unite Group PLC,Real Estate,REIT - Diversified,16.6,0.7,,0.2,,5.8,3,False,,1.2,1.2,1,True
UU.L,United Utilities Group PLC,Utilities,Utilities - Regulated Water,0.6,19.3,,17.8,,12.6,3,False,15.8,16.9,16.4,2,False
VCT.L,Victrex plc,Basic Materials,Specialty Chemicals,13.3,2.2,,1.5,,5.7,3,False,,8.3,8.3,1,True
VEIL.L,Vietnam Enterprise Ord,Financial Services,Asset Management,,15.5,,19.2,,17.4,2,True,20.0,4.0,12.0,2,False
VIE.PA,Veolia Environnement SA,Industrials,Waste Management,1.2,11.5,,4.9,,5.9,3,False,18.0,11.6,14.8,2,False
VIV.PA,Vivendi SE,Communication Services,Electronic Gaming & Multimedia,12.4,4.5,,9.3,,8.7,3,False,0.0,1.6,0.8,2,False
VOD.L,Vodafone Group Public Limited Company,Communication Services,Telecom Services,6.2,4.3,,4.4,,5.0,3,False,,17.7,17.7,1,True
VOF.L,VinaCapital Vietnam Opportunity Fund Limited,Financial Services,Asset Management,18.4,2.0,,18.4,,12.9,3,False,,2.5,2.5,1,True
VOLV-B.ST,AB Volvo (publ),Industrials,Farm & Heavy Construction Machinery,3.1,15.4,,10.8,,9.8,3,False,13.5,14.3,13.9,2,False
VSVS.L,Vesuvius plc,Basic Materials,Steel,8.0,7.0,,5.8,,6.9,3,False,3.4,5.2,4.3,2,False
VTY.L,Vistry Group PLC,Consumer Cyclical,Residential Construction,16.4,5.3,,7.7,,9.8,3,False,19.2,0.3,9.8,2,False
WAF.DE,Siltronic AG,Technology,Semiconductors,5.0,2.2,,1.8,,3.0,3,False,,15.0,15.0,1,True
WCH.DE,Wacker Chemie AG,Basic Materials,Specialty Chemicals,7.4,2.1,,1.4,,3.6,3,False,,13.9,13.9,1,True
WEIR.L,Weir PLC,Industrials,Specialty Industrial Machinery,6.7,11.6,,13.1,,10.5,3,False,11.2,8.1,9.6,2,False
WIX.L,Wickes Group plc,Consumer Cyclical,Home Improvement Retail,0.9,16.6,,5.9,,7.8,3,False,19.6,6.0,12.8,2,False
WIZZ.L,Wizz Air Holdings Plc,Industrials,Airlines,0.3,0.4,,1.5,,0.7,3,False,0.0,5.7,2.8,2,False
WKL.AS,Wolters Kluwer N.V.,Industrials,Specialty Business Services,0.4,19.9,,18.6,,13.0,3,False,20.0,0.7,10.4,2,False
WKP.L,Workspace Group Plc,Real Estate,REIT - Office,14.7,0.9,,0.2,,5.3,3,False,,6.6,6.6,1,True
WOSG.L,Watches of Switzerland Group PLC,Consumer Cyclical,Luxury Goods,8.1,13.6,,9.8,,10.5,3,False,14.3,19.6,17.0,2,False
WPP.L,WPP plc,Communication Services,Advertising Agencies,1.6,3.0,,4.2,,2.9,3,False,,11.0,11.0,1,True
WTB.L,Whitbread plc,Consumer Cyclical,Lodging,3.7,7.0,,12.2,,7.6,3,False,8.7,3.5,6.1,2,False
WWH.L,Worldwide Healthcare Ord,Financial Services,Asset Management,18.8,3.8,,19.0,,13.9,3,False,10.2,10.1,10.1,2,False
XPP.L,XP Power Limited,Industrials,Electrical Equipment & Parts,9.0,1.6,,1.5,,4.0,3,False,,18.8,18.8,1,True
XPS.L,XPS Pensions Group plc,Consumer Cyclical,Personal Services,12.5,12.4,,14.7,,13.2,3,False,8.1,8.1,8.1,2,False
ZAL.DE,Zalando SE,Consumer Cyclical,Internet Retail,11.7,4.7,,3.6,,6.7,3,False,0.0,8.9,4.4,2,False
ZURN.SW,Zurich Insurance Group AG,Financial Services,Insurance - Diversified,9.6,17.6,,4.4,,10.5,3,False,9.1,7.4,8.2,2,False
EDP.LS,"EDP, S.A.",Utilities,Utilities - Diversified,9.5,8.4,,7.4,,8.4,3,False,11.2,15.8,13.5,2,False
FSG.L,Foresight Group Holdings Limited,Financial Services,Asset Management,11.9,19.6,,9.8,,13.8,3,False,13.9,5.0,9.4,2,False
FCH.L,Funding Circle Holdings plc,Financial Services,Credit Services,5.3,16.2,,8.5,,10.0,3,False,8.1,19.3,13.7,2,False
HVPE.L,HarbourVest Global Private Equity Ltd.,Financial Services,Asset Management,15.7,4.5,,18.9,,13.0,3,False,16.3,9.7,13.0,2,False
IHP.L,IntegraFin Holdings plc,Financial Services,Asset Management,17.3,18.4,,15.6,,17.1,3,False,2.3,8.9,5.6,2,False
FHZN.SW,Flughafen Zürich AG,Industrials,Airports & Air Services,9.7,9.9,,18.8,,12.8,3,False,9.2,4.2,6.7,2,False
IAG.MC,International Consolidated Airlines Group S.A.,Industrials,Airlines,2.6,18.9,,12.5,,11.3,3,False,14.9,11.0,13.0,2,False
ENEL.MI,Enel SpA,Utilities,Utilities - Diversified,9.2,14.5,,5.1,,9.6,3,False,4.7,16.6,10.6,2,False
III.L,3i Group Ord,Financial Services,Asset Management,17.8,15.5,,19.3,,17.5,3,False,20.0,0.5,10.2,2,False
DOM.L,Domino's Pizza Group plc,Consumer Cyclical,Restaurants,,,,13.2,,13.2,1,True,18.0,12.2,15.1,2,False
FGP.L,FirstGroup plc,Industrials,Railroads,2.6,13.5,,4.6,,6.9,3,False,19.8,2.2,11.0,2,False
HBR.L,Harbour Energy plc,Energy,Oil & Gas E&P,3.6,6.3,,5.2,,5.0,3,False,10.0,5.4,7.7,2,False
HTG.L,Hunting PLC,Energy,Oil & Gas Equipment & Services,17.3,5.8,,6.1,,9.7,3,False,14.8,5.2,10.0,2,False
JEGI.L,JPMorgan European Growth & Income Ord,,,,,,,,,0,True,,,,0,True
KIE.L,Kier Group plc,Industrials,Engineering & Construction,1.3,10.2,,3.6,,5.0,3,False,9.2,11.8,10.5,2,False
SCT.L,Softcat plc,Technology,Electronics & Computer Distribution,13.2,18.8,,10.7,,14.2,3,False,0.0,11.7,5.8,2,False
RHM.DE,Rheinmetall AG,Industrials,Aerospace & Defense,10.8,16.9,,9.2,,12.3,3,False,8.3,0.5,4.4,2,False
SY1.DE,Symrise AG,Basic Materials,Specialty Chemicals,6.7,8.4,,8.6,,7.9,3,False,0.0,10.4,5.2,2,False
GXI.DE,Gerresheimer AG,Healthcare,Medical Instruments & Supplies,1.4,5.4,,2.8,,3.2,3,False,,2.9,2.9,1,True
EMSN.SW,EMS-CHEMIE HOLDING AG,Basic Materials,Specialty Chemicals,18.6,16.6,,16.4,,17.2,3,False,0.0,13.4,6.7,2,False
EPI-A.ST,Epiroc AB (publ),Industrials,Farm & Heavy Construction Machinery,12.1,15.5,,15.9,,14.5,3,False,0.0,14.7,7.4,2,False
SMIN.L,Smiths Group plc,Industrials,Specialty Industrial Machinery,8.2,10.7,,11.9,,10.3,3,False,5.5,9.9,7.7,2,False
SPX.L,Spirax Group plc,Industrials,Specialty Industrial Machinery,7.0,13.5,,14.2,,11.6,3,False,11.7,8.2,10.0,2,False
USA.L,Baillie Gifford US Growth Ord,,,,,,,,,0,True,,,,0,True
INPP.L,International Public Partnerships Limited,Financial Services,Asset Management,,6.5,,19.1,,12.8,2,True,16.4,7.8,12.1,2,False
JGGI.L,JPMorgan Global Growth & Income Ord,,,,,,,,,0,True,,,,0,True
DTE.DE,Deutsche Telekom AG,Communication Services,Telecom Services,3.4,12.4,,9.8,,8.5,3,False,12.1,10.1,11.1,2,False
SHL.DE,Siemens Healthineers AG,Healthcare,Medical Devices,5.2,13.9,,13.7,,10.9,3,False,15.0,4.3,9.6,2,False
TEMN.SW,Temenos AG,Technology,Software - Application,0.8,18.5,,15.7,,11.7,3,False,16.4,10.1,13.2,2,False
000080.KS,"HITEJINRO Co., Ltd.",Consumer Defensive,Beverages - Wineries & Distilleries,7.2,3.8,,5.2,,5.4,3,False,,2.9,2.9,1,True
000100.KS,Yuhan Corporation,Healthcare,Drug Manufacturers - Specialty & Generic,13.3,12.1,,14.4,,13.3,3,False,,2.0,2.0,1,True
000120.KS,CJ Logistics Corporation,Industrials,Integrated Freight & Logistics,6.2,4.6,,3.9,,4.9,3,False,,3.9,3.9,1,True
000150.KS,Doosan Corporation,Industrials,Conglomerates,7.8,4.5,,4.0,,5.4,3,False,,19.5,19.5,1,True
000210.KS,"DL Holdings CO., LTD.",Basic Materials,Specialty Chemicals,2.2,6.1,,6.0,,4.8,3,False,,13.3,13.3,1,True
000240.KS,"Hankook & Company Co., Ltd.",Consumer Cyclical,Auto Parts,19.2,8.4,,19.1,,15.6,3,False,,13.7,13.7,1,True
000270.KS,Kia Corporation,Consumer Cyclical,Auto Manufacturers,18.7,10.4,,10.7,,13.3,3,False,,17.6,17.6,1,True
000660.KS,SK hynix Inc.,Technology,Semiconductors,14.7,19.6,,19.9,,18.1,3,False,,19.5,19.5,1,True
000670.KS,Young Poong Corporation,Technology,Electronic Components,13.8,5.8,,6.7,,8.8,3,False,,5.0,5.0,1,True
000720.KS,"Hyundai Engineering & Construction Co.,Ltd.",Industrials,Engineering & Construction,12.4,4.7,,3.7,,6.9,3,False,,19.4,19.4,1,True
000810.KS,"Samsung Fire & Marine Insurance Co., Ltd.",Financial Services,Insurance - Property & Casualty,18.9,,,1.3,,10.1,2,True,,17.4,17.4,1,True
000880.KS,Hanwha Corporation,Industrials,Conglomerates,3.3,6.4,,3.2,,4.3,3,False,,12.4,12.4,1,True
000990.KS,"DB HiTek CO., LTD.",Technology,Semiconductors,13.5,13.7,,17.1,,14.8,3,False,,14.9,14.9,1,True
001040.KS,CJ Corporation,Industrials,Conglomerates,4.9,2.2,,2.6,,3.2,3,False,,1.4,1.4,1,True
001430.KS,SeAH Besteel Holdings Corporation,Basic Materials,Steel,5.1,7.2,,5.9,,6.1,3,False,,16.5,16.5,1,True
001440.KS,"Taihan Cable & Solution Co., Ltd.",Industrials,Electrical Equipment & Parts,9.5,2.1,,2.1,,4.6,3,False,,18.8,18.8,1,True
001450.KS,"Hyundai Marine & Fire Insurance Co., Ltd.",Financial Services,Insurance - Property & Casualty,8.0,16.6,,3.4,,9.3,3,False,,19.1,19.1,1,True
001680.KS,Daesang Corporation,Consumer Defensive,Packaged Foods,4.7,0.4,,0.8,,2.0,3,False,,4.4,4.4,1,True
001800.KS,ORION Holdings Corp.,Consumer Defensive,Confectioners,17.6,7.0,,8.3,,11.0,3,False,,17.5,17.5,1,True
002030.KS,"ASIA Holdings CO., Ltd.",Basic Materials,Building Materials,10.2,5.1,,5.2,,6.8,3,False,,0.2,0.2,1,True
002380.KS,KCC Corporation,Basic Materials,Chemicals,8.5,19.2,,19.5,,15.7,3,False,,10.4,10.4,1,True
002790.KS,AMOREPACIFIC Holdings Corp.,Consumer Defensive,Household & Personal Products,17.8,4.4,,6.6,,9.6,3,False,,10.2,10.2,1,True
002840.KS,"Miwon Commercial Co., Ltd.",Basic Materials,Chemicals,19.4,12.3,,12.7,,14.8,3,False,,2.9,2.9,1,True
003030.KS,SeAH Steel Holdings Corporation,Basic Materials,Steel,2.6,3.6,,2.5,,2.9,3,False,,0.3,0.3,1,True
003090.KS,"Daewoong Co., Ltd.",Healthcare,Drug Manufacturers - Specialty & Generic,8.0,14.1,,13.2,,11.8,3,False,,3.5,3.5,1,True
003230.KS,"Samyang Foods Co., Ltd.",Consumer Defensive,Packaged Foods,11.9,19.0,,18.1,,16.3,3,False,,9.1,9.1,1,True
003240.KS,"Taekwang Industrial Co., Ltd.",Basic Materials,Chemicals,19.5,6.5,,9.9,,12.0,3,False,,6.6,6.6,1,True
003490.KS,"Korean Airlines Co.,Ltd.",Industrials,Airlines,1.4,1.3,,2.0,,1.6,3,False,,13.4,13.4,1,True
003550.KS,LG Corp.,Technology,Consumer Electronics,17.8,5.5,,12.0,,11.8,3,False,,15.1,15.1,1,True
004000.KS,"LOTTE Fine Chemical Co., Ltd.",Basic Materials,Chemicals,18.1,9.6,,12.4,,13.4,3,False,,5.7,5.7,1,True
004020.KS,Hyundai Steel Company,Basic Materials,Steel,7.8,4.0,,3.2,,5.0,3,False,,2.4,2.4,1,True
004170.KS,SHINSEGAE Inc.,Consumer Cyclical,Department Stores,10.4,4.5,,5.9,,6.9,3,False,,19.9,19.9,1,True
004370.KS,"Nongshim Co., Ltd.",Consumer Defensive,Packaged Foods,17.2,6.6,,10.4,,11.4,3,False,,10.8,10.8,1,True
005300.KS,"Lotte Chilsung Beverage Co., Ltd.",Consumer Defensive,Beverages - Non-Alcoholic,5.9,4.3,,4.4,,4.9,3,False,,5.3,5.3,1,True
005380.KS,Hyundai Motor Company,Consumer Cyclical,Auto Manufacturers,4.9,7.7,,8.4,,7.0,3,False,,19.6,19.6,1,True
005420.KS,"Cosmo Chemical Co., Ltd.",Basic Materials,Specialty Chemicals,4.4,2.9,,2.6,,3.3,3,False,,0.9,0.9,1,True
005830.KS,"DB Insurance Co., Ltd.",Financial Services,Insurance - Property & Casualty,11.3,13.5,,3.7,,9.5,3,False,,14.6,14.6,1,True
005850.KS,SL Corporation,Consumer Cyclical,Auto Parts,17.1,12.7,,11.8,,13.9,3,False,,19.2,19.2,1,True
005930.KS,"Samsung Electronics Co., Ltd.",Technology,Consumer Electronics,16.4,17.2,,18.6,,17.4,3,False,,18.8,18.8,1,True
005940.KS,"NH Investment & Securities Co., Ltd.",Financial Services,Capital Markets,,,,3.1,,3.1,1,True,,15.9,15.9,1,True
006040.KS,"Dongwon Industries Co., Ltd.",Consumer Defensive,Packaged Foods,9.6,10.5,,9.2,,9.8,3,False,,4.7,4.7,1,True
006260.KS,LS Corp.,Industrials,Electrical Equipment & Parts,2.5,7.6,,3.4,,4.5,3,False,,18.8,18.8,1,True
006280.KS,GC Biopharma Corp.,Healthcare,Drug Manufacturers - Specialty & Generic,5.8,7.3,,4.5,,5.9,3,False,,7.2,7.2,1,True
006400.KS,"Samsung SDI Co., Ltd.",Industrials,Electrical Equipment & Parts,11.5,2.2,,2.7,,5.5,3,False,,19.8,19.8,1,True
006650.KS,"Korea Petrochemical Ind. Co., Ltd.",Basic Materials,Chemicals,14.1,7.5,,5.7,,9.1,3,False,,1.5,1.5,1,True
006800.KS,"Mirae Asset Securities Co., Ltd.",Financial Services,Capital Markets,0.6,17.8,,1.3,,6.6,3,False,,18.2,18.2,1,True
007070.KS,"GS Retail Co., Ltd.",Consumer Cyclical,Department Stores,9.8,5.5,,4.2,,6.5,3,False,,19.1,19.1,1,True
007310.KS,Otoki Corporation,Consumer Defensive,Packaged Foods,12.1,3.3,,5.2,,6.9,3,False,,3.6,3.6,1,True
007340.KS,DN Automotive Corporation,Consumer Cyclical,Auto Parts,9.0,13.8,,14.1,,12.3,3,False,,19.8,19.8,1,True
007660.KS,"ISU Petasys Co., Ltd.",Technology,Electronic Components,9.3,16.5,,14.7,,13.5,3,False,,14.2,14.2,1,True
008730.KS,"Youlchon Chemical Co.,Ltd.",Consumer Cyclical,Packaging & Containers,7.2,3.6,,4.0,,4.9,3,False,,0.8,0.8,1,True
008770.KS,"Hotel Shilla Co.,Ltd",Consumer Cyclical,Specialty Retail,5.2,1.4,,1.9,,2.8,3,False,,5.7,5.7,1,True
008930.KS,"Hanmi Science Co., Ltd.",Healthcare,Medical Distribution,12.6,15.2,,14.6,,14.1,3,False,,10.2,10.2,1,True
009150.KS,"Samsung Electro-Mechanics Co., Ltd.",Technology,Electronic Components,9.8,9.8,,10.8,,10.1,3,False,,19.8,19.8,1,True
009240.KS,"Hanssem Co., Ltd.",Consumer Cyclical,"Furnishings, Fixtures & Appliances",10.5,4.3,,3.6,,6.1,3,False,,7.4,7.4,1,True
009420.KS,"Hanall Biopharma Co., Ltd.",Healthcare,Drug Manufacturers - Specialty & Generic,10.9,6.1,,2.8,,6.6,3,False,,16.6,16.6,1,True
009540.KS,"HD Korea Shipbuilding & Offshore Engineering Co., Ltd.",Industrials,Aerospace & Defense,16.2,17.2,,13.5,,15.6,3,False,,3.8,3.8,1,True
009830.KS,Hanwha Solutions Corporation,Technology,Solar,2.4,3.3,,3.3,,3.0,3,False,,10.1,10.1,1,True
009970.KS,"Youngone Holdings Co., Ltd.",Consumer Cyclical,Apparel Manufacturing,17.7,12.3,,13.2,,14.4,3,False,,16.2,16.2,1,True
010060.KS,OCI Holdings Company Ltd.,Financial Services,Asset Management,10.0,1.2,,1.9,,4.4,3,False,,20.0,20.0,1,True
010120.KS,"LS ELECTRIC Co., Ltd.",Industrials,Electrical Equipment & Parts,8.6,14.7,,9.9,,11.1,3,False,,19.9,19.9,1,True
010140.KS,"Samsung Heavy Industries Co., Ltd.",Industrials,Aerospace & Defense,14.6,11.4,,7.3,,11.1,3,False,,5.7,5.7,1,True
010950.KS,S-Oil Corporation,Energy,Oil & Gas Refining & Marketing,5.4,12.7,,5.9,,8.0,3,False,,19.7,19.7,1,True
011070.KS,"LG Innotek Co., Ltd.",Technology,Electronic Components,9.0,10.2,,6.5,,8.6,3,False,,19.1,19.1,1,True
011170.KS,Lotte Chemical Corporation,Basic Materials,Chemicals,5.5,2.3,,1.7,,3.2,3,False,,1.9,1.9,1,True
011200.KS,"HMM Co.,Ltd",Industrials,Marine Shipping,15.7,4.5,,15.0,,11.7,3,False,,9.6,9.6,1,True
011210.KS,Hyundai Wia Corporation,Consumer Cyclical,Auto Parts,14.9,4.4,,3.8,,7.7,3,False,,16.5,16.5,1,True
011790.KS,"SKC Co., Ltd.",Basic Materials,Specialty Chemicals,1.4,0.8,,0.3,,0.8,3,False,,2.2,2.2,1,True
012330.KS,"Hyundai Mobis Co.,Ltd",Consumer Cyclical,Auto Parts,18.1,7.9,,10.5,,12.2,3,False,,18.8,18.8,1,True
0126Z0.KS,"Samsung Epis Holdings Co., Ltd.",Healthcare,Biotechnology,13.9,,,19.1,,16.5,2,True,,,,0,True
012750.KS,S-1 Corporation,Industrials,Security & Protection Services,18.7,7.4,,7.8,,11.3,3,False,,7.4,7.4,1,True
014680.KS,"Hansol Chemical Co., Ltd.",Basic Materials,Chemicals,12.5,13.1,,14.3,,13.3,3,False,,4.4,4.4,1,True
014820.KS,Dongwon Systems Corporation,Consumer Cyclical,Packaging & Containers,12.4,7.8,,8.5,,9.6,3,False,,6.6,6.6,1,True
015760.KS,Korea Electric Power Corporation,Utilities,Utilities - Regulated Electric,1.7,17.1,,8.0,,8.9,3,False,,2.6,2.6,1,True
016360.KS,"Samsung Securities Co.,Ltd.",Financial Services,Capital Markets,1.6,13.1,,3.8,,6.2,3,False,,12.7,12.7,1,True
017670.KS,"SK Telecom Co., Ltd.",Communication Services,Telecom Services,8.0,6.6,,7.2,,7.3,3,False,,19.3,19.3,1,True
017800.KS,"Hyundai Elevator Co., Ltd",Industrials,Specialty Industrial Machinery,6.6,17.9,,16.4,,13.6,3,False,,9.1,9.1,1,True
017960.KS,"Hankuk Carbon Co., Ltd.",Basic Materials,Chemicals,13.4,14.6,,12.8,,13.6,3,False,,0.7,0.7,1,True
018260.KS,"Samsung SDS Co., Ltd.",Technology,Information Technology Services,11.8,7.5,,8.1,,9.1,3,False,,13.3,13.3,1,True
018880.KS,Hanon Systems,Consumer Cyclical,Auto Parts,8.0,2.9,,2.7,,4.5,3,False,,14.4,14.4,1,True
021240.KS,"COWAY Co., Ltd.",Consumer Cyclical,"Furnishings, Fixtures & Appliances",10.2,14.4,,16.2,,13.6,3,False,,11.0,11.0,1,True
022100.KS,Posco Dx Company Ltd.,Technology,Information Technology Services,19.5,7.1,,6.8,,11.1,3,False,,7.7,7.7,1,True
023530.KS,"Lotte Shopping Co., Ltd.",Consumer Cyclical,Department Stores,8.6,3.5,,4.6,,5.6,3,False,,18.8,18.8,1,True
024110.KS,Industrial Bank of Korea,Financial Services,Banks - Regional,,,,1.3,,1.3,1,True,,8.1,8.1,1,True
026960.KS,Dong Suh Companies Inc.,Consumer Defensive,Food Distribution,19.9,8.2,,19.6,,15.9,3,False,,8.9,8.9,1,True
028260.KS,Samsung C&T Corporation,Industrials,Engineering & Construction,18.6,4.8,,9.5,,11.0,3,False,,19.2,19.2,1,True
028670.KS,"Pan Ocean Co., Ltd.",Industrials,Marine Shipping,7.2,4.8,,8.1,,6.7,3,False,,17.0,17.0,1,True
030000.KS,Cheil Worldwide Inc.,Communication Services,Advertising Agencies,14.5,12.2,,7.5,,11.4,3,False,,9.5,9.5,1,True
030200.KS,KT Corporation,Communication Services,Telecom Services,8.8,8.1,,7.4,,8.1,3,False,,13.4,13.4,1,True
032640.KS,LG Uplus Corp.,Communication Services,Telecom Services,8.6,7.1,,6.5,,7.4,3,False,,10.3,10.3,1,True
032830.KS,"Samsung Life Insurance Co., Ltd.",Financial Services,Insurance - Life,11.5,2.5,,5.3,,6.4,3,False,,19.6,19.6,1,True
033780.KS,KT&G Corporation,Consumer Defensive,Tobacco,14.9,13.1,,19.0,,15.7,3,False,,18.0,18.0,1,True
034020.KS,"Doosan Enerbility Co., Ltd.",Industrials,Specialty Industrial Machinery,9.8,3.3,,3.2,,5.4,3,False,,14.0,14.0,1,True
034220.KS,"LG Display Co., Ltd.",Technology,Consumer Electronics,1.4,1.5,,2.8,,1.9,3,False,,1.4,1.4,1,True
034230.KS,"Paradise Co., Ltd.",Consumer Cyclical,Resorts & Casinos,11.3,5.7,,11.2,,9.4,3,False,,0.4,0.4,1,True
034730.KS,SK Inc.,Industrials,Conglomerates,9.1,17.6,,8.5,,11.7,3,False,,19.7,19.7,1,True
035250.KS,"Kangwon Land, Inc.",Consumer Cyclical,Resorts & Casinos,19.3,8.7,,18.5,,15.5,3,False,,5.3,5.3,1,True
035720.KS,Kakao Corp.,Communication Services,Internet Content & Information,14.4,6.0,,7.0,,9.1,3,False,,2.2,2.2,1,True
036460.KS,Korea Gas Corporation,Utilities,Utilities - Regulated Gas,1.5,3.2,,1.9,,2.2,3,False,,5.9,5.9,1,True
036570.KS,NC Corporation,Communication Services,Electronic Gaming & Multimedia,16.5,14.2,,18.3,,16.3,3,False,,11.2,11.2,1,True
039490.KS,"Kiwoom Securities Co., Ltd.",Financial Services,Capital Markets,1.2,16.5,,3.6,,7.1,3,False,,9.7,9.7,1,True
042660.KS,"Hanwha Ocean Co., Ltd.",Industrials,Aerospace & Defense,7.3,18.1,,15.7,,13.7,3,False,,2.4,2.4,1,True
042700.KS,"HANMI Semiconductor Co., Ltd.",Technology,Semiconductor Equipment & Materials,19.6,17.6,,19.3,,18.8,3,False,,17.4,17.4,1,True
047040.KS,"Daewoo Engineering & Construction Co., Ltd.",Industrials,Engineering & Construction,4.4,0.9,,1.1,,2.1,3,False,,20.0,20.0,1,True
047050.KS,Posco International Corporation,Industrials,Conglomerates,5.7,10.2,,4.6,,6.8,3,False,,11.1,11.1,1,True
047810.KS,"Korea Aerospace Industries, Ltd.",Industrials,Aerospace & Defense,2.8,7.9,,6.1,,5.6,3,False,,12.3,12.3,1,True
051600.KS,"KEPCO Plant Service & Engineering Co.,Ltd.",Industrials,Engineering & Construction,19.6,8.2,,11.2,,13.0,3,False,,6.7,6.7,1,True
051900.KS,"LG H&H Co., Ltd.",Consumer Defensive,Household & Personal Products,17.9,1.8,,1.5,,7.1,3,False,,12.5,12.5,1,True
051910.KS,"LG Chem, Ltd.",Basic Materials,Chemicals,4.0,2.5,,2.2,,2.9,3,False,,5.0,5.0,1,True
052690.KS,"KEPCO Engineering & Construction Company, Inc.",Industrials,Engineering & Construction,19.6,4.3,,7.3,,10.4,3,False,,15.7,15.7,1,True
055550.KS,"Shinhan Financial Group Co., Ltd.",Financial Services,Banks - Regional,,5.4,,13.3,,9.4,2,True,,17.9,17.9,1,True
062040.KS,"Sanil Electric Co., Ltd.",Industrials,Electrical Equipment & Parts,19.9,18.0,,19.2,,19.0,3,False,,18.5,18.5,1,True
064350.KS,Hyundai Rotem Company,Industrials,Railroads,18.3,17.2,,15.1,,16.9,3,False,,0.6,0.6,1,True
064400.KS,"LG CNS Co., Ltd.",Technology,Information Technology Services,11.7,13.5,,10.3,,11.8,3,False,,10.5,10.5,1,True
066970.KS,"L&F Co., Ltd.",Industrials,Electrical Equipment & Parts,1.3,0.3,,0.7,,0.8,3,False,,19.0,19.0,1,True
068270.KS,"Celltrion, Inc.",Healthcare,Biotechnology,11.9,11.6,,18.9,,14.1,3,False,,9.8,9.8,1,True
069260.KS,"TKG Huchems Co., Ltd.",Basic Materials,Chemicals,16.1,8.5,,8.8,,11.1,3,False,,3.9,3.9,1,True
069620.KS,"Daewoong Pharmaceutical Co., Ltd",Healthcare,Drug Manufacturers - Specialty & Generic,5.2,15.5,,15.1,,11.9,3,False,,6.0,6.0,1,True
069960.KS,Hyundai Department Store Co. Ltd.,Consumer Cyclical,Department Stores,12.0,3.7,,10.3,,8.7,3,False,,13.1,13.1,1,True
071320.KS,Korea District Heating Corp.,Utilities,Utilities - Renewable,7.6,16.0,,8.3,,10.6,3,False,,2.5,2.5,1,True
078930.KS,GS Holdings Corp.,Industrials,Conglomerates,12.5,11.4,,11.8,,11.9,3,False,,19.8,19.8,1,True
079550.KS,"LIG Defense&Aerospace Co., Ltd.",Industrials,Aerospace & Defense,5.1,14.1,,8.8,,9.3,3,False,,14.8,14.8,1,True
081660.KS,Misto Holdings Corp.,Consumer Cyclical,Leisure,10.7,12.9,,10.5,,11.4,3,False,,13.5,13.5,1,True
082740.KS,"Hanwha Engine Co., Ltd.",Industrials,Specialty Industrial Machinery,17.7,,,17.1,,17.4,2,True,,8.5,8.5,1,True
086280.KS,"Hyundai Glovis Co., Ltd.",Industrials,Integrated Freight & Logistics,12.4,12.5,,7.3,,10.7,3,False,,13.7,13.7,1,True
086790.KS,Hana Financial Group Inc.,Financial Services,Banks - Regional,,5.5,,12.9,,9.2,2,True,,18.1,18.1,1,True
088350.KS,"Hanwha Life Insurance Co., Ltd.",Financial Services,Insurance - Life,4.7,4.1,,1.3,,3.4,3,False,,19.2,19.2,1,True
090430.KS,Amorepacific Corporation,Consumer Defensive,Household & Personal Products,17.4,5.2,,11.1,,11.2,3,False,,14.8,14.8,1,True
096770.KS,"SK Innovation Co., Ltd.",Energy,Oil & Gas Refining & Marketing,4.1,2.3,,2.0,,2.8,3,False,,6.5,6.5,1,True
097950.KS,CJ Cheiljedang Corporation,Consumer Defensive,Packaged Foods,5.7,1.5,,1.3,,2.8,3,False,,3.4,3.4,1,True
105560.KS,KB Financial Group Inc.,Financial Services,Banks - Regional,,7.2,,15.1,,11.2,2,True,,17.5,17.5,1,True
111770.KS,Youngone Corporation,Consumer Cyclical,Apparel Manufacturing,17.1,11.7,,16.7,,15.2,3,False,,14.4,14.4,1,True
112610.KS,CS Wind Corporation,Industrials,Specialty Industrial Machinery,6.7,2.4,,2.6,,3.9,3,False,,12.0,12.0,1,True
120110.KS,"Kolon Industries, Inc.",Basic Materials,Chemicals,6.4,6.2,,6.2,,6.3,3,False,,17.4,17.4,1,True
128940.KS,"Hanmi Pharm. Co., Ltd.",Healthcare,Drug Manufacturers - Specialty & Generic,11.3,15.4,,15.4,,14.0,3,False,,13.0,13.0,1,True
1333.T,Umios Corporation,Consumer Defensive,Packaged Foods,5.0,8.3,,2.1,,5.1,3,False,20.0,13.7,16.8,2,False
137310.KS,"SD Biosensor, Inc.",Healthcare,Medical Devices,14.0,5.0,,0.7,,6.6,3,False,,1.2,1.2,1,True
138040.KS,Meritz Financial Group Inc.,Financial Services,Capital Markets,,16.4,,5.4,,10.9,2,True,,6.5,6.5,1,True
138930.KS,BNK Financial Group Inc.,Financial Services,Banks - Regional,,,,5.9,,5.9,1,True,,6.9,6.9,1,True
139130.KS,"iM Financial Group Co., Ltd.",Financial Services,Banks - Regional,,3.7,,6.1,,4.9,2,True,,15.3,15.3,1,True
139480.KS,E-MART Inc.,Consumer Defensive,Discount Stores,8.1,2.3,,2.2,,4.2,3,False,,9.3,9.3,1,True
1414.T,"SHO-BOND Holdings Co.,Ltd.",Industrials,Engineering & Construction,,12.0,,17.5,,14.8,2,True,11.8,9.3,10.6,2,False
1417.T,MIRAIT ONE Corporation,Industrials,Engineering & Construction,14.0,8.2,,6.5,,9.6,3,False,14.8,13.3,14.0,2,False
161390.KS,"Hankook Tire & Technology Co., Ltd.",Consumer Cyclical,Auto Parts,12.7,8.4,,10.0,,10.4,3,False,,19.4,19.4,1,True
161890.KS,"Kolmar Korea Co., Ltd.",Consumer Defensive,Household & Personal Products,9.0,12.1,,11.0,,10.7,3,False,,19.9,19.9,1,True
1719.T,Hazama Ando Corporation,Industrials,Engineering & Construction,16.8,13.0,,9.9,,13.2,3,False,18.8,11.5,15.2,2,False
1721.T,COMSYS Holdings Corporation,Industrials,Engineering & Construction,19.5,8.4,,9.0,,12.3,3,False,10.8,16.7,13.8,2,False
175330.KS,"JB Financial Group Co., Ltd.",Financial Services,Banks - Regional,,9.7,,14.2,,12.0,2,True,,13.0,13.0,1,True
1801.T,Taisei Corporation,Industrials,Engineering & Construction,11.5,,,11.2,,11.4,2,True,16.5,12.8,14.6,2,False
1802.T,Obayashi Corporation,Industrials,Engineering & Construction,14.8,13.2,,10.4,,12.8,3,False,16.7,12.7,14.7,2,False
1803.T,Shimizu Corporation,Industrials,Engineering & Construction,10.3,14.0,,11.4,,11.9,3,False,15.9,11.4,13.6,2,False
180640.KS,Hanjin Kal,Real Estate,Real Estate Services,19.6,2.5,,1.7,,7.9,3,False,,18.0,18.0,1,True
1808.T,HASEKO Corporation,Consumer Cyclical,Residential Construction,9.7,10.4,,8.9,,9.7,3,False,7.6,14.6,11.1,2,False
1812.T,Kajima Corporation,Industrials,Engineering & Construction,9.7,,,8.8,,9.2,2,True,15.6,10.6,13.1,2,False
1820.T,"Nishimatsu Construction Co., Ltd.",Industrials,Engineering & Construction,4.8,11.8,,9.6,,8.7,3,False,19.9,9.2,14.6,2,False
185750.KS,Chong Kun Dang Pharmaceutical Corp.,Healthcare,Drug Manufacturers - Specialty & Generic,9.0,14.8,,11.8,,11.9,3,False,,3.7,3.7,1,True
1860.T,Toda Corporation,Industrials,Engineering & Construction,12.0,9.0,,9.9,,10.3,3,False,16.3,17.1,16.7,2,False
1878.T,"Daito Trust Construction Co.,Ltd.",Real Estate,Real Estate - Diversified,14.5,18.4,,5.3,,12.7,3,False,13.1,10.7,11.9,2,False
1893.T,"Penta-Ocean Construction Co., Ltd.",Industrials,Engineering & Construction,3.7,15.0,,6.6,,8.4,3,False,17.4,13.3,15.4,2,False
1911.T,"Sumitomo Forestry Co., Ltd.",Consumer Cyclical,Residential Construction,9.3,11.5,,7.0,,9.3,3,False,15.0,4.2,9.6,2,False
192080.KS,"DoubleUGames Co., Ltd.",Communication Services,Electronic Gaming & Multimedia,18.7,11.7,,17.4,,15.9,3,False,,14.7,14.7,1,True
1925.T,"Daiwa House Industry Co., Ltd.",Real Estate,Real Estate - Development,7.5,15.9,,6.0,,9.8,3,False,13.5,4.8,9.2,2,False
1928.T,"Sekisui House, Ltd.",Consumer Cyclical,Residential Construction,8.4,11.3,,11.0,,10.2,3,False,16.4,12.1,14.2,2,False
192820.KS,"Cosmax, Inc.",Consumer Defensive,Household & Personal Products,3.3,18.5,,11.7,,11.2,3,False,,18.4,18.4,1,True
1951.T,"EXEO Group, Inc.",Industrials,Engineering & Construction,13.3,8.6,,6.4,,9.4,3,False,10.8,12.8,11.8,2,False
1959.T,Kraftia Corporation,Industrials,Engineering & Construction,17.7,10.4,,11.8,,13.3,3,False,14.3,11.1,12.7,2,False
1963.T,JGC Holdings Corporation,Industrials,Engineering & Construction,17.6,10.0,,9.8,,12.5,3,False,15.2,17.5,16.4,2,False
1969.T,"Takasago Thermal Engineering Co., Ltd.",Industrials,Building Products & Equipment,16.1,14.4,,11.7,,14.1,3,False,19.7,8.8,14.2,2,False
2002.T,Nisshin Seifun Group Inc.,Consumer Defensive,Packaged Foods,15.6,5.9,,7.9,,9.8,3,False,10.1,13.3,11.7,2,False
204320.KS,HL Mando Corporation,Consumer Cyclical,Auto Parts,10.0,7.2,,5.1,,7.4,3,False,,18.9,18.9,1,True
207940.KS,"Samsung Biologics Co.,Ltd.",Healthcare,Biotechnology,13.1,16.0,,19.3,,16.1,3,False,,6.8,6.8,1,True
2127.T,Nihon M&A Center Holdings Inc.,Financial Services,Capital Markets,17.1,18.4,,9.7,,15.1,3,False,10.9,2.6,6.8,2,False
2181.T,"Persol Holdings Co.,Ltd.",Industrials,Staffing & Employment Services,13.5,15.3,,4.8,,11.2,3,False,12.5,10.9,11.7,2,False
2201.T,"Morinaga&Co., Ltd.",Consumer Defensive,Confectioners,13.9,11.4,,12.1,,12.5,3,False,20.0,8.3,14.2,2,False
2206.T,"Ezaki Glico Co., Ltd.",Consumer Defensive,Packaged Foods,16.1,5.3,,7.4,,9.6,3,False,0.0,10.4,5.2,2,False
2212.T,"Yamazaki Baking Co., Ltd.",Consumer Defensive,Packaged Foods,15.2,8.4,,7.2,,10.3,3,False,10.4,13.5,12.0,2,False
2222.T,"Kotobuki Spirits Co., Ltd.",Consumer Defensive,Confectioners,,18.3,,17.7,,18.0,2,True,3.1,19.2,11.2,2,False
2229.T,"Calbee, Inc.",Consumer Defensive,Packaged Foods,15.5,8.2,,10.0,,11.2,3,False,5.8,12.8,9.3,2,False
2264.T,"Morinaga Milk Industry Co., Ltd.",Consumer Defensive,Packaged Foods,11.4,7.7,,8.6,,9.2,3,False,12.0,17.3,14.6,2,False
2267.T,"Yakult Honsha Co.,Ltd.",Consumer Defensive,Beverages - Non-Alcoholic,15.3,7.7,,14.7,,12.6,3,False,11.8,14.4,13.1,2,False
2269.T,"Meiji Holdings Co., Ltd.",Consumer Defensive,Packaged Foods,15.4,5.4,,7.7,,9.5,3,False,0.0,18.8,9.4,2,False
2282.T,NH Foods Ltd.,Consumer Defensive,Packaged Foods,11.6,6.5,,5.8,,8.0,3,False,11.3,12.3,11.8,2,False
2327.T,NS Solutions Corporation,Technology,Information Technology Services,14.7,10.5,,10.5,,11.9,3,False,4.5,9.4,7.0,2,False
2331.T,"Alsok Co.,Ltd.",Industrials,Security & Protection Services,17.9,,,2.4,,10.1,2,True,12.4,9.6,11.0,2,False
2371.T,"Kakaku.com, Inc.",Communication Services,Internet Content & Information,16.2,17.3,,17.1,,16.9,3,False,0.0,18.5,9.2,2,False
2413.T,"M3, Inc.",Healthcare,Health Information Services,,,,15.3,,15.3,1,True,17.7,2.7,10.2,2,False
241560.KS,Doosan Bobcat Inc.,Industrials,Farm & Heavy Construction Machinery,15.4,,,7.9,,11.6,2,True,,11.1,11.1,1,True
2432.T,"DeNA Co., Ltd.",Industrials,Conglomerates,17.8,13.2,,19.1,,16.7,3,False,10.0,10.7,10.4,2,False
2433.T,Hakuhodo DY Holdings Inc,Communication Services,Advertising Agencies,13.8,6.3,,5.7,,8.6,3,False,6.5,15.0,10.8,2,False
2501.T,Sapporo Breweries Limited,Consumer Defensive,Beverages - Brewers,13.9,2.8,,19.9,,12.2,3,False,0.0,16.8,8.4,2,False
2502.T,"Asahi Group Holdings, Ltd.",Consumer Defensive,Beverages - Brewers,10.8,5.5,,10.3,,8.9,3,False,12.9,8.1,10.5,2,False
2503.T,"Kirin Holdings Company, Limited",Consumer Defensive,Beverages - Brewers,11.0,13.0,,12.7,,12.2,3,False,16.2,18.6,17.4,2,False
251270.KS,Netmarble Corporation,Communication Services,Electronic Gaming & Multimedia,15.4,7.7,,15.4,,12.8,3,False,,2.3,2.3,1,True
2531.T,Takara Holdings Inc.,Consumer Defensive,Beverages - Brewers,14.5,3.0,,7.0,,8.2,3,False,0.0,15.4,7.7,2,False
2579.T,Coca-Cola Bottlers Japan Holdings Inc.,Consumer Defensive,Beverages - Non-Alcoholic,11.3,5.2,,5.7,,7.4,3,False,0.0,19.1,9.6,2,False
2587.T,Suntory Beverage & Food Limited,Consumer Defensive,Beverages - Non-Alcoholic,19.5,7.3,,9.8,,12.2,3,False,15.0,9.0,12.0,2,False
259960.KS,"KRAFTON, Inc.",Communication Services,Electronic Gaming & Multimedia,17.7,11.0,,17.0,,15.2,3,False,,5.0,5.0,1,True
2607.T,"Fuji Oil Co., Ltd.",Consumer Defensive,Packaged Foods,5.0,5.9,,4.7,,5.2,3,False,0.0,16.5,8.2,2,False
2670.T,"ABC-Mart,Inc.",Consumer Cyclical,Apparel Retail,19.4,11.1,,15.9,,15.5,3,False,12.1,9.0,10.6,2,False
267250.KS,"HD Hyundai Co., Ltd.",Energy,Oil & Gas Refining & Marketing,9.8,16.4,,5.6,,10.6,3,False,,10.1,10.1,1,True
267260.KS,"HD Hyundai Electric Co., Ltd.",Industrials,Electrical Equipment & Parts,17.7,19.0,,18.0,,18.2,3,False,,14.7,14.7,1,True
267270.KS,"HD Construction Equipment Co., Ltd.",Industrials,Farm & Heavy Construction Machinery,13.0,10.3,,9.4,,10.9,3,False,,16.2,16.2,1,True
268280.KS,"Miwon Specialty Chemical Co., Ltd.",Basic Materials,Chemicals,16.7,14.0,,13.3,,14.7,3,False,,4.3,4.3,1,True
271560.KS,ORION Corp.,Consumer Defensive,Confectioners,18.1,9.8,,16.1,,14.7,3,False,,17.0,17.0,1,True
272210.KS,"Hanwha Systems Co., Ltd.",Industrials,Aerospace & Defense,8.1,3.2,,6.7,,6.0,3,False,,12.6,12.6,1,True
2768.T,Sojitz Corporation,Industrials,Conglomerates,3.7,8.9,,5.9,,6.2,3,False,14.6,16.3,15.4,2,False
2784.T,Alfresa Holdings Corporation,Healthcare,Medical Distribution,15.7,11.1,,9.4,,12.1,3,False,18.2,9.1,13.6,2,False
278470.KS,"APR Co., Ltd.",Consumer Defensive,Household & Personal Products,14.8,19.6,,18.5,,17.6,3,False,,19.7,19.7,1,True
2801.T,Kikkoman Corporation,Consumer Defensive,Packaged Foods,16.6,10.5,,13.4,,13.5,3,False,0.0,18.8,9.4,2,False
2802.T,"Ajinomoto Co., Inc.",Consumer Defensive,Packaged Foods,9.8,15.7,,13.5,,13.0,3,False,0.0,16.2,8.1,2,False
280360.KS,"Lotte Wellfood Co.,Ltd",Consumer Defensive,Confectioners,9.5,3.1,,4.1,,5.6,3,False,,16.7,16.7,1,True
2809.T,Kewpie Corporation,Consumer Defensive,Packaged Foods,17.0,7.6,,9.6,,11.4,3,False,1.1,14.7,7.9,2,False
2810.T,House Foods Group Inc.,Consumer Defensive,Packaged Foods,17.3,3.7,,7.6,,9.5,3,False,0.0,18.1,9.0,2,False
2811.T,"Kagome Co., Ltd.",Consumer Defensive,Packaged Foods,13.7,6.8,,9.4,,10.0,3,False,9.4,7.7,8.6,2,False
282330.KS,"BGF Retail Co., Ltd.",Consumer Defensive,Grocery Stores,18.6,15.1,,5.9,,13.2,3,False,,18.2,18.2,1,True
285130.KS,"SK Chemicals Co.,Ltd",Basic Materials,Specialty Chemicals,6.0,3.9,,4.5,,4.8,3,False,,3.3,3.3,1,True
2871.T,Nichirei Corporation,Consumer Defensive,Packaged Foods,11.1,9.2,,8.2,,9.5,3,False,8.6,15.8,12.2,2,False
2875.T,"Toyo Suisan Kaisha, Ltd.",Consumer Defensive,Packaged Foods,19.7,12.3,,16.8,,16.3,3,False,13.9,9.1,11.5,2,False
298020.KS,Hyosung TNC Corporation,Consumer Cyclical,Textile Manufacturing,6.8,8.6,,4.7,,6.7,3,False,,19.3,19.3,1,True
298040.KS,Hyosung Heavy Industries Corporation,Industrials,Electrical Equipment & Parts,15.1,16.3,,12.4,,14.6,3,False,,19.4,19.4,1,True
298050.KS,HS Hyosung Advanced Materials Corporation,Consumer Cyclical,Textile Manufacturing,2.1,6.0,,4.3,,4.1,3,False,,10.4,10.4,1,True
3003.T,"Hulic Co., Ltd.",Real Estate,Real Estate - Diversified,2.5,16.0,,9.2,,9.2,3,False,12.9,14.1,13.5,2,False
300720.KS,"Hanil Cement Co., Ltd.",Basic Materials,Building Materials,9.4,,,9.2,,9.3,2,True,,3.1,3.1,1,True
302440.KS,"SK bioscience Co.,Ltd.",Healthcare,Biotechnology,11.2,7.4,,3.0,,7.2,3,False,,3.4,3.4,1,True
3038.T,"Kobe Bussan Co., Ltd.",Consumer Defensive,Grocery Stores,15.7,16.4,,10.9,,14.3,3,False,10.1,1.1,5.6,2,False
3048.T,Bic Camera Inc.,Consumer Cyclical,Specialty Retail,12.8,10.7,,5.7,,9.7,3,False,12.0,13.7,12.8,2,False
3064.T,"MonotaRO Co., Ltd.",Consumer Cyclical,Internet Retail,16.5,17.0,,14.4,,16.0,3,False,9.6,7.5,8.6,2,False
307950.KS,Hyundai Autoever Corporation,Technology,Information Technology Services,14.0,9.9,,7.7,,10.5,3,False,,18.2,18.2,1,True
3086.T,"J. Front Retailing Co., Ltd.",Consumer Cyclical,Department Stores,8.6,6.8,,11.1,,8.8,3,False,0.0,15.7,7.8,2,False
3088.T,MatsukiyoCocokara & Co.,Healthcare,Pharmaceutical Retailers,19.4,12.9,,11.4,,14.6,3,False,7.3,4.5,5.9,2,False
3092.T,"ZOZO, Inc.",Consumer Cyclical,Internet Retail,16.1,18.9,,18.3,,17.8,3,False,13.6,5.9,9.8,2,False
3105.T,Nisshinbo Holdings Inc.,Industrials,Conglomerates,9.5,2.5,,2.4,,4.8,3,False,10.6,19.2,14.9,2,False
3107.T,"Daiwabo Holdings Co., Ltd.",Technology,Electronics & Computer Distribution,11.1,14.5,,6.0,,10.5,3,False,16.8,11.7,14.2,2,False
3116.T,Toyota Boshoku Corporation,Consumer Cyclical,Auto Parts,14.1,6.0,,4.1,,8.1,3,False,9.0,8.7,8.8,2,False
3132.T,"Macnica Holdings, Inc.",Technology,Electronics & Computer Distribution,9.1,11.4,,6.2,,8.9,3,False,1.4,15.7,8.5,2,False
316140.KS,Woori Financial Group Inc.,Financial Services,Banks - Regional,,5.1,,11.7,,8.4,2,True,,14.6,14.6,1,True
3197.T,"Skylark Holdings Co., Ltd.",Consumer Cyclical,Restaurants,9.9,9.7,,8.0,,9.2,3,False,0.0,13.4,6.7,2,False
3231.T,"Nomura Real Estate Holdings, Inc.",Real Estate,Real Estate - Development,3.0,13.1,,6.8,,7.6,3,False,11.0,8.3,9.6,2,False
323410.KS,KakaoBank Corp.,Financial Services,Banks - Regional,,4.5,,12.2,,8.4,2,True,,2.6,2.6,1,True
326030.KS,"SK Biopharmaceuticals Co., Ltd.",Healthcare,Biotechnology,16.1,19.2,,19.5,,18.3,3,False,,4.2,4.2,1,True
3288.T,"Open House Group Co., Ltd.",Real Estate,Real Estate - Diversified,5.6,18.2,,6.6,,10.1,3,False,17.9,10.7,14.3,2,False
3289.T,Tokyu Fudosan Holdings Corporation,Real Estate,Real Estate - Diversified,3.0,14.1,,6.4,,7.8,3,False,15.1,13.1,14.1,2,False
3291.T,"Iida Group Holdings Co., Ltd.",Consumer Cyclical,Residential Construction,8.7,7.3,,8.5,,8.2,3,False,13.9,10.9,12.4,2,False
329180.KS,"HD Hyundai Heavy Industries Co., Ltd.",Industrials,Aerospace & Defense,18.0,16.7,,12.8,,15.8,3,False,,4.2,4.2,1,True
3349.T,COSMOS Pharmaceutical Corporation,Healthcare,Pharmaceutical Retailers,11.0,13.7,,10.2,,11.6,3,False,9.9,2.5,6.2,2,False
3360.T,"Ship Healthcare Holdings, Inc.",Healthcare,Medical Instruments & Supplies,12.5,11.8,,9.6,,11.3,3,False,20.0,8.4,14.2,2,False
3382.T,"Seven & i Holdings Co., Ltd.",Consumer Defensive,Grocery Stores,5.9,7.4,,8.0,,7.1,3,False,11.0,10.9,11.0,2,False
3391.T,Tsuruha Holdings Inc.,Healthcare,Pharmaceutical Retailers,11.8,,,10.0,,10.9,2,True,10.4,6.9,8.6,2,False
3397.T,TORIDOLL Holdings Corporation,Consumer Cyclical,Restaurants,3.8,,,2.9,,3.4,2,True,0.0,7.5,3.8,2,False
3401.T,Teijin Limited,Industrials,Conglomerates,7.8,1.1,,1.4,,3.4,3,False,,15.8,15.8,1,True
3402.T,"Toray Industries, Inc.",Consumer Cyclical,Textile Manufacturing,12.2,6.1,,7.3,,8.5,3,False,0.0,17.7,8.8,2,False
3407.T,Asahi Kasei Corporation,Industrials,Conglomerates,10.1,8.0,,9.0,,9.0,3,False,11.3,16.0,13.6,2,False
352820.KS,"HYBE Co., Ltd.",Communication Services,Entertainment,14.2,2.4,,2.2,,6.3,3,False,,3.0,3.0,1,True
3563.T,Food & Life Companies Ltd.,Consumer Cyclical,Restaurants,3.5,17.0,,11.0,,10.5,3,False,0.0,18.6,9.3,2,False
3591.T,Wacoal Holdings Corp.,Consumer Cyclical,Apparel Manufacturing,17.5,3.2,,3.5,,8.1,3,False,15.3,3.5,9.4,2,False
360.AX,"Life360, Inc.",Technology,Software - Application,6.6,17.1,,17.8,,13.8,3,False,14.5,0.1,7.3,2,False
361610.KS,"SK IE Technology Co., Ltd.",Technology,Electronic Components,2.0,0.2,,4.1,,2.1,3,False,,1.0,1.0,1,True
3626.T,TISI Inc.,Technology,Information Technology Services,11.3,12.8,,10.6,,11.6,3,False,9.2,3.9,6.6,2,False
3635.T,"Koei Tecmo Holdings Co., Ltd.",Communication Services,Electronic Gaming & Multimedia,18.4,15.4,,19.4,,17.7,3,False,20.0,7.3,13.6,2,False
3659.T,"NEXON Co., Ltd.",Communication Services,Electronic Gaming & Multimedia,18.2,11.2,,17.9,,15.8,3,False,16.0,9.3,12.6,2,False
373220.KS,"LG Energy Solution, Ltd.",Industrials,Electrical Equipment & Parts,6.1,1.5,,1.2,,2.9,3,False,,9.2,9.2,1,True
375500.KS,"DL E&C Co.,Ltd.",Industrials,Engineering & Construction,16.1,10.1,,12.0,,12.7,3,False,,18.3,18.3,1,True
3769.T,"GMO Payment Gateway, Inc.",Technology,Software - Infrastructure,7.7,15.3,,18.1,,13.7,3,False,11.9,9.5,10.7,2,False
377300.KS,Kakao Pay Corp.,Technology,Software - Infrastructure,13.9,7.0,,10.4,,10.4,3,False,,4.6,4.6,1,True
3774.T,Internet Initiative Japan Inc.,Communication Services,Telecom Services,11.0,13.0,,9.6,,11.2,3,False,3.2,17.0,10.1,2,False
383220.KS,"F&F Co., Ltd",Consumer Cyclical,Apparel Manufacturing,16.1,16.9,,19.0,,17.3,3,False,,13.3,13.3,1,True
3861.T,Oji Holdings Corporation,Basic Materials,Paper & Paper Products,3.2,7.9,,7.0,,6.0,3,False,14.2,7.0,10.6,2,False
3923.T,"Rakus Co., Ltd.",Technology,Information Technology Services,,19.4,,19.3,,19.4,2,True,0.0,4.7,2.4,2,False
3941.T,"Rengo Co., Ltd.",Consumer Cyclical,Packaging & Containers,7.7,6.2,,6.3,,6.7,3,False,9.3,19.3,14.3,2,False
3994.T,"Money Forward, Inc.",Technology,Software - Application,4.0,8.7,,10.4,,7.7,3,False,0.0,8.3,4.2,2,False
4004.T,Resonac Holdings Corporation,Basic Materials,Chemicals,1.9,9.6,,7.7,,6.4,3,False,0.0,19.8,9.9,2,False
4005.T,"Sumitomo Chemical Company, Limited",Basic Materials,Chemicals,4.2,12.7,,7.9,,8.3,3,False,13.5,10.0,11.8,2,False
4021.T,Nissan Chemical Corporation,Basic Materials,Chemicals,14.2,16.1,,15.1,,15.1,3,False,8.8,15.8,12.3,2,False
402340.KS,"SK Square Co., Ltd.",Technology,Semiconductors,19.7,19.5,,19.9,,19.7,3,False,,19.6,19.6,1,True
4042.T,Tosoh Corporation,Basic Materials,Chemicals,11.3,,,8.9,,10.1,2,True,10.1,10.0,10.0,2,False
4043.T,Tokuyama Corporation,Basic Materials,Specialty Chemicals,7.6,,,3.8,,5.7,2,True,19.9,6.9,13.4,2,False
4045.T,"Toagosei Co., Ltd.",Basic Materials,Specialty Chemicals,16.4,8.1,,10.9,,11.8,3,False,17.9,10.8,14.4,2,False
4061.T,Denka Company Limited,Basic Materials,Chemicals,5.0,5.5,,7.1,,5.9,3,False,12.7,14.4,13.6,2,False
4062.T,"Ibiden Co.,Ltd.",Technology,Electronic Components,9.3,11.2,,14.9,,11.8,3,False,0.0,19.5,9.8,2,False
4063.T,"Shin-Etsu Chemical Co., Ltd.",Basic Materials,Chemicals,17.1,11.4,,15.2,,14.6,3,False,7.4,10.2,8.8,2,False
4091.T,Nippon Sanso Holdings Corporation,Basic Materials,Chemicals,5.7,11.8,,12.2,,9.9,3,False,10.6,6.2,8.4,2,False
4114.T,"Nippon Shokubai Co., Ltd.",Basic Materials,Chemicals,14.4,7.9,,9.2,,10.5,3,False,6.7,14.6,10.6,2,False
4118.T,Kaneka Corporation,Basic Materials,Specialty Chemicals,9.2,8.9,,7.8,,8.6,3,False,20.0,14.7,17.4,2,False
4151.T,"Kyowa Kirin Co., Ltd.",Healthcare,Drug Manufacturers - Specialty & Generic,,11.9,,16.1,,14.0,2,True,14.5,10.6,12.6,2,False
417A.T,"Blue Zones Holdings Co.,Ltd.",Consumer Defensive,Grocery Stores,12.6,11.3,,6.7,,10.2,3,False,12.2,9.3,10.8,2,False
4182.T,"Mitsubishi Gas Chemical Company, Inc.",Basic Materials,Specialty Chemicals,11.0,3.3,,2.1,,5.5,3,False,,14.9,14.9,1,True
4183.T,"Mitsui Chemicals, Inc.",Basic Materials,Specialty Chemicals,4.0,9.4,,7.3,,6.9,3,False,10.3,9.1,9.7,2,False
4186.T,"Tokyo Ohka Kogyo Co., Ltd.",Technology,Electronic Components,,6.9,,9.4,,8.2,2,True,12.5,15.6,14.0,2,False
4188.T,Mitsubishi Chemical Group Corporation,Basic Materials,Specialty Chemicals,4.7,4.6,,5.1,,4.8,3,False,,13.6,13.6,1,True
4194.T,"Visional, Inc.",Communication Services,Internet Content & Information,19.6,16.3,,16.9,,17.6,3,False,6.3,5.6,5.9,2,False
4202.T,Daicel Corporation,Basic Materials,Specialty Chemicals,4.2,5.6,,5.4,,5.1,3,False,0.0,7.5,3.8,2,False
4203.T,Sumitomo Bakelite Company Limited,Basic Materials,Specialty Chemicals,16.5,,,11.7,,14.1,2,True,12.7,15.0,13.8,2,False
4205.T,Zeon Corporation,Basic Materials,Specialty Chemicals,16.3,,,3.8,,10.0,2,True,19.5,15.7,17.6,2,False
4208.T,UBE Corporation,Basic Materials,Specialty Chemicals,4.8,7.6,,8.4,,6.9,3,False,18.7,16.2,17.4,2,False
4272.T,"Nippon Kayaku Co., Ltd.",Basic Materials,Chemicals,12.9,,,3.8,,8.4,2,True,17.4,15.3,16.4,2,False
4307.T,"Nomura Research Institute, Ltd.",Technology,Information Technology Services,5.4,6.3,,5.9,,5.9,3,False,0.0,6.0,3.0,2,False
4324.T,Dentsu Group Inc.,Communication Services,Advertising Agencies,6.7,0.7,,1.9,,3.1,3,False,,14.6,14.6,1,True
4385.T,"Mercari, Inc.",Consumer Cyclical,Internet Retail,3.1,17.0,,17.3,,12.5,3,False,13.8,19.7,16.8,2,False
4401.T,Adeka Corporation,Basic Materials,Specialty Chemicals,15.2,10.5,,10.6,,12.1,3,False,16.9,13.4,15.2,2,False
4403.T,NOF Corporation,Basic Materials,Specialty Chemicals,18.7,13.2,,14.0,,15.3,3,False,17.9,5.6,11.8,2,False
443060.KS,"HD Hyundai Marine Solution CO.,LTD.",Industrials,Aerospace & Defense,18.8,18.7,,16.3,,17.9,3,False,,7.2,7.2,1,True
4452.T,Kao Corporation,Consumer Defensive,Household & Personal Products,14.8,11.0,,12.6,,12.8,3,False,6.3,13.8,10.0,2,False
450080.KS,"Ecopro Materials Co., Ltd.",Industrials,Electrical Equipment & Parts,11.7,3.3,,9.0,,8.0,3,False,,2.7,2.7,1,True
4502.T,Takeda Pharmaceutical Company Limited,Healthcare,Drug Manufacturers - Specialty & Generic,5.6,7.8,,4.2,,5.9,3,False,,13.3,13.3,1,True
4503.T,Astellas Pharma Inc.,Healthcare,Drug Manufacturers - General,10.6,16.9,,16.3,,14.6,3,False,17.4,14.8,16.1,2,False
4506.T,"Sumitomo Pharma Co., Ltd.",Healthcare,Drug Manufacturers - Specialty & Generic,9.2,19.0,,18.1,,15.4,3,False,20.0,5.1,12.6,2,False
4507.T,"Shionogi & Co., Ltd.",Healthcare,Drug Manufacturers - Specialty & Generic,9.4,15.6,,19.6,,14.9,3,False,17.6,9.4,13.5,2,False
4516.T,"Nippon Shinyaku Co., Ltd.",Healthcare,Drug Manufacturers - Specialty & Generic,18.6,13.5,,16.7,,16.3,3,False,20.0,8.5,14.2,2,False
4519.T,"Chugai Pharmaceutical Co., Ltd.",Healthcare,Drug Manufacturers - General,,17.3,,19.2,,18.2,2,True,9.8,9.0,9.4,2,False
4523.T,"Eisai Co., Ltd.",Healthcare,Drug Manufacturers - Specialty & Generic,10.8,9.6,,11.3,,10.6,3,False,0.0,6.2,3.1,2,False
4527.T,"Rohto Pharmaceutical Co.,Ltd.",Consumer Defensive,Household & Personal Products,15.2,9.8,,14.6,,13.2,3,False,10.6,15.3,13.0,2,False
4536.T,"Santen Pharmaceutical Co., Ltd.",Healthcare,Drug Manufacturers - General,,14.3,,15.4,,14.8,2,True,16.1,10.1,13.1,2,False
4540.T,Tsumura & Co.,Healthcare,Drug Manufacturers - Specialty & Generic,9.3,11.9,,16.0,,12.4,3,False,20.0,8.3,14.2,2,False
4543.T,Terumo Corporation,Healthcare,Medical Devices,11.3,12.8,,15.5,,13.2,3,False,9.6,7.8,8.7,2,False
4544.T,"H.U. Group Holdings, Inc.",Healthcare,Diagnostics & Research,8.9,10.5,,10.8,,10.1,3,False,11.9,8.5,10.2,2,False
454910.KS,Doosan Robotics Inc.,Industrials,Specialty Industrial Machinery,17.3,0.8,,0.1,,6.1,3,False,,9.0,9.0,1,True
456040.KS,OCI Company Ltd.,Basic Materials,Specialty Chemicals,5.4,4.3,,4.6,,4.8,3,False,,15.4,15.4,1,True
457190.KS,"ISU Specialty Chemical Co., Ltd.",,,,,,,,,0,True,,,,0,True
4578.T,"Otsuka Holdings Co., Ltd.",Healthcare,Drug Manufacturers - General,15.8,14.3,,16.1,,15.4,3,False,16.4,15.4,15.9,2,False
4612.T,"Nippon Paint Holdings Co., Ltd.",Basic Materials,Specialty Chemicals,5.1,11.3,,12.4,,9.6,3,False,15.4,9.3,12.4,2,False
4613.T,"Kansai Paint Co., Ltd.",Basic Materials,Specialty Chemicals,6.0,10.2,,8.4,,8.2,3,False,15.1,9.4,12.2,2,False
4626.T,"Taiyo Holdings Co., Ltd.",Basic Materials,Specialty Chemicals,9.3,17.0,,15.3,,13.9,3,False,7.5,8.3,7.9,2,False
4631.T,DIC Corporation,Basic Materials,Specialty Chemicals,4.1,12.1,,8.7,,8.3,3,False,20.0,13.8,16.9,2,False
4661.T,"Oriental Land Co., Ltd.",Consumer Cyclical,Leisure,15.0,,,18.0,,16.5,2,True,0.0,5.5,2.8,2,False
4665.T,"Duskin Co., Ltd.",Industrials,Conglomerates,20.0,5.5,,7.6,,11.0,3,False,0.0,12.7,6.4,2,False
4666.T,"PARK24 Co., Ltd.",Industrials,Infrastructure Operations,3.1,18.9,,13.3,,11.8,3,False,16.4,9.1,12.8,2,False
4676.T,"Fuji Media Holdings, Inc.",Communication Services,Broadcasting,5.5,5.3,,6.1,,5.6,3,False,0.0,16.1,8.0,2,False
4680.T,Round One Corporation,Consumer Cyclical,Leisure,2.6,15.1,,2.9,,6.9,3,False,10.0,11.7,10.8,2,False
4681.T,"Resorttrust, Inc.",Consumer Cyclical,Resorts & Casinos,15.6,12.5,,13.5,,13.9,3,False,11.0,10.6,10.8,2,False
4684.T,"OBIC Co.,Ltd.",Technology,Software - Application,,13.5,,19.7,,16.6,2,True,11.3,7.1,9.2,2,False
4689.T,LY Corporation,Consumer Cyclical,Internet Retail,10.9,8.5,,14.3,,11.2,3,False,14.8,15.3,15.0,2,False
4704.T,Trend Micro Incorporated,Technology,Software - Infrastructure,,17.0,,13.4,,15.2,2,True,16.4,2.6,9.5,2,False
4732.T,"USS Co., Ltd.",Consumer Cyclical,Auto & Truck Dealerships,19.4,15.5,,2.9,,12.6,3,False,4.7,15.4,10.0,2,False
4733.T,"OBIC Business Consultants Co., Ltd.",Technology,Information Technology Services,,10.4,,19.0,,14.7,2,True,0.0,6.5,3.2,2,False
4751.T,"CyberAgent, Inc.",Communication Services,Advertising Agencies,13.1,15.1,,7.3,,11.8,3,False,17.4,4.2,10.8,2,False
4768.T,Otsuka Corporation,Technology,Information Technology Services,18.2,13.6,,8.3,,13.4,3,False,8.1,10.5,9.3,2,False
483650.KS,"d'Alba Global Co., Ltd.",Consumer Defensive,Household & Personal Products,19.1,19.4,,17.7,,18.7,3,False,,17.8,17.8,1,True
4887.T,"Sawai Group Holdings Co., Ltd.",Healthcare,Drug Manufacturers - Specialty & Generic,6.4,,,6.8,,6.6,2,True,14.4,3.1,8.8,2,False
4901.T,FUJIFILM Holdings Corporation,Industrials,Conglomerates,14.5,5.8,,10.8,,10.4,3,False,10.8,5.1,8.0,2,False
4902.T,"Konica Minolta, Inc.",Industrials,Business Equipment & Supplies,8.5,5.4,,4.9,,6.3,3,False,16.5,13.5,15.0,2,False
4911.T,"Shiseido Company, Limited",Consumer Defensive,Household & Personal Products,10.9,1.3,,1.4,,4.5,3,False,,19.0,19.0,1,True
4912.T,Lion Corporation,Consumer Defensive,Household & Personal Products,16.8,8.9,,11.3,,12.3,3,False,13.3,15.7,14.5,2,False
4922.T,KOSE Holdings Corporation,Consumer Defensive,Household & Personal Products,18.1,4.5,,9.0,,10.5,3,False,7.6,9.8,8.7,2,False
4927.T,Pola Orbis Holdings Inc.,Consumer Defensive,Household & Personal Products,19.9,6.7,,11.4,,12.7,3,False,5.1,12.2,8.6,2,False
4967.T,"Kobayashi Pharmaceutical Co., Ltd.",Consumer Defensive,Household & Personal Products,19.8,2.2,,3.3,,8.4,3,False,0.0,12.0,6.0,2,False
4980.T,Dexerials Corporation,Technology,Electronic Components,11.8,,,17.7,,14.8,2,True,17.0,12.2,14.6,2,False
4DX.AX,4DMedical Limited,Healthcare,Medical Devices,15.6,0.8,,6.8,,7.7,3,False,,16.0,16.0,1,True
5016.T,JX Advanced Metals Corporation,Technology,Semiconductor Equipment & Materials,5.3,15.6,,14.4,,11.8,3,False,16.4,16.3,16.4,2,False
5019.T,"Idemitsu Kosan Co.,Ltd.",Energy,Oil & Gas Refining & Marketing,2.9,15.8,,6.0,,8.2,3,False,15.3,10.0,12.6,2,False
5020.T,"ENEOS Holdings, Inc.",Energy,Oil & Gas Refining & Marketing,9.0,14.4,,7.0,,10.1,3,False,10.0,10.3,10.2,2,False
5021.T,"Cosmo Energy Holdings Co., Ltd.",Energy,Oil & Gas Integrated,7.9,15.9,,7.1,,10.3,3,False,14.1,5.7,9.9,2,False
5101.T,"The Yokohama Rubber Company, Limited",Consumer Cyclical,Auto Parts,11.6,12.1,,15.2,,13.0,3,False,20.0,17.8,18.9,2,False
5105.T,Toyo Tire Corporation,Consumer Cyclical,Auto Parts,17.5,10.5,,14.5,,14.2,3,False,18.8,9.9,14.4,2,False
5108.T,Bridgestone Corporation,Consumer Cyclical,Auto Parts,15.7,10.3,,13.8,,13.3,3,False,5.3,16.4,10.8,2,False
5110.T,"Sumitomo Rubber Industries, Ltd.",Consumer Cyclical,Auto Parts,12.4,9.0,,9.1,,10.2,3,False,19.2,17.0,18.1,2,False
5201.T,AGC Inc.,Industrials,Conglomerates,12.7,5.0,,6.4,,8.0,3,False,12.6,12.5,12.6,2,False
5214.T,"Nippon Electric Glass Co., Ltd.",Technology,Electronic Components,12.4,6.9,,10.9,,10.1,3,False,20.0,7.5,13.8,2,False
5232.T,"Sumitomo Osaka Cement Co., Ltd.",Basic Materials,Building Materials,9.1,8.2,,9.0,,8.8,3,False,14.1,14.3,14.2,2,False
5233.T,Taiheiyo Cement Corporation,Basic Materials,Building Materials,4.8,6.9,,6.6,,6.1,3,False,11.4,7.2,9.3,2,False
5301.T,"Tokai Carbon Co., Ltd.",Basic Materials,Specialty Chemicals,6.6,8.5,,9.4,,8.2,3,False,13.9,17.5,15.7,2,False
5332.T,TOTO LTD.,Industrials,Building Products & Equipment,18.3,5.9,,8.1,,10.8,3,False,13.4,17.9,15.6,2,False
5334.T,"Niterra Co., Ltd.",Consumer Cyclical,Auto Parts,15.1,16.1,,18.8,,16.7,3,False,13.7,18.3,16.0,2,False
5344.T,"Maruwa Co.,Ltd.",Technology,Electronic Components,,,,17.6,,17.6,1,True,6.3,12.3,9.3,2,False
5393.T,Nichias Corporation,Industrials,Conglomerates,18.3,,,2.4,,10.4,2,True,4.0,18.8,11.4,2,False
5401.T,Nippon Steel Corporation,Basic Materials,Steel,3.3,7.6,,6.1,,5.7,3,False,0.0,7.3,3.6,2,False
5406.T,"Kobe Steel, Ltd.",Basic Materials,Steel,7.2,7.7,,6.3,,7.1,3,False,20.0,8.5,14.2,2,False
5411.T,"JFE Holdings, Inc.",Basic Materials,Steel,3.7,6.3,,5.6,,5.2,3,False,11.1,5.1,8.1,2,False
5463.T,Maruichi Steel Tube Ltd.,Basic Materials,Steel,18.9,9.7,,12.7,,13.8,3,False,14.6,12.5,13.6,2,False
5471.T,"Daido Steel Co., Ltd.",Basic Materials,Steel,10.0,8.9,,9.7,,9.5,3,False,15.4,17.5,16.4,2,False
5706.T,"Mitsui Kinzoku Company, Limited",Industrials,Conglomerates,14.7,17.9,,16.1,,16.2,3,False,9.1,19.6,14.4,2,False
5711.T,Mitsubishi Materials Corporation,Basic Materials,Other Industrial Metals & Mining,3.5,13.7,,8.3,,8.5,3,False,10.1,18.5,14.3,2,False
5713.T,"Sumitomo Metal Mining Co., Ltd.",Basic Materials,Other Industrial Metals & Mining,11.3,11.7,,13.3,,12.1,3,False,12.0,19.3,15.6,2,False
5714.T,"Dowa Holdings Co., Ltd.",Basic Materials,Other Industrial Metals & Mining,13.0,15.1,,11.9,,13.3,3,False,19.6,18.1,18.8,2,False
5801.T,"Furukawa Electric Co., Ltd.",Industrials,Electrical Equipment & Parts,7.8,16.0,,9.5,,11.1,3,False,5.3,20.0,12.6,2,False
5802.T,"Sumitomo Electric Industries, Ltd.",Consumer Cyclical,Auto Parts,15.5,13.1,,12.5,,13.7,3,False,8.9,19.8,14.4,2,False
5803.T,Fujikura Ltd.,Industrials,Conglomerates,16.3,18.7,,16.8,,17.3,3,False,0.0,19.5,9.8,2,False
5830.T,"Iyogin Holdings, Inc.",Financial Services,Banks - Regional,,4.2,,12.8,,8.5,2,True,6.6,19.1,12.8,2,False
5831.T,"Shizuoka Financial Group,Inc.",Financial Services,Banks - Regional,,4.7,,9.8,,7.2,2,True,0.0,19.3,9.6,2,False
5832.T,"Chugin Financial Group,Inc.",Financial Services,Banks - Regional,,3.5,,7.7,,5.6,2,True,6.2,18.3,12.2,2,False
5838.T,"Rakuten Bank, Ltd.",Financial Services,Banks - Regional,,15.8,,15.2,,15.5,2,True,7.1,0.9,4.0,2,False
5844.T,"Kyoto Financial Group,Inc.",Financial Services,Banks - Regional,,4.4,,12.6,,8.5,2,True,8.3,18.1,13.2,2,False
5901.T,"Toyo Seikan Group Holdings, Ltd.",Consumer Cyclical,Packaging & Containers,15.2,8.2,,9.9,,11.1,3,False,15.9,17.6,16.8,2,False
5929.T,Sanwa Holdings Corporation,Industrials,Building Products & Equipment,16.9,14.4,,11.9,,14.4,3,False,20.0,3.8,11.9,2,False
5938.T,LIXIL Corporation,Industrials,Building Products & Equipment,5.1,2.5,,2.7,,3.4,3,False,0.0,6.9,3.4,2,False
5947.T,Rinnai Corporation,Consumer Cyclical,"Furnishings, Fixtures & Appliances",19.1,9.1,,12.5,,13.6,3,False,12.3,11.7,12.0,2,False
5991.T,"NHK Spring Co., Ltd.",Consumer Cyclical,Auto Parts,17.2,8.3,,8.2,,11.2,3,False,1.6,18.9,10.2,2,False
6005.T,"Miura Co., Ltd.",Industrials,Specialty Industrial Machinery,17.4,11.0,,13.6,,14.0,3,False,20.0,10.1,15.0,2,False
6098.T,"Recruit Holdings Co., Ltd.",Communication Services,Internet Content & Information,16.7,18.3,,15.6,,16.9,3,False,0.0,19.8,9.9,2,False
6113.T,"Amada Co., Ltd.",Industrials,Specialty Industrial Machinery,16.6,,,10.4,,13.5,2,True,12.3,16.2,14.2,2,False
6134.T,Fuji Corporation,Industrials,Specialty Industrial Machinery,,,,14.1,,14.1,1,True,2.8,19.7,11.2,2,False
6136.T,OSG Corporation,Industrials,Tools & Accessories,15.6,9.3,,14.3,,13.1,3,False,16.0,18.6,17.3,2,False
6141.T,"DMG Mori Co., Ltd.",Industrials,Specialty Industrial Machinery,13.4,3.4,,6.9,,7.9,3,False,0.0,8.1,4.0,2,False
6146.T,Disco Corporation,Technology,Semiconductor Equipment & Materials,,16.7,,18.7,,17.7,2,True,11.1,11.1,11.1,2,False
6269.T,"MODEC, Inc.",Energy,Oil & Gas Equipment & Services,15.6,18.5,,10.0,,14.7,3,False,20.0,4.9,12.4,2,False
6273.T,SMC Corporation,Industrials,Specialty Industrial Machinery,19.8,8.1,,18.6,,15.5,3,False,12.0,17.3,14.6,2,False
6301.T,Komatsu Ltd.,Industrials,Farm & Heavy Construction Machinery,11.4,9.8,,12.3,,11.2,3,False,14.2,16.4,15.3,2,False
6302.T,"Sumitomo Heavy Industries, Ltd.",Industrials,Specialty Industrial Machinery,12.7,5.0,,5.6,,7.8,3,False,18.3,17.9,18.1,2,False
6323.T,Rorze Corporation,Technology,Semiconductor Equipment & Materials,12.5,12.7,,15.3,,13.5,3,False,15.0,15.8,15.4,2,False
6326.T,Kubota Corporation,Industrials,Farm & Heavy Construction Machinery,8.1,8.3,,11.5,,9.3,3,False,18.8,17.6,18.2,2,False
6367.T,"Daikin Industries,Ltd.",Industrials,Building Products & Equipment,12.5,7.9,,7.7,,9.4,3,False,14.7,12.8,13.8,2,False
6368.T,Organo Corporation,Industrials,Pollution & Treatment Controls,14.9,15.6,,16.7,,15.7,3,False,11.1,11.1,11.1,2,False
6370.T,Kurita Water Industries Ltd.,Industrials,Pollution & Treatment Controls,13.7,11.5,,8.8,,11.3,3,False,10.0,17.6,13.8,2,False
6383.T,"Daifuku Co., Ltd.",Industrials,Specialty Industrial Machinery,17.5,,,14.8,,16.2,2,True,11.7,12.6,12.1,2,False
6417.T,"Sankyo Co., Ltd.",Consumer Cyclical,Gambling,,12.2,,18.7,,15.4,2,True,20.0,4.4,12.2,2,False
6436.T,Amano Corporation,Technology,Scientific & Technical Instruments,14.1,12.8,,12.7,,13.2,3,False,20.0,6.6,13.3,2,False
6457.T,Glory Ltd.,Industrials,Business Equipment & Supplies,11.4,6.4,,7.4,,8.4,3,False,8.0,14.5,11.2,2,False
6465.T,Hoshizaki Corporation,Industrials,Specialty Industrial Machinery,19.2,8.1,,10.6,,12.6,3,False,15.4,8.3,11.9,2,False
6473.T,JTEKT Corporation,Consumer Cyclical,Auto Parts,15.3,4.2,,4.0,,7.8,3,False,0.0,18.3,9.2,2,False
6479.T,MINEBEA MITSUMI Inc.,Technology,Electronic Components,6.4,,,9.5,,8.0,2,True,20.0,10.8,15.4,2,False
6481.T,"THK Co., Ltd.",Industrials,Specialty Industrial Machinery,10.9,6.6,,0.6,,6.0,3,False,9.4,18.1,13.8,2,False
6501.T,"Hitachi, Ltd.",Industrials,Conglomerates,16.5,,,10.4,,13.4,2,True,0.0,15.4,7.7,2,False
6504.T,"Fuji Electric Co., Ltd.",Industrials,Electrical Equipment & Parts,17.7,11.8,,11.9,,13.8,3,False,16.3,15.6,16.0,2,False
6526.T,Socionext Inc.,Industrials,Electrical Equipment & Parts,,5.0,,5.8,,5.4,2,True,2.1,1.4,1.8,2,False
6532.T,"Baycurrent, Inc.",Industrials,Consulting Services,18.2,18.7,,18.8,,18.6,3,False,4.0,5.8,4.9,2,False
6544.T,"Japan Elevator Service Holdings Co.,Ltd.",Industrials,Specialty Business Services,15.0,18.5,,15.1,,16.2,3,False,0.0,3.3,1.6,2,False
6586.T,Makita Corporation,Industrials,Tools & Accessories,19.2,6.9,,13.5,,13.2,3,False,14.6,10.4,12.5,2,False
6592.T,"Mabuchi Motor Co., Ltd.",Consumer Cyclical,Auto Parts,18.5,9.2,,16.9,,14.9,3,False,13.1,18.0,15.6,2,False
6632.T,JVCKENWOOD Corporation,Consumer Cyclical,Auto Parts,12.6,9.8,,7.8,,10.1,3,False,19.1,7.3,13.2,2,False
6645.T,OMRON Corporation,Technology,Electronic Components,9.4,6.6,,7.7,,7.9,3,False,4.1,14.6,9.4,2,False
6674.T,GS Yuasa Corporation,Consumer Cyclical,Auto Parts,14.6,10.9,,2.9,,9.5,3,False,15.9,18.8,17.4,2,False
6701.T,NEC Corporation,Technology,Information Technology Services,10.5,12.2,,10.8,,11.2,3,False,4.7,7.8,6.2,2,False
6702.T,Fujitsu Limited,Technology,Information Technology Services,15.4,13.2,,11.3,,13.3,3,False,6.7,9.2,8.0,2,False
6707.T,"Sanken Electric Co., Ltd.",Technology,Semiconductors,4.9,2.4,,1.8,,3.0,3,False,,7.3,7.3,1,True
6723.T,Renesas Electronics Corporation,Technology,Semiconductors,7.9,12.1,,17.3,,12.4,3,False,19.9,16.6,18.2,2,False
6724.T,Seiko Epson Corporation,Technology,Computer Hardware,9.5,5.2,,5.6,,6.8,3,False,0.0,15.3,7.6,2,False
6728.T,"ULVAC, Inc.",Industrials,Specialty Industrial Machinery,15.9,6.2,,9.4,,10.5,3,False,15.4,11.7,13.6,2,False
6752.T,Panasonic Holdings Corporation,Technology,Consumer Electronics,10.2,6.6,,6.7,,7.8,3,False,0.0,18.3,9.2,2,False
6753.T,Sharp Corporation,Technology,Consumer Electronics,1.7,9.3,,5.2,,5.4,3,False,20.0,3.4,11.7,2,False
6754.T,Anritsu Corporation,Technology,Scientific & Technical Instruments,17.1,10.2,,12.9,,13.4,3,False,7.2,15.7,11.4,2,False
6758.T,Sony Group Corporation,Technology,Consumer Electronics,11.2,11.7,,3.5,,8.8,3,False,10.4,6.2,8.3,2,False
6762.T,TDK Corporation,Technology,Electronic Components,9.2,10.5,,11.1,,10.3,3,False,10.0,13.0,11.5,2,False
6770.T,"Alps Alpine Co., Ltd.",Technology,Electronic Components,11.0,7.3,,6.3,,8.2,3,False,18.0,10.7,14.4,2,False
6806.T,"Hirose Electric Co.,Ltd.",Technology,Electronic Components,17.9,8.9,,14.5,,13.8,3,False,12.0,12.9,12.4,2,False
6845.T,Azbil Corporation,Industrials,Specialty Industrial Machinery,17.6,13.6,,15.2,,15.5,3,False,16.2,9.7,13.0,2,False
6849.T,Nihon Kohden Corporation,Healthcare,Medical Devices,13.5,10.9,,11.6,,12.0,3,False,17.2,5.0,11.1,2,False
6856.T,"HORIBA, Ltd.",Technology,Scientific & Technical Instruments,12.0,11.3,,13.2,,12.2,3,False,15.6,16.2,15.9,2,False
6857.T,Advantest Corporation,Technology,Semiconductor Equipment & Materials,14.2,19.0,,19.2,,17.5,3,False,3.3,17.4,10.4,2,False
6861.T,Keyence Corporation,Technology,Scientific & Technical Instruments,,,,19.2,,19.2,1,True,2.1,13.7,7.9,2,False
6869.T,Sysmex Corporation,Healthcare,Medical Devices,11.4,11.2,,12.6,,11.7,3,False,4.7,8.8,6.8,2,False
6902.T,DENSO Corporation,Consumer Cyclical,Auto Parts,15.4,9.1,,10.2,,11.6,3,False,16.0,8.0,12.0,2,False
6920.T,Lasertec Corporation,Technology,Semiconductor Equipment & Materials,,17.8,,18.9,,18.4,2,True,14.0,14.8,14.4,2,False
6923.T,"Stanley Electric Co., Ltd.",Consumer Cyclical,Auto Parts,13.8,7.8,,10.5,,10.7,3,False,12.1,16.2,14.2,2,False
6925.T,Ushio Inc.,Industrials,Specialty Industrial Machinery,13.8,5.5,,10.5,,9.9,3,False,2.4,18.2,10.3,2,False
6951.T,JEOL Ltd.,Technology,Scientific & Technical Instruments,14.3,10.2,,4.1,,9.5,3,False,19.7,12.7,16.2,2,False
6954.T,Fanuc Corporation,Industrials,Specialty Industrial Machinery,,8.3,,18.2,,13.2,2,True,6.9,16.0,11.4,2,False
6963.T,"ROHM Co., Ltd.",Technology,Semiconductors,6.5,,,0.8,,3.6,2,True,,17.3,17.3,1,True
6965.T,Hamamatsu Photonics K.K.,Technology,Electronic Components,9.7,6.9,,10.2,,8.9,3,False,0.0,13.4,6.7,2,False
6971.T,Kyocera Corporation,Industrials,Conglomerates,17.3,4.4,,11.0,,10.9,3,False,0.0,18.6,9.3,2,False
6976.T,"Taiyo Yuden Co., Ltd.",Technology,Electronic Components,7.9,6.8,,8.5,,7.7,3,False,0.0,18.3,9.2,2,False
6981.T,"Murata Manufacturing Co., Ltd.",Technology,Electronic Components,17.6,9.5,,14.1,,13.7,3,False,0.0,17.8,8.9,2,False
6988.T,Nitto Denko Corporation,Basic Materials,Specialty Chemicals,,12.2,,13.6,,12.9,2,True,16.1,4.7,10.4,2,False
7003.T,"MITSUI E&S Co., Ltd.",Industrials,Aerospace & Defense,13.2,15.2,,13.8,,14.1,3,False,20.0,6.6,13.3,2,False
7011.T,"Mitsubishi Heavy Industries, Ltd.",Industrials,Specialty Industrial Machinery,14.9,12.2,,11.0,,12.7,3,False,0.0,7.1,3.6,2,False
7012.T,"Kawasaki Heavy Industries, Ltd.",Industrials,Conglomerates,6.5,12.0,,7.5,,8.7,3,False,5.1,14.2,9.6,2,False
7013.T,IHI Corporation,Industrials,Specialty Industrial Machinery,8.9,18.2,,14.8,,14.0,3,False,17.6,6.2,11.9,2,False
7164.T,"ZENKOKU HOSHO Co.,Ltd.",Financial Services,Credit Services,16.0,11.8,,18.3,,15.4,3,False,11.7,3.7,7.7,2,False
7167.T,"Mebuki Financial Group,Inc.",Financial Services,Banks - Regional,,5.9,,9.6,,7.8,2,True,1.7,19.2,10.4,2,False
7180.T,"Kyushu Financial Group, Inc.",Financial Services,Banks - Regional,,2.4,,6.9,,4.6,2,True,2.6,18.9,10.8,2,False
7181.T,"Japan Post Insurance Co., Ltd.",Financial Services,Insurance - Life,6.0,,,3.1,,4.6,2,True,16.7,11.4,14.0,2,False
7182.T,"JAPAN POST BANK Co., Ltd.",Financial Services,Banks - Regional,,3.3,,12.5,,7.9,2,True,0.0,19.5,9.8,2,False
7186.T,"Yokohama Financial Group, Inc.",Financial Services,Banks - Regional,,,,11.0,,11.0,1,True,0.0,18.7,9.4,2,False
7189.T,"Nishi-Nippon Financial Holdings, Inc.",Financial Services,Banks - Regional,,4.2,,8.4,,6.3,2,True,20.0,19.6,19.8,2,False
7201.T,"Nissan Motor Co., Ltd.",Consumer Cyclical,Auto Manufacturers,3.8,1.7,,1.9,,2.5,3,False,,7.2,7.2,1,True
7202.T,Isuzu Motors Limited,Consumer Cyclical,Auto Manufacturers,11.1,10.5,,8.1,,9.9,3,False,19.3,16.3,17.8,2,False
7203.T,Toyota Motor Corporation,Consumer Cyclical,Auto Manufacturers,6.3,11.2,,13.6,,10.4,3,False,20.0,13.9,17.0,2,False
7211.T,Mitsubishi Motors Corporation,Consumer Cyclical,Auto Manufacturers,12.8,3.9,,3.4,,6.7,3,False,0.0,10.0,5.0,2,False
7240.T,NOK Corporation,Consumer Cyclical,Auto Parts,17.6,8.6,,11.7,,12.6,3,False,17.3,15.6,16.4,2,False
7259.T,Aisin Corporation,Consumer Cyclical,Auto Parts,15.0,8.5,,7.0,,10.2,3,False,10.6,7.0,8.8,2,False
7261.T,Mazda Motor Corporation,Consumer Cyclical,Auto Manufacturers,12.6,6.3,,5.6,,8.2,3,False,9.4,14.7,12.0,2,False
7267.T,"Honda Motor Co., Ltd.",Consumer Cyclical,Auto Manufacturers,6.4,2.8,,2.6,,3.9,3,False,,14.3,14.3,1,True
7269.T,Suzuki Motor Corporation,Consumer Cyclical,Auto Manufacturers,16.5,13.0,,12.7,,14.1,3,False,20.0,11.4,15.7,2,False
7270.T,Subaru Corporation,Consumer Cyclical,Auto Manufacturers,17.1,4.4,,5.2,,8.9,3,False,10.0,7.1,8.6,2,False
7272.T,"Yamaha Motor Co., Ltd.",Consumer Cyclical,Auto Manufacturers,8.9,8.0,,6.5,,7.8,3,False,20.0,19.3,19.6,2,False
7282.T,"Toyoda Gosei Co., Ltd.",Consumer Cyclical,Auto Parts,15.9,10.9,,10.1,,12.3,3,False,17.0,18.7,17.8,2,False
7309.T,Shimano Inc.,Consumer Cyclical,Leisure,19.6,7.3,,15.8,,14.2,3,False,2.0,15.9,9.0,2,False
7313.T,"TS TECH Co., Ltd.",Consumer Cyclical,Auto Parts,,4.4,,5.3,,4.8,2,True,0.0,10.7,5.4,2,False
7337.T,"Hirogin Holdings, Inc.",Financial Services,Banks - Regional,,4.6,,8.4,,6.5,2,True,5.4,18.5,12.0,2,False
7453.T,"Ryohin Keikaku Co., Ltd.",Consumer Cyclical,Department Stores,11.2,2.0,,2.2,,5.1,3,False,0.0,18.2,9.1,2,False
7458.T,"Daiichikosho Co., Ltd.",Consumer Cyclical,Leisure,12.7,11.5,,14.2,,12.8,3,False,18.0,14.6,16.3,2,False
7459.T,MediPal Holdings Corporation,Healthcare,Medical Distribution,,10.6,,9.3,,10.0,2,True,13.6,9.8,11.7,2,False
7476.T,AS ONE Corporation,Healthcare,Medical Distribution,13.9,14.4,,13.2,,13.8,3,False,7.8,8.0,7.9,2,False
7532.T,Pan Pacific International Holdings Corporation,Consumer Defensive,Discount Stores,11.2,14.4,,9.5,,11.7,3,False,7.5,3.6,5.6,2,False
7550.T,"Zensho Holdings Co., Ltd.",Consumer Cyclical,Restaurants,7.8,14.0,,8.1,,10.0,3,False,0.0,15.8,7.9,2,False
7616.T,"Colowide Co.,Ltd.",Consumer Cyclical,Restaurants,2.7,3.7,,3.8,,3.4,3,False,0.0,14.9,7.4,2,False
7649.T,"Sugi Holdings Co.,Ltd.",Healthcare,Pharmaceutical Retailers,10.4,12.9,,10.3,,11.2,3,False,17.0,2.4,9.7,2,False
7701.T,Shimadzu Corporation,Technology,Scientific & Technical Instruments,17.8,10.9,,13.1,,13.9,3,False,17.7,8.9,13.3,2,False
7729.T,"Tokyo Seimitsu Co., Ltd.",Technology,Semiconductor Equipment & Materials,15.3,12.3,,14.6,,14.1,3,False,18.1,15.5,16.8,2,False
7733.T,Olympus Corporation,Healthcare,Medical Devices,9.0,12.7,,12.6,,11.4,3,False,4.2,9.8,7.0,2,False
7735.T,"SCREEN Holdings Co., Ltd.",Technology,Semiconductor Equipment & Materials,18.4,14.5,,14.3,,15.7,3,False,18.5,16.7,17.6,2,False
7741.T,HOYA Corporation,Healthcare,Medical Instruments & Supplies,16.3,18.0,,18.6,,17.6,3,False,10.7,11.2,11.0,2,False
7747.T,"Asahi Intecc Co., Ltd.",Healthcare,Medical Instruments & Supplies,16.1,16.2,,17.8,,16.7,3,False,12.1,15.4,13.8,2,False
7751.T,Canon Inc.,Technology,Computer Hardware,8.9,9.6,,10.1,,9.5,3,False,17.1,9.1,13.1,2,False
7752.T,"Ricoh Company, Ltd.",Industrials,Business Equipment & Supplies,11.9,5.9,,5.2,,7.7,3,False,7.0,14.1,10.6,2,False
7832.T,BANDAI NAMCO Holdings Inc.,Consumer Cyclical,Leisure,,14.1,,15.3,,14.7,2,True,4.5,14.9,9.7,2,False
7846.T,Pilot Corporation,Industrials,Business Equipment & Supplies,18.4,8.4,,13.9,,13.6,3,False,9.5,14.6,12.0,2,False
7867.T,"TOMY Company, Ltd.",Consumer Cyclical,Leisure,18.4,10.6,,8.5,,12.5,3,False,2.5,15.1,8.8,2,False
7911.T,TOPPAN Holdings Inc.,Industrials,Conglomerates,12.8,4.7,,6.3,,7.9,3,False,0.9,14.6,7.8,2,False
7912.T,"Dai Nippon Printing Co., Ltd.",Industrials,Conglomerates,16.2,5.7,,8.0,,10.0,3,False,13.0,12.6,12.8,2,False
7936.T,ASICS Corporation,Consumer Cyclical,Footwear & Accessories,15.2,18.3,,16.5,,16.7,3,False,1.4,14.8,8.1,2,False
7951.T,Yamaha Corporation,Consumer Cyclical,Leisure,18.5,7.2,,11.8,,12.5,3,False,5.2,17.8,11.5,2,False
7956.T,Pigeon Corporation,Consumer Defensive,Household & Personal Products,,10.0,,12.8,,11.4,2,True,4.8,15.5,10.2,2,False
7974.T,"Nintendo Co., Ltd.",Communication Services,Electronic Gaming & Multimedia,,,,4.7,,4.7,1,True,11.5,3.8,7.6,2,False
7984.T,"Kokuyo Co., Ltd.",Industrials,Business Equipment & Supplies,19.2,6.9,,8.7,,11.6,3,False,6.6,9.1,7.8,2,False
7988.T,Nifco Inc.,Consumer Cyclical,Auto Parts,17.7,10.8,,14.0,,14.2,3,False,13.3,15.5,14.4,2,False
8001.T,ITOCHU Corporation,Industrials,Conglomerates,8.3,11.7,,8.8,,9.6,3,False,7.3,13.2,10.2,2,False
8002.T,Marubeni Corporation,Industrials,Conglomerates,10.0,11.8,,9.7,,10.5,3,False,9.3,14.5,11.9,2,False
8012.T,"Nagase & Co., Ltd.",Basic Materials,Specialty Chemicals,8.9,10.5,,7.4,,8.9,3,False,18.5,14.2,16.4,2,False
8015.T,Toyota Tsusho Corporation,Industrials,Conglomerates,6.5,13.1,,5.3,,8.3,3,False,1.5,18.6,10.0,2,False
8020.T,Kanematsu Corporation,Industrials,Conglomerates,7.2,14.3,,5.5,,9.0,3,False,14.5,16.6,15.6,2,False
8031.T,"Mitsui & Co., Ltd.",Industrials,Conglomerates,9.3,9.5,,9.2,,9.3,3,False,6.4,15.0,10.7,2,False
8035.T,Tokyo Electron Limited,Technology,Semiconductor Equipment & Materials,,17.3,,17.5,,17.4,2,True,11.7,17.1,14.4,2,False
8053.T,Sumitomo Corporation,Industrials,Conglomerates,5.6,11.5,,11.5,,9.5,3,False,10.6,18.1,14.4,2,False
8056.T,BIPROGY Inc.,Technology,Information Technology Services,7.8,13.8,,9.8,,10.5,3,False,14.1,3.4,8.8,2,False
8058.T,Mitsubishi Corporation,Industrials,Conglomerates,9.4,8.3,,6.8,,8.2,3,False,0.0,15.0,7.5,2,False
8060.T,Canon Marketing Japan Inc.,Industrials,Business Equipment & Supplies,19.4,9.7,,9.7,,12.9,3,False,6.9,13.6,10.2,2,False
8086.T,Nipro Corporation,Healthcare,Medical Instruments & Supplies,1.6,9.7,,9.9,,7.1,3,False,17.9,7.7,12.8,2,False
8088.T,Iwatani Corporation,Industrials,Conglomerates,11.8,13.9,,11.2,,12.3,3,False,15.9,15.3,15.6,2,False
8111.T,Goldwin Inc.,Consumer Cyclical,Apparel Manufacturing,19.5,14.5,,17.7,,17.2,3,False,18.9,6.0,12.4,2,False
8113.T,Unicharm Corporation,Consumer Defensive,Household & Personal Products,19.2,7.9,,11.4,,12.8,3,False,5.6,11.5,8.6,2,False
8129.T,"Toho Holdings Co., Ltd.",Healthcare,Medical Distribution,17.4,10.0,,9.0,,12.1,3,False,12.3,2.3,7.3,2,False
8136.T,"Sanrio Company, Ltd.",Consumer Cyclical,Specialty Retail,18.0,,,19.1,,18.6,2,True,0.0,8.4,4.2,2,False
8174.T,"Nippon Gas Co., Ltd.",Utilities,Utilities - Regulated Gas,16.0,18.9,,6.7,,13.9,3,False,3.8,13.5,8.6,2,False
8227.T,"SHIMAMURA Co., Ltd.",Consumer Cyclical,Apparel Retail,,9.3,,11.5,,10.4,2,True,10.1,0.1,5.1,2,False
8233.T,"Takashimaya Company, Limited",Consumer Cyclical,Department Stores,8.3,2.8,,2.5,,4.5,3,False,,17.9,17.9,1,True
8242.T,H2O Retailing Corporation,Consumer Defensive,Grocery Stores,11.7,10.2,,10.1,,10.7,3,False,17.5,18.4,18.0,2,False
8252.T,"Marui Group Co., Ltd.",Financial Services,Credit Services,2.0,10.0,,4.8,,5.6,3,False,4.7,2.8,3.8,2,False
8253.T,"Credit Saison Co., Ltd.",Financial Services,Credit Services,1.3,5.9,,5.6,,4.3,3,False,14.9,11.1,13.0,2,False
8267.T,"Aeon Co., Ltd.",Consumer Cyclical,Department Stores,3.4,7.8,,3.8,,5.0,3,False,0.0,3.4,1.7,2,False
8282.T,K's Holdings Corporation,Consumer Cyclical,Specialty Retail,15.8,7.9,,6.0,,9.9,3,False,5.6,16.0,10.8,2,False
8303.T,"SBI Shinsei Bank, Limited",Financial Services,Banks - Regional,,,,7.5,,7.5,1,True,13.0,,13.0,1,True
8304.T,"Aozora Bank, Ltd.",Financial Services,Banks - Regional,,3.3,,8.4,,5.8,2,True,2.8,17.0,9.9,2,False
8306.T,"Mitsubishi UFJ Financial Group, Inc.",Financial Services,Banks - Diversified,,6.2,,10.7,,8.4,2,True,9.2,17.7,13.4,2,False
8308.T,"Resona Holdings, Inc.",Financial Services,Banks - Regional,,5.8,,8.8,,7.3,2,True,0.0,18.4,9.2,2,False
8309.T,"Sumitomo Mitsui Trust Group, Inc.",Financial Services,Banks - Regional,,8.0,,8.0,,8.0,2,True,9.9,18.4,14.2,2,False
8316.T,"Sumitomo Mitsui Financial Group, Inc.",Financial Services,Banks - Diversified,,5.1,,10.9,,8.0,2,True,9.0,18.5,13.8,2,False
8334.T,"The Gunma Bank, Ltd.",Financial Services,Banks - Regional,,7.4,,12.7,,10.0,2,True,2.2,18.8,10.5,2,False
8341.T,"The 77 Bank, Ltd.",Financial Services,Banks - Regional,,6.0,,12.8,,9.4,2,True,5.4,19.5,12.4,2,False
8354.T,"Fukuoka Financial Group, Inc.",Financial Services,Banks - Regional,,5.2,,7.9,,6.6,2,True,4.0,19.0,11.5,2,False
8377.T,"Hokuhoku Financial Group, Inc.",Financial Services,Banks - Regional,,6.6,,11.1,,8.8,2,True,4.3,19.7,12.0,2,False
8410.T,"Seven Bank, Ltd.",Financial Services,Banks - Regional,,3.0,,3.7,,3.4,2,True,0.0,9.9,5.0,2,False
8411.T,"Mizuho Financial Group, Inc.",Financial Services,Banks - Regional,,10.1,,11.6,,10.8,2,True,6.7,18.8,12.8,2,False
8418.T,"Yamaguchi Financial Group, Inc.",Financial Services,Banks - Regional,,2.9,,6.6,,4.8,2,True,0.0,19.1,9.6,2,False
8424.T,"Fuyo General Lease Co., Ltd.",Industrials,Rental & Leasing Services,0.5,4.2,,4.8,,3.2,3,False,9.5,7.5,8.5,2,False
8439.T,Tokyo Century Corporation,Industrials,Rental & Leasing Services,0.7,9.1,,2.4,,4.1,3,False,16.7,16.4,16.5,2,False
8473.T,"SBI Holdings, Inc.",Financial Services,Financial Conglomerates,2.2,17.1,,9.2,,9.5,3,False,20.0,6.0,13.0,2,False
8570.T,"AEON Financial Service Co., Ltd.",Financial Services,Credit Services,,2.9,,2.6,,2.8,2,True,6.7,8.7,7.7,2,False
8591.T,ORIX Corporation,Financial Services,Financial Conglomerates,5.0,11.8,,7.1,,8.0,3,False,20.0,18.2,19.1,2,False
8601.T,Daiwa Securities Group Inc.,Financial Services,Capital Markets,0.2,8.2,,7.9,,5.4,3,False,12.8,17.8,15.3,2,False
8604.T,"Nomura Holdings, Inc.",Financial Services,Capital Markets,0.3,8.6,,7.0,,5.3,3,False,15.8,17.4,16.6,2,False
8697.T,"Japan Exchange Group, Inc.",Financial Services,Financial Data & Stock Exchanges,15.2,,,1.3,,8.2,2,True,0.0,15.2,7.6,2,False
8729.T,Sony Financial Group Inc.,Financial Services,Insurance - Life,3.3,9.3,,1.3,,4.6,3,False,5.7,,5.7,1,True
8750.T,"Daiichi Life Group, Inc.",Financial Services,Insurance - Life,12.6,11.4,,2.7,,8.9,3,False,11.8,18.0,14.9,2,False
8766.T,"Tokio Marine Holdings, Inc.",Financial Services,Insurance - Property & Casualty,16.9,,,1.3,,9.1,2,True,0.0,11.9,6.0,2,False
8795.T,"T&D Holdings, Inc.",Financial Services,Insurance - Life,15.6,6.0,,2.9,,8.2,3,False,9.3,15.0,12.2,2,False
8801.T,"Mitsui Fudosan Co., Ltd.",Real Estate,Real Estate - Diversified,5.0,9.4,,6.9,,7.1,3,False,7.1,6.5,6.8,2,False
8802.T,"Mitsubishi Estate Co., Ltd.",Real Estate,Real Estate - Diversified,6.6,14.4,,9.4,,10.1,3,False,0.0,13.5,6.8,2,False
8804.T,"Tokyo Tatemono Co., Ltd.",Real Estate,Real Estate Services,2.4,14.3,,8.8,,8.5,3,False,17.8,16.1,17.0,2,False
8830.T,"Sumitomo Realty & Development Co., Ltd.",Real Estate,Real Estate Services,4.6,12.8,,3.1,,6.8,3,False,14.8,9.2,12.0,2,False
8876.T,"Relo Group, Inc.",Industrials,Specialty Business Services,5.7,17.6,,15.7,,13.0,3,False,15.1,13.6,14.4,2,False
9001.T,"Tobu Railway Co., Ltd.",Industrials,Railroads,3.7,7.7,,11.7,,7.7,3,False,17.7,11.2,14.4,2,False
9003.T,"Sotetsu Holdings, Inc.",Industrials,Conglomerates,1.5,11.2,,11.5,,8.1,3,False,16.8,7.0,11.9,2,False
9005.T,Tokyu Corporation,Consumer Cyclical,Department Stores,4.6,,,2.9,,3.8,2,True,15.6,8.3,12.0,2,False
9006.T,Keikyu Corporation,Industrials,Conglomerates,3.3,5.7,,12.0,,7.0,3,False,9.9,8.6,9.2,2,False
9007.T,"Odakyu Electric Railway Co., Ltd.",Industrials,Railroads,3.5,5.7,,11.6,,6.9,3,False,10.7,9.4,10.0,2,False
9008.T,Keio Corporation,Industrials,Conglomerates,5.2,8.0,,11.7,,8.3,3,False,15.9,8.0,12.0,2,False
9009.T,"Keisei Electric Railway Co., Ltd.",Industrials,Railroads,8.4,7.7,,16.4,,10.8,3,False,14.3,7.1,10.7,2,False
9020.T,East Japan Railway Company,Industrials,Railroads,2.5,6.3,,10.8,,6.5,3,False,11.0,6.9,9.0,2,False
9021.T,West Japan Railway Company,Industrials,Railroads,4.6,7.6,,9.4,,7.2,3,False,17.4,5.4,11.4,2,False
9022.T,Central Japan Railway Company,Industrials,Railroads,6.7,9.4,,19.0,,11.7,3,False,20.0,5.3,12.6,2,False
9023.T,"Tokyo Metro Co., Ltd.",Industrials,Railroads,3.0,5.9,,15.0,,8.0,3,False,12.9,3.9,8.4,2,False
9024.T,Seibu Holdings Inc.,Industrials,Conglomerates,4.2,6.0,,11.1,,7.1,3,False,0.2,0.8,0.5,2,False
9031.T,"Nishi-Nippon Railroad Co., Ltd.",Industrials,Railroads,4.1,10.7,,10.1,,8.3,3,False,20.0,14.8,17.4,2,False
9041.T,"Kintetsu Group Holdings Co.,Ltd.",Industrials,Conglomerates,1.9,8.1,,5.2,,5.1,3,False,13.8,10.8,12.3,2,False
9042.T,"Hankyu Hanshin Holdings, Inc.",Industrials,Conglomerates,3.8,5.9,,9.7,,6.5,3,False,11.4,9.3,10.4,2,False
9044.T,"NANKAI Co., Ltd.",Real Estate,Real Estate - Development,6.3,10.6,,7.2,,8.0,3,False,3.3,13.6,8.4,2,False
9045.T,"Keihan Holdings Co., Ltd.",Industrials,Conglomerates,3.9,,,2.4,,3.2,2,True,17.3,6.4,11.9,2,False
9048.T,"Nagoya Railroad Co., Ltd.",Industrials,Conglomerates,3.5,4.3,,6.4,,4.7,3,False,6.3,9.5,7.9,2,False
9065.T,Sankyu Inc.,Industrials,Integrated Freight & Logistics,13.6,9.6,,7.9,,10.4,3,False,16.5,8.1,12.3,2,False
9072.T,"NIKKON Holdings Co.,Ltd.",Industrials,Integrated Freight & Logistics,10.8,5.6,,9.1,,8.5,3,False,0.0,17.7,8.8,2,False
9076.T,"Seino Holdings Co., Ltd.",Industrials,Trucking,16.0,5.2,,5.2,,8.8,3,False,19.3,14.0,16.6,2,False
9104.T,"Mitsui O.S.K. Lines, Ltd.",Industrials,Marine Shipping,7.0,6.3,,13.5,,8.9,3,False,12.2,17.4,14.8,2,False
9107.T,"Kawasaki Kisen Kaisha, Ltd.",Industrials,Marine Shipping,16.7,6.1,,14.6,,12.5,3,False,5.2,17.6,11.4,2,False
9142.T,Kyushu Railway Company,Industrials,Conglomerates,5.6,7.6,,12.1,,8.4,3,False,14.0,5.3,9.6,2,False
9143.T,"SG Holdings Co.,Ltd.",Industrials,Integrated Freight & Logistics,8.3,9.6,,5.5,,7.8,3,False,14.7,7.2,11.0,2,False
9147.T,"Nippon Express Holdings, Inc.",Industrials,Integrated Freight & Logistics,5.6,3.2,,3.0,,3.9,3,False,0.0,18.4,9.2,2,False
9201.T,"Japan Airlines Co., Ltd.",Industrials,Airlines,10.4,7.5,,8.2,,8.7,3,False,11.1,7.7,9.4,2,False
9301.T,Mitsubishi Logistics Corporation,Industrials,Integrated Freight & Logistics,13.0,9.5,,16.5,,13.0,3,False,19.9,13.5,16.7,2,False
9302.T,"MITSUI-SOKO HOLDINGS Co., Ltd.",Industrials,Integrated Freight & Logistics,10.2,8.8,,5.9,,8.3,3,False,7.0,2.6,4.8,2,False
9364.T,"Kamigumi Co., Ltd.",Industrials,Integrated Freight & Logistics,16.5,6.3,,2.4,,8.4,3,False,14.0,9.9,12.0,2,False
9401.T,"TBS Holdings,Inc.",Communication Services,Broadcasting,18.1,5.9,,13.3,,12.4,3,False,16.1,12.7,14.4,2,False
9404.T,"Nippon Television Holdings, Inc.",Communication Services,Broadcasting,18.5,7.6,,15.2,,13.8,3,False,19.7,4.6,12.1,2,False
9432.T,"NTT, Inc.",Communication Services,Telecom Services,3.3,10.2,,10.0,,7.8,3,False,14.3,14.4,14.4,2,False
9433.T,KDDI Corporation,Communication Services,Telecom Services,6.5,12.3,,13.6,,10.8,3,False,11.4,16.6,14.0,2,False
9434.T,SoftBank Corp.,Communication Services,Telecom Services,3.6,13.4,,10.3,,9.1,3,False,5.7,13.6,9.6,2,False
9435.T,"Hikari Tsushin, Inc.",Industrials,Conglomerates,7.0,12.0,,18.3,,12.4,3,False,15.0,6.8,10.9,2,False
9449.T,"GMO internet group, Inc.",Communication Services,Telecom Services,2.5,13.1,,8.4,,8.0,3,False,4.7,15.2,10.0,2,False
9468.T,Kadokawa Corporation,Communication Services,Publishing,19.4,,,3.9,,11.6,2,True,0.0,10.9,5.4,2,False
9501.T,"Tokyo Electric Power Company Holdings, Incorporated",Utilities,Utilities - Renewable,4.4,14.9,,5.8,,8.4,3,False,,1.3,1.3,1,True
9503.T,"The Kansai Electric Power Company, Incorporated",Utilities,Utilities - Regulated Electric,12.1,14.8,,9.0,,12.0,3,False,20.0,18.0,19.0,2,False
9504.T,"The Chugoku Electric Power Co., Inc.",Utilities,Utilities - Renewable,0.9,3.5,,2.3,,2.2,3,False,20.0,16.1,18.0,2,False
9505.T,Hokuriku Electric Power Company,Utilities,Utilities - Regulated Electric,2.3,12.7,,5.6,,6.9,3,False,20.0,16.3,18.2,2,False
9506.T,"Tohoku Electric Power Company, Incorporated",Utilities,Utilities - Renewable,1.4,6.4,,2.8,,3.5,3,False,20.0,17.1,18.6,2,False
9507.T,"Shikoku Electric Power Company, Incorporated",Utilities,Utilities - Regulated Electric,6.7,13.7,,7.1,,9.2,3,False,20.0,19.2,19.6,2,False
9508.T,"Kyushu Electric Power Company, Incorporated",Utilities,Utilities - Independent Power Producers,2.1,16.3,,7.3,,8.6,3,False,20.0,18.6,19.3,2,False
9509.T,"Hokkaido Electric Power Company, Incorporated",Utilities,Utilities - Renewable,1.3,4.5,,2.9,,2.9,3,False,20.0,8.6,14.3,2,False
9513.T,"Electric Power Development Co., Ltd.",Utilities,Utilities - Renewable,11.5,2.7,,2.6,,5.6,3,False,19.8,19.1,19.5,2,False
9531.T,"Tokyo Gas Co.,Ltd.",Utilities,Utilities - Regulated Gas,16.6,10.0,,5.0,,10.5,3,False,18.8,15.2,17.0,2,False
9533.T,"Toho Gas Co., Ltd.",Utilities,Utilities - Regulated Gas,18.5,3.6,,3.6,,8.6,3,False,12.4,11.8,12.1,2,False
9616.T,"Kyoritsu Maintenance Co., Ltd.",Consumer Cyclical,Lodging,8.0,12.4,,11.4,,10.6,3,False,12.9,12.8,12.8,2,False
9627.T,Ain Holdings Inc.,Healthcare,Pharmaceutical Retailers,3.3,13.5,,10.1,,9.0,3,False,14.8,4.9,9.9,2,False
9684.T,"Square Enix Holdings Co., Ltd.",Communication Services,Electronic Gaming & Multimedia,,10.6,,13.5,,12.0,2,True,2.2,7.4,4.8,2,False
9697.T,"Capcom Co., Ltd.",Communication Services,Electronic Gaming & Multimedia,,,,18.7,,18.7,1,True,5.2,12.2,8.7,2,False
9706.T,"Japan Airport Terminal Co., Ltd.",Industrials,Airports & Air Services,6.3,14.7,,13.6,,11.5,3,False,9.5,13.2,11.4,2,False
9735.T,"SECOM CO., LTD.",Industrials,Security & Protection Services,18.2,7.1,,12.2,,12.5,3,False,7.0,12.1,9.6,2,False
9744.T,MEITEC Group Holdings Inc.,Industrials,Staffing & Employment Services,,18.4,,13.9,,16.2,2,True,10.7,9.8,10.2,2,False
9759.T,"NSD Co., Ltd.",Technology,Software - Application,,14.8,,12.6,,13.7,2,True,19.3,4.9,12.1,2,False
9766.T,Konami Group Corporation,Communication Services,Electronic Gaming & Multimedia,17.2,15.7,,17.3,,16.7,3,False,10.1,11.1,10.6,2,False
9831.T,"Yamada Holdings Co., Ltd.",Consumer Cyclical,Specialty Retail,12.5,4.1,,3.9,,6.8,3,False,0.0,18.7,9.4,2,False
9843.T,"Nitori Holdings Co., Ltd.",Consumer Cyclical,"Furnishings, Fixtures & Appliances",16.8,9.2,,14.4,,13.5,3,False,4.1,12.3,8.2,2,False
9934.T,"Inaba Denki Sangyo Co.,Ltd.",Industrials,Industrial Distribution,19.8,11.6,,8.9,,13.4,3,False,17.2,16.7,17.0,2,False
9983.T,"Fast Retailing Co., Ltd.",Consumer Cyclical,Apparel Retail,15.1,15.6,,16.6,,15.8,3,False,0.0,19.1,9.6,2,False
9984.T,SoftBank Group Corp.,Communication Services,Telecom Services,4.5,17.7,,19.9,,14.0,3,False,20.0,13.8,16.9,2,False
9987.T,"Suzuken Co., Ltd.",Healthcare,Medical Distribution,,11.8,,9.5,,10.6,2,True,19.1,4.8,12.0,2,False
9989.T,"Sundrug Co.,Ltd.",Healthcare,Pharmaceutical Retailers,12.6,13.1,,10.7,,12.1,3,False,13.0,4.4,8.7,2,False
A2M.AX,The a2 Milk Company Limited,Consumer Defensive,Packaged Foods,18.8,14.5,,10.6,,14.6,3,False,0.0,2.6,1.3,2,False
AAI.AX,Alcoa Corporation,Basic Materials,Aluminum,11.5,15.0,,11.8,,12.8,3,False,10.0,12.3,11.2,2,False
AFI.AX,Australian Foundation Investment Company Limited,Financial Services,Asset Management,,1.9,,19.0,,10.4,2,True,0.0,4.4,2.2,2,False
AGL.AX,AGL Energy Limited,Utilities,Utilities - Independent Power Producers,16.1,16.4,,4.7,,12.4,3,False,20.0,8.0,14.0,2,False
AIA.AX,Auckland International Airport Limited,Industrials,Airports & Air Services,15.0,3.6,,19.5,,12.7,3,False,0.0,8.9,4.4,2,False
ALD.AX,Ampol Limited,Energy,Oil & Gas Refining & Marketing,3.7,18.9,,5.8,,9.5,3,False,20.0,11.2,15.6,2,False
ALK.AX,Alkane Resources Ltd,Basic Materials,Gold,18.8,18.3,,16.4,,17.8,3,False,15.4,16.6,16.0,2,False
ALL.AX,Aristocrat Leisure Limited,Consumer Cyclical,Gambling,14.6,15.3,,18.6,,16.2,3,False,4.2,6.8,5.5,2,False
ALQ.AX,ALS Limited,Industrials,Consulting Services,6.6,15.6,,12.7,,11.6,3,False,0.9,10.7,5.8,2,False
ALX.AX,Atlas Arteria Limited,Industrials,Infrastructure Operations,14.1,2.4,,20.0,,12.2,3,False,0.0,6.3,3.2,2,False
AMP.AX,AMP Limited,Financial Services,Financial Conglomerates,0.6,2.4,,3.5,,2.2,3,False,2.8,16.8,9.8,2,False
ANN.AX,Ansell Limited,Healthcare,Medical Instruments & Supplies,9.5,12.6,,13.9,,12.0,3,False,17.7,12.5,15.1,2,False
ANZ.AX,ANZ Group Holdings Limited,Financial Services,Banks - Diversified,,4.8,,10.6,,7.7,2,True,4.6,9.5,7.0,2,False
APA.AX,APA Group,Utilities,Utilities - Regulated Gas,0.4,8.3,,6.4,,5.0,3,False,0.0,17.6,8.8,2,False
ARB.AX,ARB Corporation Limited,Consumer Cyclical,Auto Parts,18.1,11.1,,16.3,,15.2,3,False,9.6,0.4,5.0,2,False
ARG.AX,Argo Investments Limited,Financial Services,Asset Management,19.8,2.1,,19.1,,13.7,3,False,0.0,5.7,2.8,2,False
ASB.AX,Austal Limited,Industrials,Aerospace & Defense,15.3,1.7,,1.7,,6.2,3,False,,0.3,0.3,1,True
ASK.AX,Abacus Storage King,Real Estate,REIT - Industrial,15.9,16.0,,19.5,,17.1,3,False,20.0,,20.0,1,True
ASX.AX,ASX Limited,Financial Services,Financial Data & Stock Exchanges,16.1,9.8,,15.7,,13.9,3,False,11.3,4.1,7.7,2,False
AUB.AX,AUB Group Limited,Financial Services,Insurance Brokers,8.6,3.0,,3.8,,5.1,3,False,6.2,2.0,4.1,2,False
AZJ.AX,Aurizon Holdings Limited,Industrials,Railroads,3.0,7.4,,11.9,,7.4,3,False,9.3,12.3,10.8,2,False
BEN.AX,Bendigo and Adelaide Bank Limited,Financial Services,Banks - Regional,,2.8,,7.5,,5.2,2,True,5.3,1.4,3.4,2,False
BFL.AX,BSP Financial Group Limited,Financial Services,Banks - Regional,,17.4,,14.1,,15.8,2,True,15.3,7.8,11.6,2,False
BGA.AX,Bega Cheese Limited,Consumer Defensive,Packaged Foods,11.4,5.4,,4.0,,6.9,3,False,0.0,14.5,7.2,2,False
BGL.AX,Bellevue Gold Limited,Basic Materials,Gold,9.8,2.4,,1.0,,4.4,3,False,,12.7,12.7,1,True
BHP.AX,BHP Group Limited,Basic Materials,Other Industrial Metals & Mining,8.4,17.0,,14.4,,13.3,3,False,2.6,16.1,9.4,2,False
BOQ.AX,Bank of Queensland Limited,Financial Services,Banks - Regional,,1.4,,3.1,,2.2,2,True,0.0,3.7,1.8,2,False
BPT.AX,Beach Energy Limited,Energy,Oil & Gas E&P,16.3,7.0,,12.9,,12.1,3,False,20.0,0.6,10.3,2,False
BRG.AX,Breville Group Limited,Consumer Cyclical,"Furnishings, Fixtures & Appliances",16.9,11.8,,12.6,,13.8,3,False,0.0,12.8,6.4,2,False
BWP.AX,BWP Trust,Real Estate,REIT - Industrial,18.7,16.1,,20.0,,18.3,3,False,20.0,9.7,14.8,2,False
BXB.AX,Brambles Limited,Industrials,Specialty Business Services,6.4,17.6,,15.4,,13.1,3,False,13.1,2.4,7.8,2,False
CAR.AX,CAR Group Limited,Communication Services,Internet Content & Information,9.7,10.7,,17.6,,12.7,3,False,0.0,4.5,2.2,2,False
CBA.AX,Commonwealth Bank of Australia,Financial Services,Banks - Diversified,,11.7,,15.2,,13.4,2,True,0.0,3.8,1.9,2,False
CDA.AX,Codan Limited,Technology,Scientific & Technical Instruments,14.6,17.3,,16.5,,16.1,3,False,0.0,14.2,7.1,2,False
CEN.AX,Contact Energy Limited,Utilities,Utilities - Renewable,17.3,12.5,,12.4,,14.1,3,False,13.6,3.0,8.3,2,False
CGF.AX,Challenger Limited,Financial Services,Insurance - Life,3.2,9.3,,7.0,,6.5,3,False,9.6,8.3,9.0,2,False
CHC.AX,Charter Hall Group,Real Estate,REIT - Diversified,18.4,17.0,,13.2,,16.2,3,False,0.0,4.0,2.0,2,False
CIA.AX,Champion Iron Limited,Basic Materials,Steel,3.6,8.5,,9.8,,7.3,3,False,11.9,0.8,6.4,2,False
CIP.AX,Centuria Industrial REIT,Real Estate,REIT - Industrial,15.6,9.1,,16.9,,13.9,3,False,20.0,4.1,12.0,2,False
CLW.AX,Charter Hall Long WALE REIT,Real Estate,REIT - Diversified,16.7,11.8,,19.8,,16.1,3,False,13.5,2.9,8.2,2,False
CMM.AX,Capricorn Metals Ltd,Basic Materials,Gold,18.7,17.3,,18.8,,18.3,3,False,0.0,10.1,5.0,2,False
COH.AX,Cochlear Limited,Healthcare,Medical Devices,14.0,10.9,,11.9,,12.3,3,False,0.0,0.4,0.2,2,False
COL.AX,Coles Group Limited,Consumer Defensive,Grocery Stores,1.2,17.8,,6.0,,8.3,3,False,0.0,11.3,5.6,2,False
CPU.AX,Computershare Limited,Financial Services,Capital Markets,8.3,18.3,,7.4,,11.3,3,False,0.0,8.4,4.2,2,False
CQR.AX,Charter Hall Retail REIT,Real Estate,REIT - Retail,15.7,16.6,,19.2,,17.2,3,False,20.0,7.8,13.9,2,False
CSC.AX,Capstone Copper Corp.,Basic Materials,Copper,10.1,13.5,,14.9,,12.8,3,False,10.6,9.8,10.2,2,False
CSL.AX,CSL Limited,Healthcare,Biotechnology,6.4,6.0,,2.6,,5.0,3,False,,4.5,4.5,1,True
CTD.AX,Corporate Travel Management Limited,Consumer Cyclical,Travel Services,18.2,0.4,,0.3,,6.3,3,False,20.0,10.1,15.0,2,False
CWY.AX,Cleanaway Waste Management Limited,Industrials,Waste Management,7.6,3.6,,4.5,,5.2,3,False,0.0,5.6,2.8,2,False
CYL.AX,Catalyst Metals Limited,Basic Materials,Gold,17.8,18.0,,16.6,,17.5,3,False,15.3,1.2,8.2,2,False
DBI.AX,Dalrymple Bay Infrastructure Limited,Industrials,Integrated Freight & Logistics,1.7,3.7,,7.7,,4.4,3,False,0.0,12.9,6.4,2,False
DNL.AX,Dyno Nobel Limited,Basic Materials,Specialty Chemicals,10.0,7.8,,2.9,,6.9,3,False,8.0,10.6,9.3,2,False
DOW.AX,Downer EDI Limited,Industrials,Engineering & Construction,9.0,8.5,,4.4,,7.3,3,False,9.0,4.4,6.7,2,False
DRR.AX,Deterra Royalties Limited,Basic Materials,Other Industrial Metals & Mining,2.7,20.0,,19.7,,14.1,3,False,14.4,6.3,10.4,2,False
DXS.AX,DEXUS,Real Estate,REIT - Office,16.5,7.7,,16.1,,13.4,3,False,20.0,3.5,11.8,2,False
EBO.AX,EBOS Group Limited,Healthcare,Medical Distribution,5.9,11.2,,9.6,,8.9,3,False,12.2,2.0,7.1,2,False
EDV.AX,Endeavour Group Limited,Consumer Defensive,Beverages - Wineries & Distilleries,2.8,2.4,,2.5,,2.6,3,False,0.0,5.2,2.6,2,False
EMR.AX,Emerald Resources NL,Basic Materials,Gold,17.9,18.6,,19.0,,18.5,3,False,5.5,12.5,9.0,2,False
EOS.AX,Electro Optic Systems Holdings Limited,Industrials,Aerospace & Defense,15.6,0.7,,0.5,,5.6,3,False,,5.8,5.8,1,True
EVN.AX,Evolution Mining Limited,Basic Materials,Gold,12.8,17.7,,16.5,,15.7,3,False,2.1,12.5,7.3,2,False
EVT.AX,EVT Limited,Communication Services,Entertainment,4.0,6.9,,6.7,,5.9,3,False,0.0,15.4,7.7,2,False
FBU.AX,Fletcher Building Limited,Basic Materials,Building Materials,8.1,7.5,,7.2,,7.6,3,False,8.3,7.6,8.0,2,False
FLT.AX,Flight Centre Travel Group Limited,Consumer Cyclical,Travel Services,6.5,11.4,,9.5,,9.1,3,False,10.0,11.1,10.6,2,False
FMG.AX,Fortescue Ltd,Basic Materials,Other Industrial Metals & Mining,11.7,13.5,,14.5,,13.2,3,False,14.8,4.0,9.4,2,False
FPH.AX,Fisher & Paykel Healthcare Corporation Limited,Healthcare,Medical Instruments & Supplies,15.4,17.3,,17.4,,16.7,3,False,0.0,9.5,4.8,2,False
FRW.AX,Freightways Group Limited,Industrials,Integrated Freight & Logistics,3.8,14.2,,9.4,,9.1,3,False,3.2,5.4,4.3,2,False
GDG.AX,Generation Development Group Limited,Financial Services,Asset Management,17.1,2.3,,3.0,,7.5,3,False,0.0,0.1,0.0,2,False
GGP.AX,Greatland Resources Limited,Basic Materials,Gold,19.0,19.6,,18.5,,19.0,3,False,20.0,16.1,18.0,2,False
GMD.AX,Genesis Minerals Limited,Basic Materials,Gold,14.9,18.8,,18.1,,17.3,3,False,8.3,12.8,10.6,2,False
GMG.AX,Goodman Group,Real Estate,REIT - Diversified,18.5,15.1,,17.6,,17.1,3,False,0.0,3.6,1.8,2,False
GNE.AX,Genesis Energy Limited,Utilities,Utilities - Independent Power Producers,18.2,2.4,,2.7,,7.8,3,False,0.0,11.2,5.6,2,False
GPT.AX,The GPT Group,Real Estate,REIT - Diversified,16.0,13.7,,19.4,,16.4,3,False,14.6,5.3,10.0,2,False
GQG.AX,GQG Partners Inc.,Financial Services,Asset Management,17.4,19.9,,18.3,,18.5,3,False,20.0,1.8,10.9,2,False
HUB.AX,HUB24 Limited,Financial Services,Capital Markets,15.8,16.8,,9.2,,13.9,3,False,0.0,0.8,0.4,2,False
HVN.AX,Harvey Norman Holdings Limited,Consumer Cyclical,Specialty Retail,11.8,10.1,,17.7,,13.2,3,False,18.2,1.3,9.8,2,False
IAG.AX,Insurance Australia Group Limited,Financial Services,Insurance - Property & Casualty,10.5,13.0,,3.0,,8.8,3,False,0.0,4.3,2.2,2,False
IFL.AX,,,,,,,,,,0,True,,,,0,True
IFT.AX,Infratil Limited,Industrials,Conglomerates,6.5,3.8,,17.0,,9.1,3,False,0.0,10.1,5.0,2,False
ILU.AX,Iluka Resources Limited,Basic Materials,Other Industrial Metals & Mining,6.3,1.3,,0.2,,2.6,3,False,,6.4,6.4,1,True
IMD.AX,Imdex Limited,Industrials,Farm & Heavy Construction Machinery,12.2,10.3,,16.5,,13.0,3,False,10.2,8.3,9.2,2,False
JBH.AX,JB Hi-Fi Limited,Consumer Cyclical,Specialty Retail,12.9,17.1,,8.4,,12.8,3,False,12.6,1.1,6.8,2,False
JHX.AX,James Hardie Industries plc,Basic Materials,Building Materials,5.2,5.9,,6.2,,5.8,3,False,0.0,14.1,7.0,2,False
L1G.AX,L1 Group Limited,Financial Services,Asset Management,18.7,19.9,,18.4,,19.0,3,False,1.6,,1.6,1,True
LLC.AX,Lendlease Group,Real Estate,Real Estate - Diversified,9.2,0.6,,1.5,,3.8,3,False,,0.3,0.3,1,True
LNW.AX,"Light & Wonder, Inc.",Consumer Cyclical,Gambling,0.2,19.0,,12.9,,10.7,3,False,2.4,10.7,6.6,2,False
LOV.AX,Lovisa Holdings Limited,Consumer Cyclical,Specialty Retail,0.7,19.7,,14.8,,11.7,3,False,0.0,2.5,1.2,2,False
LSF.AX,L1 Long Short Fund Limited,Financial Services,Asset Management,,18.3,,17.9,,18.1,2,True,20.0,16.9,18.4,2,False
LTR.AX,Liontown Limited,Basic Materials,Other Industrial Metals & Mining,10.6,10.0,,14.0,,11.5,3,False,0.0,10.0,5.0,2,False
LYC.AX,Lynas Rare Earths Limited,Basic Materials,Other Industrial Metals & Mining,16.3,9.0,,16.3,,13.9,3,False,0.0,3.5,1.8,2,False
MCY.AX,Mercury NZ Limited,Utilities,Utilities - Renewable,17.9,4.4,,8.8,,10.4,3,False,7.3,6.3,6.8,2,False
MEZ.AX,Meridian Energy Limited,Utilities,Utilities - Renewable,18.6,1.7,,3.2,,7.8,3,False,0.0,2.9,1.4,2,False
MFF.AX,MFF Capital Investments Limited,Financial Services,Asset Management,19.6,3.2,,18.5,,13.8,3,False,2.4,9.1,5.8,2,False
MFG.AX,Magellan Financial Group Limited,Financial Services,Asset Management,19.4,5.0,,17.2,,13.9,3,False,6.7,3.5,5.1,2,False
MGR.AX,Mirvac Group,Real Estate,REIT - Diversified,17.0,10.1,,11.7,,12.9,3,False,10.1,3.1,6.6,2,False
MIN.AX,Mineral Resources Limited,Basic Materials,Other Industrial Metals & Mining,1.8,18.0,,14.3,,11.4,3,False,16.4,15.8,16.1,2,False
MND.AX,Monadelphous Group Limited,Industrials,Engineering & Construction,16.8,16.4,,6.8,,13.3,3,False,5.9,13.9,9.9,2,False
MPL.AX,Medibank Private Limited,Financial Services,Insurance - Specialty,16.4,18.0,,3.5,,12.6,3,False,0.0,5.0,2.5,2,False
MQG.AX,Macquarie Group Limited,,,,,,,,,0,True,,,,0,True
MSB.AX,Mesoblast Limited,Healthcare,Biotechnology,11.8,6.5,,1.4,,6.6,3,False,,7.0,7.0,1,True
MTS.AX,Metcash Limited,Consumer Defensive,Food Distribution,5.4,14.7,,4.3,,8.1,3,False,19.3,3.0,11.2,2,False
MXT.AX,Metrics Master Income Trust,Financial Services,Asset Management,,,,1.3,,1.3,1,True,14.4,5.6,10.0,2,False
NAB.AX,National Australia Bank Limited,Financial Services,Banks - Diversified,,,,11.7,,11.7,1,True,4.4,2.2,3.3,2,False
NEM.AX,Newmont Corporation,Basic Materials,Gold,14.5,17.4,,18.1,,16.7,3,False,8.3,12.2,10.2,2,False
NHC.AX,New Hope Corporation Limited,Energy,Thermal Coal,17.7,5.9,,10.6,,11.4,3,False,0.0,12.5,6.2,2,False
NHF.AX,nib holdings limited,Financial Services,Insurance - Specialty,14.5,13.7,,2.8,,10.3,3,False,0.0,2.7,1.4,2,False
NIC.AX,Nickel Industries Limited,Basic Materials,Other Industrial Metals & Mining,16.4,18.8,,18.9,,18.0,3,False,,9.0,9.0,1,True
NSR.AX,,,,,,,,,,0,True,,,,0,True
NWH.AX,NRW Holdings Limited,Industrials,Conglomerates,7.1,16.3,,5.6,,9.7,3,False,0.0,17.9,9.0,2,False
NWL.AX,Netwealth Group Limited,Technology,Software - Application,7.5,17.7,,14.8,,13.3,3,False,0.0,2.2,1.1,2,False
NWS.AX,News Corporation,Communication Services,Entertainment,13.6,8.6,,9.0,,10.4,3,False,4.3,7.7,6.0,2,False
NXT.AX,NEXTDC Limited,Technology,Information Technology Services,6.0,4.6,,15.3,,8.6,3,False,0.0,3.6,1.8,2,False
ORA.AX,Orora Limited,Consumer Cyclical,Packaging & Containers,11.1,0.8,,0.4,,4.1,3,False,,3.0,3.0,1,True
ORG.AX,Origin Energy Limited,Utilities,Utilities - Diversified,17.8,16.8,,9.1,,14.6,3,False,15.2,3.8,9.5,2,False
ORI.AX,Orica Limited,Basic Materials,Specialty Chemicals,3.9,8.3,,6.8,,6.3,3,False,0.0,6.0,3.0,2,False
PDI.AX,PDI Gold Limited,,,,,,,,,0,True,,,,0,True
PDN.AX,Paladin Energy Ltd,Energy,Uranium,16.9,2.9,,4.3,,8.0,3,False,0.0,9.5,4.8,2,False
PLS.AX,PLS Group Limited,Basic Materials,Other Industrial Metals & Mining,11.4,13.2,,16.7,,13.8,3,False,0.0,18.9,9.4,2,False
PME.AX,Pro Medicus Limited,Healthcare,Health Information Services,19.3,19.5,,20.0,,19.6,3,False,0.0,1.0,0.5,2,False
PMV.AX,Premier Investments Limited,Consumer Cyclical,Apparel Retail,15.7,13.3,,19.5,,16.2,3,False,14.1,1.7,7.9,2,False
PPT.AX,Perpetual Limited,Financial Services,Asset Management,9.5,2.1,,3.8,,5.1,3,False,,6.0,6.0,1,True
PRN.AX,Perenti Limited,Basic Materials,Other Industrial Metals & Mining,11.1,7.8,,4.7,,7.9,3,False,0.3,1.3,0.8,2,False
PRU.AX,Perseus Mining Limited,Basic Materials,Gold,19.7,15.8,,17.0,,17.5,3,False,9.2,11.2,10.2,2,False
PXA.AX,PEXA Group Limited,Technology,Software - Application,11.3,4.7,,3.1,,6.4,3,False,0.0,0.3,0.2,2,False
QAN.AX,Qantas Airways Limited,Industrials,Airlines,0.3,19.8,,7.5,,9.2,3,False,8.1,4.0,6.0,2,False
QBE.AX,QBE Insurance Group Limited,Financial Services,Insurance - Property & Casualty,11.1,15.5,,4.9,,10.5,3,False,11.9,8.5,10.2,2,False
QUB.AX,Qube Holdings Ltd,Industrials,Integrated Freight & Logistics,5.9,5.7,,5.7,,5.8,3,False,0.0,,0.0,1,True
RDX.AX,Redox Limited,Basic Materials,Chemicals,16.6,14.3,,10.5,,13.8,3,False,10.8,9.4,10.1,2,False
REA.AX,REA Group Limited,Communication Services,Internet Content & Information,18.3,18.1,,18.1,,18.2,3,False,0.0,4.8,2.4,2,False
REG.AX,Regis Healthcare Limited,Healthcare,Medical Care Facilities,,,,10.9,,10.9,1,True,7.7,8.0,7.8,2,False
REH.AX,Reece Limited,Industrials,Industrial Distribution,9.6,6.3,,5.3,,7.1,3,False,2.5,16.9,9.7,2,False
RHC.AX,Ramsay Health Care Limited,Healthcare,Medical Care Facilities,1.5,9.8,,9.6,,7.0,3,False,0.0,15.6,7.8,2,False
RIO.AX,Rio Tinto Group,Basic Materials,Other Industrial Metals & Mining,11.0,15.4,,15.5,,14.0,3,False,10.0,14.3,12.2,2,False
RMS.AX,Ramelius Resources Limited,Basic Materials,Gold,18.3,7.1,,12.9,,12.8,3,False,0.0,4.4,2.2,2,False
RSG.AX,Resolute Mining Limited,Basic Materials,Gold,18.0,18.7,,15.6,,17.4,3,False,14.8,11.2,13.0,2,False
RWC.AX,Reliance Worldwide Corporation Limited,Industrials,Building Products & Equipment,14.3,2.3,,2.8,,6.5,3,False,0.0,7.8,3.9,2,False
S32.AX,South32 Limited,Basic Materials,Other Industrial Metals & Mining,13.9,11.5,,15.1,,13.5,3,False,11.7,18.1,14.9,2,False
SCG.AX,Scentre Group,Real Estate,REIT - Retail,12.9,13.9,,18.0,,14.9,3,False,20.0,5.4,12.7,2,False
SDF.AX,Steadfast Group Limited,Financial Services,Insurance Brokers,6.7,9.8,,5.7,,7.4,3,False,14.3,4.4,9.4,2,False
SEK.AX,SEEK Limited,Communication Services,Internet Content & Information,9.1,1.9,,1.0,,4.0,3,False,,1.4,1.4,1,True
0002.HK,CLP Holdings Limited,Utilities,Utilities - Regulated Electric,17.4,11.9,,12.1,,13.8,3,False,10.9,17.4,14.2,2,False
0003.HK,The Hong Kong and China Gas Company Limited,Utilities,Utilities - Regulated Gas,15.0,12.4,,10.3,,12.6,3,False,5.4,12.8,9.1,2,False
0005.HK,HSBC Holdings plc,Financial Services,Banks - Diversified,,10.9,,15.6,,13.2,2,True,10.4,17.3,13.8,2,False
0006.HK,Power Assets Holdings Limited,Utilities,Utilities - Independent Power Producers,19.4,17.7,,20.0,,19.0,3,False,20.0,17.3,18.6,2,False
0012.HK,Henderson Land Development Company Limited,Real Estate,Real Estate - Diversified,16.6,5.3,,11.1,,11.0,3,False,0.5,8.1,4.3,2,False
0016.HK,Sun Hung Kai Properties Limited,Real Estate,Real Estate - Development,19.1,6.9,,11.9,,12.6,3,False,0.0,17.7,8.8,2,False
0066.HK,MTR Corporation Limited,Industrials,Railroads,8.0,9.3,,19.7,,12.3,3,False,19.7,13.5,16.6,2,False
0175.HK,Geely Automobile Holdings Limited,Consumer Cyclical,Auto Manufacturers,17.0,13.8,,8.6,,13.1,3,False,20.0,8.0,14.0,2,False
0241.HK,Alibaba Health Information Technology Limited,Healthcare,Pharmaceutical Retailers,19.3,13.2,,11.6,,14.7,3,False,2.8,0.5,1.6,2,False
0267.HK,CITIC Limited,Industrials,Conglomerates,2.1,6.7,,9.3,,6.0,3,False,20.0,12.0,16.0,2,False
0288.HK,WH Group Limited,Consumer Defensive,Packaged Foods,12.9,13.5,,10.4,,12.3,3,False,20.0,7.1,13.6,2,False
0291.HK,China Resources Beer (Holdings) Company Limited,Consumer Defensive,Beverages - Brewers,16.2,6.1,,12.2,,11.5,3,False,8.7,1.4,5.0,2,False
0316.HK,Orient Overseas (International) Limited,Industrials,Marine Shipping,17.5,7.8,,15.1,,13.5,3,False,14.5,13.3,13.9,2,False
0322.HK,Tingyi (Cayman Islands) Holding Corp.,Consumer Defensive,Packaged Foods,5.5,18.6,,10.7,,11.6,3,False,15.7,17.3,16.5,2,False
0386.HK,China Petroleum & Chemical Corporation,Energy,Oil & Gas Integrated,9.2,4.7,,3.6,,5.8,3,False,7.4,5.6,6.5,2,False
0388.HK,Hong Kong Exchanges and Clearing Limited,Financial Services,Financial Data & Stock Exchanges,18.7,18.9,,18.5,,18.7,3,False,8.0,3.6,5.8,2,False
0669.HK,Techtronic Industries Company Limited,Industrials,Tools & Accessories,15.7,14.8,,11.6,,14.0,3,False,9.5,15.1,12.3,2,False
0688.HK,China Overseas Land & Investment Limited,Real Estate,Real Estate - Development,15.5,5.7,,5.9,,9.0,3,False,11.3,4.5,7.9,2,False
0700.HK,Tencent Holdings Limited,Communication Services,Internet Content & Information,12.0,14.7,,18.5,,15.1,3,False,13.0,3.2,8.1,2,False
0762.HK,China Unicom (Hong Kong) Limited,Communication Services,Telecom Services,17.3,6.1,,6.9,,10.1,3,False,19.5,2.5,11.0,2,False
0823.HK,Link Real Estate Investment Trust,Real Estate,REIT - Retail,17.6,1.2,,0.5,,6.4,3,False,,9.9,9.9,1,True
0836.HK,China Resources Power Holdings Company Limited,Utilities,Utilities - Independent Power Producers,10.1,10.7,,11.7,,10.8,3,False,20.0,11.4,15.7,2,False
0857.HK,PetroChina Company Limited,Energy,Oil & Gas Integrated,16.0,8.9,,7.5,,10.8,3,False,15.4,11.4,13.4,2,False
0868.HK,Xinyi Glass Holdings Limited,Basic Materials,Building Materials,15.9,9.3,,13.8,,13.0,3,False,18.0,4.8,11.4,2,False
0881.HK,Zhongsheng Group Holdings Limited,Consumer Cyclical,Auto & Truck Dealerships,9.0,2.1,,2.5,,4.5,3,False,,0.1,0.1,1,True
0883.HK,CNOOC Limited,Energy,Oil & Gas E&P,18.3,13.1,,18.1,,16.5,3,False,18.9,8.7,13.8,2,False
0939.HK,China Construction Bank Corporation,Financial Services,Banks - Diversified,,6.1,,18.2,,12.1,2,True,20.0,14.1,17.0,2,False
0941.HK,China Mobile Limited,Communication Services,Telecom Services,17.8,9.6,,13.8,,13.7,3,False,17.1,9.7,13.4,2,False
0960.HK,Longfor Group Holdings Limited,Real Estate,Real Estate - Development,13.9,2.8,,2.9,,6.5,3,False,,0.2,0.2,1,True
0968.HK,Xinyi Solar Holdings Limited,Technology,Solar,8.2,4.0,,4.8,,5.7,3,False,0.0,1.5,0.8,2,False
0981.HK,Semiconductor Manufacturing International Corporation,Technology,Semiconductors,8.4,5.9,,11.9,,8.7,3,False,0.0,5.1,2.6,2,False
0992.HK,Lenovo Group Limited,Technology,Computer Hardware,4.0,12.4,,4.9,,7.1,3,False,0.0,18.0,9.0,2,False
1024.HK,Kuaishou Technology,Communication Services,Internet Content & Information,10.9,15.5,,13.1,,13.2,3,False,20.0,0.6,10.3,2,False
1044.HK,Hengan International Group Company Limited,Consumer Defensive,Household & Personal Products,6.5,9.9,,15.5,,10.6,3,False,20.0,5.6,12.8,2,False
1088.HK,China Shenhua Energy Company Limited,Energy,Thermal Coal,14.6,10.6,,13.8,,13.0,3,False,14.1,7.7,10.9,2,False
1093.HK,CSPC Pharmaceutical Group Limited,Healthcare,Drug Manufacturers - General,17.7,16.7,,18.1,,17.5,3,False,19.3,7.5,13.4,2,False
1099.HK,Sinopharm Group Co. Ltd.,Healthcare,Medical Distribution,7.4,11.0,,9.4,,9.3,3,False,20.0,4.7,12.4,2,False
1101.TW,"TCC Group Holdings Co., Ltd.",Basic Materials,Building Materials,7.6,3.5,,1.6,,4.2,3,False,,5.5,5.5,1,True
1102.TW,Asia Cement Corporation,Basic Materials,Building Materials,9.5,8.2,,15.3,,11.0,3,False,20.0,3.8,11.9,2,False
1103.TW,Chia Hsin Cement Corporation,Basic Materials,Building Materials,5.9,7.4,,18.0,,10.4,3,False,20.0,4.5,12.2,2,False
1104.TW,Universal Cement Corporation,Basic Materials,Building Materials,15.7,9.1,,16.5,,13.8,3,False,19.5,2.8,11.2,2,False
1108.TW,Lucky Cement Co.,Basic Materials,Building Materials,8.3,7.3,,10.4,,8.7,3,False,12.1,1.3,6.7,2,False
1109.TW,"Hsing Ta Cement Co.,Ltd",Basic Materials,Building Materials,19.2,5.1,,9.7,,11.3,3,False,10.0,2.5,6.2,2,False
1110.TW,"Southeast Cement Co., Ltd.",Basic Materials,Building Materials,13.2,4.9,,10.4,,9.5,3,False,3.5,4.2,3.8,2,False
1113.HK,CK Asset Holdings Limited,Real Estate,Real Estate - Development,19.8,6.1,,10.2,,12.0,3,False,5.9,16.9,11.4,2,False
1177.HK,Sino Biopharmaceutical Limited,Healthcare,Biotechnology,9.6,14.6,,12.4,,12.2,3,False,2.8,1.6,2.2,2,False
1201.TW,Wei Chuan Foods Corporation,Consumer Defensive,Packaged Foods,9.0,4.0,,3.9,,5.6,3,False,8.2,2.7,5.4,2,False
1203.TW,Ve Wong Corporation,Consumer Defensive,Packaged Foods,16.3,9.1,,14.4,,13.3,3,False,7.8,12.6,10.2,2,False
1209.HK,China Resources Mixc Lifestyle Services Limited,Real Estate,Real Estate Services,19.5,19.1,,11.6,,16.7,3,False,9.9,7.0,8.4,2,False
1211.HK,BYD Company Limited,Consumer Cyclical,Auto Manufacturers,12.3,10.5,,7.7,,10.2,3,False,8.8,4.3,6.6,2,False
1213.TW,"Oceanic Beverages Co., Inc.",Consumer Defensive,Beverages - Non-Alcoholic,16.7,0.9,,0.5,,6.0,3,False,,0.7,0.7,1,True
1215.TW,"Charoen Pokphand Enterprise (Taiwan) Co., Ltd.",Consumer Defensive,Packaged Foods,3.0,16.8,,13.7,,11.2,3,False,16.1,2.7,9.4,2,False
1216.TW,Uni-President Enterprises Corp.,Consumer Defensive,Packaged Foods,3.4,15.4,,7.8,,8.9,3,False,9.9,9.5,9.7,2,False
1217.TW,AGV Products Corporation,Consumer Defensive,Packaged Foods,9.7,4.2,,11.2,,8.4,3,False,13.5,7.8,10.6,2,False
1218.TW,"Taisun Enterprise Co., Ltd.",Consumer Defensive,Packaged Foods,19.4,1.3,,1.1,,7.3,3,False,,2.8,2.8,1,True
1219.TW,"Fwusow Industry Co., Ltd.",Consumer Defensive,Packaged Foods,7.8,2.0,,3.5,,4.4,3,False,,4.9,4.9,1,True
1220.TW,"Tai Roun Products Co.,Ltd.",Consumer Defensive,Packaged Foods,14.4,2.4,,2.4,,6.4,3,False,0.0,3.8,1.9,2,False
1225.TW,"Formosa Oilseed Processing Co., Ltd.",Consumer Defensive,Packaged Foods,8.3,3.1,,2.5,,4.6,3,False,0.0,4.3,2.2,2,False
1227.TW,Standard Foods Corporation,Consumer Defensive,Packaged Foods,15.8,7.9,,9.9,,11.2,3,False,10.6,8.8,9.7,2,False
1229.TW,Lien Hwa Industrial Holdings Corporation,Industrials,Conglomerates,16.7,5.0,,19.6,,13.8,3,False,7.6,4.7,6.2,2,False
1231.TW,Lian Hwa Foods Corporation,Consumer Defensive,Packaged Foods,7.9,16.2,,15.9,,13.3,3,False,10.4,1.2,5.8,2,False
1232.TW,TTET Union Corporation,Consumer Defensive,Packaged Foods,14.0,17.7,,11.2,,14.3,3,False,11.1,13.0,12.0,2,False
1233.TW,"Ten Ren Tea Co., Ltd.",Consumer Defensive,Packaged Foods,14.1,6.0,,8.4,,9.5,3,False,0.0,6.7,3.4,2,False
1234.TW,Hey Song Corporation,Consumer Defensive,Beverages - Non-Alcoholic,16.6,3.4,,11.9,,10.6,3,False,10.5,6.2,8.4,2,False
1236.TW,"Hunya Foods Co., Ltd.",Consumer Defensive,Confectioners,15.4,2.1,,1.8,,6.4,3,False,,13.1,13.1,1,True
1256.TW,"Sunjuice Holdings Co., Limited",Consumer Defensive,Beverages - Non-Alcoholic,17.5,13.2,,15.8,,15.5,3,False,17.5,12.9,15.2,2,False
1299.HK,AIA Group Limited,Financial Services,Insurance - Life,9.0,15.7,,12.5,,12.4,3,False,14.8,5.5,10.2,2,False
1301.TW,Formosa Plastics Corporation,Basic Materials,Specialty Chemicals,12.1,5.4,,9.9,,9.1,3,False,0.0,17.0,8.5,2,False
1303.TW,Nan Ya Plastics Corporation,Basic Materials,Specialty Chemicals,11.4,12.1,,14.7,,12.7,3,False,0.6,20.0,10.3,2,False
1304.TW,USI Corporation,Basic Materials,Specialty Chemicals,7.8,1.7,,2.0,,3.8,3,False,,10.5,10.5,1,True
1305.TW,China General Plastics Corporation,Basic Materials,Specialty Chemicals,2.9,3.4,,2.7,,3.0,3,False,,6.8,6.8,1,True
1309.TW,"Taita Chemical Company, Limited",Basic Materials,Specialty Chemicals,10.3,1.9,,1.8,,4.7,3,False,,10.3,10.3,1,True
1310.TW,Taiwan Styrene Monomer Corporation,Basic Materials,Chemicals,17.1,1.6,,1.2,,6.6,3,False,,4.8,4.8,1,True
1312.TW,Grand Pacific Petrochemical Corporation,Basic Materials,Chemicals,3.7,1.6,,0.7,,2.0,3,False,,16.3,16.3,1,True
1313.TW,UPC Technology Corporation,Basic Materials,Specialty Chemicals,5.2,3.7,,2.8,,3.9,3,False,,8.4,8.4,1,True
1314.TW,China Petrochemical Development Corporation,Basic Materials,Specialty Chemicals,10.3,3.0,,0.7,,4.7,3,False,,7.4,7.4,1,True
1315.TW,Tahsin Industrial Corporation,Consumer Cyclical,Apparel Manufacturing,19.5,3.8,,15.3,,12.9,3,False,4.8,12.6,8.7,2,False
1316.TW,"Sun Yad Construction Co.,Ltd",Real Estate,Real Estate Services,14.0,10.3,,2.7,,9.0,3,False,,1.2,1.2,1,True
1319.TW,"Tong Yang Industry Co., Ltd.",Consumer Cyclical,Auto Parts,17.6,11.8,,17.4,,15.6,3,False,14.1,8.3,11.2,2,False
1321.TW,"Ocean Plastics Co., Ltd.",Basic Materials,Specialty Chemicals,5.0,4.2,,4.8,,4.7,3,False,0.0,2.1,1.0,2,False
1323.TW,"Yonyu Plastics Co., Ltd.",Consumer Cyclical,Packaging & Containers,11.6,5.5,,10.2,,9.1,3,False,11.5,13.9,12.7,2,False
1324.TW,Globe Industries Corporation,Industrials,Business Equipment & Supplies,18.9,1.9,,1.6,,7.5,3,False,,5.0,5.0,1,True
1325.TW,Universal Incorporation,Consumer Cyclical,Textile Manufacturing,20.0,2.6,,0.7,,7.8,3,False,,4.9,4.9,1,True
1326.TW,Formosa Chemicals & Fibre Corporation,Basic Materials,Chemicals,13.0,6.1,,7.9,,9.0,3,False,0.0,19.3,9.6,2,False
1337.TW,Asia Plastic Recycling Holding Limited,Basic Materials,Specialty Chemicals,10.1,1.7,,0.2,,4.0,3,False,,2.3,2.3,1,True
1339.TW,"Y.C.C. Parts Mfg. Co., Ltd.",Consumer Cyclical,Auto Parts,18.2,10.1,,19.2,,15.8,3,False,20.0,13.1,16.6,2,False
1340.TW,Victory New Materials Limited Company,Consumer Cyclical,Footwear & Accessories,17.3,1.4,,2.9,,7.2,3,False,,1.6,1.6,1,True
1341.TW,"Fulin Plastic Industry (Cayman) Holding Co., Ltd.",Consumer Cyclical,Textile Manufacturing,13.5,15.4,,14.4,,14.4,3,False,13.4,12.2,12.8,2,False
1342.TW,"Cathay Consolidated, Inc.",Consumer Cyclical,Textile Manufacturing,13.8,16.0,,17.6,,15.8,3,False,9.9,16.8,13.4,2,False
1378.HK,China Hongqiao Group Limited,Basic Materials,Aluminum,8.7,16.7,,14.3,,13.2,3,False,15.8,2.5,9.2,2,False
1398.HK,Industrial and Commercial Bank of China Limited,Financial Services,Banks - Diversified,,5.4,,18.1,,11.8,2,True,20.0,15.3,17.6,2,False
1402.TW,Far Eastern New Century Corporation,Consumer Cyclical,Textile Manufacturing,9.3,7.1,,7.9,,8.1,3,False,10.4,12.3,11.4,2,False
1409.TW,Shinkong Synthetic Fibers Corporation,Consumer Cyclical,Textile Manufacturing,5.5,8.5,,13.4,,9.1,3,False,3.8,19.4,11.6,2,False
1410.TW,"Nan Yang Dyeing & Finishing Co.,Ltd",Consumer Cyclical,Textile Manufacturing,,5.0,,18.7,,11.8,2,True,0.0,2.7,1.4,2,False
1413.TW,"Hung Chou Fiber Ind. Co., Ltd",Consumer Cyclical,Textile Manufacturing,8.8,4.7,,5.6,,6.4,3,False,0.0,6.3,3.2,2,False
1414.TW,"Tung Ho Textile Co., Ltd.",Consumer Cyclical,Textile Manufacturing,16.7,4.8,,18.9,,13.5,3,False,0.0,10.0,5.0,2,False
1416.TW,Kwong Fong Industries Corporation,Technology,Information Technology Services,9.5,6.9,,19.7,,12.0,3,False,19.4,8.4,13.9,2,False
1417.TW,Carnival Industrial Corporation,Consumer Cyclical,Apparel Retail,18.5,5.2,,18.8,,14.2,3,False,10.0,11.2,10.6,2,False
1418.TW,TongHwa Corporation,Consumer Cyclical,Textile Manufacturing,1.9,1.9,,2.9,,2.2,3,False,,4.6,4.6,1,True
1419.TW,"Shinkong Textile Co., Ltd.",Consumer Cyclical,Textile Manufacturing,17.4,15.3,,19.8,,17.5,3,False,20.0,15.4,17.7,2,False
1423.TW,Reward Wool Industry Corporation,Consumer Cyclical,Textile Manufacturing,,9.6,,19.9,,14.8,2,True,15.7,10.5,13.1,2,False
1432.TW,TRK Corporation,Consumer Cyclical,Leisure,6.2,18.1,,19.6,,14.6,3,False,20.0,9.3,14.6,2,False
1434.TW,"Formosa Taffeta Co., Ltd.",Consumer Cyclical,Textile Manufacturing,15.8,4.9,,10.4,,10.4,3,False,2.8,15.9,9.4,2,False
1435.TW,Chung Fu Tex-International Corporation,Industrials,Conglomerates,20.0,1.0,,2.4,,7.8,3,False,,3.3,3.3,1,True
1436.TW,"Hua Yu Lien Development Co., Ltd",Real Estate,Real Estate - Development,3.2,12.3,,10.8,,8.8,3,False,0.8,0.5,0.6,2,False
1437.TW,GTM Holdings Corporation,Real Estate,Real Estate Services,16.1,14.0,,19.1,,16.4,3,False,20.0,11.8,15.9,2,False
1438.TW,"SanDi Properties Co.,Ltd.",Real Estate,Real Estate - Diversified,2.0,13.0,,9.8,,8.3,3,False,16.4,0.6,8.5,2,False
1440.TW,"Tainan Spinning Co., Ltd.",Consumer Cyclical,Textile Manufacturing,13.9,3.1,,3.4,,6.8,3,False,0.0,12.0,6.0,2,False
1441.TW,"Tah Tong Textile Co., Ltd.",Consumer Cyclical,Textile Manufacturing,3.4,0.5,,1.0,,1.6,3,False,,3.7,3.7,1,True
1442.TW,"Advancetek Enterprise Co.,Ltd.",Real Estate,Real Estate - Development,15.2,11.9,,13.5,,13.5,3,False,0.0,1.1,0.6,2,False
1443.TW,"Lily Logistics Development Co., Ltd.",Industrials,Integrated Freight & Logistics,1.1,12.0,,19.2,,10.8,3,False,18.0,3.4,10.7,2,False
1444.TW,"Lealea Enterprise Co., Ltd.",Consumer Cyclical,Textile Manufacturing,10.0,2.2,,1.8,,4.7,3,False,,12.7,12.7,1,True
1445.TW,"Universal Textile Co., Ltd.",Consumer Cyclical,Textile Manufacturing,7.3,2.1,,0.7,,3.4,3,False,,2.6,2.6,1,True
1446.TW,"Hong Ho Precision Textile Co.,Ltd.",Consumer Cyclical,Textile Manufacturing,19.7,5.6,,18.4,,14.6,3,False,10.1,3.3,6.7,2,False
1447.TW,"Li Peng Enterprise Co., Ltd.",Consumer Cyclical,Textile Manufacturing,11.3,2.3,,2.5,,5.4,3,False,,15.2,15.2,1,True
1449.TW,"Chia Her Industrial Co., Ltd.",Consumer Cyclical,Textile Manufacturing,6.6,7.0,,2.6,,5.4,3,False,,10.5,10.5,1,True
1451.TW,"Nien Hsing Textile Co., Ltd.",Consumer Cyclical,Textile Manufacturing,18.9,5.3,,8.8,,11.0,3,False,14.4,11.1,12.8,2,False
1452.TW,"Hong Yi Fiber Ind. Co., Ltd.",Consumer Cyclical,Textile Manufacturing,19.8,3.0,,2.8,,8.5,3,False,0.0,6.3,3.2,2,False
1453.TW,"Ta Jiang Co., Ltd.",Consumer Cyclical,Textile Manufacturing,7.9,5.9,,20.0,,11.3,3,False,7.8,5.2,6.5,2,False
1454.TW,"Taiwan Taffeta Fabric Co., Ltd.",Consumer Cyclical,Textile Manufacturing,13.9,1.6,,1.3,,5.6,3,False,,5.9,5.9,1,True
1455.TW,"Zig Sheng Industrial Co., Ltd.",Consumer Cyclical,Textile Manufacturing,12.2,5.5,,9.3,,9.0,3,False,3.6,14.1,8.8,2,False
1456.TW,"I-Hwa Industrial Co.,Ltd",Real Estate,Real Estate Services,0.7,17.4,,14.4,,10.8,3,False,20.0,13.9,17.0,2,False
1457.TW,"Yi Jinn Industrial Co., Ltd.",Consumer Cyclical,Textile Manufacturing,8.9,5.4,,15.5,,9.9,3,False,15.4,7.7,11.6,2,False
1459.TW,"Lan Fa Textile Co., Ltd.",Consumer Cyclical,Textile Manufacturing,14.3,14.6,,19.6,,16.2,3,False,20.0,15.0,17.5,2,False
1460.TW,"Everest Textile Co., Ltd.",Consumer Cyclical,Textile Manufacturing,9.8,2.4,,2.2,,4.8,3,False,,13.8,13.8,1,True
1463.TW,CS Group Investment Holding Limited,Consumer Cyclical,Textile Manufacturing,19.8,2.7,,0.5,,7.7,3,False,,6.7,6.7,1,True
1464.TW,"De Licacy Industrial Co., Ltd.",Consumer Cyclical,Textile Manufacturing,4.9,5.1,,5.7,,5.2,3,False,7.9,8.6,8.2,2,False
1465.TW,"Wisher Industrial Co., Ltd.",Consumer Cyclical,Textile Manufacturing,,5.1,,17.6,,11.4,2,True,1.0,8.6,4.8,2,False
1466.TW,Acelon Chemicals & Fiber Corporation,Consumer Cyclical,Textile Manufacturing,7.7,2.5,,2.3,,4.2,3,False,,8.0,8.0,1,True
1467.TW,"Tex-Ray Industrial Co., Ltd.",Consumer Cyclical,Apparel Manufacturing,4.0,3.9,,4.3,,4.1,3,False,0.3,13.6,7.0,2,False
1468.TW,Chang-Ho Fibre Corporation,Consumer Cyclical,Textile Manufacturing,8.0,9.3,,18.6,,12.0,3,False,10.4,11.3,10.9,2,False
1470.TW,evertex fabrinology limited,Consumer Cyclical,Textile Manufacturing,18.8,10.3,,17.1,,15.4,3,False,4.3,14.0,9.2,2,False
1471.TW,Solytech Enterprise Corporation,Technology,Computer Hardware,19.3,4.8,,17.5,,13.9,3,False,0.0,7.6,3.8,2,False
1472.TW,"Triocean Industrial Corporation Co., Ltd.",Industrials,Engineering & Construction,11.8,12.6,,12.3,,12.2,3,False,14.0,9.0,11.5,2,False
1473.TW,"Tainan Enterprises Co., Ltd.",Consumer Cyclical,Apparel Manufacturing,15.5,3.6,,3.8,,7.6,3,False,0.0,4.4,2.2,2,False
1474.TW,"Honmyue Enterprise Co., Ltd.",Consumer Cyclical,Textile Manufacturing,12.1,3.6,,4.4,,6.7,3,False,0.0,6.5,3.2,2,False
1475.TW,"Big Sun Shine CO., LTD.",Consumer Cyclical,Textile Manufacturing,17.7,13.9,,17.8,,16.5,3,False,20.0,5.8,12.9,2,False
1476.TW,"Eclat Textile Co., Ltd.",Consumer Cyclical,Apparel Manufacturing,19.3,15.9,,17.7,,17.6,3,False,17.9,3.0,10.4,2,False
1477.TW,"Makalot Industrial Co., Ltd.",Consumer Cyclical,Apparel Manufacturing,16.5,16.5,,14.9,,16.0,3,False,17.5,2.7,10.1,2,False
1503.TW,Shihlin Electric & Engineering Corp.,Industrials,Electrical Equipment & Parts,19.2,8.5,,12.8,,13.5,3,False,10.1,10.3,10.2,2,False
1504.TW,"TECO Electric & Machinery Co., Ltd.",Industrials,Specialty Industrial Machinery,15.9,6.1,,13.6,,11.9,3,False,11.7,2.1,6.9,2,False
1506.TW,"Right Way Industrial Co.,Ltd",Consumer Cyclical,Auto Parts,18.9,3.3,,4.4,,8.9,3,False,0.0,3.7,1.8,2,False
1512.TW,"Jui Li Enterprise Co., Ltd.",Consumer Cyclical,Auto Parts,2.4,4.3,,5.0,,3.9,3,False,0.0,3.6,1.8,2,False
1513.TW,Chung-Hsin Electric and Machinery Manufacturing Corp.,Industrials,Specialty Industrial Machinery,12.8,15.7,,16.9,,15.1,3,False,16.8,9.4,13.1,2,False
1514.TW,"Allis Electric Co.,Ltd.",Industrials,Electrical Equipment & Parts,12.6,13.4,,12.0,,12.7,3,False,9.7,7.9,8.8,2,False
1515.TW,"Rexon Industrial Corp.,Ltd",Consumer Cyclical,Leisure,12.7,7.6,,9.2,,9.8,3,False,9.2,15.4,12.3,2,False
1516.TW,"Falcon Power Co., Ltd.",Energy,Thermal Coal,,3.1,,3.2,,3.2,2,True,,1.6,1.6,1,True
1517.TW,Lee Chi Enterprises Company Ltd.,Industrials,Metal Fabrication,18.4,1.7,,1.2,,7.1,3,False,,8.0,8.0,1,True
1519.TW,"Fortune Electric Co., Ltd.",Industrials,Electrical Equipment & Parts,14.1,19.4,,18.1,,17.2,3,False,0.0,15.6,7.8,2,False
1521.TW,"Ta Yih Industrial Co., Ltd.",Consumer Cyclical,Auto Parts,18.2,6.9,,6.9,,10.7,3,False,10.7,11.6,11.1,2,False
1522.TW,"TYC Brother Industrial Co., Ltd.",Consumer Cyclical,Auto Parts,4.0,5.3,,4.4,,4.6,3,False,0.0,2.3,1.2,2,False
1524.TW,"Gordon Auto Body Parts Co., Ltd.",Consumer Cyclical,Auto Parts,11.5,10.6,,16.6,,12.9,3,False,14.3,11.1,12.7,2,False
1525.TW,Kian Shen Corporation,Consumer Cyclical,Auto Parts,,3.9,,13.0,,8.4,2,True,0.0,11.5,5.8,2,False
1526.TW,Sun Race Sturmey-Archer Corporation,Consumer Cyclical,Leisure,11.0,2.2,,1.4,,4.9,3,False,,9.0,9.0,1,True
1527.TW,Basso Industry Corp.,Industrials,Tools & Accessories,19.5,5.1,,13.9,,12.8,3,False,16.6,8.4,12.5,2,False
1528.TW,Anderson Industrial Corporation,Industrials,Specialty Industrial Machinery,4.6,1.8,,1.8,,2.7,3,False,,12.6,12.6,1,True
1529.TW,"Luxe Green Energy Technology Co., Ltd.",Industrials,Electrical Equipment & Parts,10.5,5.3,,14.1,,10.0,3,False,10.0,3.1,6.6,2,False
1530.TW,"Awea mechantronic co.,ltd",Industrials,Specialty Industrial Machinery,11.1,4.6,,12.9,,9.5,3,False,0.0,10.8,5.4,2,False
1531.TW,"Kaulin Mfg. Co., Ltd.",Industrials,Specialty Industrial Machinery,18.1,2.8,,5.3,,8.7,3,False,0.0,10.7,5.4,2,False
1532.TW,"China Metal Products Co., Ltd.",Industrials,Metal Fabrication,4.1,4.1,,5.2,,4.5,3,False,11.3,3.8,7.6,2,False
1533.TW,"Mobiletron Electronics Co.,Ltd.",Consumer Cyclical,Auto Parts,3.5,12.5,,9.8,,8.6,3,False,16.1,9.7,12.9,2,False
1535.TW,China Ecotek Corporation,Industrials,Pollution & Treatment Controls,19.3,11.1,,7.0,,12.5,3,False,18.7,4.1,11.4,2,False
1536.TW,"Hota Industrial Mfg. Co., Ltd.",Consumer Cyclical,Auto Parts,4.1,1.8,,0.9,,2.3,3,False,,4.0,4.0,1,True
1537.TW,"Kung Long Batteries Industrial Co.,Ltd",Industrials,Electrical Equipment & Parts,,13.6,,13.2,,13.4,2,True,20.0,6.2,13.1,2,False
1538.TW,"Jenn Feng Industrial Tools Co., Ltd.",Industrials,Tools & Accessories,9.2,0.1,,0.1,,3.1,3,False,,0.1,0.1,1,True
1539.TW,"Chiu Ting Machinery Co., Ltd.",Industrials,Specialty Industrial Machinery,16.0,3.7,,7.2,,9.0,3,False,16.7,4.1,10.4,2,False
1541.TW,"CHANG TYPE Industrial Co., Ltd.",Industrials,Tools & Accessories,16.5,8.7,,10.5,,11.9,3,False,20.0,3.2,11.6,2,False
1560.TW,Kinik Company,Industrials,Tools & Accessories,15.5,15.6,,18.0,,16.4,3,False,0.0,19.1,9.6,2,False
1563.TW,"SuperAlloy Industrial Co., Ltd.",Consumer Cyclical,Auto Parts,6.3,4.1,,7.1,,5.8,3,False,0.0,18.1,9.0,2,False
1568.TW,"Tsang Yow Industrial Co.,Ltd.",Consumer Cyclical,Auto Parts,18.4,9.5,,17.9,,15.3,3,False,11.9,16.8,14.4,2,False
1582.TW,Syncmold Enterprise Corp.,Technology,Electronic Components,8.4,7.7,,8.7,,8.3,3,False,13.1,9.4,11.2,2,False
1583.TW,Goodway Machine Corp.,Industrials,Specialty Industrial Machinery,8.6,6.7,,14.7,,10.0,3,False,20.0,8.1,14.0,2,False
1587.TW,Cryomax Cooling System Corp.,Consumer Cyclical,Auto Parts,8.7,3.4,,3.5,,5.2,3,False,0.0,0.7,0.4,2,False
1589.TW,"Yeong Guan Energy Technology Group Co., Ltd.",Industrials,Metal Fabrication,2.0,1.2,,1.0,,1.4,3,False,,0.0,0.0,1,True
1590.TW,Airtac International Group,Industrials,Specialty Industrial Machinery,19.4,15.4,,19.0,,17.9,3,False,10.9,18.9,14.9,2,False
1598.TW,Dyaco International Inc.,Consumer Cyclical,Leisure,8.4,1.9,,1.9,,4.1,3,False,,8.2,8.2,1,True
1603.TW,"China Wire & Cable Co., Ltd.",Technology,Electronics & Computer Distribution,10.2,7.1,,10.8,,9.4,3,False,16.1,3.7,9.9,2,False
1604.TW,Sampo Corporation,Consumer Cyclical,"Furnishings, Fixtures & Appliances",8.1,7.9,,12.0,,9.3,3,False,12.6,9.9,11.2,2,False
1605.TW,Walsin Lihwa Corporation,Basic Materials,Steel,9.2,9.0,,11.2,,9.8,3,False,17.7,15.2,16.4,2,False
1608.TW,"Hua Eng Wire & Cable Co., Ltd.",Industrials,Electrical Equipment & Parts,13.8,19.3,,19.7,,17.6,3,False,20.0,13.1,16.6,2,False
1609.TW,"Ta Ya Electric Wire & Cable Co., Ltd.",Industrials,Electrical Equipment & Parts,1.9,10.8,,9.3,,7.3,3,False,20.0,5.6,12.8,2,False
1611.TW,China Electric Mfg. Corporation,Consumer Cyclical,"Furnishings, Fixtures & Appliances",16.6,4.8,,17.0,,12.8,3,False,0.0,9.6,4.8,2,False
1612.TW,"Hong Tai Electric Industrial Co., Ltd.",Industrials,Electrical Equipment & Parts,19.9,12.2,,17.3,,16.5,3,False,20.0,6.4,13.2,2,False
1614.TW,"Taiwan Sanyo Electric Co.,Ltd.",Consumer Cyclical,"Furnishings, Fixtures & Appliances",19.9,6.3,,11.3,,12.5,3,False,0.0,5.4,2.7,2,False
1615.TW,Dah San Electric Wire & Cable Corp.,Industrials,Electrical Equipment & Parts,16.2,16.7,,17.6,,16.8,3,False,20.0,6.1,13.0,2,False
1616.TW,Evertop Wire Cable Corporation,Industrials,Electrical Equipment & Parts,9.6,3.9,,3.6,,5.7,3,False,0.0,0.5,0.2,2,False
1617.TW,"Jung Shing Wire Co., Ltd.",Industrials,Electrical Equipment & Parts,14.3,8.7,,8.9,,10.6,3,False,20.0,11.3,15.6,2,False
1618.TW,"Hold-Key Electric Wire & Cable Co., Ltd",Technology,Electronics & Computer Distribution,12.3,12.4,,16.8,,13.8,3,False,19.5,5.3,12.4,2,False
1623.TW,"Ta Tun Electric Wire & Cable Co., Ltd.",Industrials,Electrical Equipment & Parts,8.5,16.7,,14.9,,13.4,3,False,19.0,4.7,11.8,2,False
1626.TW,Airmate (Cayman) International Co Limited,Consumer Cyclical,"Furnishings, Fixtures & Appliances",13.1,1.1,,1.4,,5.2,3,False,,4.2,4.2,1,True
1702.TW,"Namchow Holdings Co., Ltd.",Consumer Defensive,Packaged Foods,8.5,2.6,,2.9,,4.7,3,False,0.0,4.6,2.3,2,False
1707.TW,Grape King Bio Ltd,Healthcare,Drug Manufacturers - Specialty & Generic,17.8,15.2,,14.8,,15.9,3,False,18.1,2.2,10.2,2,False
1708.TW,Sesoda Corporation,Basic Materials,Chemicals,9.8,13.8,,14.2,,12.6,3,False,17.8,16.9,17.4,2,False
1709.TW,Formosan Union Chemical Corp.,Basic Materials,Chemicals,15.8,10.8,,12.5,,13.0,3,False,13.4,18.7,16.0,2,False
1711.TW,Everlight Chemical Industrial Corporation,Basic Materials,Specialty Chemicals,10.6,4.4,,5.0,,6.7,3,False,0.0,19.2,9.6,2,False
1712.TW,Sinon Corporation,Basic Materials,Agricultural Inputs,9.9,13.1,,9.8,,10.9,3,False,10.9,3.5,7.2,2,False
1713.TW,Cathay Chemical Works Inc.,Basic Materials,Specialty Chemicals,19.9,15.7,,20.0,,18.5,3,False,20.0,3.9,12.0,2,False
1714.TW,Ho Tung Chemical Corp.,Basic Materials,Chemicals,14.7,12.4,,7.3,,11.5,3,False,15.8,19.0,17.4,2,False
1717.TW,"Eternal Materials Co., Ltd.",Basic Materials,Specialty Chemicals,5.7,9.2,,9.1,,8.0,3,False,0.0,18.5,9.2,2,False
1718.TW,China Man-Made Fiber Corporation,Financial Services,Banks - Regional,6.4,5.8,,2.0,,4.7,3,False,0.0,18.4,9.2,2,False
1720.TW,"Standard Chemical & Pharmaceutical Co., Ltd.",Healthcare,Drug Manufacturers - Specialty & Generic,14.9,15.0,,15.7,,15.2,3,False,19.3,9.6,14.4,2,False
1721.TW,"Sunko Ink Co., Ltd.",Basic Materials,Chemicals,8.4,1.4,,0.8,,3.5,3,False,,15.3,15.3,1,True
1722.TW,"Taiwan Fertilizer Co., Ltd.",Basic Materials,Agricultural Inputs,17.7,4.7,,10.2,,10.9,3,False,0.0,3.4,1.7,2,False
1723.TW,China Steel Chemical Corporation,Basic Materials,Chemicals,10.8,10.2,,13.1,,11.4,3,False,2.4,5.8,4.1,2,False
1725.TW,"Yuan Jen Enterprises Co.,Ltd.",Basic Materials,Specialty Chemicals,13.1,7.2,,7.1,,9.1,3,False,19.9,9.4,14.6,2,False
1726.TW,"Yung Chi Paint & Varnish Mfg.Co.,Ltd",Basic Materials,Specialty Chemicals,19.6,10.8,,12.6,,14.3,3,False,20.0,5.9,13.0,2,False
1727.TW,"Chung Hwa Chemical Industrial Works, Ltd.",Basic Materials,Chemicals,7.0,7.0,,7.6,,7.2,3,False,0.0,19.7,9.8,2,False
1730.TW,"Farcent Enterprise Co.,Ltd",Consumer Defensive,Household & Personal Products,15.1,14.1,,16.5,,15.2,3,False,20.0,10.7,15.4,2,False
1731.TW,Maywufa Company Ltd.,Healthcare,Drug Manufacturers - Specialty & Generic,10.7,12.1,,15.2,,12.7,3,False,16.2,7.3,11.8,2,False
1732.TW,Mao Bao Inc.,Consumer Defensive,Household & Personal Products,18.9,9.5,,12.4,,13.6,3,False,10.6,5.1,7.8,2,False
1733.TW,Apex Biotechnology Corp.,Healthcare,Medical Devices,15.9,12.6,,14.3,,14.3,3,False,17.1,5.3,11.2,2,False
1734.TW,"Sinphar Pharmaceutical Co.,Ltd.",Healthcare,Biotechnology,7.8,12.0,,14.2,,11.3,3,False,15.8,10.3,13.0,2,False
1735.TW,"Evermore Chemical Industry Co., Ltd.",Basic Materials,Chemicals,6.0,9.2,,8.4,,7.9,3,False,12.4,13.3,12.8,2,False
1736.TW,"Johnson Health Tech .Co., Ltd.",Consumer Cyclical,Leisure,5.8,16.8,,10.7,,11.1,3,False,18.9,3.1,11.0,2,False
1737.TW,"Taiyen Biotech Co., Ltd.",Consumer Defensive,Household & Personal Products,19.0,5.8,,16.3,,13.7,3,False,15.4,8.5,12.0,2,False
1752.TW,"Nang Kuang Pharmaceutical Co., Ltd.",Healthcare,Medical Instruments & Supplies,10.9,11.3,,13.8,,12.0,3,False,20.0,5.0,12.5,2,False
1760.TW,Panion & Bf Biotech Inc.,Healthcare,Drug Manufacturers - Specialty & Generic,10.0,13.6,,14.2,,12.6,3,False,7.4,4.0,5.7,2,False
1762.TW,"Chunghwa Chemical Synthesis & Biotech Co., Ltd.",Healthcare,Biotechnology,11.6,7.9,,3.8,,7.8,3,False,,13.6,13.6,1,True
1773.TW,"Shiny Chemical Industrial Co., Ltd.",Basic Materials,Chemicals,12.5,16.4,,15.4,,14.8,3,False,9.9,9.9,9.9,2,False
1776.TW,Headway Advanced Materials Inc.,Basic Materials,Chemicals,12.8,8.2,,9.1,,10.0,3,False,11.3,8.2,9.8,2,False
1783.TW,Maxigen Biotech Inc.,Healthcare,Medical Instruments & Supplies,15.5,16.4,,19.1,,17.0,3,False,20.0,5.0,12.5,2,False
1786.TW,SciVision Biotech Inc.,Healthcare,Medical Instruments & Supplies,11.1,12.4,,17.3,,13.6,3,False,18.8,0.5,9.6,2,False
1789.TW,"ScinoPharm Taiwan, Ltd.",Healthcare,Drug Manufacturers - Specialty & Generic,15.0,8.2,,9.3,,10.8,3,False,0.0,7.3,3.6,2,False
1795.TW,"Lotus Pharmaceutical Co., Ltd.",Healthcare,Drug Manufacturers - Specialty & Generic,1.2,15.7,,15.4,,10.8,3,False,17.2,2.2,9.7,2,False
1802.TW,Taiwan Glass Ind. Corp.,Basic Materials,Building Materials,8.7,7.3,,9.6,,8.5,3,False,0.0,19.1,9.6,2,False
1805.TW,"Better Life Group Co., LTD.",Real Estate,Real Estate - Development,19.4,3.6,,5.6,,9.5,3,False,0.0,5.2,2.6,2,False
1806.TW,"Champion Building Materials Co.,Ltd.",Industrials,Building Products & Equipment,14.2,2.6,,4.0,,6.9,3,False,0.0,3.5,1.8,2,False
1808.TW,"Run Long Construction Co., Ltd.",Real Estate,Real Estate - Development,2.6,19.3,,10.6,,10.8,3,False,13.3,13.1,13.2,2,False
1809.TW,"China Glaze Co.,Ltd.",Industrials,Building Products & Equipment,15.4,2.3,,3.5,,7.1,3,False,0.0,19.1,9.6,2,False
1810.HK,Xiaomi Corporation,Technology,Consumer Electronics,12.6,11.2,,10.3,,11.4,3,False,11.5,0.5,6.0,2,False
1810.TW,Hocheng Corporation,Consumer Cyclical,"Furnishings, Fixtures & Appliances",17.8,12.2,,18.9,,16.3,3,False,20.0,17.1,18.6,2,False
1817.TW,"Sanitar Co., Ltd.",Consumer Defensive,Household & Personal Products,17.1,14.6,,17.2,,16.3,3,False,20.0,11.9,16.0,2,False
1876.HK,Budweiser Brewing Company APAC Limited,Consumer Defensive,Beverages - Brewers,18.4,5.7,,14.8,,13.0,3,False,9.3,1.8,5.6,2,False
1903.TW,Shihlin Paper Corporation,Consumer Defensive,Household & Personal Products,10.5,6.3,,20.0,,12.3,3,False,0.0,6.0,3.0,2,False
1904.TW,Cheng Loong Corporation,Basic Materials,Paper & Paper Products,2.7,9.7,,9.3,,7.2,3,False,17.2,14.1,15.6,2,False
1905.TW,Chung Hwa Pulp Corporation,Basic Materials,Paper & Paper Products,3.9,3.3,,2.4,,3.2,3,False,,7.8,7.8,1,True
1906.TW,"Baolong International Co., Ltd.",Basic Materials,Paper & Paper Products,6.8,6.2,,6.7,,6.6,3,False,10.0,1.4,5.7,2,False
1907.TW,YFY Inc.,Basic Materials,Paper & Paper Products,7.3,6.0,,7.2,,6.8,3,False,10.2,9.3,9.8,2,False
1909.TW,"Longchen Paper & Packaging Co., Ltd.",Basic Materials,Paper & Paper Products,0.7,4.7,,4.7,,3.4,3,False,0.0,6.8,3.4,2,False
1928.HK,Sands China Ltd.,Consumer Cyclical,Resorts & Casinos,1.0,19.3,,15.4,,11.9,3,False,12.9,2.0,7.4,2,False
1929.HK,Chow Tai Fook Jewellery Group Limited,Consumer Cyclical,Luxury Goods,8.6,17.2,,14.2,,13.3,3,False,16.2,6.5,11.4,2,False
1997.HK,Wharf Real Estate Investment Company Limited,Real Estate,Real Estate Services,19.0,2.3,,1.4,,7.6,3,False,,18.9,18.9,1,True
2002.TW,China Steel Corporation,Basic Materials,Steel,4.1,3.9,,3.0,,3.7,3,False,,4.2,4.2,1,True
2006.TW,Tung Ho Steel Enterprise Corporation,Basic Materials,Steel,13.1,14.4,,12.0,,13.2,3,False,18.5,13.1,15.8,2,False
2007.TW,"Yieh Hsing Enterprise Co., Ltd.",Basic Materials,Steel,0.8,0.9,,0.5,,0.7,3,False,,1.7,1.7,1,True
2008.TW,Kao Hsing Chang Iron & Steel Corp.,Basic Materials,Steel,3.0,6.0,,10.7,,6.6,3,False,0.0,8.4,4.2,2,False
2009.TW,"First Copper Technology Co., Ltd.",Basic Materials,Copper,13.5,7.2,,12.9,,11.2,3,False,0.0,4.0,2.0,2,False
2010.TW,"Chun Yuan Steel Industry Co., Ltd.",Basic Materials,Steel,10.8,12.6,,10.1,,11.2,3,False,20.0,9.2,14.6,2,False
2012.TW,"Chun Yu Works & Co., Ltd.",Basic Materials,Steel,2.1,4.2,,3.1,,3.1,3,False,,1.8,1.8,1,True
2013.TW,"China Steel Structure Co., Ltd.",Basic Materials,Steel,6.2,11.8,,7.0,,8.3,3,False,16.6,5.2,10.9,2,False
2015.HK,Li Auto Inc.,Consumer Cyclical,Auto Manufacturers,15.8,1.8,,1.6,,6.4,3,False,,0.3,0.3,1,True
2015.TW,"Feng Hsin Steel Co., Ltd.",Basic Materials,Steel,17.2,11.5,,11.5,,13.4,3,False,14.1,5.0,9.6,2,False
2017.TW,"Quintain Steel Co., LTD.",Basic Materials,Steel,3.0,2.7,,1.1,,2.3,3,False,,3.6,3.6,1,True
2020.HK,ANTA Sports Products Limited,Consumer Cyclical,Leisure,13.3,16.1,,18.1,,15.8,3,False,16.4,5.3,10.8,2,False
2020.TW,Mayer Steel Pipe Corporation,Basic Materials,Steel,2.7,12.4,,13.1,,9.4,3,False,18.8,3.6,11.2,2,False
2022.TW,"Tycoons Group Enterprise Co.,Ltd.",Industrials,Tools & Accessories,12.6,2.6,,2.1,,5.8,3,False,,5.9,5.9,1,True
2023.TW,"Yieh Phui Enterprise Co., Ltd.",Basic Materials,Steel,0.6,2.1,,2.0,,1.6,3,False,,2.3,2.3,1,True
2024.TW,"Chih Lien Industrial Co., Ltd.",Basic Materials,Steel,10.4,5.3,,6.3,,7.3,3,False,0.0,0.9,0.4,2,False
2025.TW,"Chien Shing Stainless Steel Co., Ltd.",Basic Materials,Steel,12.2,12.5,,14.4,,13.0,3,False,19.6,7.7,13.6,2,False
2027.TW,"Ta Chen Stainless Pipe Co., Ltd.",Basic Materials,Steel,7.5,14.6,,12.3,,11.5,3,False,19.4,11.1,15.2,2,False
2028.TW,"Wei Chih Steel Industrial Co., Ltd.",Basic Materials,Steel,9.0,5.6,,5.3,,6.6,3,False,0.0,3.2,1.6,2,False
2030.TW,"Froch Enterprise Co., Ltd.",Basic Materials,Steel,1.6,11.2,,8.6,,7.1,3,False,17.6,16.4,17.0,2,False
2031.TW,Hsin Kuang Steel Company Limited,Basic Materials,Steel,1.7,14.5,,13.4,,9.9,3,False,20.0,7.7,13.8,2,False
2032.TW,"Sinkang Industries Co., Ltd.",Basic Materials,Steel,14.3,11.2,,9.9,,11.8,3,False,17.6,9.0,13.3,2,False
2033.TW,"Chia Ta World Co., Ltd.",Basic Materials,Steel,15.5,5.4,,7.4,,9.4,3,False,0.0,8.7,4.4,2,False
2034.TW,"YC Inox Co.,Ltd",Basic Materials,Steel,1.2,5.3,,5.5,,4.0,3,False,0.0,6.4,3.2,2,False
2038.TW,Hai Kwang Enterprise Corporation,Basic Materials,Steel,2.9,3.0,,2.7,,2.9,3,False,,1.7,1.7,1,True
2049.TW,Hiwin Technologies Corporation,Industrials,Tools & Accessories,15.2,4.9,,12.2,,10.8,3,False,0.0,17.8,8.9,2,False
2057.HK,ZTO Express (Cayman) Inc.,Industrials,Integrated Freight & Logistics,13.5,13.3,,17.8,,14.9,3,False,18.7,10.6,14.6,2,False
2059.TW,"King Slide Works Co., Ltd.",Consumer Cyclical,"Furnishings, Fixtures & Appliances",18.6,19.2,,19.7,,19.2,3,False,0.0,20.0,10.0,2,False
2062.TW,Sunspring Metal Corporation,Industrials,Building Products & Equipment,14.1,2.4,,3.1,,6.5,3,False,0.0,3.5,1.8,2,False
2069.TW,"Yuen Chang Stainless Steel Co., Ltd.",Basic Materials,Steel,2.0,10.8,,7.9,,6.9,3,False,20.0,14.5,17.2,2,False
2072.TW,"Century Wind Power Co., Ltd.",Industrials,Engineering & Construction,15.8,11.3,,18.3,,15.1,3,False,20.0,0.3,10.2,2,False
2101.TW,"Nankang Rubber Tire Corp.,Ltd.",Consumer Cyclical,Auto Parts,6.8,17.1,,18.9,,14.3,3,False,20.0,5.5,12.8,2,False
2102.TW,Federal Corporation,Consumer Cyclical,Auto Parts,19.9,18.9,,20.0,,19.6,3,False,20.0,9.8,14.9,2,False
2103.TW,TSRC Corporation,Basic Materials,Specialty Chemicals,6.5,11.1,,9.0,,8.9,3,False,20.0,17.3,18.6,2,False
2104.TW,"International CSRC Investment Holdings Co., Ltd.",Basic Materials,Specialty Chemicals,5.4,1.1,,0.4,,2.3,3,False,,3.7,3.7,1,True
2105.TW,"Cheng Shin Rubber Ind. Co., Ltd.",Consumer Cyclical,Auto Parts,13.1,7.7,,11.3,,10.7,3,False,9.9,6.1,8.0,2,False
2107.TW,Formosan Rubber Group Inc.,Basic Materials,Specialty Chemicals,16.6,6.7,,18.7,,14.0,3,False,18.7,8.8,13.8,2,False
2108.TW,"NANTEX Industry Co., Ltd.",Basic Materials,Specialty Chemicals,18.4,9.3,,11.1,,12.9,3,False,16.6,11.7,14.2,2,False
2114.TW,"Hsin Yung Chien Co., Ltd.",Consumer Cyclical,Auto Parts,17.9,13.4,,19.2,,16.8,3,False,13.0,11.7,12.4,2,False
2115.TW,Luhai Holding Corp.,Consumer Cyclical,Auto Parts,14.7,5.9,,9.5,,10.0,3,False,12.0,9.2,10.6,2,False
2201.TW,Yulon Motor Company Ltd.,Consumer Cyclical,Auto Manufacturers,2.4,5.2,,4.7,,4.1,3,False,0.0,6.2,3.1,2,False
2204.TW,China Motor Corporation,Consumer Cyclical,Auto Manufacturers,17.6,8.8,,14.7,,13.7,3,False,20.0,7.3,13.6,2,False
2206.TW,"Sanyang Motor Co., Ltd.",Consumer Cyclical,Auto Manufacturers,9.4,10.7,,12.4,,10.8,3,False,20.0,12.1,16.0,2,False
2207.TW,"Hotai Motor Co.,Ltd.",Consumer Cyclical,Auto & Truck Dealerships,2.4,15.8,,12.5,,10.2,3,False,12.4,7.2,9.8,2,False
2208.TW,CSBC Corporation,Industrials,Aerospace & Defense,0.7,6.9,,5.5,,4.4,3,False,9.8,2.4,6.1,2,False
2211.TW,Evergreen Steel Corp.,Industrials,Engineering & Construction,17.8,9.8,,18.0,,15.2,3,False,17.6,4.7,11.2,2,False
2227.TW,"Yulon Nissan Motor Co., Ltd",Consumer Cyclical,Auto Manufacturers,18.9,2.8,,2.7,,8.1,3,False,,6.2,6.2,1,True
2228.TW,"Iron Force Industrial Co., Ltd.",Consumer Cyclical,Auto Parts,17.8,7.3,,11.6,,12.2,3,False,7.3,3.1,5.2,2,False
2231.TW,Cub Elecparts Inc.,Consumer Cyclical,Auto Parts,6.0,1.8,,1.7,,3.2,3,False,,3.6,3.6,1,True
2233.TW,"TURVO International Co., Ltd.",Industrials,Specialty Industrial Machinery,11.6,9.1,,15.0,,11.9,3,False,12.1,3.6,7.8,2,False
2236.TW,"Patec Precision Industry Co., Ltd.",Industrials,Specialty Industrial Machinery,3.9,0.7,,1.4,,2.0,3,False,,10.7,10.7,1,True
2237.TW,RAC Electric Vehicles Inc.,Consumer Cyclical,Auto Manufacturers,6.4,16.1,,15.5,,12.7,3,False,19.7,9.5,14.6,2,False
2239.TW,"Cayman Engley Industrial Co., Ltd.",Consumer Cyclical,Auto Parts,10.9,2.0,,1.7,,4.9,3,False,,0.7,0.7,1,True
2241.TW,"Amulaire Thermal Technology, Inc.",Consumer Cyclical,Auto Parts,13.0,2.1,,1.3,,5.5,3,False,,13.9,13.9,1,True
2243.TW,"HORNG SHIUE HOLDING Co., Ltd.",Consumer Cyclical,Auto Parts,7.8,15.2,,13.1,,12.0,3,False,9.1,19.9,14.5,2,False
2247.TW,Pan German Universal Motors Ltd.,Consumer Cyclical,Auto & Truck Dealerships,13.1,9.9,,6.4,,9.8,3,False,10.0,4.6,7.3,2,False
2248.TW,"Shining Victory Motor Electronic Co., Ltd.",Consumer Cyclical,Auto Parts,15.3,13.4,,16.1,,14.9,3,False,19.8,18.5,19.2,2,False
2250.TW,IKKA Holdings (Cayman) Limited,Industrials,Specialty Industrial Machinery,14.3,4.2,,5.0,,7.8,3,False,14.7,1.0,7.8,2,False
2254.TW,Coplus Inc.,Consumer Cyclical,Auto Parts,5.9,1.0,,0.2,,2.4,3,False,,10.4,10.4,1,True
2258.TW,"Foxtron Vehicle Technologies Co., Ltd.",Consumer Cyclical,Auto Manufacturers,11.2,0.5,,0.1,,3.9,3,False,,4.3,4.3,1,True
2301.TW,Lite-On Technology Corporation,Technology,Computer Hardware,8.5,15.3,,12.3,,12.0,3,False,0.0,15.7,7.8,2,False
2302.TW,Rectron Limited,Technology,Semiconductor Equipment & Materials,19.8,9.5,,16.2,,15.2,3,False,12.9,17.8,15.4,2,False
2303.TW,United Microelectronics Corporation,Technology,Semiconductors,12.8,15.1,,18.9,,15.6,3,False,19.2,18.4,18.8,2,False
2305.TW,"Microtek International, Inc.",Technology,Computer Hardware,14.4,9.7,,15.1,,13.1,3,False,0.0,18.0,9.0,2,False
2308.TW,"Delta Electronics, Inc.",Technology,Electronic Components,11.2,17.0,,13.6,,13.9,3,False,0.0,17.1,8.6,2,False
2312.TW,"Kinpo Electronics, Inc.",Technology,Computer Hardware,2.6,7.1,,5.0,,4.9,3,False,0.0,15.0,7.5,2,False
2313.HK,Shenzhou International Group Holdings Limited,Consumer Cyclical,Textile Manufacturing,13.2,11.0,,17.3,,13.8,3,False,18.8,0.9,9.8,2,False
2313.TW,"Compeq Manufacturing Co., Ltd.",Technology,Electronic Components,8.4,13.4,,11.4,,11.1,3,False,0.9,19.1,10.0,2,False
2314.TW,Microelectronics Technology Inc.,Technology,Communication Equipment,0.0,0.1,,0.9,,0.3,3,False,,0.4,0.4,1,True
2316.TW,"WUS Printed Circuit Co., Ltd.",Technology,Electronic Components,11.1,14.9,,19.8,,15.3,3,False,20.0,14.7,17.4,2,False
2317.TW,"Hon Hai Precision Industry Co., Ltd.",Technology,Electronic Components,5.2,11.7,,6.0,,7.6,3,False,17.9,10.3,14.1,2,False
2318.HK,"Ping An Insurance (Group) Company of China, Ltd.",Financial Services,Insurance - Life,5.4,10.9,,6.7,,7.7,3,False,20.0,7.4,13.7,2,False
2319.HK,China Mengniu Dairy Company Limited,Consumer Defensive,Packaged Foods,10.0,4.1,,5.6,,6.6,3,False,0.0,15.7,7.8,2,False
2321.TW,"Tecom Co., Ltd.",Technology,Communication Equipment,2.3,6.0,,4.4,,4.2,3,False,,4.8,4.8,1,True
2323.TW,CMC Magnetics Corporation,Technology,Computer Hardware,7.8,14.0,,19.5,,13.8,3,False,20.0,10.6,15.3,2,False
2324.TW,"Compal Electronics, Inc.",Technology,Computer Hardware,4.3,7.9,,5.0,,5.7,3,False,7.4,11.4,9.4,2,False
2327.TW,Yageo Corporation,Technology,Electronic Components,2.1,14.4,,16.5,,11.0,3,False,4.2,18.9,11.5,2,False
2328.TW,Pan-International Industrial Corp.,Technology,Electronic Components,15.7,4.5,,5.1,,8.4,3,False,0.0,4.9,2.4,2,False
2329.TW,"Orient Semiconductor Electronics, Limited",Technology,Semiconductors,11.5,9.9,,9.9,,10.4,3,False,18.4,6.0,12.2,2,False
2330.TW,Taiwan Semiconductor Manufacturing Company Limited,Technology,Semiconductors,12.2,18.3,,19.6,,16.7,3,False,14.1,15.9,15.0,2,False
2331.TW,"Elitegroup Computer Systems Co.,Ltd.",Technology,Computer Hardware,12.9,6.6,,6.4,,8.6,3,False,8.6,5.3,7.0,2,False
2332.TW,D-Link Corporation,Technology,Communication Equipment,14.4,3.7,,3.4,,7.2,3,False,,9.5,9.5,1,True
2337.TW,"Macronix International Co., Ltd.",Technology,Semiconductors,8.8,13.0,,16.0,,12.6,3,False,13.2,19.6,16.4,2,False
2340.TW,Taiwan-Asia Semiconductor Corporation,Technology,Semiconductors,3.3,1.9,,1.2,,2.1,3,False,,10.8,10.8,1,True
2342.TW,Mosel Vitelic Inc.,Technology,Semiconductors,13.6,3.2,,3.0,,6.6,3,False,,11.1,11.1,1,True
2344.TW,Winbond Electronics Corporation,Technology,Semiconductors,7.9,17.0,,18.1,,14.3,3,False,18.8,19.7,19.2,2,False
2345.TW,Accton Technology Corporation,Technology,Communication Equipment,13.0,19.2,,13.0,,15.1,3,False,10.0,16.3,13.2,2,False
2347.TW,Synnex Technology International Corporation,Technology,Electronics & Computer Distribution,2.9,13.3,,5.8,,7.3,3,False,14.9,13.0,14.0,2,False
2348.TW,"Hi-Yes International Co., Ltd.",Real Estate,Real Estate Services,1.6,11.9,,7.6,,7.0,3,False,13.0,5.5,9.2,2,False
2349.TW,RITEK Corporation,Technology,Computer Hardware,5.0,3.6,,3.2,,3.9,3,False,,8.3,8.3,1,True
2351.TW,SDI Corporation,Technology,Semiconductor Equipment & Materials,9.6,9.8,,9.6,,9.7,3,False,5.2,18.5,11.8,2,False
2352.TW,Qisda Corporation,Technology,Computer Hardware,2.2,5.2,,4.6,,4.0,3,False,0.0,3.3,1.6,2,False
2353.TW,Acer Incorporated,Technology,Computer Hardware,6.4,9.1,,5.5,,7.0,3,False,9.0,8.0,8.5,2,False
2354.TW,"Foxconn Technology Co., Ltd.",Technology,Electronics & Computer Distribution,14.6,5.3,,6.1,,8.7,3,False,0.0,6.1,3.0,2,False
2356.TW,Inventec Corporation,Technology,Computer Hardware,1.7,13.4,,5.3,,6.8,3,False,6.2,13.5,9.8,2,False
2357.TW,ASUSTeK Computer Inc.,Technology,Computer Hardware,9.5,14.4,,9.2,,11.0,3,False,14.0,14.0,14.0,2,False
2359.HK,"WuXi AppTec Co., Ltd.",Healthcare,Diagnostics & Research,12.5,18.2,,19.5,,16.7,3,False,15.5,15.5,15.5,2,False
2360.TW,Chroma ATE Inc.,Technology,Scientific & Technical Instruments,13.2,19.1,,19.4,,17.2,3,False,0.0,19.0,9.5,2,False
2362.TW,Clevo Co.,Technology,Computer Hardware,3.4,8.5,,14.9,,8.9,3,False,20.0,10.3,15.2,2,False
2363.TW,Silicon Integrated Systems Corp.,Technology,Semiconductors,18.4,4.3,,9.8,,10.8,3,False,0.0,5.3,2.6,2,False
2364.TW,Twinhead International Corp.,Technology,Computer Hardware,7.0,18.4,,16.3,,13.9,3,False,16.2,6.8,11.5,2,False
2365.TW,KYE Systems Corp.,Technology,Computer Hardware,14.7,5.8,,13.5,,11.3,3,False,0.0,1.8,0.9,2,False
2367.TW,Unitech Printed Circuit Board Corp.,Technology,Electronic Components,4.4,3.1,,3.2,,3.6,3,False,,14.8,14.8,1,True
2368.TW,Gold Circuit Electronics Ltd.,Technology,Electronic Components,9.1,18.6,,16.1,,14.6,3,False,1.2,18.1,9.6,2,False
2369.TW,"Lingsen Precision Industries, Ltd.",Technology,Semiconductor Equipment & Materials,10.0,3.8,,3.8,,5.9,3,False,,14.5,14.5,1,True
2371.TW,"Tatung Co., Ltd.",Industrials,Conglomerates,8.3,0.8,,0.6,,3.2,3,False,,1.4,1.4,1,True
2373.TW,Aurora Corporation,Industrials,Industrial Distribution,9.8,9.2,,11.2,,10.1,3,False,17.7,6.6,12.1,2,False
2374.TW,"Ability Enterprise Co., Ltd.",Technology,Electronic Components,15.0,12.0,,11.5,,12.8,3,False,14.8,3.7,9.2,2,False
2375.TW,Kaimei Electronic Corp.,Technology,Electronic Components,12.0,6.2,,10.5,,9.6,3,False,8.7,14.1,11.4,2,False
2376.TW,"Giga-Byte Technology Co., Ltd.",Technology,Computer Hardware,1.5,17.4,,7.8,,8.9,3,False,14.9,11.0,13.0,2,False
2377.TW,"Micro-Star International Co., Ltd.",Technology,Computer Hardware,13.5,14.1,,7.8,,11.8,3,False,15.0,12.3,13.6,2,False
2379.TW,Realtek Semiconductor Corp.,Technology,Semiconductors,14.5,17.1,,12.6,,14.7,3,False,14.7,11.6,13.2,2,False
2380.TW,Avision Inc.,Technology,Computer Hardware,1.3,1.6,,3.2,,2.0,3,False,0.0,7.5,3.8,2,False
2382.HK,Sunny Optical Technology (Group) Company Limited,Technology,Electronic Components,11.3,14.0,,12.3,,12.5,3,False,19.6,3.3,11.5,2,False
2382.TW,Quanta Computer Inc.,Technology,Computer Hardware,1.6,18.3,,6.6,,8.8,3,False,13.6,10.7,12.1,2,False
2383.TW,"Elite Material Co., Ltd.",Technology,Electronic Components,6.8,18.7,,15.7,,13.7,3,False,0.0,19.5,9.8,2,False
2385.TW,"Chicony Electronics Co., Ltd.",Technology,Computer Hardware,10.4,13.1,,9.9,,11.1,3,False,16.5,3.6,10.0,2,False
2387.TW,Sunrex Technology Corporation,Technology,Computer Hardware,9.0,7.0,,6.8,,7.6,3,False,16.3,6.6,11.4,2,False
2388.HK,BOC Hong Kong (Holdings) Limited,Financial Services,Banks - Regional,,9.4,,18.4,,13.9,2,True,10.2,16.9,13.6,2,False
2388.TW,"VIA Technologies, Inc.",Technology,Semiconductors,15.7,5.7,,10.7,,10.7,3,False,2.7,11.6,7.2,2,False
2393.TW,"Everlight Electronics Co., Ltd.",Technology,Electronic Components,15.6,10.0,,12.2,,12.6,3,False,19.8,9.1,14.4,2,False
2395.TW,"Advantech Co., Ltd.",Technology,Computer Hardware,16.5,16.5,,15.4,,16.1,3,False,0.0,17.1,8.6,2,False
2397.TW,DFI Inc.,Technology,Computer Hardware,4.1,7.5,,6.3,,6.0,3,False,4.8,6.3,5.6,2,False
2399.TW,Biostar Microtech International Corp.,Technology,Computer Hardware,17.5,16.9,,19.4,,17.9,3,False,17.4,17.6,17.5,2,False
2402.TW,"Ichia Technologies, Inc.",Technology,Electronic Components,4.4,8.2,,7.8,,6.8,3,False,2.6,10.2,6.4,2,False
2404.TW,"United Integrated Services Co., Ltd.",Industrials,Engineering & Construction,19.4,19.7,,16.2,,18.4,3,False,12.8,12.4,12.6,2,False
2405.TW,Shuttle Inc.,Technology,Computer Hardware,13.0,3.9,,3.8,,6.9,3,False,,3.5,3.5,1,True
2406.TW,Gigastorage Corporation,Technology,Solar,3.8,5.5,,4.7,,4.7,3,False,0.0,12.1,6.0,2,False
2409.TW,AUO Corporation,Technology,Electronic Components,5.1,4.7,,4.7,,4.8,3,False,0.0,16.4,8.2,2,False
2412.TW,"Chunghwa Telecom Co., Ltd.",Communication Services,Telecom Services,16.8,10.4,,16.2,,14.5,3,False,0.0,11.9,6.0,2,False
2413.TW,"Universal Microelectronics Co., Ltd.",Technology,Electronic Components,5.9,15.8,,14.0,,11.9,3,False,20.0,16.5,18.2,2,False
2414.TW,"Unitech Computer Co., Ltd.",Technology,Computer Hardware,1.4,14.1,,5.7,,7.1,3,False,16.0,11.2,13.6,2,False
2415.TW,CX Technology Corporation,Industrials,Metal Fabrication,2.0,5.2,,8.4,,5.2,3,False,10.1,13.6,11.8,2,False
2417.TW,"AVerMedia Technologies, Inc.",Technology,Computer Hardware,11.0,8.6,,8.4,,9.3,3,False,0.0,8.0,4.0,2,False
2419.TW,Hitron Technologies Inc.,Technology,Communication Equipment,8.8,5.3,,4.4,,6.2,3,False,0.0,8.5,4.2,2,False
2420.TW,Zippy Technology Corp.,Industrials,Electrical Equipment & Parts,15.1,14.5,,19.3,,16.3,3,False,20.0,9.9,15.0,2,False
2421.TW,"Sunonwealth Electric Machine Industry Co., Ltd.",Industrials,Specialty Industrial Machinery,17.0,17.7,,15.4,,16.7,3,False,17.3,16.5,16.9,2,False
2423.TW,"Good Will Instrument Co., Ltd.",Technology,Scientific & Technical Instruments,18.6,15.3,,16.1,,16.7,3,False,18.5,12.0,15.2,2,False
2424.TW,"Lung Hwa Electronics Co., Ltd.",Technology,Consumer Electronics,9.3,1.0,,0.5,,3.6,3,False,,0.0,0.0,1,True
2425.TW,Chaintech Technology Corporation,Technology,Computer Hardware,19.0,3.2,,3.9,,8.7,3,False,0.0,10.8,5.4,2,False
2426.TW,Tyntek Corporation,Technology,Semiconductors,15.8,4.3,,5.2,,8.4,3,False,0.0,19.7,9.8,2,False
2428.TW,"Thinking Electronic Industrial Co., Ltd.",Technology,Electronic Components,13.1,13.4,,16.6,,14.4,3,False,17.3,13.6,15.4,2,False
2429.TW,"Abonmax Co., Ltd",Technology,Electronic Components,2.0,1.7,,1.2,,1.6,3,False,,0.1,0.1,1,True
2430.TW,"Tsann Kuen Enterprise Co.,Ltd",Consumer Cyclical,Specialty Retail,6.6,3.5,,3.4,,4.5,3,False,0.0,3.2,1.6,2,False
2432.TW,Acer Gadget Inc.,Technology,Computer Hardware,19.1,10.7,,6.9,,12.2,3,False,16.2,7.9,12.0,2,False
2433.TW,Huxen Corporation,Industrials,Business Equipment & Supplies,10.0,9.8,,17.0,,12.3,3,False,11.7,4.5,8.1,2,False
2434.TW,Mospec Semiconductor Corp.,Technology,Semiconductors,9.2,3.1,,0.8,,4.4,3,False,,16.8,16.8,1,True
2436.TW,"Weltrend Semiconductor, Inc.",Technology,Semiconductors,11.6,16.4,,18.0,,15.3,3,False,20.0,11.4,15.7,2,False
2438.TW,Enlight Corporation,Industrials,Electrical Equipment & Parts,2.7,0.5,,0.4,,1.2,3,False,,1.5,1.5,1,True
2439.TW,"Merry Electronics Co., Ltd.",Technology,Consumer Electronics,10.3,10.0,,6.5,,8.9,3,False,15.9,3.7,9.8,2,False
2440.TW,"Space Shuttle Hi-Tech Co., Ltd.",Industrials,Electrical Equipment & Parts,10.1,2.7,,2.8,,5.2,3,False,0.0,11.0,5.5,2,False
2441.TW,Greatek Electronics Inc.,Technology,Semiconductor Equipment & Materials,19.9,11.1,,15.4,,15.5,3,False,20.0,16.0,18.0,2,False
2449.TW,"King Yuan Electronics Co., Ltd.",Technology,Semiconductors,4.9,13.9,,17.3,,12.0,3,False,9.1,14.5,11.8,2,False
2450.TW,"Senao International Co.,Ltd.",Technology,Electronics & Computer Distribution,11.6,7.6,,5.1,,8.1,3,False,8.0,7.7,7.8,2,False
2451.TW,"Transcend Information, Inc.",Technology,Computer Hardware,19.9,19.5,,19.8,,19.7,3,False,20.0,18.2,19.1,2,False
2453.TW,Syscom Computer Engineering Co.,Technology,Information Technology Services,12.7,12.5,,7.6,,10.9,3,False,12.2,5.0,8.6,2,False
2454.TW,MediaTek Inc.,Technology,Semiconductors,15.5,15.9,,15.2,,15.5,3,False,0.0,18.7,9.4,2,False
2455.TW,"Visual Photonics Epitaxy Co., Ltd.",Technology,Semiconductor Equipment & Materials,11.9,15.7,,16.5,,14.7,3,False,0.0,18.6,9.3,2,False
2457.TW,"Phihong Technology Co., Ltd.",Industrials,Electrical Equipment & Parts,16.7,1.5,,1.4,,6.5,3,False,,6.0,6.0,1,True
2458.TW,ELAN Microelectronics Corporation,Technology,Semiconductors,12.0,16.8,,17.7,,15.5,3,False,20.0,8.9,14.4,2,False
2459.TW,Audix Corporation,Technology,Electronic Components,9.5,9.6,,13.0,,10.7,3,False,20.0,9.2,14.6,2,False
2461.TW,K Laser Technology Inc.,Consumer Cyclical,Packaging & Containers,11.3,2.3,,2.3,,5.3,3,False,0.0,14.2,7.1,2,False
2462.TW,"Taiwan Line Tek Electronic Co., Ltd.",Technology,Consumer Electronics,7.1,5.1,,6.0,,6.1,3,False,0.0,3.7,1.8,2,False
2464.TW,Mirle Automation Corporation,Industrials,Specialty Industrial Machinery,13.7,2.9,,3.4,,6.7,3,False,0.0,19.7,9.8,2,False
2465.TW,Leadtek Research Inc.,Technology,Computer Hardware,12.8,16.4,,7.2,,12.1,3,False,0.0,15.2,7.6,2,False
2466.TW,Cosmo Electronics Corporation,Technology,Electronic Components,5.1,12.7,,18.5,,12.1,3,False,0.0,13.3,6.6,2,False
2467.TW,C Sun Mfg Ltd.,Industrials,Specialty Industrial Machinery,14.8,13.1,,17.8,,15.2,3,False,0.0,19.8,9.9,2,False
2468.TW,Fortune Information Systems Corp,Technology,Information Technology Services,12.1,8.2,,7.2,,9.2,3,False,3.9,1.4,2.6,2,False
2471.TW,Ares International Corp.,Technology,Information Technology Services,18.2,16.8,,17.0,,17.3,3,False,18.8,8.2,13.5,2,False
2472.TW,Lelon Electronics Corp.,Technology,Electronic Components,13.7,13.8,,14.0,,13.8,3,False,14.3,17.9,16.1,2,False
2474.TW,"Catcher Technology Co., Ltd.",Industrials,Metal Fabrication,11.1,5.0,,19.8,,12.0,3,False,14.9,12.1,13.5,2,False
2476.TW,"G-SHANK Enterprise Co., Ltd.",Industrials,Specialty Industrial Machinery,18.1,13.5,,16.6,,16.1,3,False,15.3,12.4,13.8,2,False
2477.TW,"Meiloon Industrial Co., Ltd.",Technology,Consumer Electronics,5.5,5.3,,9.2,,6.7,3,False,7.3,6.3,6.8,2,False
2478.TW,"TA-I Technology Co., Ltd.",Technology,Electronic Components,12.3,9.4,,13.2,,11.6,3,False,12.4,17.6,15.0,2,False
2480.TW,Stark Technology Inc.,Technology,Computer Hardware,16.4,17.0,,12.2,,15.2,3,False,10.6,5.7,8.2,2,False
2481.TW,PANJIT International Inc.,Technology,Semiconductor Equipment & Materials,5.3,9.7,,12.1,,9.0,3,False,11.7,17.2,14.4,2,False
2482.TW,Uniform Industrial Corporation,Industrials,Business Equipment & Supplies,19.3,1.6,,0.8,,7.2,3,False,,3.4,3.4,1,True
2483.TW,"Excel Cell Electronic Co., Ltd.",Technology,Electronic Components,7.2,4.4,,5.3,,5.6,3,False,0.0,14.5,7.2,2,False
2484.TW,"Siward Crystal Technology Co., Ltd",Technology,Electronic Components,15.8,7.0,,11.5,,11.4,3,False,0.0,19.0,9.5,2,False
2485.TW,Zinwell Corporation,Technology,Communication Equipment,19.7,6.8,,10.7,,12.4,3,False,1.1,18.8,10.0,2,False
2486.TW,"I-Chiun Precision Industry Co., Ltd.",Technology,Electronic Components,3.2,6.5,,7.6,,5.8,3,False,0.0,18.9,9.4,2,False
2488.TW,"Hanpin Electron Co., Ltd.",Technology,Consumer Electronics,17.8,12.5,,13.6,,14.6,3,False,20.0,9.7,14.8,2,False
2491.TW,Fortune Oriental Company Limited,Consumer Cyclical,"Furnishings, Fixtures & Appliances",19.0,16.9,,19.9,,18.6,3,False,20.0,20.0,20.0,2,False
2492.TW,Walsin Technology Corporation,Technology,Electronic Components,9.0,8.3,,12.6,,10.0,3,False,7.1,18.3,12.7,2,False
2493.TW,"Ampoc Far-East Co., Ltd.",Technology,Semiconductor Equipment & Materials,18.8,15.4,,15.4,,16.5,3,False,12.2,15.1,13.6,2,False
2495.TW,"Infortrend Technology, Inc.",Technology,Computer Hardware,5.6,11.3,,19.3,,12.1,3,False,9.9,15.4,12.6,2,False
2496.TW,Success Prime Corporation,Consumer Defensive,Education & Training Services,15.7,12.0,,17.1,,14.9,3,False,19.0,6.3,12.6,2,False
2497.TW,"E-Lead Electronic Co., Ltd.",Consumer Cyclical,Auto Parts,10.3,13.2,,13.4,,12.3,3,False,13.9,9.1,11.5,2,False
2501.TW,"Cathay Real Estate Development Co., Ltd.",Real Estate,Real Estate - Development,8.3,14.9,,8.4,,10.5,3,False,14.7,8.3,11.5,2,False
2504.TW,"Goldsun Building Materials Co., Ltd.",Basic Materials,Building Materials,7.0,13.8,,14.6,,11.8,3,False,19.9,2.7,11.3,2,False
2505.TW,"Kuo Yang Construction Co., Ltd.",Real Estate,Real Estate - Development,12.5,9.8,,10.4,,10.9,3,False,13.1,6.4,9.8,2,False
2509.TW,"Chainqui Construction Development Co., Ltd.",Real Estate,Real Estate Services,4.3,1.5,,0.3,,2.0,3,False,,8.0,8.0,1,True
2511.TW,Prince Housing & Development Corp.,Real Estate,Real Estate - Development,14.3,4.8,,5.7,,8.3,3,False,0.0,6.0,3.0,2,False
2514.TW,"Long Bon International Co.,Ltd",Industrials,Engineering & Construction,15.5,2.2,,2.9,,6.9,3,False,0.0,2.1,1.0,2,False
2515.TW,BES Engineering Corporation,Industrials,Engineering & Construction,5.7,3.7,,5.3,,4.9,3,False,0.7,13.0,6.8,2,False
2516.TW,New Asia Construction & Development Corp.,Industrials,Engineering & Construction,14.8,13.6,,5.8,,11.4,3,False,19.9,5.5,12.7,2,False
2520.TW,"Kindom Development Co., Ltd.",Industrials,Engineering & Construction,7.2,9.7,,10.8,,9.2,3,False,18.1,8.7,13.4,2,False
2524.TW,"King's Town Construction Co., Ltd.",Real Estate,Real Estate - Development,11.2,4.0,,9.0,,8.1,3,False,0.0,1.7,0.8,2,False
2527.TW,Hung Ching Development & Construction Co. Ltd,Real Estate,Real Estate Services,18.3,8.9,,12.9,,13.4,3,False,20.0,19.8,19.9,2,False
2528.TW,Crowell Development Corp.,Real Estate,Real Estate Services,5.2,17.0,,8.5,,10.2,3,False,20.0,3.0,11.5,2,False
2530.TW,"Delpha Construction Co.,Ltd.",Industrials,Engineering & Construction,2.5,4.5,,17.9,,8.3,3,False,0.0,0.8,0.4,2,False
2534.TW,"Hung Sheng Construction Co., Ltd.",Real Estate,Real Estate - Development,8.4,3.0,,4.1,,5.2,3,False,0.0,4.3,2.2,2,False
2535.TW,"Da-Cin Construction Co.,Ltd.",Industrials,Engineering & Construction,8.4,16.9,,13.8,,13.0,3,False,20.0,17.7,18.8,2,False
2537.TW,"WE & WIN Development Co., LTD",Real Estate,Real Estate - Development,2.5,5.5,,5.4,,4.5,3,False,0.0,10.4,5.2,2,False
2538.TW,"Kee Tai Properties Co., Ltd.",Real Estate,Real Estate - Development,5.1,7.6,,18.3,,10.3,3,False,0.8,4.2,2.5,2,False
2539.TW,"Sakura Development Co.,Ltd",Real Estate,Real Estate - Development,18.0,19.2,,13.8,,17.0,3,False,10.0,5.6,7.8,2,False
2540.TW,"JSL Construction & Development Co., Ltd.",Real Estate,Real Estate Services,1.9,2.9,,2.9,,2.6,3,False,0.0,7.5,3.8,2,False
2542.TW,Highwealth Construction Corp.,Real Estate,Real Estate - Development,2.3,18.4,,9.6,,10.1,3,False,8.1,15.0,11.6,2,False
2543.TW,"Hwang Chang General Contractor Co., Ltd",Industrials,Engineering & Construction,8.1,12.8,,13.2,,11.4,3,False,15.0,0.4,7.7,2,False
2545.TW,Huang Hsiang Construction Corporation,Real Estate,Real Estate - Diversified,2.0,5.2,,6.7,,4.6,3,False,0.0,3.7,1.8,2,False
2546.TW,"Kedge Construction Co., Ltd.",Industrials,Engineering & Construction,18.8,18.1,,11.6,,16.2,3,False,20.0,16.1,18.0,2,False
2547.TW,"Radium Life Tech. Co., Ltd.",Industrials,Conglomerates,1.1,2.8,,3.9,,2.6,3,False,0.0,6.0,3.0,2,False
2548.TW,"Huaku Development Co., Ltd.",Real Estate,Real Estate - Development,7.5,18.0,,9.9,,11.8,3,False,12.7,12.4,12.6,2,False
2597.TW,"Ruentex Engineering & Construction Co., Ltd.",Industrials,Engineering & Construction,7.9,19.0,,13.7,,13.5,3,False,14.0,11.5,12.8,2,False
2601.TW,"First Steamship Co., Ltd.",Consumer Cyclical,Department Stores,12.1,2.9,,0.1,,5.0,3,False,0.0,15.0,7.5,2,False
2603.TW,Evergreen Marine Corporation (Taiwan) Ltd.,Industrials,Marine Shipping,13.4,8.4,,16.2,,12.7,3,False,15.5,15.6,15.6,2,False
2605.TW,Sincere Navigation Corporation,Industrials,Marine Shipping,14.2,13.4,,19.8,,15.8,3,False,18.7,17.4,18.0,2,False
2606.TW,U-Ming Marine Transport Corporation,Industrials,Marine Shipping,4.5,13.0,,19.4,,12.3,3,False,12.2,15.4,13.8,2,False
2607.TW,Evergreen International Storage & Transport Corporation,Industrials,Integrated Freight & Logistics,15.5,6.6,,16.6,,12.9,3,False,12.6,2.3,7.4,2,False
2608.TW,Kerry TJ Logistics Company Limited,Industrials,Trucking,8.8,7.0,,10.2,,8.7,3,False,20.0,3.8,11.9,2,False
2609.TW,Yang Ming Marine Transport Corporation,Industrials,Marine Shipping,15.8,4.4,,12.6,,10.9,3,False,9.9,11.4,10.6,2,False
2610.TW,"China Airlines, Ltd.",Industrials,Airlines,4.3,12.3,,8.7,,8.4,3,False,11.2,7.3,9.2,2,False
2611.TW,"Tze Shin International Co., Ltd.",Industrials,Marine Shipping,15.8,10.5,,19.6,,15.3,3,False,17.2,7.4,12.3,2,False
2612.TW,Chinese Maritime Transport Ltd.,Industrials,Integrated Freight & Logistics,6.4,6.2,,18.2,,10.3,3,False,17.4,11.5,14.4,2,False
2613.TW,China Container Terminal Corporation,Industrials,Marine Shipping,2.1,4.3,,6.6,,4.3,3,False,3.4,5.1,4.2,2,False
2614.TW,Eastern Media International Corporation,Industrials,Conglomerates,1.6,9.1,,14.9,,8.5,3,False,18.2,3.0,10.6,2,False
2615.TW,Wan Hai Lines Ltd.,Industrials,Marine Shipping,15.6,12.8,,19.1,,15.8,3,False,17.9,17.5,17.7,2,False
2616.TW,"Shan-Loong Transportation Co.,Ltd",Consumer Cyclical,Specialty Retail,4.4,0.8,,1.2,,2.1,3,False,,8.9,8.9,1,True
2617.TW,"Taiwan Navigation Co., Ltd.",Industrials,Marine Shipping,12.3,7.4,,19.5,,13.1,3,False,16.6,11.9,14.2,2,False
2618.HK,"JD Logistics, Inc.",Industrials,Integrated Freight & Logistics,12.2,10.5,,5.1,,9.3,3,False,20.0,3.2,11.6,2,False
2618.TW,EVA Airways Corp.,Industrials,Airlines,7.7,15.1,,13.7,,12.2,3,False,12.3,11.3,11.8,2,False
2628.HK,China Life Insurance Company Limited,Financial Services,Insurance - Life,10.9,19.3,,18.0,,16.1,3,False,20.0,16.0,18.0,2,False
2633.TW,Taiwan High Speed Rail Corporation,Industrials,Railroads,0.9,8.1,,14.9,,8.0,3,False,4.9,6.0,5.4,2,False
2636.TW,T3EX Global Holdings Corp.,Industrials,Integrated Freight & Logistics,6.1,8.4,,6.9,,7.1,3,False,19.8,8.6,14.2,2,False
2637.TW,"Wisdom Marine Lines Co., Limited (Cayman)",Industrials,Marine Shipping,9.2,11.9,,19.6,,13.6,3,False,8.4,18.0,13.2,2,False
2642.TW,"Taiwan Pelican Express Co., Ltd.",Industrials,Integrated Freight & Logistics,8.7,1.1,,1.3,,3.7,3,False,,1.1,1.1,1,True
2645.TW,Evergreen Aviation Technologies Corporation,Industrials,Aerospace & Defense,9.7,16.1,,16.5,,14.1,3,False,13.3,9.3,11.3,2,False
2646.TW,"STARLUX Airlines Co., Ltd.",Industrials,Airlines,0.9,1.8,,1.8,,1.5,3,False,,3.3,3.3,1,True
2688.HK,ENN Energy Holdings Limited,Utilities,Utilities - Regulated Gas,18.3,15.3,,4.6,,12.7,3,False,20.0,1.4,10.7,2,False
2701.TW,Wan Hwa Enterprise Company Ltd.,Real Estate,Real Estate Services,19.9,6.3,,18.8,,15.0,3,False,11.2,6.7,9.0,2,False
2702.TW,Hotel Holiday Garden,Consumer Cyclical,Lodging,7.5,5.2,,13.8,,8.8,3,False,12.9,11.9,12.4,2,False
2705.TW,"Leofoo Development Co., Ltd.",Consumer Cyclical,Lodging,3.4,4.3,,11.2,,6.3,3,False,6.6,8.2,7.4,2,False
2706.TW,First Hotel Company Ltd.,Real Estate,Real Estate Services,,6.4,,18.7,,12.6,2,True,10.4,6.2,8.3,2,False
2707.TW,Formosa International Hotels Corporation,Consumer Cyclical,Lodging,8.8,18.7,,19.1,,15.5,3,False,16.5,8.7,12.6,2,False
2712.TW,"FarGlory Hotel Co.,Ltd",Consumer Cyclical,Resorts & Casinos,12.8,2.4,,1.5,,5.6,3,False,,2.6,2.6,1,True
2722.TW,"Chateau International Development Co., Ltd.",Consumer Cyclical,Resorts & Casinos,14.4,2.3,,0.6,,5.8,3,False,,3.9,3.9,1,True
2723.TW,Gourmet Master Co. Ltd.,Consumer Cyclical,Restaurants,14.3,2.2,,2.1,,6.2,3,False,,13.3,13.3,1,True
2727.TW,Wowprime Corp.,Consumer Cyclical,Restaurants,5.9,17.6,,10.8,,11.4,3,False,18.5,13.0,15.8,2,False
2731.TW,"Lion Travel Service Co., Ltd.",Consumer Cyclical,Travel Services,15.9,17.5,,8.9,,14.1,3,False,19.2,9.8,14.5,2,False
2739.TW,"My Humble House Hospitality Management Consulting Co., Ltd.",Consumer Cyclical,Lodging,1.0,15.8,,11.9,,9.6,3,False,19.8,11.9,15.8,2,False
2748.TW,FDC International Hotels Corporation,Consumer Cyclical,Lodging,13.3,9.2,,15.0,,12.5,3,False,13.3,6.8,10.0,2,False
2753.TW,Bafang Yunji International Company Limited,Consumer Cyclical,Restaurants,10.5,15.7,,14.8,,13.7,3,False,18.1,9.7,13.9,2,False
2801.TW,"Chang Hwa Commercial Bank, Ltd.",Financial Services,Banks - Regional,,5.9,,17.1,,11.5,2,True,4.6,14.6,9.6,2,False
2812.TW,"Taichung Commercial Bank Co., Ltd.",Financial Services,Banks - Regional,,8.6,,17.4,,13.0,2,True,11.7,2.3,7.0,2,False
2816.TW,"Union Insurance Co., Ltd.",Financial Services,Insurance - Diversified,19.4,17.6,,7.1,,14.7,3,False,18.1,17.3,17.7,2,False
2820.TW,China Bills Finance Corporation,Financial Services,Capital Markets,0.4,4.9,,18.5,,7.9,3,False,17.1,6.4,11.8,2,False
2832.TW,"Taiwan Fire & Marine Insurance Co., Ltd.",Financial Services,Insurance - Property & Casualty,19.1,10.2,,13.9,,14.4,3,False,6.3,12.2,9.2,2,False
2834.TW,"Taiwan Business Bank, Ltd.",Financial Services,Banks - Regional,,5.7,,15.8,,10.8,2,True,9.0,9.6,9.3,2,False
2836.TW,"Bank of Kaohsiung Co., Ltd.",Financial Services,Banks - Regional,,2.6,,12.1,,7.4,2,True,4.8,5.1,4.9,2,False
2838.TW,Union Bank of Taiwan,Financial Services,Banks - Regional,,3.9,,12.9,,8.4,2,True,6.0,11.2,8.6,2,False
2845.TW,Far Eastern International Bank Ltd.,Financial Services,Banks - Regional,,3.1,,13.6,,8.4,2,True,7.9,6.8,7.4,2,False
2849.TW,"EnTie Commercial Bank Co., Ltd.",Financial Services,Banks - Regional,,2.6,,13.1,,7.8,2,True,4.8,7.9,6.4,2,False
2850.TW,"Shinkong Insurance Co., Ltd.",Financial Services,Insurance - Property & Casualty,18.8,17.5,,8.4,,14.9,3,False,9.5,15.2,12.4,2,False
2851.TW,Central Reinsurance Corporation,Financial Services,Insurance - Reinsurance,20.0,19.3,,13.7,,17.7,3,False,5.2,19.7,12.4,2,False
2852.TW,"The First Insurance Co., Ltd.",Financial Services,Insurance - Property & Casualty,19.7,7.8,,5.3,,10.9,3,False,14.6,7.8,11.2,2,False
2855.TW,President Securities Corporation,Financial Services,Capital Markets,3.0,19.1,,18.4,,13.5,3,False,20.0,19.8,19.9,2,False
2867.TW,Mercuries Life Insurance Company Ltd.,Financial Services,Insurance - Life,13.3,6.7,,4.0,,8.0,3,False,0.0,18.3,9.2,2,False
2880.TW,"Hua Nan Financial Holdings Co., Ltd.",Financial Services,Banks - Regional,,12.2,,16.6,,14.4,2,True,0.0,16.5,8.2,2,False
2881.TW,"Fubon Financial Holding Co., Ltd.",Financial Services,Insurance - Life,6.7,17.7,,11.0,,11.8,3,False,9.5,18.4,14.0,2,False
2882.TW,"Cathay Financial Holding Co., Ltd.",Financial Services,Insurance - Life,6.5,,,3.8,,5.2,2,True,11.1,18.8,15.0,2,False
2883.TW,"KGI Financial Holding Co., Ltd.",Financial Services,Insurance - Life,5.0,17.2,,9.5,,10.6,3,False,5.3,19.9,12.6,2,False
2884.TW,"E.SUN Financial Holding Company, Ltd.",Financial Services,Banks - Regional,,12.4,,16.3,,14.4,2,True,0.3,11.8,6.1,2,False
2885.TW,"Yuanta Financial Holding Co., Ltd.",Financial Services,Financial Conglomerates,3.2,14.5,,14.3,,10.7,3,False,10.0,19.6,14.8,2,False
2886.TW,"Mega Financial Holding Co., Ltd.",Financial Services,Banks - Regional,,6.9,,17.3,,12.1,2,True,0.0,10.0,5.0,2,False
2887.TW,"TS Financial Holding Co., Ltd.",Financial Services,Banks - Regional,,11.4,,16.9,,14.2,2,True,0.0,19.8,9.9,2,False
2889.TW,"IBF Financial Holdings Co., Ltd.",Financial Services,Capital Markets,0.8,8.0,,15.0,,7.9,3,False,0.2,5.3,2.8,2,False
2890.TW,SinoPac Financial Holdings Company Limited,Financial Services,Banks - Regional,,13.6,,16.7,,15.2,2,True,0.0,18.6,9.3,2,False
2891.TW,"CTBC Financial Holding Co., Ltd.",Financial Services,Banks - Regional,6.2,15.2,,7.6,,9.7,3,False,5.4,17.7,11.6,2,False
2892.TW,"First Financial Holding Co., Ltd.",Financial Services,Banks - Regional,,8.9,,16.3,,12.6,2,True,0.9,11.4,6.2,2,False
2897.TW,"O-Bank Co., Ltd.",Financial Services,Banks - Regional,,2.7,,7.8,,5.2,2,True,4.3,10.6,7.4,2,False
2899.HK,Zijin Mining Group Company Limited,Basic Materials,Gold,6.7,18.9,,15.0,,13.5,3,False,12.6,8.1,10.4,2,False
2903.TW,"Far Eastern Department Stores, Ltd.",Consumer Cyclical,Department Stores,3.5,7.4,,11.7,,7.5,3,False,10.1,11.9,11.0,2,False
2904.TW,Prime Oil Chemical Service Corporation,Energy,Oil & Gas Equipment & Services,15.3,4.3,,10.5,,10.0,3,False,11.5,0.6,6.0,2,False
2905.TW,"Mercuries & Associates Holding, Ltd.",Financial Services,Insurance - Life,11.3,6.2,,5.4,,7.6,3,False,0.0,16.8,8.4,2,False
2908.TW,"Test-Rite International Co., Ltd.",Consumer Cyclical,Home Improvement Retail,2.7,7.4,,5.4,,5.2,3,False,14.2,13.8,14.0,2,False
2910.TW,"Tonlin Department Store Co.,Ltd.",Consumer Cyclical,Department Stores,5.6,10.8,,19.7,,12.0,3,False,12.6,15.6,14.1,2,False
2911.TW,"Les Enphants Co., Ltd.",Consumer Cyclical,Apparel Retail,7.0,18.5,,18.2,,14.6,3,False,20.0,16.6,18.3,2,False
2912.TW,President Chain Store Corporation,Consumer Defensive,Grocery Stores,1.0,17.9,,7.4,,8.8,3,False,8.8,6.0,7.4,2,False
2913.TW,Taiwan Tea Corporation,Consumer Defensive,Farm Products,12.0,1.7,,0.2,,4.6,3,False,,2.3,2.3,1,True
2915.TW,Ruentex Industries Ltd.,Consumer Cyclical,Textile Manufacturing,18.2,16.5,,19.9,,18.2,3,False,20.0,13.4,16.7,2,False
2923.TW,Sino Horizon Holdings Limited,Real Estate,Real Estate - Development,7.8,0.8,,0.4,,3.0,3,False,,13.3,13.3,1,True
2929.TW,TOPBI International Holdings Limited,Consumer Cyclical,Apparel Manufacturing,,1.5,,0.6,,1.0,2,True,,1.3,1.3,1,True
2939.TW,"Yong Yi International Group Co., Ltd",Industrials,Conglomerates,15.5,0.6,,0.3,,5.5,3,False,,1.8,1.8,1,True
2945.TW,"Simple Mart Retail Co., Ltd.",Consumer Defensive,Grocery Stores,3.9,5.6,,2.9,,4.1,3,False,6.2,13.1,9.6,2,False
3002.TW,AHOKU Electronic Company,Industrials,Electrical Equipment & Parts,19.0,2.2,,3.5,,8.2,3,False,0.0,9.1,4.6,2,False
3003.TW,K.S. Terminals Inc.,Industrials,Electrical Equipment & Parts,17.0,5.3,,10.8,,11.0,3,False,11.2,14.4,12.8,2,False
3004.TW,National Aerospace Fasteners Corporation,Industrials,Tools & Accessories,5.6,10.9,,12.0,,9.5,3,False,13.9,4.6,9.2,2,False
3005.TW,Getac Holdings Corporation,Technology,Computer Hardware,11.9,15.0,,13.8,,13.6,3,False,15.0,3.2,9.1,2,False
3006.TW,Elite Semiconductor Microelectronics Technology Inc.,Technology,Semiconductors,14.1,19.2,,18.5,,17.3,3,False,20.0,19.4,19.7,2,False
3008.TW,"Largan Precision Co., Ltd.",Technology,Electronic Components,19.9,11.9,,19.2,,17.0,3,False,2.0,19.0,10.5,2,False
3010.TW,Wah Lee Industrial Corporation,Technology,Electronics & Computer Distribution,6.8,11.1,,7.0,,8.3,3,False,15.2,12.5,13.8,2,False
3011.TW,"Ji-Haw Industrial Co.,Ltd.",Technology,Electronic Components,4.7,1.0,,0.4,,2.0,3,False,,1.7,1.7,1,True
3013.TW,Chenming Electronic Tech. Corp.,Technology,Computer Hardware,13.3,15.4,,11.6,,13.4,3,False,11.7,2.3,7.0,2,False
3014.TW,ITE Tech. Inc,Technology,Semiconductors,18.7,16.0,,17.5,,17.4,3,False,20.0,7.4,13.7,2,False
3015.TW,FSP Technology Inc.,Industrials,Electrical Equipment & Parts,18.4,3.8,,5.9,,9.4,3,False,15.4,7.6,11.5,2,False
3016.TW,Episil-Precision Inc.,Technology,Semiconductor Equipment & Materials,11.0,7.8,,10.6,,9.8,3,False,0.0,15.6,7.8,2,False
3017.TW,"Asia Vital Components Co., Ltd.",Technology,Electronic Components,7.1,19.3,,15.0,,13.8,3,False,0.0,19.1,9.6,2,False
3018.TW,"Lung Ming Green Energy Technology Engineering Co., Ltd.",Industrials,Engineering & Construction,13.8,0.3,,0.2,,4.8,3,False,,3.5,3.5,1,True
3019.TW,"Asia Optical Co., Inc.",Technology,Electronic Components,19.6,10.6,,9.2,,13.1,3,False,11.6,5.8,8.7,2,False
3021.TW,Welltend Technology Corporation,Technology,Electronic Components,6.3,5.9,,5.8,,6.0,3,False,9.1,10.0,9.6,2,False
3022.TW,IEI Integration Corp.,Technology,Computer Hardware,18.5,10.8,,16.1,,15.1,3,False,17.0,12.7,14.8,2,False
3023.TW,"SINBON Electronics Co., Ltd.",Technology,Electronic Components,10.7,14.9,,11.8,,12.5,3,False,12.1,12.6,12.4,2,False
3024.TW,"Action Electronics Co., Ltd.",Technology,Consumer Electronics,7.3,4.1,,4.9,,5.4,3,False,0.0,9.6,4.8,2,False
3025.TW,"Loop Telecommunication International, Inc.",Technology,Communication Equipment,14.3,18.0,,19.0,,17.1,3,False,20.0,11.3,15.6,2,False
3026.TW,"Holy Stone Enterprise Co.,Ltd.",Technology,Electronic Components,9.7,12.9,,13.1,,11.9,3,False,0.0,19.9,10.0,2,False
3027.TW,"Billion Electric Co., Ltd.",Industrials,Conglomerates,18.1,1.5,,1.1,,6.9,3,False,,1.3,1.3,1,True
3028.TW,Zenitron Corporation,Technology,Semiconductor Equipment & Materials,0.6,16.6,,6.6,,7.9,3,False,20.0,17.0,18.5,2,False
3029.TW,"Zero One Technology Co., Ltd.",Technology,Computer Hardware,10.7,15.4,,7.9,,11.3,3,False,12.6,6.3,9.4,2,False
3030.TW,"Test Research, Inc.",Technology,Scientific & Technical Instruments,19.4,17.9,,18.8,,18.7,3,False,15.4,14.6,15.0,2,False
3031.TW,Bright LED Electronics Corp.,Technology,Electronic Components,18.6,6.7,,13.7,,13.0,3,False,10.4,10.9,10.6,2,False
3032.TW,"Compucase Enterprise Co., Ltd.",Technology,Computer Hardware,0.7,1.1,,2.3,,1.4,3,False,,4.1,4.1,1,True
3033.TW,"Weikeng Industrial Co., Ltd.",Technology,Electronics & Computer Distribution,1.1,15.1,,5.7,,7.3,3,False,17.2,14.6,15.9,2,False
3034.TW,Novatek Microelectronics Corp.,Technology,Semiconductors,18.9,16.7,,15.7,,17.1,3,False,19.4,11.8,15.6,2,False
3035.TW,Faraday Technology Corporation,Technology,Semiconductors,17.7,6.6,,8.8,,11.0,3,False,0.0,9.0,4.5,2,False
3036.TW,"WT Microelectronics Co., Ltd.",Technology,Electronic Components,6.3,16.0,,5.3,,9.2,3,False,20.0,13.0,16.5,2,False
3037.TW,Unimicron Technology Corp.,Technology,Electronic Components,8.1,15.6,,15.0,,12.9,3,False,0.0,19.8,9.9,2,False
3038.TW,Emerging Display Technologies Corp.,Technology,Electronic Components,11.4,8.7,,10.1,,10.1,3,False,20.0,6.6,13.3,2,False
3040.TW,"Global View Co., Ltd.",Technology,Consumer Electronics,10.8,3.8,,2.4,,5.7,3,False,,0.9,0.9,1,True
3042.TW,TXC Corporation,Technology,Electronic Components,13.3,11.5,,14.2,,13.0,3,False,7.9,16.8,12.4,2,False
3043.TW,"Powercom Co., Ltd",Industrials,Electrical Equipment & Parts,6.2,1.0,,1.0,,2.7,3,False,,4.6,4.6,1,True
3044.TW,Tripod Technology Corporation,Technology,Electronic Components,15.0,16.1,,14.4,,15.2,3,False,14.6,15.0,14.8,2,False
3045.TW,"Taiwan Mobile Co., Ltd.",Consumer Cyclical,Specialty Retail,7.5,14.7,,12.8,,11.7,3,False,4.0,13.5,8.8,2,False
3046.TW,AOPEN Incorporated,Technology,Computer Hardware,15.0,16.0,,8.0,,13.0,3,False,17.4,12.0,14.7,2,False
3047.TW,"EDIMAX Technology Co., Ltd.",Technology,Communication Equipment,5.5,2.1,,2.5,,3.4,3,False,,2.1,2.1,1,True
3048.TW,"EDOM Technology Co., Ltd.",Technology,Electronics & Computer Distribution,2.1,15.5,,4.9,,7.5,3,False,15.6,12.4,14.0,2,False
3049.TW,HannsTouch Holdings Company,Technology,Electronic Components,8.0,5.4,,15.9,,9.8,3,False,0.0,16.6,8.3,2,False
3050.TW,U-Tech Media Corporation,Technology,Consumer Electronics,4.2,5.6,,9.7,,6.5,3,False,9.6,6.2,7.9,2,False
3052.TW,Apex Science & Engineering Corp.,Industrials,Engineering & Construction,8.9,5.4,,9.8,,8.0,3,False,19.6,6.8,13.2,2,False
3054.TW,"LIWANLI Innovation Co., Ltd.",Healthcare,Drug Manufacturers - Specialty & Generic,19.9,18.7,,19.9,,19.5,3,False,18.5,18.1,18.3,2,False
3055.TW,Spirox Corporation,Technology,Semiconductor Equipment & Materials,18.5,2.5,,0.9,,7.3,3,False,,17.2,17.2,1,True
3056.TW,"Fu Hua Innovation Co., Ltd.",Real Estate,Real Estate - Development,15.1,2.7,,2.2,,6.7,3,False,,1.4,1.4,1,True
3057.TW,"Promise Technology, Inc.",Technology,Computer Hardware,11.4,1.8,,1.6,,4.9,3,False,,10.7,10.7,1,True
3058.TW,Leader Electronics Inc.,Industrials,Electrical Equipment & Parts,6.2,0.7,,0.8,,2.6,3,False,,1.6,1.6,1,True
3060.TW,"Min Aik Technology Co., Ltd.",Technology,Electronic Components,12.5,5.7,,5.9,,8.0,3,False,1.8,7.7,4.8,2,False
3062.TW,CyberTAN Technology Inc.,Technology,Communication Equipment,12.6,1.8,,1.6,,5.3,3,False,,4.8,4.8,1,True
3090.TW,Nichidenbo Corporation,Technology,Electronic Components,10.9,13.9,,13.6,,12.8,3,False,15.0,17.6,16.3,2,False
3092.TW,"Hotron Precision Electronic Industrial Co.,Ltd.",Industrials,Electrical Equipment & Parts,2.7,0.5,,0.5,,1.2,3,False,,16.9,16.9,1,True
3094.TW,"Davicom Semiconductor, Inc.",Technology,Semiconductors,15.1,6.5,,17.9,,13.2,3,False,0.0,13.7,6.8,2,False
3130.TW,104 Corporation,Industrials,Staffing & Employment Services,17.9,18.5,,18.1,,18.2,3,False,15.7,6.7,11.2,2,False
3135.TW,Goldkey Technology Corporation,Technology,Semiconductors,3.8,19.3,,14.2,,12.4,3,False,20.0,19.6,19.8,2,False
3138.TW,Auden Techno Corp.,Technology,Communication Equipment,10.5,7.2,,10.2,,9.3,3,False,8.7,7.4,8.0,2,False
3149.TW,G-TECH Optoelectronics Corporation,Technology,Electronic Components,2.9,1.4,,1.3,,1.9,3,False,,13.7,13.7,1,True
3150.TW,Syncomm Technology Corp.,Technology,Semiconductor Equipment & Materials,16.8,3.5,,3.0,,7.8,3,False,,2.6,2.6,1,True
3167.TW,"Ta Liang Technology Co., Ltd.",Industrials,Specialty Industrial Machinery,13.9,18.5,,17.3,,16.6,3,False,0.0,20.0,10.0,2,False
3168.TW,Data Image Corporation,Technology,Electronic Components,16.8,9.9,,9.3,,12.0,3,False,19.1,5.6,12.4,2,False
3189.TW,Kinsus Interconnect Technology Corp.,Technology,Semiconductor Equipment & Materials,11.7,8.9,,9.5,,10.0,3,False,0.0,19.9,10.0,2,False
3209.TW,Alltek Technology Corporation,Technology,Communication Equipment,3.4,16.6,,6.1,,8.7,3,False,20.0,14.2,17.1,2,False
3229.TW,"Cheer Time Enterprise Co., Ltd",Technology,Electronic Components,10.9,11.9,,9.5,,10.8,3,False,3.3,19.3,11.3,2,False
3231.TW,Wistron Corporation,Technology,Computer Hardware,0.9,17.3,,5.3,,7.8,3,False,13.1,11.7,12.4,2,False
3257.TW,Champion Microelectronic Corporation,Technology,Semiconductors,8.6,11.3,,17.5,,12.5,3,False,17.4,2.6,10.0,2,False
3266.TW,"Sunty Development Co., LTD",Real Estate,Real Estate Services,10.5,5.8,,7.3,,7.9,3,False,0.2,9.1,4.6,2,False
3296.TW,"Powertech Industrial Co., Ltd.",Technology,Consumer Electronics,8.3,3.5,,3.5,,5.1,3,False,,8.7,8.7,1,True
3305.TW,Shenmao Technology Inc,Technology,Electronic Components,2.3,12.5,,9.0,,7.9,3,False,15.2,8.2,11.7,2,False
3308.TW,"Bestec Power Electronics Co., Ltd.",Industrials,Electrical Equipment & Parts,7.7,7.1,,20.0,,11.6,3,False,20.0,14.3,17.2,2,False
3311.TW,Silitech Technology Corporation,Technology,Electronic Components,11.4,7.0,,10.2,,9.5,3,False,17.5,6.0,11.8,2,False
3312.TW,GMI Technology Inc.,Technology,Electronics & Computer Distribution,2.8,14.6,,6.7,,8.0,3,False,12.4,10.7,11.6,2,False
3321.TW,Uniflex Technology Inc.,Technology,Electronic Components,3.7,1.2,,2.8,,2.6,3,False,,11.9,11.9,1,True
3338.TW,"TaiSol Electronics Co., Ltd.",Technology,Electronic Components,16.8,6.8,,6.5,,10.0,3,False,0.0,9.1,4.6,2,False
3346.TW,"Laster Tech Co., Ltd.",Technology,Semiconductors,2.5,3.9,,3.9,,3.4,3,False,,4.9,4.9,1,True
3356.TW,GeoVision Inc.,Industrials,Security & Protection Services,17.5,19.2,,19.9,,18.9,3,False,20.0,14.6,17.3,2,False
3376.TW,"Shin Zu Shing Co., Ltd.",Industrials,Metal Fabrication,17.3,3.0,,5.0,,8.4,3,False,0.0,3.2,1.6,2,False
3380.TW,Alpha Networks Inc.,Technology,Communication Equipment,8.7,4.4,,4.5,,5.9,3,False,0.0,7.1,3.6,2,False
3406.TW,"Genius Electronic Optical Co.,Ltd.",Technology,Computer Hardware,12.1,13.7,,14.9,,13.6,3,False,0.3,17.7,9.0,2,False
3413.TW,Foxsemicon Integrated Technology Inc.,Technology,Semiconductor Equipment & Materials,9.4,12.1,,11.8,,11.1,3,False,20.0,6.3,13.2,2,False
3416.TW,Winmate Inc.,Technology,Electronic Components,13.3,14.8,,15.4,,14.5,3,False,14.5,8.0,11.2,2,False
3419.TW,"Wha Yu Industrial Co., Ltd.",Technology,Communication Equipment,5.8,1.5,,2.2,,3.2,3,False,,4.3,4.3,1,True
3432.TW,"Tai Twun Enterprise Co., Ltd.",Industrials,Electrical Equipment & Parts,12.0,0.9,,0.6,,4.5,3,False,,6.3,6.3,1,True
3437.TW,Advanced Optoelectronic Technology Inc.,Technology,Semiconductors,20.0,1.7,,1.0,,7.6,3,False,,10.5,10.5,1,True
3443.TW,Global Unichip Corp.,Technology,Semiconductors,17.6,18.5,,12.8,,16.3,3,False,0.0,19.5,9.8,2,False
3447.TW,XAVi Technologies Corporation,Technology,Communication Equipment,15.7,11.4,,7.4,,11.5,3,False,20.0,0.3,10.2,2,False
3450.TW,Elite Advanced Laser Corporation,Technology,Semiconductor Equipment & Materials,11.5,12.8,,10.6,,11.6,3,False,0.0,17.6,8.8,2,False
3481.TW,Innolux Corporation,Technology,Electronic Components,10.1,5.3,,6.3,,7.2,3,False,0.0,19.2,9.6,2,False
3494.TW,"HiTi Digital, Inc.",Technology,Computer Hardware,1.7,1.1,,1.5,,1.4,3,False,,1.5,1.5,1,True
3501.TW,"Well Shin Technology Co., Ltd.",Industrials,Electrical Equipment & Parts,17.1,3.5,,6.0,,8.9,3,False,13.8,2.6,8.2,2,False
3504.TW,Young Optics Inc.,Industrials,Electrical Equipment & Parts,15.4,2.2,,2.1,,6.6,3,False,,16.9,16.9,1,True
3515.TW,ASROCK Incorporation,Technology,Computer Hardware,14.3,15.7,,7.4,,12.5,3,False,14.1,4.2,9.2,2,False
3518.TW,"Paragon Technologies Co., Ltd.",Industrials,Specialty Industrial Machinery,13.2,12.1,,19.9,,15.1,3,False,19.0,13.7,16.4,2,False
3528.TW,Macnica Anstek Inc.,Technology,Electronics & Computer Distribution,0.7,17.2,,8.5,,8.8,3,False,18.2,9.7,14.0,2,False
3530.TW,"Silicon Optronics, Inc.",Technology,Semiconductors,19.4,9.5,,12.6,,13.8,3,False,19.2,5.6,12.4,2,False
3532.TW,Formosa Sumco Technology Corporation,Technology,Semiconductor Equipment & Materials,3.9,4.9,,7.3,,5.4,3,False,0.0,19.3,9.6,2,False
3533.TW,"Lotes Co., Ltd.",Technology,Electronic Components,16.6,16.1,,17.7,,16.8,3,False,15.2,9.0,12.1,2,False
3535.TW,"Favite, Inc.",Technology,Computer Hardware,10.6,11.5,,14.8,,12.3,3,False,0.0,8.6,4.3,2,False
3543.TW,"Jochu Technology Co., Ltd.",Technology,Electronic Components,12.6,2.4,,2.6,,5.9,3,False,,13.6,13.6,1,True
3545.TW,"FocalTech Systems Co., Ltd.",Technology,Semiconductors,17.1,2.0,,2.2,,7.1,3,False,,2.3,2.3,1,True
3550.TW,Copartner Technology Corporation,Industrials,Electrical Equipment & Parts,6.8,2.4,,2.7,,4.0,3,False,0.0,17.2,8.6,2,False
3557.TW,"Jia Wei Lifestyle, Inc.",Consumer Defensive,Household & Personal Products,4.2,1.6,,1.6,,2.5,3,False,,0.6,0.6,1,True
3563.TW,Machvision Inc.,Technology,Semiconductor Equipment & Materials,18.4,14.8,,18.8,,17.3,3,False,12.5,11.8,12.2,2,False
3576.TW,"United Renewable Energy Co., Ltd.",Technology,Solar,4.6,8.0,,18.8,,10.5,3,False,10.9,18.0,14.4,2,False
3583.TW,Scientech Corporation,Technology,Electronics & Computer Distribution,17.3,13.9,,13.1,,14.8,3,False,0.0,15.9,8.0,2,False
3588.TW,Leadtrend Technology Corporation,Technology,Semiconductors,18.9,6.0,,8.4,,11.1,3,False,4.8,7.2,6.0,2,False
3591.TW,Edison Opto Corporation,Technology,Electronic Components,10.0,4.1,,3.7,,5.9,3,False,,10.9,10.9,1,True
3592.TW,Raydium Semiconductor Corporation,Technology,Semiconductors,14.1,10.4,,8.9,,11.1,3,False,20.0,4.0,12.0,2,False
3596.TW,Arcadyan Technology Corporation,Technology,Communication Equipment,13.4,14.1,,8.6,,12.0,3,False,20.0,2.5,11.2,2,False
3605.TW,"ACES Electronics Co., Ltd.",Technology,Electronic Components,10.1,8.9,,9.1,,9.4,3,False,8.7,16.4,12.5,2,False
3607.TW,"Coxon Precise Industrial Co., Ltd",Consumer Cyclical,Packaging & Containers,17.6,4.6,,5.6,,9.3,3,False,0.0,13.2,6.6,2,False
3617.TW,"Cyber Power Systems, Inc.",Industrials,Electrical Equipment & Parts,16.3,15.8,,17.1,,16.4,3,False,20.0,13.4,16.7,2,False
3622.TW,"Young Fast Optoelectronics Co., Ltd.",Technology,Electronic Components,19.1,9.9,,19.5,,16.2,3,False,20.0,6.7,13.4,2,False
3652.TW,"Unitech Electronics Co., Ltd.",Technology,Computer Hardware,17.5,8.5,,9.2,,11.7,3,False,12.7,9.1,10.9,2,False
3653.TW,"Jentech Precision Industrial Co., Ltd",Technology,Electronic Components,19.5,17.7,,18.2,,18.5,3,False,0.0,17.7,8.8,2,False
3661.TW,"Alchip Technologies, Limited",Technology,Semiconductors,19.4,10.9,,17.8,,16.0,3,False,0.0,10.0,5.0,2,False
3665.TW,BizLink Holding Inc.,Industrials,Electrical Equipment & Parts,13.1,16.7,,15.2,,15.0,3,False,3.0,19.3,11.2,2,False
3669.TW,AVer Information Inc.,Technology,Consumer Electronics,13.1,8.6,,12.1,,11.3,3,False,18.9,9.6,14.2,2,False
3673.TW,"TPK Holding Co., Ltd.",Technology,Electronic Components,6.6,5.4,,5.9,,6.0,3,False,16.8,15.5,16.2,2,False
3679.TW,Nishoku Technology Inc.,Technology,Electronic Components,7.0,13.4,,15.7,,12.0,3,False,20.0,7.3,13.6,2,False
3686.TW,Danen Technology Corporation,Technology,Solar,19.0,2.7,,0.6,,7.4,3,False,,2.5,2.5,1,True
3690.HK,Meituan,Consumer Cyclical,Internet Retail,11.4,0.9,,1.1,,4.5,3,False,,3.2,3.2,1,True
3692.HK,Hansoh Pharmaceutical Group Company Limited,Healthcare,Drug Manufacturers - Specialty & Generic,14.1,16.2,,19.5,,16.6,3,False,0.0,6.6,3.3,2,False
3694.TW,"AzureWave Technologies, Inc.",Technology,Communication Equipment,12.5,14.1,,8.5,,11.7,3,False,20.0,1.5,10.8,2,False
3701.TW,"FIC Global, Inc.",Technology,Computer Hardware,6.9,2.1,,2.5,,3.8,3,False,,7.1,7.1,1,True
3702.TW,WPG Holdings Limited,Technology,Electronics & Computer Distribution,0.8,16.2,,5.5,,7.5,3,False,18.5,13.9,16.2,2,False
3703.TW,Continental Holdings Corporation,Industrials,Engineering & Construction,3.2,4.8,,7.3,,5.1,3,False,19.1,4.5,11.8,2,False
3704.TW,Zyxel Group Corporation,Technology,Communication Equipment,7.4,10.7,,8.5,,8.9,3,False,20.0,10.9,15.4,2,False
3705.TW,YungShin Global Holding Corporation,Healthcare,Drug Manufacturers - Specialty & Generic,13.0,13.5,,14.9,,13.8,3,False,13.6,7.2,10.4,2,False
3706.TW,MiTAC Holdings Corporation,Technology,Computer Hardware,7.0,10.1,,9.1,,8.7,3,False,11.8,8.0,9.9,2,False
3708.TW,"Swancor Holding Co., LTD.",Basic Materials,Specialty Chemicals,17.6,3.0,,20.0,,13.5,3,False,,1.1,1.1,1,True
3711.TW,"ASE Technology Holding Co., Ltd.",Technology,Semiconductors,4.7,13.6,,11.0,,9.8,3,False,4.3,19.2,11.8,2,False
3712.TW,"FIT Holding Co., Ltd.",Technology,Semiconductors,0.4,0.1,,2.0,,0.8,3,False,,1.0,1.0,1,True
3714.TW,ENNOSTAR Inc.,Technology,Electronic Components,16.5,3.9,,3.5,,8.0,3,False,,14.1,14.1,1,True
3715.TW,"Dynamic Holding Co., Ltd.",Technology,Electronic Components,1.1,3.3,,3.6,,2.7,3,False,,12.1,12.1,1,True
3716.TW,Cenra Inc.,Healthcare,Medical Distribution,9.3,9.5,,11.0,,9.9,3,False,19.6,8.3,14.0,2,False
3717.TW,"Excellence Optoelectronics Holding Co., Inc.",Technology,Electronic Components,3.1,3.7,,3.6,,3.5,3,False,,9.7,9.7,1,True
3968.HK,"China Merchants Bank Co., Ltd.",Financial Services,Banks - Regional,,,,17.8,,17.8,1,True,18.5,8.7,13.6,2,False
3988.HK,Bank of China Limited,Financial Services,Banks - Diversified,,4.8,,16.8,,10.8,2,True,20.0,16.5,18.2,2,False
4104.TW,"Excelsior Medical Co., Ltd.",Healthcare,Medical Distribution,12.4,11.3,,13.8,,12.5,3,False,13.3,4.5,8.9,2,False
4106.TW,Wellell Inc.,Healthcare,Medical Devices,15.0,10.8,,12.6,,12.8,3,False,19.9,9.9,14.9,2,False
4108.TW,PhytoHealth Corporation,Healthcare,Drug Manufacturers - Specialty & Generic,18.5,7.5,,2.0,,9.3,3,False,,2.5,2.5,1,True
4119.TW,"SCI Pharmtech, Inc.",Healthcare,Drug Manufacturers - Specialty & Generic,12.1,8.3,,11.1,,10.5,3,False,0.0,5.6,2.8,2,False
4133.TW,Abnova (Taiwan) Corporation,Healthcare,Biotechnology,18.1,9.2,,15.3,,14.2,3,False,8.9,3.3,6.1,2,False
4137.TW,Chlitina Holding Limited,Consumer Defensive,Household & Personal Products,13.2,10.4,,17.1,,13.6,3,False,20.0,5.2,12.6,2,False
4142.TW,Adimmune Corporation,Healthcare,Biotechnology,7.2,7.4,,3.2,,5.9,3,False,,5.6,5.6,1,True
4148.TW,All Cosmos Bio-Tech Holding Corporation,Basic Materials,Agricultural Inputs,16.5,7.9,,8.5,,11.0,3,False,15.8,1.6,8.7,2,False
4155.TW,"OK Biotech Co., Ltd.",Healthcare,Medical Devices,9.1,12.5,,16.2,,12.6,3,False,20.0,6.5,13.2,2,False
4164.TW,CHC Healthcare Group,Healthcare,Medical Distribution,5.6,9.3,,11.2,,8.7,3,False,4.8,0.9,2.8,2,False
4169.TW,TCM Biotech International Corp.,Healthcare,Biotechnology,18.7,7.9,,3.9,,10.2,3,False,,12.8,12.8,1,True
4190.TW,Jourdeness Group Limited,Consumer Defensive,Household & Personal Products,3.1,1.0,,1.0,,1.7,3,False,,2.1,2.1,1,True
4195.TW,"Genomics BioSci & Tech. Co.,Ltd.",Healthcare,Biotechnology,5.7,6.9,,4.1,,5.6,3,False,,0.8,0.8,1,True
4306.TW,"Yem Chio Co., Ltd.",Basic Materials,Specialty Chemicals,1.2,7.5,,7.7,,5.5,3,False,17.3,6.9,12.1,2,False
4414.TW,"Roo Hsing Co., Ltd",Consumer Cyclical,Apparel Manufacturing,7.3,3.4,,3.3,,4.7,3,False,3.0,2.8,2.9,2,False
4426.TW,"Li Cheng Enterprise Co., Ltd.",Consumer Cyclical,Textile Manufacturing,5.5,1.1,,0.4,,2.3,3,False,,3.0,3.0,1,True
4438.TW,"Quang Viet Enterprise Co., Ltd.",Consumer Cyclical,Apparel Manufacturing,10.6,9.0,,7.8,,9.1,3,False,20.0,5.4,12.7,2,False
4439.TW,TST Group Holding Ltd.,Consumer Cyclical,Textile Manufacturing,12.9,10.2,,8.8,,10.6,3,False,15.1,11.8,13.4,2,False
4440.TW,"Yi Shin Textile Industrial Co., Ltd.",Consumer Cyclical,Textile Manufacturing,12.2,9.7,,15.6,,12.5,3,False,17.8,12.5,15.2,2,False
4441.TW,"Great Giant Fibre Garment Co., Ltd.",Consumer Cyclical,Textile Manufacturing,17.4,15.1,,17.4,,16.6,3,False,17.2,2.6,9.9,2,False
4526.TW,"Tongtai Machine & Tool Co., Ltd.",Industrials,Specialty Industrial Machinery,5.3,1.1,,1.0,,2.5,3,False,,4.1,4.1,1,True
4536.TW,Topkey Corporation,Consumer Cyclical,Leisure,16.4,11.9,,16.4,,14.9,3,False,17.8,6.6,12.2,2,False
4540.TW,"Tbi Motion Technology Co., Ltd.",Industrials,Tools & Accessories,5.8,2.1,,2.1,,3.3,3,False,,16.2,16.2,1,True
4551.TW,"Global PMX Co., Ltd.",Consumer Cyclical,Auto Parts,15.7,11.4,,16.2,,14.4,3,False,9.6,15.9,12.8,2,False
4552.TW,Lida Holdings Limited,Industrials,Specialty Industrial Machinery,17.6,3.4,,7.7,,9.6,3,False,20.0,1.9,11.0,2,False
4555.TW,"TAIWAN CHELIC Co., Ltd.",Technology,Electronic Components,8.1,5.2,,7.6,,7.0,3,False,0.0,8.3,4.2,2,False
4557.TW,Yusin Holding Corp.,Consumer Cyclical,Auto Parts,9.6,1.7,,1.5,,4.3,3,False,,3.2,3.2,1,True
4560.TW,Strong H Machinery Technology (Cayman) Incorporation,Industrials,Tools & Accessories,18.6,8.9,,13.9,,13.8,3,False,20.0,5.5,12.8,2,False
4562.TW,"Ying Han Technology Co., Ltd.",Industrials,Specialty Industrial Machinery,4.4,1.5,,0.9,,2.3,3,False,,1.2,1.2,1,True
4564.TW,Mosa Industrial Corporation,Consumer Cyclical,"Furnishings, Fixtures & Appliances",11.3,1.6,,0.3,,4.4,3,False,,6.4,6.4,1,True
4566.TW,"GLOBAL TEK FABRICATION CO., Ltd.",Industrials,Specialty Industrial Machinery,7.9,4.9,,7.8,,6.9,3,False,11.8,12.3,12.0,2,False
4571.TW,Khgears International Limited,Industrials,Tools & Accessories,19.5,12.0,,16.8,,16.1,3,False,14.6,4.8,9.7,2,False
4572.TW,"Drewloong Precision, Inc.",Industrials,Aerospace & Defense,13.6,6.1,,18.4,,12.7,3,False,9.6,4.5,7.0,2,False
4576.TW,Hiwin Mikrosystem Corporation,Industrials,Electrical Equipment & Parts,14.8,7.9,,14.5,,12.4,3,False,0.0,18.7,9.4,2,False
4581.TW,World Known MFG (Cayman) Limited,Consumer Cyclical,Auto Parts,10.2,10.9,,15.9,,12.3,3,False,10.1,8.9,9.5,2,False
4582.TW,"Hengs Technology Co., Ltd.",Technology,Solar,8.2,11.5,,11.5,,10.4,3,False,20.0,11.2,15.6,2,False
4583.TW,"Apex Dynamics, Inc.",Industrials,Specialty Industrial Machinery,17.9,9.2,,19.5,,15.5,3,False,5.2,1.0,3.1,2,False
4585.TW,Techman Robot Inc.,Industrials,Specialty Industrial Machinery,19.4,5.5,,16.5,,13.8,3,False,0.0,0.7,0.4,2,False
4588.TW,Arch Meter Corporation,Industrials,Electrical Equipment & Parts,3.8,14.6,,16.8,,11.7,3,False,19.8,3.7,11.8,2,False
4590.TW,"Fukuta Electric & Machinery Co., Ltd.",Industrials,Specialty Industrial Machinery,12.4,7.0,,18.8,,12.7,3,False,18.4,8.0,13.2,2,False
4720.TW,Tex Year Industries Inc.,Basic Materials,Specialty Chemicals,5.6,6.4,,5.4,,5.8,3,False,3.3,9.6,6.4,2,False
4722.TW,Qualipoly Chemical Corp.,Basic Materials,Specialty Chemicals,1.9,9.9,,10.8,,7.5,3,False,0.0,6.1,3.0,2,False
4737.TW,Bionime Corporation,Healthcare,Medical Instruments & Supplies,2.5,6.2,,2.6,,3.8,3,False,,5.2,5.2,1,True
4739.TW,Coremax Corporation,Basic Materials,Specialty Chemicals,5.9,11.3,,10.6,,9.3,3,False,17.0,10.5,13.8,2,False
4746.TW,"Formosa Laboratories, Inc.",Healthcare,Drug Manufacturers - Specialty & Generic,8.9,9.5,,14.3,,10.9,3,False,18.2,2.8,10.5,2,False
4755.TW,"San Fu Chemical Co., Ltd.",Basic Materials,Specialty Chemicals,12.8,8.8,,12.1,,11.2,3,False,9.7,4.1,6.9,2,False
4763.TW,"Jinan Acetate Chemical Co., Ltd.",Basic Materials,Specialty Chemicals,20.0,16.8,,18.7,,18.5,3,False,20.0,0.7,10.4,2,False
4764.TW,"Double Bond Chemical Ind. Co., Ltd.",Basic Materials,Specialty Chemicals,3.9,11.6,,11.1,,8.9,3,False,0.0,19.9,10.0,2,False
4766.TW,"Nan Pao Resins Chemical Co., Ltd.",Basic Materials,Specialty Chemicals,9.5,16.0,,13.0,,12.8,3,False,18.5,2.7,10.6,2,False
4807.TW,"Regal Holding Co., Ltd.",Consumer Cyclical,Luxury Goods,13.4,11.8,,9.3,,11.5,3,False,20.0,18.7,19.4,2,False
4904.TW,"Far EasTone Telecommunications Co., Ltd.",Communication Services,Telecom Services,10.8,13.5,,14.3,,12.9,3,False,1.6,15.7,8.6,2,False
4906.TW,"Gemtek Technology Co., Ltd.",Technology,Communication Equipment,12.0,4.3,,4.5,,6.9,3,False,0.0,13.1,6.6,2,False
4912.TW,"Lemtech Holdings Co., Limited",Industrials,Metal Fabrication,11.4,5.8,,5.0,,7.4,3,False,0.0,13.4,6.7,2,False
4915.TW,Primax Electronics Ltd.,Technology,Consumer Electronics,10.6,11.0,,7.2,,9.6,3,False,18.7,3.5,11.1,2,False
4916.TW,Parpro Corporation,Technology,Computer Hardware,10.7,16.6,,16.0,,14.4,3,False,13.3,15.3,14.3,2,False
4919.TW,Nuvoton Technology Corporation,Technology,Semiconductors,10.4,2.3,,2.9,,5.2,3,False,,16.2,16.2,1,True
4927.TW,"Apex International Co., Ltd.",Technology,Electronic Components,0.8,0.5,,1.1,,0.8,3,False,,13.5,13.5,1,True
4930.TW,"Star Comgistic Capital Co., Ltd.",Consumer Cyclical,"Furnishings, Fixtures & Appliances",14.7,2.5,,2.4,,6.5,3,False,,2.7,2.7,1,True
4934.TW,"Tainergy Tech Co., Ltd.",Technology,Solar,14.3,1.5,,0.2,,5.3,3,False,,3.9,3.9,1,True
4935.TW,Global Lighting Technologies Inc.,Technology,Electronic Components,14.4,4.9,,7.2,,8.8,3,False,11.9,2.4,7.2,2,False
4938.TW,Pegatron Corporation,Technology,Computer Hardware,8.3,9.1,,5.4,,7.6,3,False,13.1,11.9,12.5,2,False
4942.TW,"Chia Chang Co., Ltd",Technology,Electronic Components,18.4,6.4,,9.9,,11.6,3,False,20.0,6.4,13.2,2,False
4943.TW,"Concraft Holding Co., Ltd.",Technology,Electronic Components,0.2,0.3,,2.3,,0.9,3,False,,4.3,4.3,1,True
4949.TW,"Win Win Precision Technology Co., Ltd.",Technology,Solar,12.7,12.9,,11.3,,12.3,3,False,17.8,16.5,17.2,2,False
4952.TW,Generalplus Technology Inc.,Technology,Semiconductors,14.2,9.1,,10.8,,11.4,3,False,13.5,11.2,12.4,2,False
4956.TW,"Epileds Technologies, Inc.",Technology,Electronic Components,6.3,5.2,,6.9,,6.1,3,False,0.0,15.3,7.6,2,False
4958.TW,Zhen Ding Technology Holding Limited,Technology,Electronic Components,9.1,8.4,,8.2,,8.6,3,False,0.0,18.6,9.3,2,False
4960.TW,Cheng Mei Materials Technology Corporation,Technology,Electronic Components,5.6,2.1,,2.2,,3.3,3,False,,13.3,13.3,1,True
4967.TW,Team Group Inc.,Technology,Computer Hardware,6.0,19.4,,16.9,,14.1,3,False,20.0,18.9,19.4,2,False
4968.TW,RichWave Technology Corporation,Technology,Semiconductors,17.4,11.6,,11.2,,13.4,3,False,15.8,1.1,8.5,2,False
4976.TW,"Calin Technology Co., Ltd.",Technology,Electronic Components,16.0,1.7,,0.8,,6.2,3,False,,7.5,7.5,1,True
4977.TW,"PCL Technologies, Inc.",Technology,Computer Hardware,6.7,7.9,,18.2,,10.9,3,False,0.0,12.8,6.4,2,False
4989.TW,LCY Technology Corp.,Basic Materials,Copper,8.7,1.5,,1.5,,3.9,3,False,,19.6,19.6,1,True
4994.TW,"X-Legend Entertainment Co., Ltd.",Communication Services,Electronic Gaming & Multimedia,15.5,10.0,,10.4,,12.0,3,False,0.0,6.1,3.0,2,False
4999.TW,Sinher Technology Inc.,Industrials,Tools & Accessories,18.3,1.7,,1.1,,7.0,3,False,,1.7,1.7,1,True
5007.TW,San Shing Fastech Corp.,Industrials,Tools & Accessories,19.9,12.4,,17.4,,16.6,3,False,16.3,10.5,13.4,2,False
5203.TW,CyberLink Corp.,Technology,Software - Application,19.8,8.3,,14.3,,14.1,3,False,20.0,1.2,10.6,2,False
5215.TW,"Ko Ja (Cayman) Co., Ltd.",Technology,Computer Hardware,14.5,6.5,,9.1,,10.0,3,False,12.3,10.2,11.2,2,False
5222.TW,"Transcom, Inc.",Technology,Semiconductor Equipment & Materials,14.0,7.7,,16.4,,12.7,3,False,4.3,4.3,4.3,2,False
5225.TW,Eastech Holding Limited,Technology,Consumer Electronics,14.8,13.7,,8.2,,12.2,3,False,20.0,0.8,10.4,2,False
5234.TW,Daxin Materials Corporation,Basic Materials,Specialty Chemicals,15.8,17.5,,14.8,,16.0,3,False,2.0,0.8,1.4,2,False
5236.TW,Sunplus Innovation Technology Inc.,Technology,Semiconductors,19.2,16.2,,18.1,,17.8,3,False,20.0,9.4,14.7,2,False
5243.TW,"Eson Precision Ind. Co., Ltd.",Technology,Electronic Components,12.6,10.1,,10.1,,10.9,3,False,17.5,9.4,13.4,2,False
5244.TW,"Brightek Optoelectronic Co., Ltd.",Technology,Electronic Components,8.1,3.6,,3.1,,4.9,3,False,,3.8,3.8,1,True
5258.TW,"Castles Technology Co., Ltd.",Industrials,Business Equipment & Supplies,11.9,10.1,,8.6,,10.2,3,False,16.2,0.6,8.4,2,False
5269.TW,ASMedia Technology Inc.,Technology,Semiconductors,19.6,15.0,,19.6,,18.1,3,False,20.0,7.0,13.5,2,False
5283.TW,"Heran Co., Ltd.",Technology,Consumer Electronics,6.9,10.5,,11.2,,9.5,3,False,20.0,8.5,14.2,2,False
5284.TW,JPP Holding Company Limited,Technology,Electronic Components,5.4,16.3,,16.2,,12.6,3,False,14.8,9.6,12.2,2,False
5285.TW,"Jih Lin Technology Co., Ltd.",Technology,Semiconductors,5.9,10.0,,8.8,,8.2,3,False,14.2,15.0,14.6,2,False
5288.TW,"Eurocharm Holdings Co., Ltd.",Industrials,Conglomerates,18.9,14.1,,15.6,,16.2,3,False,13.3,18.3,15.8,2,False
5292.TW,Desiccant Technology Corporation,Industrials,Pollution & Treatment Controls,18.7,16.5,,17.0,,17.4,3,False,8.3,17.6,13.0,2,False
5306.TW,KMC (Kuei Meng) International Inc.,Consumer Cyclical,Auto Parts,14.3,9.8,,17.9,,14.0,3,False,13.5,13.7,13.6,2,False
5388.TW,Sercomm Corporation,Technology,Communication Equipment,5.6,8.8,,5.7,,6.7,3,False,19.5,3.1,11.3,2,False
5434.TW,"Topco Scientific Co.,Ltd.",Technology,Electronics & Computer Distribution,11.6,16.4,,9.8,,12.6,3,False,4.0,14.9,9.4,2,False
5469.TW,HannStar Board Corporation,Technology,Electronic Components,7.1,7.6,,7.6,,7.4,3,False,20.0,4.2,12.1,2,False
5471.TW,"Sonix Technology Co.,Ltd.",Technology,Semiconductors,,8.4,,11.3,,9.9,2,True,9.1,14.3,11.7,2,False
5515.TW,"Chien Kuo Construction Co., Ltd.",Industrials,Engineering & Construction,18.8,16.0,,16.9,,17.2,3,False,20.0,19.5,19.8,2,False
5519.TW,LongDa Construction & Development Corporation,Industrials,Engineering & Construction,5.0,15.2,,18.1,,12.8,3,False,20.0,9.7,14.8,2,False
5521.TW,Kung Sing Engineering Corporation,Industrials,Engineering & Construction,17.1,6.7,,7.2,,10.3,3,False,17.7,4.3,11.0,2,False
5522.TW,"Farglory Land Development Co., Ltd.",Real Estate,Real Estate - Development,12.0,17.6,,11.0,,13.5,3,False,17.6,12.1,14.8,2,False
5525.TW,"Sweeten Real Estate Development Co.,Ltd.",Real Estate,Real Estate - Development,5.4,18.6,,10.8,,11.6,3,False,19.0,2.4,10.7,2,False
5533.TW,Founding Construction Development Corp.,Real Estate,Real Estate Services,19.3,4.5,,9.2,,11.0,3,False,4.8,7.4,6.1,2,False
5534.TW,"Chong Hong Construction Co., Ltd.",Real Estate,Real Estate - Development,10.2,12.3,,10.5,,11.0,3,False,4.9,11.0,8.0,2,False
5538.TW,"Tong Ming Enterprise Co., Ltd.",Basic Materials,Steel,7.1,11.9,,10.2,,9.7,3,False,20.0,11.3,15.6,2,False
5546.TW,Yonggu Group Inc.,Basic Materials,Building Materials,4.6,2.2,,1.2,,2.7,3,False,,0.3,0.3,1,True
5607.TW,"Farglory Free Trade Zone Investment Holding Co., Ltd.",Industrials,Specialty Business Services,4.2,10.7,,19.0,,11.3,3,False,17.0,7.9,12.4,2,False
5608.TW,"Shih Wei Navigation Co., Ltd.",Industrials,Marine Shipping,9.4,2.1,,3.4,,5.0,3,False,0.0,6.5,3.2,2,False
5706.TW,"Phoenix Tours International, Inc.",Consumer Cyclical,Travel Services,14.2,14.2,,14.9,,14.4,3,False,15.9,8.0,12.0,2,False
5871.TW,Chailease Holding Company Limited,Financial Services,Credit Services,1.9,8.8,,14.0,,8.2,3,False,16.1,8.1,12.1,2,False
5876.TW,"The Shanghai Commercial & Savings Bank, Ltd.",Financial Services,Banks - Regional,,4.1,,16.0,,10.0,2,True,8.2,6.5,7.4,2,False
5880.TW,"Taiwan Cooperative Financial Holding Co., Ltd.",Financial Services,Banks - Regional,,5.6,,13.4,,9.5,2,True,0.3,7.2,3.8,2,False
5906.TW,"Tainan Enterprise (Cayman) Co., Limited",Consumer Cyclical,Apparel Manufacturing,4.4,2.7,,3.1,,3.4,3,False,0.0,3.8,1.9,2,False
5907.TW,Grand Ocean Retail Group Ltd.,Consumer Cyclical,Department Stores,1.7,0.9,,0.4,,1.0,3,False,,5.1,5.1,1,True
6005.TW,Capital Securities Corporation,Financial Services,Capital Markets,1.9,14.1,,16.0,,10.7,3,False,18.1,16.3,17.2,2,False
6024.TW,Capital Futures Corporation,Financial Services,Capital Markets,18.0,14.8,,18.8,,17.2,3,False,19.1,16.7,17.9,2,False
6108.TW,APCB Inc.,Technology,Electronic Components,4.5,4.3,,4.7,,4.5,3,False,0.0,14.4,7.2,2,False
6112.TW,Metaage Corporation,Technology,Information Technology Services,3.2,11.9,,6.3,,7.1,3,False,14.8,5.5,10.2,2,False
6115.TW,"I-Sheng Electric Wire & Cable Co., Ltd.",Industrials,Electrical Equipment & Parts,14.3,11.2,,11.4,,12.3,3,False,20.0,6.1,13.0,2,False
6116.TW,HannStar Display Corporation,Technology,Electronic Components,14.0,3.6,,2.9,,6.8,3,False,,15.5,15.5,1,True
6117.TW,In Win Development Inc.,Technology,Computer Hardware,1.8,15.2,,13.9,,10.3,3,False,14.3,3.0,8.6,2,False
6120.TW,Darwin Precisions Corporation,Technology,Electronic Components,13.9,8.8,,8.3,,10.3,3,False,20.0,9.2,14.6,2,False
6128.TW,"General Plastic Industrial Co., Ltd.",Industrials,Business Equipment & Supplies,6.5,0.4,,0.5,,2.5,3,False,,1.5,1.5,1,True
6133.TW,Golden Bridge Electech Inc.,Industrials,Electrical Equipment & Parts,13.3,7.2,,12.2,,10.9,3,False,14.7,15.3,15.0,2,False
6136.TW,"Fullerton Technology Co., Ltd.",Communication Services,Advertising Agencies,18.8,5.1,,13.7,,12.5,3,False,3.5,12.9,8.2,2,False
6139.TW,"L&K Engineering Co., Ltd.",Industrials,Engineering & Construction,17.2,19.5,,14.8,,17.2,3,False,13.8,19.3,16.6,2,False
6141.TW,"Plotech Co.,Ltd",Technology,Electronic Components,0.2,0.3,,1.1,,0.5,3,False,,19.6,19.6,1,True
6142.TW,"Cameo Communications, Inc.",Technology,Communication Equipment,12.2,3.3,,2.7,,6.1,3,False,,5.0,5.0,1,True
6152.TW,Prime Electronics & Satellitics Inc.,Technology,Communication Equipment,4.9,3.5,,3.5,,4.0,3,False,,13.2,13.2,1,True
6153.TW,"Career Technology (Mfg.) Co., Ltd.",Technology,Electronic Components,5.2,1.3,,0.7,,2.4,3,False,,9.9,9.9,1,True
6155.TW,King Core Electronics Inc.,Technology,Electronic Components,9.7,9.5,,17.2,,12.1,3,False,7.9,17.4,12.6,2,False
6165.TW,Lang Inc.,Technology,Electronic Components,5.2,15.2,,11.1,,10.5,3,False,19.4,6.0,12.7,2,False
6166.TW,Adlink Technology Inc.,Technology,Computer Hardware,5.0,14.7,,10.7,,10.1,3,False,5.6,16.1,10.9,2,False
6168.TW,Harvatek Corporation,Technology,Semiconductors,17.7,4.8,,6.7,,9.7,3,False,0.0,12.2,6.1,2,False
6176.TW,Radiant Opto-Electronics Corporation,Technology,Electronic Components,7.4,10.2,,10.7,,9.4,3,False,20.0,0.5,10.2,2,False
6183.TW,Trade-Van Information Services Co.,Industrials,Specialty Business Services,18.7,17.0,,18.7,,18.1,3,False,12.6,5.7,9.2,2,False
6189.TW,"Promate Electronic Co.,Ltd.",Technology,Electronics & Computer Distribution,6.2,14.5,,7.1,,9.3,3,False,14.7,7.7,11.2,2,False
6191.TW,Global Brands Manufacture Ltd.,Technology,Electronic Components,5.8,9.5,,10.3,,8.5,3,False,19.8,1.9,10.8,2,False
6192.TW,"Lumax International Corp., Ltd.",Industrials,Industrial Distribution,19.7,11.6,,15.4,,15.6,3,False,20.0,11.7,15.8,2,False
6196.TW,Marketech International Corp.,Technology,Semiconductor Equipment & Materials,9.3,17.4,,10.6,,12.4,3,False,19.6,16.5,18.0,2,False
6197.TW,JPC Connectivity Inc.,Technology,Electronic Components,12.4,17.2,,15.5,,15.0,3,False,10.5,16.2,13.4,2,False
6201.TW,"Ya Horng Electronic Co., Ltd.",Consumer Cyclical,"Furnishings, Fixtures & Appliances",19.3,10.0,,14.0,,14.4,3,False,12.5,4.9,8.7,2,False
6202.TW,Holtek Semiconductor Inc.,Technology,Semiconductors,13.8,8.1,,11.0,,11.0,3,False,2.3,12.5,7.4,2,False
6205.TW,"Chant Sincere Co., Ltd.",Technology,Electronic Components,10.1,8.0,,14.2,,10.8,3,False,8.0,15.3,11.6,2,False
6206.TW,"Flytech Technology Co., Ltd.",Technology,Computer Hardware,19.0,16.2,,17.2,,17.5,3,False,13.6,12.3,13.0,2,False
6209.TW,"Kinko Optical Co., Ltd.",Technology,Electronic Components,13.5,11.5,,11.3,,12.1,3,False,4.6,17.0,10.8,2,False
6213.TW,ITEQ Corporation,Technology,Electronic Components,10.4,10.3,,9.4,,10.0,3,False,0.0,19.7,9.8,2,False
6214.TW,Systex Corporation,Technology,Information Technology Services,6.7,13.6,,9.0,,9.8,3,False,11.6,14.0,12.8,2,False
6215.TW,Aurotek Corporation,Industrials,Specialty Industrial Machinery,16.1,14.3,,12.4,,14.3,3,False,8.8,2.3,5.6,2,False
6216.TW,DrayTek Corporation,Technology,Communication Equipment,,4.9,,9.1,,7.0,2,True,0.0,2.9,1.4,2,False
6224.TW,Polytronics Technology Corp.,Technology,Electronic Components,6.2,5.2,,7.1,,6.2,3,False,0.0,14.1,7.0,2,False
6225.TW,aiPlex Corporation,Technology,Consumer Electronics,7.4,3.4,,3.1,,4.6,3,False,,19.3,19.3,1,True
6226.TW,"Para Light Electronics Co., Ltd.",Technology,Electronic Components,6.7,4.1,,3.8,,4.9,3,False,,19.4,19.4,1,True
6230.TW,Nidec Chaun-Choung Technology Corporation,Technology,Electronic Components,15.5,2.5,,2.9,,7.0,3,False,,2.2,2.2,1,True
6235.TW,Waffer Technology Corporation,Industrials,Metal Fabrication,11.3,5.6,,7.1,,8.0,3,False,5.7,0.6,3.2,2,False
6239.TW,Powertech Technology Inc.,Technology,Semiconductors,7.3,12.1,,11.1,,10.2,3,False,14.0,16.3,15.2,2,False
6243.TW,Ene Technology Inc.,Technology,Semiconductors,7.8,2.6,,2.1,,4.2,3,False,,9.3,9.3,1,True
6257.TW,Sigurd Microelectronics Corporation,Technology,Semiconductors,6.7,14.2,,16.3,,12.4,3,False,15.6,17.5,16.6,2,False
6269.TW,"Flexium Interconnect, Inc.",Technology,Electronic Components,11.7,2.1,,2.1,,5.3,3,False,,10.4,10.4,1,True
6271.TW,"Tong Hsing Electronic Industries, Ltd.",Technology,Semiconductor Equipment & Materials,12.3,7.9,,15.0,,11.7,3,False,19.2,15.9,17.6,2,False
6272.TW,"Wieson Technologies Co., Ltd.",Technology,Electronic Components,6.7,9.0,,7.4,,7.7,3,False,18.7,0.5,9.6,2,False
6277.TW,"Aten International Co., Ltd",Technology,Computer Hardware,12.4,9.8,,11.6,,11.3,3,False,8.8,11.5,10.2,2,False
6278.TW,Taiwan Surface Mounting Technology Corp.,Technology,Electronic Components,8.9,11.7,,8.9,,9.8,3,False,15.5,16.3,15.9,2,False
6281.TW,E-Life Corporation,Consumer Cyclical,Specialty Retail,6.0,11.6,,5.5,,7.7,3,False,13.7,4.1,8.9,2,False
6282.TW,AcBel Polytech Inc.,Industrials,Electrical Equipment & Parts,8.7,4.3,,5.1,,6.0,3,False,4.2,16.7,10.4,2,False
6283.TW,"Shun On Electronic Co., Ltd.",Technology,Electronic Components,14.0,3.8,,3.4,,7.1,3,False,,3.4,3.4,1,True
6285.TW,WNC Corporation,Technology,Communication Equipment,4.8,11.7,,7.1,,7.9,3,False,13.7,17.0,15.4,2,False
6405.TW,Onano Industrial Corp.,Technology,Electronic Components,20.0,3.9,,4.1,,9.3,3,False,,13.4,13.4,1,True
6409.TW,Voltronic Power Technology Corp.,Industrials,Electrical Equipment & Parts,17.4,17.7,,14.3,,16.5,3,False,3.2,11.3,7.2,2,False
6412.TW,"Chicony Power Technology Co., Ltd.",Industrials,Electrical Equipment & Parts,14.5,13.8,,10.5,,12.9,3,False,20.0,2.8,11.4,2,False
6415.TW,Silergy Corp.,Technology,Semiconductors,13.9,9.8,,15.9,,13.2,3,False,5.1,14.3,9.7,2,False
6416.TW,"CASwell, Inc.",Technology,Communication Equipment,10.2,9.1,,10.5,,9.9,3,False,19.0,11.3,15.2,2,False
6426.TW,"Apogee Optocom Co., Ltd.",Technology,Communication Equipment,17.6,4.9,,7.2,,9.9,3,False,0.0,19.2,9.6,2,False
6431.TW,"Kuangli Bio-Tech Holdings Co., Ltd.",Consumer Defensive,Household & Personal Products,6.9,0.1,,0.1,,2.4,3,False,,15.5,15.5,1,True
6438.TW,"Symtek Automation Asia Co., Ltd.",Industrials,Specialty Industrial Machinery,16.0,6.1,,10.0,,10.7,3,False,10.5,3.6,7.0,2,False
6442.TW,EZconn Corporation,Technology,Electronic Components,17.2,17.5,,17.3,,17.3,3,False,0.0,16.7,8.4,2,False
6443.TW,TSEC Corporation,Technology,Solar,4.8,0.4,,0.0,,1.7,3,False,,15.2,15.2,1,True
6446.TW,PharmaEssentia Corporation,Healthcare,Drug Manufacturers - Specialty & Generic,17.1,17.2,,19.3,,17.9,3,False,0.0,18.9,9.4,2,False
6449.TW,"Apaq Technology Co., Ltd.",Technology,Electronic Components,8.6,12.3,,15.3,,12.1,3,False,12.2,10.4,11.3,2,False
6451.TW,ShunSin Technology Holdings Limited,Technology,Semiconductors,3.5,5.0,,5.6,,4.7,3,False,0.0,18.5,9.2,2,False
6456.TW,General Interface Solution (GIS) Holding Limited,Technology,Electronic Components,8.5,2.9,,3.3,,4.9,3,False,,9.5,9.5,1,True
6464.TW,"Taiwan Optical Platform Co., Ltd.",Communication Services,Entertainment,7.6,8.0,,14.4,,10.0,3,False,16.2,12.8,14.5,2,False
6477.TW,"ANJI Technology Co., Ltd.",Technology,Solar,2.2,4.2,,4.5,,3.6,3,False,0.0,4.8,2.4,2,False
6491.TW,Pegavision Corporation,Healthcare,Medical Instruments & Supplies,14.9,15.5,,18.0,,16.1,3,False,20.0,12.1,16.0,2,False
6504.TW,"Nan Liu Enterprise Co., Ltd.",Consumer Defensive,Household & Personal Products,3.7,3.3,,4.5,,3.8,3,False,8.1,3.8,5.9,2,False
6505.TW,Formosa Petrochemical Corporation,Energy,Oil & Gas Refining & Marketing,19.0,11.4,,9.7,,13.4,3,False,11.2,16.8,14.0,2,False
6515.TW,"WinWay Technology Co., Ltd.",Technology,Semiconductor Equipment & Materials,11.8,17.3,,16.9,,15.3,3,False,0.0,18.2,9.1,2,False
6525.TW,"GEM Services, Inc.",Technology,Semiconductors,18.6,15.2,,15.1,,16.3,3,False,18.8,15.5,17.2,2,False
6526.TW,Airoha Technology Corp.,Technology,Semiconductors,18.8,12.3,,14.1,,15.1,3,False,9.6,10.3,10.0,2,False
6531.TW,AP Memory Technology Corporation,Technology,Semiconductors,19.2,15.7,,19.1,,18.0,3,False,0.0,18.1,9.0,2,False
6533.TW,Andes Technology Corporation,Technology,Semiconductor Equipment & Materials,9.1,2.8,,1.9,,4.6,3,False,,4.6,4.6,1,True
6534.TW,"CH Biotech R&D Co., Ltd.",Basic Materials,Agricultural Inputs,10.7,16.7,,17.8,,15.1,3,False,11.2,1.7,6.4,2,False
6541.TW,"Tanvex BioPharma, Inc.",Healthcare,Biotechnology,10.5,5.2,,0.0,,5.2,3,False,,1.4,1.4,1,True
6550.TW,Polaris Group,Healthcare,Biotechnology,8.0,1.6,,6.8,,5.5,3,False,,0.2,0.2,1,True
6552.TW,"JMC Electronics Co., Ltd.",Technology,Semiconductors,8.6,0.8,,0.4,,3.3,3,False,,4.7,4.7,1,True
6558.TW,SYNergy ScienTech Corp.,Industrials,Electrical Equipment & Parts,16.9,1.2,,0.8,,6.3,3,False,,0.2,0.2,1,True
6573.TW,HY Electronic (Cayman) Limited,Technology,Semiconductors,4.1,14.8,,14.7,,11.2,3,False,20.0,15.4,17.7,2,False
6579.TW,AAEON Technology Inc.,Technology,Computer Hardware,14.8,10.9,,13.7,,13.1,3,False,13.6,11.1,12.4,2,False
6581.TW,"Taiwan Steel Union Co., Ltd.",Industrials,Waste Management,17.0,15.0,,19.6,,17.2,3,False,20.0,7.8,13.9,2,False
6582.TW,"Shin Foong Specialty and Applied Materials Co., Ltd.",Basic Materials,Specialty Chemicals,18.2,4.3,,10.8,,11.1,3,False,0.0,7.1,3.6,2,False
6585.TW,DingZing Advanced Materials Inc.,Basic Materials,Specialty Chemicals,14.8,13.9,,15.2,,14.6,3,False,18.5,7.4,13.0,2,False
6589.TW,EirGenix Inc.,Healthcare,Biotechnology,11.9,7.1,,1.5,,6.8,3,False,,1.7,1.7,1,True
6591.TW,Sun Max Tech Limited,Technology,Computer Hardware,9.6,7.4,,11.7,,9.6,3,False,14.3,0.8,7.6,2,False
6592.TW,"Hotai Finance Co., Ltd.",Financial Services,Credit Services,0.9,5.2,,7.4,,4.5,3,False,12.9,2.9,7.9,2,False
6598.TW,Applied BioCode Corporation,Healthcare,Medical Devices,15.2,7.1,,3.5,,8.6,3,False,,11.1,11.1,1,True
6605.TW,"Depo Auto Parts Industrial Co., Ltd.",Consumer Cyclical,Auto Parts,16.2,11.9,,16.8,,15.0,3,False,19.8,13.1,16.4,2,False
6606.TW,"KENT Industrial Co.,Ltd.",Industrials,Specialty Industrial Machinery,19.8,8.3,,17.6,,15.2,3,False,17.4,8.7,13.0,2,False
6614.TW,"International Integrated Systems, Inc.",Technology,Information Technology Services,7.5,10.8,,6.6,,8.3,3,False,12.1,0.6,6.4,2,False
6618.HK,JD Health International Inc.,Healthcare,Pharmaceutical Retailers,18.0,12.5,,12.7,,14.4,3,False,10.0,0.9,5.4,2,False
6625.TW,"B'in Live Co., Ltd.",Communication Services,Entertainment,12.8,18.2,,13.9,,15.0,3,False,20.0,8.3,14.2,2,False
6641.TW,"GSD Technologies Co., Ltd.",Industrials,Pollution & Treatment Controls,16.6,2.9,,3.7,,7.7,3,False,10.1,4.5,7.3,2,False
6645.TW,"Kim Forest Enterprise Co., Ltd.",Healthcare,Diagnostics & Research,3.2,4.9,,2.3,,3.5,3,False,,0.7,0.7,1,True
6655.TW,"Keding Enterprises Co., Ltd.",Basic Materials,Lumber & Wood Production,1.0,13.0,,13.6,,9.2,3,False,6.0,5.7,5.8,2,False
6657.TW,"Energenesis Biomedical CO.,LTD.",Healthcare,Biotechnology,17.8,4.4,,6.8,,9.7,3,False,,1.0,1.0,1,True
6658.TW,"SynPower Co., Ltd.",Technology,Semiconductor Equipment & Materials,4.7,9.3,,9.7,,7.9,3,False,0.0,18.6,9.3,2,False
6666.TW,"Luo Lih-Fen Holding Co., Ltd.",Consumer Defensive,Household & Personal Products,18.6,8.4,,17.0,,14.7,3,False,18.0,6.7,12.4,2,False
6668.TW,"Zhong Yang Technology Co.,Ltd",Technology,Electronic Components,7.8,2.2,,1.5,,3.8,3,False,,7.4,7.4,1,True
6669.TW,Wiwynn Corporation,Technology,Computer Hardware,2.6,18.8,,8.6,,10.0,3,False,1.5,17.2,9.4,2,False
6670.TW,"FuSheng Precision Co., Ltd.",Consumer Cyclical,Leisure,16.7,15.2,,15.2,,15.7,3,False,18.9,14.6,16.8,2,False
6671.TW,"San Neng Group Holdings Co., LTD.",Consumer Defensive,Household & Personal Products,17.4,7.5,,11.8,,12.2,3,False,20.0,0.8,10.4,2,False
6672.TW,"Ventec International Group Co.,Ltd.",Technology,Electronic Components,15.9,12.0,,12.4,,13.4,3,False,1.8,18.5,10.2,2,False
6674.TW,"Compal Broadband Networks, Inc.",Technology,Communication Equipment,18.3,1.5,,0.8,,6.9,3,False,,2.0,2.0,1,True
6689.TW,"eCloudvalley Digital Technology Co., Ltd.",Technology,Software - Infrastructure,15.2,6.7,,5.1,,9.0,3,False,12.2,4.5,8.4,2,False
6690.HK,"Haier Smart Home Co., Ltd.",Consumer Cyclical,"Furnishings, Fixtures & Appliances",14.0,12.4,,10.8,,12.4,3,False,18.3,7.2,12.8,2,False
6691.TW,"Yankey Engineering Co., Ltd.",Industrials,Engineering & Construction,19.1,19.5,,15.5,,18.0,3,False,8.3,17.4,12.8,2,False
6695.TW,"iCatch Technology, Inc.",Technology,Semiconductors,15.4,2.3,,1.7,,6.5,3,False,,5.0,5.0,1,True
6698.TW,"FineMat Applied Materials Co., Ltd.",Technology,Electronic Components,7.2,2.6,,2.1,,4.0,3,False,,5.7,5.7,1,True
6715.TW,"Lintes Technology Co., Ltd.",Technology,Communication Equipment,16.3,5.1,,9.4,,10.3,3,False,0.0,19.1,9.6,2,False
6719.TW,uPI Semiconductor Corp.,Technology,Semiconductors,13.8,7.6,,16.8,,12.7,3,False,17.4,5.4,11.4,2,False
6722.TW,"Whetron Electronics Co.,Ltd.",Consumer Cyclical,Auto Parts,14.0,8.3,,7.5,,9.9,3,False,12.4,1.9,7.2,2,False
6742.TW,Vactronics technologies inc.,Technology,Electronic Components,9.7,2.6,,1.3,,4.5,3,False,,3.9,3.9,1,True
6743.TW,AMPACS Corporation,Technology,Consumer Electronics,1.5,6.1,,5.9,,4.5,3,False,6.4,6.5,6.4,2,False
6753.TW,"Lungteh Shipbuilding Co., Ltd.",Industrials,Aerospace & Defense,11.5,17.2,,18.5,,15.7,3,False,20.0,5.5,12.8,2,False
6754.TW,"Rich Honour International Designs Co., Ltd.",Industrials,Consulting Services,19.1,8.5,,9.9,,12.5,3,False,19.5,5.5,12.5,2,False
6756.TW,"VIA Labs, Inc.",Technology,Electronic Components,13.4,5.5,,10.1,,9.7,3,False,0.0,9.8,4.9,2,False
6757.TW,"Tigerair Taiwan Co., Ltd.",Industrials,Airlines,4.3,18.6,,15.9,,12.9,3,False,10.9,1.9,6.4,2,False
6770.TW,Powerchip Semiconductor Manufacturing Corporation,Technology,Semiconductors,9.5,11.8,,17.8,,13.0,3,False,16.2,18.4,17.3,2,False
6771.TW,"Ping Ho Environmental Technology Co., Ltd.",Industrials,Waste Management,11.7,8.9,,16.9,,12.5,3,False,20.0,3.9,12.0,2,False
6776.TW,Weblink International Inc.,Technology,Electronics & Computer Distribution,1.9,12.4,,5.2,,6.5,3,False,15.3,8.2,11.8,2,False
6781.TW,"Advanced Energy Solution Holding Co., Ltd.",Industrials,Electrical Equipment & Parts,18.9,16.2,,18.2,,17.8,3,False,11.9,6.5,9.2,2,False
6782.TW,Visco Vision Inc.,Healthcare,Medical Instruments & Supplies,13.2,17.9,,17.9,,16.3,3,False,20.0,12.3,16.2,2,False
6789.TW,VisEra Technologies Company Ltd.,Technology,Semiconductors,15.3,9.2,,15.8,,13.4,3,False,0.0,14.9,7.4,2,False
6790.TW,"Yuen Foong Yu Consumer Products Co., Ltd.",Consumer Defensive,Household & Personal Products,12.3,13.6,,12.6,,12.8,3,False,18.6,11.2,14.9,2,False
6792.TW,Unictron Technologies Corporation,Technology,Electronic Components,16.6,8.8,,11.7,,12.4,3,False,14.5,8.3,11.4,2,False
6794.TW,"UnicoCell Biomed Co., Ltd.",Healthcare,Biotechnology,15.3,6.3,,6.8,,9.5,3,False,,6.1,6.1,1,True
6796.TW,Medimaging Integrated Solution Inc.,Healthcare,Medical Devices,5.1,8.5,,9.8,,7.8,3,False,0.0,3.9,2.0,2,False
6799.TW,M3 Technology Inc.,Technology,Semiconductors,19.5,12.2,,17.3,,16.3,3,False,20.0,6.3,13.2,2,False
6805.TW,Fositek Corp.,Technology,Electronic Components,15.2,18.7,,16.7,,16.9,3,False,0.0,17.5,8.8,2,False
6807.TW,FY Group Ltd.,Consumer Cyclical,"Furnishings, Fixtures & Appliances",19.7,7.1,,8.2,,11.7,3,False,15.9,2.4,9.2,2,False
6830.TW,"Msscorps Co., Ltd.",Technology,Semiconductor Equipment & Materials,4.3,4.2,,4.6,,4.4,3,False,0.0,18.8,9.4,2,False
6831.TW,Taiwan Microloops Corp.,Industrials,Specialty Industrial Machinery,15.0,14.1,,12.6,,13.9,3,False,0.0,19.9,10.0,2,False
6834.TW,"Ever Ohms Technology Co.,Ltd.",Technology,Electronic Components,8.5,12.1,,13.3,,11.3,3,False,1.4,18.7,10.0,2,False
6835.TW,"Complex Micro Interconnection Co.,Ltd.",Industrials,Electrical Equipment & Parts,8.0,2.7,,3.1,,4.6,3,False,0.0,2.8,1.4,2,False
6838.TW,"Formosa Pharmaceuticals, Inc.",Healthcare,Biotechnology,17.6,6.4,,6.8,,10.3,3,False,,2.3,2.3,1,True
6854.TW,PlayNitride Inc.,Technology,Electronic Components,6.0,2.9,,1.6,,3.5,3,False,,1.0,1.0,1,True
6861.TW,InnoCare Optoelectronics Corporation,Healthcare,Medical Devices,15.4,16.0,,13.9,,15.1,3,False,8.1,18.9,13.5,2,False
6862.HK,Haidilao International Holding Ltd.,Consumer Cyclical,Restaurants,11.0,18.3,,13.9,,14.4,3,False,18.4,7.1,12.8,2,False
6862.TW,"Trio Technology International Group Co., Ltd.",Technology,Electronic Components,6.8,10.8,,15.7,,11.1,3,False,15.1,6.2,10.6,2,False
6863.TW,"Arizon RFID Technology (Cayman) Co., Ltd.",Technology,Electronic Components,7.5,5.7,,8.1,,7.1,3,False,3.4,3.2,3.3,2,False
6869.TW,"J&V Energy Technology Co., Ltd.",Utilities,Utilities - Renewable,8.4,0.3,,0.3,,3.0,3,False,,0.7,0.7,1,True
6873.TW,"HD Renewable Energy Co., Ltd.",Industrials,Engineering & Construction,2.5,2.6,,3.7,,2.9,3,False,0.0,0.5,0.2,2,False
6885.TW,"BRIM Biotechnology, Inc.",Healthcare,Biotechnology,19.0,5.0,,6.8,,10.3,3,False,,2.1,2.1,1,True
6887.TW,"BORETECH Resource Recovery Engineering CO., LTD.",Industrials,Waste Management,16.5,10.0,,10.0,,12.2,3,False,20.0,0.3,10.2,2,False
6890.TW,"Lai Yih Footwear Co., Ltd.",Consumer Cyclical,Footwear & Accessories,16.1,10.4,,12.0,,12.8,3,False,9.4,4.5,7.0,2,False
6901.TW,Diamond Biofund Inc.,Financial Services,Asset Management,19.0,17.9,,19.3,,18.7,3,False,20.0,1.2,10.6,2,False
6902.TW,"Gogolook Co., Ltd.",Technology,Software - Application,6.8,15.8,,14.3,,12.3,3,False,13.7,14.2,14.0,2,False
6906.TW,Groundhog Inc.,Technology,Information Technology Services,18.3,10.2,,17.1,,15.2,3,False,0.0,2.1,1.0,2,False
6914.TW,"PSS Co.,Ltd.",Industrials,Business Equipment & Supplies,2.2,14.9,,14.0,,10.4,3,False,10.7,8.9,9.8,2,False
6918.TW,"A Plus Biotechnology Co., Ltd.",Healthcare,Medical Devices,13.4,15.1,,17.6,,15.4,3,False,19.6,5.1,12.4,2,False
6919.TW,"Caliway Biopharmaceuticals Co., Ltd.",Healthcare,Biotechnology,18.3,7.7,,6.8,,10.9,3,False,,0.6,0.6,1,True
6921.TW,"LeRain Technology Co., Ltd.",Technology,Semiconductors,,2.5,,1.7,,2.1,2,True,,,,0,True
6923.TW,CHUNGTAI RESOURCE Technology CORP.,Industrials,Waste Management,11.7,12.4,,19.2,,14.4,3,False,18.1,1.2,9.6,2,False
6924.TW,"EIKEI Group (Cayman) Co., Ltd.",Technology,Electronic Components,15.4,17.6,,11.5,,14.8,3,False,20.0,16.4,18.2,2,False
6928.TW,"Ubiqconn Technology, Inc.",Technology,Computer Hardware,16.9,3.0,,2.7,,7.5,3,False,,3.3,3.3,1,True
6931.TW,"Qing Song Health Co.,Ltd.",Healthcare,Medical Care Facilities,4.0,16.8,,17.5,,12.8,3,False,19.3,3.0,11.2,2,False
6933.TW,"Amax Holding Co., Ltd.",Technology,Computer Hardware,6.4,12.6,,8.0,,9.0,3,False,0.0,14.1,7.0,2,False
6934.TW,"HCmed Innovations Co., Ltd.",Healthcare,Medical Devices,12.2,4.8,,0.6,,5.9,3,False,,9.2,9.2,1,True
6936.TW,"Vetnostrum Animal Health Co., Ltd.",Consumer Defensive,Farm Products,19.2,11.1,,15.6,,15.3,3,False,17.3,7.6,12.4,2,False
6937.TW,Skytech Inc.,Technology,Semiconductor Equipment & Materials,11.2,8.8,,13.2,,11.1,3,False,2.9,9.0,6.0,2,False
6944.TW,Mega Union Technology Inc.,Industrials,Pollution & Treatment Controls,17.4,18.9,,16.7,,17.7,3,False,9.0,18.5,13.8,2,False
6947.TW,"Techzone Technology Materials Co., Ltd.",Industrials,Waste Management,1.5,6.8,,14.2,,7.5,3,False,7.7,4.4,6.1,2,False
6952.TW,"Dawushan Farm Technology Co., Ltd.",Consumer Defensive,Farm Products,7.0,4.7,,8.4,,6.7,3,False,4.3,3.3,3.8,2,False
6955.TW,"Bonraybio Co., Ltd.",Healthcare,Medical Devices,18.8,15.9,,18.9,,17.9,3,False,7.7,2.8,5.2,2,False
6957.TW,"Horizon Fixture Group Co., Ltd.",Consumer Cyclical,"Furnishings, Fixtures & Appliances",10.1,16.0,,16.9,,14.3,3,False,3.5,17.1,10.3,2,False
6962.TW,ITH Corporation,Technology,Electronic Components,19.2,5.6,,7.4,,10.7,3,False,15.1,2.8,9.0,2,False
6965.TW,"Chung Jye Investment Holding Co., Ltd.",Consumer Cyclical,Footwear & Accessories,19.6,3.7,,4.5,,9.3,3,False,0.0,4.3,2.2,2,False
6988.TW,Wellysun Inc.,Technology,Electronic Components,6.5,2.6,,2.6,,3.9,3,False,,1.6,1.6,1,True
6994.TW,"Foxwell Power Co., Ltd.",Utilities,Utilities - Renewable,13.8,17.6,,6.9,,12.8,3,False,20.0,0.3,10.2,2,False
7610.TW,"Lianyou Metals Co., Ltd.",Basic Materials,Other Industrial Metals & Mining,4.7,19.9,,19.0,,14.5,3,False,0.0,20.0,10.0,2,False
7631.TW,"Genii Ideas Co., Ltd.",Industrials,Engineering & Construction,,,,2.4,,2.4,1,True,15.2,8.4,11.8,2,False
7689.TW,Climax Technology Co. Ltd.,Industrials,Building Products & Equipment,3.0,19.3,,14.6,,12.3,3,False,20.0,,20.0,1,True
7705.TW,"Mercuries F&B Co., Ltd.",Consumer Cyclical,Restaurants,6.9,10.1,,6.0,,7.7,3,False,19.2,3.3,11.2,2,False
7711.TW,ASRock Rack Incorporation,Technology,Computer Hardware,10.5,18.7,,8.7,,12.6,3,False,1.8,,1.8,1,True
7721.TW,"Microprogram Information Co.,Ltd",Technology,Software - Infrastructure,11.5,6.2,,11.0,,9.6,3,False,0.0,7.4,3.7,2,False
7722.TW,LINE Pay Taiwan Limited,Technology,Software - Infrastructure,15.3,6.7,,9.7,,10.6,3,False,7.2,0.4,3.8,2,False
7730.TW,"Nano Electronics and Micro System Technologies, Inc.",Industrials,Specialty Industrial Machinery,17.2,6.2,,16.1,,13.2,3,False,0.0,16.1,8.0,2,False
7732.TW,"King Shing Industrial Co, LTD.",Industrials,Electrical Equipment & Parts,,,,2.4,,2.4,1,True,17.4,6.4,11.9,2,False
7736.TW,Hushan Autoparts Inc.,Consumer Cyclical,Auto Parts,16.6,11.0,,19.1,,15.6,3,False,15.3,4.1,9.7,2,False
7740.TW,"Seetel New Energy Co., Ltd.",Utilities,Utilities - Regulated Electric,17.5,19.9,,3.7,,13.7,3,False,11.0,0.9,6.0,2,False
7749.TW,Intelligo Technology Inc.,Technology,Software - Infrastructure,19.4,14.5,,18.9,,17.6,3,False,13.7,2.0,7.8,2,False
7750.TW,"Syntec Technology Co., Ltd.",Industrials,Electrical Equipment & Parts,18.7,19.1,,18.4,,18.7,3,False,3.0,19.7,11.4,2,False
7760.TW,"Enjoy Warmth Co., Ltd.",Communication Services,Entertainment,,,,4.7,,4.7,1,True,0.0,6.9,3.4,2,False
7765.TW,"CHT Security Co., Ltd.",Technology,Information Technology Services,17.0,17.7,,16.7,,17.1,3,False,9.5,2.9,6.2,2,False
7768.TW,"Praise Victor Industrial Co., Ltd.",Basic Materials,Chemicals,10.4,11.1,,14.1,,11.9,3,False,0.0,15.0,7.5,2,False
7769.TW,"Hon. Precision, Inc.",Technology,Semiconductor Equipment & Materials,19.8,18.8,,19.4,,19.3,3,False,4.5,19.0,11.8,2,False
7780.TW,"Daiken Biomedical Co., Ltd.",Consumer Defensive,Packaged Foods,18.8,12.3,,18.6,,16.6,3,False,0.0,5.4,2.7,2,False
7786.TW,"Dong Fang Offshore Co., Ltd.",Industrials,Specialty Business Services,11.6,16.6,,16.6,,14.9,3,False,20.0,0.2,10.1,2,False
7788.TW,"Song Chuan Precision Co., Ltd.",Industrials,Electrical Equipment & Parts,12.0,9.6,,12.4,,11.3,3,False,4.1,19.3,11.7,2,False
7791.TW,"Lucky Royal Co., Ltd.",Consumer Defensive,Packaged Foods,19.0,10.0,,16.9,,15.3,3,False,15.7,,15.7,1,True
7795.TW,"Eternal Precision Mechanics Co., Ltd.",Industrials,Specialty Industrial Machinery,18.0,6.6,,12.6,,12.4,3,False,0.0,19.4,9.7,2,False
7799.TW,Heron Neutron Medical Corp.,Healthcare,Medical Devices,17.5,6.9,,6.8,,10.4,3,False,,,,0,True
7803.TW,"aetherAI Co., Ltd.",Technology,Software - Application,16.5,0.9,,0.2,,5.9,3,False,,,,0,True
7818.TW,"Kemflo International Co., Ltd.",Utilities,Utilities - Regulated Water,18.7,10.1,,6.0,,11.6,3,False,19.5,0.5,10.0,2,False
7821.TW,MiTAC Digital Technology Corporation,Technology,Communication Equipment,17.2,13.3,,7.5,,12.7,3,False,20.0,1.6,10.8,2,False
7822.TW,"V5 Technologies Co., Ltd.",Technology,Semiconductors,18.7,16.0,,18.3,,17.7,3,False,1.5,14.9,8.2,2,False
7823.TW,CyCraft Technology Corporation,Technology,Software - Infrastructure,16.3,2.9,,2.8,,7.3,3,False,,,,0,True
7827.TW,HanchorBio Inc.,Healthcare,Biotechnology,14.6,1.5,,0.3,,5.5,3,False,,17.0,17.0,1,True
7835.TW,H2U Corporation,Healthcare,Medical Care Facilities,3.6,,,1.8,,2.7,2,True,,,,0,True
7855.TW,"Hotai Leasing Co., Ltd.",Industrials,Rental & Leasing Services,1.8,11.5,,5.1,,6.1,3,False,,,,0,True
8011.TW,"Tai Tung Communication Co., Ltd.",Technology,Communication Equipment,4.9,5.9,,9.6,,6.8,3,False,16.9,2.3,9.6,2,False
8016.TW,Sitronix Technology Corporation,Technology,Semiconductors,17.5,14.1,,12.5,,14.7,3,False,20.0,12.4,16.2,2,False
8021.TW,"Topoint Technology Co., Ltd.",Industrials,Tools & Accessories,17.9,12.3,,15.2,,15.1,3,False,0.0,19.9,10.0,2,False
8033.TW,Thunder Tiger Corp.,Consumer Cyclical,Leisure,16.0,4.1,,9.5,,9.9,3,False,0.0,16.6,8.3,2,False
8039.TW,"Taiflex Scientific Co., Ltd.",Technology,Electronic Components,13.4,8.2,,10.4,,10.7,3,False,0.0,19.7,9.8,2,False
8045.TW,"TWOWAY Communications, Inc.",Technology,Communication Equipment,8.4,5.9,,8.8,,7.7,3,False,0.0,1.0,0.5,2,False
8046.TW,Nan Ya Printed Circuit Board Corporation,Technology,Electronic Components,17.4,10.5,,13.1,,13.7,3,False,0.0,19.7,9.8,2,False
8072.TW,AV TECH Corporation,Technology,Electronics & Computer Distribution,,7.4,,11.4,,9.4,2,True,9.8,2.9,6.4,2,False
8081.TW,Global Mixed-Mode Technology Inc.,Technology,Semiconductors,19.2,14.0,,16.0,,16.4,3,False,20.0,9.7,14.8,2,False
8101.TW,Arima Communications Corp.,Technology,Communication Equipment,4.4,0.7,,1.0,,2.0,3,False,,1.8,1.8,1,True
8103.TW,CviLux Corporation,Technology,Electronic Components,10.9,10.7,,13.2,,11.6,3,False,13.5,16.5,15.0,2,False
8104.TW,RiTdisplay Corporation,Technology,Electronic Components,2.7,3.4,,3.2,,3.1,3,False,,4.0,4.0,1,True
8105.TW,"Giantplus Technology Co., Ltd.",Technology,Electronic Components,19.6,6.4,,7.9,,11.3,3,False,17.2,10.2,13.7,2,False
8110.TW,"Walton Advanced Engineering, Inc.",Technology,Semiconductor Equipment & Materials,14.4,14.4,,19.1,,16.0,3,False,20.0,17.9,19.0,2,False
8112.TW,"Supreme Electronics Co., Ltd.",Technology,Semiconductors,0.2,18.1,,5.6,,8.0,3,False,20.0,17.0,18.5,2,False
8114.TW,"Posiflex Technology, Inc.",Industrials,Business Equipment & Supplies,17.0,15.9,,13.0,,15.3,3,False,10.5,4.1,7.3,2,False
8131.TW,"Formosa Advanced Technologies Co., Ltd.",Technology,Semiconductors,17.0,10.6,,13.9,,13.8,3,False,19.8,16.6,18.2,2,False
8150.TW,ChipMOS TECHNOLOGIES INC.,Technology,Semiconductors,5.1,9.2,,10.9,,8.4,3,False,13.9,18.7,16.3,2,False
8162.TW,"Micro Silicon Electronics Co., Ltd.",Technology,Semiconductors,5.9,7.3,,10.1,,7.8,3,False,4.0,13.7,8.8,2,False
8163.TW,Darfon Electronics Corp.,Technology,Computer Hardware,3.8,3.9,,4.6,,4.1,3,False,0.0,4.5,2.2,2,False
8201.TW,"Inventec Besta Co.,Ltd",Technology,Consumer Electronics,17.4,3.6,,3.5,,8.2,3,False,,2.4,2.4,1,True
8210.TW,"Chenbro Micom Co., Ltd.",Technology,Computer Hardware,8.5,18.8,,15.6,,14.3,3,False,2.0,14.6,8.3,2,False
8213.TW,"Taiwan Printed Circuit Board Techvest Co.,Ltd.",Technology,Electronic Components,7.7,5.4,,6.5,,6.5,3,False,18.0,6.7,12.4,2,False
8215.TW,BenQ Materials Corporation,Technology,Electronic Components,1.8,2.3,,3.1,,2.4,3,False,,8.4,8.4,1,True
8222.TW,Aero Win Technology Corporation,Industrials,Aerospace & Defense,4.5,8.6,,12.9,,8.7,3,False,15.6,2.6,9.1,2,False
8249.TW,Creative Sensor Inc.,Industrials,Electrical Equipment & Parts,16.1,4.1,,10.7,,10.3,3,False,18.1,1.8,10.0,2,False
8261.TW,"Advanced Power Electronics Co., Ltd.",Technology,Semiconductors,19.9,12.2,,17.6,,16.6,3,False,14.5,16.2,15.4,2,False
8271.TW,Apacer Technology Inc.,Technology,Semiconductors,9.9,19.3,,17.1,,15.4,3,False,20.0,18.8,19.4,2,False
8341.TW,"Sunny Friend Environmental Technology Co., Ltd.",Industrials,Waste Management,11.8,12.2,,17.0,,13.7,3,False,20.0,7.6,13.8,2,False
8367.TW,Chien Shing Harbour Service Company Limited,Industrials,Marine Shipping,1.1,7.7,,12.1,,7.0,3,False,10.1,5.8,8.0,2,False
8374.TW,"Ace Pillar Co., Ltd.",Industrials,Industrial Distribution,12.2,3.9,,2.1,,6.1,3,False,,2.9,2.9,1,True
8404.TW,Paiho Shih Holdings Corporation,Consumer Cyclical,Footwear & Accessories,4.1,5.9,,8.6,,6.2,3,False,5.5,1.8,3.6,2,False
8411.TW,Kingcan Holdings Limited,Consumer Cyclical,Packaging & Containers,11.9,3.5,,3.7,,6.4,3,False,0.0,10.6,5.3,2,False
8429.TW,Jinli Group Holdings Limited,Consumer Cyclical,Apparel Manufacturing,19.7,3.1,,15.4,,12.7,3,False,0.0,3.4,1.7,2,False
8438.TW,"Amia Co.,Ltd",Basic Materials,Chemicals,12.7,13.0,,9.4,,11.7,3,False,11.1,19.4,15.2,2,False
8442.TW,WW Holding Inc.,Consumer Cyclical,Leisure,11.6,6.6,,6.3,,8.2,3,False,3.2,2.1,2.7,2,False
8443.TW,"SHUI-MU International Co., Ltd.",Consumer Cyclical,Footwear & Accessories,10.9,1.2,,1.2,,4.4,3,False,,8.5,8.5,1,True
8454.TW,momo.com Inc.,Consumer Cyclical,Internet Retail,15.4,17.4,,6.2,,13.0,3,False,12.0,11.6,11.8,2,False
8462.TW,Power Wind Health Industry Incorporated,Consumer Cyclical,Leisure,1.9,18.1,,16.0,,12.0,3,False,14.6,12.4,13.5,2,False
8463.TW,"Ruentex Materials Co.,Ltd.",Basic Materials,Building Materials,0.9,14.7,,7.6,,7.7,3,False,18.9,2.0,10.4,2,False
8464.TW,"Nien Made Enterprise Co., LTD.",Consumer Cyclical,"Furnishings, Fixtures & Appliances",18.3,16.3,,18.4,,17.7,3,False,9.5,7.8,8.6,2,False
8466.TW,"M.J. International Co., Ltd.",Industrials,Building Products & Equipment,7.0,1.5,,1.2,,3.2,3,False,,0.9,0.9,1,True
8467.TW,Bonny Worldwide Limited,Consumer Cyclical,Leisure,10.5,10.8,,16.7,,12.7,3,False,15.4,0.7,8.0,2,False
8473.TW,"Forest Water Environmental Engineering Co., Ltd.",Industrials,Waste Management,7.3,7.6,,14.4,,9.8,3,False,20.0,13.6,16.8,2,False
8478.TW,"Alexander Marine Co., Ltd.",Consumer Cyclical,Recreational Vehicles,11.4,13.2,,19.0,,14.5,3,False,18.4,1.8,10.1,2,False
8481.TW,"Transart Graphics Co., Ltd.",Industrials,Specialty Business Services,19.6,11.7,,17.8,,16.4,3,False,19.7,7.2,13.4,2,False
8482.TW,Shane Global Holding Inc.,Consumer Cyclical,"Furnishings, Fixtures & Appliances",19.2,9.8,,13.7,,14.2,3,False,10.0,7.9,9.0,2,False
8487.TW,"ELTA Technology Co.,Ltd.",Communication Services,Entertainment,16.1,15.9,,12.8,,14.9,3,False,18.2,12.0,15.1,2,False
8488.TW,Jiyuan Packaging Holdings Limited,Consumer Cyclical,Packaging & Containers,15.0,2.6,,2.7,,6.8,3,False,,8.4,8.4,1,True
8499.TW,"Top Bright Holding Co., Ltd.",Technology,Electronic Components,13.0,7.2,,13.0,,11.1,3,False,11.5,8.3,9.9,2,False
8926.TW,Taiwan Cogeneration Corporation,Industrials,Engineering & Construction,5.1,13.3,,11.3,,9.9,3,False,13.1,12.2,12.6,2,False
8940.TW,"New Palace International Co., Ltd.",Consumer Cyclical,Restaurants,7.8,5.7,,5.7,,6.4,3,False,5.0,3.3,4.2,2,False
8996.TW,"Kaori Heat Treatment Co., Ltd.",Industrials,Specialty Industrial Machinery,11.0,18.2,,15.8,,15.0,3,False,0.0,19.9,10.0,2,False
9103.TW,Medtecs International Corporation Limited,Healthcare,Medical Instruments & Supplies,12.0,7.5,,3.8,,7.8,3,False,,7.8,7.8,1,True
910322.TW,Tingyi (Cayman Islands) Holding Corp.,Consumer Defensive,Packaged Foods,5.5,18.6,,10.7,,11.6,3,False,20.0,16.4,18.2,2,False
9105.TW,Cal-Comp Electronics (Thailand) Public Company Limited,Technology,Computer Hardware,3.6,8.6,,5.4,,5.9,3,False,0.0,13.0,6.5,2,False
910861.TW,Digital China Holdings Limited,Industrials,Conglomerates,11.9,2.0,,2.2,,5.4,3,False,,0.7,0.7,1,True
9110.TW,Vietnam Manufacturing and Export Processing (Holdings) Limited,Consumer Cyclical,Recreational Vehicles,12.3,7.5,,8.0,,9.3,3,False,0.0,1.9,1.0,2,False
911608.TW,BH Global Corporation Limited,Industrials,Industrial Distribution,13.9,3.9,,7.4,,8.4,3,False,20.0,5.9,13.0,2,False
911622.TW,Tycoons Worldwide Group (Thailand) Public Company Limited,Basic Materials,Steel,9.0,4.6,,4.6,,6.1,3,False,0.0,2.6,1.3,2,False
911868.TW,Neo-Neon Holdings Limited,Consumer Cyclical,"Furnishings, Fixtures & Appliances",18.6,3.3,,4.1,,8.7,3,False,0.0,6.9,3.4,2,False
9136.TW,Ju Teng International Holdings Limited,Technology,Computer Hardware,5.7,1.0,,1.2,,2.6,3,False,,15.8,15.8,1,True
9618.HK,"JD.com, Inc.",Consumer Cyclical,Internet Retail,13.6,7.2,,4.3,,8.4,3,False,15.7,4.6,10.1,2,False
9633.HK,"Nongfu Spring Co., Ltd.",Consumer Defensive,Beverages - Non-Alcoholic,16.0,19.3,,19.7,,18.3,3,False,5.9,3.0,4.4,2,False
9802.TW,"Fulgent Sun International (Holding) Co., Ltd.",Consumer Cyclical,Footwear & Accessories,15.5,8.1,,10.6,,11.4,3,False,11.9,2.8,7.4,2,False
9888.HK,"Baidu, Inc.",Communication Services,Internet Content & Information,12.2,3.8,,3.7,,6.6,3,False,,3.9,3.9,1,True
9904.TW,Pou Chen Corporation,Consumer Cyclical,Footwear & Accessories,14.9,11.7,,15.0,,13.9,3,False,20.0,7.4,13.7,2,False
9905.TW,"Great China Metal Ind. Co., Ltd.",Consumer Cyclical,Packaging & Containers,19.6,6.5,,9.9,,12.0,3,False,15.6,12.7,14.2,2,False
9906.TW,Hsin Ba Ba Corporation,Industrials,Engineering & Construction,0.6,16.1,,15.8,,10.8,3,False,16.6,1.2,8.9,2,False
9907.TW,Ton Yi Industrial Corp.,Consumer Cyclical,Packaging & Containers,15.2,7.4,,7.3,,10.0,3,False,12.1,7.7,9.9,2,False
9908.TW,The Great Taipei Gas Corporation,Utilities,Utilities - Regulated Gas,19.9,5.6,,19.0,,14.8,3,False,13.9,6.7,10.3,2,False
9910.TW,"Feng Tay Enterprises Co., Ltd.",Consumer Cyclical,Footwear & Accessories,16.2,15.1,,10.7,,14.0,3,False,13.0,0.8,6.9,2,False
9911.TW,Taiwan Sakura Corporation,Consumer Cyclical,"Furnishings, Fixtures & Appliances",17.5,15.3,,16.5,,16.4,3,False,13.9,11.0,12.4,2,False
9912.TW,"Associated Industries China, Inc.",Technology,Electronic Components,3.2,2.0,,2.6,,2.6,3,False,,8.4,8.4,1,True
9914.TW,"Merida Industry Co., Ltd.",Consumer Cyclical,Leisure,14.8,5.8,,8.3,,9.6,3,False,7.1,5.1,6.1,2,False
9917.TW,"Taiwan Secom Co., Ltd.",Industrials,Security & Protection Services,9.3,16.5,,17.1,,14.3,3,False,13.9,8.4,11.2,2,False
9918.TW,Shin Shin Natural Gas Company Limited,Utilities,Utilities - Regulated Gas,19.5,16.1,,18.1,,17.9,3,False,11.3,12.3,11.8,2,False
9919.TW,"KNH Enterprise Co., Ltd.",Consumer Defensive,Household & Personal Products,2.8,0.2,,0.3,,1.1,3,False,,2.5,2.5,1,True
9921.TW,"Giant Manufacturing Co., Ltd.",Consumer Cyclical,Leisure,13.3,4.0,,4.2,,7.2,3,False,0.0,12.9,6.4,2,False
9924.TW,"Taiwan Fu Hsing Industrial Co.,Ltd.",Industrials,Building Products & Equipment,17.6,6.5,,11.0,,11.7,3,False,20.0,1.5,10.8,2,False
9925.TW,"Taiwan Shin Kong Security Co., Ltd.",Industrials,Security & Protection Services,16.4,7.0,,15.8,,13.1,3,False,17.0,7.3,12.2,2,False
9926.TW,Shin Hai Gas Corporation,Utilities,Utilities - Regulated Gas,19.6,14.3,,17.3,,17.1,3,False,9.8,7.1,8.4,2,False
9927.TW,"Thye Ming Industrial Co., Ltd.",Basic Materials,Other Industrial Metals & Mining,17.7,12.6,,11.1,,13.8,3,False,14.6,3.1,8.8,2,False
9928.TW,"China Television Company, Ltd.",Communication Services,Broadcasting,5.8,3.4,,2.0,,3.7,3,False,,10.6,10.6,1,True
9930.TW,CHC Resources Corporation,Basic Materials,Building Materials,11.8,14.9,,11.0,,12.6,3,False,15.5,3.0,9.2,2,False
9931.TW,"Hsin Kao Gas Co.,Ltd.",Utilities,Utilities - Regulated Gas,19.2,12.1,,17.4,,16.2,3,False,16.1,9.8,13.0,2,False
9933.TW,CTCI Corporation,Industrials,Engineering & Construction,4.9,16.5,,9.1,,10.2,3,False,20.0,13.6,16.8,2,False
9934.TW,Globe Union Industrial Corp.,Industrials,Building Products & Equipment,5.8,2.9,,2.9,,3.9,3,False,0.0,9.3,4.6,2,False
9935.TW,"Ching Feng Home Fashions Co.,Ltd",Consumer Cyclical,"Furnishings, Fixtures & Appliances",3.9,13.9,,13.4,,10.4,3,False,19.5,10.8,15.2,2,False
9937.TW,"National Petroleum Co., Ltd.",Consumer Cyclical,Specialty Retail,13.4,12.3,,7.3,,11.0,3,False,4.8,8.1,6.4,2,False
9938.TW,Taiwan Paiho Limited,Consumer Cyclical,Textile Manufacturing,8.7,8.0,,11.5,,9.4,3,False,12.5,4.8,8.6,2,False
9939.TW,"Taiwan Hon Chuan Enterprise Co., Ltd.",Consumer Cyclical,Packaging & Containers,6.1,14.0,,15.2,,11.8,3,False,16.8,12.6,14.7,2,False
9940.TW,Sinyi Realty Inc.,Real Estate,Real Estate Services,9.0,8.8,,5.8,,7.9,3,False,8.2,3.8,6.0,2,False
9941.TW,Taiwan Acceptance Corporation,Financial Services,Credit Services,1.1,9.3,,5.5,,5.3,3,False,14.7,1.6,8.2,2,False
9942.TW,NAK Sealing Technologies Corporation,Consumer Cyclical,Auto Parts,18.0,14.4,,17.8,,16.7,3,False,15.1,13.4,14.2,2,False
9943.TW,"Holiday Entertainment Co.,Ltd",Consumer Cyclical,Leisure,15.5,12.0,,18.4,,15.3,3,False,20.0,4.9,12.4,2,False
9944.TW,"Shinih Enterprise Co., Ltd.",Consumer Cyclical,Textile Manufacturing,12.0,4.0,,6.4,,7.5,3,False,0.0,11.1,5.6,2,False
9945.TW,"Ruentex Development Co.,Ltd.",Industrials,Engineering & Construction,12.8,17.5,,19.9,,16.7,3,False,20.0,6.4,13.2,2,False
9946.TW,San Far Property Limited,Real Estate,Real Estate - Diversified,7.6,18.8,,14.1,,13.5,3,False,20.0,9.3,14.6,2,False
9955.TW,"Super Dragon Technology Co., Ltd",Industrials,Pollution & Treatment Controls,4.6,13.1,,14.7,,10.8,3,False,18.2,2.1,10.2,2,False
9958.TW,"Century Iron and Steel Industrial Co.,Ltd.",Industrials,Metal Fabrication,6.0,10.8,,13.4,,10.1,3,False,17.4,0.3,8.8,2,False
9961.HK,Trip.com Group Limited,Consumer Cyclical,Travel Services,16.3,14.7,,19.6,,16.9,3,False,20.0,1.2,10.6,2,False
9988.HK,Alibaba Group Holding Limited,Consumer Cyclical,Internet Retail,15.6,6.6,,11.9,,11.4,3,False,10.4,1.7,6.0,2,False
9992.HK,Pop Mart International Group Limited,Consumer Cyclical,Leisure,16.7,19.3,,19.4,,18.5,3,False,17.1,1.1,9.1,2,False
9999.HK,"NetEase, Inc.",Communication Services,Electronic Gaming & Multimedia,17.6,15.2,,18.0,,16.9,3,False,18.0,5.3,11.6,2,False
ADANIENT.NS,Adani Enterprises Limited,Energy,Thermal Coal,3.5,,,8.1,,5.8,2,True,0.0,3.5,1.8,2,False
ADANIPORTS.BO,Adani Ports and Special Economic Zone Limited,Industrials,Marine Shipping,9.3,,,19.3,,14.3,2,True,0.0,11.5,5.8,2,False
ADANIPORTS.NS,Adani Ports and Special Economic Zone Limited,Industrials,Marine Shipping,9.3,,,19.3,,14.3,2,True,0.0,10.7,5.4,2,False
ASIANPAINT.BO,Asian Paints Limited,Basic Materials,Specialty Chemicals,14.2,,,12.6,,13.4,2,True,0.0,,0.0,1,True
ASIANPAINT.NS,Asian Paints Limited,Basic Materials,Specialty Chemicals,14.1,,,13.5,,13.8,2,True,0.0,7.8,3.9,2,False
AXISBANK.BO,Axis Bank Limited,Financial Services,Banks - Regional,,11.2,,14.9,,13.0,2,True,9.0,8.4,8.7,2,False
AXISBANK.NS,Axis Bank Limited,Financial Services,Banks - Regional,,11.2,,14.9,,13.0,2,True,8.8,8.9,8.9,2,False
BAJAJFINSV.BO,Bajaj Finserv Ltd.,Financial Services,Financial Conglomerates,2.6,,,3.4,,3.0,2,True,5.7,4.5,5.1,2,False
BAJAJFINSV.NS,Bajaj Finserv Ltd.,Financial Services,Financial Conglomerates,2.6,,,3.4,,3.0,2,True,5.7,4.6,5.2,2,False
BAJFINANCE.BO,Bajaj Finance Limited,Financial Services,Credit Services,2.2,,,17.0,,9.6,2,True,0.0,,0.0,1,True
BAJFINANCE.NS,Bajaj Finance Limited,Financial Services,Credit Services,2.1,,,16.9,,9.5,2,True,0.0,6.3,3.2,2,False
BEL.NS,Bharat Electronics Limited,Industrials,Aerospace & Defense,19.8,,,18.5,,19.2,2,True,4.5,7.8,6.2,2,False
BHARTIARTL.NS,Bharti Airtel Limited,Communication Services,Telecom Services,6.0,14.9,,14.6,,11.8,3,False,0.0,8.7,4.4,2,False
CIPLA.NS,Cipla Limited,Healthcare,Drug Manufacturers - Specialty & Generic,17.6,,,15.1,,16.4,2,True,0.0,5.9,3.0,2,False
COALINDIA.NS,Coal India Limited,Energy,Thermal Coal,18.0,,,13.9,,16.0,2,True,20.0,2.9,11.4,2,False
DRREDDY.NS,Dr. Reddy's Laboratories Limited,Healthcare,Drug Manufacturers - Specialty & Generic,12.3,11.4,,14.0,,12.6,3,False,1.0,5.9,3.4,2,False
EICHERMOT.NS,Eicher Motors Limited,Consumer Cyclical,Auto Manufacturers,19.1,,,18.6,,18.8,2,True,0.0,14.3,7.2,2,False
ETERNAL.BO,Eternal Limited,Consumer Cyclical,Internet Retail,16.9,,,3.5,,10.2,2,True,0.0,10.3,5.2,2,False
ETERNAL.NS,Eternal Limited,Consumer Cyclical,Internet Retail,16.9,,,3.5,,10.2,2,True,0.0,10.3,5.2,2,False
GRASIM.NS,Grasim Industries Limited,Basic Materials,Building Materials,1.3,,,6.9,,4.1,2,True,0.0,9.5,4.8,2,False
HCLTECH.BO,HCL Technologies Limited,Technology,Information Technology Services,15.1,15.9,,13.8,,14.9,3,False,7.6,6.8,7.2,2,False
HCLTECH.NS,HCL Technologies Limited,Technology,Information Technology Services,15.1,15.9,,13.8,,14.9,3,False,7.8,6.9,7.4,2,False
HDFCBANK.BO,HDFC Bank Limited,Financial Services,Banks - Regional,,11.8,,9.9,,10.9,2,True,6.7,,6.7,1,True
HDFCBANK.NS,HDFC Bank Limited,Financial Services,Banks - Regional,,11.6,,10.3,,11.0,2,True,6.7,0.8,3.8,2,False
HDFCLIFE.NS,HDFC Life Insurance Company Limited,Financial Services,Insurance - Life,15.1,8.1,,2.1,,8.4,3,False,0.0,0.7,0.4,2,False
HINDALCO.NS,Hindalco Industries Limited,Basic Materials,Aluminum,4.9,,,9.4,,7.2,2,True,4.1,11.3,7.7,2,False
HINDUNILVR.BO,Hindustan Unilever Limited,Consumer Defensive,Household & Personal Products,18.0,16.5,,17.9,,17.5,3,False,0.0,,0.0,1,True
HINDUNILVR.NS,Hindustan Unilever Limited,Consumer Defensive,Household & Personal Products,18.5,,,19.2,,18.8,2,True,0.0,2.3,1.2,2,False
ICICIBANK.BO,ICICI Bank Limited,Financial Services,Banks - Regional,,14.1,,10.7,,12.4,2,True,1.0,,1.0,1,True
ICICIBANK.NS,ICICI Bank Limited,Financial Services,Banks - Regional,,13.3,,10.8,,12.0,2,True,2.0,6.9,4.4,2,False
INFY.BO,Infosys Limited,Technology,Information Technology Services,14.1,17.5,,15.1,,15.6,3,False,12.4,,12.4,1,True
ITC.BO,ITC Limited,Consumer Defensive,Tobacco,19.7,,,19.9,,19.8,2,True,10.2,,10.2,1,True
ITC.NS,ITC Limited,Consumer Defensive,Tobacco,18.3,,,19.5,,18.9,2,True,9.8,1.0,5.4,2,False
JIOFIN.NS,Jio Financial Services Limited,Financial Services,Asset Management,14.9,,,18.1,,16.5,2,True,0.0,1.3,0.6,2,False
JSWSTEEL.NS,JSW Steel Limited,Basic Materials,Steel,3.1,,,13.7,,8.4,2,True,16.3,8.0,12.2,2,False
KOTAKBANK.BO,Kotak Mahindra Bank Limited,Financial Services,Banks - Regional,,,,9.3,,9.3,1,True,0.0,,0.0,1,True
KOTAKBANK.NS,Kotak Mahindra Bank Limited,Financial Services,Banks - Regional,,,,11.2,,11.2,1,True,0.0,5.9,3.0,2,False
LT.NS,Larsen & Toubro Limited,Industrials,Engineering & Construction,5.9,,,8.3,,7.1,2,True,0.0,10.0,5.0,2,False
M&M.BO,Mahindra & Mahindra Limited,Consumer Cyclical,Auto Manufacturers,5.3,13.7,,12.9,,10.6,3,False,6.5,,6.5,1,True
M&M.NS,Mahindra & Mahindra Limited,Consumer Cyclical,Auto Manufacturers,5.7,,,13.5,,9.6,2,True,11.9,9.3,10.6,2,False
MARUTI.BO,Maruti Suzuki India Limited,Consumer Cyclical,Auto Manufacturers,19.9,,,12.2,,16.0,2,True,3.8,5.4,4.6,2,False
MARUTI.NS,Maruti Suzuki India Limited,Consumer Cyclical,Auto Manufacturers,19.9,,,12.2,,16.0,2,True,3.6,5.6,4.6,2,False
MAXHEALTH.NS,Max Healthcare Institute Limited,Healthcare,Medical Care Facilities,10.3,,,16.3,,13.3,2,True,0.0,5.5,2.8,2,False
NTPC.BO,NTPC Limited,Utilities,Utilities - Regulated Electric,12.7,,,14.0,,13.4,2,True,19.3,5.5,12.4,2,False
NTPC.NS,NTPC Limited,Utilities,Utilities - Regulated Electric,12.7,,,14.0,,13.4,2,True,19.4,5.4,12.4,2,False
ONGC.NS,Oil and Natural Gas Corporation Limited,Energy,Oil & Gas Integrated,11.7,,,7.9,,9.8,2,True,19.0,2.0,10.5,2,False
POWERGRID.NS,Power Grid Corporation of India Limited,Utilities,Utilities - Regulated Electric,8.7,,,19.4,,14.0,2,True,16.1,4.8,10.5,2,False
RELIANCE.BO,Reliance Industries Limited,Energy,Oil & Gas Refining & Marketing,13.1,,,9.5,,11.3,2,True,0.4,,0.4,1,True
RELIANCE.NS,Reliance Industries Limited,Energy,Oil & Gas Refining & Marketing,12.8,,,8.1,,10.4,2,True,0.0,1.2,0.6,2,False
SBILIFE.NS,SBI Life Insurance Company Limited,Financial Services,Insurance - Life,,11.5,,2.2,,6.8,2,True,0.0,3.4,1.7,2,False
SBIN.BO,State Bank of India,Financial Services,Banks - Regional,,13.1,,8.6,,10.8,2,True,13.1,,13.1,1,True
SBIN.NS,State Bank of India,Financial Services,Banks - Regional,,12.8,,8.5,,10.6,2,True,13.6,11.7,12.6,2,False
SFR.AX,Sandfire Resources Limited,Basic Materials,Copper,18.6,14.9,,16.0,,16.5,3,False,6.6,16.2,11.4,2,False
SGH.AX,SGH Limited,,,,,,,,,0,True,,,,0,True
SGM.AX,Sims Limited,Basic Materials,Steel,11.2,10.2,,6.7,,9.4,3,False,9.3,17.6,13.4,2,False
SHRIRAMFIN.NS,Shriram Finance Limited,Financial Services,Credit Services,2.4,15.1,,17.8,,11.8,3,False,4.2,19.2,11.7,2,False
SIG.AX,Sigma Healthcare Limited,Healthcare,Medical Distribution,9.1,14.9,,12.1,,12.0,3,False,0.0,5.2,2.6,2,False
SMR.AX,Stanmore Resources Limited,Basic Materials,Coking Coal,13.8,2.7,,2.6,,6.4,3,False,,11.6,11.6,1,True
SNZ.AX,Summerset Group Holdings Limited,Healthcare,Medical Care Facilities,7.4,12.4,,19.9,,13.2,3,False,20.0,2.4,11.2,2,False
SOL.AX,WHSP Holdings Limited,Financial Services,Capital Markets,16.8,16.1,,18.9,,17.3,3,False,20.0,9.5,14.8,2,False
SPK.AX,Spark New Zealand Limited,Communication Services,Telecom Services,5.3,17.5,,14.0,,12.3,3,False,20.0,6.5,13.2,2,False
STO.AX,Santos Limited,Energy,Oil & Gas E&P,10.7,5.3,,13.0,,9.7,3,False,0.0,6.6,3.3,2,False
SUL.AX,Super Retail Group Limited,Consumer Cyclical,Specialty Retail,7.1,13.0,,9.0,,9.7,3,False,12.9,5.3,9.1,2,False
SUN.AX,Suncorp Group Limited,Financial Services,Insurance - Property & Casualty,13.2,7.1,,3.5,,7.9,3,False,0.0,3.4,1.7,2,False
SUNPHARMA.BO,Sun Pharmaceutical Industries Limited,Healthcare,Drug Manufacturers - Specialty & Generic,15.5,,,17.0,,16.2,2,True,0.0,,0.0,1,True
SUNPHARMA.NS,Sun Pharmaceutical Industries Limited,Healthcare,Drug Manufacturers - Specialty & Generic,15.9,,,17.4,,16.6,2,True,0.0,11.7,5.8,2,False
TAH.AX,Tabcorp Holdings Limited,Consumer Cyclical,Gambling,10.4,4.8,,5.1,,6.8,3,False,0.0,6.7,3.4,2,False
TATACONSUM.NS,Tata Consumer Products Limited,Consumer Defensive,Packaged Foods,16.4,,,12.8,,14.6,2,True,0.0,6.5,3.2,2,False
TATASTEEL.BO,Tata Steel Limited,Basic Materials,Steel,2.8,8.7,,6.8,,6.1,3,False,0.0,,0.0,1,True
TATASTEEL.NS,Tata Steel Limited,Basic Materials,Steel,3.5,,,8.0,,5.8,2,True,7.9,7.0,7.4,2,False
TCL.AX,Transurban Group,Industrials,Infrastructure Operations,1.1,4.4,,12.6,,6.0,3,False,0.0,9.2,4.6,2,False
TCS.BO,Tata Consultancy Services Limited,Technology,Information Technology Services,14.2,18.7,,15.9,,16.3,3,False,11.7,4.2,8.0,2,False
TCS.NS,Tata Consultancy Services Limited,Technology,Information Technology Services,14.2,18.7,,15.9,,16.3,3,False,11.7,4.7,8.2,2,False
TECHM.NS,Tech Mahindra Limited,Technology,Information Technology Services,14.9,,,11.1,,13.0,2,True,0.4,10.5,5.4,2,False
TLC.AX,The Lottery Corporation Limited,Consumer Cyclical,Gambling,0.4,19.5,,12.8,,10.9,3,False,0.0,6.4,3.2,2,False
TLS.AX,Telstra Group Limited,Communication Services,Telecom Services,5.0,12.5,,11.9,,9.8,3,False,3.1,10.2,6.6,2,False
TLX.AX,Telix Pharmaceuticals Limited,Healthcare,Biotechnology,2.8,10.6,,10.7,,8.0,3,False,0.0,8.1,4.0,2,False
TMPV.NS,Tata Motors Passenger Vehicles Limited,Consumer Cyclical,Auto Manufacturers,9.9,,,18.6,,14.2,2,True,,0.3,0.3,1,True
TNE.AX,Technology One Limited,Technology,Software - Application,13.7,17.7,,17.1,,16.2,3,False,0.0,4.6,2.3,2,False
TPG.AX,TPG Telecom Limited,Communication Services,Telecom Services,10.7,4.6,,10.8,,8.7,3,False,0.0,5.1,2.6,2,False
TRENT.NS,Trent Limited,Consumer Cyclical,Apparel Retail,13.8,,,13.6,,13.7,2,True,0.0,1.4,0.7,2,False
TUA.AX,Tuas Limited,Communication Services,Telecom Services,19.8,5.2,,9.9,,11.6,3,False,0.0,0.3,0.2,2,False
TWE.AX,Treasury Wine Estates Limited,Consumer Defensive,Beverages - Wineries & Distilleries,10.6,0.3,,0.1,,3.7,3,False,,1.9,1.9,1,True
ULTRACEMCO.BO,UltraTech Cement Limited,Basic Materials,Building Materials,11.7,,,11.7,,11.7,2,True,0.0,3.7,1.8,2,False
VAU.AX,Vault Minerals Limited,Basic Materials,Gold,17.9,12.9,,13.9,,14.9,3,False,0.0,15.9,8.0,2,False
VCX.AX,Vicinity Centres,Real Estate,REIT - Retail,17.5,15.3,,19.4,,17.4,3,False,20.0,10.0,15.0,2,False
VEA.AX,Viva Energy Group Limited,Energy,Oil & Gas Refining & Marketing,0.7,10.7,,3.3,,4.9,3,False,0.0,14.8,7.4,2,False
VGN.AX,Virgin Australia Holdings Limited,Industrials,Airlines,,,,11.2,,11.2,1,True,20.0,1.9,11.0,2,False
VNT.AX,Ventia Services Group Limited,Industrials,Infrastructure Operations,1.4,19.3,,6.6,,9.1,3,False,4.4,10.0,7.2,2,False
WAM.AX,WAM Capital Limited,Financial Services,Asset Management,,0.8,,1.3,,1.0,2,True,,0.6,0.6,1,True
WBC.AX,Westpac Banking Corporation,Financial Services,Banks - Diversified,,6.8,,12.8,,9.8,2,True,7.3,2.4,4.8,2,False
WDS.AX,Woodside Energy Group Ltd,Energy,Oil & Gas E&P,14.1,6.6,,15.3,,12.0,3,False,11.2,10.6,10.9,2,False
WES.AX,Wesfarmers Limited,Consumer Cyclical,Home Improvement Retail,4.2,17.4,,10.9,,10.8,3,False,2.9,6.3,4.6,2,False
WGX.AX,Westgold Resources Limited,Basic Materials,Gold,17.0,15.6,,15.1,,15.9,3,False,11.9,13.1,12.5,2,False
WHC.AX,Whitehaven Coal Limited,Energy,Thermal Coal,12.4,6.5,,8.3,,9.1,3,False,10.3,7.6,9.0,2,False
WIPRO.NS,Wipro Limited,Technology,Information Technology Services,10.2,13.1,,14.1,,12.5,3,False,14.5,3.3,8.9,2,False
WLE.AX,WAM Leaders Limited,Financial Services,Asset Management,,,,1.3,,1.3,1,True,14.8,5.1,10.0,2,False
WOR.AX,Worley Limited,Energy,Oil & Gas Equipment & Services,8.9,5.4,,4.6,,6.3,3,False,14.7,0.5,7.6,2,False
WOW.AX,Woolworths Group Limited,Consumer Defensive,Grocery Stores,0.8,16.9,,4.3,,7.3,3,False,0.0,19.2,9.6,2,False
WTC.AX,WiseTech Global Limited,Technology,Software - Application,2.8,9.4,,13.8,,8.7,3,False,0.0,0.3,0.2,2,False
XRO.AX,Xero Limited,Technology,Software - Application,8.1,6.2,,9.3,,7.9,3,False,,0.6,0.6,1,True
XYX.AX,,,,,,,,,,0,True,,,,0,True
YAL.AX,Yancoal Australia Ltd,Energy,Thermal Coal,19.5,4.5,,6.2,,10.1,3,False,9.7,4.8,7.2,2,False
ZIM.AX,Zimplats Holdings Limited,Basic Materials,Other Precious Metals & Mining,18.5,13.4,,15.9,,15.9,3,False,20.0,1.8,10.9,2,False
ZIP.AX,Zip Co Limited,Financial Services,Credit Services,1.6,14.2,,4.2,,6.7,3,False,0.0,0.3,0.2,2,False
012450.KS,"Hanwha Aerospace Co., Ltd.",Industrials,Aerospace & Defense,7.7,15.4,,10.0,,11.0,3,False,,7.1,7.1,1,True
071970.KS,"HD-Hyundai Marine Engine Co., Ltd.",Industrials,Specialty Industrial Machinery,19.2,19.1,,19.7,,19.3,3,False,,0.7,0.7,1,True
010130.KS,"Korea Zinc Company, Ltd.",Basic Materials,Other Industrial Metals & Mining,5.6,10.7,,8.0,,8.1,3,False,,13.1,13.1,1,True
073240.KS,"Kumho Tire Co., Inc.",Consumer Cyclical,Auto Parts,9.2,15.6,,14.5,,13.1,3,False,,18.9,18.9,1,True
066570.KS,LG Electronics Inc.,Technology,Consumer Electronics,7.4,6.7,,5.0,,6.4,3,False,,18.4,18.4,1,True
003670.KS,"Posco Future M Co., Ltd.",Industrials,Electrical Equipment & Parts,6.9,2.7,,3.7,,4.4,3,False,,15.5,15.5,1,True
028050.KS,"Samsung E&A Co., Ltd.",Industrials,Engineering & Construction,19.1,13.0,,10.0,,14.0,3,False,,18.5,18.5,1,True
PNI.AX,Pinnacle Investment Management Group Limited,Financial Services,Asset Management,13.6,14.3,,19.4,,15.8,3,False,4.4,3.5,4.0,2,False
BAJAJ-AUTO.NS,Bajaj Auto Limited,Consumer Cyclical,Auto Manufacturers,11.4,,,17.5,,14.4,2,True,2.6,17.9,10.2,2,False
NESTLEIND.NS,Nestlé India Limited,Consumer Defensive,Packaged Foods,16.9,,,17.6,,17.2,2,True,0.0,17.0,8.5,2,False
TITAN.BO,Titan Company Limited,Consumer Cyclical,Luxury Goods,2.8,17.9,,10.9,,10.5,3,False,0.0,,0.0,1,True
2897.T,"Nissin Foods Holdings Co.,Ltd.",Consumer Defensive,Packaged Foods,13.1,8.7,,10.8,,10.9,3,False,9.1,12.0,10.6,2,False
3405.T,"Kuraray Co., Ltd.",Basic Materials,Chemicals,9.6,4.5,,4.9,,6.3,3,False,0.0,7.5,3.8,2,False
3436.T,Sumco Corporation,Technology,Semiconductor Equipment & Materials,5.7,3.1,,2.7,,3.8,3,False,,17.2,17.2,1,True
4204.T,"Sekisui Chemical Co., Ltd.",Industrials,Conglomerates,15.7,7.4,,8.3,,10.5,3,False,11.2,6.3,8.8,2,False
4587.T,PeptiDream Inc.,Healthcare,Biotechnology,10.3,10.9,,17.7,,13.0,3,False,,1.9,1.9,1,True
4755.T,"Rakuten Group, Inc.",Consumer Cyclical,Internet Retail,1.5,3.2,,2.0,,2.2,3,False,,4.5,4.5,1,True
5333.T,NGK Corporation,Industrials,Specialty Industrial Machinery,14.6,7.5,,13.4,,11.8,3,False,12.3,19.3,15.8,2,False
6460.T,Sega Sammy Holdings Inc.,Communication Services,Electronic Gaming & Multimedia,11.6,4.2,,4.5,,6.8,3,False,,9.9,9.9,1,True
6471.T,NSK Ltd.,Consumer Cyclical,Auto Parts,11.9,5.6,,7.2,,8.2,3,False,1.6,18.2,9.9,2,False
6506.T,YASKAWA Electric Corporation,Industrials,Electrical Equipment & Parts,15.2,6.0,,8.9,,10.0,3,False,6.6,17.0,11.8,2,False
6525.T,Kokusai Electric Corporation,Technology,Semiconductor Equipment & Materials,11.0,,,4.1,,7.6,2,True,2.3,16.9,9.6,2,False
6952.T,"Casio Computer Co.,Ltd.",Technology,Consumer Electronics,11.9,9.8,,10.9,,10.9,3,False,2.8,16.8,9.8,2,False
7731.T,Nikon Corporation,Consumer Cyclical,Leisure,13.7,1.2,,0.7,,5.2,3,False,,14.0,14.0,1,True
8331.T,"The Chiba Bank, Ltd.",Financial Services,Banks - Regional,,4.8,,10.8,,7.8,2,True,1.0,19.2,10.1,2,False
8593.T,Mitsubishi HC Capital Inc.,Financial Services,Credit Services,1.3,3.6,,3.3,,2.7,3,False,9.4,9.3,9.4,2,False
8595.T,"JAFCO Group Co., Ltd.",Financial Services,Asset Management,16.5,2.3,,11.8,,10.2,3,False,4.4,2.5,3.4,2,False
9502.T,"Chubu Electric Power Company, Incorporated",Utilities,Utilities - Diversified,14.6,4.1,,4.2,,7.6,3,False,18.5,18.8,18.6,2,False
9532.T,"Osaka Gas Co., Ltd.",Utilities,Utilities - Regulated Gas,18.1,6.7,,6.3,,10.4,3,False,12.5,18.3,15.4,2,False
1210.TW,"Great Wall Enterprise Co., Ltd.",Consumer Defensive,Packaged Foods,7.5,11.2,,7.6,,8.8,3,False,16.1,11.1,13.6,2,False
1439.TW,"Ascent Development Co., Ltd.",Real Estate,Real Estate - Development,15.7,13.7,,15.3,,14.9,3,False,11.4,8.6,10.0,2,False
1540.TW,"Roundtop Machinery Industries Co., Ltd.",Industrials,Specialty Industrial Machinery,,5.9,,18.9,,12.4,2,True,18.6,2.7,10.6,2,False
1558.TW,"Zeng Hsing Industrial Co., Ltd.",Consumer Cyclical,"Furnishings, Fixtures & Appliances",14.8,9.4,,11.3,,11.8,3,False,12.9,15.6,14.2,2,False
1597.TW,"Chieftek Precision Co., Ltd.",Industrials,Electrical Equipment & Parts,10.3,6.0,,15.3,,10.5,3,False,0.0,18.4,9.2,2,False
1710.TW,Oriental Union Chemical Corporation,Basic Materials,Chemicals,1.4,2.3,,2.2,,2.0,3,False,,11.1,11.1,1,True
2014.TW,Chung Hung Steel Corporation,Basic Materials,Steel,2.5,2.6,,2.1,,2.4,3,False,,5.8,5.8,1,True
2106.TW,Kenda Rubber Industrial Co. Ltd.,Consumer Cyclical,Auto Parts,7.1,4.0,,4.6,,5.2,3,False,0.0,6.4,3.2,2,False
2338.TW,Taiwan Mask Corporation,Technology,Semiconductor Equipment & Materials,1.6,1.4,,2.0,,1.7,3,False,,6.5,6.5,1,True
2355.TW,"Chin-Poon Industrial Co., Ltd.",Technology,Electronic Components,14.9,6.2,,8.2,,9.8,3,False,13.7,11.4,12.6,2,False
2390.TW,"Everspring Industry Co., Ltd.",Industrials,Security & Protection Services,17.8,2.0,,1.1,,7.0,3,False,,7.4,7.4,1,True
2401.TW,Sunplus Technology Company Limited,Technology,Semiconductors,12.6,5.9,,4.9,,7.8,3,False,0.0,8.5,4.2,2,False
2427.TW,Mercuries Data Systems Ltd.,Industrials,Business Equipment & Supplies,13.1,9.6,,8.7,,10.5,3,False,13.8,3.5,8.6,2,False
2431.TW,"Lien Chang Electronic Enterprise Co., Ltd",Technology,Electronic Components,18.6,1.4,,0.4,,6.8,3,False,,2.5,2.5,1,True
2444.TW,"AboCom Systems, Inc.",Technology,Communication Equipment,2.7,1.1,,1.2,,1.7,3,False,,5.9,5.9,1,True
2460.TW,"GEM Terminal Industry Co.,Ltd.",Technology,Electronic Components,1.6,1.6,,2.7,,2.0,3,False,,13.8,13.8,1,True
2498.TW,HTC Corporation,Technology,Consumer Electronics,12.2,9.0,,19.9,,13.7,3,False,14.9,1.6,8.2,2,False
2506.TW,"Pacific Construction Co., Ltd",Real Estate,Real Estate - Development,18.6,4.9,,7.3,,10.3,3,False,0.0,5.1,2.6,2,False
2630.TW,"Air Asia Co., Ltd.",Industrials,Aerospace & Defense,10.8,3.7,,4.6,,6.4,3,False,0.0,5.7,2.8,2,False
2634.TW,Aerospace Industrial Development Corporation,Industrials,Aerospace & Defense,5.0,9.3,,7.9,,7.4,3,False,13.6,12.1,12.8,2,False
2704.TW,"The Ambassador Hotel,Ltd.",Consumer Cyclical,Lodging,17.3,4.6,,19.7,,13.9,3,False,11.3,11.4,11.4,2,False
2762.TW,World Gym Corporation,Consumer Cyclical,Leisure,1.3,16.4,,11.2,,9.6,3,False,14.9,16.2,15.6,2,False
2901.TW,Shin Shin Co Ltd.,Consumer Cyclical,Department Stores,17.8,4.9,,18.8,,13.8,3,False,0.0,8.1,4.0,2,False
3059.TW,Altek Corporation,Technology,Scientific & Technical Instruments,11.2,7.2,,7.8,,8.7,3,False,9.8,2.5,6.2,2,False
3593.TW,"Logah Technology Co., Ltd.",Technology,Electronic Components,0.9,0.7,,2.0,,1.2,3,False,,5.4,5.4,1,True
4532.TW,"Rechi Precision Co., Ltd.",Industrials,Specialty Industrial Machinery,11.6,7.3,,6.7,,8.5,3,False,20.0,7.8,13.9,2,False
4569.TW,"Sixxon Tech. Co., Ltd.",Industrials,Metal Fabrication,16.3,8.8,,16.1,,13.7,3,False,9.9,10.3,10.1,2,False
4736.TW,TaiDoc Technology Corporation,Healthcare,Medical Devices,15.0,17.8,,19.7,,17.5,3,False,20.0,10.9,15.4,2,False
4770.TW,Allied Supreme Corp.,Basic Materials,Specialty Chemicals,18.8,10.9,,14.6,,14.8,3,False,13.7,0.6,7.2,2,False
4771.TW,Vizionfocus Inc.,Healthcare,Medical Instruments & Supplies,9.3,17.4,,17.8,,14.8,3,False,20.0,11.5,15.8,2,False
4961.TW,Fitipower Integrated Technology Inc.,Technology,Semiconductors,19.5,7.7,,9.3,,12.2,3,False,19.1,7.1,13.1,2,False
5484.TW,EverFocus Electronics Corporation,Industrials,Security & Protection Services,9.9,14.2,,14.7,,12.9,3,False,1.0,6.7,3.8,2,False
5531.TW,"Shining Building Business Co.,Ltd.",Industrials,Engineering & Construction,1.2,2.0,,12.8,,5.3,3,False,0.0,2.2,1.1,2,False
6177.TW,"Da-Li Development Co.,Ltd.",Real Estate,Real Estate - Development,3.1,19.6,,12.2,,11.6,3,False,19.3,9.0,14.2,2,False
6184.TW,Dafeng TV Ltd.,Communication Services,Entertainment,17.1,9.2,,16.4,,14.2,3,False,14.9,6.3,10.6,2,False
6414.TW,Ennoconn Corporation,Technology,Computer Hardware,5.4,12.5,,6.0,,8.0,3,False,10.9,12.3,11.6,2,False
6768.TW,"Sports Gear Co., Ltd.",Consumer Cyclical,Footwear & Accessories,14.5,7.6,,9.3,,10.5,3,False,13.8,2.1,8.0,2,False
6916.TW,"Winstar Display Co., Ltd.",Technology,Electronic Components,4.1,2.8,,3.3,,3.4,3,False,,7.3,7.3,1,True
6951.TW,"Chin Hsin Environ Engineering Co., Ltd.",Industrials,Waste Management,18.5,17.1,,19.2,,18.3,3,False,20.0,10.9,15.4,2,False
8476.TW,"Taiwan Environment Scientific Co., Ltd.",Industrials,Waste Management,4.7,3.3,,5.6,,4.5,3,False,0.0,7.9,4.0,2,False
912000.TW,SIM Technology Group Limited,Technology,Communication Equipment,17.2,3.5,,2.3,,7.7,3,False,,5.7,5.7,1,True
9902.TW,"Tidehold Development Co., Ltd.",Real Estate,Real Estate Services,19.8,7.3,,10.1,,12.4,3,False,4.9,4.0,4.4,2,False
1038.HK,CK Infrastructure Holdings Limited,Utilities,Utilities - Regulated Electric,18.8,17.3,,19.9,,18.7,3,False,20.0,17.8,18.9,2,False
0101.HK,Hang Lung Properties Limited,Real Estate,Real Estate Services,17.8,4.1,,9.3,,10.4,3,False,7.1,3.2,5.2,2,False
0285.HK,BYD Electronic (International) Company Limited,Technology,Electronic Components,10.5,7.5,,5.2,,7.7,3,False,14.1,1.5,7.8,2,False
2269.HK,WuXi Biologics (Cayman) Inc.,Healthcare,Biotechnology,16.0,13.3,,17.6,,15.6,3,False,1.6,10.9,6.2,2,False
093370.KS,"Foosung Co., Ltd.",Basic Materials,Specialty Chemicals,4.4,11.6,,10.1,,8.7,3,False,,19.2,19.2,1,True
011780.KS,"Kumho Petro Chemical Co.,Ltd",Basic Materials,Specialty Chemicals,15.2,9.1,,10.5,,11.6,3,False,,9.7,9.7,1,True
103140.KS,Poongsan Corporation,Industrials,Metal Fabrication,10.8,7.0,,5.9,,7.9,3,False,,0.9,0.9,1,True
AMC.AX,Amcor plc,Consumer Cyclical,Packaging & Containers,5.5,9.3,,8.7,,7.8,3,False,8.9,13.2,11.0,2,False
BSL.AX,BlueScope Steel Limited,Basic Materials,Steel,14.5,9.5,,8.3,,10.8,3,False,11.5,13.7,12.6,2,False
CNU.AX,Chorus Limited,Communication Services,Telecom Services,1.3,6.5,,6.6,,4.8,3,False,0.0,6.7,3.4,2,False
DRO.AX,DroneShield Limited,Industrials,Aerospace & Defense,18.2,1.0,,0.7,,6.6,3,False,,0.1,0.1,1,True
DYL.AX,Deep Yellow Limited,Energy,Uranium,19.6,3.2,,2.6,,8.5,3,False,0.0,0.7,0.4,2,False
OBM.AX,Ora Banda Mining Limited,Basic Materials,Gold,17.0,19.7,,16.5,,17.7,3,False,11.4,10.8,11.1,2,False
RGN.AX,Region Group,Real Estate,REIT - Retail,15.2,12.5,,17.7,,15.1,3,False,20.0,7.7,13.8,2,False
RRL.AX,Regis Resources Limited,Basic Materials,Gold,17.3,19.1,,17.2,,17.9,3,False,17.8,13.0,15.4,2,False
SGP.AX,Stockland,Real Estate,REIT - Diversified,16.4,12.9,,12.4,,13.9,3,False,10.0,1.8,5.9,2,False
WAF.AX,West African Resources Limited,Basic Materials,Gold,12.4,18.9,,17.3,,16.2,3,False,17.4,9.7,13.6,2,False
INDIGO.NS,InterGlobe Aviation Limited,Industrials,Airlines,0.2,,,5.9,,3.1,2,True,,5.2,5.2,1,True
INFY.NS,Infosys Limited,Technology,Information Technology Services,14.5,17.4,,15.3,,15.7,3,False,14.1,3.6,8.8,2,False
TITAN.NS,Titan Company Limited,Consumer Cyclical,Luxury Goods,3.3,,,11.1,,7.2,2,True,0.0,18.6,9.3,2,False
ULTRACEMCO.NS,UltraTech Cement Limited,Basic Materials,Building Materials,11.7,,,11.7,,11.7,2,True,0.0,3.6,1.8,2,False
1332.T,Nissui Corporation,Consumer Defensive,Packaged Foods,6.6,9.1,,6.8,,7.5,3,False,14.5,15.3,14.9,2,False
1605.T,Inpex Corporation,Energy,Oil & Gas E&P,15.7,7.7,,15.2,,12.9,3,False,16.2,12.0,14.1,2,False
2593.T,"Ito En, Ltd.",Consumer Defensive,Beverages - Non-Alcoholic,12.3,2.9,,3.1,,6.1,3,False,0.0,5.0,2.5,2,False
2914.T,Japan Tobacco Inc.,Consumer Defensive,Tobacco,13.0,12.4,,17.8,,14.4,3,False,5.0,19.0,12.0,2,False
3099.T,Isetan Mitsukoshi Holdings Ltd.,Consumer Cyclical,Department Stores,17.3,,,16.9,,17.1,2,True,9.9,17.0,13.4,2,False
3697.T,SHIFT Inc.,Technology,Software - Application,3.7,13.8,,7.9,,8.5,3,False,12.6,2.8,7.7,2,False
4206.T,"Aica Kogyo Company, Limited",Industrials,Conglomerates,15.8,8.6,,10.3,,11.6,3,False,10.3,10.6,10.4,2,False
6178.T,"Japan Post Holdings Co., Ltd.",Financial Services,Banks - Regional,,2.5,,2.5,,2.5,2,True,0.7,18.6,9.6,2,False
6305.T,"Hitachi Construction Machinery Co., Ltd.",Industrials,Farm & Heavy Construction Machinery,9.8,9.2,,9.3,,9.4,3,False,14.8,12.5,13.6,2,False
6448.T,"Brother Industries, Ltd.",Industrials,Business Equipment & Supplies,19.8,10.6,,14.1,,14.8,3,False,4.2,19.1,11.6,2,False
6841.T,Yokogawa Electric Corporation,Industrials,Specialty Industrial Machinery,18.3,,,2.4,,10.4,2,True,15.3,12.2,13.8,2,False
7276.T,"Koito Manufacturing Co., Ltd.",Consumer Cyclical,Auto Parts,19.7,5.0,,2.9,,9.2,3,False,0.0,15.8,7.9,2,False
9101.T,Nippon Yusen Kabushiki Kaisha,Industrials,Marine Shipping,12.0,6.2,,12.3,,10.2,3,False,7.6,15.8,11.7,2,False
9861.T,"Yoshinoya Holdings Co., Ltd.",Consumer Cyclical,Restaurants,12.4,8.7,,6.1,,9.1,3,False,0.0,16.8,8.4,2,False
1235.TW,"Shin Tai Industry Co., Ltd.",Consumer Defensive,Farm Products,9.9,1.4,,0.4,,3.9,3,False,,1.4,1.4,1,True
1307.TW,"San Fang Chemical Industry Co., Ltd.",Consumer Cyclical,Textile Manufacturing,12.5,,,15.8,,14.2,2,True,17.6,12.4,15.0,2,False
1308.TW,Asia Polymer Corporation,Basic Materials,Specialty Chemicals,16.9,2.3,,0.8,,6.7,3,False,,9.9,9.9,1,True
1338.TW,Hiroca Holdings Ltd.,Consumer Cyclical,Auto Parts,10.1,2.4,,1.9,,4.8,3,False,,2.0,2.0,1,True
2029.TW,"Sheng Yu Steel Co., Ltd.",Basic Materials,Steel,18.5,6.5,,6.7,,10.6,3,False,10.7,4.7,7.7,2,False
2109.TW,"Hwa Fong Rubber Industrial Co., Ltd.",Consumer Cyclical,Auto Parts,11.9,9.5,,13.7,,11.7,3,False,17.2,9.4,13.3,2,False
2359.TW,Solomon Technology Corporation,Technology,Electronic Components,13.1,14.7,,17.9,,15.2,3,False,14.9,7.5,11.2,2,False
2392.TW,"Cheng Uei Precision Industry Co., Ltd.",Technology,Electronic Components,1.1,1.3,,7.5,,3.3,3,False,20.0,6.7,13.4,2,False
2408.TW,Nanya Technology Corporation,Technology,Semiconductors,15.1,18.1,,19.6,,17.6,3,False,20.0,19.8,19.9,2,False
2442.TW,"Jean Co.,Ltd",Real Estate,Real Estate - Development,4.4,19.7,,8.2,,10.8,3,False,20.0,1.7,10.8,2,False
2489.TW,"AmTRAN Technology Co.,Ltd",Technology,Consumer Electronics,15.9,7.4,,6.8,,10.0,3,False,1.6,18.6,10.1,2,False
2536.TW,"Hong Pu Real Estate Development Co., Ltd.",Real Estate,Real Estate - Development,6.1,13.8,,8.0,,9.3,3,False,20.0,2.8,11.4,2,False
2906.TW,"Collins Co., Ltd.",Consumer Cyclical,Specialty Retail,9.7,6.4,,5.5,,7.2,3,False,9.2,10.2,9.7,2,False
3041.TW,ALi Corporation,Technology,Semiconductor Equipment & Materials,3.6,0.9,,0.9,,1.8,3,False,,3.4,3.4,1,True
3051.TW,Optimax Technology Corporation,Technology,Electronic Components,7.7,10.6,,14.8,,11.0,3,False,20.0,7.8,13.9,2,False
3164.TW,GenMont Biotech Incorporation,Healthcare,Biotechnology,14.8,9.4,,16.8,,13.7,3,False,15.0,4.2,9.6,2,False
3645.TW,Taimide Tech. Inc.,Technology,Electronic Components,8.7,9.7,,14.5,,11.0,3,False,10.5,8.7,9.6,2,False
4178.TW,"StemCyte International, Ltd.",Healthcare,Biotechnology,13.7,6.5,,1.3,,7.2,3,False,,1.9,1.9,1,True
4545.TW,"Min Aik Precision Industrial Co., Ltd.",Industrials,Metal Fabrication,13.3,3.7,,4.9,,7.3,3,False,0.0,4.3,2.2,2,False
6164.TW,Ledtech Electronics Corp.,Industrials,Electrical Equipment & Parts,15.3,3.1,,5.0,,7.8,3,False,0.0,12.4,6.2,2,False
6472.TW,"Bora Pharmaceuticals Co., Ltd.",Healthcare,Drug Manufacturers - Specialty & Generic,2.6,13.9,,12.8,,9.8,3,False,0.0,1.4,0.7,2,False
6706.TW,"Fittech Co., Ltd.",Industrials,Specialty Industrial Machinery,8.8,1.4,,0.3,,3.5,3,False,,15.1,15.1,1,True
6908.TW,Acer Gaming Inc.,Communication Services,Electronic Gaming & Multimedia,13.2,4.1,,5.4,,7.6,3,False,9.9,1.0,5.4,2,False
6909.TW,Tricorntech Corporation,Industrials,Specialty Industrial Machinery,18.8,,,17.4,,18.1,2,True,9.5,5.3,7.4,2,False
6949.TW,"Pell Bio-Med Technology Co., Ltd.",Healthcare,Biotechnology,15.1,5.5,,6.8,,9.1,3,False,,19.3,19.3,1,True
6958.TW,"Infinite Finance Co., Ltd.",Financial Services,Credit Services,2.4,0.9,,0.6,,1.3,3,False,,4.1,4.1,1,True
6969.TW,"Transcene Co., Ltd",Industrials,Conglomerates,4.3,2.5,,3.3,,3.4,3,False,0.0,4.7,2.4,2,False
8028.TW,Phoenix Silicon International Corporation,Technology,Semiconductor Equipment & Materials,3.1,13.1,,15.5,,10.6,3,False,11.7,12.0,11.8,2,False
8070.TW,Chang Wah Electromaterials Inc.,Technology,Electronics & Computer Distribution,8.2,8.7,,8.7,,8.5,3,False,0.0,11.8,5.9,2,False
8422.TW,Cleanaway Company Limited,Industrials,Waste Management,6.1,11.0,,18.8,,12.0,3,False,10.2,15.3,12.8,2,False
9929.TW,"Choice Development, Inc.",Industrials,Specialty Business Services,7.5,5.1,,10.6,,7.7,3,False,10.2,3.9,7.0,2,False
1109.HK,China Resources Land Limited,Real Estate,Real Estate - Development,12.0,10.5,,7.0,,9.8,3,False,14.3,8.8,11.6,2,False
TRENT.BO,Trent Limited,Consumer Cyclical,Apparel Retail,13.6,16.9,,13.7,,14.7,3,False,0.0,,0.0,1,True
BIM.PA,bioMérieux S.A.,Healthcare,Diagnostics & Research,14.4,13.1,,14.9,,14.1,3,False,17.7,1.5,9.6,2,False
INW.MI,Infrastrutture Wireless Italiane S.p.A.,Real Estate,Real Estate Services,3.5,13.4,,13.7,,10.2,3,False,12.2,1.0,6.6,2,False
MOWI.OL,Mowi ASA,Consumer Defensive,Farm Products,7.4,13.8,,15.2,,12.1,3,False,16.6,9.4,13.0,2,False
ABF.L,Associated British Foods plc,Consumer Defensive,Packaged Foods,17.0,8.1,,9.7,,11.6,3,False,13.2,8.9,11.0,2,False
AZN.L,AstraZeneca PLC,Healthcare,Drug Manufacturers - General,7.0,17.0,,16.4,,13.5,3,False,9.2,8.4,8.8,2,False
SN.L,Smith & Nephew plc,Healthcare,Medical Devices,5.6,13.8,,14.1,,11.2,3,False,15.2,2.9,9.0,2,False
ICGT.L,ICG Enterprise Trust PLC,,,,,,,,,0,True,,,,0,True
INCH.L,Inchcape plc,Consumer Cyclical,Auto & Truck Dealerships,2.2,14.5,,6.0,,7.6,3,False,14.8,16.0,15.4,2,False
ITV.L,ITV plc,Communication Services,Broadcasting,10.3,11.6,,9.4,,10.4,3,False,20.0,6.6,13.3,2,False
MEGP.L,ME Group International plc,Industrials,Business Equipment & Supplies,14.7,17.4,,17.6,,16.6,3,False,19.1,1.2,10.2,2,False
MOON.L,Moonpig Group PLC,Consumer Cyclical,Specialty Retail,,,,16.8,,16.8,1,True,10.1,17.0,13.6,2,False
MGNS.L,Morgan Sindall Group plc,Industrials,Engineering & Construction,16.2,17.0,,5.7,,13.0,3,False,18.0,6.7,12.4,2,False
SPI.L,Spire Healthcare Group plc,Healthcare,Medical Care Facilities,1.7,8.8,,9.1,,6.5,3,False,0.0,5.8,2.9,2,False
ADS.DE,adidas AG,Consumer Cyclical,Footwear & Accessories,7.6,16.0,,9.7,,11.1,3,False,6.7,5.8,6.2,2,False
HNR1.DE,Hannover Rück SE,Financial Services,Insurance - Reinsurance,12.7,16.8,,5.4,,11.6,3,False,7.5,6.0,6.8,2,False
JUN3.DE,Jungheinrich Aktiengesellschaft,Industrials,Specialty Industrial Machinery,10.2,2.8,,2.9,,5.3,3,False,0.0,4.5,2.2,2,False
ABBN.SW,ABB Ltd,Industrials,Electrical Equipment & Parts,10.3,18.1,,15.9,,14.8,3,False,5.3,15.5,10.4,2,False
LISN.SW,Chocoladefabriken Lindt & Sprüngli AG,Consumer Defensive,Confectioners,12.1,14.1,,16.4,,14.2,3,False,6.8,1.7,4.2,2,False
0001.HK,CK Hutchison Holdings Limited,Industrials,Conglomerates,11.8,5.8,,15.7,,11.1,3,False,20.0,15.7,17.8,2,False
0027.HK,Galaxy Entertainment Group Limited,Consumer Cyclical,Resorts & Casinos,18.8,11.5,,18.4,,16.2,3,False,15.9,5.1,10.5,2,False
0300.HK,"Midea Group Co., Ltd.",Consumer Cyclical,"Furnishings, Fixtures & Appliances",13.7,14.6,,14.2,,14.2,3,False,11.4,17.1,14.2,2,False
2331.HK,Li Ning Company Limited,Consumer Cyclical,Leisure,18.1,10.0,,14.6,,14.2,3,False,20.0,4.0,12.0,2,False
ANA.MC,"Acciona, S.A.",Industrials,Engineering & Construction,1.4,8.8,,3.9,,4.7,3,False,0.0,13.0,6.5,2,False
PUIG.MC,"Puig Brands, S.A.",Consumer Defensive,Household & Personal Products,11.8,13.9,,15.9,,13.9,3,False,13.8,17.9,15.8,2,False
BOL.ST,Boliden AB (publ),Basic Materials,Other Industrial Metals & Mining,11.9,14.4,,13.1,,13.1,3,False,15.9,14.8,15.4,2,False
NIBE-B.ST,NIBE Industrier AB (publ),Industrials,Building Products & Equipment,8.3,6.8,,9.4,,8.2,3,False,6.8,11.4,9.1,2,False
BEL.BO,Bharat Electronics Limited,Industrials,Aerospace & Defense,19.8,,,18.6,,19.2,2,True,4.0,,4.0,1,True
INDIGO.BO,InterGlobe Aviation Limited,Industrials,Airlines,0.2,,,5.9,,3.1,2,True,,4.9,4.9,1,True
LT.BO,Larsen & Toubro Limited,Industrials,Engineering & Construction,4.7,,,8.5,,6.6,2,True,0.0,,0.0,1,True
POWERGRID.BO,Power Grid Corporation of India Limited,Utilities,Utilities - Regulated Electric,8.7,,,19.4,,14.0,2,True,16.1,5.0,10.6,2,False
ASRNL.AS,ASR Nederland N.V.,Financial Services,Insurance - Diversified,3.1,9.7,,3.4,,5.4,3,False,9.7,13.7,11.7,2,False
ERF.PA,Eurofins Scientific SE,Healthcare,Diagnostics & Research,3.7,13.1,,12.5,,9.8,3,False,13.6,10.8,12.2,2,False
HEIA.AS,Heineken N.V.,Consumer Defensive,Beverages - Brewers,6.7,10.7,,12.5,,10.0,3,False,10.0,12.6,11.3,2,False
NHY.OL,Norsk Hydro ASA,Basic Materials,Aluminum,10.9,10.3,,8.2,,9.8,3,False,0.0,13.3,6.6,2,False
BARC.L,Barclays PLC,Financial Services,Banks - Diversified,,7.0,,11.0,,9.0,2,True,16.6,13.3,15.0,2,False
PSN.L,Persimmon Plc,Consumer Cyclical,Residential Construction,18.0,8.7,,12.6,,13.1,3,False,11.1,10.6,10.8,2,False
SBRY.L,J Sainsbury plc,Consumer Defensive,Grocery Stores,5.7,6.3,,3.6,,5.2,3,False,9.9,8.7,9.3,2,False
COA.L,Coats Group plc,Consumer Cyclical,Textile Manufacturing,4.8,15.5,,11.5,,10.6,3,False,3.5,9.5,6.5,2,False
ENOG.L,Energean plc,Energy,Oil & Gas E&P,0.0,0.1,,1.3,,0.5,3,False,,0.9,0.9,1,True
SOI.L,Schroder Oriental Income Fund Limited,,,,,,,,,0,True,,,,0,True
FAN.L,Volution Group plc,Industrials,Building Products & Equipment,5.7,15.0,,14.0,,11.6,3,False,12.5,8.8,10.6,2,False
NDA.DE,Aurubis AG,Industrials,Metal Fabrication,16.9,14.6,,6.7,,12.7,3,False,20.0,18.0,19.0,2,False
SAX.DE,Ströer SE & Co. KGaA,Communication Services,Advertising Agencies,1.0,18.0,,8.3,,9.1,3,False,16.4,13.0,14.7,2,False
LOGN.SW,Logitech International S.A.,Technology,Computer Hardware,16.6,18.0,,15.2,,16.6,3,False,10.0,5.5,7.8,2,False
MRL.MC,"MERLIN Properties SOCIMI, S.A.",Real Estate,REIT - Office,15.4,13.6,,19.8,,16.3,3,False,20.0,11.3,15.6,2,False
APOLLOHOSP.NS,Apollo Hospitals Enterprise Limited,Healthcare,Medical Care Facilities,4.6,,,12.7,,8.6,2,True,0.0,11.1,5.6,2,False
BHARTIARTL.BO,Bharti Airtel Limited,Communication Services,Telecom Services,6.0,14.9,,14.6,,11.8,3,False,0.0,9.0,4.5,2,False
TECHM.BO,Tech Mahindra Limited,Technology,Information Technology Services,15.1,,,10.9,,13.0,2,True,0.0,,0.0,1,True
A5G.IR,AIB Group plc,Financial Services,Banks - Regional,,12.7,,17.7,,15.2,2,True,13.0,17.2,15.1,2,False
DSFIR.AS,DSM-Firmenich AG,Basic Materials,Specialty Chemicals,10.2,4.9,,0.9,,5.3,3,False,0.0,12.2,6.1,2,False
ENI.MI,Eni S.p.A.,Energy,Oil & Gas Integrated,8.1,9.1,,7.4,,8.2,3,False,10.1,13.9,12.0,2,False
KOG.OL,Kongsberg Gruppen ASA,Industrials,Aerospace & Defense,15.3,18.2,,18.3,,17.3,3,False,3.3,7.5,5.4,2,False
UCB.BR,UCB SA,Healthcare,Biotechnology,10.6,16.7,,18.4,,15.2,3,False,15.4,5.3,10.4,2,False
AUTO.L,Autotrader Group plc,Communication Services,Internet Content & Information,10.5,19.4,,19.1,,16.3,3,False,13.3,2.7,8.0,2,False
BTRW.L,Barratt Redrow plc,Consumer Cyclical,Residential Construction,18.7,4.2,,7.4,,10.1,3,False,0.0,4.6,2.3,2,False
BRBY.L,Burberry Group plc,Consumer Cyclical,Luxury Goods,4.1,3.8,,3.9,,3.9,3,False,0.0,8.3,4.2,2,False
HLN.L,Haleon plc,Healthcare,Drug Manufacturers - Specialty & Generic,8.3,12.2,,15.8,,12.1,3,False,10.0,9.1,9.6,2,False
BGEO.L,Lion Finance Group PLC,Financial Services,Banks - Regional,,18.1,,17.9,,18.0,2,True,16.8,18.9,17.8,2,False
AAS.L,Aberdeen Asia Focus PLC,,,,,,,,,0,True,,,,0,True
FEV.L,Fidelity European Trust PLC,,,,,,,,,0,True,,,,0,True
GBG.L,GB Group plc,Technology,Software - Application,10.7,1.9,,1.0,,4.5,3,False,,2.0,2.0,1,True
JEDT.L,JPMorgan European Discovery Trust plc,,,,,,,,,0,True,,,,0,True
RS1.L,RS Group plc,Industrials,Industrial Distribution,13.2,9.9,,8.4,,10.5,3,False,11.4,14.3,12.8,2,False
SAFE.L,Safestore Holdings Plc,Real Estate,REIT - Industrial,16.3,5.8,,12.4,,11.5,3,False,13.4,4.6,9.0,2,False
SDZ.SW,Sandoz Group AG,Healthcare,Drug Manufacturers - Specialty & Generic,6.1,10.5,,11.4,,9.3,3,False,0.0,14.3,7.2,2,False
SHB-A.ST,Svenska Handelsbanken AB (publ),Financial Services,Banks - Diversified,,10.4,,16.7,,13.6,2,True,13.7,15.1,14.4,2,False
INGA.AS,ING Groep N.V.,Financial Services,Banks - Diversified,,14.4,,14.2,,14.3,2,True,12.1,16.4,14.2,2,False
MB.MI,Mediobanca Banca di Credito Finanziario S.p.A.,Financial Services,Banks - Regional,,,,15.9,,15.9,1,True,1.7,18.7,10.2,2,False
KGF.L,Kingfisher plc,Consumer Cyclical,Home Improvement Retail,13.5,5.1,,5.5,,8.0,3,False,9.7,10.8,10.2,2,False
PSON.L,Pearson plc,Communication Services,Publishing,10.1,9.5,,11.2,,10.3,3,False,9.7,14.9,12.3,2,False
GRI.L,Grainger plc,Real Estate,Real Estate Services,11.4,9.5,,16.5,,12.5,3,False,20.0,4.7,12.4,2,False
HFG.L,Hilton Food Group plc,Consumer Defensive,Packaged Foods,4.3,11.9,,4.9,,7.0,3,False,14.4,7.2,10.8,2,False
JTC.L,JTC PLC,Financial Services,Asset Management,6.1,1.2,,1.7,,3.0,3,False,0.0,,0.0,1,True
PPET.L,Patria Private Equity Trust plc,,,,,,,,,0,True,,,,0,True
G1A.DE,GEA Group Aktiengesellschaft,Industrials,Specialty Industrial Machinery,17.2,14.7,,10.9,,14.3,3,False,12.5,9.4,11.0,2,False
SIE.DE,Siemens Aktiengesellschaft,Industrials,Specialty Industrial Machinery,8.9,10.7,,12.9,,10.8,3,False,10.8,13.4,12.1,2,False
VOW3.DE,Volkswagen AG,Consumer Cyclical,Auto Manufacturers,5.0,4.2,,5.3,,4.8,3,False,20.0,7.1,13.6,2,False
EVD.DE,CTS Eventim AG & Co. KGaA,Communication Services,Entertainment,17.0,17.0,,11.7,,15.2,3,False,16.4,3.4,9.9,2,False
ASSA-B.ST,ASSA ABLOY AB (publ),Industrials,Security & Protection Services,9.2,12.8,,13.7,,11.9,3,False,6.5,10.0,8.2,2,False
EQT.ST,EQT AB (publ),Financial Services,Asset Management,11.7,11.7,,14.5,,12.6,3,False,0.0,5.5,2.8,2,False
AKZA.AS,Akzo Nobel N.V.,Basic Materials,Specialty Chemicals,1.5,13.4,,10.1,,8.3,3,False,17.3,5.6,11.4,2,False
CS.PA,AXA SA,Financial Services,Insurance - Diversified,5.4,12.5,,4.7,,7.5,3,False,13.2,8.1,10.6,2,False
ENGI.PA,Engie SA,Utilities,Utilities - Diversified,9.7,14.4,,5.5,,9.9,3,False,13.2,19.0,16.1,2,False
DGE.L,Diageo plc,Consumer Defensive,Beverages - Wineries & Distilleries,2.6,12.9,,13.9,,9.8,3,False,10.0,7.5,8.8,2,False
HLMA.L,Halma plc,Industrials,Conglomerates,12.1,14.6,,16.0,,14.2,3,False,0.0,8.4,4.2,2,False
INVP.L,Investec Group,Financial Services,Capital Markets,,9.8,,14.0,,11.9,2,True,19.8,10.3,15.0,2,False
PCT.L,Polar Capital Technology Ord,,,,,,,,,0,True,,,,0,True
RKT.L,Reckitt Benckiser Group plc,Consumer Defensive,Household & Personal Products,2.3,19.2,,19.1,,13.5,3,False,19.2,4.1,11.6,2,False
SHEL.L,Shell plc,Energy,Oil & Gas Integrated,12.1,11.9,,9.9,,11.3,3,False,13.4,6.8,10.1,2,False
ALFA.L,Alfa Financial Software Holdings PLC,Technology,Software - Application,11.9,19.1,,17.5,,16.2,3,False,19.4,2.0,10.7,2,False
BRSC.L,BlackRock Smaller Companies Ord,,,,,,,,,0,True,,,,0,True
CTY.L,City of London Ord,,,,,,,,,0,True,,,,0,True
KLR.L,Keller Group plc,Industrials,Engineering & Construction,11.2,16.8,,7.1,,11.7,3,False,15.0,19.0,17.0,2,False
RPI.L,Raspberry Pi Holdings plc,Technology,Electronic Components,16.5,9.3,,9.7,,11.8,3,False,0.0,12.7,6.4,2,False
ROSE.L,Rosebank Industries plc,Financial Services,Asset Management,11.0,0.8,,0.5,,4.1,3,False,,3.2,3.2,1,True
SYNC.L,Syncona Limited,Financial Services,Asset Management,16.7,1.0,,0.3,,6.0,3,False,,9.3,9.3,1,True
TBCG.L,TBC Bank Group PLC,Financial Services,Banks - Regional,,17.2,,17.5,,17.4,2,True,19.8,7.7,13.8,2,False
TRST.L,Trustpilot Group plc,Technology,Software - Application,,18.6,,6.6,,12.6,2,True,0.0,11.4,5.7,2,False
ZIG.L,Zigup Plc,Industrials,Rental & Leasing Services,6.4,5.7,,6.2,,6.1,3,False,15.7,14.7,15.2,2,False
NDX1.DE,Nordex SE,Industrials,Specialty Industrial Machinery,13.6,18.0,,7.4,,13.0,3,False,14.3,18.3,16.3,2,False
NESN.SW,Nestlé S.A.,Consumer Defensive,Packaged Foods,1.8,17.6,,13.2,,10.9,3,False,0.5,13.2,6.8,2,False
ACS.MC,"ACS, Actividades de Construcción y Servicios, S.A.",Industrials,Engineering & Construction,1.2,16.5,,4.2,,7.3,3,False,1.4,17.0,9.2,2,False
IBE.MC,"Iberdrola, S.A.",Utilities,Utilities - Diversified,14.2,11.6,,15.3,,13.7,3,False,1.1,17.5,9.3,2,False
SAB.MC,"Banco de Sabadell, S.A.",Financial Services,Banks - Diversified,,4.6,,16.5,,10.6,2,True,5.9,13.5,9.7,2,False
SCYR.MC,"Sacyr, S.A.",Industrials,Engineering & Construction,0.7,10.1,,4.8,,5.2,3,False,2.7,12.5,7.6,2,False
EVO.ST,Evolution AB (publ),Consumer Cyclical,Gambling,19.0,16.4,,19.6,,18.3,3,False,15.5,12.4,14.0,2,False
DIE.BR,D'Ieteren Group SA,Consumer Cyclical,Auto & Truck Dealerships,0.0,,,9.6,,4.8,2,True,5.0,14.2,9.6,2,False
GALP.LS,"Galp Energia, SGPS, S.A.",Energy,Oil & Gas Integrated,6.3,16.7,,6.5,,9.8,3,False,8.1,8.8,8.4,2,False
SHEEL.AS,,,,,,,,,,0,True,,,,0,True
SRG.MI,Snam S.p.A.,Utilities,Utilities - Regulated Gas,2.6,14.7,,18.5,,11.9,3,False,10.2,15.4,12.8,2,False
TEN.MI,Tenaris S.A.,Energy,Oil & Gas Equipment & Services,19.2,9.7,,13.4,,14.1,3,False,18.8,14.2,16.5,2,False
AAF.L,Airtel Africa Plc,Communication Services,Telecom Services,2.7,16.6,,12.7,,10.7,3,False,1.4,17.5,9.4,2,False
ANTO.L,Antofagasta plc,Basic Materials,Copper,7.7,15.0,,14.9,,12.5,3,False,0.0,14.0,7.0,2,False
BLND.L,British Land Company PLC,Real Estate,REIT - Diversified,15.8,11.0,,17.8,,14.9,3,False,13.1,16.4,14.8,2,False
LSEG.L,London Stock Exchange Group plc,Financial Services,Financial Data & Stock Exchanges,7.8,4.1,,6.2,,6.0,3,False,2.5,6.1,4.3,2,False
ATYM.L,"Atalaya Mining Copper, S.A.",Basic Materials,Copper,17.5,14.1,,16.1,,15.9,3,False,10.7,17.2,14.0,2,False
BBY.L,Balfour Beatty plc,Industrials,Engineering & Construction,6.3,16.3,,4.7,,9.1,3,False,11.9,14.9,13.4,2,False
CWK.L,Cranswick plc,Consumer Defensive,Packaged Foods,14.3,13.2,,10.0,,12.5,3,False,10.2,11.8,11.0,2,False
CURY.L,Currys plc,Consumer Cyclical,Specialty Retail,13.2,7.6,,5.2,,8.7,3,False,17.4,12.7,15.0,2,False
HAS.L,Hays plc,Industrials,Staffing & Employment Services,9.6,0.9,,2.0,,4.2,3,False,,14.9,14.9,1,True
JFJ.L,JPMorgan Japanese Ord,Financial Services,Asset Management,17.5,16.7,,19.3,,17.8,3,False,20.0,10.3,15.2,2,False
PINT.L,Pantheon Infrastructure Ord,Financial Services,Asset Management,,11.3,,1.3,,6.3,2,True,20.0,5.4,12.7,2,False
VNA.DE,Vonovia SE,Real Estate,Real Estate Services,5.8,16.9,,17.1,,13.3,3,False,20.0,2.0,11.0,2,False
DHER.DE,Delivery Hero SE,Consumer Cyclical,Internet Retail,1.3,0.4,,1.5,,1.1,3,False,,18.4,18.4,1,True
BAER.SW,Julius Bär Gruppe AG,Financial Services,Asset Management,,13.5,,10.4,,12.0,2,True,11.3,16.2,13.8,2,False
TEP.PA,Teleperformance SE,Industrials,Specialty Business Services,4.2,9.5,,7.0,,6.9,3,False,20.0,11.6,15.8,2,False
EO.PA,,,,,,,,,,0,True,,,,0,True
LOG.MC,"Logista Integral, S.A.",Industrials,Integrated Freight & Logistics,17.2,19.0,,4.2,,13.5,3,False,12.6,14.2,13.4,2,False
ADDT-B.ST,Addtech AB (publ.),Industrials,Industrial Distribution,8.1,17.1,,12.8,,12.7,3,False,0.0,10.2,5.1,2,False
3IN.L,3i Infrastructure plc,Financial Services,Asset Management,8.8,4.5,,18.2,,10.5,3,False,13.2,7.1,10.1,2,False
8TRA.DE,Traton SE,Industrials,Farm & Heavy Construction Machinery,3.0,8.0,7.2,5.8,14.0,7.6,5,False,20.0,15.7,17.8,2,False
A,"Agilent Technologies, Inc.",Healthcare,Diagnostics & Research,7.4,16.8,9.4,17.1,12.1,12.6,5,False,11.0,11.0,11.0,2,False
AA,Alcoa Corporation,Basic Materials,Aluminum,8.1,15.0,13.9,11.0,3.2,10.2,5,False,10.0,15.1,12.6,2,False
AAL,American Airlines Group Inc.,Industrials,Airlines,0.5,,8.4,2.4,,3.8,3,False,,11.9,11.9,1,True
AAL.L,Anglo American plc,Basic Materials,Other Industrial Metals & Mining,8.6,3.4,,6.7,,6.2,3,False,,15.2,15.2,1,True
AAMI,Acadian Asset Management Inc.,Financial Services,Asset Management,6.6,19.9,,5.6,3.5,8.9,4,False,0.0,19.5,9.8,2,False
AAOI,"Applied Optoelectronics, Inc.",Technology,Communication Equipment,12.8,2.8,6.2,2.4,,6.0,4,False,,19.4,19.4,1,True
AAON,"AAON, Inc.",Industrials,Building Products & Equipment,14.2,13.9,7.4,10.4,6.7,10.5,5,False,3.0,2.6,2.8,2,False
AAP,"Advance Auto Parts, Inc.",Consumer Cyclical,Auto Parts,7.0,5.6,2.6,4.8,11.2,6.2,5,False,1.6,2.4,2.0,2,False
AAPG,Ascentage Pharma Group Internat,Healthcare,Biotechnology,2.8,0.5,,1.3,,1.5,3,False,,0.3,0.3,1,True
AAPL,Apple Inc.,Technology,Consumer Electronics,4.3,19.9,8.6,17.9,11.5,12.4,5,False,0.0,11.0,5.5,2,False
AAT,"American Assets Trust, Inc.",Real Estate,REIT - Diversified,6.6,4.9,8.3,7.4,14.6,8.4,5,False,0.0,15.1,7.6,2,False
AAUC.TO,Allied Gold Corporation,Basic Materials,Gold,5.7,3.6,,8.6,,6.0,3,False,,11.5,11.5,1,True
AAV.TO,Advantage Energy Ltd.,Energy,Oil & Gas E&P,4.9,5.4,2.6,12.6,6.4,6.4,5,False,0.0,1.7,0.8,2,False
ABB.ST,ABB Ltd,Industrials,Electrical Equipment & Parts,7.9,18.1,,14.8,,13.6,3,False,5.3,15.2,10.2,2,False
ABBV,AbbVie Inc.,Healthcare,Drug Manufacturers - General,0.5,,9.9,16.4,13.6,10.1,4,False,0.0,9.6,4.8,2,False
ABCL,AbCellera Biologics Inc.,Healthcare,Biotechnology,15.0,5.9,10.3,0.6,,8.0,4,False,,17.8,17.8,1,True
ABDN.L,Aberdeen Group Plc,Financial Services,Asset Management,18.3,3.9,,7.7,,10.0,3,False,13.7,12.4,13.0,2,False
ABEV3.SA,Ambev S.A.,Consumer Defensive,Beverages - Brewers,14.1,15.6,15.8,18.2,14.0,15.5,5,False,13.1,17.1,15.1,2,False
ABG,"Asbury Automotive Group, Inc.",Consumer Cyclical,Auto & Truck Dealerships,2.8,11.6,9.2,5.8,11.9,8.3,5,False,20.0,6.1,13.0,2,False
ABM,ABM Industries Incorporated,Industrials,Specialty Business Services,8.6,7.2,10.7,3.6,17.4,9.5,5,False,14.7,8.0,11.4,2,False
ABNB,"Airbnb, Inc.",Consumer Cyclical,Travel Services,11.8,17.7,13.0,17.9,5.8,13.2,5,False,0.0,18.5,9.2,2,False
ABRA.TO,AbraSilver Resource Corp.,Basic Materials,Other Precious Metals & Mining,17.1,0.2,8.8,3.2,,7.3,4,False,,18.6,18.6,1,True
ABSI,Absci Corporation,Healthcare,Biotechnology,17.2,2.4,9.4,3.6,,8.2,4,False,,18.8,18.8,1,True
ABT,Abbott Laboratories,Healthcare,Medical Devices,4.8,12.7,9.9,14.8,13.1,11.1,5,False,3.1,3.9,3.5,2,False
ABX.TO,Barrick Mining Corporation,Basic Materials,Gold,14.8,17.6,,17.4,,16.6,3,False,14.5,12.3,13.4,2,False
AC.PA,Accor SA,Consumer Cyclical,Lodging,8.7,8.2,5.8,12.2,14.4,9.9,5,False,0.0,15.2,7.6,2,False
AC.TO,Air Canada,Industrials,Airlines,1.1,15.1,2.4,2.8,17.1,7.7,5,False,0.0,17.2,8.6,2,False
ACA,"Arcosa, Inc.",Industrials,Engineering & Construction,14.1,6.4,7.4,14.0,2.7,8.9,5,False,0.0,17.2,8.6,2,False
ACA.PA,Crédit Agricole S.A.,Financial Services,Banks - Regional,,5.1,,11.0,16.7,10.9,3,False,16.1,9.9,13.0,2,False
ACAD,ACADIA Pharmaceuticals Inc.,Healthcare,Biotechnology,13.6,18.7,13.0,16.2,,15.4,4,False,20.0,13.2,16.6,2,False
ACHC,"Acadia Healthcare Company, Inc.",Healthcare,Medical Care Facilities,4.8,3.5,1.9,7.0,6.1,4.7,5,False,,9.3,9.3,1,True
ACHR,Archer Aviation Inc.,Industrials,Aerospace & Defense,18.8,0.4,10.6,1.2,,7.7,4,False,,0.5,0.5,1,True
ACI,"Albertsons Companies, Inc.",Consumer Defensive,Grocery Stores,0.2,2.9,10.1,1.8,19.5,6.9,5,False,0.0,1.5,0.8,2,False
ACIW,"ACI Worldwide, Inc.",Technology,Software - Infrastructure,5.4,12.9,9.2,11.6,11.8,10.2,5,False,14.7,7.3,11.0,2,False
ACLN.SW,Accelleron Industries AG,Industrials,Specialty Industrial Machinery,9.3,19.6,,17.8,,15.6,3,False,6.8,9.8,8.3,2,False
ACLS,"Axcelis Technologies, Inc.",Technology,Semiconductor Equipment & Materials,15.7,9.0,11.1,10.6,11.9,11.7,5,False,14.4,10.0,12.2,2,False
ACM,AECOM,Industrials,Engineering & Construction,5.0,13.4,10.1,2.9,17.5,9.8,5,False,4.1,0.2,2.2,2,False
ACMR,"ACM Research, Inc.",Technology,Semiconductor Equipment & Materials,14.4,10.4,10.1,13.6,2.5,10.2,5,False,16.2,16.0,16.1,2,False
ACN,Accenture plc,Technology,Information Technology Services,9.7,16.1,14.9,12.6,17.7,14.2,5,False,13.7,3.1,8.4,2,False
ACO.X.TO,ATCO Ltd.,,,,,,,,,0,True,,,,0,True
ACT,"Enact Holdings, Inc.",Financial Services,Insurance - Specialty,12.2,10.5,,18.4,14.7,14.0,4,False,9.6,12.5,11.0,2,False
ACVA,ACV Auctions Inc.,Consumer Cyclical,Auto & Truck Dealerships,13.8,1.3,10.1,1.2,,6.6,4,False,,2.5,2.5,1,True
ACX.MC,"Acerinox, S.A.",Basic Materials,Steel,3.4,4.8,7.8,5.0,12.7,6.7,5,False,0.0,16.9,8.4,2,False
AD.AS,Koninklijke Ahold Delhaize N.V.,Consumer Defensive,Grocery Stores,3.6,14.0,10.5,4.9,17.0,10.0,5,False,16.5,6.4,11.4,2,False
ADBE,Adobe Inc.,Technology,Software - Application,4.0,19.1,12.8,18.2,18.1,14.4,5,False,19.3,4.0,11.6,2,False
ADC,Agree Realty Corporation,Real Estate,REIT - Retail,9.2,7.1,10.5,14.4,6.8,9.6,5,False,0.0,10.9,5.4,2,False
ADEN.SW,Adecco Group AG,Industrials,Staffing & Employment Services,7.0,7.1,,3.0,,5.7,3,False,13.3,10.6,12.0,2,False
ADI,"Analog Devices, Inc.",Technology,Semiconductors,7.6,10.8,7.6,18.6,11.7,11.3,5,False,6.4,13.3,9.9,2,False
ADIG,ADI Global Distribution Inc,Technology,Computer Hardware,6.3,,0.9,5.0,,4.1,3,False,0.0,,0.0,1,True
ADM,Archer-Daniels-Midland Company,Consumer Defensive,Farm Products,7.4,7.1,7.7,4.8,15.8,8.6,5,False,10.0,18.1,14.0,2,False
ADM.L,Admiral Group plc,Financial Services,Insurance - Property & Casualty,10.8,19.5,,5.4,,11.9,3,False,1.6,10.5,6.0,2,False
ADMA,"ADMA Biologics, Inc.",Healthcare,Biotechnology,7.6,19.1,5.8,10.9,8.9,10.5,5,False,19.9,1.3,10.6,2,False
ADNT,Adient plc,Consumer Cyclical,Auto Parts,7.9,6.3,11.2,2.9,17.3,9.1,5,False,0.0,4.1,2.0,2,False
ADP,"Automatic Data Processing, Inc.",Technology,Software - Application,2.0,19.3,10.8,16.1,13.9,12.4,5,False,13.4,7.1,10.2,2,False
ADP.PA,Aeroports de Paris SA,Industrials,Airports & Air Services,4.3,10.9,1.7,12.6,13.2,8.5,5,False,9.8,6.8,8.3,2,False
ADPT,Adaptive Biotechnologies Corporation,Healthcare,Diagnostics & Research,7.0,4.0,8.4,3.2,,5.6,4,False,,15.8,15.8,1,True
ADSK,"Autodesk, Inc.",Technology,Software - Application,3.3,18.9,13.0,17.1,11.1,12.7,5,False,9.2,3.6,6.4,2,False
ADT,ADT Inc.,Industrials,Security & Protection Services,1.1,13.8,10.2,15.8,18.9,12.0,5,False,19.6,3.6,11.6,2,False
ADUS,Addus HomeCare Corporation,Healthcare,Medical Care Facilities,11.1,12.1,12.6,12.4,,12.0,4,False,10.4,6.2,8.3,2,False
ADYEN.AS,Adyen N.V.,Technology,Software - Infrastructure,13.3,15.1,10.5,19.4,,14.6,4,False,10.9,2.7,6.8,2,False
AEBI,Aebi Schmidt Holding AG,Industrials,Farm & Heavy Construction Machinery,7.7,3.8,2.0,4.0,3.9,4.3,5,False,0.0,7.6,3.8,2,False
AEE,Ameren Corporation,Utilities,Utilities - Regulated Electric,5.2,14.0,10.2,14.6,6.2,10.0,5,False,10.2,9.0,9.6,2,False
AEG,Aegon Ltd.,Financial Services,Insurance - Diversified,5.2,8.3,,3.1,,5.5,3,False,13.0,9.7,11.4,2,False
AEHR,"Aehr Test Systems, Inc.",Technology,Semiconductor Equipment & Materials,17.5,3.0,8.2,2.5,0.3,6.3,5,False,,18.0,18.0,1,True
AEIS,"Advanced Energy Industries, Inc.",Industrials,Electrical Equipment & Parts,12.2,13.2,10.6,13.7,2.8,10.5,5,False,0.0,17.7,8.8,2,False
AEM,Agnico Eagle Mines Limited,Basic Materials,Gold,16.1,16.8,14.8,18.7,5.0,14.3,5,False,6.8,9.2,8.0,2,False
AEM.TO,Agnico Eagle Mines Limited,Basic Materials,Gold,16.1,16.8,,18.7,,17.2,3,False,6.6,9.1,7.8,2,False
AENA.MC,"Aena S.M.E., S.A.",Industrials,Airports & Air Services,8.4,17.2,11.2,19.6,12.7,13.8,5,False,10.0,11.8,10.9,2,False
AEO,"American Eagle Outfitters, Inc.",Consumer Cyclical,Apparel Retail,4.8,13.9,8.2,5.8,16.7,9.9,5,False,17.0,10.1,13.6,2,False
AEP,"American Electric Power Company, Inc.",Utilities,Utilities - Regulated Electric,5.2,12.0,6.8,12.2,7.5,8.7,5,False,7.3,13.2,10.2,2,False
AEP.L,AEP Plantations Plc,Consumer Defensive,Farm Products,18.4,12.8,,17.7,,16.3,3,False,19.8,18.9,19.4,2,False
AER,AerCap Holdings N.V.,Industrials,Rental & Leasing Services,5.0,14.8,1.2,19.8,19.6,12.1,5,False,20.0,12.2,16.1,2,False
AES,The AES Corporation,Utilities,Utilities - Diversified,6.4,9.9,0.5,10.8,16.9,8.9,5,False,20.0,15.0,17.5,2,False
AESI,Atlas Energy Solutions Inc.,Energy,Oil & Gas Equipment & Services,9.3,2.0,2.4,1.2,14.4,5.9,5,False,,3.7,3.7,1,True
AEVA,"Aeva Technologies, Inc.",Technology,Software - Infrastructure,9.6,,7.6,0.4,,5.9,3,False,,8.4,8.4,1,True
AF.PA,Air France-KLM SA,Industrials,Airlines,0.8,19.5,0.4,5.0,5.3,6.2,5,False,20.0,7.4,13.7,2,False
AFG,"American Financial Group, Inc.",Financial Services,Insurance - Property & Casualty,9.6,16.1,,5.0,15.9,11.6,4,False,10.0,5.2,7.6,2,False
AFGB,"American Financial Group, Inc. ",,,,,,,,,0,True,,,,0,True
AFGD,"American Financial Group, Inc.",,,,,,,,,0,True,,,,0,True
AFGE,"American Financial Group, Inc.",,,,,,,,,0,True,,,,0,True
AFL,Aflac Incorporated,Financial Services,Insurance - Life,8.6,14.3,,8.8,16.4,12.0,4,False,15.1,6.2,10.6,2,False
AFRM,"Affirm Holdings, Inc.",Financial Services,Credit Services,11.0,19.4,,10.2,1.0,10.4,4,False,12.4,4.8,8.6,2,False
AFX.DE,Carl Zeiss Meditec AG,Healthcare,Medical Instruments & Supplies,11.0,,4.5,12.2,16.4,11.0,4,False,15.9,2.7,9.3,2,False
AFYA,Afya Limited,Consumer Defensive,Education & Training Services,14.2,14.6,,18.9,,15.9,3,False,19.3,8.2,13.8,2,False
AG,First Majestic Silver Corp.,Basic Materials,Silver,15.8,12.8,17.4,16.2,0.6,12.6,5,False,14.9,16.8,15.8,2,False
AG.TO,First Majestic Silver Corp.,Basic Materials,Silver,15.8,12.8,,16.2,,14.9,3,False,13.9,16.7,15.3,2,False
AGBK,AGI Inc,Financial Services,Banks - Regional,7.3,,,5.8,,6.6,2,True,20.0,,20.0,1,True
AGCO,AGCO Corporation,Industrials,Farm & Heavy Construction Machinery,4.9,10.0,10.8,6.2,15.4,9.5,5,False,15.5,10.0,12.8,2,False
AGI,Alamos Gold Inc.,Basic Materials,Gold,13.6,17.8,11.2,19.4,2.0,12.8,5,False,12.6,5.6,9.1,2,False
AGI.TO,Alamos Gold Inc.,Basic Materials,Gold,13.6,17.8,,19.4,,16.9,3,False,12.1,5.4,8.8,2,False
AGIO,"Agios Pharmaceuticals, Inc.",Healthcare,Biotechnology,16.4,4.4,9.8,4.6,,8.8,4,False,,3.8,3.8,1,True
AGL,"agilon health, inc.",Healthcare,Medical Care Facilities,8.4,1.8,7.5,6.6,16.9,8.2,5,False,,19.2,19.2,1,True
AGM,Federal Agricultural Mortgage Corporation,Financial Services,Credit Services,6.5,11.3,,18.3,13.1,12.3,4,False,12.9,14.3,13.6,2,False
AGN.AS,Aegon Ltd.,Financial Services,Insurance - Diversified,5.2,8.3,,3.1,19.3,9.0,4,False,12.6,10.4,11.5,2,False
AGNC,AGNC Investment Corp.,Real Estate,REIT - Mortgage,1.6,18.1,1.1,19.6,18.2,11.7,5,False,14.7,16.9,15.8,2,False
AGO,Assured Guaranty Ltd.,Financial Services,Insurance - Specialty,10.8,3.3,,14.4,19.5,12.0,4,False,10.4,1.9,6.2,2,False
AGRO,Adecoagro S.A.,Consumer Defensive,Farm Products,8.1,3.6,1.2,11.0,10.8,6.9,5,False,3.2,18.6,10.9,2,False
AGT.L,AVI Global Trust plc,,,,,,,,,0,True,,,,0,True
AGX,"Argan, Inc.",Industrials,Engineering & Construction,16.8,18.6,18.4,14.8,3.3,14.4,5,False,0.0,17.4,8.7,2,False
AGYS,"Agilysys, Inc.",Technology,Software - Application,13.8,12.1,9.8,12.0,2.0,9.9,5,False,0.0,8.8,4.4,2,False
AHG,Akso Health Group,Healthcare,Medical Distribution,9.2,6.6,4.6,2.0,,5.6,4,False,,0.6,0.6,1,True
AHR,"American Healthcare REIT, Inc.",Real Estate,REIT - Healthcare Facilities,15.2,7.2,11.5,4.1,1.7,7.9,5,False,0.0,18.2,9.1,2,False
AI,"C3.ai, Inc.",Technology,Software - Infrastructure,16.6,0.4,10.8,0.6,,7.1,4,False,,1.1,1.1,1,True
AI.PA,L'Air Liquide S.A.,Basic Materials,Specialty Chemicals,3.8,13.3,7.2,12.3,7.4,8.8,5,False,5.5,5.9,5.7,2,False
AIE.L,Ashoka India Equity Investment Ord,,,,,,,,,0,True,,,,0,True
AIF.TO,Altus Group Limited,Real Estate,Real Estate Services,10.8,2.1,13.9,3.8,13.8,8.9,5,False,,2.2,2.2,1,True
AIG,"American International Group, Inc.",Financial Services,Insurance - Diversified,8.5,3.7,,5.3,19.6,9.3,4,False,10.3,3.9,7.1,2,False
AIN,Albany International Corp.,Consumer Cyclical,Textile Manufacturing,12.2,1.9,7.4,6.5,12.6,8.1,5,False,,12.0,12.0,1,True
AIP,"Arteris, Inc.",Technology,Semiconductors,12.2,0.1,13.3,1.0,,6.6,4,False,,17.1,17.1,1,True
AIR,AAR Corp.,Industrials,Aerospace & Defense,8.8,11.0,5.8,7.6,1.1,6.9,5,False,16.5,16.2,16.4,2,False
AIR.PA,Airbus SE,Industrials,Aerospace & Defense,5.4,16.2,11.4,10.3,6.6,10.0,5,False,16.3,7.5,11.9,2,False
AIT,"Applied Industrial Technologies, Inc.",Industrials,Industrial Distribution,15.2,16.0,12.9,10.8,5.9,12.2,5,False,5.1,12.8,9.0,2,False
AIXA.DE,AIXTRON SE,Technology,Semiconductor Equipment & Materials,12.7,7.3,16.5,12.0,6.5,11.0,5,False,1.4,17.7,9.5,2,False
AIZ,"Assurant, Inc.",Financial Services,Insurance - Property & Casualty,6.7,15.0,,3.5,7.7,8.2,4,False,8.1,13.5,10.8,2,False
AJB.L,AJ Bell plc,Financial Services,Asset Management,17.0,19.7,,13.2,,16.6,3,False,2.2,8.4,5.3,2,False
AJG,Arthur J. Gallagher & Co.,Financial Services,Insurance Brokers,5.3,3.3,,5.1,2.0,3.9,4,False,0.8,1.6,1.2,2,False
AKAM,"Akamai Technologies, Inc.",Technology,Software - Infrastructure,6.1,9.0,7.6,9.8,15.6,9.6,5,False,6.1,12.9,9.5,2,False
AKE.PA,Arkema S.A.,Basic Materials,Specialty Chemicals,7.0,4.6,10.8,5.0,17.4,9.0,5,False,0.0,8.8,4.4,2,False
AKR,Acadia Realty Trust,Real Estate,REIT - Retail,10.2,8.6,11.0,10.1,4.5,8.9,5,False,0.0,10.5,5.2,2,False
AKRBP.OL,Aker BP ASA,Energy,Oil & Gas E&P,7.8,10.2,,15.7,,11.2,3,False,7.7,12.1,9.9,2,False
AKTS,"Aktis Oncology, Inc.",Healthcare,Biotechnology,17.8,,19.5,4.2,,13.8,3,False,,,,0,True
ALA.TO,AltaGas Ltd.,Energy,Oil & Gas Midstream,4.2,6.4,3.2,6.2,8.0,5.6,5,False,0.6,7.2,3.9,2,False
ALAB,"Astera Labs, Inc.",Technology,Semiconductors,18.0,16.3,8.0,17.0,0.1,11.9,5,False,0.0,13.6,6.8,2,False
ALB,Albemarle Corporation,Basic Materials,Specialty Chemicals,11.6,5.5,15.2,10.0,7.9,10.0,5,False,0.0,16.7,8.4,2,False
ALC,Alcon Inc.,Healthcare,Medical Instruments & Supplies,8.3,9.0,10.2,13.0,7.4,9.6,5,False,0.0,6.2,3.1,2,False
ALC.SW,Alcon Inc.,Healthcare,Medical Instruments & Supplies,8.3,9.0,,13.0,,10.1,3,False,0.0,6.9,3.4,2,False
ALFA.ST,Alfa Laval AB (publ),Industrials,Specialty Industrial Machinery,7.6,15.0,10.1,13.9,6.9,10.7,5,False,10.0,14.8,12.4,2,False
ALG,Alamo Group Inc.,Industrials,Farm & Heavy Construction Machinery,16.5,7.2,14.4,8.8,4.0,10.2,5,False,13.1,3.6,8.4,2,False
ALGM,"Allegro MicroSystems, Inc.",Technology,Semiconductors,11.9,4.6,7.3,7.3,15.4,9.3,5,False,0.0,10.9,5.4,2,False
ALGN,"Align Technology, Inc.",Healthcare,Medical Instruments & Supplies,11.4,12.3,14.6,14.8,15.9,13.8,5,False,14.1,12.0,13.0,2,False
ALGT,Allegiant Travel Company,Industrials,Airlines,3.4,3.0,10.0,5.4,8.0,6.0,5,False,0.0,12.9,6.4,2,False
ALH,Alliance Laundry Holdings Inc.,Consumer Cyclical,"Furnishings, Fixtures & Appliances",7.8,19.6,10.2,16.3,0.6,10.9,5,False,0.0,,0.0,1,True
ALHC,"Alignment Healthcare, Inc.",Healthcare,Healthcare Plans,5.0,16.4,16.2,9.2,,11.7,4,False,0.0,2.6,1.3,2,False
ALK,"Alaska Air Group, Inc.",Industrials,Airlines,1.4,1.6,2.6,1.8,18.3,5.1,5,False,,3.0,3.0,1,True
ALKS,Alkermes plc,Healthcare,Drug Manufacturers - Specialty & Generic,6.3,9.3,8.2,12.8,6.6,8.6,5,False,0.0,15.3,7.6,2,False
ALKT,"Alkami Technology, Inc.",Technology,Software - Application,7.8,2.0,8.3,2.8,,5.2,4,False,,3.8,3.8,1,True
ALL,The Allstate Corporation,Financial Services,Insurance - Property & Casualty,8.8,19.5,,7.0,7.0,10.6,4,False,20.0,11.0,15.5,2,False
ALLE,Allegion plc,Industrials,Security & Protection Services,7.8,18.3,11.2,16.5,10.1,12.8,5,False,10.2,4.0,7.1,2,False
ALLY,Ally Financial Inc.,Financial Services,Credit Services,,6.6,,7.2,11.3,8.4,3,False,15.8,7.6,11.7,2,False
ALM,Almonty Industries Inc.,Basic Materials,Other Industrial Metals & Mining,9.9,19.1,,17.2,,15.4,3,False,0.0,19.8,9.9,2,False
ALMR,"Alamar Biosciences, Inc.",Healthcare,Medical Devices,14.4,,13.5,2.3,,10.1,3,False,,,,0,True
ALMS,Alumis Inc.,Healthcare,Biotechnology,14.8,1.3,9.8,3.8,,7.4,4,False,,19.8,19.8,1,True
ALNT,Allient Inc.,Technology,Electronic Components,9.2,9.3,6.6,9.0,1.9,7.2,5,False,0.0,16.9,8.4,2,False
ALNY,"Alnylam Pharmaceuticals, Inc.",Healthcare,Biotechnology,6.0,19.6,9.2,15.8,,12.6,4,False,0.0,0.8,0.4,2,False
ALPA4.SA,Alpargatas S.A.,Consumer Cyclical,Footwear & Accessories,14.9,14.0,12.5,16.2,10.6,13.6,5,False,12.6,19.5,16.0,2,False
ALRM,"Alarm.com Holdings, Inc.",Technology,Software - Application,11.5,11.8,9.3,12.3,10.6,11.1,5,False,14.2,8.5,11.4,2,False
ALSN,"Allison Transmission Holdings, Inc.",Consumer Cyclical,Auto Parts,8.2,16.8,6.8,16.2,7.7,11.1,5,False,6.1,18.4,12.2,2,False
ALV,"Autoliv, Inc.",Consumer Cyclical,Auto Parts,8.9,16.4,13.6,10.2,14.9,12.8,5,False,12.7,10.2,11.4,2,False
ALV.DE,Allianz SE,Financial Services,Insurance - Diversified,9.8,15.7,,4.1,,9.9,3,False,9.0,13.7,11.4,2,False
ALVO,Alvotech,Healthcare,Drug Manufacturers - Specialty & Generic,2.3,,1.4,3.2,,2.3,3,False,,1.2,1.2,1,True
ALW.L,Alliance Witan Plc,,,,,,,,,0,True,,,,0,True
ALX,"Alexander's, Inc.",Real Estate,REIT - Retail,10.4,19.9,8.5,14.9,15.6,13.9,5,False,20.0,17.0,18.5,2,False
AM,Antero Midstream Corporation,Energy,Oil & Gas Midstream,4.9,14.6,10.7,17.4,11.4,11.8,5,False,0.0,5.1,2.6,2,False
AMAL,Amalgamated Financial Corp.,Financial Services,Banks - Regional,,12.2,,14.6,4.4,10.4,3,False,10.3,19.0,14.6,2,False
AMAT,"Applied Materials, Inc.",Technology,Semiconductor Equipment & Materials,10.9,18.4,7.6,18.2,9.2,12.9,5,False,14.0,17.3,15.6,2,False
AMBA,"Ambarella, Inc.",Technology,Semiconductor Equipment & Materials,15.6,2.0,11.4,2.0,0.7,6.3,5,False,,4.3,4.3,1,True
AMBP,Ardagh Metal Packaging S.A.,Consumer Cyclical,Packaging & Containers,9.6,,9.2,5.4,18.3,10.6,4,False,0.0,17.4,8.7,2,False
AMBQ,"Ambiq Micro, Inc.",Technology,Semiconductors,19.0,1.8,10.6,1.4,,8.2,4,False,,16.3,16.3,1,True
AMC,"AMC Entertainment Holdings, Inc.",Communication Services,Entertainment,2.8,,5.6,6.4,,4.9,3,False,,7.1,7.1,1,True
AMCR,Amcor plc,Consumer Cyclical,Packaging & Containers,7.0,9.3,9.4,9.4,11.5,9.3,5,False,8.9,14.5,11.7,2,False
AMD,"Advanced Micro Devices, Inc.",Technology,Semiconductors,14.0,9.6,8.4,14.0,3.0,9.8,5,False,0.0,18.5,9.2,2,False
AME,"AMETEK, Inc.",Industrials,Specialty Industrial Machinery,9.4,12.1,12.4,17.9,4.7,11.3,5,False,5.9,13.0,9.4,2,False
AMER3.SA,Americanas S.A.,Consumer Cyclical,Internet Retail,6.0,3.0,0.2,1.6,,2.7,4,False,20.0,5.0,12.5,2,False
AMG,"Affiliated Managers Group, Inc.",Financial Services,Asset Management,13.4,17.3,,11.8,17.2,14.9,4,False,12.3,17.5,14.9,2,False
AMGN,Amgen Inc.,Healthcare,Drug Manufacturers - General,2.1,19.6,9.4,18.4,11.3,12.2,5,False,6.7,15.2,11.0,2,False
AMH,American Homes 4 Rent,Real Estate,REIT - Residential,8.7,10.0,12.9,11.2,6.0,9.8,5,False,12.8,9.5,11.2,2,False
AMKR,"Amkor Technology, Inc.",Technology,Semiconductor Equipment & Materials,9.7,11.1,4.8,9.9,7.5,8.6,5,False,20.0,14.8,17.4,2,False
AML.L,Aston Martin Lagonda Global Holdings plc,Consumer Cyclical,Auto Manufacturers,2.8,0.2,,0.4,,1.1,3,False,,0.2,0.2,1,True
AMLX,"Amylyx Pharmaceuticals, Inc.",Healthcare,Drug Manufacturers - Specialty & Generic,17.3,1.9,9.0,7.0,,8.8,4,False,,18.3,18.3,1,True
AMN,"AMN Healthcare Services, Inc.",Healthcare,Medical Care Facilities,3.8,15.2,11.2,10.2,19.5,12.0,5,False,18.2,16.2,17.2,2,False
AMP,"Ameriprise Financial, Inc.",Financial Services,Asset Management,9.9,19.7,,8.0,15.4,13.2,4,False,11.4,8.6,10.0,2,False
AMPL,"Amplitude, Inc.",Technology,Software - Application,10.0,0.7,13.5,1.4,5.2,6.2,5,False,,11.7,11.7,1,True
AMRC,"Ameresco, Inc.",Industrials,Engineering & Construction,7.7,4.0,0.4,5.3,,4.4,4,False,0.0,0.9,0.4,2,False
AMRX,"Amneal Pharmaceuticals, Inc.",Healthcare,Drug Manufacturers - Specialty & Generic,3.6,20.0,3.7,13.5,,10.2,4,False,0.0,16.1,8.0,2,False
AMRZ,Amrize Ltd,Basic Materials,Building Materials,4.8,10.6,10.1,11.8,,9.3,4,False,10.3,2.4,6.4,2,False
AMRZ.SW,Amrize AG,Basic Materials,Building Materials,4.8,10.6,,11.8,,9.1,3,False,9.9,3.2,6.6,2,False
AMS.MC,"Amadeus IT Group, S.A.",Technology,Information Technology Services,3.2,16.5,12.0,16.8,16.8,13.1,5,False,9.7,5.1,7.4,2,False
AMSC,American Superconductor Corporation,Industrials,Specialty Industrial Machinery,17.4,17.8,11.5,11.2,0.1,11.6,5,False,20.0,0.2,10.1,2,False
AMT,American Tower Corporation,Real Estate,REIT - Specialty,3.2,19.4,7.3,14.1,7.5,10.3,5,False,12.5,6.0,9.2,2,False
AMTB,Amerant Bancorp Inc.,Financial Services,Banks - Regional,,3.0,,7.4,6.1,5.5,3,False,0.0,17.0,8.5,2,False
AMTM,"Amentum Holdings, Inc.",Industrials,Specialty Business Services,10.8,4.0,10.5,3.6,,7.2,4,False,9.5,3.1,6.3,2,False
AMZN,"Amazon.com, Inc.",Consumer Cyclical,Internet Retail,12.2,17.2,9.6,15.4,,13.6,4,False,13.7,15.0,14.4,2,False
AN,"AutoNation, Inc.",Consumer Cyclical,Auto & Truck Dealerships,0.8,17.4,6.8,5.3,17.4,9.5,5,False,19.1,7.9,13.5,2,False
ANAB,"AnaptysBio, Inc.",Healthcare,Biotechnology,7.6,1.1,8.8,3.0,12.4,6.6,5,False,,18.7,18.7,1,True
ANDE,"The Andersons, Inc.",Consumer Defensive,Food Distribution,8.9,10.7,4.4,3.0,2.8,6.0,5,False,18.5,19.3,18.9,2,False
ANDG,Andersen Group Inc.,Consumer Cyclical,Personal Services,9.6,0.2,10.9,4.8,7.4,6.6,5,False,0.0,,0.0,1,True
ANE.MC,"Corporación Acciona Energías Renovables, S.A.",Utilities,Utilities - Renewable,14.9,2.5,10.8,3.9,7.8,8.0,5,False,0.0,5.2,2.6,2,False
ANF,Abercrombie & Fitch Co.,Consumer Cyclical,Apparel Retail,9.0,18.2,13.8,15.8,10.6,13.5,5,False,15.0,19.3,17.2,2,False
ANIP,"ANI Pharmaceuticals, Inc.",Healthcare,Drug Manufacturers - Specialty & Generic,6.4,16.6,11.8,14.6,6.0,11.1,5,False,14.2,3.0,8.6,2,False
ANRO,"Alto Neuroscience, Inc.",Healthcare,Biotechnology,16.0,2.9,10.0,7.0,1.2,7.4,5,False,,20.0,20.0,1,True
AO.L,AO World plc,Consumer Cyclical,Specialty Retail,10.8,15.6,,5.4,,10.6,3,False,12.1,7.6,9.8,2,False
AON,Aon plc,Financial Services,Insurance Brokers,3.8,19.4,,7.6,7.8,9.6,4,False,18.2,2.1,10.2,2,False
AORT,"Artivion, Inc.",Healthcare,Medical Devices,6.2,8.0,6.2,8.2,1.5,6.0,5,False,,1.2,1.2,1,True
AOS,A. O. Smith Corporation,Industrials,Specialty Industrial Machinery,10.2,17.3,14.8,15.2,17.7,15.0,5,False,18.1,2.8,10.5,2,False
AP.UN.TO,,,,,,,,,,0,True,,,,0,True
APA,APA Corporation,Energy,Oil & Gas E&P,8.0,17.0,14.1,15.9,10.6,13.1,5,False,17.7,16.5,17.1,2,False
APAM,Artisan Partners Asset Management Inc.,Financial Services,Asset Management,12.2,19.8,,8.3,17.2,14.4,4,False,16.2,6.6,11.4,2,False
APD,"Air Products and Chemicals, Inc.",Basic Materials,Specialty Chemicals,3.0,4.1,4.8,7.8,10.5,6.0,5,False,,8.3,8.3,1,True
APG,APi Group Corporation,Industrials,Engineering & Construction,8.6,8.6,10.8,6.8,7.2,8.4,5,False,,10.8,10.8,1,True
APGE,"Apogee Therapeutics, Inc.",Healthcare,Biotechnology,19.2,4.6,9.8,7.0,,10.1,4,False,,19.1,19.1,1,True
APH,Amphenol Corporation,Technology,Electronic Components,6.0,18.3,6.8,16.6,5.6,10.7,5,False,0.4,11.4,5.9,2,False
APLD,Applied Digital Corporation,Technology,Information Technology Services,6.3,2.4,0.7,1.1,2.7,2.6,5,False,,8.8,8.8,1,True
APLE,"Apple Hospitality REIT, Inc.",Real Estate,REIT - Hotel & Motel,10.2,8.5,14.1,8.4,16.5,11.5,5,False,13.4,18.8,16.1,2,False
APMD,"Apnimed, Inc.",Healthcare,Biotechnology,5.6,,9.6,11.0,,8.7,3,False,20.0,,20.0,1,True
APN.L,Applied Nutrition Plc,Consumer Defensive,Packaged Foods,18.0,19.2,,18.8,,18.7,3,False,0.0,19.8,9.9,2,False
APO,"Apollo Global Management, Inc.",Financial Services,Asset Management,10.3,8.9,,4.6,6.0,7.5,4,False,0.0,5.6,2.8,2,False
APP,AppLovin Corporation,Communication Services,Advertising Agencies,12.7,19.8,10.7,20.0,3.9,13.4,5,False,10.0,0.7,5.4,2,False
APPF,"AppFolio, Inc.",Technology,Software - Application,16.0,17.4,10.2,14.2,5.3,12.6,5,False,0.0,4.4,2.2,2,False
APPN,Appian Corporation,Technology,Software - Infrastructure,4.8,,9.1,4.0,6.3,6.0,4,False,,12.6,12.6,1,True
APTV,Aptiv PLC,Consumer Cyclical,Auto Parts,13.2,5.8,12.4,8.2,19.5,11.8,5,False,5.9,0.5,3.2,2,False
AQN,Algonquin Power & Utilities Corp.,Utilities,Utilities - Diversified,9.4,2.2,8.1,5.6,19.0,8.9,5,False,2.6,10.8,6.7,2,False
AQN.TO,Algonquin Power & Utilities Corp.,Utilities,Utilities - Diversified,9.4,2.2,,5.6,,5.7,3,False,2.5,11.0,6.8,2,False
AR,Antero Resources Corporation,Energy,Oil & Gas E&P,5.0,11.7,9.5,12.0,1.4,7.9,5,False,15.1,3.6,9.4,2,False
ARCB,ArcBest Corporation,Industrials,Trucking,9.5,2.7,13.6,3.7,13.1,8.5,5,False,0.0,19.0,9.5,2,False
ARCC,Ares Capital Corporation,Financial Services,Asset Management,5.6,3.4,,15.6,17.4,10.5,4,False,9.2,6.2,7.7,2,False
ARCO,Arcos Dorados Holdings Inc.,Consumer Cyclical,Restaurants,5.1,17.9,8.6,7.6,5.2,8.9,5,False,20.0,15.5,17.8,2,False
ARDT,"Ardent Health, Inc.",Healthcare,Medical Care Facilities,4.9,12.2,10.0,9.5,,9.2,4,False,10.4,3.3,6.8,2,False
ARDX,"Ardelyx, Inc.",Healthcare,Biotechnology,6.2,4.0,10.0,3.8,,6.0,4,False,,1.7,1.7,1,True
ARE,"Alexandria Real Estate Equities, Inc.",Real Estate,REIT - Office,14.8,1.6,10.9,4.0,18.8,10.0,5,False,,0.8,0.8,1,True
ARE.TO,Aecon Group Inc.,Industrials,Engineering & Construction,7.8,1.4,16.0,2.2,8.8,7.2,5,False,,18.6,18.6,1,True
ARES,Ares Management Corporation,Financial Services,Asset Management,4.8,12.6,,5.2,7.5,7.5,4,False,0.0,2.4,1.2,2,False
ARGX.BR,argenx SE,Healthcare,Biotechnology,16.0,17.5,,18.5,,17.3,3,False,0.0,13.9,7.0,2,False
ARHS,"Arhaus, Inc.",Consumer Cyclical,Specialty Retail,4.8,13.7,11.6,8.6,4.0,8.5,5,False,10.0,5.8,7.9,2,False
ARIS.TO,Aris Mining Corporation,Basic Materials,Gold,11.8,15.2,,16.4,,14.5,3,False,10.4,18.3,14.4,2,False
ARLO,"Arlo Technologies, Inc.",Industrials,Building Products & Equipment,13.8,15.8,16.8,4.6,6.1,11.4,5,False,0.0,2.0,1.0,2,False
ARMK,Aramark,Industrials,Specialty Business Services,5.4,9.9,6.2,4.0,6.2,6.3,5,False,0.0,16.6,8.3,2,False
AROC,"Archrock, Inc.",Energy,Oil & Gas Equipment & Services,5.6,15.5,8.2,13.6,6.3,9.8,5,False,17.0,6.1,11.6,2,False
ARQT,"Arcutis Biotherapeutics, Inc.",Healthcare,Biotechnology,9.0,15.3,10.0,12.7,,11.8,4,False,0.0,11.9,6.0,2,False
ARR,"ARMOUR Residential REIT, Inc.",Real Estate,REIT - Mortgage,0.8,18.3,0.3,19.0,18.5,11.4,5,False,19.4,17.4,18.4,2,False
ARW,"Arrow Electronics, Inc.",Technology,Electronics & Computer Distribution,7.9,10.7,10.0,5.9,14.6,9.8,5,False,13.6,14.9,14.2,2,False
ARWR,"Arrowhead Pharmaceuticals, Inc.",Healthcare,Biotechnology,7.5,2.6,8.6,2.0,,5.2,4,False,,18.1,18.1,1,True
ARX,Accelerant Holdings,Financial Services,Insurance Brokers,16.8,0.1,,2.1,4.8,6.0,4,False,,13.8,13.8,1,True
ARX.TO,ARC Resources Ltd.,Energy,Oil & Gas E&P,9.0,12.9,11.7,12.0,10.3,11.2,5,False,12.0,8.5,10.2,2,False
ARXS,"Arxis, Inc.",Industrials,Aerospace & Defense,15.6,,13.5,7.8,3.6,10.1,4,False,0.0,,0.0,1,True
AS,"Amer Sports, Inc.",Consumer Cyclical,Leisure,13.8,9.0,12.5,10.3,,11.4,4,False,0.3,6.5,3.4,2,False
ASAI3.SA,Sendas Distribuidora S.A.,Consumer Defensive,Grocery Stores,4.2,14.2,5.4,5.6,2.3,6.3,5,False,5.7,5.7,5.7,2,False
ASAN,"Asana, Inc.",Technology,Software - Application,4.0,0.2,16.2,2.2,13.0,7.1,5,False,,2.8,2.8,1,True
ASB,Associated Banc-Corp,Financial Services,Banks - Regional,,6.6,,12.4,7.6,8.9,3,False,14.3,11.3,12.8,2,False
ASH,Ashland Inc.,Basic Materials,Specialty Chemicals,8.0,6.6,11.4,6.7,19.1,10.4,5,False,0.0,15.8,7.9,2,False
ASHM.L,Ashmore Group Plc,Financial Services,Asset Management,18.0,12.3,,13.0,,14.4,3,False,11.4,12.1,11.8,2,False
ASIC,Ategrity Specialty Insurance Co,Financial Services,Insurance - Property & Casualty,15.2,15.2,,8.2,1.1,9.9,4,False,10.2,14.0,12.1,2,False
ASL.L,Aberforth Smaller Companies Trust Plc,,,,,,,,,0,True,,,,0,True
ASM,Avino Silver & Gold Mines Ltd.,Basic Materials,Other Precious Metals & Mining,17.7,15.9,13.8,16.5,,16.0,4,False,0.0,12.6,6.3,2,False
ASM.AS,ASM International NV,Technology,Semiconductor Equipment & Materials,15.0,16.6,8.4,18.2,6.0,12.8,5,False,15.0,14.0,14.5,2,False
ASM.TO,Avino Silver & Gold Mines Ltd.,Basic Materials,Other Precious Metals & Mining,17.7,15.9,,16.5,,16.7,3,False,0.0,12.7,6.4,2,False
ASML,ASML Holding N.V.,Technology,Semiconductor Equipment & Materials,9.1,19.0,,18.5,,15.5,3,False,6.4,15.4,10.9,2,False
ASML.AS,ASML Holding N.V.,Technology,Semiconductor Equipment & Materials,9.1,19.0,8.6,18.5,7.1,12.5,5,False,6.5,15.4,11.0,2,False
ASND,Ascendis Pharma A/S,Healthcare,Biotechnology,9.9,19.8,,19.8,,16.5,3,False,14.4,12.7,13.6,2,False
ASO,"Academy Sports and Outdoors, Inc.",Consumer Cyclical,Specialty Retail,4.9,14.3,6.4,8.2,17.9,10.3,5,False,20.0,6.1,13.0,2,False
ASR,"Grupo Aeroportuario del Sureste, S. A. B. de C. V.",Industrials,Airports & Air Services,13.4,16.1,,19.0,,16.2,3,False,15.2,2.5,8.8,2,False
ASST,"Strive, Inc.",Financial Services,Asset Management,18.7,0.1,,0.6,0.0,4.9,4,False,,0.1,0.1,1,True
ASTE,"Astec Industries, Inc.",Industrials,Farm & Heavy Construction Machinery,8.3,3.5,4.4,4.3,6.4,5.4,5,False,0.0,4.3,2.2,2,False
ASTH,"Astrana Health, Inc.",Healthcare,Medical Care Facilities,3.8,10.3,11.0,9.4,10.2,8.9,5,False,0.0,13.0,6.5,2,False
ASTS,"AST SpaceMobile, Inc.",Technology,Communication Equipment,10.9,0.7,4.2,2.3,,4.5,4,False,,10.4,10.4,1,True
AT1.DE,Aroundtown SA,Real Estate,Real Estate Services,10.8,8.0,10.6,16.0,,11.4,4,False,20.0,0.7,10.4,2,False
ATAI,AtaiBeckley Inc.,Healthcare,Biotechnology,16.4,0.2,8.8,3.9,3.4,6.5,5,False,,13.6,13.6,1,True
ATCO-A.ST,Atlas Copco AB (publ),Industrials,Specialty Industrial Machinery,9.8,16.9,12.4,16.4,7.4,12.6,5,False,3.9,14.1,9.0,2,False
ATD.TO,Alimentation Couche-Tard Inc.,Consumer Cyclical,Specialty Retail,10.7,14.6,,8.7,,11.3,3,False,9.9,14.1,12.0,2,False
ATEC,"Alphatec Holdings, Inc.",Healthcare,Medical Devices,2.0,0.3,7.8,4.2,2.7,3.4,5,False,,1.4,1.4,1,True
ATG.L,Auction Technology Group plc,Communication Services,Internet Content & Information,10.5,1.2,,3.6,,5.1,3,False,,17.6,17.6,1,True
ATH.TO,Athabasca Oil Corporation,Energy,Oil & Gas E&P,16.2,10.1,12.2,12.1,11.0,12.3,5,False,0.0,12.9,6.4,2,False
ATHS,Athene Holding Ltd. 7.250% Fixe,,,,,,,,,0,True,,,,0,True
ATI,ATI Inc.,Industrials,Metal Fabrication,7.2,16.8,9.6,13.8,5.3,10.5,5,False,0.0,19.6,9.8,2,False
ATLC,Atlanticus Holdings Corporation,Financial Services,Credit Services,9.6,17.0,,8.0,13.3,12.0,4,False,12.7,17.5,15.1,2,False
ATMU,Atmus Filtration Technologies Inc.,Consumer Cyclical,Auto Parts,10.2,19.1,9.0,15.4,2.4,11.2,5,False,9.1,11.8,10.4,2,False
ATO,Atmos Energy Corporation,Utilities,Utilities - Regulated Gas,14.6,10.9,11.9,18.5,2.6,11.7,5,False,6.7,6.1,6.4,2,False
ATR,"AptarGroup, Inc.",Healthcare,Medical Instruments & Supplies,5.8,14.3,9.2,13.4,14.8,11.5,5,False,16.3,7.1,11.7,2,False
ATR.L,Schroders Investment Trusts - Schroder Asian Total Return Investment Company plc,,,,,,,,,0,True,,,,0,True
ATRC,"AtriCure, Inc.",Healthcare,Medical Instruments & Supplies,12.2,8.7,10.6,10.4,4.9,9.4,5,False,0.0,13.4,6.7,2,False
ATRO,Astronics Corporation,Industrials,Aerospace & Defense,8.2,18.3,8.0,12.0,,11.6,4,False,8.9,19.1,14.0,2,False
ATS,ATS Corporation,Industrials,Specialty Industrial Machinery,9.6,3.4,,5.2,,6.1,3,False,0.0,1.6,0.8,2,False
ATS.TO,ATS Corporation,Industrials,Specialty Industrial Machinery,9.6,3.4,10.7,5.2,6.9,7.2,5,False,0.0,1.6,0.8,2,False
ATT.L,Allianz Technology Trust PLC,,,,,,,,,0,True,,,,0,True
ATZ.TO,Aritzia Inc.,Consumer Cyclical,Apparel Retail,8.2,17.9,11.9,15.0,1.6,10.9,5,False,0.0,19.0,9.5,2,False
AU,AngloGold Ashanti plc,Basic Materials,Gold,14.2,19.4,16.0,17.4,6.4,14.7,5,False,9.6,16.6,13.1,2,False
AUB,Atlantic Union Bankshares Corporation,Financial Services,Banks - Regional,,6.7,,15.0,5.8,9.2,3,False,12.7,10.2,11.4,2,False
AUGO,Aura Minerals Inc.,Basic Materials,Gold,3.4,19.9,13.4,16.8,4.5,11.6,5,False,0.0,19.2,9.6,2,False
AUPH,Aurinia Pharmaceuticals Inc.,Healthcare,Biotechnology,13.8,19.4,16.8,19.8,11.6,16.3,5,False,20.0,14.4,17.2,2,False
AUR,"Aurora Innovation, Inc.",Consumer Cyclical,Auto Parts,19.3,0.3,10.5,1.5,,7.9,4,False,,11.5,11.5,1,True
AV.L,Aviva plc,Financial Services,Insurance - Diversified,10.8,3.5,,2.2,,5.5,3,False,0.0,6.3,3.2,2,False
AVA,Avista Corporation,Utilities,Utilities - Diversified,8.4,7.3,5.3,7.8,17.4,9.2,5,False,14.1,8.5,11.3,2,False
AVAH,Aveanna Healthcare Holdings Inc.,Healthcare,Medical Care Facilities,2.6,20.0,7.8,14.0,,11.1,4,False,19.6,15.0,17.3,2,False
AVAV,"AeroVironment, Inc.",Industrials,Aerospace & Defense,17.5,1.0,9.0,1.8,,7.3,4,False,,0.1,0.1,1,True
AVB,AvalonBay Communities Inc,Real Estate,REIT - Residential,6.6,12.0,12.2,13.0,9.3,10.6,5,False,13.3,,13.3,1,True
AVBP,"ArriVent BioPharma, Inc.",Healthcare,Biotechnology,18.6,2.7,10.2,7.0,,9.6,4,False,,15.6,15.6,1,True
AVEX,AEVEX Corp.,Industrials,Aerospace & Defense,17.8,,19.0,9.2,16.4,15.6,4,False,14.7,,14.7,1,True
AVGO,Broadcom Inc.,Technology,Semiconductors,9.3,18.2,7.3,19.4,8.2,12.5,5,False,4.9,9.3,7.1,2,False
AVLN,Avalyn Pharma Inc.,Healthcare,Biotechnology,18.0,,17.9,7.0,,14.3,3,False,,,,0,True
AVNT,Avient Corporation,Basic Materials,Specialty Chemicals,6.6,8.6,10.4,8.4,11.2,9.0,5,False,12.3,12.2,12.2,2,False
AVO,"Mission Produce, Inc.",Consumer Defensive,Food Distribution,13.8,3.9,8.3,2.8,0.3,5.8,5,False,0.0,11.5,5.8,2,False
AVOL.SW,Avolta AG,Consumer Cyclical,Specialty Retail,2.4,14.2,10.6,5.8,9.9,8.6,5,False,0.0,12.6,6.3,2,False
AVON.L,Avon Technologies Plc,Industrials,Aerospace & Defense,13.6,8.8,,8.4,,10.3,3,False,9.1,3.7,6.4,2,False
AVPT,"AvePoint, Inc.",Technology,Software - Infrastructure,14.8,13.3,13.5,11.5,9.2,12.5,5,False,1.9,5.7,3.8,2,False
AVT,"Avnet, Inc.",Technology,Electronics & Computer Distribution,5.2,7.5,1.8,5.4,15.8,7.1,5,False,2.6,15.4,9.0,2,False
AVTR,"Avantor, Inc.",Healthcare,Medical Instruments & Supplies,5.5,6.6,8.8,7.2,5.4,6.7,5,False,,10.3,10.3,1,True
AVY,Avery Dennison Corporation,Consumer Cyclical,Packaging & Containers,6.8,17.2,12.8,12.8,11.0,12.1,5,False,9.4,12.8,11.1,2,False
AWI,"Armstrong World Industries, Inc.",Industrials,Building Products & Equipment,8.2,18.5,11.6,17.0,4.5,12.0,5,False,14.0,4.1,9.0,2,False
AWK,"American Water Works Company, Inc.",Utilities,Utilities - Regulated Water,9.4,11.7,12.4,18.2,3.9,11.1,5,False,8.5,7.8,8.2,2,False
AWR,American States Water Company,Utilities,Utilities - Regulated Water,15.3,15.6,16.8,17.8,2.9,13.7,5,False,8.5,17.0,12.8,2,False
AX,"Axos Financial, Inc.",Financial Services,Banks - Regional,,14.1,,14.0,2.3,10.1,3,False,13.2,8.7,11.0,2,False
AXGN,"Axogen, Inc.",Healthcare,Medical Devices,14.2,5.8,9.8,4.0,,8.4,4,False,,18.8,18.8,1,True
AXON,"Axon Enterprise, Inc.",Industrials,Aerospace & Defense,13.1,5.1,10.0,6.7,,8.7,4,False,0.0,2.2,1.1,2,False
AXP,American Express Company,Financial Services,Credit Services,8.6,19.0,,6.4,8.2,10.6,4,False,2.7,4.4,3.6,2,False
AXS,AXIS Capital Holdings Limited,Financial Services,Insurance - Specialty,8.2,14.7,,6.1,17.0,11.5,4,False,15.9,5.5,10.7,2,False
AXSM,"Axsome Therapeutics, Inc.",Healthcare,Biotechnology,3.8,0.5,8.6,3.1,,4.0,4,False,,15.6,15.6,1,True
AXTA,Axalta Coating Systems Ltd.,Basic Materials,Specialty Chemicals,4.6,13.7,10.8,9.8,6.5,9.1,5,False,13.1,10.6,11.8,2,False
AXTI,"AXT, Inc.",Technology,Semiconductor Equipment & Materials,15.5,4.4,9.2,11.0,,10.0,4,False,0.0,20.0,10.0,2,False
AYA,Aya Gold & Silver Inc.,Basic Materials,Silver,13.2,17.3,11.8,18.0,,15.1,4,False,10.0,19.5,14.8,2,False
AYA.TO,Aya Gold & Silver Inc.,Basic Materials,Silver,13.2,17.3,,18.0,,16.2,3,False,10.1,19.4,14.8,2,False
AYI,Acuity Inc.,Industrials,Electrical Equipment & Parts,13.6,13.9,14.8,13.2,9.0,12.9,5,False,14.9,6.0,10.4,2,False
AZN,AstraZeneca PLC,Healthcare,Drug Manufacturers - General,4.2,17.0,8.4,16.6,10.6,11.4,5,False,9.2,8.3,8.8,2,False
AZN.ST,AstraZeneca PLC,Healthcare,Drug Manufacturers - General,4.2,17.0,,16.6,,12.6,3,False,9.3,9.0,9.2,2,False
AZO,"AutoZone, Inc.",Consumer Cyclical,Auto Parts,0.3,,,16.2,,8.2,2,True,5.8,2.4,4.1,2,False
AZTA,"Azenta, Inc.",Healthcare,Medical Instruments & Supplies,12.6,7.0,16.2,3.9,20.0,11.9,5,False,,9.5,9.5,1,True
AZUL4.SA,,,,,,,,,,0,True,,,,0,True
AZZ,AZZ Inc.,Industrials,Specialty Business Services,12.8,12.7,9.6,14.2,13.7,12.6,5,False,12.3,13.3,12.8,2,False
B,Barrick Mining Corporation,Basic Materials,Gold,14.8,17.6,15.7,17.4,8.6,14.8,5,False,14.4,12.6,13.5,2,False
B3SA3.SA,"B3 S.A. - Brasil, Bolsa, Balcão",Financial Services,Financial Data & Stock Exchanges,10.0,18.2,,17.8,8.6,13.6,4,False,15.1,12.3,13.7,2,False
BA,The Boeing Company,Industrials,Aerospace & Defense,0.2,19.9,10.3,3.4,1.6,7.1,5,False,0.0,5.9,3.0,2,False
BA.L,BAE Systems plc,Industrials,Aerospace & Defense,7.3,14.8,,9.2,,10.4,3,False,15.1,6.7,10.9,2,False
BAB.L,Babcock International Group PLC,Industrials,Engineering & Construction,2.7,18.3,,4.2,,8.4,3,False,3.1,2.3,2.7,2,False
BAC,Bank of America Corporation,Financial Services,Banks - Diversified,,8.6,,11.1,14.8,11.5,3,False,11.1,11.1,11.1,2,False
BAG.L,A.G. BARR p.l.c.,Consumer Defensive,Beverages - Non-Alcoholic,16.1,12.2,,14.5,,14.3,3,False,16.2,5.4,10.8,2,False
BAH,Booz Allen Hamilton Holding Corporation,Industrials,Consulting Services,7.8,19.6,11.1,9.2,19.5,13.4,5,False,19.9,2.0,11.0,2,False
BALL,Ball Corporation,Consumer Cyclical,Packaging & Containers,6.4,13.7,6.6,10.6,15.5,10.6,5,False,10.5,16.5,13.5,2,False
BAM,Brookfield Asset Management Ltd.,Financial Services,Asset Management,11.6,17.9,,17.9,8.2,13.9,4,False,0.0,2.6,1.3,2,False
BAM.TO,Brookfield Asset Management Ltd.,Financial Services,Asset Management,11.6,17.9,,17.9,,15.8,3,False,0.0,2.5,1.2,2,False
BANC,"Banc of California, Inc.",Financial Services,Banks - Regional,,1.0,,10.4,14.2,8.5,3,False,,8.8,8.8,1,True
BAND,Bandwidth Inc.,Technology,Software - Infrastructure,7.8,4.2,8.0,4.2,,6.0,4,False,,18.4,18.4,1,True
BANF,BancFirst Corporation,Financial Services,Banks - Regional,,11.4,,15.0,3.3,9.9,3,False,8.2,1.7,4.9,2,False
BANR,Banner Corporation,Financial Services,Banks - Regional,,8.0,,11.4,7.6,9.0,3,False,13.0,7.5,10.2,2,False
BAP,Credicorp Ltd.,Financial Services,Banks - Regional,,16.1,,14.2,,15.2,2,True,9.4,16.3,12.8,2,False
BARN.SW,Barry Callebaut AG,Consumer Defensive,Confectioners,5.8,8.6,12.4,4.6,6.2,7.5,5,False,10.0,11.0,10.5,2,False
BAS.DE,BASF SE,Basic Materials,Chemicals,6.6,8.1,7.2,8.1,17.3,9.5,5,False,8.2,10.9,9.6,2,False
BATRA,"Atlanta Braves Holdings, Inc.",Communication Services,Entertainment,2.0,2.1,4.8,2.2,,2.8,4,False,,16.0,16.0,1,True
BATRK,"Atlanta Braves Holdings, Inc.",Communication Services,Entertainment,2.0,2.1,4.4,2.2,,2.7,4,False,,15.8,15.8,1,True
BATS.L,British American Tobacco p.l.c.,Consumer Defensive,Tobacco,7.3,11.7,,19.4,,12.8,3,False,12.6,11.1,11.8,2,False
BAX,Baxter International Inc.,Healthcare,Medical Instruments & Supplies,3.7,6.2,9.6,8.8,15.3,8.7,5,False,,9.7,9.7,1,True
BAYN.DE,Bayer Aktiengesellschaft,Healthcare,Drug Manufacturers - General,2.0,7.3,10.1,8.0,10.4,7.6,5,False,,16.1,16.1,1,True
BB,BlackBerry Limited,Technology,Software - Infrastructure,12.2,8.4,10.3,10.8,4.4,9.2,5,False,0.0,14.7,7.4,2,False
BB.TO,BlackBerry Limited,Technology,Software - Infrastructure,12.2,8.4,,10.8,,10.5,3,False,0.0,14.7,7.4,2,False
BBAI,"BigBear.ai Holdings, Inc.",Technology,Information Technology Services,17.6,1.7,9.6,0.9,2.3,6.4,5,False,,0.4,0.4,1,True
BBAR,Banco BBVA Argentina S.A.,Financial Services,Banks - Regional,,4.6,,4.7,,4.6,2,True,9.3,19.3,14.3,2,False
BBAS3.SA,Banco do Brasil S.A.,Financial Services,Banks - Regional,,7.6,,7.6,18.0,11.1,3,False,15.0,3.2,9.1,2,False
BBD.B.TO,,,,,,,,,,0,True,,,,0,True
BBDC3.SA,Banco Bradesco S.A.,Financial Services,Banks - Regional,,11.5,,9.6,0.8,7.3,3,False,19.3,6.4,12.8,2,False
BBDC4.SA,Banco Bradesco S.A.,Financial Services,Banks - Regional,,11.5,,9.6,0.7,7.3,3,False,17.8,5.4,11.6,2,False
BBIO,"BridgeBio Pharma, Inc.",Healthcare,Biotechnology,4.8,,5.0,2.0,3.9,3.9,4,False,,14.6,14.6,1,True
BBOX.L,Tritax Big Box REIT plc,,,,,,,,,0,True,,,,0,True
BBSE3.SA,BB Seguridade Participações S.A.,Financial Services,Insurance - Diversified,11.4,19.8,,19.4,18.2,17.2,4,False,17.2,15.0,16.1,2,False
BBT,Beacon Financial Corporation,Financial Services,Banks - Regional,,4.9,,10.9,4.6,6.8,3,False,14.8,14.9,14.8,2,False
BBUC,Brookfield Business Corporation,Industrials,Conglomerates,3.1,3.0,9.9,7.4,17.9,8.3,5,False,,2.8,2.8,1,True
BBUC.TO,Brookfield Business Corporation,Industrials,Conglomerates,3.1,3.0,,7.4,,4.5,3,False,,2.7,2.7,1,True
BBVA,"Banco Bilbao Vizcaya Argentaria, S.A.",Financial Services,Banks - Diversified,,15.4,,15.1,,15.2,2,True,12.6,17.8,15.2,2,False
BBVA.MC,"Banco Bilbao Vizcaya Argentaria, S.A.",Financial Services,Banks - Diversified,,15.4,,15.1,11.2,13.9,3,False,12.5,18.0,15.2,2,False
BBWI,"Bath & Body Works, Inc.",Consumer Cyclical,Specialty Retail,6.7,,11.2,12.6,18.6,12.3,4,False,20.0,3.9,12.0,2,False
BBY,"Best Buy Co., Inc.",Consumer Cyclical,Specialty Retail,4.2,18.5,14.0,5.2,14.1,11.2,5,False,12.9,13.2,13.0,2,False
BC,Brunswick Corporation,Consumer Cyclical,Recreational Vehicles,5.9,2.0,11.2,4.7,14.0,7.6,5,False,,16.0,16.0,1,True
BC8.DE,Bechtle AG,Technology,Information Technology Services,7.2,10.9,,6.7,,8.3,3,False,9.8,6.6,8.2,2,False
BCAT,BlackRock Capital Allocation Term Trust,Financial Services,Asset Management,,,,1.2,19.7,10.4,2,True,19.6,13.2,16.4,2,False
BCAX,Bicara Therapeutics Inc.,Healthcare,Biotechnology,18.2,3.6,10.8,7.0,,9.9,4,False,,14.5,14.5,1,True
BCC,Boise Cascade Company,Basic Materials,Lumber & Wood Production,10.8,7.4,9.5,4.8,19.2,10.3,5,False,3.4,5.0,4.2,2,False
BCE.TO,BCE Inc.,Communication Services,Telecom Services,3.0,17.2,8.0,16.4,18.1,12.5,5,False,20.0,11.3,15.6,2,False
BCG.L,Baltic Classifieds Group PLC,Communication Services,Internet Content & Information,14.4,12.8,11.0,19.8,11.6,13.9,5,False,5.3,0.1,2.7,2,False
BCH,Banco de Chile,Financial Services,Banks - Regional,,16.5,,9.2,,12.8,2,True,5.7,16.2,11.0,2,False
BCO,The Brink's Company,Industrials,Security & Protection Services,5.9,19.2,10.5,6.6,16.6,11.8,5,False,5.3,5.3,5.3,2,False
BCPC,Balchem Corporation,Basic Materials,Specialty Chemicals,13.0,12.3,11.9,12.8,5.8,11.2,5,False,3.4,8.6,6.0,2,False
BCRX,"BioCryst Pharmaceuticals, Inc.",Healthcare,Drug Manufacturers - Specialty & Generic,9.2,,12.0,10.5,,10.6,3,False,,12.0,12.0,1,True
BCS,Barclays PLC,Financial Services,Banks - Diversified,,7.0,,11.6,,9.3,2,True,16.6,13.6,15.1,2,False
BCX,Blackrock Resources & Commodities Strategy Trust,Financial Services,Asset Management,,,,1.2,18.3,9.8,2,True,20.0,15.6,17.8,2,False
BDC,Belden Inc.,Technology,Communication Equipment,6.6,14.4,5.6,11.0,14.9,10.5,5,False,18.6,6.2,12.4,2,False
BDGI.TO,Badger Infrastructure Solutions Ltd.,Industrials,Engineering & Construction,7.8,15.4,,7.9,,10.4,3,False,0.0,14.9,7.4,2,False
BDJ,BlackRock Enhanced Equity Dividend Trust,Financial Services,Asset Management,10.3,14.0,,18.8,18.5,15.4,4,False,20.0,9.9,15.0,2,False
BDT.TO,Bird Construction Inc.,Industrials,Engineering & Construction,9.6,11.4,16.8,4.0,4.8,9.3,5,False,0.0,19.5,9.8,2,False
BDX,"Becton, Dickinson and Company",Healthcare,Medical Instruments & Supplies,3.2,10.1,10.4,13.0,11.8,9.7,5,False,10.9,12.3,11.6,2,False
BE,Bloom Energy Corporation,Industrials,Electrical Equipment & Parts,10.4,15.9,10.6,12.4,0.1,9.9,5,False,0.0,19.6,9.8,2,False
BEAM,Beam Therapeutics Inc.,Healthcare,Biotechnology,14.7,6.9,10.0,0.8,,8.1,4,False,,11.3,11.3,1,True
BEAN.SW,BELIMO Holding AG,Industrials,Building Products & Equipment,12.2,18.4,10.4,17.0,5.5,12.7,5,False,0.0,8.2,4.1,2,False
BEEF3.SA,Minerva S.A.,Consumer Defensive,Packaged Foods,7.8,16.9,8.0,4.9,15.7,10.7,5,False,19.3,0.5,9.9,2,False
BEI.DE,Beiersdorf Aktiengesellschaft,Consumer Defensive,Household & Personal Products,18.0,9.7,12.7,14.4,5.3,12.0,5,False,13.5,5.8,9.6,2,False
BEI.UN.TO,,,,,,,,,,0,True,,,,0,True
BEN,Franklin Templeton Inc.,Financial Services,Asset Management,12.3,4.3,,3.8,14.0,8.6,4,False,0.0,17.4,8.7,2,False
BEP.UN.TO,,,,,,,,,,0,True,,,,0,True
BEPC,Brookfield Renewable Corporation,Utilities,Utilities - Renewable,2.6,0.1,10.4,6.8,0.5,4.1,5,False,,4.6,4.6,1,True
BESI.AS,BE Semiconductor Industries N.V.,Technology,Semiconductor Equipment & Materials,11.2,18.6,8.1,18.8,11.4,13.6,5,False,0.0,13.8,6.9,2,False
BETA,"BETA Technologies, Inc.",Industrials,Aerospace & Defense,18.4,0.1,10.8,1.3,,7.6,4,False,,,,0,True
BEZ.L,Beazley plc,Financial Services,Insurance - Specialty,17.6,12.0,,4.4,,11.3,3,False,0.0,16.2,8.1,2,False
BFAM,Bright Horizons Family Solutions Inc.,Consumer Cyclical,Personal Services,3.2,12.7,9.8,11.3,6.4,8.7,5,False,10.0,2.2,6.1,2,False
BFC,Bank First Corporation,Financial Services,Banks - Regional,,8.7,,15.4,7.2,10.4,3,False,0.0,12.0,6.0,2,False
BFH,"Bread Financial Holdings, Inc.",Financial Services,Credit Services,,14.7,,8.0,12.2,11.6,3,False,18.8,19.4,19.1,2,False
BFLY,"Butterfly Network, Inc.",Healthcare,Medical Devices,12.6,4.3,9.8,2.4,,7.3,4,False,,19.5,19.5,1,True
BFSA.DE,Befesa S.A.,Industrials,Waste Management,5.5,9.3,11.8,11.2,10.7,9.7,5,False,19.2,13.8,16.5,2,False
BFST,"Business First Bancshares, Inc.",Financial Services,Banks - Regional,,6.9,,10.1,4.9,7.3,3,False,13.4,14.1,13.8,2,False
BG,Bunge Global SA,Consumer Defensive,Farm Products,4.4,6.8,2.2,4.0,13.3,6.1,5,False,7.5,18.7,13.1,2,False
BGC,"BGC Group, Inc.",Financial Services,Capital Markets,8.7,13.3,,2.9,15.7,10.1,4,False,0.0,12.4,6.2,2,False
BGFD.L,The Baillie Gifford Japan Trust PLC,,,,,,,,,0,True,,,,0,True
BGR,BlackRock Energy and Resources Trust,Financial Services,Asset Management,6.4,8.6,,18.8,17.7,12.9,4,False,14.6,14.7,14.6,2,False
BHC,Bausch Health Companies Inc.,Healthcare,Drug Manufacturers - Specialty & Generic,3.2,,10.0,10.4,,7.9,3,False,,6.7,6.7,1,True
BHC.TO,Bausch Health Companies Inc.,Healthcare,Drug Manufacturers - Specialty & Generic,3.2,,,10.4,,6.8,2,True,,6.5,6.5,1,True
BHE,"Benchmark Electronics, Inc.",Technology,Electronic Components,9.6,6.4,12.6,5.8,9.0,8.7,5,False,0.0,15.8,7.9,2,False
BHF,"Brighthouse Financial, Inc.",Financial Services,Insurance - Life,4.1,11.3,,12.2,18.6,11.6,4,False,20.0,4.2,12.1,2,False
BHMG.L,BH Macro Limited,Financial Services,Asset Management,18.2,4.0,,12.1,,11.4,3,False,12.7,6.8,9.8,2,False
BHRB,Burke & Herbert Financial Services Corp.,Financial Services,Banks - Regional,,6.8,,8.0,4.2,6.3,3,False,12.7,10.4,11.6,2,False
BHVN,Biohaven Ltd.,Healthcare,Biotechnology,6.4,0.2,4.7,7.0,,4.6,4,False,,7.4,7.4,1,True
BIDI11.SA,,,,,,,,,,0,True,,,,0,True
BIDU,"Baidu, Inc.",Communication Services,Internet Content & Information,13.8,3.8,,5.2,,7.6,3,False,,4.0,4.0,1,True
BIIB,Biogen Inc.,Healthcare,Drug Manufacturers - General,6.2,9.5,9.2,15.0,,10.0,4,False,0.0,15.2,7.6,2,False
BILL,"BILL Holdings, Inc.",Technology,Software - Application,4.0,4.0,12.4,6.3,18.7,9.1,5,False,,5.8,5.8,1,True
BIO,"Bio-Rad Laboratories, Inc.",Healthcare,Medical Devices,10.6,9.1,11.2,13.2,14.2,11.7,5,False,0.0,13.5,6.8,2,False
BIP.UN.TO,,,,,,,,,,0,True,,,,0,True
BIPC,Brookfield Infrastructure Corporation,Utilities,Utilities - Regulated Gas,4.5,17.5,1.6,10.1,,8.4,4,False,,3.9,3.9,1,True
BIR.TO,Birchcliff Energy Ltd.,Energy,Oil & Gas E&P,10.1,4.8,8.4,9.9,17.3,10.1,5,False,5.2,3.8,4.5,2,False
BIRG.IR,Bank of Ireland Group plc,Financial Services,Banks - Regional,,7.6,,14.8,14.3,12.2,3,False,8.4,15.8,12.1,2,False
BIRK,Birkenstock Holding plc,Consumer Cyclical,Footwear & Accessories,14.4,11.1,,18.0,,14.5,3,False,10.6,3.7,7.2,2,False
BJ,"BJ's Wholesale Club Holdings, Inc.",Consumer Defensive,Discount Stores,2.2,17.8,6.7,5.1,4.8,7.3,5,False,8.4,7.9,8.2,2,False
AC.MX,"Arca Continental, S.A.B. de C.V.",Consumer Defensive,Beverages - Non-Alcoholic,13.5,12.5,11.0,13.4,11.5,12.4,5,False,12.7,11.3,12.0,2,False
ALFAA.MX,,,,,,,,,,0,True,,,,0,True
ALSEA.MX,"Alsea, S.A.B. de C.V.",Consumer Cyclical,Restaurants,3.4,14.8,10.7,7.8,16.5,10.6,5,False,10.0,2.4,6.2,2,False
AMXB.MX,"América Móvil, S.A.B. de C.V.",Communication Services,Telecom Services,4.0,15.8,10.6,13.1,10.0,10.7,5,False,15.1,11.4,13.2,2,False
ASURB.MX,"Grupo Aeroportuario del Sureste, S. A. B. de C. V.",Industrials,Airports & Air Services,13.4,16.1,5.5,19.0,19.3,14.7,5,False,14.9,1.9,8.4,2,False
BBAJIOO.MX,"Banco del Bajío, S.A., Institución de Banca Múltiple",Financial Services,Banks - Regional,,15.3,,16.1,18.6,16.7,3,False,18.5,13.5,16.0,2,False
BIMBOA.MX,"Grupo Bimbo, S.A.B. de C.V.",Consumer Defensive,Packaged Foods,5.4,10.2,9.7,7.6,7.2,8.0,5,False,7.1,6.5,6.8,2,False
BJRI,"BJ's Restaurants, Inc.",Consumer Cyclical,Restaurants,3.8,9.9,9.3,5.6,5.1,6.7,5,False,1.8,19.8,10.8,2,False
BKD,Brookdale Senior Living Inc.,Healthcare,Medical Care Facilities,3.0,0.4,4.6,7.4,,3.8,4,False,,13.7,13.7,1,True
BKE,"The Buckle, Inc.",Consumer Cyclical,Apparel Retail,12.1,18.6,15.6,16.7,16.9,16.0,5,False,17.6,4.2,10.9,2,False
BKG.L,The Berkeley Group Holdings plc,Consumer Cyclical,Residential Construction,12.8,8.9,,15.8,,12.5,3,False,13.8,8.3,11.0,2,False
BKH,Black Hills Corporation,Utilities,Utilities - Regulated Gas,8.2,6.8,11.8,11.2,11.4,9.9,5,False,8.6,15.7,12.1,2,False
BKNG,Booking Holdings Inc.,Consumer Cyclical,Travel Services,13.9,,14.4,19.2,13.2,15.2,4,False,3.4,8.2,5.8,2,False
BKR,Baker Hughes Company,Energy,Oil & Gas Equipment & Services,10.6,12.8,16.4,9.0,4.4,10.6,5,False,14.7,7.9,11.3,2,False
BKSY,BlackSky Technology Inc.,Industrials,Specialty Business Services,12.4,0.3,9.3,0.6,,5.6,4,False,,11.0,11.0,1,True
BKT,"BlackRock Income Trust, Inc.",Financial Services,Asset Management,7.0,4.3,,18.8,16.8,11.7,4,False,15.0,4.3,9.6,2,False
BKT.MC,"Bankinter, S.A.",Financial Services,Banks - Regional,,14.9,,16.8,9.0,13.6,3,False,9.7,13.0,11.4,2,False
BKU,"BankUnited, Inc.",Financial Services,Banks - Regional,,5.8,,10.0,9.7,8.5,3,False,11.6,11.5,11.6,2,False
BKV,BKV Corporation,Energy,Oil & Gas E&P,7.6,11.5,3.0,14.8,0.1,7.4,5,False,17.9,2.5,10.2,2,False
BL,"BlackLine, Inc.",Technology,Software - Application,6.6,7.9,11.0,7.7,16.1,9.9,5,False,0.0,1.2,0.6,2,False
BLBD,Blue Bird Corporation,Industrials,Farm & Heavy Construction Machinery,9.0,19.6,10.0,13.8,5.2,11.5,5,False,20.0,7.3,13.6,2,False
BLCO,Bausch + Lomb Corporation,Healthcare,Medical Instruments & Supplies,3.8,7.7,8.4,7.8,,6.9,4,False,,10.2,10.2,1,True
BLDR,"Builders FirstSource, Inc.",Industrials,Building Products & Equipment,5.9,3.2,9.6,3.0,19.9,8.3,5,False,0.0,0.4,0.2,2,False
BLFS,"BioLife Solutions, Inc.",Healthcare,Medical Instruments & Supplies,15.6,14.0,9.6,15.2,,13.6,4,False,9.3,14.2,11.8,2,False
BLK,"BlackRock, Inc.",Financial Services,Asset Management,14.0,9.7,,9.3,7.3,10.1,4,False,0.0,4.6,2.3,2,False
BLKB,"Blackbaud, Inc.",Technology,Software - Application,0.2,19.9,9.8,14.5,19.0,12.7,5,False,20.0,2.3,11.2,2,False
BLLN,"BillionToOne, Inc.",Healthcare,Diagnostics & Research,14.0,12.7,10.6,11.8,,12.3,4,False,0.0,,0.0,1,True
BLSH,Bullish,Technology,Software - Infrastructure,13.8,0.5,3.9,2.4,13.5,6.8,5,False,,0.7,0.7,1,True
BLX,Bladex Inc.,Financial Services,Banks - Regional,,12.4,,18.7,,15.6,2,True,16.3,11.1,13.7,2,False
BLX.TO,Boralex Inc,Utilities,Utilities - Renewable,10.0,1.3,,9.1,,6.8,3,False,,,,0,True
BLZE,"Backblaze, Inc.",Technology,Software - Infrastructure,4.4,1.2,9.6,2.6,1.3,3.8,5,False,,13.6,13.6,1,True
BMA,Banco Macro S.A.,Financial Services,Banks - Regional,,2.6,,5.6,,4.1,2,True,0.5,19.5,10.0,2,False
BME.L,B&M European Value Retail plc,Consumer Defensive,Discount Stores,2.7,16.3,,6.8,,8.6,3,False,15.0,6.1,10.6,2,False
BMI,"Badger Meter, Inc.",Technology,Scientific & Technical Instruments,13.0,14.3,11.0,13.8,7.7,12.0,5,False,9.4,2.7,6.1,2,False
BMNR,"Bitmine Immersion Technologies, Inc.",Financial Services,Capital Markets,19.6,0.1,,1.9,,7.2,3,False,,0.2,0.2,1,True
BMO,Bank of Montreal,Financial Services,Banks - Diversified,,7.7,,9.0,,8.4,2,True,3.9,13.9,8.9,2,False
BMO.TO,Bank of Montreal,Financial Services,Banks - Diversified,,7.7,,9.0,8.4,8.4,3,False,4.0,14.3,9.2,2,False
BMRN,BioMarin Pharmaceutical Inc.,Healthcare,Biotechnology,6.0,8.3,5.8,13.2,,8.3,4,False,0.0,11.1,5.6,2,False
BMW.DE,Bayerische Motoren Werke Aktiengesellschaft,Consumer Cyclical,Auto Manufacturers,8.0,7.0,5.6,7.0,18.7,9.3,5,False,20.0,3.5,11.8,2,False
BMY,Bristol-Myers Squibb Company,Healthcare,Drug Manufacturers - General,4.0,19.2,10.0,17.7,17.1,13.6,5,False,17.4,15.2,16.3,2,False
BMY.L,Bloomsbury Publishing Plc,Communication Services,Publishing,12.8,11.3,,8.8,,11.0,3,False,14.0,17.3,15.6,2,False
BN,Brookfield Corporation,Financial Services,Asset Management,5.2,1.4,,4.6,4.3,3.9,4,False,0.0,2.0,1.0,2,False
BN.PA,Danone S.A.,Consumer Defensive,Packaged Foods,8.2,10.8,9.6,12.2,9.5,10.1,5,False,6.9,5.6,6.2,2,False
BN.TO,Brookfield Corporation,Financial Services,Asset Management,5.2,1.4,,4.6,,3.7,3,False,0.0,1.9,1.0,2,False
BNKR.L,The Bankers Investment Trust PLC,,,,,,,,,0,True,,,,0,True
BNL,"Broadstone Net Lease, Inc.",Real Estate,REIT - Diversified,13.1,7.7,8.6,14.3,11.3,11.0,5,False,0.0,16.4,8.2,2,False
BNP.PA,BNP Paribas SA,Financial Services,Banks - Regional,,7.5,,10.6,,9.0,2,True,16.7,14.9,15.8,2,False
BNR.DE,Brenntag SE,Basic Materials,Specialty Chemicals,6.2,9.8,9.2,5.4,16.7,9.5,5,False,11.1,10.6,10.8,2,False
BNS.TO,The Bank of Nova Scotia,Financial Services,Banks - Diversified,,9.0,,11.4,11.9,10.8,3,False,7.5,16.8,12.2,2,False
BNT,Brookfield Wealth Solutions Ltd.,Financial Services,Insurance - Diversified,7.4,1.3,,2.0,1.2,3.0,4,False,0.0,2.0,1.0,2,False
BNY,The Bank of New York Mellon Corporation,Financial Services,Banks - Diversified,,12.0,,11.5,13.2,12.2,3,False,5.0,17.0,11.0,2,False
BNZL.L,Bunzl plc,Consumer Defensive,Food Distribution,9.1,15.5,,7.2,,10.6,3,False,14.1,14.4,14.2,2,False
BOBS,"Bob's Discount Furniture, Inc.",Consumer Cyclical,Specialty Retail,2.4,,8.0,11.0,14.3,8.9,4,False,10.9,,10.9,1,True
BOH,Bank of Hawaii Corporation,Financial Services,Banks - Regional,,10.7,,12.8,12.3,11.9,3,False,8.8,10.2,9.5,2,False
BOKF,BOK Financial Corporation,Financial Services,Banks - Regional,,8.2,,11.2,12.8,10.7,3,False,11.2,11.8,11.5,2,False
BOLSAA.MX,"Bolsa Mexicana de Valores, S.A.B. de C.V.",Financial Services,Financial Data & Stock Exchanges,17.1,17.1,,15.0,16.8,16.5,4,False,19.0,6.4,12.7,2,False
BOOT,"Boot Barn Holdings, Inc.",Consumer Cyclical,Apparel Retail,7.4,14.4,8.2,13.6,1.1,8.9,5,False,6.7,7.4,7.0,2,False
BORR,Borr Drilling Limited,Energy,Oil & Gas Drilling,9.0,0.7,1.3,1.4,5.4,3.6,5,False,,14.9,14.9,1,True
BOSS.DE,Hugo Boss AG,Consumer Cyclical,Apparel Manufacturing,8.9,12.6,14.4,8.1,7.0,10.2,5,False,18.6,9.1,13.8,2,False
BOW,Bowhead Specialty Holdings Inc.,Financial Services,Insurance - Property & Casualty,7.0,11.9,,4.3,,7.7,3,False,1.1,11.7,6.4,2,False
BOWL.L,Hollywood Bowl Group plc,Consumer Cyclical,Leisure,5.4,15.2,,17.2,,12.6,3,False,16.3,13.3,14.8,2,False
BOX,"Box, Inc.",Technology,Software - Infrastructure,1.4,0.0,8.2,1.8,16.3,5.5,5,False,0.0,8.9,4.4,2,False
BOY.L,Bodycote plc,Industrials,Specialty Industrial Machinery,10.3,7.6,,11.6,,9.8,3,False,10.1,15.8,13.0,2,False
BP,BP p.l.c.,Energy,Oil & Gas Integrated,5.8,7.3,12.6,5.9,19.1,10.1,5,False,0.0,7.6,3.8,2,False
BP.L,BP p.l.c.,Energy,Oil & Gas Integrated,5.8,7.3,,5.9,,6.3,3,False,0.0,5.3,2.6,2,False
BPAC11.SA,Banco BTG Pactual S.A.,Financial Services,Capital Markets,,17.4,,16.0,4.0,12.5,3,False,0.0,9.4,4.7,2,False
BPAN4.SA,,,,,,,,,,0,True,,,,0,True
BPCR.L,BioPharma Credit Ord,,,,,,,,,0,True,,,,0,True
BPOP,"Popular, Inc.",Financial Services,Banks - Regional,,13.1,,12.2,10.7,12.0,3,False,12.7,14.3,13.5,2,False
BPT.L,Bridgepoint Group plc,Financial Services,Asset Management,13.2,1.9,,9.5,,8.2,3,False,0.0,6.1,3.0,2,False
BR,"Broadridge Financial Solutions, Inc.",Technology,Information Technology Services,4.8,18.4,9.6,15.4,14.9,12.6,5,False,10.2,3.0,6.6,2,False
BRAI,Braiin Limited,Technology,Computer Hardware,0.1,,6.3,4.2,,3.5,3,False,,,,0,True
BRAP4.SA,Bradespar S.A.,Financial Services,Asset Management,18.7,3.5,,1.2,18.9,10.6,4,False,7.3,16.5,11.9,2,False
BRBR,"BellRing Brands, Inc.",Consumer Defensive,Packaged Foods,11.5,,10.6,11.4,20.0,13.4,4,False,20.0,0.1,10.0,2,False
BRC,Brady Corporation,Industrials,Security & Protection Services,15.5,13.5,,14.7,,14.6,3,False,9.8,11.6,10.7,2,False
BREE.L,Breedon Group plc,Basic Materials,Building Materials,7.2,8.6,,6.2,,7.3,3,False,16.0,4.3,10.2,2,False
BRGE.L,BlackRock Greater Europe Investment Trust plc,,,,,,,,,0,True,,,,0,True
BRKM5.SA,Braskem S.A.,Basic Materials,Chemicals,0.5,,0.1,5.6,0.8,1.7,4,False,,0.3,0.3,1,True
BRKR,Bruker Corporation,Healthcare,Medical Devices,4.0,7.6,7.6,8.4,6.9,6.9,5,False,,16.3,16.3,1,True
BRML3.SA,,,,,,,,,,0,True,,,,0,True
BRO,"Brown & Brown, Inc.",Financial Services,Insurance Brokers,6.4,7.0,,9.5,2.2,6.3,4,False,14.8,1.0,7.9,2,False
BROS,Dutch Bros Inc.,Consumer Cyclical,Restaurants,10.2,12.3,8.4,10.8,,10.4,4,False,0.0,8.4,4.2,2,False
BRSL,Brightstar Lottery PLC,Consumer Cyclical,Gambling,7.8,12.9,10.8,16.0,19.8,13.5,5,False,18.2,2.5,10.4,2,False
BRUN,"Boost Run, Inc.",Technology,Software - Infrastructure,2.2,,2.8,1.0,,2.0,3,False,,13.5,13.5,1,True
BRWM.L,BlackRock World Mining Trust plc,,,,,,,,,0,True,,,,0,True
BRZE,"Braze, Inc.",Technology,Software - Application,10.6,1.3,14.8,2.2,,7.2,4,False,,10.3,10.3,1,True
BSP,Bending Spoons S.p.A.,Technology,Software - Application,1.2,,4.0,15.9,,7.0,3,False,0.0,,0.0,1,True
BST,BlackRock Science and Technology Trust,Financial Services,Asset Management,,,,1.2,,1.2,1,True,20.0,14.3,17.2,2,False
BSX,Boston Scientific Corporation,Healthcare,Medical Devices,4.6,14.9,9.4,16.6,1.6,9.4,5,False,15.5,0.6,8.0,2,False
BSY,"Bentley Systems, Incorporated",Technology,Software - Application,2.2,16.1,8.3,16.0,9.9,10.5,5,False,4.8,2.0,3.4,2,False
BT.A.L,,,,,,,,,,0,True,,,,0,True
BTDR,Bitdeer Technologies Group,Technology,Software - Application,1.8,1.2,2.8,1.4,5.8,2.6,5,False,,1.3,1.3,1,True
BTE,Baytex Energy Corp.,Energy,Oil & Gas E&P,18.1,2.2,,7.0,,9.1,3,False,,18.9,18.9,1,True
BTE.TO,Baytex Energy Corp.,Energy,Oil & Gas E&P,18.1,2.2,11.0,7.0,10.9,9.8,5,False,,18.8,18.8,1,True
BTG,B2Gold Corp.,Basic Materials,Gold,8.4,16.6,13.0,16.0,10.0,12.8,5,False,16.4,7.2,11.8,2,False
BTI,British American Tobacco p.l.c.,Consumer Defensive,Tobacco,7.3,11.7,,19.4,,12.8,3,False,12.8,12.7,12.8,2,False
BTO.TO,B2Gold Corp.,Basic Materials,Gold,8.4,16.6,,16.0,,13.7,3,False,16.5,7.2,11.8,2,False
BTSG,"BrightSpring Health Services, Inc.",Healthcare,Health Information Services,4.5,14.1,11.8,9.8,3.6,8.8,5,False,3.0,17.0,10.0,2,False
BTU,Peabody Energy Corporation,Energy,Thermal Coal,14.0,2.4,11.4,1.2,16.6,9.1,5,False,,3.3,3.3,1,True
BTZ,BlackRock Credit Allocation Income Trust,Financial Services,Asset Management,5.0,,,10.0,,7.5,2,True,17.4,4.1,10.8,2,False
BUD,Anheuser-Busch InBev SA/NV,Consumer Defensive,Beverages - Brewers,7.0,10.1,9.4,18.0,6.8,10.3,5,False,10.5,17.5,14.0,2,False
BULL,Webull Corporation,Technology,Software - Application,11.7,6.4,19.6,12.5,1.8,10.4,5,False,19.6,1.3,10.5,2,False
BURL,"Burlington Stores, Inc.",Consumer Cyclical,Apparel Retail,2.6,18.3,6.6,8.8,3.4,7.9,5,False,1.3,10.8,6.1,2,False
BUSE,First Busey Corporation,Financial Services,Banks - Regional,,6.4,,13.1,9.3,9.6,3,False,11.4,14.4,12.9,2,False
BUT.L,The Brunner Investment Trust PLC,,,,,,,,,0,True,,,,0,True
BV,"BrightView Holdings, Inc.",Industrials,Specialty Business Services,10.3,2.7,2.4,3.4,11.6,6.1,5,False,,2.9,2.9,1,True
BVC,BitVentures Limited,Technology,Software - Application,20.0,15.6,10.3,10.5,,14.1,4,False,20.0,19.9,20.0,2,False
BVI.PA,Bureau Veritas SA,Industrials,Consulting Services,6.1,18.2,6.5,10.9,15.7,11.5,5,False,9.9,8.6,9.2,2,False
BVN,Compañía de Minas Buenaventura S.A.A.,Basic Materials,Other Precious Metals & Mining,15.1,17.9,11.4,17.3,1.4,12.6,5,False,19.9,13.7,16.8,2,False
BW,"Babcock & Wilcox Enterprises, Inc.",Industrials,Specialty Industrial Machinery,5.8,,17.8,2.6,7.6,8.5,4,False,,19.6,19.6,1,True
BWA,BorgWarner Inc.,Consumer Cyclical,Auto Parts,14.0,8.4,14.4,8.8,7.9,10.7,5,False,0.0,18.2,9.1,2,False
BWIN,"The Baldwin Insurance Group, Inc.",Financial Services,Insurance Brokers,6.2,0.6,,1.1,0.1,2.0,4,False,,7.1,7.1,1,True
BWLP,BW LPG Limited,Energy,Oil & Gas Midstream,11.0,16.8,14.4,9.7,18.7,14.1,5,False,20.0,16.4,18.2,2,False
BWXT,"BWX Technologies, Inc.",Industrials,Aerospace & Defense,10.1,17.5,8.4,11.0,4.2,10.2,5,False,8.5,3.0,5.8,2,False
BWY.L,Bellway p.l.c.,Consumer Cyclical,Residential Construction,10.0,5.4,,10.3,,8.6,3,False,5.3,6.6,5.9,2,False
BX,Blackstone Inc.,Financial Services,Asset Management,8.0,18.7,,12.6,8.3,11.9,4,False,0.0,1.7,0.8,2,False
BXBL,Boxabl Inc.,Consumer Cyclical,Residential Construction,16.6,0.2,10.2,1.5,,7.1,4,False,,0.1,0.1,1,True
BXDC,Blackstone Digital Infrastructure Trust Inc.,Real Estate,REIT - Specialty,,,20.0,2.2,,11.1,2,True,,,,0,True
BXMT,"Blackstone Mortgage Trust, Inc.",Real Estate,REIT - Mortgage,10.6,3.1,0.9,2.4,19.8,7.4,5,False,0.0,2.3,1.2,2,False
BXP,"BXP, Inc.",Real Estate,REIT - Office,4.8,8.2,9.0,9.1,12.9,8.8,5,False,1.9,6.3,4.1,2,False
BY,"Byline Bancorp, Inc.",Financial Services,Banks - Regional,,9.4,,14.7,3.1,9.1,3,False,12.8,15.2,14.0,2,False
BYD,Boyd Gaming Corporation,Consumer Cyclical,Resorts & Casinos,7.0,19.5,8.8,18.4,18.5,14.4,5,False,20.0,7.2,13.6,2,False
BYD.TO,Boyd Group Services Inc.,Consumer Cyclical,Auto & Truck Dealerships,4.4,3.3,,3.6,,3.8,3,False,0.0,0.5,0.2,2,False
BYG.L,Big Yellow Group Plc,Real Estate,REIT - Industrial,11.0,7.5,,17.2,,11.9,3,False,18.2,5.0,11.6,2,False
BYIT.L,Bytes Technology Group plc,Technology,Software - Infrastructure,12.1,19.0,,17.0,,16.0,3,False,17.2,8.8,13.0,2,False
BZ,Kanzhun Limited,Communication Services,Internet Content & Information,19.4,16.1,,19.4,,18.3,3,False,16.8,4.1,10.4,2,False
C,Citigroup Inc.,Financial Services,Banks - Diversified,,5.0,,9.0,16.6,10.2,3,False,10.7,13.8,12.2,2,False
CA.PA,Carrefour SA,Consumer Defensive,Grocery Stores,4.8,8.0,9.5,2.5,13.8,7.7,5,False,16.3,16.9,16.6,2,False
CAAP,Corporación América Airports S.A.,Industrials,Airports & Air Services,12.4,13.9,16.4,15.5,,14.6,4,False,14.3,13.8,14.0,2,False
CABK.MC,"CaixaBank, S.A.",Financial Services,Banks - Regional,,13.5,,16.5,11.9,14.0,3,False,6.3,17.5,11.9,2,False
CACC,Credit Acceptance Corporation,Financial Services,Credit Services,9.4,18.7,,16.0,15.9,15.0,4,False,11.9,12.6,12.2,2,False
CACI,CACI International Inc,Technology,Information Technology Services,5.8,11.4,7.4,9.1,6.7,8.1,5,False,2.5,11.0,6.8,2,False
CAE.TO,CAE Inc.,Industrials,Aerospace & Defense,6.2,4.7,11.7,8.5,0.9,6.4,5,False,10.7,2.5,6.6,2,False
CAG,"Conagra Brands, Inc.",Consumer Defensive,Packaged Foods,3.1,0.3,9.7,6.7,18.3,7.6,5,False,,6.9,6.9,1,True
CAH,"Cardinal Health, Inc.",Healthcare,Medical Distribution,0.3,,12.6,9.0,14.0,9.0,4,False,0.0,14.9,7.4,2,False
CAI,"Caris Life Sciences, Inc.",Healthcare,Biotechnology,9.2,16.5,10.4,13.4,0.6,10.0,5,False,20.0,3.8,11.9,2,False
CAKE,The Cheesecake Factory Incorporated,Consumer Cyclical,Restaurants,2.9,18.1,8.1,8.3,4.5,8.4,5,False,4.3,19.7,12.0,2,False
CALM,"Cal-Maine Foods, Inc.",Consumer Defensive,Farm Products,19.9,10.9,10.7,8.0,17.2,13.3,5,False,19.7,4.2,12.0,2,False
CALX,"Calix, Inc.",Technology,Software - Infrastructure,14.6,7.8,12.1,7.9,12.5,11.0,5,False,0.0,1.1,0.6,2,False
CALY,Callaway Golf Company,Consumer Cyclical,Leisure,17.3,4.7,13.0,8.2,2.9,9.2,5,False,0.0,19.2,9.6,2,False
CAMT,Camtek Ltd.,Technology,Semiconductor Equipment & Materials,11.6,8.1,12.5,13.4,3.7,9.9,5,False,0.0,11.3,5.6,2,False
CAP.PA,Capgemini SE,Technology,Information Technology Services,5.9,10.8,10.2,9.4,18.2,10.9,5,False,15.0,5.2,10.1,2,False
CAR,"Avis Budget Group, Inc.",Industrials,Rental & Leasing Services,3.4,,9.8,6.8,19.4,9.8,4,False,,4.8,4.8,1,True
CAR.UN.TO,,,,,,,,,,0,True,,,,0,True
CARR,Carrier Global Corporation,Industrials,Building Products & Equipment,4.2,7.3,6.6,9.8,16.0,8.8,5,False,1.6,6.6,4.1,2,False
CART,Maplebear Inc.,Consumer Cyclical,Internet Retail,19.0,13.3,16.9,14.6,15.8,15.9,5,False,8.1,17.7,12.9,2,False
CASH,"Pathward Financial, Inc.",Financial Services,Banks - Regional,,16.3,,7.4,17.1,13.6,3,False,14.6,7.3,11.0,2,False
CASH3.SA,Méliuz S.A.,Communication Services,Internet Content & Information,18.4,1.3,14.5,4.6,20.0,11.8,5,False,,17.8,17.8,1,True
CASY,"Casey's General Stores, Inc.",Consumer Cyclical,Specialty Retail,8.3,14.4,9.7,6.7,1.7,8.2,5,False,0.0,17.4,8.7,2,False
CAT,Caterpillar Inc.,Industrials,Farm & Heavy Construction Machinery,3.2,19.4,8.4,16.4,10.6,11.6,5,False,0.6,18.0,9.3,2,False
CATY,Cathay General Bancorp,Financial Services,Banks - Regional,,9.2,,17.4,13.0,13.2,3,False,11.9,13.4,12.6,2,False
CAVA,"CAVA Group, Inc.",Consumer Cyclical,Restaurants,15.0,8.5,10.0,8.4,0.3,8.4,5,False,0.0,12.8,6.4,2,False
CB,Chubb Limited,Financial Services,Insurance - Property & Casualty,7.6,12.5,,7.0,7.8,8.7,4,False,10.6,10.6,10.6,2,False
CBC,"Central Bancompany, Inc.",Financial Services,Banks - Regional,,9.6,,16.2,3.5,9.8,3,False,4.0,,4.0,1,True
CBG.L,Close Brothers Group plc,Financial Services,Banks - Regional,,0.9,,0.6,,0.8,2,True,,1.4,1.4,1,True
CBK.DE,Commerzbank AG,Financial Services,Banks - Regional,,6.5,,11.4,7.7,8.5,3,False,6.3,12.7,9.5,2,False
CBL,"CBL & Associates Properties, Inc.",Real Estate,REIT - Retail,2.9,19.8,11.0,13.2,14.3,12.2,5,False,20.0,20.0,20.0,2,False
CBOE,"Cboe Global Markets, Inc.",Financial Services,Financial Data & Stock Exchanges,10.6,17.8,,9.8,2.5,10.2,4,False,10.8,11.5,11.2,2,False
CBRE,"CBRE Group, Inc.",Real Estate,Real Estate Services,9.6,17.3,11.5,3.1,2.6,8.8,5,False,0.0,5.7,2.8,2,False
CBRL,"Cracker Barrel Old Country Store, Inc.",Consumer Cyclical,Restaurants,1.5,6.1,3.1,2.7,15.4,5.8,5,False,0.0,16.9,8.4,2,False
CBRS,Cerebras Systems Inc.,Technology,Semiconductors,15.2,,18.1,0.6,1.1,8.8,4,False,,,,0,True
CBSH,"Commerce Bancshares, Inc.",Financial Services,Banks - Regional,,12.3,,13.1,9.2,11.5,3,False,8.8,5.2,7.0,2,False
CBT,Cabot Corporation,Basic Materials,Specialty Chemicals,5.3,12.8,11.3,9.0,16.5,11.0,5,False,12.2,6.9,9.6,2,False
CBU,"Community Financial System, Inc.",Financial Services,Banks - Regional,,9.0,,10.7,10.4,10.0,3,False,8.3,7.2,7.8,2,False
CBZ,"CBIZ, Inc.",Industrials,Specialty Business Services,7.4,5.4,10.3,5.4,12.4,8.2,5,False,7.6,7.7,7.6,2,False
CC,The Chemours Company,Basic Materials,Specialty Chemicals,5.7,0.1,10.0,2.7,16.8,7.1,5,False,,4.6,4.6,1,True
CCA.TO,Cogeco Communications Inc.,Communication Services,Telecom Services,2.0,0.6,8.2,9.1,17.1,7.4,5,False,,9.1,9.1,1,True
CCC.L,Computacenter plc,Technology,Information Technology Services,8.4,14.2,,5.6,,9.4,3,False,0.0,16.9,8.4,2,False
CCEC,Capital Clean Energy Carriers Corp.,Industrials,Marine Shipping,5.8,5.5,0.4,19.4,8.4,7.9,5,False,8.8,8.2,8.5,2,False
CCEP,Coca-Cola Europacific Partners PLC,Consumer Defensive,Beverages - Non-Alcoholic,5.7,17.0,,13.6,,12.1,3,False,9.9,15.1,12.5,2,False
CCEP.L,Coca-Cola Europacific Partners PLC,Consumer Defensive,Beverages - Non-Alcoholic,5.7,17.0,,13.6,,12.1,3,False,10.1,14.2,12.1,2,False
CCH.L,Coca-Cola HBC AG,Consumer Defensive,Beverages - Non-Alcoholic,9.4,17.5,,12.0,,13.0,3,False,10.4,16.8,13.6,2,False
CCI,Crown Castle Inc.,Real Estate,REIT - Specialty,6.2,,5.4,13.2,16.7,10.4,4,False,7.4,2.5,5.0,2,False
CCJ,Cameco Corporation,Energy,Uranium,16.5,5.7,,7.6,,9.9,3,False,10.1,4.4,7.2,2,False
CCK,"Crown Holdings, Inc.",Consumer Cyclical,Packaging & Containers,5.2,16.6,10.2,11.2,5.9,9.8,5,False,11.8,15.7,13.8,2,False
CCL,Carnival Corporation Ltd.,Consumer Cyclical,Travel Services,2.4,16.5,8.6,13.8,,10.3,4,False,17.2,5.2,11.2,2,False
CCL.B.TO,,,,,,,,,,0,True,,,,0,True
CCNE,CNB Financial Corporation,Financial Services,Banks - Regional,,9.9,,12.0,5.4,9.1,3,False,13.9,16.0,15.0,2,False
CCO,"Clear Channel Outdoor Holdings, Inc.",Communication Services,Advertising Agencies,7.3,,5.7,8.4,,7.1,3,False,,18.6,18.6,1,True
CCO.TO,Cameco Corporation,Energy,Uranium,16.5,5.7,11.0,7.6,0.6,8.3,5,False,10.0,4.3,7.2,2,False
CCRO3.SA,,,,,,,,,,0,True,,,,0,True
CCS,"Century Communities, Inc.",Real Estate,Real Estate - Development,8.4,8.1,6.2,3.6,15.9,8.4,5,False,2.6,12.2,7.4,2,False
CCU,Compañía Cervecerías Unidas S.A.,Consumer Defensive,Beverages - Brewers,11.3,7.2,,4.4,,7.6,3,False,8.4,8.5,8.4,2,False
CDE,"Coeur Mining, Inc.",Basic Materials,Gold,16.1,12.4,13.6,13.6,0.2,11.2,5,False,6.8,6.7,6.8,2,False
CDNA,"CareDx, Inc.",Healthcare,Diagnostics & Research,14.6,18.2,15.2,13.5,9.1,14.1,5,False,14.9,19.2,17.0,2,False
CDNL,Cardinal Infrastructure Group Inc.,Industrials,Engineering & Construction,15.8,10.2,10.5,5.2,13.6,11.1,5,False,0.0,,0.0,1,True
CDNS,"Cadence Design Systems, Inc.",Technology,Software - Application,9.4,15.6,8.0,17.3,7.9,11.6,5,False,0.0,6.4,3.2,2,False
CDP,COPT Defense Properties,Real Estate,REIT - Office,10.1,14.7,10.0,11.9,5.9,10.5,5,False,10.9,17.5,14.2,2,False
CDRE,"Cadre Holdings, Inc.",Industrials,Aerospace & Defense,7.4,8.9,10.6,9.4,5.7,8.4,5,False,11.5,2.8,7.2,2,False
CDW,CDW Corporation,Technology,Information Technology Services,3.6,18.6,6.8,7.8,15.7,10.5,5,False,10.7,6.5,8.6,2,False
CE,Celanese Corporation,Basic Materials,Chemicals,2.7,1.0,10.2,4.0,13.8,6.3,5,False,,6.1,6.1,1,True
CECO,CECO Environmental Corp.,Industrials,Pollution & Treatment Controls,10.5,1.9,5.8,2.8,0.5,4.3,5,False,,15.4,15.4,1,True
CEG,Constellation Energy Corporation,Utilities,Utilities - Independent Power Producers,13.8,16.5,14.0,6.7,2.1,10.6,5,False,7.0,1.6,4.3,2,False
CELC,Celcuity Inc.,Healthcare,Biotechnology,15.7,0.1,7.6,7.0,,7.6,4,False,,16.4,16.4,1,True
CELH,"Celsius Holdings, Inc.",Consumer Defensive,Beverages - Non-Alcoholic,15.2,4.9,12.2,12.6,1.7,9.3,5,False,0.0,0.3,0.2,2,False
CEMEXCPO.MX,"CEMEX, S.A.B. de C.V.",Basic Materials,Building Materials,4.5,6.6,,7.6,,6.2,3,False,0.0,7.3,3.6,2,False
CENT,Central Garden & Pet Company,Consumer Defensive,Packaged Foods,13.4,9.0,14.7,11.8,5.8,10.9,5,False,13.1,17.2,15.2,2,False
CENTA,Central Garden & Pet Company,Consumer Defensive,Packaged Foods,13.4,9.0,14.6,11.8,7.3,11.2,5,False,15.4,16.0,15.7,2,False
CENX,Century Aluminum Company,Basic Materials,Aluminum,10.8,19.7,8.3,14.6,0.3,10.7,5,False,14.3,15.6,15.0,2,False
CERT,"Certara, Inc.",Healthcare,Health Information Services,10.1,7.9,11.4,4.2,7.8,8.3,5,False,,1.7,1.7,1,True
CET,Central Securities Corporation,Financial Services,Asset Management,12.8,9.9,,19.6,,14.1,3,False,19.9,7.9,13.9,2,False
CFFN,"Capitol Federal Financial, Inc.",Financial Services,Banks - Regional,,4.4,,15.0,16.0,11.8,3,False,10.3,16.2,13.2,2,False
CFG,"Citizens Financial Group, Inc.",Financial Services,Banks - Regional,,4.8,,9.6,16.0,10.1,3,False,7.3,14.0,10.6,2,False
CFR,"Cullen/Frost Bankers, Inc.",Financial Services,Banks - Regional,,12.9,,11.1,8.5,10.8,3,False,7.1,12.9,10.0,2,False
CFR.SW,Compagnie Financière Richemont SA,Consumer Cyclical,Luxury Goods,15.2,12.7,,17.1,,15.0,3,False,0.0,16.7,8.4,2,False
CG,The Carlyle Group Inc.,Financial Services,Asset Management,8.5,4.1,,6.6,15.0,8.6,4,False,0.0,1.1,0.6,2,False
CG.TO,Centerra Gold Inc.,Basic Materials,Gold,14.4,18.5,,15.6,,16.2,3,False,20.0,19.1,19.6,2,False
CGAU,Centerra Gold Inc.,Basic Materials,Gold,14.4,18.5,11.7,15.6,9.8,14.0,5,False,20.0,19.0,19.5,2,False
CGEM,"Cullinan Therapeutics, Inc.",Healthcare,Biotechnology,17.2,2.8,10.0,7.0,,9.2,4,False,,19.4,19.4,1,True
CGNX,Cognex Corporation,Technology,Scientific & Technical Instruments,16.3,10.1,10.3,16.2,9.7,12.5,5,False,0.0,12.1,6.0,2,False
CGON,"CG Oncology, Inc.",Healthcare,Biotechnology,19.0,5.1,10.9,3.7,,9.7,4,False,,16.7,16.7,1,True
CGT.L,Capital Gearing Trust p.l.c,,,,,,,,,0,True,,,,0,True
CHCO,City Holding Company,Financial Services,Banks - Regional,,14.1,,16.0,12.0,14.0,3,False,6.5,10.0,8.2,2,False
CHD,"Church & Dwight Co., Inc.",Consumer Defensive,Household & Personal Products,9.9,14.9,11.0,16.0,6.7,11.7,5,False,0.9,13.6,7.2,2,False
CHDN,Churchill Downs Incorporated,Consumer Cyclical,Gambling,1.8,17.6,5.0,18.1,9.4,10.4,5,False,14.6,7.3,11.0,2,False
CHE,Chemed Corporation,Healthcare,Medical Care Facilities,5.8,18.0,11.7,14.2,16.5,13.2,5,False,4.6,10.3,7.4,2,False
CHEF,"The Chefs' Warehouse, Inc.",Consumer Defensive,Food Distribution,9.6,13.4,7.8,5.2,0.5,7.3,5,False,0.0,19.9,10.0,2,False
CHG.L,Chemring Group PLC,Industrials,Aerospace & Defense,7.3,11.3,,9.1,,9.2,3,False,13.9,5.2,9.6,2,False
CHH,"Choice Hotels International, Inc.",Consumer Cyclical,Lodging,5.0,19.9,8.8,19.5,15.5,13.7,5,False,14.7,9.6,12.1,2,False
CHKP,Check Point Software Technologies Ltd.,Technology,Software - Infrastructure,8.1,18.2,13.0,18.1,18.9,15.3,5,False,20.0,1.6,10.8,2,False
CHP.UN.TO,,,,,,,,,,0,True,,,,0,True
CHRD,Chord Energy Corporation,Energy,Oil & Gas E&P,13.8,8.5,15.7,12.4,18.9,13.9,5,False,16.8,12.4,14.6,2,False
CHRN,ChronoScale Holdings Corporation,Technology,Information Technology Services,2.8,0.9,4.8,1.0,0.8,2.1,5,False,,19.2,19.2,1,True
CHRW,"C.H. Robinson Worldwide, Inc.",Industrials,Integrated Freight & Logistics,9.4,18.6,10.7,5.1,11.4,11.0,5,False,1.5,10.8,6.2,2,False
CHWY,"Chewy, Inc.",Consumer Cyclical,Internet Retail,4.2,19.2,14.3,4.5,9.7,10.4,5,False,0.0,1.0,0.5,2,False
CHYM,"Chime Financial, Inc.",Technology,Software - Application,15.4,3.8,13.2,8.8,2.7,8.8,5,False,20.0,14.5,17.2,2,False
CI,The Cigna Group,Healthcare,Healthcare Plans,3.6,15.6,10.8,10.0,18.8,11.8,5,False,20.0,6.3,13.2,2,False
CIEL3.SA,,,,,,,,,,0,True,,,,0,True
CIEN,Ciena Corporation,Technology,Communication Equipment,9.8,12.8,7.7,11.3,6.1,9.5,5,False,0.0,17.9,9.0,2,False
CIGI,Colliers International Group Inc.,Real Estate,Real Estate Services,10.0,11.2,11.0,3.8,0.5,7.3,5,False,0.0,0.9,0.4,2,False
CIGI.TO,Colliers International Group Inc.,Real Estate,Real Estate Services,10.0,11.2,,3.8,,8.3,3,False,0.0,0.7,0.4,2,False
CII,"BlackRock Enhanced Large Cap Core Fund, Inc.",Financial Services,Asset Management,10.0,16.9,,10.9,17.9,13.9,4,False,20.0,11.7,15.8,2,False
CINF,Cincinnati Financial Corporation,Financial Services,Insurance - Property & Casualty,13.6,16.5,,9.5,5.7,11.3,4,False,17.0,7.0,12.0,2,False
CJT.TO,Cargojet Inc.,Industrials,Airlines,3.4,5.3,10.2,8.3,19.2,9.3,5,False,0.0,5.1,2.6,2,False
CKN.L,Clarkson PLC,Industrials,Marine Shipping,16.2,12.7,,12.6,,13.8,3,False,0.0,15.1,7.6,2,False
CL,Colgate-Palmolive Company,Consumer Defensive,Household & Personal Products,3.4,20.0,11.8,15.8,11.7,12.5,5,False,0.0,13.5,6.8,2,False
CLBK,"Columbia Financial, Inc.",Financial Services,Banks - Regional,,2.4,,8.6,7.3,6.1,3,False,0.0,18.6,9.3,2,False
CLBT,Cellebrite DI Ltd.,Technology,Software - Infrastructure,13.8,11.0,15.2,9.9,,12.5,4,False,0.0,1.4,0.7,2,False
CLDN.L,Caledonia Investments Plc,,,,,,,,,0,True,,,,0,True
CLDX,"Celldex Therapeutics, Inc.",Healthcare,Biotechnology,18.0,3.3,10.8,3.4,,8.9,4,False,,15.1,15.1,1,True
CLF,Cleveland-Cliffs Inc.,Basic Materials,Steel,1.6,1.6,3.4,2.8,14.1,4.7,5,False,,3.4,3.4,1,True
CLH,"Clean Harbors, Inc.",Industrials,Waste Management,10.2,12.8,8.7,11.6,4.2,9.5,5,False,5.3,14.8,10.0,2,False
CLMT,"Calumet, Inc.",Basic Materials,Specialty Chemicals,0.7,,7.8,2.0,,3.5,3,False,,19.6,19.6,1,True
CLN.SW,Clariant AG,Basic Materials,Specialty Chemicals,4.9,4.1,9.8,4.8,14.2,7.6,5,False,,15.7,15.7,1,True
CLNX.MC,"Cellnex Telecom, S.A.",Real Estate,Real Estate Services,6.6,1.7,9.7,3.2,3.9,5.0,5,False,,5.5,5.5,1,True
CLOV,"Clover Health Investments, Corp.",Healthcare,Healthcare Plans,7.0,7.3,13.4,7.3,7.9,8.6,5,False,,13.2,13.2,1,True
CLS,Celestica Inc.,Technology,Electronic Components,5.2,18.9,8.2,9.6,3.7,9.1,5,False,8.1,10.6,9.4,2,False
CLS.TO,Celestica Inc.,Technology,Electronic Components,5.2,18.9,,9.6,,11.2,3,False,8.1,10.6,9.4,2,False
CLSK,"CleanSpark, Inc.",Financial Services,Capital Markets,7.7,0.2,,0.2,3.8,3.0,4,False,,1.2,1.2,1,True
CLVT,Clarivate Plc,Technology,Information Technology Services,3.6,2.6,10.0,4.5,19.6,8.1,5,False,,0.7,0.7,1,True
CLX,The Clorox Company,Consumer Defensive,Household & Personal Products,1.4,19.9,4.4,12.6,16.3,10.9,5,False,12.0,3.4,7.7,2,False
CM,Canadian Imperial Bank of Commerce,Financial Services,Banks - Diversified,,13.0,,12.5,,12.8,2,True,9.5,16.3,12.9,2,False
CM.TO,Canadian Imperial Bank of Commerce,Financial Services,Banks - Diversified,,13.0,,12.5,7.9,11.1,3,False,10.1,16.3,13.2,2,False
CMBT,Cmb.Tech NV,Energy,Oil & Gas Midstream,4.1,17.8,1.2,16.4,19.6,11.8,5,False,20.0,18.5,19.2,2,False
CMC,Commercial Metals Company,Industrials,Metal Fabrication,10.3,11.6,,9.0,,10.3,3,False,17.3,11.9,14.6,2,False
CMCX.L,CMC Markets Plc,Financial Services,Capital Markets,12.7,14.2,,7.2,,11.4,3,False,0.0,19.9,10.0,2,False
CME,CME Group Inc.,Financial Services,Financial Data & Stock Exchanges,7.8,13.2,,18.2,9.8,12.2,4,False,10.0,7.0,8.5,2,False
CMG,"Chipotle Mexican Grill, Inc.",Consumer Cyclical,Restaurants,4.8,18.8,10.1,15.1,5.6,10.9,5,False,0.0,9.3,4.6,2,False
CMI,Cummins Inc.,Industrials,Specialty Industrial Machinery,8.6,15.5,11.8,10.5,6.8,10.6,5,False,10.1,14.7,12.4,2,False
CMIG4.SA,Companhia Energética de Minas Gerais - CEMIG,Utilities,Utilities - Regulated Electric,16.1,16.9,8.5,7.5,,12.2,4,False,20.0,9.9,15.0,2,False
CMP,"Compass Minerals International, Inc.",Basic Materials,Other Industrial Metals & Mining,3.0,8.7,10.0,4.8,6.1,6.5,5,False,0.0,10.8,5.4,2,False
CMPR,Cimpress plc,Industrials,Specialty Business Services,0.7,,8.4,4.8,15.5,7.4,4,False,10.0,15.7,12.8,2,False
CMPS,COMPASS Pathways plc,Healthcare,Medical Care Facilities,6.4,0.4,18.6,7.0,,8.1,4,False,,18.0,18.0,1,True
CMRE,Costamare Inc.,Industrials,Marine Shipping,10.6,13.1,1.8,19.6,18.0,12.6,5,False,20.0,13.9,17.0,2,False
CMS,CMS Energy Corporation,Utilities,Utilities - Regulated Electric,7.0,8.8,5.2,8.9,8.8,7.7,5,False,8.2,4.1,6.1,2,False
CNA,CNA Financial Corporation,Financial Services,Insurance - Property & Casualty,7.8,8.7,,3.5,17.0,9.2,4,False,12.9,8.4,10.6,2,False
CNA.L,Centrica plc,Utilities,Utilities - Independent Power Producers,17.2,18.3,,8.4,,14.6,3,False,20.0,3.3,11.6,2,False
CNC,Centene Corporation,Healthcare,Healthcare Plans,5.4,5.7,19.6,7.1,17.7,11.1,5,False,,16.5,16.5,1,True
CNH,CNH Industrial N.V.,Industrials,Farm & Heavy Construction Machinery,9.9,3.9,4.9,4.4,15.5,7.7,5,False,0.0,9.6,4.8,2,False
CNI,Canadian National Railway Company,Industrials,Railroads,3.4,15.8,,19.0,,12.7,3,False,4.7,14.4,9.6,2,False
CNK,"Cinemark Holdings, Inc.",Communication Services,Entertainment,3.6,18.7,6.8,11.9,8.1,9.8,5,False,14.7,16.8,15.8,2,False
CNM,"Core & Main, Inc.",Industrials,Industrial Distribution,8.4,16.4,10.7,8.2,,10.9,4,False,14.1,2.4,8.2,2,False
CNMD,CONMED Corporation,Healthcare,Medical Devices,3.1,9.7,9.9,12.6,9.6,9.0,5,False,10.0,8.1,9.0,2,False
CNO,"CNO Financial Group, Inc.",Financial Services,Insurance - Life,5.2,8.2,,3.8,15.7,8.2,4,False,7.2,15.6,11.4,2,False
CNP,"CenterPoint Energy, Inc.",Utilities,Utilities - Regulated Electric,5.3,11.1,3.9,11.4,10.6,8.5,5,False,4.8,9.4,7.1,2,False
CNQ,Canadian Natural Resources Limited,Energy,Oil & Gas E&P,8.6,17.1,,15.5,,13.7,3,False,13.1,13.0,13.0,2,False
CNQ.TO,Canadian Natural Resources Limited,Energy,Oil & Gas E&P,8.6,17.1,12.3,15.5,11.7,13.0,5,False,13.2,13.4,13.3,2,False
CNR,"Core Natural Resources, Inc.",Energy,Thermal Coal,15.0,4.1,15.1,3.6,14.7,10.5,5,False,0.0,5.9,3.0,2,False
CNR.TO,Canadian National Railway Company,Industrials,Railroads,3.4,15.8,8.8,19.0,16.4,12.7,5,False,4.8,14.5,9.6,2,False
CNS,"Cohen & Steers, Inc.",Financial Services,Asset Management,16.3,18.1,,10.4,9.5,13.6,4,False,0.0,12.3,6.2,2,False
CNX,CNX Resources Corporation,Energy,Oil & Gas E&P,5.6,15.1,10.6,18.6,15.7,13.1,5,False,20.0,3.4,11.7,2,False
CNXC,Concentrix Corporation,Technology,Information Technology Services,3.1,0.9,10.0,5.0,19.2,7.6,5,False,,1.7,1.7,1,True
CNXN,"PC Connection, Inc.",Technology,Electronics & Computer Distribution,17.2,9.7,11.4,6.7,11.5,11.3,5,False,2.9,11.5,7.2,2,False
COAG,"Hemab Therapeutics Holdings, Inc.",Healthcare,Biotechnology,19.6,,18.2,7.0,,14.9,3,False,,,,0,True
COCO,"The Vita Coco Company, Inc.",Consumer Defensive,Beverages - Non-Alcoholic,18.4,18.3,12.0,18.2,0.7,13.5,5,False,0.0,17.9,9.0,2,False
COF,Capital One Financial Corporation,Financial Services,Credit Services,,5.6,,8.6,6.2,6.8,3,False,13.3,5.1,9.2,2,False
COGN3.SA,Cogna Educação S.A.,Consumer Defensive,Education & Training Services,14.0,4.7,8.8,14.9,9.7,10.4,5,False,20.0,2.2,11.1,2,False
COGT,"Cogent Biosciences, Inc.",Healthcare,Biotechnology,13.0,1.2,8.7,7.0,,7.5,4,False,,18.2,18.2,1,True
COHR,Coherent Corp.,Technology,Scientific & Technical Instruments,8.9,8.3,4.8,11.6,0.8,6.9,5,False,0.0,17.9,9.0,2,False
COHU,"Cohu, Inc.",Technology,Semiconductor Equipment & Materials,12.8,3.0,12.6,3.6,7.3,7.9,5,False,,17.4,17.4,1,True
COIN,"Coinbase Global, Inc.",Financial Services,Financial Data & Stock Exchanges,10.6,0.7,,0.6,1.4,3.3,4,False,,0.2,0.2,1,True
COKE,"Coca-Cola Consolidated, Inc.",Consumer Defensive,Beverages - Non-Alcoholic,7.4,19.7,10.6,9.9,18.0,13.1,5,False,5.1,19.4,12.2,2,False
COL.MC,"Colonial SFL, Socimi S. A.",Real Estate,REIT - Office,9.4,8.3,4.9,18.4,15.8,11.4,5,False,20.0,8.5,14.2,2,False
COLB,"Columbia Banking System, Inc.",Financial Services,Banks - Regional,,8.3,,13.3,11.3,11.0,3,False,12.3,10.7,11.5,2,False
COLD,"Americold Realty Trust, Inc.",Real Estate,REIT - Industrial,4.5,0.4,10.3,2.0,14.9,6.4,5,False,,17.6,17.6,1,True
COLM,Columbia Sportswear Company,Consumer Cyclical,Apparel Manufacturing,15.2,11.3,17.2,7.7,17.6,13.8,5,False,16.1,13.8,15.0,2,False
COMP,"Compass, Inc.",Real Estate,Real Estate Services,8.1,6.8,13.9,2.7,,7.9,4,False,0.0,17.9,9.0,2,False
CON,"Concentra Group Holdings Parent, Inc.",Healthcare,Medical Care Facilities,3.4,19.2,8.6,14.6,19.6,13.1,5,False,8.5,15.5,12.0,2,False
CON.DE,Continental Aktiengesellschaft,Consumer Cyclical,Auto Parts,4.6,1.6,,8.0,,4.7,3,False,,17.3,17.3,1,True
COO,"The Cooper Companies, Inc.",Healthcare,Medical Instruments & Supplies,5.4,8.9,8.6,8.4,6.4,7.5,5,False,0.0,7.5,3.8,2,False
COP,ConocoPhillips,Energy,Oil & Gas E&P,12.4,11.6,12.6,12.0,15.6,12.8,5,False,6.2,10.4,8.3,2,False
COR,"Cencora, Inc.",Healthcare,Medical Distribution,0.6,19.7,8.8,9.1,11.9,10.0,5,False,1.3,7.9,4.6,2,False
CORD.L,Cordiant Digital Infrastructure Limited,Financial Services,Asset Management,8.0,12.7,,19.5,,13.4,3,False,20.0,12.6,16.3,2,False
CORT,Corcept Therapeutics Incorporated,Healthcare,Biotechnology,14.0,11.1,9.4,13.6,5.8,10.8,5,False,0.0,13.3,6.6,2,False
CORZ,"Core Scientific, Inc.",Technology,Software - Infrastructure,2.6,,9.5,5.8,,6.0,3,False,,5.4,5.4,1,True
COST,Costco Wholesale Corporation,Consumer Defensive,Discount Stores,8.7,18.0,10.1,5.4,2.5,8.9,5,False,0.0,10.0,5.0,2,False
COST.L,Costain Group PLC,Industrials,Engineering & Construction,14.6,12.5,,4.4,,10.5,3,False,12.5,18.1,15.3,2,False
COTY,Coty Inc.,Consumer Defensive,Household & Personal Products,3.9,0.6,9.6,0.6,1.3,3.2,5,False,,1.2,1.2,1,True
CP,Canadian Pacific Kansas City Limited,Industrials,Railroads,5.8,6.5,,18.8,,10.4,3,False,0.0,12.8,6.4,2,False
CP.TO,Canadian Pacific Kansas City Limited,Industrials,Railroads,5.8,6.5,7.0,18.8,9.5,9.5,5,False,0.0,12.7,6.4,2,False
CPA,"Copa Holdings, S.A.",Industrials,Airlines,6.6,16.2,5.0,12.0,16.9,11.3,5,False,13.3,9.7,11.5,2,False
CPAY,"Corpay, Inc.",Technology,Software - Infrastructure,1.0,16.9,9.6,18.4,13.6,11.9,5,False,13.8,12.6,13.2,2,False
CPB,The Campbell's Company,Consumer Defensive,Packaged Foods,2.4,13.4,8.2,11.6,17.5,10.6,5,False,18.5,2.4,10.4,2,False
CPF,Central Pacific Financial Corp.,Financial Services,Banks - Regional,,12.1,,10.6,10.9,11.2,3,False,11.9,12.1,12.0,2,False
CPFE3.SA,CPFL Energia S.A.,Utilities,Utilities - Regulated Electric,11.4,19.2,15.4,13.4,18.7,15.6,5,False,20.0,16.2,18.1,2,False
CPG.L,Compass Group PLC,Consumer Cyclical,Restaurants,7.2,16.6,10.8,7.4,6.5,9.7,5,False,7.3,7.7,7.5,2,False
CPK,Chesapeake Utilities Corporation,Utilities,Utilities - Regulated Gas,7.8,9.6,11.6,14.4,2.3,9.1,5,False,5.6,6.8,6.2,2,False
CPLE6.SA,,,,,,,,,,0,True,,,,0,True
CPNG,"Coupang, Inc.",Consumer Cyclical,Internet Retail,5.4,1.0,10.2,1.4,1.5,3.9,5,False,,0.4,0.4,1,True
CPR.MI,Davide Campari-Milano N.V.,Consumer Defensive,Beverages - Wineries & Distilleries,12.0,6.4,6.4,14.6,3.2,8.5,5,False,12.9,12.4,12.6,2,False
CPRI,Capri Holdings Limited,Consumer Cyclical,Luxury Goods,2.1,19.8,10.9,5.6,10.4,9.8,5,False,13.5,1.9,7.7,2,False
CPRT,"Copart, Inc.",Industrials,Specialty Business Services,19.4,14.0,15.2,19.0,,16.9,4,False,12.5,1.6,7.0,2,False
CPT,Camden Property Trust,Real Estate,REIT - Residential,3.6,11.3,7.6,9.0,10.1,8.3,5,False,7.0,8.9,8.0,2,False
CPX.TO,Capital Power Corporation,Utilities,Utilities - Independent Power Producers,9.6,2.0,12.8,2.4,13.8,8.1,5,False,0.0,6.9,3.4,2,False
CRAI,"CRA International, Inc.",Industrials,Consulting Services,3.2,17.0,8.1,9.4,15.8,10.7,5,False,10.8,3.4,7.1,2,False
CRBG,"Corebridge Financial, Inc.",Financial Services,Asset Management,4.0,3.6,,2.8,19.6,7.5,4,False,0.0,5.7,2.8,2,False
CRC,California Resources Corporation,Energy,Oil & Gas E&P,7.4,2.6,11.5,8.5,17.7,9.5,5,False,,2.1,2.1,1,True
CRCT,"Cricut, Inc.",Technology,Computer Hardware,15.0,16.3,9.8,13.8,19.8,14.9,5,False,13.8,6.7,10.2,2,False
CRDA.L,Croda International Plc,Basic Materials,Specialty Chemicals,11.0,6.3,,8.8,,8.7,3,False,0.0,10.7,5.4,2,False
CRDO,Credo Technology Group Holding Ltd,Technology,Semiconductors,18.6,17.2,12.1,17.6,,16.4,4,False,0.0,13.8,6.9,2,False
CRFB3.SA,,,,,,,,,,0,True,,,,0,True
CRGY,Crescent Energy Company,Energy,Oil & Gas E&P,5.9,3.6,9.8,10.4,3.4,6.6,5,False,0.0,13.1,6.6,2,False
CRH,CRH plc,Basic Materials,Building Materials,5.8,14.1,9.0,11.4,16.1,11.3,5,False,13.3,1.0,7.2,2,False
CRI,"Carter's, Inc.",Consumer Cyclical,Apparel Retail,11.4,15.0,13.1,14.8,18.4,14.5,5,False,20.0,14.8,17.4,2,False
CRK,"Comstock Resources, Inc.",Energy,Oil & Gas E&P,2.7,13.7,1.2,10.1,2.3,6.0,5,False,18.2,0.4,9.3,2,False
CRL,"Charles River Laboratories International, Inc.",Healthcare,Diagnostics & Research,2.9,7.0,8.8,9.2,8.0,7.2,5,False,,16.7,16.7,1,True
CRM,"Salesforce, Inc.",Technology,Software - Application,2.9,14.6,10.8,16.0,15.8,12.0,5,False,14.6,8.7,11.6,2,False
CRNX,"Crinetics Pharmaceuticals, Inc.",Healthcare,Biotechnology,17.3,3.5,9.6,4.4,2.2,7.4,5,False,,,,0,True
CRON,Cronos Group Inc.,Healthcare,Drug Manufacturers - Specialty & Generic,18.9,10.4,14.0,17.2,4.7,13.0,5,False,13.1,11.2,12.1,2,False
CROX,"Crocs, Inc.",Consumer Cyclical,Footwear & Accessories,9.1,18.4,13.4,17.6,15.9,14.9,5,False,17.4,18.1,17.8,2,False
CRR.UN.TO,,,,,,,,,,0,True,,,,0,True
CRS,Carpenter Technology Corporation,Industrials,Metal Fabrication,15.4,16.9,10.4,17.4,2.3,12.5,5,False,0.0,18.9,9.4,2,False
CRSP,CRISPR Therapeutics AG,Healthcare,Biotechnology,13.7,5.1,11.1,4.1,,8.5,4,False,,4.6,4.6,1,True
CRSR,"Corsair Gaming, Inc.",Technology,Computer Hardware,8.0,7.1,12.8,5.0,,8.2,4,False,0.0,12.2,6.1,2,False
CRT.UN.TO,,,,,,,,,,0,True,,,,0,True
CRUS,"Cirrus Logic, Inc.",Technology,Semiconductors,17.1,14.9,17.4,15.2,15.9,16.1,5,False,20.0,4.9,12.4,2,False
CRVL,CorVel Corporation,Financial Services,Insurance Brokers,14.8,18.6,,4.8,2.9,10.3,4,False,10.0,1.9,6.0,2,False
CRVS,"Corvus Pharmaceuticals, Inc.",Healthcare,Biotechnology,18.8,4.4,10.7,7.0,,10.2,4,False,,16.9,16.9,1,True
CRWD,"CrowdStrike Holdings, Inc.",Technology,Software - Infrastructure,11.2,4.6,8.3,4.4,,7.1,4,False,0.0,16.1,8.0,2,False
CRWV,"CoreWeave, Inc.",Technology,Software - Infrastructure,0.5,0.8,0.5,2.6,1.5,1.2,5,False,,1.1,1.1,1,True
CS.TO,Capstone Copper Corp.,Basic Materials,Copper,7.3,13.5,,14.3,,11.7,3,False,10.6,11.9,11.2,2,False
CSAN,Cosan S.A.,Energy,Oil & Gas Refining & Marketing,8.4,0.5,,6.0,,5.0,3,False,,0.3,0.3,1,True
CSAN3.SA,Cosan S.A.,Energy,Oil & Gas Refining & Marketing,8.4,0.5,2.7,6.0,19.9,7.5,5,False,,0.2,0.2,1,True
CSGP,"CoStar Group, Inc.",Real Estate,Real Estate Services,17.8,3.5,11.8,4.0,2.0,7.8,5,False,0.0,0.1,0.0,2,False
CSH.UN.TO,,,,,,,,,,0,True,,,,0,True
CSIQ,Canadian Solar Inc.,Technology,Solar,1.2,2.7,0.1,3.2,,1.8,4,False,,6.1,6.1,1,True
CSL,Carlisle Companies Incorporated,Industrials,Building Products & Equipment,9.2,18.7,12.4,16.4,19.6,15.3,5,False,16.7,8.8,12.8,2,False
CSN.L,Chesnara plc,Financial Services,Insurance - Life,14.0,1.2,,3.4,,6.2,3,False,0.0,14.7,7.4,2,False
CSNA3.SA,Companhia Siderúrgica Nacional,Basic Materials,Steel,1.9,1.8,0.3,3.6,20.0,5.5,5,False,,0.4,0.4,1,True
CSQ,Calamos Strategic Total Return Fund,Financial Services,Asset Management,9.2,19.0,,15.2,14.8,14.6,4,False,20.0,9.3,14.6,2,False
CSQR,"Csquare, Inc.",Technology,Information Technology Services,5.4,,0.3,4.8,18.8,7.3,4,False,,,,0,True
CSTM,Constellium SE,Basic Materials,Aluminum,1.2,19.8,5.7,7.8,8.0,8.5,5,False,17.1,17.3,17.2,2,False
CSU.TO,Constellation Software Inc.,Technology,Software - Application,3.7,15.7,,11.2,,10.2,3,False,0.0,4.1,2.0,2,False
CSW,"CSW Industrials, Inc.",Industrials,Specialty Industrial Machinery,9.5,9.1,7.2,15.0,7.7,9.7,5,False,0.3,13.5,6.9,2,False
CSWC,Capital Southwest Corporation,Financial Services,Asset Management,12.7,8.7,,18.1,17.5,14.2,4,False,11.1,12.8,12.0,2,False
CSX,CSX Corporation,Industrials,Railroads,3.5,16.6,7.8,18.6,14.4,12.2,5,False,0.0,16.1,8.0,2,False
CTAS,Cintas Corporation,Industrials,Specialty Business Services,7.2,18.9,10.7,17.4,9.3,12.7,5,False,0.0,6.8,3.4,2,False
CTBI,"Community Trust Bancorp, Inc.",Financial Services,Banks - Regional,,10.4,,15.6,5.9,10.6,3,False,10.8,15.4,13.1,2,False
CTC.A.TO,,,,,,,,,,0,True,,,,0,True
CTEC.L,Convatec Group PLC,Healthcare,Medical Instruments & Supplies,3.6,10.8,,12.8,,9.1,3,False,3.2,6.6,4.9,2,False
CTOS,"Custom Truck One Source, Inc.",Industrials,Rental & Leasing Services,0.6,3.3,7.1,5.6,8.2,5.0,5,False,0.0,16.0,8.0,2,False
CTRE,"CareTrust REIT, Inc.",Real Estate,REIT - Healthcare Facilities,15.0,12.4,10.4,16.9,2.9,11.5,5,False,18.3,14.8,16.6,2,False
CTRI,"Centuri Holdings, Inc.",Utilities,Utilities - Regulated Gas,16.2,2.9,16.3,1.8,,9.3,4,False,0.0,4.7,2.4,2,False
CTS,CTS Corporation,Technology,Electronic Components,13.0,11.0,12.0,13.3,13.4,12.5,5,False,13.0,12.8,12.9,2,False
CTSH,Cognizant Technology Solutions Corporation,Technology,Information Technology Services,12.6,12.6,12.0,12.6,17.1,13.4,5,False,15.2,6.8,11.0,2,False
CTVA,"Corteva, Inc.",Basic Materials,Agricultural Inputs,10.4,7.1,12.4,11.4,10.9,10.4,5,False,0.0,10.3,5.2,2,False
CU.TO,Canadian Utilities Limited,Utilities,Utilities - Diversified,11.8,1.9,10.6,9.9,17.9,10.4,5,False,0.0,18.4,9.2,2,False
CUBE,CubeSmart,Real Estate,REIT - Industrial,3.6,15.6,11.9,13.5,12.5,11.4,5,False,6.0,9.4,7.7,2,False
CUERVO.MX,"Becle, S.A.B. de C.V.",Consumer Defensive,Beverages - Wineries & Distilleries,15.8,9.6,14.0,16.8,7.0,12.6,5,False,20.0,2.1,11.0,2,False
CURA.TO,"Curaleaf Holdings, Inc.",Healthcare,Drug Manufacturers - Specialty & Generic,1.6,7.8,,6.7,,5.4,3,False,,10.4,10.4,1,True
CURB,Curbline Properties Corp.,Real Estate,REIT - Retail,17.5,4.2,12.8,8.4,1.2,8.8,5,False,0.0,18.4,9.2,2,False
CUZ,Cousins Properties Incorporated,Real Estate,REIT - Office,8.2,3.0,3.9,6.4,9.0,6.1,5,False,0.0,10.8,5.4,2,False
CVBF,CVB Financial Corp.,Financial Services,Banks - Regional,,4.0,,15.8,10.1,10.0,3,False,6.9,11.1,9.0,2,False
CVCB3.SA,CVC Brasil Operadora e Agência de Viagens S.A.,Consumer Cyclical,Travel Services,4.0,0.6,13.9,2.7,1.5,4.5,5,False,0.0,8.9,4.4,2,False
CVCO,"Cavco Industries, Inc.",Consumer Cyclical,Residential Construction,16.6,13.5,13.6,11.4,7.0,12.4,5,False,0.0,9.2,4.6,2,False
CVE,Cenovus Energy Inc.,Energy,Oil & Gas Integrated,11.6,15.0,,10.8,,12.5,3,False,9.4,17.7,13.6,2,False
CVE.TO,Cenovus Energy Inc.,Energy,Oil & Gas Integrated,11.6,15.0,13.6,10.8,9.0,12.0,5,False,9.5,17.8,13.6,2,False
CVI,"CVR Energy, Inc.",Energy,Oil & Gas Refining & Marketing,4.8,16.5,10.2,2.8,11.3,9.1,5,False,0.0,4.0,2.0,2,False
CVLT,"Commvault Systems, Inc.",Technology,Software - Application,7.2,17.6,12.1,8.8,16.9,12.5,5,False,0.0,2.1,1.0,2,False
CVNA,Carvana Co.,Consumer Cyclical,Auto & Truck Dealerships,12.2,19.1,10.1,10.3,,12.9,4,False,0.0,9.4,4.7,2,False
CVS,CVS Health Corporation,Healthcare,Healthcare Plans,2.6,9.9,9.3,9.6,15.6,9.4,5,False,10.1,12.2,11.1,2,False
CVSA,Covista Inc.,Consumer Defensive,Education & Training Services,12.3,15.7,13.3,16.5,14.2,14.4,5,False,9.5,3.9,6.7,2,False
CVSG.L,CVS Group plc,Healthcare,Medical Care Facilities,3.4,9.9,,11.7,,8.3,3,False,0.0,8.1,4.0,2,False
CVX,Chevron Corporation,Energy,Oil & Gas Integrated,12.3,10.3,13.6,10.0,16.1,12.5,5,False,0.0,9.2,4.6,2,False
CW,Curtiss-Wright Corporation,Industrials,Aerospace & Defense,10.6,15.2,12.0,15.8,7.1,12.1,5,False,9.8,8.9,9.4,2,False
CWEN,"Clearway Energy, Inc.",Utilities,Utilities - Renewable,10.0,0.7,10.4,9.3,16.4,9.4,5,False,1.4,14.6,8.0,2,False
CWK,Cushman & Wakefield Limited,Real Estate,Real Estate Services,8.8,6.7,10.8,3.0,0.6,6.0,5,False,0.0,3.1,1.6,2,False
CWR.L,Ceres Power Holdings plc,Industrials,Electrical Equipment & Parts,19.2,1.4,,0.4,,7.0,3,False,,19.8,19.8,1,True
CWST,"Casella Waste Systems, Inc.",Industrials,Waste Management,5.9,2.3,7.0,3.4,,4.6,4,False,0.0,6.1,3.0,2,False
CWT,California Water Service Group,Utilities,Utilities - Regulated Water,12.3,6.3,10.6,13.8,4.7,9.5,5,False,10.0,12.9,11.4,2,False
CX,"CEMEX, S.A.B. de C.V.",Basic Materials,Building Materials,4.5,6.6,10.6,7.6,2.4,6.3,5,False,0.0,8.9,4.4,2,False
CXM,"Sprinklr, Inc.",Technology,Software - Application,12.2,6.1,17.6,6.2,18.9,12.2,5,False,0.0,8.1,4.0,2,False
CXT,"Crane NXT, Co.",Industrials,Business Equipment & Supplies,6.6,9.6,11.0,12.0,6.0,9.0,5,False,2.9,1.7,2.3,2,False
CXW,"CoreCivic, Inc.",Industrials,Security & Protection Services,8.2,7.2,4.5,8.1,14.1,8.4,5,False,3.6,17.8,10.7,2,False
CYD,China Yuchai International Limited,Consumer Cyclical,Auto Manufacturers,,,,6.7,,6.7,1,True,18.0,8.8,13.4,2,False
CYRE3.SA,Cyrela Brazil Realty S.A. Empreendimentos e Participações,Consumer Cyclical,Residential Construction,14.2,14.9,3.3,16.4,14.6,12.7,5,False,20.0,5.7,12.8,2,False
CYTK,"Cytokinetics, Incorporated",Healthcare,Biotechnology,14.5,,5.8,4.4,,8.2,3,False,,12.2,12.2,1,True
CZR,"Caesars Entertainment, Inc.",Consumer Cyclical,Resorts & Casinos,4.3,1.5,9.0,8.8,4.4,5.6,5,False,,13.0,13.0,1,True
D,"Dominion Energy, Inc.",Utilities,Utilities - Regulated Electric,6.3,7.2,4.4,15.0,16.1,9.8,5,False,5.5,12.5,9.0,2,False
DAC,Danaos Corporation,Industrials,Marine Shipping,16.9,11.7,,19.7,,16.1,3,False,20.0,18.2,19.1,2,False
DAKT,"Daktronics, Inc.",Technology,Electronic Components,13.8,13.1,12.8,9.4,11.1,12.0,5,False,14.7,5.9,10.3,2,False
DAL,"Delta Air Lines, Inc.",Industrials,Airlines,3.0,15.2,10.4,7.5,3.6,7.9,5,False,4.5,15.3,9.9,2,False
DAN,Dana Incorporated,Consumer Cyclical,Auto Parts,10.9,2.5,14.0,10.9,19.7,11.6,5,False,,18.6,18.6,1,True
DAR,Darling Ingredients Inc.,Consumer Defensive,Packaged Foods,10.0,10.6,5.6,13.1,0.8,8.0,5,False,10.8,20.0,15.4,2,False
DASH,"DoorDash, Inc.",Consumer Cyclical,Internet Retail,14.3,8.9,15.2,6.6,0.9,9.2,5,False,0.0,5.5,2.8,2,False
DAVE,Dave Inc.,Technology,Software - Application,8.6,19.7,10.0,18.5,3.5,12.1,5,False,14.4,15.6,15.0,2,False
DB,Deutsche Bank Aktiengesellschaft,Financial Services,Banks - Regional,,5.3,,8.8,,7.0,2,True,14.0,9.6,11.8,2,False
DBRG,"DigitalBridge Group, Inc.",Financial Services,Asset Management,12.2,7.2,,16.1,5.4,10.2,4,False,16.1,14.7,15.4,2,False
DBX,"Dropbox, Inc.",Technology,Software - Infrastructure,6.5,,10.1,16.0,19.6,13.0,4,False,17.5,9.8,13.6,2,False
DCH,Dauch Corporation,Consumer Cyclical,Auto Parts,7.2,1.3,10.4,3.2,1.3,4.7,5,False,,11.4,11.4,1,True
DCI,"Donaldson Company, Inc.",Industrials,Specialty Industrial Machinery,10.2,17.4,,14.1,,13.9,3,False,13.3,10.2,11.8,2,False
DCO,Ducommun Incorporated,Industrials,Aerospace & Defense,14.2,1.8,9.4,6.3,,7.9,4,False,,18.5,18.5,1,True
DCOM,"Dime Commercial Bancshares, Inc.",Financial Services,Banks - Regional,,5.2,,12.3,6.7,8.1,3,False,8.0,15.5,11.8,2,False
DD,"DuPont de Nemours, Inc.",Basic Materials,Specialty Chemicals,12.6,4.9,14.4,6.9,18.2,11.4,5,False,0.0,12.9,6.4,2,False
DDOG,"Datadog, Inc.",Technology,Software - Application,13.2,6.3,9.8,6.2,,8.9,4,False,0.0,14.7,7.4,2,False
DDS,"Dillard's, Inc.",Consumer Cyclical,Department Stores,16.6,17.5,,10.5,,14.9,3,False,10.2,12.1,11.1,2,False
DE,Deere & Company,Industrials,Farm & Heavy Construction Machinery,8.6,14.6,8.0,13.6,13.1,11.6,5,False,0.0,16.3,8.2,2,False
DEA,"Easterly Government Properties, Inc.",Real Estate,REIT - Office,6.2,3.3,9.9,7.0,17.4,8.8,5,False,0.0,14.9,7.4,2,False
DECK,Deckers Outdoor Corporation,Consumer Cyclical,Footwear & Accessories,17.2,18.4,17.0,16.0,13.6,16.4,5,False,15.4,5.8,10.6,2,False
DEI,"Douglas Emmett, Inc.",Real Estate,REIT - Office,6.0,1.9,10.6,5.4,16.2,8.0,5,False,,2.1,2.1,1,True
DELL,Dell Technologies Inc.,Technology,Computer Hardware,1.7,,4.8,10.2,9.8,6.6,4,False,0.0,18.9,9.4,2,False
DEO,Diageo plc,Consumer Defensive,Beverages - Wineries & Distilleries,4.2,12.9,8.1,16.1,12.8,10.8,5,False,10.0,8.6,9.3,2,False
DFH,"Dream Finders Homes, Inc.",Consumer Cyclical,Residential Construction,6.4,9.4,1.6,5.0,7.1,5.9,5,False,14.7,0.6,7.6,2,False
DFIN,"Donnelley Financial Solutions, Inc.",Technology,Software - Application,7.0,8.7,11.4,12.2,18.4,11.5,5,False,10.0,6.0,8.0,2,False
DFTX,"Definium Therapeutics, Inc.",Healthcare,Biotechnology,15.6,2.2,12.5,7.0,,9.3,4,False,,19.1,19.1,1,True
DFY.TO,Definity Financial Corporation,Financial Services,Insurance - Property & Casualty,6.2,8.7,,3.7,2.5,5.3,4,False,0.0,5.4,2.7,2,False
DG,Dollar General Corporation,Consumer Defensive,Discount Stores,1.8,16.1,8.5,7.6,4.7,7.7,5,False,11.6,15.6,13.6,2,False
DGX,Quest Diagnostics Incorporated,Healthcare,Diagnostics & Research,5.5,14.8,8.6,14.1,12.2,11.0,5,False,13.6,12.1,12.8,2,False
DHC,Diversified Healthcare Trust,Real Estate,REIT - Healthcare Facilities,11.8,0.5,11.1,1.0,0.8,5.0,5,False,,19.7,19.7,1,True
DHI,"D.R. Horton, Inc.",Consumer Cyclical,Residential Construction,9.6,11.2,13.2,13.4,15.1,12.5,5,False,8.3,5.9,7.1,2,False
DHR,Danaher Corporation,Healthcare,Diagnostics & Research,6.7,10.7,8.8,16.2,13.3,11.1,5,False,6.0,8.7,7.4,2,False
DHT,"DHT Holdings, Inc.",Energy,Oil & Gas Midstream,16.0,19.2,9.2,19.4,14.0,15.6,5,False,20.0,16.9,18.4,2,False
DINO,HF Sinclair Corporation,Energy,Oil & Gas Refining & Marketing,12.2,14.3,16.4,6.6,14.6,12.8,5,False,15.9,18.3,17.1,2,False
DIOD,Diodes Incorporated,Technology,Semiconductors,14.5,6.3,14.3,8.2,3.2,9.3,5,False,3.2,15.1,9.2,2,False
DIR.UN.TO,,,,,,,,,,0,True,,,,0,True
DIS,The Walt Disney Company,Communication Services,Entertainment,7.9,8.8,6.4,12.2,5.8,8.2,5,False,12.8,7.9,10.4,2,False
DJT,Trump Media & Technology Group Corp.,Communication Services,Internet Content & Information,7.0,0.5,16.2,2.4,2.9,5.8,5,False,,1.8,1.8,1,True
DK,"Delek US Holdings, Inc.",Energy,Oil & Gas Refining & Marketing,1.0,19.7,10.4,3.8,8.7,8.7,5,False,3.5,19.5,11.5,2,False
DKNG,DraftKings Inc.,Consumer Cyclical,Gambling,5.6,1.0,12.0,1.4,6.2,5.2,5,False,,1.7,1.7,1,True
DKS,"DICK'S Sporting Goods, Inc.",Consumer Cyclical,Specialty Retail,3.6,14.2,3.3,8.2,14.2,8.7,5,False,12.1,1.4,6.8,2,False
DLO,DLocal Limited,Technology,Software - Infrastructure,11.2,18.5,18.2,13.5,12.1,14.7,5,False,15.2,8.1,11.6,2,False
DLR,"Digital Realty Trust, Inc.",Real Estate,REIT - Specialty,12.4,5.9,13.3,9.1,3.0,8.7,5,False,0.0,13.0,6.5,2,False
DLTR,"Dollar Tree, Inc.",Consumer Defensive,Discount Stores,2.0,19.1,8.0,9.4,7.8,9.3,5,False,12.7,17.4,15.0,2,False
DLX,Deluxe Corporation,Industrials,Conglomerates,3.2,12.4,10.2,8.7,16.2,10.1,5,False,15.6,13.0,14.3,2,False
DMC,Del Monte Corporation,Consumer Defensive,Farm Products,13.8,2.6,4.2,3.3,10.5,6.9,5,False,0.0,6.9,3.4,2,False
DML.TO,Denison Mines Corp.,Energy,Uranium,10.4,0.2,9.9,1.4,,5.5,4,False,,5.8,5.8,1,True
DMRA,"Damora Therapeutics, Inc.",Healthcare,Biotechnology,19.1,1.3,12.9,7.0,,10.1,4,False,,19.9,19.9,1,True
DNLI,Denali Therapeutics Inc.,Healthcare,Biotechnology,15.8,2.6,9.1,3.8,,7.8,4,False,,15.7,15.7,1,True
DNN,Denison Mines Corp.,Energy,Uranium,10.4,0.2,,1.4,,4.0,3,False,,6.2,6.2,1,True
DNOW,DNOW Inc.,Industrials,Industrial Distribution,11.1,0.9,4.4,1.8,6.6,5.0,5,False,,8.4,8.4,1,True
DNTH,"Dianthus Therapeutics, Inc.",Healthcare,Biotechnology,19.5,5.3,10.8,3.6,,9.8,4,False,,18.5,18.5,1,True
DOC,"Healthpeak Properties, Inc.",Real Estate,REIT - Healthcare Facilities,11.8,6.0,12.6,6.7,13.7,10.2,5,False,1.7,14.6,8.2,2,False
DOCN,"DigitalOcean Holdings, Inc.",Technology,Software - Infrastructure,4.4,19.1,4.0,13.4,10.4,10.3,5,False,0.0,18.9,9.4,2,False
DOCS,"Doximity, Inc.",Healthcare,Health Information Services,16.2,15.8,15.6,17.5,18.1,16.6,5,False,13.9,0.3,7.1,2,False
DOCU,"DocuSign, Inc.",Technology,Software - Application,8.2,13.3,16.0,11.4,15.6,12.9,5,False,2.6,5.6,4.1,2,False
DOL.TO,Dollarama Inc.,Consumer Defensive,Discount Stores,5.0,19.7,,17.4,,14.0,3,False,0.0,7.4,3.7,2,False
DOLE,Dole plc,Consumer Defensive,Farm Products,8.6,6.6,10.0,2.8,5.2,6.6,5,False,13.5,10.7,12.1,2,False
DOO,BRP Inc.,Consumer Cyclical,Recreational Vehicles,3.7,19.0,,8.0,,10.2,3,False,6.7,10.9,8.8,2,False
DORM,"Dorman Products, Inc.",Consumer Cyclical,Auto Parts,15.8,12.8,11.4,16.5,3.2,11.9,5,False,9.0,4.7,6.8,2,False
DOV,Dover Corporation,Industrials,Specialty Industrial Machinery,12.6,12.4,12.8,15.2,11.0,12.8,5,False,13.6,11.6,12.6,2,False
DOW,Dow Inc.,Basic Materials,Chemicals,4.2,2.6,4.6,4.8,18.8,7.0,5,False,,12.8,12.8,1,True
DOX,Amdocs Limited,Technology,Software - Infrastructure,6.2,11.8,11.6,12.6,19.2,12.3,5,False,20.0,3.1,11.6,2,False
DPM.TO,DPM Metals Inc.,Basic Materials,Gold,18.6,18.4,,19.2,,18.7,3,False,10.2,18.4,14.3,2,False
DPZ,"Domino's Pizza, Inc.",Consumer Cyclical,Restaurants,11.0,,8.9,16.2,11.1,11.8,4,False,13.1,4.4,8.8,2,False
DRH,DiamondRock Hospitality Company,Real Estate,REIT - Hotel & Motel,15.2,13.5,7.6,8.8,12.0,11.4,5,False,16.6,19.3,18.0,2,False
DRI,"Darden Restaurants, Inc.",Consumer Cyclical,Restaurants,1.0,19.0,8.7,13.6,11.4,10.7,5,False,11.7,14.5,13.1,2,False
DRS,"Leonardo DRS, Inc.",Industrials,Aerospace & Defense,16.0,10.3,14.0,10.6,3.1,10.8,5,False,13.9,3.3,8.6,2,False
DRTS,Alpha Tau Medical Ltd.,Healthcare,Biotechnology,13.2,1.0,9.2,7.0,,7.6,4,False,,19.0,19.0,1,True
DRVN,Driven Brands Holdings Inc.,Consumer Cyclical,Auto & Truck Dealerships,8.2,14.9,10.5,13.6,2.1,9.9,5,False,14.8,3.6,9.2,2,False
DSG.TO,The Descartes Systems Group Inc.,Technology,Software - Application,16.6,10.3,,17.6,,14.8,3,False,4.2,4.4,4.3,2,False
DSGR,"Distribution Solutions Group, Inc.",Industrials,Industrial Distribution,7.6,2.8,5.9,3.8,4.0,4.8,5,False,0.0,11.2,5.6,2,False
DSGX,The Descartes Systems Group Inc.,Technology,Software - Application,16.6,10.3,13.0,17.6,0.6,11.6,5,False,4.8,4.5,4.6,2,False
DSL,DoubleLine Income Solutions Fund,Financial Services,Asset Management,,,,1.2,19.3,10.2,2,True,0.0,3.3,1.6,2,False
DSV.TO,Discovery Mining Ltd.,Basic Materials,Silver,15.0,19.2,,15.6,,16.6,3,False,14.3,19.4,16.8,2,False
DT,"Dynatrace, Inc.",Technology,Software - Application,11.1,7.2,12.8,10.4,9.3,10.2,5,False,0.0,9.2,4.6,2,False
DTB,DTE Energy Company 2020 Series ,,,,,,,,,0,True,,,,0,True
DTE,DTE Energy Company,Utilities,Utilities - Regulated Electric,5.6,12.8,4.9,6.3,8.6,7.6,5,False,7.1,5.8,6.4,2,False
DTG,DTE Energy Company 2021 Series ,,,,,,,,,0,True,,,,0,True
DTM,"DT Midstream, Inc.",Energy,Oil & Gas Midstream,9.8,8.0,7.6,17.3,4.7,9.5,5,False,0.0,4.5,2.2,2,False
DTW,DTE Energy Company JR SUB DB 2017 E,,,,,,,,,0,True,,,,0,True
DUK,Duke Energy Corporation,Utilities,Utilities - Regulated Electric,4.6,11.2,9.1,15.3,15.1,11.1,5,False,10.5,6.5,8.5,2,False
DUKB,Duke Energy Corporation 5.625% ,,,,,,,,,0,True,,,,0,True
DUOL,"Duolingo, Inc.",Technology,Software - Application,15.6,17.8,15.4,14.7,,15.9,4,False,18.3,0.3,9.3,2,False
DV,"DoubleVerify Holdings, Inc.",Communication Services,Advertising Agencies,18.0,6.7,14.9,9.2,10.6,11.9,5,False,0.0,13.9,7.0,2,False
DVA,DaVita Inc.,Healthcare,Medical Care Facilities,3.5,19.6,9.5,13.4,19.4,13.1,5,False,14.9,12.7,13.8,2,False
DVN,Devon Energy Corporation,Energy,Oil & Gas E&P,9.7,9.5,8.8,13.7,9.7,10.3,5,False,16.0,9.8,12.9,2,False
DX,"Dynex Capital, Inc.",Real Estate,REIT - Mortgage,0.7,17.7,0.7,19.0,11.4,9.9,5,False,18.2,16.2,17.2,2,False
DXC,DXC Technology Company,Technology,Information Technology Services,5.7,5.8,10.2,4.9,19.9,9.3,5,False,13.0,4.0,8.5,2,False
DXCM,"DexCom, Inc.",Healthcare,Medical Devices,7.3,19.0,11.2,17.1,10.8,13.1,5,False,3.1,13.1,8.1,2,False
DXCO3.SA,Dexco S.A.,Basic Materials,Lumber & Wood Production,6.0,4.4,3.4,3.8,13.0,6.1,5,False,,4.6,4.6,1,True
DXPE,"DXP Enterprises, Inc.",Industrials,Industrial Distribution,10.1,14.7,7.9,7.4,6.3,9.3,5,False,2.4,17.3,9.8,2,False
DY,"Dycom Industries, Inc.",Industrials,Engineering & Construction,10.2,15.0,8.8,7.6,3.5,9.0,5,False,0.2,6.9,3.6,2,False
DYN,"Dyne Therapeutics, Inc.",Healthcare,Biotechnology,13.5,1.6,8.4,7.0,,7.6,4,False,,17.1,17.1,1,True
E,Eni S.p.A.,Energy,Oil & Gas Integrated,8.0,9.1,,6.1,,7.7,3,False,9.9,13.2,11.6,2,False
EAI,"Entergy Arkansas, Inc. 1M BD 4.875%66",,,,,,,,,0,True,,,,0,True
EAT,"Brinker International, Inc.",Consumer Cyclical,Restaurants,1.8,19.7,10.8,12.2,3.8,9.7,5,False,11.4,19.4,15.4,2,False
EBAY,eBay Inc.,Consumer Cyclical,Internet Retail,8.7,18.7,11.4,17.8,13.5,14.0,5,False,12.4,14.4,13.4,2,False
EBC,"Eastern Bankshares, Inc.",Financial Services,Banks - Regional,,6.1,,14.6,6.6,9.1,3,False,11.7,11.6,11.6,2,False
ECAT,BlackRock ESG Capital Allocation Term Trust,Financial Services,Asset Management,,,,1.2,19.8,10.5,2,True,20.0,8.6,14.3,2,False
ECG,"Everus Construction Group, Inc.",Industrials,Engineering & Construction,12.8,18.8,12.8,8.2,,13.2,4,False,4.5,14.5,9.5,2,False
ECHO,EchoStar Corporation,Communication Services,Telecom Services,3.4,0.8,2.0,5.6,1.3,2.6,5,False,,14.3,14.3,1,True
ECL,Ecolab Inc.,Basic Materials,Specialty Chemicals,6.1,16.2,9.5,11.9,7.3,10.2,5,False,0.5,5.3,2.9,2,False
ECO,Okeanis Eco Tankers Corp.,Industrials,Marine Shipping,3.8,,8.4,10.5,15.1,9.4,4,False,20.0,19.7,19.8,2,False
ECOR3.SA,EcoRodovias Infraestrutura e Logística S.A.,Industrials,Infrastructure Operations,9.0,10.5,0.2,12.6,11.3,8.7,5,False,15.6,6.0,10.8,2,False
ECPG,"Encore Capital Group, Inc.",Financial Services,Credit Services,10.2,18.6,,8.4,3.3,10.1,4,False,20.0,19.8,19.9,2,False
ECVT,Ecovyst Inc.,Basic Materials,Specialty Chemicals,6.5,6.7,11.2,3.7,13.2,8.3,5,False,0.0,8.2,4.1,2,False
ED,"Consolidated Edison, Inc.",Utilities,Utilities - Regulated Electric,15.0,8.5,12.8,9.0,14.3,11.9,5,False,11.1,11.9,11.5,2,False
EDR.TO,Endeavour Silver Corp.,Basic Materials,Silver,11.0,11.0,,12.4,,11.5,3,False,0.4,11.9,6.2,2,False
EDU,New Oriental Education & Technology Group Inc.,Consumer Defensive,Education & Training Services,15.5,11.1,,9.2,,11.9,3,False,6.8,12.4,9.6,2,False
EE,"Excelerate Energy, Inc.",Energy,Oil & Gas Midstream,11.8,7.1,6.9,7.6,2.1,7.1,5,False,0.0,12.7,6.4,2,False
EEFT,"Euronet Worldwide, Inc.",Technology,Software - Infrastructure,2.6,15.5,10.9,10.1,19.7,11.8,5,False,20.0,3.2,11.6,2,False
EFC,Ellington Financial Inc.,Real Estate,REIT - Mortgage,9.6,15.6,0.1,16.5,18.3,12.0,5,False,6.0,14.3,10.2,2,False
EFN.TO,Element Fleet Management Corp.,Industrials,Rental & Leasing Services,10.2,9.1,,17.1,,12.1,3,False,2.5,1.7,2.1,2,False
EFOR,"Everforth, Inc.",Technology,Information Technology Services,9.2,6.2,10.0,6.2,19.9,10.3,5,False,12.6,1.7,7.2,2,False
EFSC,Enterprise Financial Services Corp,Financial Services,Banks - Regional,,6.3,,9.5,6.4,7.4,3,False,11.1,7.6,9.4,2,False
EFX,Equifax Inc.,Industrials,Consulting Services,2.8,11.9,10.4,13.8,10.5,9.9,5,False,2.4,1.7,2.0,2,False
EFX.TO,Enerflex Ltd.,Energy,Oil & Gas Equipment & Services,8.0,5.1,,4.8,,6.0,3,False,0.0,17.4,8.7,2,False
EFXT,Enerflex Ltd.,Energy,Oil & Gas Equipment & Services,8.0,5.1,13.6,4.8,1.9,6.7,5,False,0.0,17.5,8.8,2,False
EG,"Everest Group, Ltd.",Financial Services,Insurance - Reinsurance,8.5,10.2,,5.2,12.5,9.1,4,False,14.0,6.7,10.4,2,False
EGIE3.SA,Engie Brasil Energia S.A.,Utilities,Utilities - Renewable,10.5,19.5,16.2,18.9,17.7,16.6,5,False,20.0,9.5,14.8,2,False
EIF.TO,Exchange Income Corporation,Industrials,Airlines,4.6,10.7,3.4,9.2,9.7,7.5,5,False,0.0,18.0,9.0,2,False
EIX,Edison International,Utilities,Utilities - Regulated Electric,3.7,18.1,9.0,15.5,19.7,13.2,5,False,20.0,8.4,14.2,2,False
EL,The Estée Lauder Companies Inc.,Consumer Defensive,Household & Personal Products,6.8,4.5,10.3,5.3,5.0,6.4,5,False,0.0,14.0,7.0,2,False
ELAN,Elanco Animal Health Incorporated,Healthcare,Drug Manufacturers - Specialty & Generic,5.1,7.6,10.2,7.8,,7.7,4,False,,10.7,10.7,1,True
ELC,"Entergy Louisiana, LLC COLLATERAL TR MT",,,,,,,,,0,True,,,,0,True
ELE,Elemental Royalty Corporation,Basic Materials,Gold,17.7,4.3,9.9,10.4,,10.6,4,False,,8.9,8.9,1,True
ELEKTRA.MX,,,,,,,,,,0,True,,,,0,True
ELET3.SA,,,,,,,,,,0,True,,,,0,True
ELET6.SA,,,,,,,,,,0,True,,,,0,True
ELF,"e.l.f. Beauty, Inc.",Consumer Defensive,Household & Personal Products,13.0,2.0,8.8,7.7,1.8,6.7,5,False,0.0,3.2,1.6,2,False
ELV,"Elevance Health, Inc.",Healthcare,Healthcare Plans,6.5,13.0,14.2,10.2,16.8,12.1,5,False,15.8,11.5,13.6,2,False
ELVN,"Enliven Therapeutics, Inc.",Healthcare,Biotechnology,19.8,6.1,12.0,7.0,,11.2,4,False,,18.7,18.7,1,True
EMA,Emera Incorporated,Utilities,Utilities - Regulated Electric,7.1,6.1,,9.1,,7.4,3,False,6.5,10.5,8.5,2,False
EMA.TO,Emera Incorporated,Utilities,Utilities - Regulated Electric,7.1,6.1,6.8,9.1,8.1,7.4,5,False,6.6,11.1,8.8,2,False
EMBJ,Embraer S.A.,Industrials,Aerospace & Defense,5.7,10.4,,9.6,,8.6,3,False,14.7,11.8,13.2,2,False
EMBR3.SA,,,,,,,,,,0,True,,,,0,True
EME,"EMCOR Group, Inc.",Industrials,Engineering & Construction,14.2,18.8,13.6,10.0,7.0,12.7,5,False,4.6,10.5,7.6,2,False
EMN,Eastman Chemical Company,Basic Materials,Specialty Chemicals,3.4,8.9,9.4,8.4,17.6,9.5,5,False,15.9,8.9,12.4,2,False
EMP,"Entergy Mississippi, Inc. 1M BD 66",,,,,,,,,0,True,,,,0,True
EMP.A.TO,,,,,,,,,,0,True,,,,0,True
EMR,Emerson Electric Co.,Industrials,Specialty Industrial Machinery,5.7,10.9,12.4,16.8,12.9,11.7,5,False,6.7,11.7,9.2,2,False
ENB,Enbridge Inc.,Energy,Oil & Gas Midstream,2.2,7.6,,6.6,,5.5,3,False,0.0,2.4,1.2,2,False
ENB.TO,Enbridge Inc.,Energy,Oil & Gas Midstream,2.2,7.6,3.4,6.6,14.3,6.8,5,False,0.0,2.7,1.4,2,False
ENBR3.SA,,,,,,,,,,0,True,,,,0,True
ENEV3.SA,Eneva S.A.,Utilities,Utilities - Diversified,14.0,5.5,13.4,6.4,1.0,8.1,5,False,0.0,19.6,9.8,2,False
ENGI11.SA,Energisa S.A.,Utilities,Utilities - Regulated Electric,11.2,9.3,0.8,6.5,20.0,9.6,5,False,0.0,10.2,5.1,2,False
ENHA,Enhanced Group Inc.,Consumer Defensive,Packaged Foods,12.6,,18.9,1.1,,10.9,3,False,,,,0,True
ENJ,"Entergy Utility Group, Inc. 1ST MTG 5% 52",,,,,,,,,0,True,,,,0,True
ENLT,Enlight Renewable Energy Ltd,Utilities,Utilities - Renewable,9.6,4.0,8.6,17.3,,9.9,4,False,0.0,20.0,10.0,2,False
ENO,"Entergy Utility Group, Inc. 1ST MTG BD 66",,,,,,,,,0,True,,,,0,True
ENOV,Enovis Corporation,Healthcare,Medical Devices,3.2,2.6,10.1,5.9,,5.4,4,False,,3.1,3.1,1,True
ENPH,"Enphase Energy, Inc.",Technology,Solar,11.1,11.5,10.7,12.8,17.5,12.7,5,False,9.1,7.6,8.4,2,False
ENSG,"The Ensign Group, Inc.",Healthcare,Medical Care Facilities,4.6,15.7,8.3,12.0,4.3,9.0,5,False,3.7,7.0,5.4,2,False
ENTG,"Entegris, Inc.",Technology,Semiconductor Equipment & Materials,7.6,8.1,6.1,12.8,3.6,7.6,5,False,2.1,13.2,7.6,2,False
ENVA,"Enova International, Inc.",Financial Services,Credit Services,10.6,17.7,,8.0,10.6,11.7,4,False,6.1,19.6,12.8,2,False
EOG,"EOG Resources, Inc.",Energy,Oil & Gas E&P,14.8,15.7,14.4,15.1,16.0,15.2,5,False,14.9,8.4,11.6,2,False
EPAC,Enerpac Tool Group Corp.,Industrials,Specialty Industrial Machinery,14.0,15.7,15.2,16.8,12.8,14.9,5,False,15.0,4.7,9.8,2,False
EPAM,"EPAM Systems, Inc.",Technology,Information Technology Services,16.0,10.1,17.6,10.0,17.6,14.3,5,False,12.6,3.1,7.8,2,False
EPC,Edgewell Personal Care Company,Consumer Defensive,Household & Personal Products,10.7,1.7,11.8,5.0,17.3,9.3,5,False,,18.5,18.5,1,True
EPD,Enterprise Products Partners L.P.,Energy,Oil & Gas Midstream,4.0,14.7,6.4,8.6,15.0,9.7,5,False,14.9,7.8,11.4,2,False
EPR,EPR Properties,Real Estate,REIT - Specialty,9.6,15.0,10.6,15.4,15.2,13.2,5,False,16.1,11.9,14.0,2,False
EPRT,"Essential Properties Realty Trust, Inc.",Real Estate,REIT - Retail,16.1,9.2,9.9,16.9,5.4,11.5,5,False,7.8,10.2,9.0,2,False
EQB.TO,EQB Inc.,Financial Services,Banks - Regional,,1.2,,0.6,10.0,3.9,3,False,,15.4,15.4,1,True
EQBK,"Equity Bancshares, Inc.",Financial Services,Banks - Regional,,2.4,,10.1,5.3,5.9,3,False,0.0,11.3,5.6,2,False
EQH,"Equitable Holdings, Inc.",Financial Services,Asset Management,7.5,0.5,,0.6,19.1,6.9,4,False,,4.7,4.7,1,True
EQIX,"Equinix, Inc.",Real Estate,REIT - Specialty,6.6,14.6,11.5,10.1,2.3,9.0,5,False,0.0,18.5,9.2,2,False
EQNR,Equinor ASA,Energy,Oil & Gas Integrated,8.0,15.3,17.0,10.8,18.0,13.8,5,False,11.2,16.6,13.9,2,False
EQPT,EquipmentShare.com Inc.,Industrials,Rental & Leasing Services,8.0,3.1,1.0,4.0,2.7,3.8,5,False,0.0,,0.0,1,True
EQR,Equity Residential,Real Estate,REIT - Residential,6.2,11.4,13.1,11.8,10.7,10.6,5,False,11.1,,11.1,1,True
EQT,EQT Corporation,Energy,Oil & Gas E&P,10.1,9.3,13.2,13.4,2.4,9.7,5,False,12.8,1.9,7.4,2,False
EQTL3.SA,Equatorial S.A.,Utilities,Utilities - Regulated Electric,11.2,3.3,11.0,4.9,18.2,9.7,5,False,0.0,8.9,4.4,2,False
EQX,Equinox Gold Corp.,Basic Materials,Gold,9.1,9.8,11.1,15.4,,11.4,4,False,2.6,8.0,5.3,2,False
EQX.TO,Equinox Gold Corp.,Basic Materials,Gold,9.1,9.8,,15.4,,11.4,3,False,2.7,8.1,5.4,2,False
ERAS,"Erasca, Inc.",Healthcare,Biotechnology,14.6,1.9,7.4,7.0,,7.7,4,False,,19.9,19.9,1,True
ERIE,Erie Indemnity Company,Financial Services,Insurance Brokers,14.6,17.5,,5.6,4.1,10.5,4,False,14.5,1.3,7.9,2,False
ERO,Ero Copper Corp.,Basic Materials,Copper,5.6,18.2,8.6,15.9,,12.1,4,False,17.0,17.7,17.4,2,False
ERO.TO,Ero Copper Corp.,Basic Materials,Copper,5.6,18.2,,15.9,,13.2,3,False,17.1,17.6,17.4,2,False
EROC,"ERock, Inc.",Industrials,Specialty Industrial Machinery,14.1,,19.4,0.4,1.2,8.8,4,False,0.1,,0.1,1,True
EROK,EagleRock Land LLC,Energy,Oil & Gas Equipment & Services,18.2,,18.1,1.1,,12.5,3,False,20.0,,20.0,1,True
ES,Eversource Energy,Utilities,Utilities - Regulated Electric,8.1,8.7,11.0,10.5,14.8,10.6,5,False,10.4,7.7,9.0,2,False
ESAB,ESAB Corporation,Industrials,Metal Fabrication,6.8,7.1,7.1,9.2,2.8,6.6,5,False,7.1,0.9,4.0,2,False
ESI,Element Solutions Inc,Basic Materials,Specialty Chemicals,8.4,8.3,6.8,8.4,5.3,7.4,5,False,0.0,13.2,6.6,2,False
ESLT,Elbit Systems Ltd.,Industrials,Aerospace & Defense,11.2,12.6,10.4,9.4,2.2,9.2,5,False,2.5,15.2,8.8,2,False
ESNT,Essent Group Ltd.,Financial Services,Insurance - Specialty,13.8,9.5,,18.0,15.1,14.1,4,False,10.9,6.6,8.8,2,False
ESQ,"Esquire Financial Holdings, Inc.",Financial Services,Banks - Regional,,15.0,,14.8,1.0,10.3,3,False,1.3,7.3,4.3,2,False
ESS,"Essex Property Trust, Inc.",Real Estate,REIT - Residential,4.2,10.8,12.5,12.1,6.3,9.2,5,False,1.4,12.5,7.0,2,False
ESTA,Establishment Labs Holdings Inc.,Healthcare,Medical Devices,4.9,0.7,7.0,3.8,,4.1,4,False,,15.9,15.9,1,True
ESTC,Elastic N.V.,Technology,Software - Application,9.6,17.6,15.1,10.6,8.3,12.2,5,False,13.1,9.7,11.4,2,False
ETN,Eaton Corporation plc,Industrials,Specialty Industrial Machinery,4.7,15.2,8.6,14.2,9.6,10.5,5,False,1.4,9.1,5.2,2,False
ETON,"Eton Pharmaceuticals, Inc.",Healthcare,Drug Manufacturers - Specialty & Generic,6.3,18.8,8.6,17.0,,12.7,4,False,0.0,18.6,9.3,2,False
ETOR,eToro Group Ltd.,Financial Services,Capital Markets,17.0,15.6,,2.0,1.9,9.1,4,False,16.4,0.9,8.6,2,False
ETR,Entergy Corporation,Utilities,Utilities - Regulated Electric,9.2,12.3,9.6,12.6,3.4,9.4,5,False,0.6,14.8,7.7,2,False
ETSY,"Etsy, Inc.",Consumer Cyclical,Internet Retail,12.6,,8.2,14.2,16.6,12.9,4,False,9.3,15.9,12.6,2,False
ETV,Eaton Vance Tax-Managed Buy-Write Opportunities Fund,Financial Services,Asset Management,0.7,14.0,,10.4,,8.4,3,False,20.0,9.3,14.6,2,False
ETW,Eaton Vance Tax-Managed Global Buy-Write Opportunities Fund,Financial Services,Asset Management,4.0,15.9,,17.8,,12.6,3,False,20.0,9.8,14.9,2,False
EVC,Entravision Communications Corporation,Communication Services,Advertising Agencies,6.5,7.0,11.4,7.2,7.4,7.9,5,False,0.0,20.0,10.0,2,False
EVCM,EverCommerce Inc.,Technology,Software - Application,8.8,5.8,9.5,9.7,16.3,10.0,5,False,0.0,3.2,1.6,2,False
EVLV,"Evolv Technologies Holdings, Inc.",Industrials,Security & Protection Services,9.5,1.6,10.5,1.4,,5.8,4,False,,1.1,1.1,1,True
EVR,Evercore Inc.,Financial Services,Capital Markets,11.2,19.2,,5.5,14.6,12.6,4,False,11.0,1.6,6.3,2,False
EVRG,"Evergy, Inc.",Utilities,Utilities - Regulated Electric,3.6,8.9,6.8,14.0,10.9,8.8,5,False,7.9,12.2,10.0,2,False
EVTC,"EVERTEC, Inc.",Technology,Software - Infrastructure,5.4,12.5,9.4,13.0,15.2,11.1,5,False,17.5,4.9,11.2,2,False
EW,Edwards Lifesciences Corporation,Healthcare,Medical Devices,13.7,11.7,11.9,17.0,10.7,13.0,5,False,0.0,10.4,5.2,2,False
EWBC,"East West Bancorp, Inc.",Financial Services,Banks - Regional,,13.9,,17.8,6.0,12.6,3,False,11.5,11.2,11.4,2,False
EWTX,"Edgewise Therapeutics, Inc.",Healthcare,Biotechnology,18.6,4.1,9.4,7.0,,9.8,4,False,,18.4,18.4,1,True
EXC,Exelon Corporation,Utilities,Utilities - Regulated Electric,10.0,10.5,7.4,8.2,11.7,9.6,5,False,12.6,6.4,9.5,2,False
EXE,Expand Energy Corporation,Energy,Oil & Gas E&P,10.6,12.2,12.9,12.5,7.9,11.2,5,False,18.7,1.3,10.0,2,False
EXEL,"Exelixis, Inc.",Healthcare,Biotechnology,13.2,19.1,13.8,19.0,17.4,16.5,5,False,16.2,12.6,14.4,2,False
EXK,Endeavour Silver Corp.,Basic Materials,Silver,11.0,11.0,12.0,12.4,,11.6,4,False,0.0,12.1,6.0,2,False
EXLS,"ExlService Holdings, Inc.",Technology,Information Technology Services,6.7,16.4,10.2,12.2,14.7,12.0,5,False,4.8,4.7,4.8,2,False
EXP,Eagle Materials Inc.,Basic Materials,Building Materials,7.4,17.7,6.2,13.1,17.0,12.3,5,False,14.3,1.4,7.8,2,False
EXPD,"Expeditors International of Washington, Inc.",Industrials,Integrated Freight & Logistics,14.4,19.0,14.4,10.0,15.9,14.7,5,False,2.1,17.3,9.7,2,False
EXPE,"Expedia Group, Inc.",Consumer Cyclical,Travel Services,5.5,19.4,17.3,16.4,12.5,14.2,5,False,6.4,18.4,12.4,2,False
EXPO,"Exponent, Inc.",Industrials,Engineering & Construction,15.5,18.0,12.1,16.4,12.9,15.0,5,False,0.0,7.9,4.0,2,False
EXR,Extra Space Storage Inc.,Real Estate,REIT - Industrial,7.1,9.6,9.9,13.8,9.2,9.9,5,False,2.5,9.8,6.2,2,False
EYE,"National Vision Holdings, Inc.",Consumer Cyclical,Specialty Retail,5.1,6.2,7.4,5.2,2.3,5.2,5,False,0.0,0.9,0.4,2,False
EYPT,"EyePoint, Inc.",Healthcare,Biotechnology,10.7,0.9,6.4,4.4,,5.6,4,False,,0.2,0.2,1,True
EZPW,"EZCORP, Inc.",Financial Services,Credit Services,10.4,12.4,,4.0,1.6,7.1,4,False,6.7,18.6,12.6,2,False
EZTC3.SA,EZTEC Empreendimentos e Participações S.A.,Real Estate,Real Estate - Development,16.9,14.2,18.4,9.6,13.4,14.5,5,False,14.2,7.4,10.8,2,False
F,Ford Motor Company,Consumer Cyclical,Auto Manufacturers,6.8,1.1,1.0,1.8,14.5,5.0,5,False,,15.7,15.7,1,True
FA,First Advantage Corporation,Industrials,Specialty Business Services,10.2,3.0,10.0,7.4,11.5,8.4,5,False,0.0,14.9,7.4,2,False
FAF,First American Financial Corporation,Financial Services,Insurance - Specialty,7.2,11.6,,4.2,11.2,8.6,4,False,9.3,9.8,9.6,2,False
FANG,"Diamondback Energy, Inc.",Energy,Oil & Gas E&P,8.2,4.6,13.4,12.8,12.0,10.2,5,False,0.0,10.2,5.1,2,False
FAST,Fastenal Company,Industrials,Industrial Distribution,16.9,18.3,11.2,16.4,8.7,14.3,5,False,0.0,7.7,3.8,2,False
FBIN,"Fortune Brands Innovations, Inc.",Industrials,Building Products & Equipment,4.6,5.4,9.8,7.5,17.8,9.0,5,False,6.4,3.4,4.9,2,False
FBK,FB Financial Corporation,Financial Services,Banks - Regional,,8.4,,13.0,8.1,9.8,3,False,8.0,5.4,6.7,2,False
FBNC,First Bancorp,Financial Services,Banks - Regional,,4.6,,14.4,3.0,7.3,3,False,0.3,10.8,5.6,2,False
FBP,First BanCorp.,Financial Services,Banks - Regional,,15.6,,15.3,15.1,15.3,3,False,12.2,12.9,12.6,2,False
FBRX,"Forte Biosciences, Inc.",Healthcare,Biotechnology,16.2,2.3,9.5,7.0,0.2,7.0,5,False,,19.8,19.8,1,True
FBYD,"Falcon's Beyond Global, Inc.",Industrials,Conglomerates,4.9,0.5,7.7,0.8,,3.5,4,False,,2.5,2.5,1,True
FCEL,"FuelCell Energy, Inc.",Industrials,Electrical Equipment & Parts,18.0,0.6,20.0,0.2,2.0,8.2,5,False,,19.4,19.4,1,True
FCF,First Commonwealth Financial Corporation,Financial Services,Banks - Regional,,8.2,,13.4,8.8,10.1,3,False,10.8,11.9,11.4,2,False
FCFS,"FirstCash Holdings, Inc.",Financial Services,Credit Services,10.9,14.6,,4.2,4.2,8.5,4,False,0.0,14.8,7.4,2,False
FCN,"FTI Consulting, Inc.",Industrials,Consulting Services,11.0,12.8,11.7,8.6,18.2,12.5,5,False,14.7,5.1,9.9,2,False
FCNCA,"First Citizens BancShares, Inc.",Financial Services,Banks - Regional,,7.8,,10.0,16.3,11.4,3,False,12.5,10.8,11.6,2,False
FCPT,"Four Corners Property Trust, Inc.",Real Estate,REIT - Retail,6.1,10.7,15.2,16.6,11.1,11.9,5,False,8.4,12.0,10.2,2,False
FCR.UN.TO,,,,,,,,,,0,True,,,,0,True
FCX,Freeport-McMoRan Inc.,Basic Materials,Copper,7.6,13.9,10.8,13.4,4.2,10.0,5,False,0.0,18.1,9.0,2,False
FDS,FactSet Research Systems Inc.,Financial Services,Financial Data & Stock Exchanges,6.5,18.0,,8.6,9.1,10.6,4,False,12.8,7.7,10.2,2,False
FDX,FedEx Corporation,Industrials,Integrated Freight & Logistics,8.5,12.3,10.9,8.2,15.7,11.1,5,False,12.3,18.3,15.3,2,False
FDXF,"FedEx Freight Holding Company, Inc.",Industrials,Integrated Freight & Logistics,13.8,19.6,3.8,6.0,,10.8,4,False,0.0,,0.0,1,True
FE,FirstEnergy Corp.,Utilities,Utilities - Regulated Electric,5.4,9.7,5.6,7.6,13.5,8.4,5,False,3.5,9.3,6.4,2,False
FELE,"Franklin Electric Co., Inc.",Industrials,Specialty Industrial Machinery,11.6,10.0,13.0,11.5,13.2,11.9,5,False,9.6,8.7,9.1,2,False
FEMSAUBD.MX,"Fomento Económico Mexicano, S.A.B. de C.V.",Consumer Defensive,Beverages - Brewers,9.8,12.6,13.4,8.2,13.2,11.4,5,False,11.5,14.9,13.2,2,False
FER,Ferrovial N.V.,Industrials,Engineering & Construction,6.4,9.8,,9.0,,8.4,3,False,0.0,7.5,3.8,2,False
FFBC,First Financial Bancorp.,Financial Services,Banks - Regional,,7.4,,11.6,6.7,8.6,3,False,12.8,13.9,13.4,2,False
FFH.TO,Fairfax Financial Holdings Limited,Financial Services,Insurance - Property & Casualty,9.3,13.8,,5.8,,9.6,3,False,17.0,2.7,9.8,2,False
FFIN,"First Financial Bankshares, Inc.",Financial Services,Banks - Regional,,12.2,,16.6,5.0,11.3,3,False,4.0,4.5,4.2,2,False
FG,"F&G Annuities & Life, Inc.",Financial Services,Insurance - Life,5.3,5.7,,2.3,11.7,6.2,4,False,20.0,1.0,10.5,2,False
FHB,"First Hawaiian, Inc.",Financial Services,Banks - Regional,,7.5,,12.8,14.6,11.6,3,False,13.3,6.5,9.9,2,False
FHI,"Federated Hermes, Inc.",Financial Services,Asset Management,13.7,18.6,,7.8,16.7,14.2,4,False,14.2,12.0,13.1,2,False
FHN,First Horizon Corporation,Financial Services,Banks - Regional,,9.0,,11.8,17.1,12.6,3,False,12.3,7.2,9.8,2,False
FICO,Fair Isaac Corporation,Technology,Software - Application,7.7,,6.6,19.3,14.1,11.9,4,False,9.4,2.6,6.0,2,False
FIG,"Figma, Inc.",Technology,Software - Application,15.6,0.1,16.3,1.0,0.4,6.7,5,False,,0.6,0.6,1,True
FIGR,"Figure Technology Solutions, Inc.",Financial Services,Capital Markets,8.9,17.7,,12.6,0.2,9.9,4,False,0.0,,0.0,1,True
FIGS,"FIGS, Inc.",Consumer Cyclical,Apparel Manufacturing,18.4,12.5,13.4,14.8,1.8,12.2,5,False,0.0,19.9,10.0,2,False
FIS,"Fidelity National Information Services, Inc.",Technology,Information Technology Services,1.5,15.5,9.9,16.3,19.4,12.5,5,False,20.0,1.2,10.6,2,False
FISV,"Fiserv, Inc.",,,,,,,,,0,True,,,,0,True
FITB,Fifth Third Bancorp,Financial Services,Banks - Regional,,4.9,,9.8,8.7,7.8,3,False,2.6,11.7,7.2,2,False
FIVE,"Five Below, Inc.",Consumer Cyclical,Specialty Retail,11.6,15.0,11.5,12.6,0.9,10.3,5,False,0.0,19.0,9.5,2,False
FIVN,"Five9, Inc.",Technology,Software - Infrastructure,10.0,8.3,12.0,6.9,,9.3,4,False,0.0,12.9,6.4,2,False
FIX,"Comfort Systems USA, Inc.",Industrials,Engineering & Construction,11.4,19.4,13.8,10.7,1.9,11.4,5,False,0.0,18.7,9.4,2,False
FLEX,Flex Ltd.,Technology,Electronic Components,3.1,14.3,6.0,6.7,13.0,8.6,5,False,0.1,16.1,8.1,2,False
FLG,"Flagstar Bank, National Association",Financial Services,Banks - Regional,,1.3,,4.1,11.7,5.7,3,False,0.0,9.1,4.6,2,False
FLNG,FLEX LNG Ltd.,Energy,Oil & Gas Midstream,9.2,11.5,9.3,17.4,19.0,13.3,5,False,12.0,8.8,10.4,2,False
FLO,"Flowers Foods, Inc.",Consumer Defensive,Packaged Foods,4.6,5.1,11.0,6.2,19.8,9.3,5,False,3.3,0.3,1.8,2,False
FLOC,Flowco Holdings Inc.,Energy,Oil & Gas Equipment & Services,13.6,8.3,10.2,7.9,12.1,10.4,5,False,17.8,11.6,14.7,2,False
FLR,Fluor Corporation,Industrials,Engineering & Construction,14.2,0.3,12.0,1.8,14.7,8.6,5,False,,13.8,13.8,1,True
FLRY3.SA,Fleury S.A.,Healthcare,Diagnostics & Research,5.9,14.0,10.2,14.0,16.1,12.0,5,False,19.0,12.6,15.8,2,False
FLS,Flowserve Corporation,Industrials,Specialty Industrial Machinery,10.0,13.7,11.8,11.6,9.9,11.4,5,False,10.9,16.8,13.8,2,False
FLUT,Flutter Entertainment plc,Consumer Cyclical,Gambling,4.7,1.7,3.2,1.3,6.1,3.4,5,False,,0.1,0.1,1,True
FLY,Firefly Aerospace Inc.,Industrials,Aerospace & Defense,18.0,0.2,10.6,0.4,0.5,5.9,5,False,,1.4,1.4,1,True
FLYW,Flywire Corporation,Technology,Software - Infrastructure,15.0,6.0,17.1,6.1,10.7,11.0,5,False,0.0,12.5,6.2,2,False
FM.TO,First Quantum Minerals Ltd.,Basic Materials,Copper,6.1,3.8,,4.6,,4.8,3,False,,14.0,14.0,1,True
FMBH,"First Mid Bancshares, Inc.",Financial Services,Banks - Regional,,7.0,,10.4,3.7,7.0,3,False,11.6,14.2,12.9,2,False
FMC,FMC Corporation,Basic Materials,Agricultural Inputs,4.1,0.3,9.4,3.8,19.5,7.4,5,False,,0.0,0.0,1,True
FMX,"Fomento Económico Mexicano, S.A.B. de C.V.",Consumer Defensive,Beverages - Brewers,9.8,12.6,,8.2,,10.2,3,False,3.2,15.9,9.6,2,False
FN,Fabrinet,Technology,Electronic Components,14.8,15.1,8.6,10.7,4.1,10.7,5,False,8.1,9.3,8.7,2,False
FNB,F.N.B. Corporation,Financial Services,Banks - Regional,,5.7,,13.6,10.2,9.8,3,False,13.7,9.1,11.4,2,False
FND,"Floor & Decor Holdings, Inc.",Consumer Cyclical,Home Improvement Retail,6.4,9.6,7.8,7.2,,7.8,4,False,9.4,2.2,5.8,2,False
FNF,"Fidelity National Financial, Inc.",Financial Services,Insurance - Specialty,5.4,7.2,,2.8,13.7,7.3,4,False,0.0,1.3,0.6,2,False
FNV,Franco-Nevada Corporation,Basic Materials,Gold,18.5,15.5,11.2,19.7,2.6,13.5,5,False,0.0,8.7,4.4,2,False
FNV.TO,Franco-Nevada Corporation,Basic Materials,Gold,18.5,15.5,,19.7,,17.9,3,False,0.0,8.6,4.3,2,False
FOR,Forestar Group Inc.,Real Estate,Real Estate - Development,17.4,13.2,18.2,4.8,0.3,10.8,5,False,13.6,11.5,12.6,2,False
FORM,"FormFactor, Inc.",Technology,Semiconductor Equipment & Materials,16.8,10.0,9.8,14.8,3.1,10.9,5,False,1.6,18.2,9.9,2,False
FOUR,"Shift4 Payments, Inc.",Technology,Software - Infrastructure,1.8,7.4,9.4,6.8,17.9,8.7,5,False,0.0,0.7,0.4,2,False
FOX,Fox Corporation,Communication Services,Entertainment,13.2,12.0,6.6,14.5,13.9,12.0,5,False,17.8,11.8,14.8,2,False
FOXA,Fox Corporation,Communication Services,Entertainment,13.2,12.0,6.8,14.5,12.9,11.9,5,False,16.4,12.5,14.4,2,False
FPS,"Forgent Power Solutions, Inc.",Industrials,Electrical Equipment & Parts,5.9,,12.8,6.6,0.8,6.5,4,False,0.0,,0.0,1,True
FR,"First Industrial Realty Trust, Inc.",Real Estate,REIT - Industrial,11.7,16.4,10.0,15.4,3.2,11.3,5,False,10.0,16.8,13.4,2,False
FRA,"BlackRock Floating Rate Income Strategies Fund, Inc.",Financial Services,Asset Management,7.4,2.7,,18.8,,9.6,3,False,8.3,3.3,5.8,2,False
FRHC,Freedom Holdings Corp.,Financial Services,Financial Conglomerates,7.2,7.9,,3.0,,6.0,3,False,0.0,4.7,2.4,2,False
FRME,First Merchants Corporation,Financial Services,Banks - Regional,,3.8,,10.3,12.7,8.9,3,False,10.0,8.3,9.2,2,False
FRMEP,First Merchants Corporation,Financial Services,Banks - Regional,,3.8,,10.3,,7.0,2,True,20.0,6.0,13.0,2,False
FRMI,Fermi Inc.,Real Estate,REIT - Specialty,10.6,,18.0,2.2,,10.3,3,False,,,,0,True
FRNM,"Freenome, Inc.",Healthcare,Diagnostics & Research,3.9,,6.2,3.8,,4.6,3,False,,13.8,13.8,1,True
FRO,Frontline plc,Energy,Oil & Gas Midstream,6.0,19.5,9.2,18.9,10.4,12.8,5,False,20.0,18.6,19.3,2,False
FROG,JFrog Ltd.,Technology,Software - Application,16.2,3.0,11.0,2.8,,8.2,4,False,,16.9,16.9,1,True
FRPT,"Freshpet, Inc.",Consumer Defensive,Packaged Foods,16.0,15.3,9.2,12.5,,13.2,4,False,10.4,16.1,13.2,2,False
FRSH,Freshworks Inc.,Technology,Software - Application,13.7,14.7,17.7,11.8,14.5,14.5,5,False,16.5,10.1,13.3,2,False
FRT,Federal Realty Investment Trust,Real Estate,REIT - Retail,7.1,15.7,8.9,13.5,7.1,10.5,5,False,7.4,16.0,11.7,2,False
FRU.TO,Freehold Royalties Ltd.,Energy,Oil & Gas E&P,15.4,11.3,12.8,18.9,15.3,14.7,5,False,2.5,8.6,5.6,2,False
FRVO,Fervo Energy Company,Utilities,Utilities - Renewable,19.4,,20.0,0.8,0.3,10.1,4,False,,,,0,True
FSBC,Five Star Bancorp,Financial Services,Banks - Regional,,13.6,,17.0,3.0,11.2,3,False,10.1,16.5,13.3,2,False
FSK,FS KKR Capital Corp.,Financial Services,Asset Management,10.0,0.8,,9.5,19.9,10.0,4,False,,2.9,2.9,1,True
FSLR,"First Solar, Inc.",Technology,Solar,15.1,14.3,15.6,19.0,,16.0,4,False,20.0,5.5,12.8,2,False
FSLY,"Fastly, Inc.",Technology,Software - Application,12.3,2.4,8.6,2.4,,6.4,4,False,,18.0,18.0,1,True
FSM,Fortuna Mining Corp.,Basic Materials,Gold,15.4,17.1,18.2,17.3,2.3,14.1,5,False,15.7,11.6,13.6,2,False
FSS,Federal Signal Corporation,Industrials,Farm & Heavy Construction Machinery,12.0,15.3,11.4,14.2,4.5,11.5,5,False,8.4,6.5,7.4,2,False
FSUN,FirstSun Capital Bancorp,Financial Services,Banks - Regional,,1.8,,5.7,0.3,2.6,3,False,0.0,5.2,2.6,2,False
FSV,FirstService Corporation,Real Estate,Real Estate Services,12.0,15.4,13.4,3.8,1.1,9.1,5,False,0.0,1.5,0.8,2,False
FSV.TO,FirstService Corporation,Real Estate,Real Estate Services,12.0,15.4,,3.8,,10.4,3,False,0.0,1.3,0.6,2,False
FTAI,FTAI Aviation Ltd.,Industrials,Aerospace & Defense,5.1,20.0,6.2,16.6,5.8,10.7,5,False,7.9,11.0,9.4,2,False
FTDR,"Frontdoor, Inc.",Consumer Cyclical,Personal Services,9.2,19.5,13.6,17.5,7.5,13.5,5,False,11.8,15.5,13.6,2,False
FTI,TechnipFMC plc,Energy,Oil & Gas Equipment & Services,9.6,18.6,14.1,10.0,3.9,11.2,5,False,9.7,18.2,14.0,2,False
FTK,"Flotek Industries, Inc.",Energy,Oil & Gas Equipment & Services,12.2,19.1,9.2,9.9,,12.6,4,False,12.8,13.7,13.2,2,False
FTNT,"Fortinet, Inc.",Technology,Software - Infrastructure,8.4,19.8,10.2,18.1,8.0,12.9,5,False,0.0,16.6,8.3,2,False
FTRE,Fortrea Holdings Inc.,Healthcare,Biotechnology,2.1,6.1,10.6,6.8,,6.4,4,False,,17.6,17.6,1,True
FTS,Fortis Inc.,Utilities,Utilities - Regulated Electric,8.0,5.8,,15.0,,9.6,3,False,6.1,12.7,9.4,2,False
FTS.TO,Fortis Inc.,Utilities,Utilities - Regulated Electric,8.0,5.8,7.3,15.0,4.2,8.1,5,False,6.1,13.1,9.6,2,False
FTT.TO,Finning International Inc.,Industrials,Industrial Distribution,4.1,15.1,9.2,6.9,14.5,10.0,5,False,11.8,15.9,13.8,2,False
FTV,Fortive Corporation,Technology,Scientific & Technical Instruments,4.9,8.0,9.0,13.8,17.3,10.6,5,False,10.2,10.4,10.3,2,False
FUL,H.B. Fuller Company,Basic Materials,Specialty Chemicals,4.6,10.3,9.4,8.7,11.8,9.0,5,False,17.5,3.3,10.4,2,False
FULT,Fulton Financial Corporation,Financial Services,Banks - Regional,,8.4,,12.0,11.8,10.7,3,False,13.0,13.2,13.1,2,False
FUN,Six Flags Entertainment Corporation,Consumer Cyclical,Leisure,1.2,0.0,10.2,6.5,8.4,5.3,5,False,,1.8,1.8,1,True
FVI.TO,Fortuna Mining Corp.,Basic Materials,Gold,15.4,17.1,,17.3,,16.6,3,False,15.7,11.4,13.6,2,False
FWONA,Formula One Group,Communication Services,Entertainment,9.0,5.7,7.3,10.1,,8.0,4,False,0.0,8.5,4.2,2,False
G,Genpact Limited,Technology,Information Technology Services,9.5,15.5,10.7,12.2,17.2,13.0,5,False,17.9,5.5,11.7,2,False
GAB,The Gabelli Equity Trust Inc.,Financial Services,Asset Management,15.8,13.2,,15.2,,14.7,3,False,20.0,4.8,12.4,2,False
GAM,"General American Investors Company, Inc.",Financial Services,Asset Management,13.4,16.2,,16.4,,15.3,3,False,20.0,10.2,15.1,2,False
GAP,"The Gap, Inc.",Consumer Cyclical,Apparel Retail,7.8,17.5,7.6,9.8,9.1,10.4,5,False,20.0,12.3,16.2,2,False
GAPB.MX,"Grupo Aeroportuario del Pacífico, S.A.B. de C.V.",Industrials,Airports & Air Services,4.4,17.4,9.4,19.2,14.3,12.9,5,False,8.7,2.6,5.6,2,False
GATX,GATX Corporation,Industrials,Rental & Leasing Services,9.7,10.0,0.4,17.9,9.3,9.5,5,False,10.9,7.4,9.2,2,False
GBCI,"Glacier Bancorp, Inc.",Financial Services,Banks - Regional,,4.4,,11.8,6.3,7.5,3,False,1.8,3.7,2.8,2,False
GBDC,"Golub Capital BDC, Inc.",Financial Services,Asset Management,3.2,2.2,,13.6,18.8,9.4,4,False,3.0,5.6,4.3,2,False
GBTG,"Global Business Travel Group, Inc.",Consumer Cyclical,Travel Services,10.8,6.6,13.4,8.8,2.2,8.4,5,False,0.0,14.7,7.4,2,False
GBX,"The Greenbrier Companies, Inc.",Industrials,Railroads,9.6,5.3,1.0,5.0,16.1,7.4,5,False,15.5,7.1,11.3,2,False
GCARSOA1.MX,"Grupo Carso, S.A.B. de C.V.",Industrials,Conglomerates,13.2,5.8,12.6,8.0,6.4,9.2,5,False,0.0,8.8,4.4,2,False
GCC.MX,"GCC, S.A.B. de C.V.",Basic Materials,Building Materials,14.2,13.3,,13.9,,13.8,3,False,18.0,7.5,12.8,2,False
GCMG,GCM Grosvenor Inc.,Financial Services,Asset Management,8.6,20.0,,5.6,12.1,11.6,4,False,0.0,9.8,4.9,2,False
GCT,GigaCloud Technology Inc.,Technology,Software - Infrastructure,6.6,17.5,9.8,11.3,10.3,11.1,5,False,20.0,15.1,17.6,2,False
GD,General Dynamics Corporation,Industrials,Aerospace & Defense,9.5,14.2,14.2,10.1,10.9,11.8,5,False,18.4,9.8,14.1,2,False
GDDY,GoDaddy Inc.,Technology,Software - Infrastructure,0.5,20.0,10.6,16.2,18.5,13.2,5,False,20.0,1.9,11.0,2,False
GDRX,"GoodRx Holdings, Inc.",Healthcare,Health Information Services,2.4,8.9,11.5,11.4,19.7,10.8,5,False,0.4,3.4,1.9,2,False
GDS,GDS Holdings Limited,Technology,Information Technology Services,6.1,11.4,,15.0,,10.8,3,False,15.3,3.9,9.6,2,False
GDV,The Gabelli Dividend & Income Trust,Financial Services,Asset Management,9.0,12.9,,16.8,15.0,13.4,4,False,20.0,9.6,14.8,2,False
GE,GE Aerospace,Industrials,Aerospace & Defense,3.7,19.3,10.9,16.8,10.4,12.2,5,False,9.6,10.2,9.9,2,False
GEHC,GE HealthCare Technologies Inc.,Healthcare,Medical Devices,3.3,16.2,9.4,14.1,5.6,9.7,5,False,17.9,5.9,11.9,2,False
GEI.TO,Gibson Energy Inc.,Energy,Oil & Gas Midstream,4.8,13.6,6.7,3.2,13.7,8.4,5,False,0.0,6.7,3.4,2,False
GENB,"Generate Biomedicines, Inc.",Healthcare,Biotechnology,14.4,,16.8,4.1,,11.8,3,False,,,,0,True
GENI,Genius Sports Limited,Communication Services,Internet Content & Information,6.0,1.1,8.8,1.2,,4.3,4,False,,2.1,2.1,1,True
GEO,"The GEO Group, Inc.",Industrials,Security & Protection Services,10.0,15.3,4.3,12.6,4.3,9.3,5,False,15.3,17.2,16.2,2,False
GERN,Geron Corporation,Healthcare,Biotechnology,10.6,4.9,9.0,3.0,,6.9,4,False,,8.8,8.8,1,True
GEV,GE Vernova Inc.,Industrials,Specialty Industrial Machinery,8.4,19.7,17.4,12.4,3.4,12.3,5,False,10.8,16.5,13.6,2,False
GFF,Griffon Corporation,Industrials,Building Products & Equipment,4.7,20.0,12.1,13.6,17.7,13.6,5,False,16.1,13.8,15.0,2,False
GFINBURO.MX,"Grupo Financiero Inbursa, S.A.B. de C.V.",Financial Services,Banks - Regional,,7.1,,18.2,7.0,10.8,3,False,15.2,1.9,8.5,2,False
GFL,GFL Environmental Inc.,Industrials,Waste Management,3.1,1.9,,3.6,,2.9,3,False,,4.3,4.3,1,True
GFL.TO,GFL Environmental Inc.,Industrials,Waste Management,3.1,1.9,4.7,3.6,18.1,6.3,5,False,,4.2,4.2,1,True
GFNORTEO.MX,"Grupo Financiero Banorte, S.A.B. de C.V.",Financial Services,Banks - Regional,,,,16.8,,16.8,1,True,16.4,8.9,12.6,2,False
GFS,GLOBALFOUNDRIES Inc.,Technology,Semiconductors,12.8,7.2,11.2,10.6,3.4,9.0,5,False,10.4,11.0,10.7,2,False
GGB,Gerdau S.A.,Basic Materials,Steel,10.3,6.9,,7.4,,8.2,3,False,6.7,14.9,10.8,2,False
GGBR4.SA,Gerdau S.A.,Basic Materials,Steel,10.3,6.9,11.0,7.4,16.4,10.4,5,False,8.4,14.2,11.3,2,False
GGG,Graco Inc.,Industrials,Specialty Industrial Machinery,18.0,15.5,15.9,18.5,12.1,16.0,5,False,12.6,4.9,8.8,2,False
GH,"Guardant Health, Inc.",Healthcare,Diagnostics & Research,11.9,,8.0,2.6,2.6,6.3,4,False,,18.3,18.3,1,True
GHC,Graham Holdings Company,Industrials,Conglomerates,14.0,10.1,15.2,14.5,12.3,13.2,5,False,18.2,5.9,12.0,2,False
GHM,Graham Corporation,Industrials,Specialty Industrial Machinery,12.5,6.0,10.6,6.2,0.9,7.2,5,False,0.0,17.4,8.7,2,False
GHRS,GH Research PLC,Healthcare,Biotechnology,19.6,5.7,11.1,7.0,,10.8,4,False,,16.8,16.8,1,True
GIB,CGI Inc.,Technology,Information Technology Services,5.2,13.7,,12.4,,10.4,3,False,16.0,4.4,10.2,2,False
GIB.A.TO,,,,,,,,,,0,True,,,,0,True
GIC,Global Industrial Company,Industrials,Industrial Distribution,13.9,17.1,14.6,7.4,11.6,12.9,5,False,14.8,9.7,12.2,2,False
GIII,"G-III Apparel Group, Ltd.",Consumer Cyclical,Apparel Manufacturing,16.7,,19.3,5.4,9.4,12.7,4,False,20.0,16.1,18.0,2,False
GIL,Gildan Activewear Inc.,Consumer Cyclical,Apparel Manufacturing,6.6,8.8,3.8,11.2,13.6,8.8,5,False,0.0,7.6,3.8,2,False
GIL.TO,Gildan Activewear Inc.,Consumer Cyclical,Apparel Manufacturing,6.6,8.8,,11.2,,8.9,3,False,0.0,7.7,3.8,2,False
GILD,"Gilead Sciences, Inc.",Healthcare,Drug Manufacturers - General,2.3,5.6,11.3,10.8,13.8,8.8,5,False,,12.9,12.9,1,True
GIS,"General Mills, Inc.",Consumer Defensive,Packaged Foods,2.4,1.9,16.9,9.0,19.2,9.9,5,False,,4.5,4.5,1,True
GJS,"STRATS Trust for Goldman Sachs Group Securities, Series 2006-2",,,,,,,,,0,True,,,,0,True
GKOS,Glaukos Corporation,Healthcare,Medical Devices,12.7,5.3,8.8,3.4,,7.6,4,False,,17.7,17.7,1,True
GLBE,Global-E Online Ltd.,Consumer Cyclical,Internet Retail,18.5,13.6,12.8,15.4,1.0,12.3,5,False,0.0,11.5,5.8,2,False
GLNG,Golar LNG Limited,Energy,Oil & Gas Midstream,10.1,8.2,4.2,17.2,11.9,10.3,5,False,0.0,7.5,3.8,2,False
GLOB,Globant S.A.,Technology,Information Technology Services,12.0,6.9,3.4,7.2,9.6,7.8,5,False,13.1,1.8,7.4,2,False
GLPI,"Gaming and Leisure Properties, Inc.",Real Estate,REIT - Specialty,12.2,17.8,6.6,17.8,15.5,14.0,5,False,20.0,6.4,13.2,2,False
GLUE,"Monte Rosa Therapeutics, Inc.",Healthcare,Biotechnology,15.9,3.4,10.7,4.4,1.8,7.2,5,False,,16.7,16.7,1,True
GLW,Corning Incorporated,Technology,Electronic Components,5.3,13.5,5.4,12.4,7.7,8.9,5,False,0.0,15.7,7.8,2,False
GLXY,Galaxy Digital,Financial Services,Capital Markets,4.1,0.6,,10.4,1.2,4.1,4,False,,0.7,0.7,1,True
GM,General Motors Company,Consumer Cyclical,Auto Manufacturers,7.8,4.5,11.0,3.4,18.1,9.0,5,False,0.0,18.0,9.0,2,False
GMAB,Genmab A/S,Healthcare,Biotechnology,7.0,14.5,9.8,17.8,9.7,11.8,5,False,10.0,8.6,9.3,2,False
GME,GameStop Corp.,Consumer Cyclical,Specialty Retail,14.7,12.0,10.3,16.6,,13.4,4,False,13.2,2.1,7.6,2,False
GMED,"Globus Medical, Inc.",Healthcare,Medical Devices,14.0,13.7,13.8,16.8,10.9,13.8,5,False,14.6,13.9,14.2,2,False
GMEXICOB.MX,"Grupo México, S.A.B. de C.V.",Basic Materials,Other Industrial Metals & Mining,13.1,17.7,,17.8,,16.2,3,False,11.2,14.7,13.0,2,False
GNK,Genco Shipping & Trading Limited,Industrials,Marine Shipping,15.1,4.2,4.4,15.0,14.9,10.7,5,False,0.0,17.5,8.8,2,False
GNL,"Global Net Lease, Inc.",Real Estate,REIT - Diversified,11.2,2.4,11.8,7.2,19.5,10.4,5,False,,16.7,16.7,1,True
GNRC,Generac Holdings Inc.,Industrials,Specialty Industrial Machinery,8.6,7.8,10.4,11.6,8.5,9.4,5,False,0.4,9.8,5.1,2,False
GNTX,Gentex Corporation,Consumer Cyclical,Auto Parts,18.4,13.3,16.5,17.5,14.7,16.1,5,False,16.2,4.5,10.4,2,False
GNW,"Genworth Financial, Inc.",Financial Services,Insurance - Life,12.3,1.9,,2.3,15.2,7.9,4,False,6.0,7.7,6.8,2,False
GOAU4.SA,Metalurgica Gerdau S.A.,Basic Materials,Steel,10.5,6.8,11.1,6.6,19.7,10.9,5,False,10.8,14.8,12.8,2,False
GOLD,"Gold.com, Inc.",Financial Services,Capital Markets,2.8,8.1,,1.7,11.0,5.9,4,False,15.0,18.9,17.0,2,False
GOLF,Acushnet Holdings Corp.,Consumer Cyclical,Leisure,10.4,16.2,7.9,13.8,13.3,12.3,5,False,7.5,13.4,10.4,2,False
GOLL4.SA,,,,,,,,,,0,True,,,,0,True
GOOG,Alphabet Inc.,Communication Services,Internet Content & Information,16.0,19.0,9.6,19.2,4.5,13.7,5,False,10.7,17.9,14.3,2,False
GOOGL,Alphabet Inc.,Communication Services,Internet Content & Information,16.0,19.0,9.4,19.2,4.2,13.6,5,False,10.5,18.2,14.4,2,False
GPC,Genuine Parts Company,Consumer Cyclical,Auto Parts,4.4,3.3,10.3,4.8,8.2,6.2,5,False,0.0,10.3,5.2,2,False
GPGI,"GPGI, Inc.",Industrials,Metal Fabrication,7.5,0.7,9.8,1.2,1.5,4.1,5,False,,0.7,0.7,1,True
GPI,"Group 1 Automotive, Inc.",Consumer Cyclical,Auto & Truck Dealerships,2.3,9.4,5.7,4.0,17.0,7.7,5,False,17.1,1.4,9.2,2,False
GPK,Graphic Packaging Holding Company,Consumer Cyclical,Packaging & Containers,4.7,6.4,8.0,4.9,16.7,8.1,5,False,12.3,1.0,6.6,2,False
GPN,Global Payments Inc.,Industrials,Specialty Business Services,3.6,3.2,11.1,7.1,17.0,8.4,5,False,0.0,9.8,4.9,2,False
GPOR,Gulfport Energy Corporation,Energy,Oil & Gas E&P,5.7,17.5,8.5,17.2,17.4,13.3,5,False,20.0,1.8,10.9,2,False
GPRE,Green Plains Inc.,Basic Materials,Chemicals,7.8,14.0,8.3,9.8,8.2,9.6,5,False,20.0,16.4,18.2,2,False
GRAB,Grab Holdings Limited,Technology,Software - Application,9.5,8.2,15.4,9.9,8.5,10.3,5,False,10.2,0.9,5.6,2,False
GRAL,"GRAIL, Inc.",Healthcare,Diagnostics & Research,16.6,6.0,11.1,1.2,,8.7,4,False,,12.9,12.9,1,True
GRBK,"Green Brick Partners, Inc.",Consumer Cyclical,Residential Construction,10.8,13.4,9.6,17.0,3.9,10.9,5,False,13.0,9.6,11.3,2,False
GRC,The Gorman-Rupp Company,Industrials,Specialty Industrial Machinery,12.4,12.3,12.0,12.8,5.1,10.9,5,False,7.5,17.8,12.6,2,False
GRDN,"Guardian Pharmacy Services, Inc.",Healthcare,Medical Care Facilities,9.6,18.4,10.9,10.4,11.5,12.2,5,False,0.0,13.8,6.9,2,False
GRMN,Garmin Ltd.,Technology,Scientific & Technical Instruments,15.4,15.3,10.6,17.6,8.8,13.5,5,False,11.3,9.9,10.6,2,False
GRND,Grindr Inc.,Technology,Software - Application,5.5,19.7,8.9,16.0,17.0,13.4,5,False,8.8,7.6,8.2,2,False
GRUMAB.MX,"Gruma, S.A.B. de C.V.",Consumer Defensive,Packaged Foods,11.0,16.7,,12.2,,13.3,3,False,18.4,1.6,10.0,2,False
GS,"The Goldman Sachs Group, Inc.",Financial Services,Capital Markets,6.6,14.2,,12.3,13.5,11.6,4,False,11.6,13.3,12.4,2,False
GSAT,"Globalstar, Inc.",Communication Services,Telecom Services,8.6,1.7,8.4,1.4,1.6,4.3,5,False,,19.7,19.7,1,True
GSBD,"Goldman Sachs BDC, Inc.",Financial Services,Asset Management,5.3,2.1,,13.4,19.8,10.2,4,False,3.8,8.2,6.0,2,False
GSHD,"Goosehead Insurance, Inc.",Financial Services,Insurance Brokers,12.0,,,5.4,11.1,9.5,3,False,0.0,2.4,1.2,2,False
GSL,"Global Ship Lease, Inc.",Industrials,Marine Shipping,15.0,15.6,14.8,19.7,16.3,16.3,5,False,20.0,17.2,18.6,2,False
GSY.TO,goeasy Ltd.,Financial Services,Credit Services,10.1,0.4,,1.6,19.7,8.0,4,False,,0.1,0.1,1,True
GT,The Goodyear Tire & Rubber Company,Consumer Cyclical,Auto Parts,3.8,0.3,10.0,1.0,0.8,3.2,5,False,,5.2,5.2,1,True
GTES,Gates Industrial Corporation Ltd.,Industrials,Specialty Industrial Machinery,13.4,8.7,11.8,13.1,12.5,11.9,5,False,17.4,7.8,12.6,2,False
GTLB,GitLab Inc.,Technology,Software - Infrastructure,15.2,2.8,14.5,2.8,,8.8,4,False,,7.6,7.6,1,True
GTM,ZoomInfo Technologies Inc.,Technology,Software - Application,1.5,0.7,10.1,7.5,20.0,8.0,5,False,,0.1,0.1,1,True
GTX,Garrett Motion Inc.,Consumer Cyclical,Auto Parts,8.7,,12.0,14.2,16.8,12.9,4,False,12.1,19.6,15.8,2,False
GTY,Getty Realty Corp.,Real Estate,REIT - Retail,13.0,12.8,13.3,15.6,11.7,13.3,5,False,11.1,17.4,14.2,2,False
GVA,Granite Construction Incorporated,Industrials,Engineering & Construction,4.1,0.8,15.0,4.5,5.5,6.0,5,False,,9.6,9.6,1,True
GWO.TO,Great-West Lifeco Inc.,Financial Services,Insurance - Life,16.2,12.0,,5.0,9.2,10.6,4,False,7.8,18.1,13.0,2,False
GWRE,"Guidewire Software, Inc.",Technology,Software - Application,10.7,10.6,8.4,10.6,4.9,9.0,5,False,0.0,5.1,2.6,2,False
GWW,"W.W. Grainger, Inc.",Industrials,Industrial Distribution,12.4,19.2,10.8,13.1,10.6,13.2,5,False,1.0,15.3,8.2,2,False
GXO,"GXO Logistics, Inc.",Industrials,Integrated Freight & Logistics,2.9,4.2,9.1,3.0,6.5,5.1,5,False,0.0,4.4,2.2,2,False
H,Hyatt Hotels Corporation,Consumer Cyclical,Lodging,6.0,3.8,7.5,10.6,10.8,7.7,5,False,0.0,14.9,7.4,2,False
H.TO,Hydro One Limited,Utilities,Utilities - Regulated Electric,12.0,13.2,13.4,14.6,5.5,11.7,5,False,6.2,11.5,8.8,2,False
HAE,Haemonetics Corporation,Healthcare,Medical Devices,5.1,13.0,10.6,14.0,13.9,11.3,5,False,0.0,17.5,8.8,2,False
HAFN,Hafnia Limited,Industrials,Marine Shipping,12.3,,,19.6,19.7,17.2,3,False,19.4,17.3,18.4,2,False
HAL,Halliburton Company,Energy,Oil & Gas Equipment & Services,9.6,12.3,12.0,7.4,12.7,10.8,5,False,15.6,11.8,13.7,2,False
HALO,"Halozyme Therapeutics, Inc.",Healthcare,Biotechnology,4.6,19.9,8.6,19.0,13.2,13.1,5,False,5.4,14.2,9.8,2,False
HAPN,"Happen, Inc.",Financial Services,Banks - Regional,17.2,11.1,,6.1,,11.5,3,False,14.5,9.2,11.8,2,False
HAPV3.SA,Hapvida Participações e Investimentos S.A.,Financial Services,Insurance - Life,12.6,1.1,,5.6,15.3,8.6,4,False,,0.0,0.0,1,True
HAS,"Hasbro, Inc.",Consumer Cyclical,Leisure,8.4,19.9,12.0,17.6,6.6,12.9,5,False,13.8,16.8,15.3,2,False
HASI,"HA Sustainable Infrastructure Capital, Inc.",Financial Services,Asset Management,10.7,1.9,,12.5,9.9,8.8,4,False,0.0,14.4,7.2,2,False
HAWK,"HawkEye 360, Inc.",Industrials,Aerospace & Defense,19.4,,19.8,0.8,0.8,10.2,4,False,,,,0,True
HAYW,"Hayward Holdings, Inc.",Industrials,Electrical Equipment & Parts,13.4,8.7,12.3,16.5,0.7,10.3,5,False,16.7,5.0,10.8,2,False
HBAN,Huntington Bancshares Incorporated,Financial Services,Banks - Regional,,5.6,,10.9,8.9,8.5,3,False,10.6,4.1,7.4,2,False
HBM,Hudbay Minerals Inc.,Basic Materials,Copper,13.2,14.3,13.0,15.4,0.5,11.3,5,False,11.4,18.0,14.7,2,False
HBM.TO,Hudbay Minerals Inc.,Basic Materials,Copper,13.2,14.3,,15.4,,14.3,3,False,11.5,17.8,14.6,2,False
HBNB,Hotel101 Global Holdings Corp.,Real Estate,Real Estate Services,2.8,0.1,10.2,0.8,0.2,2.8,5,False,,19.9,19.9,1,True
HBNC,"Horizon Bancorp, Inc.",Financial Services,Banks - Regional,,0.6,,6.8,7.4,4.9,3,False,,12.0,12.0,1,True
HBT,"HBT Financial, Inc.",Financial Services,Banks - Regional,,9.1,,13.2,5.6,9.3,3,False,7.0,16.4,11.7,2,False
HCA,"HCA Healthcare, Inc.",Healthcare,Medical Care Facilities,2.3,,7.9,14.0,19.1,10.8,4,False,16.2,6.4,11.3,2,False
HCC,"Warrior Met Coal, Inc.",Basic Materials,Coking Coal,16.0,10.7,9.6,12.0,3.5,10.4,5,False,10.0,16.9,13.4,2,False
HCI,"HCI Group, Inc.",Financial Services,Insurance - Property & Casualty,12.2,19.1,,13.4,1.8,11.6,4,False,16.9,3.6,10.2,2,False
HCSG,"Healthcare Services Group, Inc.",Healthcare,Medical Care Facilities,13.4,17.6,14.5,11.2,10.0,13.3,5,False,17.5,12.4,15.0,2,False
HD,"The Home Depot, Inc.",Consumer Cyclical,Home Improvement Retail,1.6,19.6,10.1,12.8,8.3,10.5,5,False,10.0,4.7,7.4,2,False
HDB,HDFC Bank Limited,Financial Services,Banks - Regional,,11.6,,9.6,,10.6,2,True,6.1,0.5,3.3,2,False
HE,"Hawaiian Electric Industries, Inc.",Utilities,Utilities - Regulated Electric,10.4,15.5,11.1,4.1,3.6,8.9,5,False,20.0,7.6,13.8,2,False
HEI,HEICO Corporation,Industrials,Aerospace & Defense,10.8,14.1,10.2,17.4,0.7,10.6,5,False,2.1,7.6,4.8,2,False
HESM,Hess Midstream LP,Energy,Oil & Gas Midstream,3.6,19.8,9.0,17.4,17.6,13.5,5,False,14.6,6.9,10.8,2,False
HFWA,Heritage Financial Corporation,Financial Services,Banks - Regional,,4.2,,9.0,9.8,7.7,3,False,9.5,11.3,10.4,2,False
HG,"Hamilton Insurance Group, Ltd.",Financial Services,Insurance - Reinsurance,14.4,18.6,,8.1,6.1,11.8,4,False,17.6,17.1,17.4,2,False
HGTY,"Hagerty, Inc.",Financial Services,Insurance - Property & Casualty,11.3,5.4,,3.6,0.4,5.2,4,False,0.0,7.5,3.8,2,False
HGV,Hilton Grand Vacations Inc.,Consumer Cyclical,Resorts & Casinos,10.1,10.3,1.3,9.6,18.8,10.0,5,False,5.4,10.5,8.0,2,False
HHH,Howard Hughes Holdings Inc.,Real Estate,Real Estate - Development,11.3,10.5,3.3,9.7,,8.7,4,False,5.4,2.1,3.8,2,False
HIG,"The Hartford Insurance Group, Inc.",Financial Services,Insurance - Diversified,12.1,16.7,,5.6,14.4,12.2,4,False,16.4,5.7,11.0,2,False
HII,"Huntington Ingalls Industries, Inc.",Industrials,Aerospace & Defense,10.2,11.1,4.6,6.6,11.1,8.7,5,False,20.0,7.7,13.8,2,False
HIMS,"Hims & Hers Health, Inc.",Healthcare,Drug Manufacturers - Specialty & Generic,1.6,4.7,12.9,4.1,6.8,6.0,5,False,,0.7,0.7,1,True
HIW,"Highwoods Properties, Inc.",Real Estate,REIT - Office,8.2,9.5,10.0,10.6,15.0,10.7,5,False,13.9,9.8,11.9,2,False
HL,Hecla Mining Company,Basic Materials,Other Precious Metals & Mining,18.0,16.3,13.4,15.6,0.9,12.8,5,False,0.0,16.4,8.2,2,False
HLF,Herbalife Ltd.,Consumer Defensive,Packaged Foods,6.1,,10.4,8.4,,8.3,3,False,20.0,16.6,18.3,2,False
HLI,"Houlihan Lokey, Inc.",Financial Services,Capital Markets,14.0,14.8,,5.9,6.7,10.4,4,False,3.6,0.4,2.0,2,False
HLIO,"Helios Technologies, Inc.",Industrials,Specialty Industrial Machinery,13.2,6.1,13.1,11.6,4.1,9.6,5,False,6.4,15.7,11.0,2,False
HLIT,Harmonic Inc.,Technology,Communication Equipment,12.0,7.5,15.2,7.8,12.7,11.0,5,False,0.5,10.0,5.2,2,False
HLMN,Hillman Solutions Corp.,Industrials,Tools & Accessories,7.1,3.6,8.2,5.7,2.1,5.3,5,False,0.0,3.2,1.6,2,False
HLNE,Hamilton Lane Incorporated,Financial Services,Asset Management,15.6,18.8,,13.4,5.7,13.4,4,False,8.2,1.3,4.8,2,False
HLT,Hilton Worldwide Holdings Inc.,Consumer Cyclical,Lodging,6.6,,8.6,19.6,10.2,11.2,4,False,0.0,15.8,7.9,2,False
HLX,"Helix Energy Solutions Group, Inc.",Energy,Oil & Gas Equipment & Services,10.4,19.0,8.2,12.8,3.3,10.7,5,False,0.0,,0.0,1,True
HMC,"Honda Motor Co., Ltd.",Consumer Cyclical,Auto Manufacturers,9.8,2.8,,5.7,,6.1,3,False,,11.3,11.3,1,True
HMN,Horace Mann Educators Corporation,Financial Services,Insurance - Property & Casualty,6.9,9.9,,4.1,8.1,7.2,4,False,10.6,9.0,9.8,2,False
HMY,Harmony Gold Mining Company Limited,Basic Materials,Gold,8.6,19.5,,16.6,,14.9,3,False,20.0,6.7,13.4,2,False
HNGE,"Hinge Health, Inc.",Healthcare,Health Information Services,11.1,18.4,13.4,15.9,4.8,12.7,5,False,20.0,16.8,18.4,2,False
HNI,HNI Corporation,Consumer Cyclical,"Furnishings, Fixtures & Appliances",9.0,3.2,7.0,5.8,6.9,6.4,5,False,,12.3,12.3,1,True
HOG,"Harley-Davidson, Inc.",Consumer Cyclical,Recreational Vehicles,13.6,6.5,9.0,7.4,20.0,11.3,5,False,12.4,10.6,11.5,2,False
HOMB,"Home BancShares, Inc.",Financial Services,Banks - Regional,,8.4,,17.0,10.4,11.9,3,False,11.7,6.5,9.1,2,False
HON,Honeywell International Inc.,Industrials,Conglomerates,3.4,19.2,8.6,17.1,19.2,13.5,5,False,19.5,8.3,13.9,2,False
HONA,Honeywell Aerospace Inc.,Industrials,Aerospace & Defense,4.9,,5.1,13.0,,7.7,3,False,5.7,,5.7,1,True
HOOD,"Robinhood Markets, Inc.",Financial Services,Capital Markets,6.6,17.2,,14.6,1.3,9.9,4,False,0.0,0.7,0.4,2,False
HOPE,"Hope Bancorp, Inc.",Financial Services,Banks - Regional,,2.8,,9.1,10.8,7.6,3,False,9.4,14.1,11.8,2,False
HP,"Helmerich & Payne, Inc.",Energy,Oil & Gas Drilling,10.3,2.5,12.0,2.2,15.1,8.4,5,False,,18.4,18.4,1,True
HPE,Hewlett Packard Enterprise Company,Technology,Communication Equipment,2.8,7.3,8.9,8.0,9.4,7.3,5,False,1.8,17.1,9.5,2,False
HPQ,HP Inc.,Technology,Computer Hardware,1.2,,11.1,7.2,18.0,9.4,4,False,16.6,9.6,13.1,2,False
HQH,Abrdn Healthcare Investors,Financial Services,Asset Management,9.6,17.3,,10.2,,12.4,3,False,20.0,15.3,17.6,2,False
HQY,"HealthEquity, Inc.",Healthcare,Health Information Services,9.2,13.4,11.4,17.2,9.9,12.2,5,False,12.0,7.4,9.7,2,False
HR,Healthcare Realty Trust Incorporated,Real Estate,REIT - Healthcare Facilities,4.8,2.0,11.0,3.8,17.6,7.8,5,False,,13.2,13.2,1,True
HR.UN.TO,,,,,,,,,,0,True,,,,0,True
HRB,"H&R Block, Inc.",Consumer Cyclical,Personal Services,7.0,20.0,14.6,18.6,17.3,15.5,5,False,20.0,12.0,16.0,2,False
HRI,Herc Holdings Inc.,Industrials,Rental & Leasing Services,4.0,3.3,9.8,6.8,11.2,7.0,5,False,0.0,14.1,7.0,2,False
HRL,Hormel Foods Corporation,Consumer Defensive,Packaged Foods,15.8,4.3,13.8,8.4,13.7,11.2,5,False,0.0,6.6,3.3,2,False
HRMY,"Harmony Biosciences Holdings, Inc.",Healthcare,Biotechnology,12.3,16.6,17.5,17.6,8.5,14.5,5,False,19.5,14.0,16.8,2,False
HROW,"Harrow, Inc.",Healthcare,Drug Manufacturers - Specialty & Generic,4.6,1.1,6.4,3.6,,3.9,4,False,,2.6,2.6,1,True
HRTG,"Heritage Insurance Holdings, Inc.",Financial Services,Insurance - Property & Casualty,10.0,19.4,,10.1,0.3,10.0,4,False,20.0,14.0,17.0,2,False
HSBC,HSBC Holdings plc,Financial Services,Banks - Diversified,,10.9,,16.4,16.5,14.6,3,False,10.0,17.2,13.6,2,False
HSIC,"Henry Schein, Inc.",Healthcare,Medical Distribution,2.8,11.5,8.6,10.4,17.2,10.1,5,False,0.0,13.1,6.6,2,False
HST,"Host Hotels & Resorts, Inc.",Real Estate,REIT - Hotel & Motel,13.2,17.1,17.0,8.6,12.3,13.6,5,False,18.3,18.6,18.5,2,False
HSY,The Hershey Company,Consumer Defensive,Confectioners,5.2,18.5,10.8,17.0,9.3,12.2,5,False,10.5,7.8,9.2,2,False
HTFL,"Heartflow, Inc.",Healthcare,Health Information Services,13.8,0.9,8.9,2.6,0.7,5.4,5,False,,14.7,14.7,1,True
HTGC,"Hercules Capital, Inc.",Financial Services,Asset Management,3.8,14.5,,19.0,18.4,13.9,4,False,17.9,5.8,11.8,2,False
HTH,Hilltop Holdings Inc.,Financial Services,Financial Conglomerates,,3.9,,5.0,13.9,7.6,3,False,18.9,9.4,14.2,2,False
HTO,H2O America,Utilities,Utilities - Regulated Water,16.3,4.8,8.4,10.9,3.1,8.7,5,False,9.7,17.9,13.8,2,False
HUBB,Hubbell Incorporated,Industrials,Electrical Equipment & Parts,4.4,16.6,7.4,16.2,7.8,10.5,5,False,11.0,8.7,9.8,2,False
HUBG,"Hub Group, Inc.",Industrials,Integrated Freight & Logistics,13.9,5.2,9.2,4.2,17.2,9.9,5,False,8.6,11.4,10.0,2,False
HUBS,"HubSpot, Inc.",Technology,Software - Application,10.2,8.2,15.1,7.1,8.7,9.9,5,False,0.0,0.8,0.4,2,False
HUM,Humana Inc.,Healthcare,Healthcare Plans,5.8,10.2,15.6,9.3,12.8,10.7,5,False,0.0,14.7,7.4,2,False
HUN,Huntsman Corporation,Basic Materials,Chemicals,3.4,3.1,9.4,3.1,19.4,7.7,5,False,,6.2,6.2,1,True
HURN,Huron Consulting Group Inc.,Industrials,Consulting Services,8.2,17.1,10.6,9.7,17.6,12.6,5,False,10.0,9.3,9.6,2,False
HUT,Hut 8 Corp.,Financial Services,Capital Markets,4.2,0.3,,0.2,,1.6,3,False,,19.8,19.8,1,True
HWC,Hancock Whitney Corporation,Financial Services,Banks - Regional,,6.6,,12.5,10.1,9.7,3,False,8.0,10.9,9.4,2,False
HWKN,"Hawkins, Inc.",Basic Materials,Specialty Chemicals,10.1,14.1,11.7,8.4,5.5,10.0,5,False,4.0,0.4,2.2,2,False
HWX.TO,Headwater Exploration Inc.,Energy,Oil & Gas E&P,14.6,16.3,13.2,18.0,7.6,13.9,5,False,5.9,18.1,12.0,2,False
HXL,Hexcel Corporation,Industrials,Aerospace & Defense,10.0,9.0,11.4,11.4,15.3,11.4,5,False,5.6,16.6,11.1,2,False
HYMC,Hycroft Mining Holding Corporation,Basic Materials,Gold,19.8,0.3,11.1,3.2,,8.6,4,False,,19.9,19.9,1,True
HYPE3.SA,Hypera S.A.,Healthcare,Drug Manufacturers - Specialty & Generic,6.8,14.2,8.5,17.4,17.5,12.9,5,False,20.0,6.7,13.4,2,False
IAG,IAMGOLD Corporation,Basic Materials,Gold,11.2,18.5,16.0,16.7,1.5,12.8,5,False,15.7,16.1,15.9,2,False
IAG.TO,iA Financial Corporation Inc.,Financial Services,Insurance - Diversified,8.7,11.7,,4.9,13.7,9.8,4,False,5.2,12.4,8.8,2,False
IART,Integra LifeSciences Holdings Corporation,Healthcare,Medical Devices,4.8,8.1,9.0,8.4,19.2,9.9,5,False,,10.7,10.7,1,True
IAU.TO,i-80 Gold Corp.,Basic Materials,Gold,9.5,0.4,,0.4,,3.4,3,False,,17.9,17.9,1,True
IAUX,i-80 Gold Corp.,Basic Materials,Gold,9.5,0.4,8.0,0.4,,4.6,4,False,,18.0,18.0,1,True
IBKR,"Interactive Brokers Group, Inc.",Financial Services,Capital Markets,7.0,17.2,,12.8,0.5,9.4,4,False,0.0,15.9,8.0,2,False
IBM,International Business Machines Corporation,Technology,Information Technology Services,1.8,17.9,8.7,13.8,13.2,11.1,5,False,7.6,4.4,6.0,2,False
IBN,ICICI Bank Limited,Financial Services,Banks - Regional,,13.3,,10.6,,12.0,2,True,2.3,4.7,3.5,2,False
IBOC,International Bancshares Corporation,Financial Services,Banks - Regional,,10.6,,17.6,4.5,10.9,3,False,14.1,5.6,9.8,2,False
IBP,"Installed Building Products, Inc.",Consumer Cyclical,Residential Construction,11.2,18.1,12.0,12.5,6.4,12.0,5,False,0.0,10.1,5.0,2,False
IBRX,"ImmunityBio, Inc.",Healthcare,Biotechnology,13.9,,5.8,4.8,,8.2,3,False,,19.1,19.1,1,True
ICE,"Intercontinental Exchange, Inc.",Financial Services,Financial Data & Stock Exchanges,3.8,11.9,,16.0,3.9,8.9,4,False,10.8,3.2,7.0,2,False
ICFI,"ICF International, Inc.",Industrials,Consulting Services,10.2,7.0,10.1,7.1,13.5,9.6,5,False,14.6,5.9,10.2,2,False
ICHR,"Ichor Holdings, Ltd.",Technology,Semiconductor Equipment & Materials,13.2,2.9,9.0,4.2,,7.3,4,False,,18.7,18.7,1,True
ICL,ICL Group Ltd,Basic Materials,Agricultural Inputs,6.6,7.7,7.0,7.6,14.5,8.7,5,False,0.1,3.0,1.6,2,False
ICUI,"ICU Medical, Inc.",Healthcare,Medical Instruments & Supplies,5.7,8.4,9.0,10.4,,8.4,4,False,0.0,14.1,7.0,2,False
IDA,"IDACORP, Inc.",Utilities,Utilities - Regulated Electric,11.7,9.5,9.2,15.6,5.2,10.2,5,False,5.9,10.1,8.0,2,False
IDXX,"IDEXX Laboratories, Inc.",Healthcare,Diagnostics & Research,4.2,19.5,9.6,18.5,9.5,12.3,5,False,6.0,4.4,5.2,2,False
IDYA,"IDEAYA Biosciences, Inc.",Healthcare,Biotechnology,16.8,5.9,11.6,1.2,,8.9,4,False,,14.6,14.6,1,True
IE,Ivanhoe Electric Inc.,Basic Materials,Copper,17.1,3.8,10.6,2.0,,8.4,4,False,,2.0,2.0,1,True
IEP,Icahn Enterprises L.P.,Energy,Oil & Gas Refining & Marketing,4.0,1.2,4.9,1.2,17.0,5.7,5,False,,2.3,2.3,1,True
IESC,"IES Holdings, Inc.",Industrials,Engineering & Construction,16.1,19.1,13.4,13.2,1.8,12.7,5,False,0.0,16.9,8.4,2,False
IEX,IDEX Corporation,Industrials,Specialty Industrial Machinery,14.0,11.1,12.0,16.3,8.9,12.5,5,False,7.1,15.8,11.4,2,False
IFC.TO,Intact Financial Corporation,Financial Services,Insurance - Property & Casualty,8.0,13.4,,4.7,6.2,8.1,4,False,6.3,4.5,5.4,2,False
IFF,International Flavors & Fragrances Inc.,Basic Materials,Specialty Chemicals,5.0,2.6,3.8,5.8,11.7,5.8,5,False,,13.2,13.2,1,True
IFS,Intercorp Financial Services Inc.,Financial Services,Banks - Regional,,14.5,,13.9,,14.2,2,True,14.8,15.8,15.3,2,False
IGIC,International General Insurance Holdings Ltd.,Financial Services,Insurance - Diversified,5.3,13.7,,5.9,14.5,9.8,4,False,14.8,10.7,12.8,2,False
IGM.TO,IGM Financial Inc.,Financial Services,Asset Management,11.0,11.2,,9.1,8.6,10.0,4,False,5.7,18.9,12.3,2,False
IIP.UN.TO,,,,,,,,,,0,True,,,,0,True
IIPR,"Innovative Industrial Properties, Inc.",Real Estate,REIT - Industrial,17.8,10.2,15.0,16.2,19.2,15.7,5,False,18.5,15.8,17.2,2,False
ILMN,"Illumina, Inc.",Healthcare,Diagnostics & Research,5.3,18.5,9.5,16.6,6.7,11.3,5,False,4.0,17.8,10.9,2,False
IMAX,IMAX Corporation,Communication Services,Entertainment,13.8,10.5,10.0,13.9,2.3,10.1,5,False,0.0,19.0,9.5,2,False
IMG.TO,IAMGOLD Corporation,Basic Materials,Gold,11.2,18.5,,16.7,,15.5,3,False,15.7,16.0,15.8,2,False
IMKTA,"Ingles Markets, Incorporated",Consumer Defensive,Grocery Stores,13.0,6.2,10.4,5.6,2.0,7.4,5,False,13.5,14.2,13.8,2,False
IMNM,"Immunome, Inc.",Healthcare,Biotechnology,18.2,2.3,9.5,7.0,,9.2,4,False,,18.0,18.0,1,True
IMO,Imperial Oil Limited,Energy,Oil & Gas Integrated,14.0,13.0,,8.6,,11.9,3,False,0.0,11.3,5.6,2,False
IMO.TO,Imperial Oil Limited,Energy,Oil & Gas Integrated,14.0,13.0,14.4,8.6,13.6,12.7,5,False,0.0,11.1,5.6,2,False
IMTX,Immatics N.V.,Healthcare,Biotechnology,15.8,3.1,,4.2,,7.7,3,False,,9.4,9.4,1,True
IMVT,"Immunovant, Inc.",Healthcare,Biotechnology,14.8,1.7,8.9,7.0,,8.1,4,False,,18.3,18.3,1,True
INBX,"Inhibrx Biosciences, Inc.",Healthcare,Biotechnology,13.3,0.0,5.5,7.0,,6.4,4,False,,19.4,19.4,1,True
INCY,Incyte Corporation,Healthcare,Biotechnology,16.0,18.5,15.8,18.9,12.7,16.4,5,False,17.6,14.2,15.9,2,False
INDB,Independent Bank Corp.,Financial Services,Banks - Regional,,4.7,,12.8,6.4,8.0,3,False,7.9,10.5,9.2,2,False
INDV,"Indivior Pharmaceuticals, Inc.",Healthcare,Drug Manufacturers - Specialty & Generic,1.0,,9.1,18.9,10.1,9.8,4,False,17.6,14.1,15.8,2,False
INFQ,"Infleqtion, Inc.",Technology,Software - Infrastructure,18.1,,18.3,0.6,,12.3,3,False,,,,0,True
ING,ING Groep N.V.,Financial Services,Banks - Diversified,,14.4,,14.4,,14.4,2,True,11.8,15.8,13.8,2,False
INGM,Ingram Micro Holding Corporation,Technology,Information Technology Services,3.8,9.6,8.2,4.8,5.8,6.4,5,False,13.3,11.8,12.6,2,False
INGR,Ingredion Incorporated,Consumer Defensive,Packaged Foods,15.2,11.8,12.8,12.3,15.2,13.5,5,False,18.0,4.8,11.4,2,False
INIO,Innio N.V.,Industrials,Specialty Industrial Machinery,2.0,,10.8,3.6,9.6,6.5,4,False,0.0,,0.0,1,True
INNV,InnovAge Holding Corp.,Healthcare,Medical Care Facilities,6.4,7.2,12.4,4.6,3.8,6.9,5,False,,17.3,17.3,1,True
INOD,Innodata Inc.,Technology,Information Technology Services,14.6,18.2,17.8,13.8,,16.1,4,False,0.0,2.1,1.0,2,False
INSM,Insmed Incorporated,Healthcare,Biotechnology,7.6,1.5,7.4,2.4,,4.7,4,False,,4.1,4.1,1,True
INSP,"Inspire Medical Systems, Inc.",Healthcare,Medical Devices,15.5,16.0,16.2,10.7,16.2,14.9,5,False,19.5,4.1,11.8,2,False
INSW,"International Seaways, Inc.",Energy,Oil & Gas Midstream,16.8,18.8,11.5,19.2,13.9,16.0,5,False,20.0,19.6,19.8,2,False
INTA,"Intapp, Inc.",Technology,Software - Application,9.0,2.3,13.5,3.6,,7.1,4,False,,8.1,8.1,1,True
INTC,Intel Corporation,Technology,Semiconductors,7.6,2.2,5.9,6.0,3.8,5.1,5,False,,18.1,18.1,1,True
INTR,"Inter & Co, Inc.",Financial Services,Banks - Regional,,13.6,,8.4,,11.0,2,True,17.1,0.4,8.8,2,False
INTU,Intuit Inc.,Technology,Software - Application,5.8,15.8,12.3,15.1,13.8,12.6,5,False,16.5,0.6,8.6,2,False
INVA,"Innoviva, Inc.",Healthcare,Biotechnology,14.6,18.8,16.8,19.6,11.4,16.2,5,False,20.0,9.5,14.8,2,False
INVH,Invitation Homes Inc.,Real Estate,REIT - Residential,5.8,10.0,12.2,10.9,8.3,9.4,5,False,12.7,9.3,11.0,2,False
INVX,"Innovex International, Inc.",Energy,Oil & Gas Equipment & Services,18.2,6.0,17.8,6.6,2.7,10.3,5,False,4.7,14.7,9.7,2,False
IOND,Ionic Digital Inc.,Financial Services,Capital Markets,19.4,,,6.1,,12.8,2,True,,,,0,True
IONQ,"IonQ, Inc.",Technology,Computer Hardware,18.5,0.4,10.1,2.3,,7.8,4,False,,1.3,1.3,1,True
IONS,"Ionis Pharmaceuticals, Inc.",Healthcare,Biotechnology,7.8,1.2,6.2,2.3,,4.4,4,False,,5.4,5.4,1,True
IOSP,Innospec Inc.,Basic Materials,Specialty Chemicals,15.2,10.1,13.0,7.8,9.5,11.1,5,False,15.1,10.1,12.6,2,False
IOT,Samsara Inc.,Technology,Software - Infrastructure,12.3,6.1,9.2,5.8,,8.4,4,False,0.0,8.7,4.4,2,False
IOVA,"Iovance Biotherapeutics, Inc.",Healthcare,Biotechnology,14.0,3.7,7.6,2.0,,6.8,4,False,,19.5,19.5,1,True
IP,International Paper Company,Consumer Cyclical,Packaging & Containers,9.7,1.2,11.1,1.4,10.7,6.8,5,False,,5.6,5.6,1,True
IPAR,"Interparfums, Inc.",Consumer Defensive,Household & Personal Products,16.8,16.0,14.0,13.4,6.0,13.2,5,False,9.6,15.1,12.4,2,False
IPCO.TO,International Petroleum Corporation,Energy,Oil & Gas E&P,7.0,3.9,,6.8,,5.9,3,False,0.0,11.5,5.8,2,False
IPGP,IPG Photonics Corporation,Technology,Semiconductor Equipment & Materials,18.4,4.5,12.8,7.2,17.4,12.1,5,False,0.0,6.4,3.2,2,False
IQV,IQVIA Holdings Inc.,Healthcare,Diagnostics & Research,1.2,17.2,9.1,13.2,13.4,10.8,5,False,9.2,13.4,11.3,2,False
IR,Ingersoll Rand Inc.,Industrials,Specialty Industrial Machinery,9.8,7.7,11.8,14.2,9.4,10.6,5,False,7.9,5.2,6.6,2,False
IRBR3.SA,IRB-Brasil Resseguros S.A.,Financial Services,Insurance - Reinsurance,14.8,2.3,,1.8,0.4,4.8,4,False,0.0,10.4,5.2,2,False
IRDM,Iridium Communications Inc.,Communication Services,Telecom Services,8.6,14.5,7.0,12.0,14.5,11.3,5,False,0.0,19.9,10.0,2,False
IREN,IREN Limited,Financial Services,Capital Markets,9.7,0.5,,0.4,,3.5,3,False,,1.0,1.0,1,True
IRM,Iron Mountain Incorporated,Real Estate,REIT - Specialty,8.8,,5.2,6.8,3.3,6.0,4,False,0.0,15.0,7.5,2,False
IRON,"Disc Medicine, Inc.",Healthcare,Biotechnology,17.0,3.9,10.6,7.0,,9.6,4,False,,10.8,10.8,1,True
IRT,"Independence Realty Trust, Inc.",Real Estate,REIT - Residential,7.8,3.7,8.0,6.1,8.1,6.7,5,False,0.0,8.7,4.4,2,False
IRTC,"iRhythm Holdings, Inc.",Healthcare,Medical Devices,6.4,6.7,9.4,8.0,4.2,6.9,5,False,,1.8,1.8,1,True
ISRG,"Intuitive Surgical, Inc.",Healthcare,Medical Instruments & Supplies,12.1,15.9,10.9,18.5,6.2,12.7,5,False,5.0,3.9,4.4,2,False
IT,"Gartner, Inc.",Technology,Information Technology Services,4.0,19.7,11.0,14.3,18.6,13.5,5,False,11.4,2.4,6.9,2,False
ITG,"ITG, Inc.",Industrials,Engineering & Construction,9.0,,2.8,3.4,18.2,8.4,4,False,,,,0,True
ITGR,Integer Holdings Corporation,Healthcare,Medical Devices,7.0,10.7,7.0,12.3,5.7,8.5,5,False,3.9,11.2,7.6,2,False
ITRI,"Itron, Inc.",Technology,Scientific & Technical Instruments,8.8,13.5,9.8,12.3,10.0,10.9,5,False,19.6,3.0,11.3,2,False
ITRN,Ituran Location and Control Ltd.,Technology,Scientific & Technical Instruments,14.0,17.1,16.0,15.3,12.2,14.9,5,False,19.7,13.4,16.6,2,False
ITT,ITT Inc.,Industrials,Specialty Industrial Machinery,6.3,9.7,7.2,11.5,9.1,8.8,5,False,1.8,10.3,6.1,2,False
ITUB4.SA,Itaú Unibanco Holding S.A.,Financial Services,Banks - Regional,,16.5,,12.0,15.5,14.7,3,False,15.3,8.2,11.8,2,False
ITW,Illinois Tool Works Inc.,Industrials,Specialty Industrial Machinery,2.6,19.8,10.9,17.9,15.1,13.3,5,False,12.4,9.0,10.7,2,False
IVA,Inventiva S.A.,Healthcare,Biotechnology,7.2,,,3.7,,5.4,2,True,,3.1,3.1,1,True
IVN.TO,Ivanhoe Mines Ltd.,Basic Materials,Other Industrial Metals & Mining,12.8,5.0,,10.6,,9.5,3,False,0.0,1.1,0.6,2,False
IVT,InvenTrust Properties Corp.,Real Estate,REIT - Retail,14.9,3.4,10.4,5.7,3.8,7.6,5,False,0.0,14.5,7.2,2,False
IVZ,Invesco Ltd.,Financial Services,Asset Management,12.0,1.1,,3.3,18.2,8.6,4,False,,16.8,16.8,1,True
JAN,"Janus Living, Inc.",Real Estate,REIT - Residential,18.8,,19.9,2.2,0.9,10.5,4,False,,,,0,True
JAZZ,Jazz Pharmaceuticals plc,Healthcare,Biotechnology,5.6,17.1,12.0,17.4,8.8,12.2,5,False,17.1,16.9,17.0,2,False
JBHT,"J.B. Hunt Transport Services, Inc.",Industrials,Integrated Freight & Logistics,10.5,14.7,13.0,7.0,12.8,11.6,5,False,0.0,19.0,9.5,2,False
JBIO,"Jade Biosciences, Inc.",Healthcare,Biotechnology,18.6,,19.6,7.0,,15.1,3,False,,18.2,18.2,1,True
JBL,Jabil Inc.,Technology,Electronic Components,1.0,19.2,8.6,6.6,15.4,10.2,5,False,2.6,12.6,7.6,2,False
JBLU,JetBlue Airways Corporation,Industrials,Airlines,1.0,0.4,0.2,1.2,2.4,1.0,5,False,,5.2,5.2,1,True
JBS,JBS N.V.,Consumer Defensive,Packaged Foods,5.6,11.6,4.4,3.3,5.5,6.1,5,False,16.5,8.0,12.2,2,False
JBSS3.SA,,,,,,,,,,0,True,,,,0,True
JBTM,JBT Marel Corporation,Industrials,Specialty Industrial Machinery,7.2,4.1,11.0,7.0,2.1,6.3,5,False,7.7,3.0,5.4,2,False
JCAP,"Jefferson Capital, Inc.",Financial Services,Credit Services,9.9,19.0,,13.4,9.1,12.8,4,False,,12.2,12.2,1,True
JCI,Johnson Controls International plc,Industrials,Building Products & Equipment,6.0,11.9,11.8,14.6,15.2,11.9,5,False,2.6,13.2,7.9,2,False
JEF,Jefferies Financial Group Inc.,Financial Services,Capital Markets,1.8,,,6.6,10.3,6.2,3,False,12.7,1.4,7.0,2,False
JHSF3.SA,JHSF Participações S.A.,Real Estate,Real Estate - Development,12.7,19.3,17.0,16.2,6.5,14.3,5,False,20.0,19.8,19.9,2,False
JHX,James Hardie Industries plc,Basic Materials,Building Materials,4.0,5.9,12.8,7.9,4.1,6.9,5,False,0.0,15.5,7.8,2,False
JJSF,J&J Snack Foods Corp.,Consumer Defensive,Packaged Foods,15.4,5.0,11.0,8.8,9.8,10.0,5,False,0.0,7.0,3.5,2,False
JKHY,"Jack Henry & Associates, Inc.",Technology,Information Technology Services,10.2,15.9,9.3,15.8,9.9,12.2,5,False,4.0,9.5,6.8,2,False
JLL,Jones Lang LaSalle Incorporated,Real Estate,Real Estate Services,13.9,16.3,16.8,3.4,1.5,10.4,5,False,11.4,16.6,14.0,2,False
JMKE,Jersey Mike's Subs Inc.,Consumer Cyclical,Restaurants,14.8,,7.9,7.9,8.7,9.8,4,False,,,,0,True
JNJ,Johnson & Johnson,Healthcare,Drug Manufacturers - General,4.7,17.8,9.6,17.8,12.5,12.5,5,False,2.6,14.5,8.6,2,False
JOBY,"Joby Aviation, Inc.",Industrials,Airports & Air Services,16.0,0.2,10.6,1.3,,7.0,4,False,,0.1,0.1,1,True
JOE,The St. Joe Company,Real Estate,Real Estate - Diversified,15.4,17.4,11.4,12.3,1.8,11.7,5,False,0.0,18.3,9.2,2,False
JPM,JPMorgan Chase & Co.,Financial Services,Banks - Diversified,,14.8,,14.8,11.7,13.8,3,False,9.6,8.9,9.2,2,False
JXN,Jackson Financial Inc.,Financial Services,Insurance - Life,6.6,1.3,,1.0,17.3,6.6,4,False,0.0,14.4,7.2,2,False
K.TO,Kinross Gold Corporation,Basic Materials,Gold,15.0,19.0,,18.0,,17.3,3,False,13.8,9.7,11.8,2,False
KAI,Kadant Inc.,Industrials,Specialty Industrial Machinery,12.3,9.5,11.0,13.1,3.0,9.8,5,False,7.3,7.3,7.3,2,False
KALU,Kaiser Aluminum Corporation,Basic Materials,Aluminum,5.1,17.5,6.0,8.0,8.5,9.0,5,False,7.3,18.7,13.0,2,False
KARD,"Kardigan, Inc.",Healthcare,Biotechnology,16.6,,19.1,7.0,,14.2,3,False,,,,0,True
KARO,Karooooo Ltd.,Technology,Software - Application,8.2,16.9,,16.2,,13.8,3,False,9.5,10.3,9.9,2,False
KB,KB Financial Group Inc.,Financial Services,Banks - Regional,,7.2,,16.2,,11.7,2,True,14.1,16.9,15.5,2,False
KBH,KB Home,Consumer Cyclical,Residential Construction,9.2,7.5,11.0,6.2,19.2,10.6,5,False,9.9,5.5,7.7,2,False
KBR,"KBR, Inc.",Industrials,Engineering & Construction,5.6,17.3,9.8,7.2,17.9,11.6,5,False,17.8,2.4,10.1,2,False
KD,"Kyndryl Holdings, Inc.",Technology,Information Technology Services,1.1,7.8,10.3,4.9,17.5,8.3,5,False,0.0,0.2,0.1,2,False
KDP,Keurig Dr Pepper Inc.,Consumer Defensive,Beverages - Non-Alcoholic,3.4,4.8,9.4,11.8,10.2,7.9,5,False,0.0,16.3,8.2,2,False
KEEL,Keel Infrastructure Corp.,Technology,Information Technology Services,10.0,0.3,2.3,0.6,2.5,3.1,5,False,,9.1,9.1,1,True
KEL.TO,Kelt Exploration Ltd.,Energy,Oil & Gas E&P,10.2,5.5,8.4,11.1,,8.8,4,False,0.0,12.2,6.1,2,False
KEN,Kenon Holdings Ltd.,Utilities,Utilities - Independent Power Producers,18.0,3.7,18.2,4.6,18.4,12.6,5,False,0.0,19.7,9.8,2,False
KEP,Korea Electric Power Corporation,Utilities,Utilities - Regulated Electric,2.0,17.1,,5.1,,8.1,3,False,20.0,2.1,11.0,2,False
KEX,Kirby Corporation,Industrials,Marine Shipping,11.0,8.7,12.4,12.4,12.2,11.3,5,False,0.0,18.1,9.0,2,False
KEY,KeyCorp,Financial Services,Banks - Regional,,7.5,,10.1,12.6,10.1,3,False,10.9,10.2,10.6,2,False
KEY.TO,Keyera Corp.,Energy,Oil & Gas Midstream,5.5,7.4,5.3,7.6,7.1,6.6,5,False,0.0,8.0,4.0,2,False
KEYS,"Keysight Technologies, Inc.",Technology,Scientific & Technical Instruments,9.0,14.9,10.3,16.2,7.2,11.5,5,False,1.5,15.8,8.6,2,False
KFRC,Kforce Inc.,Industrials,Staffing & Employment Services,11.2,17.5,11.8,4.6,19.1,12.8,5,False,1.7,19.0,10.4,2,False
KFY,Korn Ferry,Industrials,Staffing & Employment Services,15.2,12.1,17.5,12.5,14.7,14.4,5,False,11.7,12.9,12.3,2,False
KGC,Kinross Gold Corporation,Basic Materials,Gold,15.0,19.0,17.2,18.0,4.8,14.8,5,False,13.7,9.8,11.8,2,False
KGS,"Kodiak Gas Services, Inc.",Energy,Oil & Gas Equipment & Services,7.2,5.0,5.6,9.4,6.1,6.7,5,False,0.0,14.5,7.2,2,False
KHC,The Kraft Heinz Company,Consumer Defensive,Packaged Foods,9.0,0.7,10.8,7.4,17.7,9.1,5,False,,10.3,10.3,1,True
KIM,Kimco Realty Corporation,Real Estate,REIT - Retail,11.5,8.7,10.3,13.0,10.5,10.8,5,False,3.3,13.8,8.6,2,False
KIMBERA.MX,"Kimberly-Clark de México, S. A. B. de C. V.",Consumer Defensive,Household & Personal Products,8.4,19.9,12.4,17.6,14.5,14.6,5,False,16.4,12.2,14.3,2,False
KKR,KKR & Co. Inc.,Financial Services,Asset Management,7.8,3.7,,5.8,1.9,4.8,4,False,0.0,1.5,0.8,2,False
KLAC,KLA Corporation,Technology,Semiconductor Equipment & Materials,8.4,19.5,7.4,19.0,8.7,12.6,5,False,9.9,14.4,12.2,2,False
KLAR,Klarna Group plc,Financial Services,Credit Services,13.4,0.9,,1.2,,5.2,3,False,,,,0,True
KLIC,"Kulicke and Soffa Industries, Inc.",Technology,Semiconductor Equipment & Materials,16.2,11.8,11.6,14.0,14.2,13.6,5,False,14.6,16.4,15.5,2,False
KLRA,"Kailera Therapeutics, Inc.",Healthcare,Biotechnology,17.6,,19.6,7.0,,14.7,3,False,,,,0,True
KMB,Kimberly-Clark Corporation,Consumer Defensive,Household & Personal Products,2.1,19.8,8.4,16.0,14.8,12.2,5,False,10.1,5.9,8.0,2,False
KMI,"Kinder Morgan, Inc.",Energy,Oil & Gas Midstream,2.6,9.2,6.2,12.6,9.1,7.9,5,False,7.1,4.7,5.9,2,False
KMP.UN.TO,,,,,,,,,,0,True,,,,0,True
KMPB,Kemper Corporation 5.875% Fixed,,,,,,,,,0,True,,,,0,True
KMPR,Kemper Corporation,Financial Services,Insurance - Property & Casualty,8.0,0.5,,1.1,19.1,7.2,4,False,,0.3,0.3,1,True
KMT,Kennametal Inc.,Industrials,Tools & Accessories,8.0,16.4,3.4,17.7,16.8,12.5,5,False,20.0,16.1,18.0,2,False
KMTS,"Kestra Medical Technologies, Ltd.",Healthcare,Medical Instruments & Supplies,12.6,2.4,8.1,1.6,2.4,5.4,5,False,,8.7,8.7,1,True
KMX,"CarMax, Inc.",Consumer Cyclical,Auto & Truck Dealerships,1.6,4.8,1.6,3.4,10.5,4.4,5,False,0.0,17.7,8.8,2,False
KN,Knowles Corporation,Technology,Electronic Components,11.8,9.2,6.6,12.2,10.8,10.1,5,False,0.4,13.2,6.8,2,False
KNF,Knife River Corporation,Basic Materials,Building Materials,6.2,10.1,4.2,6.8,,6.8,4,False,4.0,1.0,2.5,2,False
KNSA,"Kiniksa Pharmaceuticals International, plc",Healthcare,Drug Manufacturers - Specialty & Generic,14.8,14.5,11.9,13.3,3.1,11.5,5,False,0.0,17.2,8.6,2,False
KNSL,"Kinsale Capital Group, Inc.",Financial Services,Insurance - Property & Casualty,8.9,18.5,,11.2,1.5,10.0,4,False,5.3,1.7,3.5,2,False
KNTK,Kinetik Holdings Inc.,Energy,Oil & Gas Midstream,1.6,13.8,4.8,13.4,5.1,7.7,5,False,8.9,9.1,9.0,2,False
KNX,Knight-Swift Transportation Holdings Inc.,Industrials,Trucking,7.7,2.4,10.8,3.6,5.0,5.9,5,False,0.0,18.4,9.2,2,False
KO,The Coca-Cola Company,Consumer Defensive,Beverages - Non-Alcoholic,8.4,19.0,9.6,19.4,5.7,12.4,5,False,4.4,17.6,11.0,2,False
KOD,Kodiak Sciences Inc.,Healthcare,Biotechnology,7.0,0.3,7.7,7.0,,5.5,4,False,,17.8,17.8,1,True
KOP,Koppers Holdings Inc.,Basic Materials,Specialty Chemicals,3.2,1.2,10.6,4.1,15.6,6.9,5,False,,16.5,16.5,1,True
KOS,Kosmos Energy Ltd.,Energy,Oil & Gas E&P,0.8,0.4,9.4,8.8,0.4,4.0,5,False,,15.6,15.6,1,True
KR,The Kroger Co.,Consumer Defensive,Grocery Stores,1.2,11.8,9.2,3.0,18.5,8.7,5,False,0.0,4.7,2.4,2,False
KRC,Kilroy Realty Corporation,Real Estate,REIT - Office,12.0,6.5,11.8,9.4,15.3,11.0,5,False,10.0,4.9,7.4,2,False
KRG,Kite Realty Group Trust,Real Estate,REIT - Retail,8.2,14.7,6.6,12.4,13.2,11.0,5,False,14.4,16.3,15.4,2,False
KRMN,Karman Holdings Inc.,Industrials,Aerospace & Defense,10.2,7.8,6.6,12.5,0.2,7.5,5,False,0.0,0.5,0.2,2,False
KRYS,"Krystal Biotech, Inc.",Healthcare,Biotechnology,17.0,16.4,11.2,19.6,,16.0,4,False,0.0,17.3,8.6,2,False
KSS,Kohl's Corporation,Consumer Cyclical,Department Stores,3.5,7.1,10.4,6.4,16.0,8.7,5,False,19.0,15.2,17.1,2,False
KTB,"Kontoor Brands, Inc.",Consumer Cyclical,Apparel Manufacturing,3.8,18.8,13.5,13.6,9.6,11.9,5,False,16.3,9.2,12.8,2,False
KTOS,"Kratos Defense & Security Solutions, Inc.",Industrials,Aerospace & Defense,18.6,2.6,11.1,3.1,,8.9,4,False,0.0,0.4,0.2,2,False
KVUE,Kenvue Inc.,Consumer Defensive,Household & Personal Products,8.2,13.9,10.4,15.9,19.7,13.6,5,False,9.3,14.8,12.0,2,False
KVYO,"Klaviyo, Inc.",Technology,Software - Application,15.0,4.2,15.6,4.0,,9.7,4,False,0.0,2.3,1.2,2,False
KWR,Quaker Chemical Corporation,Basic Materials,Specialty Chemicals,8.4,8.8,10.0,7.3,10.6,9.0,5,False,7.4,10.7,9.0,2,False
KXS.TO,Kinaxis Inc.,Technology,Software - Application,13.4,14.8,,13.2,,13.8,3,False,3.8,6.9,5.4,2,False
KYMR,"Kymera Therapeutics, Inc.",Healthcare,Biotechnology,16.2,5.5,9.2,1.5,,8.1,4,False,,17.4,17.4,1,True
KYN,"Kayne Anderson Energy Infrastructure Fund, Inc.",Financial Services,Asset Management,7.0,15.8,,16.6,16.6,14.0,4,False,20.0,12.9,16.4,2,False
L,Loews Corporation,Financial Services,Insurance - Property & Casualty,7.8,5.9,,4.0,9.5,6.8,4,False,8.5,6.6,7.6,2,False
L.TO,Loblaw Companies Limited,Consumer Defensive,Grocery Stores,1.9,17.2,11.1,8.6,8.8,9.5,5,False,0.0,13.3,6.6,2,False
LABB.MX,"Genomma Lab Internacional, S.A.B. de C.V.",Healthcare,Drug Manufacturers - Specialty & Generic,5.8,14.7,7.7,15.0,19.9,12.6,5,False,20.0,2.1,11.0,2,False
LAC,Lithium Americas Corp.,Basic Materials,Other Industrial Metals & Mining,11.7,3.2,2.8,3.2,,5.2,4,False,,0.1,0.1,1,True
LAC.TO,Lithium Americas Corp.,Basic Materials,Other Industrial Metals & Mining,11.7,3.2,,3.2,,6.0,3,False,,0.1,0.1,1,True
LAD,"Lithia Motors, Inc.",Consumer Cyclical,Auto & Truck Dealerships,1.5,10.0,7.4,4.8,13.7,7.5,5,False,15.7,14.8,15.2,2,False
LADR,Ladder Capital Corp,Real Estate,REIT - Mortgage,9.8,6.7,2.4,11.4,18.0,9.7,5,False,0.0,6.8,3.4,2,False
LAMR,Lamar Advertising Company,Real Estate,REIT - Specialty,4.8,19.8,10.1,12.4,8.6,11.1,5,False,10.0,17.3,13.6,2,False
LAR,Lithium Argentina AG,Basic Materials,Other Industrial Metals & Mining,6.2,2.5,6.2,3.2,,4.5,4,False,,18.4,18.4,1,True
LASR,"nLIGHT, Inc.",Technology,Semiconductors,17.7,3.1,12.4,3.2,,9.1,4,False,,12.9,12.9,1,True
LAUR,"Laureate Education, Inc.",Consumer Defensive,Education & Training Services,9.4,18.0,13.0,18.8,6.5,13.1,5,False,10.0,14.3,12.2,2,False
LAZ,"Lazard, Inc.",Financial Services,Capital Markets,10.1,17.6,,2.8,15.3,11.5,4,False,5.1,1.5,3.3,2,False
LB.TO,Laurentian Bank of Canada,Financial Services,Banks - Regional,,1.1,,1.8,13.4,5.4,3,False,,12.8,12.8,1,True
LBRT,Liberty Energy Inc.,Energy,Oil & Gas Equipment & Services,10.8,6.1,4.1,3.6,13.4,7.6,5,False,10.0,13.5,11.8,2,False
LBRX,LB Pharmaceuticals Inc,Healthcare,Biotechnology,17.8,2.9,10.7,7.0,,9.6,4,False,,,,0,True
LCAM3.SA,,,,,,,,,,0,True,,,,0,True
LCID,"Lucid Group, Inc.",Consumer Cyclical,Auto Manufacturers,3.5,0.1,1.0,0.1,,1.2,4,False,,0.0,0.0,1,True
LCII,LCI Industries,Consumer Cyclical,Recreational Vehicles,11.6,12.8,12.6,5.6,13.9,11.3,5,False,16.4,13.9,15.2,2,False
LCLN,"Lincoln International, Inc.",Financial Services,Capital Markets,9.6,,,4.0,14.9,9.5,3,False,,,,0,True
LDOS,"Leidos Holdings, Inc.",Technology,Information Technology Services,5.3,16.8,9.1,10.4,17.0,11.7,5,False,16.7,2.4,9.5,2,False
LEA,Lear Corporation,Consumer Cyclical,Auto Parts,11.3,11.0,13.4,4.8,13.4,10.8,5,False,15.5,16.6,16.0,2,False
LECO,"Lincoln Electric Holdings, Inc.",Industrials,Tools & Accessories,8.2,18.6,10.1,14.8,12.3,12.8,5,False,6.2,12.1,9.2,2,False
LEG,Leggett & Platt Inc,Consumer Cyclical,"Furnishings, Fixtures & Appliances",10.6,15.7,11.4,9.4,18.0,13.0,5,False,20.0,11.3,15.6,2,False
LEN,Lennar Corporation,Consumer Cyclical,Residential Construction,15.2,7.8,11.7,7.2,17.9,12.0,5,False,9.1,2.2,5.6,2,False
LEU,Centrus Energy Corp.,Energy,Uranium,10.6,6.8,11.2,7.1,,8.9,4,False,19.4,0.1,9.8,2,False
LEVI,Levi Strauss & Co.,Consumer Cyclical,Apparel Manufacturing,9.6,16.2,13.6,11.7,8.1,11.8,5,False,16.4,7.6,12.0,2,False
LFST,"LifeStance Health Group, Inc.",Healthcare,Medical Care Facilities,8.2,9.2,10.6,10.8,,9.7,4,False,0.0,17.7,8.8,2,False
LFTO,"Liftoff Mobile, Inc.",Communication Services,Advertising Agencies,11.5,,7.4,13.6,18.4,12.7,4,False,0.0,,0.0,1,True
LFUS,"Littelfuse, Inc.",Technology,Electronic Components,11.8,4.0,9.9,8.8,6.8,8.3,5,False,,14.3,14.3,1,True
LGIH,"LGI Homes, Inc.",Consumer Cyclical,Residential Construction,10.9,4.5,10.8,6.8,3.3,7.3,5,False,0.0,12.5,6.2,2,False
LGN,Legence Corp.,Industrials,Engineering & Construction,8.4,0.9,12.8,2.3,6.1,6.1,5,False,,,,0,True
LGND,Ligand Pharmaceuticals Incorporated,Healthcare,Biotechnology,11.2,16.9,11.3,16.8,3.2,11.9,5,False,7.6,15.5,11.6,2,False
LH,Labcorp Holdings Inc.,Healthcare,Diagnostics & Research,5.6,13.6,8.2,12.8,14.1,10.9,5,False,12.4,10.5,11.4,2,False
LHX,"L3Harris Technologies, Inc.",Industrials,Aerospace & Defense,13.5,,10.1,10.9,13.8,12.1,4,False,16.3,4.0,10.2,2,False
LIF,"Life360, Inc.",Technology,Software - Application,12.4,17.1,10.6,11.0,,12.8,4,False,13.8,0.1,7.0,2,False
LIF.TO,Labrador Iron Ore Royalty Corporation,Basic Materials,Steel,14.0,11.8,14.4,19.5,18.5,15.6,5,False,7.1,3.9,5.5,2,False
LIFE,Ethos Technologies Inc.,Financial Services,Insurance Brokers,15.7,0.4,,1.5,,5.9,3,False,,,,0,True
LII,Lennox International Inc.,Industrials,Building Products & Equipment,3.1,19.6,8.7,16.5,11.8,11.9,5,False,18.3,1.5,9.9,2,False
LIME,"Neutron Holdings, Inc.",Industrials,Rental & Leasing Services,12.6,,18.2,11.0,,13.9,3,False,16.6,,16.6,1,True
LIN,Linde plc,Basic Materials,Specialty Chemicals,3.7,15.1,9.6,14.4,12.3,11.0,5,False,5.5,5.3,5.4,2,False
LINC,Lincoln Educational Services Corporation,Consumer Defensive,Education & Training Services,9.2,10.3,6.0,5.6,0.2,6.3,5,False,0.0,11.8,5.9,2,False
LIND,"Lindblad Expeditions Holdings, Inc.",Consumer Cyclical,Travel Services,7.5,,13.5,4.1,,8.4,3,False,,19.7,19.7,1,True
LINE,"Lineage, Inc.",Real Estate,REIT - Industrial,9.4,1.8,10.8,2.0,6.9,6.2,5,False,,11.2,11.2,1,True
LION,Lionsgate Studios Corp.,,,,,,,,,0,True,,,,0,True
LIVEPOLC1.MX,6960,,,,,,,,,0,True,,,,0,True
LIVN,LivaNova PLC,Healthcare,Medical Devices,7.9,15.0,10.4,14.6,4.0,10.4,5,False,11.8,15.0,13.4,2,False
LKFN,Lakeland Financial Corporation,Financial Services,Banks - Regional,,12.6,,16.0,10.5,13.0,3,False,9.5,3.0,6.2,2,False
LKQ,LKQ Corporation,Consumer Cyclical,Auto Parts,7.2,7.7,10.8,7.2,15.6,9.7,5,False,13.6,5.7,9.6,2,False
LLY,Eli Lilly and Company,Healthcare,Drug Manufacturers - General,1.8,19.8,8.4,19.4,6.3,11.1,5,False,0.0,15.1,7.6,2,False
LLYVA,"Liberty Live Holdings, Inc.",Communication Services,Entertainment,0.4,,6.4,1.8,,2.9,3,False,,11.7,11.7,1,True
LLYVK,"Liberty Live Holdings, Inc.",Communication Services,Entertainment,0.4,,6.4,1.8,,2.9,3,False,,12.1,12.1,1,True
LMAT,"LeMaitre Vascular, Inc.",Healthcare,Medical Instruments & Supplies,13.2,15.6,12.7,18.0,6.5,13.2,5,False,13.3,5.5,9.4,2,False
LMND,"Lemonade, Inc.",Financial Services,Insurance - Property & Casualty,9.5,0.4,,0.6,,3.5,3,False,,3.5,3.5,1,True
LMRI,"Lumexa Imaging Holdings, Inc.",Healthcare,Medical Devices,4.4,,0.9,7.0,0.9,3.3,4,False,,,,0,True
LMT,Lockheed Martin Corporation,Industrials,Aerospace & Defense,4.3,19.8,12.6,10.7,17.4,13.0,5,False,19.8,10.9,15.4,2,False
LNC,Lincoln National Corporation,Financial Services,Insurance - Life,9.6,16.9,,3.6,13.3,10.9,4,False,20.0,7.5,13.8,2,False
LNG,"Cheniere Energy, Inc.",Energy,Oil & Gas Midstream,2.0,19.2,5.9,16.0,10.1,10.6,5,False,5.3,6.5,5.9,2,False
LNN,Lindsay Corporation,Industrials,Farm & Heavy Construction Machinery,15.4,9.0,14.4,10.9,10.2,12.0,5,False,9.8,2.9,6.4,2,False
LNR.TO,Linamar Corporation,Consumer Cyclical,Auto Parts,14.9,10.2,18.2,10.0,3.5,11.4,5,False,19.7,17.5,18.6,2,False
LNT,Alliant Energy Corporation,Utilities,Utilities - Regulated Electric,3.8,13.1,10.4,12.4,7.3,9.4,5,False,7.0,9.2,8.1,2,False
LNTH,"Lantheus Holdings, Inc.",Healthcare,Drug Manufacturers - Specialty & Generic,9.7,17.2,13.0,16.9,11.2,13.6,5,False,6.0,17.0,11.5,2,False
LOAR,Loar Holdings Inc.,Industrials,Aerospace & Defense,12.8,4.8,8.0,16.0,,10.4,4,False,0.0,3.8,1.9,2,False
LOB,"Live Oak Bancshares, Inc.",Financial Services,Banks - Regional,,9.1,,10.4,1.1,6.9,3,False,9.4,8.0,8.7,2,False
LOGI,Logitech International S.A.,Technology,Computer Hardware,14.9,18.0,15.5,15.0,16.6,16.0,5,False,9.8,5.3,7.6,2,False
LOMA,Loma Negra Compañía Industrial Argentina Sociedad Anónima,Basic Materials,Building Materials,8.0,6.4,,6.8,,7.1,3,False,0.0,12.0,6.0,2,False
LOPE,"Grand Canyon Education, Inc.",Consumer Defensive,Education & Training Services,17.4,18.2,14.2,18.0,12.3,16.0,5,False,7.9,1.0,4.4,2,False
LOW,"Lowe's Companies, Inc.",Consumer Cyclical,Home Improvement Retail,1.5,,9.4,12.6,12.2,8.9,4,False,14.7,5.0,9.8,2,False
LPG,Dorian LPG Ltd.,Energy,Oil & Gas Midstream,13.6,17.7,7.1,18.8,16.7,14.8,5,False,20.0,16.7,18.4,2,False
LPL,"LG Display Co., Ltd.",Technology,Consumer Electronics,1.1,1.5,,3.4,,2.0,3,False,,1.4,1.4,1,True
LPLA,LPL Financial Holdings Inc.,Financial Services,Capital Markets,10.0,15.2,,2.9,4.4,8.1,4,False,0.0,7.7,3.8,2,False
LPX,Louisiana-Pacific Corporation,Industrials,Building Products & Equipment,15.2,3.5,9.0,4.3,13.9,9.2,5,False,0.0,2.5,1.2,2,False
LQDA,Liquidia Corporation,Healthcare,Drug Manufacturers - Specialty & Generic,6.5,19.8,9.6,19.2,,13.8,4,False,0.0,18.9,9.4,2,False
LQDT,"Liquidity Services, Inc.",Consumer Cyclical,Internet Retail,17.6,12.8,16.4,11.4,3.3,12.3,5,False,0.0,18.5,9.2,2,False
LRCX,Lam Research Corporation,Technology,Semiconductor Equipment & Materials,11.2,19.2,7.5,18.7,8.5,13.0,5,False,8.6,17.3,13.0,2,False
LREN3.SA,Lojas Renner S.A.,Consumer Cyclical,Department Stores,15.4,12.2,15.6,13.0,8.5,12.9,5,False,19.8,3.2,11.5,2,False
LRN,"Stride, Inc.",Consumer Defensive,Education & Training Services,16.5,16.4,15.2,15.6,4.5,13.6,5,False,15.1,0.4,7.8,2,False
LSCC,Lattice Semiconductor Corporation,Technology,Semiconductors,15.4,6.5,7.8,10.0,4.8,8.9,5,False,0.0,14.0,7.0,2,False
LSPD,Lightspeed Commerce Inc.,Technology,Software - Application,17.0,2.7,14.6,3.3,17.3,11.0,5,False,,5.4,5.4,1,True
LSPD.TO,Lightspeed Commerce Inc.,Technology,Software - Application,17.0,2.7,,3.3,,7.7,3,False,,5.4,5.4,1,True
LSTR,"Landstar System, Inc.",Industrials,Integrated Freight & Logistics,16.2,12.4,12.0,4.4,14.6,11.9,5,False,0.0,16.8,8.4,2,False
LTC,"LTC Properties, Inc.",Real Estate,REIT - Healthcare Facilities,15.2,15.2,16.4,15.8,9.5,14.4,5,False,20.0,14.7,17.4,2,False
LTH,"Life Time Group Holdings, Inc.",Consumer Cyclical,Leisure,4.5,11.7,4.6,15.9,,9.2,4,False,7.1,18.7,12.9,2,False
LUG.TO,Lundin Gold Inc.,Basic Materials,Gold,15.6,20.0,,19.2,,18.3,3,False,4.1,9.2,6.6,2,False
LULU,lululemon athletica inc.,Consumer Cyclical,Apparel Retail,12.8,17.3,16.0,13.7,16.2,15.2,5,False,18.0,2.1,10.0,2,False
LUN.TO,Lundin Mining Corporation,Basic Materials,Copper,12.1,17.2,,16.8,,15.4,3,False,11.9,17.4,14.6,2,False
LUNR,"Intuitive Machines, Inc.",Industrials,Aerospace & Defense,12.0,0.6,8.2,0.8,3.8,5.1,5,False,,16.4,16.4,1,True
LUV,Southwest Airlines Co.,Industrials,Airlines,3.2,9.4,5.8,4.0,18.3,8.1,5,False,0.0,12.4,6.2,2,False
LVS,Las Vegas Sands Corp.,Consumer Cyclical,Resorts & Casinos,6.6,19.7,11.2,16.5,15.0,13.8,5,False,12.3,5.0,8.6,2,False
LW,"Lamb Weston Holdings, Inc.",Consumer Defensive,Packaged Foods,5.0,14.3,8.4,9.6,15.0,10.5,5,False,3.4,7.6,5.5,2,False
LWLG,"Lightwave Logic, Inc.",Basic Materials,Specialty Chemicals,18.9,0.6,11.2,2.0,,8.2,4,False,,13.9,13.9,1,True
LWSA3.SA,Locaweb Serviços de Internet S.A.,Technology,Software - Infrastructure,11.9,2.5,8.8,6.0,15.5,8.9,5,False,,7.2,7.2,1,True
LXP,LXP Industrial Trust,Real Estate,REIT - Industrial,12.2,6.6,11.3,8.4,11.0,9.9,5,False,0.0,18.8,9.4,2,False
LXRX,"Lexicon Pharmaceuticals, Inc.",Healthcare,Biotechnology,13.6,3.7,8.9,0.6,3.3,6.0,5,False,,15.8,15.8,1,True
LYB,LyondellBasell Industries N.V.,Basic Materials,Specialty Chemicals,4.0,3.7,9.0,6.5,18.0,8.2,5,False,,13.0,13.0,1,True
LYFT,"Lyft, Inc.",Technology,Software - Application,4.4,19.9,17.2,12.3,12.6,13.3,5,False,20.0,2.7,11.4,2,False
LYV,"Live Nation Entertainment, Inc.",Communication Services,Entertainment,3.0,13.9,9.8,5.5,0.3,6.5,5,False,,13.3,13.3,1,True
LZB,La-Z-Boy Incorporated,Consumer Cyclical,"Furnishings, Fixtures & Appliances",12.6,8.3,15.0,5.2,15.3,11.3,5,False,9.3,8.6,9.0,2,False
M,"Macy's, Inc.",Consumer Cyclical,Department Stores,4.9,12.1,11.2,4.4,11.6,8.8,5,False,17.7,16.4,17.0,2,False
MA,Mastercard Incorporated,Financial Services,Credit Services,4.2,20.0,,17.5,6.3,12.0,4,False,0.0,5.7,2.8,2,False
MAA,"Mid-America Apartment Communities, Inc.",Real Estate,REIT - Residential,4.6,9.9,12.9,10.0,9.9,9.5,5,False,5.1,6.9,6.0,2,False
MAAS,Maase Inc.,Financial Services,Asset Management,18.4,,,0.8,,9.6,2,True,,20.0,20.0,1,True
MAC,The Macerich Company,Real Estate,REIT - Retail,4.0,1.0,9.0,4.1,3.6,4.3,5,False,,18.1,18.1,1,True
MAIN,Main Street Capital Corporation,Financial Services,Asset Management,8.2,12.5,,19.2,14.9,13.7,4,False,13.9,3.9,8.9,2,False
MAIR,Madison Air Solutions Corporation,Industrials,Building Products & Equipment,8.8,,7.0,10.6,,8.8,3,False,0.0,,0.0,1,True
MAN,ManpowerGroup Inc.,Industrials,Staffing & Employment Services,8.4,4.5,9.1,2.8,19.0,8.8,5,False,0.0,18.3,9.2,2,False
MANE,"Veradermics, Incorporated",Healthcare,Biotechnology,19.9,,17.2,7.0,,14.7,3,False,,,,0,True
MANH,"Manhattan Associates, Inc.",Technology,Software - Application,7.0,19.7,9.8,16.2,11.3,12.8,5,False,0.0,8.6,4.3,2,False
MANU,Manchester United plc,Communication Services,Entertainment,1.0,2.5,,7.0,,3.5,3,False,,18.4,18.4,1,True
MAR,"Marriott International, Inc.",Consumer Cyclical,Lodging,5.1,,8.9,19.7,11.8,11.4,4,False,0.0,17.2,8.6,2,False
MARA,"MARA Holdings, Inc.",Financial Services,Capital Markets,6.4,0.2,,0.8,0.6,2.0,4,False,,0.4,0.4,1,True
MAS,Masco Corporation,Industrials,Building Products & Equipment,10.7,20.0,12.4,15.6,17.2,15.2,5,False,18.7,8.2,13.4,2,False
MAT,"Mattel, Inc.",Consumer Cyclical,Leisure,9.6,14.8,11.2,7.2,17.1,12.0,5,False,19.5,6.9,13.2,2,False
MATX,"Matson, Inc.",Industrials,Marine Shipping,9.9,13.8,9.9,14.4,14.8,12.6,5,False,7.0,19.5,13.2,2,False
MAU.TO,Montage Gold Corp.,Basic Materials,Gold,9.2,1.3,,3.2,,4.6,3,False,,19.7,19.7,1,True
MAZE,"Maze Therapeutics, Inc.",Healthcare,Biotechnology,16.2,4.1,10.8,4.3,,8.8,4,False,,7.6,7.6,1,True
MBC,"MasterBrand, Inc.",Consumer Cyclical,"Furnishings, Fixtures & Appliances",9.9,1.9,3.0,2.0,2.5,3.9,5,False,,1.5,1.5,1,True
MBGL,"Mobility Global, Inc.",Technology,Software - Infrastructure,11.9,,2.3,14.6,,9.6,3,False,0.2,,0.2,1,True
MBIN,Merchants Bancorp,Financial Services,Banks - Regional,,9.2,,17.1,13.1,13.1,3,False,14.3,18.3,16.3,2,False
MBLY,Mobileye Global Inc.,Consumer Cyclical,Auto Parts,19.7,0.4,17.8,0.4,1.4,7.9,5,False,,1.2,1.2,1,True
MBWM,Mercantile Bank Corporation,Financial Services,Banks - Regional,,11.5,,14.2,4.9,10.2,3,False,14.0,14.6,14.3,2,False
MBX,"MBX Biosciences, Inc.",Healthcare,Biotechnology,18.6,4.5,10.4,7.0,,10.1,4,False,,19.2,19.2,1,True
MC,Moelis & Company,Financial Services,Capital Markets,11.1,19.3,,5.6,13.3,12.3,4,False,2.5,4.0,3.2,2,False
MCB,Metropolitan Bank Holding Corp.,Financial Services,Banks - Regional,,7.3,,10.4,6.5,8.1,3,False,12.5,11.3,11.9,2,False
MCBS,"MetroCity Bankshares, Inc.",Financial Services,Banks - Regional,,13.3,,17.2,5.5,12.0,3,False,12.1,13.1,12.6,2,False
MCD,McDonald's Corporation,Consumer Cyclical,Restaurants,11.7,,9.2,19.5,9.5,12.5,4,False,11.6,6.7,9.2,2,False
MCHB,Mechanics Bancorp,Financial Services,Banks - Regional,,8.3,,14.9,4.7,9.3,3,False,11.8,13.5,12.6,2,False
MCHP,Microchip Technology Incorporated,Technology,Semiconductors,4.9,8.0,7.8,13.6,13.7,9.6,5,False,0.0,9.9,5.0,2,False
MCK,McKesson Corporation,Healthcare,Medical Distribution,0.6,,12.1,9.1,15.1,9.2,4,False,1.5,9.9,5.7,2,False
MCO,Moody's Corporation,Financial Services,Financial Data & Stock Exchanges,6.5,19.8,,14.5,5.0,11.4,4,False,3.2,6.3,4.8,2,False
MCRI,"Monarch Casino & Resort, Inc.",Consumer Cyclical,Resorts & Casinos,16.8,14.8,15.8,18.4,10.9,15.3,5,False,10.0,14.3,12.2,2,False
MCY,Mercury General Corporation,Financial Services,Insurance - Property & Casualty,10.6,19.2,,6.0,2.4,9.5,4,False,20.0,10.8,15.4,2,False
MD,"Pediatrix Medical Group, Inc.",Healthcare,Medical Care Facilities,6.1,16.5,12.3,13.6,8.6,11.4,5,False,17.4,15.3,16.4,2,False
MDA,MDA Space Ltd.,Industrials,Aerospace & Defense,,,,7.4,,7.4,1,True,3.7,,3.7,1,True
MDA.TO,MDA Space Ltd.,Industrials,Aerospace & Defense,,,,7.4,,7.4,1,True,3.9,11.2,7.6,2,False
MDB,"MongoDB, Inc.",Technology,Software - Infrastructure,17.8,4.8,11.2,5.8,4.2,8.8,5,False,0.0,13.1,6.6,2,False
MDGL,"Madrigal Pharmaceuticals, Inc.",Healthcare,Biotechnology,8.6,2.7,9.2,3.2,,5.9,4,False,,10.6,10.6,1,True
MDLN,Medline Inc.,Healthcare,Medical Instruments & Supplies,8.2,9.6,7.2,9.5,17.6,10.4,5,False,3.1,,3.1,1,True
MDLZ,"Mondelez International, Inc.",Consumer Defensive,Confectioners,5.0,11.5,6.8,15.6,14.7,10.7,5,False,11.6,9.9,10.8,2,False
MDT,Medtronic plc,Healthcare,Medical Devices,7.5,,5.2,15.8,17.3,11.4,4,False,11.1,6.4,8.8,2,False
MDU,"MDU Resources Group, Inc.",Utilities,Utilities - Regulated Gas,11.6,5.3,8.7,6.8,9.9,8.5,5,False,5.5,14.0,9.8,2,False
MEDP,"Medpace Holdings, Inc.",Healthcare,Diagnostics & Research,5.8,19.9,11.5,16.5,12.6,13.3,5,False,7.8,10.0,8.9,2,False
MEGACPO.MX,"Megacable Holdings, S. A. B. de C. V.",,,,,,,,,0,True,,,,0,True
MELI,"MercadoLibre, Inc.",Consumer Cyclical,Internet Retail,3.8,16.7,9.2,8.2,0.5,7.7,5,False,0.0,4.9,2.4,2,False
MEOH,Methanex Corporation,Basic Materials,Chemicals,5.6,8.0,11.0,10.1,9.2,8.8,5,False,0.0,14.6,7.3,2,False
MET,"MetLife, Inc.",Financial Services,Insurance - Life,8.9,10.8,,2.4,17.5,9.9,4,False,7.8,10.1,9.0,2,False
META,"Meta Platforms, Inc.",Communication Services,Internet Content & Information,13.2,17.1,9.2,18.8,6.5,13.0,5,False,3.8,4.9,4.4,2,False
MFC,Manulife Financial Corporation,Financial Services,Insurance - Life,14.4,11.2,,7.7,,11.1,3,False,10.4,15.5,13.0,2,False
MFC.TO,Manulife Financial Corporation,Financial Services,Insurance - Life,14.4,11.2,,7.7,14.4,11.9,4,False,10.5,15.7,13.1,2,False
MFG,"Mizuho Financial Group, Inc.",Financial Services,Banks - Regional,,10.1,,12.8,,11.4,2,True,6.0,17.9,12.0,2,False
MFI.TO,Maple Leaf Foods Inc.,Consumer Defensive,Packaged Foods,7.7,4.9,12.3,12.6,10.3,9.6,5,False,0.0,4.5,2.2,2,False
MFP,"Midera Food Processing, Inc.",Industrials,Specialty Industrial Machinery,10.0,,11.5,9.3,,10.3,3,False,0.0,,0.0,1,True
MG.TO,Magna International Inc.,Consumer Cyclical,Auto Parts,11.8,6.8,,5.5,,8.0,3,False,0.8,18.0,9.4,2,False
MGA,Magna International Inc.,Consumer Cyclical,Auto Parts,11.8,6.8,14.0,5.5,8.2,9.3,5,False,0.6,17.9,9.2,2,False
MGEE,"MGE Energy, Inc.",Utilities,Utilities - Regulated Electric,14.8,12.9,12.9,13.6,4.9,11.8,5,False,9.8,3.5,6.6,2,False
MGLU3.SA,Magazine Luiza S.A.,Consumer Cyclical,Specialty Retail,8.4,3.4,11.0,3.2,12.0,7.6,5,False,0.0,0.6,0.3,2,False
MGM,MGM Resorts International,Consumer Cyclical,Resorts & Casinos,8.0,14.3,8.2,6.5,19.3,11.3,5,False,4.3,15.3,9.8,2,False
MGNI,"Magnite, Inc.",Communication Services,Advertising Agencies,10.2,14.3,11.2,15.0,2.6,10.7,5,False,12.3,12.6,12.4,2,False
MGRC,McGrath RentCorp,Industrials,Rental & Leasing Services,11.2,10.8,8.0,17.0,8.6,11.1,5,False,10.5,6.2,8.4,2,False
MGRT,Mega Fortune Company Limited,Technology,Information Technology Services,16.1,15.0,6.1,15.0,,13.0,4,False,0.0,20.0,10.0,2,False
MGTX,MeiraGTx Holdings plc,Healthcare,Biotechnology,9.8,19.4,12.6,18.5,,15.1,4,False,17.9,15.8,16.8,2,False
MGY,Magnolia Oil & Gas Corporation,Energy,Oil & Gas E&P,15.4,14.8,14.2,16.9,13.1,14.9,5,False,14.4,3.9,9.2,2,False
MH,"McGraw Hill, Inc.",Consumer Defensive,Education & Training Services,3.4,15.1,10.6,13.2,,10.6,4,False,0.0,10.9,5.4,2,False
MHD,"BlackRock MuniHoldings Fund, Inc.",Financial Services,Asset Management,3.9,1.5,,15.9,19.4,10.2,4,False,0.0,5.3,2.6,2,False
MHK,"Mohawk Industries, Inc.",Consumer Cyclical,"Furnishings, Fixtures & Appliances",14.3,6.0,14.9,9.1,3.1,9.5,5,False,7.9,10.0,9.0,2,False
MHO,"M/I Homes, Inc.",Consumer Cyclical,Residential Construction,15.4,9.6,10.6,11.0,9.2,11.2,5,False,10.5,11.2,10.8,2,False
MIAX,"Miami International Holdings, Inc.",Financial Services,Capital Markets,16.8,14.9,,5.6,,12.4,3,False,0.0,6.3,3.2,2,False
MICC,The Magnum Ice Cream Company N.V.,Consumer Defensive,Packaged Foods,5.9,8.8,,8.5,,7.7,3,False,0.0,,0.0,1,True
MIDD,The Middleby Corporation,Industrials,Specialty Industrial Machinery,7.2,9.2,11.8,7.3,16.9,10.5,5,False,17.9,7.9,12.9,2,False
MIR,"Mirion Technologies, Inc.",Industrials,Specialty Industrial Machinery,13.4,2.8,8.9,5.2,3.3,6.7,5,False,0.0,0.9,0.4,2,False
MIRM,"Mirum Pharmaceuticals, Inc.",Healthcare,Biotechnology,10.2,0.2,8.6,2.4,,5.4,4,False,,12.8,12.8,1,True
MIY,"BlackRock MuniYield Michigan Quality Fund, Inc.",Financial Services,Asset Management,11.9,1.6,,17.4,13.8,11.2,4,False,0.0,10.0,5.0,2,False
MKC,"McCormick & Company, Incorporated",Consumer Defensive,Packaged Foods,5.9,17.3,8.6,17.2,8.5,11.5,5,False,20.0,3.5,11.8,2,False
MKL,Markel Group Inc.,Financial Services,Insurance - Property & Casualty,12.1,10.0,,7.1,8.0,9.3,4,False,13.9,2.8,8.4,2,False
MKSI,MKS Inc.,Technology,Scientific & Technical Instruments,2.1,13.0,6.2,13.2,4.3,7.8,5,False,4.2,16.8,10.5,2,False
MKTX,MarketAxess Holdings Inc.,Financial Services,Capital Markets,16.8,17.0,,13.2,13.6,15.2,4,False,7.8,3.0,5.4,2,False
MLI,"Mueller Industries, Inc.",Industrials,Metal Fabrication,19.2,17.0,15.7,17.0,7.1,15.2,5,False,13.9,12.7,13.3,2,False
MLKN,"MillerKnoll, Inc.",Consumer Cyclical,"Furnishings, Fixtures & Appliances",8.0,7.5,7.8,6.1,17.5,9.4,5,False,9.0,17.3,13.2,2,False
MLM,"Martin Marietta Materials, Inc.",Basic Materials,Building Materials,4.6,10.0,8.6,14.6,7.0,9.0,5,False,0.0,1.2,0.6,2,False
MLTX,MoonLake Immunotherapeutics,Healthcare,Biotechnology,14.4,2.1,10.1,7.0,0.1,6.7,5,False,,17.4,17.4,1,True
MLYS,"Mineralys Therapeutics, Inc.",Healthcare,Biotechnology,16.1,1.6,9.8,7.0,,8.6,4,False,,1.6,1.6,1,True
MMED,"MiniMed Group, Inc.",Healthcare,Medical Instruments & Supplies,18.0,,11.1,6.1,,11.7,3,False,,,,0,True
MMI,"Marcus & Millichap, Inc.",Real Estate,Real Estate Services,18.2,5.3,15.3,2.6,6.6,9.6,5,False,0.0,12.6,6.3,2,False
MMM,3M Company,Industrials,Conglomerates,3.0,19.7,14.8,15.2,15.8,13.7,5,False,0.0,10.3,5.2,2,False
MMS,"Maximus, Inc.",Industrials,Specialty Business Services,11.5,15.4,11.0,10.6,18.6,13.4,5,False,20.0,0.8,10.4,2,False
MMSI,"Merit Medical Systems, Inc.",Healthcare,Medical Instruments & Supplies,9.4,11.7,10.1,13.8,,11.2,4,False,8.4,8.8,8.6,2,False
MMYT,MakeMyTrip Limited,Consumer Cyclical,Travel Services,19.4,20.0,8.8,10.6,19.7,15.7,5,False,0.0,1.5,0.8,2,False
MNDY,monday.com Ltd.,Technology,Software - Application,9.4,11.9,17.6,9.0,8.1,11.2,5,False,3.8,0.5,2.2,2,False
MNKD,MannKind Corporation,Healthcare,Biotechnology,6.5,,8.1,4.3,,6.3,3,False,,2.3,2.3,1,True
MNST,Monster Beverage Corporation,Consumer Defensive,Beverages - Non-Alcoholic,19.3,17.4,10.8,19.0,4.3,14.2,5,False,0.0,17.7,8.8,2,False
MO,"Altria Group, Inc.",Consumer Defensive,Tobacco,3.1,,11.8,19.9,16.8,12.9,4,False,12.3,12.1,12.2,2,False
MOD,Modine Manufacturing Company,Consumer Cyclical,Auto Parts,13.1,11.5,9.1,8.6,0.7,8.6,5,False,0.0,16.4,8.2,2,False
MOH,"Molina Healthcare, Inc.",Healthcare,Healthcare Plans,5.9,8.1,18.3,7.1,18.2,11.5,5,False,0.0,7.8,3.9,2,False
MORN,"Morningstar, Inc.",Financial Services,Financial Data & Stock Exchanges,6.6,18.8,,6.8,12.0,11.0,4,False,12.8,3.0,7.9,2,False
MOS,The Mosaic Company,Basic Materials,Agricultural Inputs,4.1,2.8,1.4,1.8,17.9,5.6,5,False,,0.6,0.6,1,True
MP,MP Materials Corp.,Basic Materials,Other Industrial Metals & Mining,14.0,3.3,9.4,1.0,4.4,6.4,5,False,,1.1,1.1,1,True
MPC,Marathon Petroleum Corporation,Energy,Oil & Gas Refining & Marketing,5.6,19.3,12.6,7.0,18.3,12.6,5,False,11.3,18.0,14.6,2,False
MPT,"Medical Properties Trust, Inc.",Real Estate,REIT - Healthcare Facilities,7.6,2.6,10.8,9.6,19.7,10.1,5,False,,2.7,2.7,1,True
MPWR,"Monolithic Power Systems, Inc.",Technology,Semiconductors,18.1,15.4,8.3,17.6,6.2,13.1,5,False,0.0,12.3,6.2,2,False
MQ,"Marqeta, Inc.",Technology,Software - Infrastructure,13.8,4.5,18.8,5.2,19.5,12.4,5,False,0.0,2.9,1.4,2,False
MRCY,"Mercury Systems, Inc.",Industrials,Aerospace & Defense,14.8,2.0,10.5,2.0,1.0,6.1,5,False,,10.4,10.4,1,True
MRFG3.SA,,,,,,,,,,0,True,,,,0,True
MRK,"Merck & Co., Inc.",Healthcare,Drug Manufacturers - General,2.3,10.3,10.3,8.4,13.7,9.0,5,False,0.0,16.4,8.2,2,False
MRNA,"Moderna, Inc.",Healthcare,Biotechnology,10.6,3.9,10.5,1.2,7.2,6.7,5,False,,19.7,19.7,1,True
MRP,"Millrose Properties, Inc.",Real Estate,REIT - Residential,9.7,11.6,5.6,18.2,2.7,9.6,5,False,20.0,7.9,14.0,2,False
MRSH,"Marsh & McLennan Companies, Inc.",Financial Services,Insurance Brokers,5.3,17.6,,6.6,8.0,9.4,4,False,14.8,3.2,9.0,2,False
MRTN,"Marten Transport, Ltd.",Industrials,Trucking,18.6,2.9,11.2,3.0,8.3,8.8,5,False,0.0,15.0,7.5,2,False
MRU.TO,Metro Inc.,Consumer Defensive,Grocery Stores,7.4,11.4,8.0,7.6,12.7,9.4,5,False,6.9,7.4,7.2,2,False
MRVE3.SA,MRV Engenharia e Participações S.A.,Real Estate,Real Estate - Development,7.8,0.7,9.3,3.8,5.7,5.5,5,False,,1.6,1.6,1,True
MRVI,"Maravai LifeSciences Holdings, Inc.",Healthcare,Biotechnology,8.8,4.5,7.5,2.8,,5.9,4,False,,18.4,18.4,1,True
MRVL,"Marvell Technology, Inc.",Technology,Semiconductors,12.7,13.4,7.4,15.5,5.4,10.9,5,False,0.0,17.8,8.9,2,False
MRX,Marex Group Limited,Financial Services,Capital Markets,3.6,17.7,,5.2,3.6,7.5,4,False,12.5,19.7,16.1,2,False
MS,Morgan Stanley,Financial Services,Capital Markets,7.2,14.9,,10.6,8.7,10.4,4,False,9.9,15.0,12.4,2,False
MSA,MSA Safety Incorporated,Industrials,Security & Protection Services,14.0,16.3,13.6,17.3,8.2,13.9,5,False,6.8,9.5,8.2,2,False
MSCI,MSCI Inc.,Financial Services,Financial Data & Stock Exchanges,8.1,,,16.5,12.2,12.3,3,False,3.6,4.9,4.2,2,False
MSEX,Middlesex Water Company,Utilities,Utilities - Regulated Water,10.6,10.8,15.8,18.0,4.4,11.9,5,False,10.1,12.0,11.0,2,False
MSFT,Microsoft Corporation,Technology,Software - Infrastructure,8.6,17.8,6.2,19.4,8.2,12.0,5,False,11.8,6.9,9.4,2,False
MSGE,Madison Square Garden Entertainment Corp.,Communication Services,Entertainment,2.0,20.0,11.0,5.4,3.5,8.4,5,False,0.0,19.2,9.6,2,False
MSGS,Madison Square Garden Sports Corp.,Communication Services,Entertainment,2.6,,6.6,6.6,3.2,4.8,4,False,0.0,19.1,9.6,2,False
MSI,"Motorola Solutions, Inc.",Technology,Communication Equipment,2.2,19.6,6.8,16.2,10.8,11.1,5,False,7.2,8.2,7.7,2,False
MSM,"MSC Industrial Direct Co., Inc.",Industrials,Industrial Distribution,7.4,13.3,11.3,8.7,15.6,11.3,5,False,5.7,14.4,10.0,2,False
MSTR,Strategy Inc,Technology,Software - Application,15.4,0.4,2.9,2.1,3.0,4.8,5,False,,0.2,0.2,1,True
MT,ArcelorMittal S.A.,Basic Materials,Steel,6.6,5.8,6.0,5.7,10.8,7.0,5,False,0.0,18.6,9.3,2,False
MTB,M&T Bank Corporation,Financial Services,Banks - Regional,,8.0,,13.2,16.1,12.4,3,False,11.2,10.7,11.0,2,False
MTCH,"Match Group, Inc.",Communication Services,Internet Content & Information,13.9,,10.4,17.4,15.5,14.3,4,False,12.8,15.3,14.0,2,False
MTD,Mettler-Toledo International Inc.,Healthcare,Diagnostics & Research,0.7,,9.3,18.0,14.3,10.6,4,False,10.4,9.7,10.0,2,False
MTG,MGIC Investment Corporation,Financial Services,Insurance - Specialty,16.0,11.8,,18.7,18.9,16.4,4,False,10.7,7.5,9.1,2,False
MTH,Meritage Homes Corporation,Consumer Cyclical,Residential Construction,16.4,6.7,12.2,9.8,13.0,11.6,5,False,7.7,9.7,8.7,2,False
MTL.TO,Mullen Group Ltd.,Industrials,Trucking,11.7,7.9,10.9,8.2,15.0,10.7,5,False,17.2,18.9,18.0,2,False
MTN,"Vail Resorts, Inc.",Consumer Cyclical,Resorts & Casinos,5.6,13.6,5.8,14.8,18.5,11.7,5,False,0.0,9.4,4.7,2,False
MTRN,Materion Corporation,Basic Materials,Other Industrial Metals & Mining,7.4,10.5,8.0,6.8,1.8,6.9,5,False,0.0,18.2,9.1,2,False
MTSI,"MACOM Technology Solutions Holdings, Inc.",Technology,Semiconductors,11.4,13.7,7.7,16.2,2.4,10.3,5,False,0.0,16.9,8.4,2,False
MTX,Minerals Technologies Inc.,Basic Materials,Specialty Chemicals,6.4,3.1,12.7,5.4,11.5,7.8,5,False,,7.9,7.9,1,True
MTZ,"MasTec, Inc.",Industrials,Engineering & Construction,9.7,13.2,6.8,4.8,1.3,7.2,5,False,0.0,10.3,5.2,2,False
MU,"Micron Technology, Inc.",Technology,Semiconductors,16.0,19.3,8.0,19.8,1.3,12.9,5,False,17.8,19.8,18.8,2,False
MUA,"BlackRock MuniAssets Fund, Inc.",Financial Services,Asset Management,11.1,1.6,,17.0,11.1,10.2,4,False,0.0,2.9,1.4,2,False
MUC,"BlackRock MuniHoldings California Quality Fund, Inc.",Financial Services,Asset Management,4.4,1.4,,14.4,14.7,8.7,4,False,0.0,5.1,2.6,2,False
MUFG,"Mitsubishi UFJ Financial Group, Inc.",Financial Services,Banks - Diversified,,6.2,,12.1,,9.2,2,True,8.4,16.1,12.2,2,False
MUJ,"BlackRock MuniHoldings New Jersey Quality Fund, Inc.",Financial Services,Asset Management,6.0,2.0,,18.5,14.0,10.1,4,False,0.0,7.2,3.6,2,False
MULT3.SA,Multiplan Empreendimentos Imobiliários S.A.,Real Estate,Real Estate Services,11.8,18.7,13.6,17.5,18.9,16.1,5,False,18.5,7.6,13.0,2,False
MUR,Murphy Oil Corporation,Energy,Oil & Gas E&P,9.5,6.2,10.2,11.8,17.1,11.0,5,False,5.8,8.2,7.0,2,False
MUSA,Murphy USA Inc.,Consumer Cyclical,Specialty Retail,3.8,19.4,10.1,5.8,12.3,10.3,5,False,11.3,17.3,14.3,2,False
MUX,McEwen Inc.,Basic Materials,Other Precious Metals & Mining,12.6,12.9,7.6,9.5,,10.6,4,False,10.4,8.5,9.4,2,False
MWA,"Mueller Water Products, Inc.",Industrials,Specialty Industrial Machinery,15.2,15.7,14.4,16.8,7.2,13.9,5,False,18.0,5.8,11.9,2,False
MWH,"SOLV Energy, Inc.",Utilities,Utilities - Renewable,18.0,,19.5,3.3,1.8,10.6,4,False,0.0,,0.0,1,True
MX.TO,Methanex Corporation,Basic Materials,Chemicals,5.6,8.0,,10.1,,7.9,3,False,0.0,14.4,7.2,2,False
MXL,"MaxLinear, Inc.",Technology,Semiconductors,6.4,1.3,6.0,2.6,1.8,3.6,5,False,,19.3,19.3,1,True
MYE,"Myers Industries, Inc.",Consumer Cyclical,Packaging & Containers,9.2,13.7,12.0,12.1,3.6,10.1,5,False,4.6,19.6,12.1,2,False
MYI,"BlackRock MuniYield Quality Fund III, Inc.",Financial Services,Asset Management,4.0,1.7,,18.0,16.3,10.0,4,False,0.0,5.0,2.5,2,False
MYRG,MYR Group Inc.,Industrials,Engineering & Construction,15.4,16.7,15.3,5.7,5.9,11.8,5,False,0.5,15.5,8.0,2,False
MZTI,The Marzetti Company,Consumer Defensive,Packaged Foods,10.6,15.9,11.8,12.7,11.0,12.4,5,False,13.5,0.9,7.2,2,False
NAMS,NewAmsterdam Pharma Company N.V.,Healthcare,Biotechnology,17.9,4.2,11.8,4.0,,9.5,4,False,,4.7,4.7,1,True
NAN,Nuveen New York Quality Municipal Income Fund,Financial Services,Asset Management,6.6,,,18.0,17.6,14.1,3,False,0.0,4.9,2.4,2,False
NAT,Nordic American Tankers Limited,Energy,Oil & Gas Midstream,11.4,16.9,11.2,17.4,15.4,14.5,5,False,16.5,19.4,18.0,2,False
NAVN,"Navan, Inc.",Technology,Software - Application,15.1,0.6,9.2,1.8,,6.7,4,False,,,,0,True
NBBK,"NB Bancorp, Inc.",Financial Services,Banks - Regional,,3.9,,10.2,12.3,8.8,3,False,7.7,12.5,10.1,2,False
NBHC,National Bank Holdings Corporation,Financial Services,Banks - Regional,,3.2,,8.0,6.6,5.9,3,False,3.8,7.4,5.6,2,False
NBIS,Nebius Group N.V.,Communication Services,Internet Content & Information,12.5,4.7,6.8,5.0,,7.2,4,False,,19.4,19.4,1,True
NBIX,"Neurocrine Biosciences, Inc.",Healthcare,Drug Manufacturers - Specialty & Generic,10.6,17.1,11.7,17.0,7.1,12.7,5,False,7.0,8.9,8.0,2,False
NBN,Northeast Bank,Financial Services,Banks - Regional,,15.7,,17.6,0.2,11.2,3,False,14.6,12.1,13.4,2,False
NBR,Nabors Industries Ltd.,Energy,Oil & Gas Drilling,8.3,15.6,9.2,6.2,0.7,8.0,5,False,20.0,19.4,19.7,2,False
NBTB,NBT Bancorp Inc.,Financial Services,Banks - Regional,,8.9,,11.8,6.5,9.1,3,False,11.3,12.2,11.8,2,False
NCLH,Norwegian Cruise Line Holdings Ltd.,Consumer Cyclical,Travel Services,0.4,18.0,0.8,12.8,,8.0,4,False,18.6,1.8,10.2,2,False
NCNO,"nCino, Inc.",Technology,Software - Application,6.1,5.7,10.2,8.6,10.4,8.2,5,False,0.0,4.1,2.0,2,False
NCV,Virtus Convertible & Income Fund,Financial Services,Asset Management,9.6,13.8,,19.4,18.8,15.4,4,False,20.0,11.2,15.6,2,False
NCZ,Virtus Convertible & Income Fund II,Financial Services,Asset Management,10.5,14.4,,19.2,18.7,15.7,4,False,20.0,11.5,15.8,2,False
NDAQ,"Nasdaq, Inc.",Financial Services,Financial Data & Stock Exchanges,5.8,13.9,,14.6,3.6,9.5,4,False,5.9,8.1,7.0,2,False
NDSN,Nordson Corporation,Industrials,Specialty Industrial Machinery,9.7,14.2,11.8,17.9,8.8,12.5,5,False,7.3,15.9,11.6,2,False
NE,Noble Corporation plc,Energy,Oil & Gas Drilling,13.6,4.4,10.0,5.8,13.0,9.4,5,False,0.0,15.1,7.6,2,False
NEE,"NextEra Energy, Inc.",Utilities,Utilities - Regulated Electric,6.6,13.5,8.6,18.2,6.0,10.6,5,False,10.0,13.3,11.6,2,False
NEM,Newmont Corporation,Basic Materials,Gold,14.1,17.4,15.8,17.8,7.6,14.5,5,False,7.5,14.7,11.1,2,False
NEO,"NeoGenomics, Inc.",Healthcare,Diagnostics & Research,9.4,7.2,8.2,4.4,,7.3,4,False,,17.9,17.9,1,True
NEOG,Neogen Corporation,Healthcare,Medical Devices,9.2,8.1,7.8,7.0,,8.0,4,False,,17.2,17.2,1,True
NESR,National Energy Services Reunited Corp.,Energy,Oil & Gas Equipment & Services,10.6,7.9,13.2,6.6,,9.6,4,False,2.4,20.0,11.2,2,False
NEU,NewMarket Corporation,Basic Materials,Specialty Chemicals,8.2,17.2,12.1,13.1,7.7,11.7,5,False,14.8,6.6,10.7,2,False
NEWP,New Pacific Metals Corp.,Basic Materials,Silver,19.6,3.6,10.5,3.2,,9.2,4,False,,19.5,19.5,1,True
NEXA,Nexa Resources S.A.,Basic Materials,Other Industrial Metals & Mining,1.0,18.1,10.8,10.9,8.8,9.9,5,False,20.0,19.7,19.8,2,False
NEXT,NextDecade Corporation,Energy,Oil & Gas Equipment & Services,0.3,1.6,0.1,2.1,0.3,0.9,5,False,,3.1,3.1,1,True
NFG,National Fuel Gas Company,Energy,Oil & Gas Integrated,11.4,14.5,6.4,15.2,7.4,11.0,5,False,11.1,1.0,6.0,2,False
NFI.TO,NFI Group Inc.,Consumer Cyclical,Auto Manufacturers,4.2,9.1,,6.2,,6.5,3,False,0.0,19.0,9.5,2,False
NFLX,"Netflix, Inc.",Communication Services,Entertainment,8.8,19.2,12.9,18.3,7.1,13.3,5,False,9.8,3.1,6.4,2,False
NG,NovaGold Resources Inc.,Basic Materials,Gold,14.8,0.9,10.9,3.2,,7.4,4,False,,4.1,4.1,1,True
NG.TO,NovaGold Resources Inc.,Basic Materials,Gold,14.8,0.9,,3.2,,6.3,3,False,,3.8,3.8,1,True
NGEX.TO,NGEx Minerals Ltd.,Basic Materials,Other Industrial Metals & Mining,19.8,0.4,11.0,3.2,,8.6,4,False,,5.4,5.4,1,True
NGVT,Ingevity Corporation,Basic Materials,Specialty Chemicals,2.2,18.1,8.0,10.6,9.7,9.7,5,False,0.0,10.2,5.1,2,False
NHC,National HealthCare Corporation,Healthcare,Medical Care Facilities,12.3,14.2,11.0,13.2,8.7,11.9,5,False,5.9,16.4,11.1,2,False
NHI,"National Health Investors, Inc.",Real Estate,REIT - Healthcare Facilities,11.5,14.5,10.6,16.0,10.4,12.6,5,False,20.0,5.8,12.9,2,False
NHP,"National Healthcare Properties, Inc.",Real Estate,REIT - Healthcare Facilities,10.8,1.2,8.1,3.0,2.1,5.0,5,False,,,,0,True
NI,NiSource Inc.,Utilities,Utilities - Regulated Gas,5.6,7.9,6.2,9.7,15.3,8.9,5,False,4.2,5.1,4.6,2,False
NIC,"Nicolet Bankshares, Inc.",Financial Services,Banks - Regional,,5.3,,14.4,3.2,7.6,3,False,1.4,12.3,6.8,2,False
NIQ,NIQ Global Intelligence plc,,,,,,,,,0,True,,,,0,True
NJR,New Jersey Resources Corporation,Utilities,Utilities - Regulated Gas,5.9,15.9,11.5,9.6,10.1,10.6,5,False,12.6,13.9,13.2,2,False
NKE,"NIKE, Inc.",Consumer Cyclical,Footwear & Accessories,12.4,15.4,12.2,12.0,16.1,13.6,5,False,7.4,0.8,4.1,2,False
NKTR,Nektar Therapeutics,Healthcare,Biotechnology,14.6,4.3,10.0,1.2,2.0,6.4,5,False,,11.7,11.7,1,True
NLY,"Annaly Capital Management, Inc.",Real Estate,REIT - Mortgage,4.2,17.9,0.6,19.3,17.7,11.9,5,False,14.0,17.1,15.6,2,False
NMAX,"Newsmax, Inc.",Communication Services,Broadcasting,15.8,3.3,9.8,3.8,1.0,6.7,5,False,0.0,6.2,3.1,2,False
NMIH,"NMI Holdings, Inc.",Financial Services,Insurance - Specialty,11.4,12.9,,18.4,7.5,12.6,4,False,12.5,9.2,10.8,2,False
NMRK,"Newmark Group, Inc.",Real Estate,Real Estate Services,7.0,14.8,14.4,3.8,7.8,9.6,5,False,10.1,2.6,6.4,2,False
NN,NextNav Inc.,Technology,Software - Infrastructure,18.0,0.3,8.5,2.2,,7.2,4,False,,8.9,8.9,1,True
NNI,"Nelnet, Inc.",Financial Services,Credit Services,10.0,3.4,,6.4,5.2,6.2,4,False,8.9,4.6,6.8,2,False
NNN,"NNN REIT, Inc.",Real Estate,REIT - Retail,4.8,12.2,4.8,16.4,11.6,10.0,5,False,8.7,13.7,11.2,2,False
NNNN,Anbio Biotechnology,Healthcare,Medical Instruments & Supplies,20.0,18.0,7.7,19.8,,16.4,4,False,4.9,0.0,2.4,2,False
NOC,Northrop Grumman Corporation,Industrials,Aerospace & Defense,7.3,17.2,9.8,11.6,15.0,12.2,5,False,20.0,4.4,12.2,2,False
NOG,"Northern Oil and Gas, Inc.",Energy,Oil & Gas E&P,4.6,0.8,0.9,9.2,14.9,6.1,5,False,,3.2,3.2,1,True
NOMD,Nomad Foods Limited,Consumer Defensive,Packaged Foods,8.0,4.6,,11.0,,7.9,3,False,17.7,6.8,12.2,2,False
NOV,NOV Inc.,Energy,Oil & Gas Equipment & Services,13.4,3.7,14.5,3.3,9.6,8.9,5,False,0.0,14.1,7.0,2,False
NOW,"ServiceNow, Inc.",Technology,Software - Application,3.3,12.3,9.3,9.4,5.7,8.0,5,False,0.0,3.4,1.7,2,False
NP,Neptune Insurance Holdings Inc.,Financial Services,Insurance Brokers,3.7,,,11.2,10.6,8.5,3,False,0.0,,0.0,1,True
NPI.TO,Northland Power Inc.,Utilities,Utilities - Renewable,12.7,1.1,11.4,5.8,16.6,9.5,5,False,,2.7,2.7,1,True
NPKI,NPK International Inc.,Industrials,Building Products & Equipment,15.5,9.4,10.9,15.6,9.2,12.1,5,False,10.3,11.6,11.0,2,False
NPO,Enpro Inc.,Industrials,Specialty Industrial Machinery,12.4,3.5,9.8,9.8,3.0,7.7,5,False,0.0,14.0,7.0,2,False
NRG,"NRG Energy, Inc.",Utilities,Utilities - Independent Power Producers,4.2,19.1,11.6,3.1,19.2,11.4,5,False,6.0,0.8,3.4,2,False
NRIX,"Nurix Therapeutics, Inc.",Healthcare,Biotechnology,13.8,1.7,8.6,4.2,,7.1,4,False,,18.6,18.6,1,True
NRP,Natural Resource Partners L.P.,Energy,Thermal Coal,17.7,13.3,16.6,18.5,19.3,17.1,5,False,14.2,2.9,8.5,2,False
NSC,Norfolk Southern Corporation,Industrials,Railroads,4.2,13.7,6.8,18.4,10.3,10.7,5,False,0.0,11.3,5.6,2,False
NSIT,"Insight Enterprises, Inc.",Technology,Electronics & Computer Distribution,5.2,11.6,10.2,6.7,15.1,9.8,5,False,0.5,12.4,6.4,2,False
NSP,"Insperity, Inc.",Industrials,Staffing & Employment Services,3.6,0.7,18.5,2.2,18.8,8.8,5,False,,11.2,11.2,1,True
NTAP,"NetApp, Inc.",Technology,Software - Infrastructure,4.9,19.7,11.8,16.4,14.8,13.5,5,False,13.5,14.0,13.8,2,False
NTB,The Bank of N.T. Butterfield & Son Limited,Financial Services,Banks - Diversified,,16.3,,12.1,18.1,15.5,3,False,15.9,15.7,15.8,2,False
NTCO3.SA,,,,,,,,,,0,True,,,,0,True
NTCT,"NetScout Systems, Inc.",Technology,Software - Infrastructure,14.8,8.1,18.2,10.8,10.2,12.4,5,False,15.4,13.5,14.4,2,False
NTLA,"Intellia Therapeutics, Inc.",Healthcare,Biotechnology,14.2,2.5,8.9,4.0,,7.4,4,False,,2.2,2.2,1,True
NTNX,"Nutanix, Inc.",Technology,Software - Infrastructure,6.2,20.0,13.0,15.5,6.3,12.2,5,False,20.0,5.6,12.8,2,False
NTR,Nutrien Ltd.,Basic Materials,Agricultural Inputs,7.0,10.4,9.5,10.6,14.7,10.4,5,False,9.9,10.9,10.4,2,False
NTR.TO,Nutrien Ltd.,Basic Materials,Agricultural Inputs,7.0,10.4,,10.6,,9.3,3,False,10.0,11.0,10.5,2,False
NTRA,"Natera, Inc.",Healthcare,Diagnostics & Research,12.1,6.4,9.0,4.1,,7.9,4,False,,17.1,17.1,1,True
NTRS,Northern Trust Corporation,Financial Services,Asset Management,,14.3,,10.6,12.4,12.4,3,False,7.8,15.5,11.6,2,False
NTSK,"Netskope, Inc.",Technology,Software - Infrastructure,7.3,,13.8,0.8,0.4,5.6,4,False,,,,0,True
NTST,NETSTREIT Corp.,Real Estate,REIT - Retail,13.9,3.5,10.1,9.9,5.6,8.6,5,False,0.0,15.4,7.7,2,False
NU,Nu Holdings Ltd.,Financial Services,Banks - Regional,,18.7,,15.9,,17.3,2,True,0.0,2.2,1.1,2,False
NUE,Nucor Corporation,Basic Materials,Steel,10.4,13.8,9.1,10.2,12.6,11.2,5,False,8.0,17.8,12.9,2,False
NUTX,Nutex Health Inc.,Healthcare,Medical Care Facilities,9.8,19.3,12.7,18.6,12.0,14.5,5,False,20.0,16.6,18.3,2,False
NUVB,Nuvation Bio Inc.,Healthcare,Biotechnology,8.6,3.0,8.3,1.7,,5.4,4,False,,16.3,16.3,1,True
NVA,Nova Minerals Corp,Basic Materials,Other Industrial Metals & Mining,16.9,1.5,,2.0,,6.8,3,False,,16.0,16.0,1,True
NVAX,"Novavax, Inc.",Healthcare,Biotechnology,9.3,,18.6,2.0,,10.0,3,False,,8.6,8.6,1,True
NVCR,NovoCure Limited,Healthcare,Medical Devices,8.2,3.4,11.5,3.6,,6.7,4,False,,13.3,13.3,1,True
NVDA,NVIDIA Corporation,Technology,Semiconductors,14.2,19.8,7.4,19.8,4.9,13.2,5,False,13.4,10.1,11.8,2,False
NVGS,Navigator Holdings Ltd.,Energy,Oil & Gas Midstream,9.8,9.9,9.4,13.0,12.9,11.0,5,False,18.5,10.7,14.6,2,False
NVMI,Nova Ltd.,Technology,Semiconductor Equipment & Materials,7.8,15.0,8.4,17.9,2.6,10.3,5,False,11.3,8.6,10.0,2,False
NVO,Novo Nordisk A/S,Healthcare,Drug Manufacturers - General,4.2,19.3,,19.3,,14.3,3,False,20.0,4.2,12.1,2,False
NVR,"NVR, Inc.",Consumer Cyclical,Residential Construction,16.2,17.3,15.0,14.4,17.2,16.0,5,False,4.1,4.1,4.1,2,False
NVST,Envista Holdings Corporation,Healthcare,Medical Instruments & Supplies,8.4,9.0,11.6,11.5,8.2,9.7,5,False,2.0,12.8,7.4,2,False
NVT,nVent Electric plc,Industrials,Electrical Equipment & Parts,12.2,12.9,10.0,14.9,5.4,11.1,5,False,0.4,17.1,8.8,2,False
NVTS,Navitas Semiconductor Corporation,Technology,Semiconductors,19.4,0.6,10.9,2.5,,8.4,4,False,,14.3,14.3,1,True
NWBI,"Northwest Bancshares, Inc.",Financial Services,Banks - Regional,,5.1,,10.3,13.0,9.5,3,False,7.7,13.4,10.6,2,False
NWC.TO,The North West Company Inc.,Consumer Defensive,Grocery Stores,11.8,15.5,11.5,8.6,8.7,11.2,5,False,11.6,10.5,11.0,2,False
NWE,"NorthWestern Energy Group, Inc.",Utilities,Utilities - Regulated Electric,8.0,3.9,9.8,8.1,14.0,8.8,5,False,2.8,16.5,9.6,2,False
NWL,Newell Brands Inc.,Consumer Defensive,Household & Personal Products,2.8,0.8,9.4,7.5,14.3,7.0,5,False,,16.2,16.2,1,True
NWN,Northwest Natural Holding Company,Utilities,Utilities - Regulated Gas,3.5,7.5,2.6,6.6,13.2,6.7,5,False,10.7,13.7,12.2,2,False
NWPX,"NWPX Infrastructure, Inc.",Basic Materials,Steel,13.0,12.0,12.8,9.8,3.3,10.2,5,False,6.5,18.6,12.6,2,False
NWS,News Corporation,Communication Services,Entertainment,12.9,8.6,11.1,8.8,8.4,10.0,5,False,3.9,9.4,6.6,2,False
NWSA,News Corporation,Communication Services,Entertainment,12.9,8.6,11.4,8.8,8.7,10.1,5,False,6.8,9.8,8.3,2,False
NXE,NexGen Energy Ltd.,Energy,Uranium,13.6,1.4,,2.1,,5.7,3,False,,4.1,4.1,1,True
NXE.TO,NexGen Energy Ltd.,Energy,Uranium,13.6,1.4,10.9,2.1,,7.0,4,False,,4.1,4.1,1,True
NXPI,NXP Semiconductors N.V.,Technology,Semiconductors,6.0,16.8,10.0,17.4,14.4,12.9,5,False,19.0,7.2,13.1,2,False
NXST,"Nexstar Media Group, Inc.",Communication Services,Broadcasting,6.5,8.2,9.5,10.2,18.7,10.6,5,False,3.9,8.0,6.0,2,False
NXT,Nextpower Inc.,Technology,Solar,16.6,16.7,12.5,15.0,9.4,14.0,5,False,17.3,8.8,13.0,2,False
NYAX,Nayax Ltd.,Technology,Software - Infrastructure,6.4,5.6,4.8,4.5,,5.3,4,False,0.0,8.6,4.3,2,False
NYT,The New York Times Company,Communication Services,Publishing,11.8,14.6,13.0,14.0,5.5,11.8,5,False,6.5,15.5,11.0,2,False
O,Realty Income Corporation,Real Estate,REIT - Retail,11.3,6.2,6.4,13.4,9.8,9.4,5,False,0.0,11.4,5.7,2,False
OBK,"Origin Bancorp, Inc.",Financial Services,Banks - Regional,,4.4,,11.1,3.2,6.2,3,False,4.8,17.7,11.2,2,False
OC,Owens Corning,Industrials,Building Products & Equipment,2.6,1.1,10.5,7.8,18.9,8.2,5,False,,7.0,7.0,1,True
OCFC,OceanFirst Financial Corp.,Financial Services,Banks - Regional,,1.5,,7.4,12.9,7.3,3,False,0.0,7.9,4.0,2,False
OCSL,Oaktree Specialty Lending Corporation,Financial Services,Asset Management,10.8,1.7,,12.6,19.5,11.2,4,False,0.0,7.8,3.9,2,False
OCTV,Octave Intelligence plc,Technology,Software - Application,9.2,,5.8,6.5,,7.2,3,False,19.0,,19.0,1,True
OCUL,"Ocular Therapeutix, Inc.",Healthcare,Biotechnology,15.1,2.0,9.8,4.4,,7.8,4,False,,4.9,4.9,1,True
ODC,Oil-Dri Corporation of America,Basic Materials,Specialty Chemicals,14.5,15.9,12.6,10.6,5.2,11.8,5,False,11.5,14.4,13.0,2,False
ODFL,"Old Dominion Freight Line, Inc.",Industrials,Trucking,17.6,16.8,12.7,18.1,10.8,15.2,5,False,10.0,15.9,13.0,2,False
OFG,OFG Bancorp,Financial Services,Banks - Regional,,13.4,,13.0,13.5,13.3,3,False,14.5,10.9,12.7,2,False
OGC.TO,OceanaGold Corporation,Basic Materials,Gold,13.4,19.0,,17.5,,16.6,3,False,19.0,12.4,15.7,2,False
OGE,OGE Energy Corp.,Utilities,Utilities - Regulated Electric,11.2,10.3,15.8,14.0,13.0,12.9,5,False,8.1,8.1,8.1,2,False
OGN,Organon & Co.,Healthcare,Drug Manufacturers - General,2.2,17.5,9.8,13.4,18.4,12.3,5,False,15.0,12.3,13.6,2,False
OGS,"ONE Gas, Inc.",Utilities,Utilities - Regulated Gas,7.7,8.0,12.1,10.4,9.6,9.6,5,False,9.7,7.5,8.6,2,False
OHI,"Omega Healthcare Investors, Inc.",Real Estate,REIT - Healthcare Facilities,9.2,17.5,11.7,17.5,10.8,13.3,5,False,20.0,14.2,17.1,2,False
OI,"O-I Glass, Inc.",Consumer Cyclical,Packaging & Containers,4.2,0.1,6.8,4.0,8.6,4.7,5,False,,0.7,0.7,1,True
OII,"Oceaneering International, Inc.",Energy,Oil & Gas Equipment & Services,11.6,18.4,13.6,8.6,0.9,10.6,5,False,19.0,18.7,18.8,2,False
OKE,"ONEOK, Inc.",Energy,Oil & Gas Midstream,2.8,12.6,5.5,8.7,9.9,7.9,5,False,11.5,9.3,10.4,2,False
OKLO,Oklo Inc.,Utilities,Utilities - Independent Power Producers,19.8,0.5,16.5,0.9,,9.4,4,False,,0.1,0.1,1,True
OKTA,"Okta, Inc.",Technology,Software - Infrastructure,14.6,6.1,13.2,11.4,1.4,9.3,5,False,0.0,16.1,8.0,2,False
OLA.TO,Orla Mining Ltd,Basic Materials,Gold,7.3,19.3,,16.6,,14.4,3,False,11.7,,11.7,1,True
OLED,Universal Display Corporation,Technology,Electronic Components,18.4,10.3,13.4,18.5,11.8,14.5,5,False,15.7,0.9,8.3,2,False
OLLI,"Ollie's Bargain Outlet Holdings, Inc.",Consumer Defensive,Discount Stores,9.0,12.8,9.4,12.6,2.7,9.3,5,False,12.2,0.5,6.4,2,False
OLMA,"Olema Pharmaceuticals, Inc.",Healthcare,Biotechnology,17.2,2.8,10.4,7.0,,9.4,4,False,,8.2,8.2,1,True
OLN,Olin Corporation,Basic Materials,Chemicals,2.6,2.0,10.0,3.2,19.8,7.5,5,False,,0.6,0.6,1,True
OMAB,"Grupo Aeroportuario del Centro Norte, S.A.B. de C.V.",Industrials,Airports & Air Services,2.4,19.5,,19.6,,13.8,3,False,12.8,7.2,10.0,2,False
OMAB.MX,"Grupo Aeroportuario del Centro Norte, S.A.B. de C.V.",Industrials,Airports & Air Services,2.4,19.5,9.7,19.6,16.3,13.5,5,False,12.8,5.3,9.0,2,False
OMC,Omnicom Group Inc.,Communication Services,Advertising Agencies,5.4,7.2,11.3,8.6,11.0,8.7,5,False,0.0,13.5,6.8,2,False
OMCL,"Omnicell, Inc.",Healthcare,Health Information Services,9.3,9.1,15.2,10.6,9.3,10.7,5,False,8.9,10.0,9.4,2,False
OMDA,"Omada Health, Inc.",Healthcare,Health Information Services,12.2,8.5,12.5,9.8,,10.8,4,False,13.3,9.2,11.2,2,False
OMF,"OneMain Holdings, Inc.",Financial Services,Credit Services,0.7,17.0,,8.8,17.4,11.0,4,False,16.6,10.1,13.4,2,False
ON,ON Semiconductor Corporation,Technology,Semiconductors,10.1,8.6,11.2,13.2,13.2,11.3,5,False,2.5,13.4,8.0,2,False
ONB,Old National Bancorp,Financial Services,Banks - Regional,,7.7,,14.9,5.9,9.5,3,False,13.0,10.1,11.6,2,False
ONDS,Ondas Inc.,Technology,Communication Equipment,18.1,14.6,10.8,10.6,,13.5,4,False,,7.0,7.0,1,True
ONEX.TO,Onex Corporation,Financial Services,Asset Management,15.8,2.5,,18.5,,12.3,3,False,13.2,2.3,7.8,2,False
ONON,On Holding AG,Consumer Cyclical,Footwear & Accessories,17.0,15.9,,14.6,,15.8,3,False,6.4,2.0,4.2,2,False
ONTO,Onto Innovation Inc.,Technology,Semiconductor Equipment & Materials,11.6,7.7,9.1,14.4,2.9,9.1,5,False,0.0,16.7,8.4,2,False
OPCH,"Option Care Health, Inc.",Healthcare,Medical Care Facilities,3.5,15.3,10.2,10.6,18.6,11.6,5,False,12.0,4.0,8.0,2,False
OPEN,Opendoor Technologies Inc.,Real Estate,Real Estate Services,7.1,0.2,8.3,0.4,,4.0,4,False,,0.2,0.2,1,True
OPI,Office Properties Income Trust,Real Estate,REIT - Office,4.5,0.2,1.4,0.6,,1.7,4,False,,,,0,True
OPLN,"OPENLANE, Inc.",Consumer Cyclical,Auto & Truck Dealerships,9.6,10.2,4.8,14.8,13.8,10.6,5,False,,16.1,16.1,1,True
OPY,Oppenheimer Holdings Inc.,Financial Services,Capital Markets,8.0,8.1,,4.1,4.0,6.1,4,False,14.1,18.2,16.2,2,False
OR,OR Royalties Inc.,Basic Materials,Gold,14.8,15.8,8.0,19.9,3.0,12.3,5,False,0.0,2.8,1.4,2,False
OR.TO,OR Royalties Inc.,Basic Materials,Gold,14.8,15.8,,19.9,,16.8,3,False,0.0,2.6,1.3,2,False
ORA,"Ormat Technologies, Inc.",Utilities,Utilities - Renewable,13.5,3.1,14.2,7.0,1.6,7.9,5,False,0.0,10.3,5.2,2,False
ORBIA.MX,"Orbia Advance Corporation, S.A.B. de C.V.",Industrials,Conglomerates,4.6,1.3,,6.4,,4.1,3,False,,12.0,12.0,1,True
ORCL,Oracle Corporation,Technology,Software - Infrastructure,3.5,18.9,1.6,18.1,9.5,10.3,5,False,13.0,0.7,6.8,2,False
ORI,Old Republic International Corporation,Financial Services,Insurance - Property & Casualty,7.5,15.1,,5.0,18.4,11.5,4,False,15.1,6.2,10.6,2,False
ORIC,"ORIC Pharmaceuticals, Inc.",Healthcare,Biotechnology,17.6,3.8,9.6,7.0,,9.5,4,False,,8.6,8.6,1,True
ORKA,"Oruka Therapeutics, Inc.",Healthcare,Biotechnology,19.6,5.8,10.9,7.0,,10.8,4,False,,19.6,19.6,1,True
ORLY,"O'Reilly Automotive, Inc.",Consumer Cyclical,Auto Parts,0.2,,9.4,17.0,7.6,8.6,4,False,0.0,4.7,2.4,2,False
OSBC,"Old Second Bancorp, Inc.",Financial Services,Banks - Regional,,8.9,,11.8,2.2,7.6,3,False,8.0,16.7,12.4,2,False
OSCR,"Oscar Health, Inc.",Healthcare,Healthcare Plans,8.0,18.6,18.7,11.1,,14.1,4,False,11.0,15.3,13.2,2,False
OSIS,"OSI Systems, Inc.",Technology,Electronic Components,8.7,13.8,9.5,11.2,14.0,11.4,5,False,13.7,4.2,9.0,2,False
OSK,Oshkosh Corporation,Industrials,Farm & Heavy Construction Machinery,11.0,10.6,15.0,7.3,11.7,11.1,5,False,15.1,12.2,13.6,2,False
OSW,OneSpaWorld Holdings Limited,Consumer Cyclical,Leisure,17.2,12.1,11.2,11.4,3.7,11.1,5,False,2.6,15.1,8.8,2,False
OTEX,Open Text Corporation,Technology,Software - Application,2.6,13.2,10.2,14.6,19.3,12.0,5,False,20.0,1.7,10.8,2,False
OTEX.TO,Open Text Corporation,Technology,Software - Application,2.6,13.2,,14.6,,10.1,3,False,20.0,1.7,10.8,2,False
OTIS,Otis Worldwide Corporation,Industrials,Specialty Industrial Machinery,3.6,,10.6,12.8,16.7,10.9,4,False,17.0,2.3,9.6,2,False
OTTR,Otter Tail Corporation,Industrials,Conglomerates,9.2,8.9,4.4,16.8,10.3,9.9,5,False,4.8,10.4,7.6,2,False
OUST,"Ouster, Inc.",Technology,Electronic Components,16.6,1.5,9.0,1.4,,7.1,4,False,,11.3,11.3,1,True
OUT,OUTFRONT Media Inc.,Real Estate,REIT - Specialty,5.0,19.5,5.8,8.5,8.0,9.4,5,False,14.7,19.6,17.2,2,False
OVV,Ovintiv Inc.,Energy,Oil & Gas E&P,10.2,6.9,11.4,11.6,10.0,10.0,5,False,5.7,14.7,10.2,2,False
OWL,Blue Owl Capital Inc.,Financial Services,Asset Management,10.5,2.8,,5.1,5.2,5.9,4,False,0.0,1.0,0.5,2,False
OXLC,Oxford Lane Capital Corp.,Financial Services,Asset Management,12.0,0.3,,9.4,20.0,10.4,4,False,,0.9,0.9,1,True
OXY,Occidental Petroleum Corporation,Energy,Oil & Gas E&P,11.6,8.8,12.2,16.4,10.7,11.9,5,False,6.5,7.4,7.0,2,False
OZK,Bank OZK,Financial Services,Banks - Regional,,8.8,,16.9,14.2,13.3,3,False,17.7,4.3,11.0,2,False
P,"Everpure, Inc.",Technology,Computer Hardware,4.0,13.9,6.8,5.9,6.8,7.5,5,False,0.0,8.9,4.4,2,False
PAAS,Pan American Silver Corp.,Basic Materials,Gold,15.2,16.5,15.8,16.3,3.8,13.5,5,False,8.7,11.8,10.2,2,False
PAAS.TO,Pan American Silver Corp.,Basic Materials,Gold,15.2,16.5,,16.3,,16.0,3,False,8.8,11.7,10.2,2,False
PAC,"Grupo Aeroportuario del Pacífico, S.A.B. de C.V.",Industrials,Airports & Air Services,4.4,17.4,,19.2,,13.7,3,False,8.1,3.6,5.8,2,False
PACS,"PACS Group, Inc.",Healthcare,Medical Care Facilities,1.8,18.1,9.0,11.3,5.9,9.2,5,False,5.9,19.0,12.4,2,False
PAG,"Penske Automotive Group, Inc.",Consumer Cyclical,Auto & Truck Dealerships,2.6,13.1,4.6,5.0,6.8,6.4,5,False,11.8,16.9,14.4,2,False
PAGS,PagSeguro Digital Ltd.,Technology,Software - Infrastructure,12.1,12.4,,15.5,,13.3,3,False,20.0,5.7,12.8,2,False
PAHC,Phibro Animal Health Corporation,Healthcare,Drug Manufacturers - Specialty & Generic,2.8,18.3,4.1,12.4,8.1,9.1,5,False,14.3,5.7,10.0,2,False
PAM,Pampa Energía S.A.,Industrials,Conglomerates,13.7,12.6,3.2,18.2,2.6,10.1,5,False,19.9,15.0,17.4,2,False
PANW,"Palo Alto Networks, Inc.",Technology,Software - Infrastructure,9.2,4.7,8.4,6.5,1.6,6.1,5,False,0.0,16.0,8.0,2,False
PARR,"Par Pacific Holdings, Inc.",Energy,Oil & Gas Refining & Marketing,6.2,19.4,8.6,10.0,7.0,10.2,5,False,20.0,19.2,19.6,2,False
PATH,"UiPath, Inc.",Technology,Software - Infrastructure,15.4,14.2,15.9,12.0,12.8,14.1,5,False,10.3,12.5,11.4,2,False
PATK,"Patrick Industries, Inc.",Consumer Cyclical,Recreational Vehicles,7.9,11.4,4.6,7.6,4.8,7.3,5,False,7.6,4.4,6.0,2,False
PAX,Patria Investments Limited,Financial Services,Asset Management,9.0,10.5,,6.6,19.2,11.3,4,False,0.0,1.2,0.6,2,False
PAY,"Paymentus Holdings, Inc.",Technology,Software - Infrastructure,18.0,12.6,12.0,9.0,,12.9,4,False,0.0,9.8,4.9,2,False
PAYC,"Paycom Software, Inc.",Technology,Software - Application,0.8,18.4,9.0,17.4,13.1,11.7,5,False,13.9,9.8,11.9,2,False
PAYO,Payoneer Global Inc.,Technology,Software - Infrastructure,9.8,7.9,9.2,7.6,16.4,10.2,5,False,0.0,10.0,5.0,2,False
PAYP,PayPay Corporation,Technology,Software - Infrastructure,3.0,18.1,,17.7,,12.9,3,False,20.0,,20.0,1,True
PAYX,"Paychex, Inc.",Technology,Software - Application,1.6,,5.5,18.4,14.6,10.0,4,False,13.8,7.9,10.9,2,False
PB,"Prosperity Bancshares, Inc.",Financial Services,Banks - Regional,,3.5,,16.6,9.6,9.9,3,False,11.4,7.6,9.5,2,False
PBA,Pembina Pipeline Corporation,Energy,Oil & Gas Midstream,4.5,8.7,,13.4,,8.9,3,False,3.5,6.0,4.8,2,False
PBF,PBF Energy Inc.,Energy,Oil & Gas Refining & Marketing,8.8,16.1,8.5,4.8,11.1,9.9,5,False,20.0,19.8,19.9,2,False
PBH,Prestige Consumer Healthcare Inc.,Healthcare,Drug Manufacturers - Specialty & Generic,5.8,11.6,8.7,16.3,14.4,11.4,5,False,15.5,3.5,9.5,2,False
PBH.TO,Premium Brands Holdings Corporation,Consumer Defensive,Packaged Foods,3.9,2.5,2.1,4.3,9.0,4.4,5,False,0.0,4.9,2.4,2,False
PBLS,"Parabilis Medicines, Inc.",Healthcare,Biotechnology,17.4,,18.1,3.5,1.1,10.0,4,False,,,,0,True
PBR,Petróleo Brasileiro S.A. - Petrobras,Energy,Oil & Gas Integrated,5.2,18.0,,15.6,,12.9,3,False,20.0,12.8,16.4,2,False
PBT,Permian Basin Royalty Trust,Energy,Oil & Gas Midstream,16.3,20.0,17.1,19.9,,18.3,4,False,0.0,17.3,8.6,2,False
PCAR,PACCAR Inc,Industrials,Farm & Heavy Construction Machinery,13.8,10.9,11.0,11.2,13.3,12.0,5,False,7.4,13.8,10.6,2,False
PCG,PG&E Corporation,Utilities,Utilities - Regulated Electric,8.2,9.1,1.2,11.8,1.3,6.3,5,False,19.4,2.0,10.7,2,False
PCOR,"Procore Technologies, Inc.",Technology,Software - Application,11.1,3.3,12.4,4.2,4.6,7.1,5,False,,4.6,4.6,1,True
PCRX,"Pacira BioSciences, Inc.",Healthcare,Drug Manufacturers - Specialty & Generic,9.4,8.6,12.0,10.2,17.9,11.6,5,False,0.0,7.1,3.6,2,False
PCT,"PureCycle Technologies, Inc.",Industrials,Pollution & Treatment Controls,10.0,0.2,3.7,1.3,1.7,3.4,5,False,,0.2,0.2,1,True
PCTY,Paylocity Holding Corporation,Technology,Software - Application,7.0,15.4,12.2,14.3,12.7,12.3,5,False,10.1,7.2,8.6,2,False
PCVX,"Vaxcyte, Inc.",Healthcare,Biotechnology,15.2,4.2,8.8,7.0,,8.8,4,False,,15.9,15.9,1,True
PDFS,"PDF Solutions, Inc.",Technology,Software - Application,14.2,5.5,7.3,8.1,2.1,7.4,5,False,0.0,15.2,7.6,2,False
PDI,PIMCO Dynamic Income Fund,Financial Services,Asset Management,,,,1.2,19.0,10.1,2,True,19.7,1.7,10.7,2,False
PDM,"Piedmont Realty Trust, Inc.",Real Estate,REIT - Office,9.7,1.1,11.0,3.2,11.9,7.4,5,False,,11.6,11.6,1,True
PDO,Pimco Dynamic Income Opportunities Fund,Financial Services,Asset Management,,,,1.2,19.0,10.1,2,True,20.0,3.7,11.8,2,False
PEB,Pebblebrook Hotel Trust,Real Estate,REIT - Hotel & Motel,8.6,2.1,11.1,3.8,14.4,8.0,5,False,,19.3,19.3,1,True
PEBO,Peoples Bancorp Inc.,Financial Services,Banks - Regional,,6.9,,10.0,11.5,9.5,3,False,12.2,15.1,13.6,2,False
PECO,"Phillips Edison & Company, Inc.",Real Estate,REIT - Retail,11.0,9.1,7.4,10.9,4.1,8.5,5,False,0.0,15.2,7.6,2,False
PEG,Public Service Enterprise Group Incorporated,Utilities,Utilities - Regulated Electric,10.7,13.9,14.1,11.8,11.2,12.3,5,False,10.5,2.4,6.4,2,False
PEGA,Pegasystems Inc.,Technology,Software - Application,9.8,19.0,15.5,11.2,13.7,13.8,5,False,16.4,1.4,8.9,2,False
PEN,"Penumbra, Inc.",Healthcare,Medical Devices,12.7,13.3,10.2,13.6,4.6,10.9,5,False,0.0,11.9,6.0,2,False
PENG,"Penguin Solutions, Inc.",Technology,Information Technology Services,5.5,13.2,4.4,9.7,10.1,8.6,5,False,0.0,16.0,8.0,2,False
PENN,"PENN Entertainment, Inc.",Consumer Cyclical,Resorts & Casinos,5.8,0.5,1.0,4.6,17.8,5.9,5,False,,6.1,6.1,1,True
PEOLES.MX,,,,,,,,,,0,True,,,,0,True
PEP,"PepsiCo, Inc.",Consumer Defensive,Beverages - Non-Alcoholic,5.7,19.4,8.6,15.1,11.3,12.0,5,False,12.5,10.2,11.4,2,False
PET.TO,Pet Valu Holdings Ltd.,Consumer Cyclical,Specialty Retail,3.5,19.8,10.5,13.7,12.9,12.1,5,False,14.6,0.5,7.6,2,False
PETR3.SA,Petróleo Brasileiro S.A. - Petrobras,Energy,Oil & Gas Integrated,5.2,18.0,11.6,15.6,5.3,11.1,5,False,20.0,13.5,16.8,2,False
PETR4.SA,Petróleo Brasileiro S.A. - Petrobras,Energy,Oil & Gas Integrated,5.2,18.0,11.5,15.6,5.6,11.2,5,False,20.0,12.6,16.3,2,False
PETZ3.SA,,,,,,,,,,0,True,,,,0,True
PEY.TO,Peyto Exploration & Development Corp.,Energy,Oil & Gas E&P,10.5,13.2,12.8,17.5,12.6,13.3,5,False,16.0,11.0,13.5,2,False
PFE,Pfizer Inc.,Healthcare,Drug Manufacturers - General,4.2,9.7,10.2,14.9,18.0,11.4,5,False,0.0,10.9,5.4,2,False
PFG,"Principal Financial Group, Inc.",Financial Services,Asset Management,8.2,10.7,,3.9,15.2,9.5,4,False,6.5,14.8,10.6,2,False
PFGC,Performance Food Group Company,Consumer Defensive,Food Distribution,5.9,7.2,6.9,2.4,1.0,4.7,5,False,0.0,7.3,3.6,2,False
PFS,"Provident Financial Services, Inc.",Financial Services,Banks - Regional,,8.5,,15.2,8.3,10.7,3,False,15.4,12.3,13.8,2,False
PFSI,"PennyMac Financial Services, Inc.",Financial Services,Mortgage Finance,3.3,6.0,,3.6,4.8,4.4,4,False,8.9,0.4,4.6,2,False
PG,The Procter & Gamble Company,Consumer Defensive,Household & Personal Products,7.0,18.1,11.3,17.9,11.8,13.2,5,False,9.5,8.0,8.8,2,False
PGEN,"Precigen, Inc.",Healthcare,Biotechnology,6.8,0.1,5.8,9.7,1.7,4.8,5,False,,17.5,17.5,1,True
PGNY,"Progyny, Inc.",Healthcare,Healthcare Plans,12.5,15.4,16.4,12.4,18.3,15.0,5,False,7.4,10.8,9.1,2,False
PGR,The Progressive Corporation,Financial Services,Insurance - Property & Casualty,8.3,19.0,,5.4,2.6,8.8,4,False,12.1,2.8,7.4,2,False
PGY,Pagaya Technologies Ltd.,Technology,Software - Infrastructure,10.8,14.6,18.8,14.0,,14.6,4,False,19.5,2.2,10.8,2,False
PH,Parker-Hannifin Corporation,Industrials,Specialty Industrial Machinery,6.8,16.8,10.6,17.2,8.1,11.9,5,False,6.0,13.9,10.0,2,False
PHG,Koninklijke Philips N.V.,Healthcare,Medical Devices,4.3,12.3,,13.0,,9.9,3,False,15.0,7.3,11.2,2,False
PHIN,PHINIA Inc.,Consumer Cyclical,Auto Parts,12.8,8.6,13.6,7.8,15.2,11.6,5,False,6.8,15.6,11.2,2,False
PHM,"PulteGroup, Inc.",Consumer Cyclical,Residential Construction,11.9,12.6,13.3,15.0,12.8,13.1,5,False,10.0,9.1,9.6,2,False
PHVS,Pharvaris N.V.,Healthcare,Biotechnology,18.4,2.0,,7.0,,9.1,3,False,,13.6,13.6,1,True
PI,"Impinj, Inc.",Technology,Semiconductors,8.8,2.0,6.6,5.7,,5.8,4,False,,6.4,6.4,1,True
PICS,PicS N.V.,Technology,Software - Infrastructure,5.8,,,15.6,,10.7,2,True,20.0,,20.0,1,True
PII,Polaris Inc.,Consumer Cyclical,Recreational Vehicles,2.6,0.8,10.7,4.6,14.8,6.7,5,False,,14.2,14.2,1,True
PINFRA.MX,"Promotora y Operadora de Infraestructura, S. A. B. de C. V.",Industrials,Infrastructure Operations,18.1,15.9,19.2,19.8,10.1,16.6,5,False,18.7,8.3,13.5,2,False
PINS,"Pinterest, Inc.",Communication Services,Internet Content & Information,15.1,7.5,15.8,5.3,16.8,12.1,5,False,0.0,2.9,1.4,2,False
PIPR,Piper Sandler Companies,Financial Services,Capital Markets,16.0,17.4,,6.2,8.3,12.0,4,False,9.5,1.8,5.6,2,False
PJT,PJT Partners Inc.,Financial Services,Capital Markets,12.0,19.1,,5.4,6.8,10.8,4,False,1.1,4.9,3.0,2,False
PK,Park Hotels & Resorts Inc.,Real Estate,REIT - Hotel & Motel,4.6,1.3,11.7,4.6,19.4,8.3,5,False,,19.2,19.2,1,True
PKG,Packaging Corporation of America,Consumer Cyclical,Packaging & Containers,12.8,12.6,8.8,12.5,4.7,10.3,5,False,0.0,12.9,6.4,2,False
PL,Planet Labs PBC,Industrials,Aerospace & Defense,11.4,0.2,11.8,0.5,1.4,5.1,5,False,,17.0,17.0,1,True
PLAB,"Photronics, Inc.",Technology,Semiconductor Equipment & Materials,18.8,12.0,13.5,15.6,11.0,14.2,5,False,20.0,10.8,15.4,2,False
PLBL,Polibeli Group Ltd,Consumer Cyclical,Department Stores,8.1,,10.3,0.5,,6.3,3,False,,1.6,1.6,1,True
PLD,"Prologis, Inc.",Real Estate,REIT - Industrial,10.8,10.9,11.0,15.1,4.2,10.4,5,False,2.7,17.2,10.0,2,False
PLGO,Pelagos Insurance Capital Limit,Financial Services,Insurance - Diversified,9.4,14.7,,4.6,17.6,11.6,4,False,20.0,14.8,17.4,2,False
PLMR,"Palomar Holdings, Inc.",Financial Services,Insurance - Property & Casualty,8.3,16.8,,7.0,1.6,8.4,4,False,1.0,8.6,4.8,2,False
PLNT,"Planet Fitness, Inc.",Consumer Cyclical,Leisure,15.9,,7.0,18.6,15.7,14.3,4,False,12.9,0.4,6.6,2,False
PLOW,"Douglas Dynamics, Inc.",Consumer Cyclical,Auto Parts,10.4,14.1,9.2,13.6,6.7,10.8,5,False,7.7,17.5,12.6,2,False
PLPC,Preformed Line Products Company,Industrials,Electrical Equipment & Parts,16.4,7.4,11.0,10.0,4.6,9.9,5,False,0.0,19.2,9.6,2,False
PLSE,"Pulse Biosciences, Inc.",Healthcare,Medical Instruments & Supplies,15.6,1.8,8.6,3.8,,7.4,4,False,,18.8,18.8,1,True
PLTK,Playtika Holding Corp.,Communication Services,Electronic Gaming & Multimedia,8.9,,10.4,7.9,17.7,11.2,4,False,,1.9,1.9,1,True
PLUG,Plug Power Inc.,Industrials,Electrical Equipment & Parts,3.9,0.0,3.4,0.4,,1.9,4,False,,5.0,5.0,1,True
PLUS,ePlus inc.,Technology,Software - Application,13.4,10.5,12.3,7.6,9.6,10.7,5,False,17.7,11.1,14.4,2,False
PLXS,Plexus Corp.,Technology,Electronic Components,7.1,11.1,6.8,6.8,6.6,7.7,5,False,4.3,14.6,9.4,2,False
PM,Philip Morris International Inc.,Consumer Defensive,Tobacco,5.0,,9.1,19.7,6.3,10.0,4,False,0.0,14.6,7.3,2,False
PMZ.UN.TO,,,,,,,,,,0,True,,,,0,True
PNFP,"Pinnacle Financial Partners, Inc.",Financial Services,Banks - Regional,,4.0,,11.9,1.7,5.9,3,False,9.3,6.8,8.0,2,False
PNR,Pentair plc,Industrials,Specialty Industrial Machinery,7.2,13.8,12.6,17.0,12.6,12.6,5,False,19.0,0.4,9.7,2,False
PNTG,"The Pennant Group, Inc.",Healthcare,Medical Care Facilities,3.2,12.5,5.0,10.6,,7.8,4,False,0.0,14.4,7.2,2,False
PNW,Pinnacle West Capital Corporation,Utilities,Utilities - Regulated Electric,4.0,9.2,4.1,10.0,11.9,7.8,5,False,10.1,13.6,11.8,2,False
PODD,Insulet Corporation,Healthcare,Medical Devices,7.1,17.9,9.5,15.2,4.1,10.8,5,False,8.7,0.4,4.6,2,False
POET,POET Technologies Inc.,Technology,Semiconductors,19.2,1.6,10.8,2.2,,8.5,4,False,,12.0,12.0,1,True
POOL,Pool Corporation,Industrials,Industrial Distribution,4.6,18.0,8.8,11.6,18.4,12.3,5,False,15.6,0.6,8.1,2,False
POR,Portland General Electric Company,Utilities,Utilities - Regulated Electric,10.1,4.7,6.6,6.2,12.7,8.1,5,False,6.9,14.4,10.6,2,False
POST,"Post Holdings, Inc.",Consumer Defensive,Packaged Foods,7.5,7.8,7.8,8.8,19.3,10.2,5,False,13.4,2.0,7.7,2,False
POU.TO,Paramount Resources Ltd.,Energy,Oil & Gas E&P,17.4,4.9,10.5,10.9,20.0,12.7,5,False,0.0,10.9,5.4,2,False
POW.TO,Power Corporation of Canada,Financial Services,Insurance - Life,14.6,7.3,,3.4,12.7,9.5,4,False,2.9,17.7,10.3,2,False
POWI,"Power Integrations, Inc.",Technology,Semiconductors,17.8,5.6,12.6,8.4,14.4,11.8,5,False,0.0,11.5,5.8,2,False
POWL,"Powell Industries, Inc.",Industrials,Electrical Equipment & Parts,17.9,17.4,14.4,16.6,2.3,13.7,5,False,6.4,18.4,12.4,2,False
PPC,Pilgrim's Pride Corporation,Consumer Defensive,Packaged Foods,6.9,12.5,9.9,4.3,18.2,10.4,5,False,15.6,1.9,8.8,2,False
PPG,"PPG Industries, Inc.",Basic Materials,Specialty Chemicals,5.6,15.3,10.5,10.4,15.3,11.4,5,False,17.5,6.4,12.0,2,False
PPL,PPL Corporation,Utilities,Utilities - Regulated Electric,11.9,8.1,8.2,12.3,8.3,9.8,5,False,8.0,3.7,5.8,2,False
PPL.TO,Pembina Pipeline Corporation,Energy,Oil & Gas Midstream,4.5,8.7,8.2,13.4,12.4,9.4,5,False,3.7,6.4,5.1,2,False
PPLI,People Incorporated,Communication Services,Internet Content & Information,16.2,9.3,8.2,9.2,12.3,11.0,5,False,20.0,14.1,17.0,2,False
PPTA,Perpetua Resources Corp.,Basic Materials,Other Precious Metals & Mining,19.0,0.5,10.6,3.2,,8.3,4,False,,9.6,9.6,1,True
PPTA.TO,Perpetua Resources Corp.,Basic Materials,Other Precious Metals & Mining,19.0,0.5,,3.2,,7.6,3,False,,9.5,9.5,1,True
PR,Permian Resources Corporation,Energy,Oil & Gas E&P,9.4,9.4,10.1,16.2,5.0,10.0,5,False,9.9,17.2,13.6,2,False
PRAX,"Praxis Precision Medicines, Inc.",Healthcare,Biotechnology,19.0,4.0,9.0,7.0,,9.8,4,False,,19.8,19.8,1,True
PRCH,"Porch Group, Inc.",Financial Services,Insurance - Property & Casualty,7.8,0.2,,0.8,0.5,2.3,4,False,,4.6,4.6,1,True
PRCT,PROCEPT BioRobotics Corporation,Healthcare,Medical Devices,12.8,4.7,8.9,2.8,,7.3,4,False,,1.1,1.1,1,True
PRDO,Perdoceo Education Corporation,Consumer Defensive,Education & Training Services,18.0,15.2,17.0,18.5,8.3,15.4,5,False,15.4,5.5,10.4,2,False
PRG,"PROG Holdings, Inc.",Industrials,Rental & Leasing Services,11.8,13.7,11.6,11.0,18.8,13.4,5,False,16.8,12.0,14.4,2,False
PRGO,Perrigo Company plc,Healthcare,Drug Manufacturers - Specialty & Generic,3.5,3.0,10.1,5.8,18.7,8.2,5,False,,2.0,2.0,1,True
PRGS,Progress Software Corporation,Technology,Software - Infrastructure,1.8,14.4,10.1,12.5,16.8,11.1,5,False,16.1,8.0,12.0,2,False
PRI,"Primerica, Inc.",Financial Services,Insurance - Life,9.2,18.9,,8.7,15.0,13.0,4,False,15.9,5.9,10.9,2,False
PRIM,Primoris Services Corporation,Industrials,Engineering & Construction,8.4,7.3,6.4,3.0,2.6,5.5,5,False,0.0,0.3,0.2,2,False
PRIO3.SA,Prio S.A.,Energy,Oil & Gas E&P,8.2,11.8,3.0,13.4,2.9,7.9,5,False,13.0,14.3,13.6,2,False
PRK,Park National Corporation,Financial Services,Banks - Regional,,10.2,,13.4,6.9,10.2,3,False,4.2,11.8,8.0,2,False
PRKS,United Parks & Resorts Inc.,Consumer Cyclical,Leisure,1.7,,7.2,15.6,18.2,10.7,4,False,14.0,3.8,8.9,2,False
PRLB,"Proto Labs, Inc.",Industrials,Metal Fabrication,19.1,4.1,13.0,7.6,11.8,11.1,5,False,0.0,17.5,8.8,2,False
PRM,"Perimeter Solutions, Inc.",Basic Materials,Specialty Chemicals,3.0,0.7,7.0,0.5,3.6,3.0,5,False,,11.9,11.9,1,True
PRMB,Primo Brands Corporation,Consumer Defensive,Beverages - Non-Alcoholic,6.2,3.5,7.0,7.4,15.3,7.9,5,False,0.0,11.4,5.7,2,False
PRSU,"Pursuit Attractions and Hospitality, Inc.",Consumer Cyclical,Travel Services,8.5,8.9,7.2,14.0,1.9,8.1,5,False,0.0,17.3,8.6,2,False
PRU,"Prudential Financial, Inc.",Financial Services,Insurance - Life,5.8,9.5,,2.8,16.2,8.6,4,False,16.9,10.3,13.6,2,False
PRVA,"Privia Health Group, Inc.",Healthcare,Health Information Services,13.0,9.4,14.8,9.3,,11.6,4,False,0.0,3.4,1.7,2,False
PS,Pershing Square Inc.,Financial Services,Asset Management,10.2,1.6,,1.3,3.4,4.1,4,False,,,,0,True
PSA,Public Storage,Real Estate,REIT - Industrial,5.0,18.8,12.2,15.1,8.7,12.0,5,False,4.2,12.9,8.6,2,False
PSEC,Prospect Capital Corporation,Financial Services,Asset Management,10.4,1.8,,13.8,20.0,11.5,4,False,0.0,3.9,2.0,2,False
PSK.TO,PrairieSky Royalty Ltd.,Energy,Oil & Gas E&P,13.6,7.8,10.1,19.4,7.3,11.6,5,False,0.0,10.8,5.4,2,False
PSKY,Paramount Skydance Corporation,Communication Services,Entertainment,5.4,4.0,11.3,5.3,9.4,7.1,5,False,0.0,1.7,0.8,2,False
PSMT,"PriceSmart, Inc.",Consumer Defensive,Discount Stores,9.6,10.9,9.8,5.4,3.3,7.8,5,False,0.0,18.3,9.2,2,False
PSN,Parsons Corporation,Technology,Information Technology Services,8.4,8.5,7.6,5.6,8.0,7.6,5,False,0.0,0.9,0.4,2,False
PSNL,"Personalis, Inc.",Healthcare,Diagnostics & Research,13.2,2.8,8.8,1.5,,6.6,4,False,,18.4,18.4,1,True
PSNY,Polestar Automotive Holding UK PLC,Consumer Cyclical,Auto Manufacturers,2.2,,0.2,0.3,,0.9,3,False,,0.2,0.2,1,True
PSO,Pearson plc,Communication Services,Publishing,10.4,9.5,,10.3,,10.1,3,False,10.3,15.9,13.1,2,False
PSX,Phillips 66,Energy,Oil & Gas Refining & Marketing,8.4,16.2,11.2,5.0,12.3,10.6,5,False,9.9,17.1,13.5,2,False
PTC,PTC Inc.,Technology,Software - Application,6.2,17.9,10.6,18.3,5.4,11.7,5,False,20.0,2.7,11.4,2,False
PTCT,"PTC Therapeutics, Inc.",Healthcare,Biotechnology,11.5,,4.2,11.6,,9.1,3,False,,9.4,9.4,1,True
PTEN,"Patterson-UTI Energy, Inc.",Energy,Oil & Gas Drilling,12.8,2.7,11.1,1.6,16.4,8.9,5,False,,19.9,19.9,1,True
PTGX,"Protagonist Therapeutics, Inc.",Healthcare,Biotechnology,18.8,12.9,11.0,19.4,,15.5,4,False,0.0,17.7,8.8,2,False
PTON,"Peloton Interactive, Inc.",Consumer Cyclical,Leisure,19.4,,15.0,10.0,,14.8,3,False,0.0,1.1,0.6,2,False
PTRN,Pattern Group Inc.,Consumer Cyclical,Internet Retail,17.4,5.7,12.0,3.8,0.1,7.8,5,False,,,,0,True
PUK,Prudential plc,Financial Services,Insurance - Life,11.4,15.3,,8.6,9.6,11.2,4,False,18.3,3.8,11.0,2,False
PUMP,ProPetro Holding Corp.,Energy,Oil & Gas Equipment & Services,11.9,2.8,9.0,1.6,6.9,6.4,5,False,,19.1,19.1,1,True
PURR,Hyperliquid Strategies Inc.,Financial Services,Capital Markets,19.5,18.8,,20.0,,19.4,3,False,20.0,,20.0,1,True
PVH,PVH Corp.,Consumer Cyclical,Apparel Manufacturing,9.3,4.6,10.6,5.6,19.4,9.9,5,False,9.6,6.8,8.2,2,False
PVLA,"Palvella Therapeutics, Inc.",Healthcare,Biotechnology,16.7,3.2,10.2,7.0,,9.3,4,False,,18.1,18.1,1,True
PWP,Perella Weinberg Partners,Financial Services,Capital Markets,10.1,10.4,,3.1,14.1,9.4,4,False,0.0,1.1,0.6,2,False
PWR,"Quanta Services, Inc.",Industrials,Engineering & Construction,8.1,12.7,10.2,6.0,1.1,7.6,5,False,0.0,16.5,8.2,2,False
PXED,"Phoenix Education Partners, Inc.",Consumer Defensive,Education & Training Services,16.2,17.4,19.0,15.4,17.8,17.2,5,False,13.5,,13.5,1,True
PXT.TO,Parex Resources Inc.,Energy,Oil & Gas E&P,10.0,17.4,,15.8,,14.4,3,False,20.0,14.4,17.2,2,False
PYPL,"PayPal Holdings, Inc.",Financial Services,Credit Services,5.2,17.4,,5.4,19.2,11.8,4,False,15.2,1.1,8.2,2,False
Q,"Qnity Electronics, Inc.",Technology,Semiconductor Equipment & Materials,7.0,7.6,7.0,14.0,0.9,7.3,5,False,11.9,,11.9,1,True
QBR.B.TO,,,,,,,,,,0,True,,,,0,True
QBTS,D-Wave Quantum Inc.,Technology,Computer Hardware,17.9,1.1,9.0,2.2,,7.6,4,False,,1.8,1.8,1,True
QCOM,QUALCOMM Incorporated,Technology,Semiconductors,7.0,17.7,10.9,15.3,16.2,13.4,5,False,18.9,7.8,13.4,2,False
QCRH,"QCR Holdings, Inc.",Financial Services,Banks - Regional,,10.6,,14.3,2.1,9.0,3,False,12.1,13.6,12.8,2,False
QDEL,QuidelOrtho Corporation,Healthcare,Medical Devices,1.4,3.2,9.8,3.5,4.5,4.5,5,False,,0.5,0.5,1,True
QGEN,Qiagen N.V.,Healthcare,Diagnostics & Research,8.6,13.8,10.8,17.1,10.3,12.1,5,False,15.7,6.4,11.0,2,False
QLYS,"Qualys, Inc.",Technology,Software - Infrastructure,11.9,18.3,13.2,18.2,12.4,14.8,5,False,10.7,12.6,11.6,2,False
QNT,Quantinuum Inc.,Technology,Software - Application,19.0,,18.2,2.1,,13.1,3,False,,,,0,True
QRVO,"Qorvo, Inc.",Technology,Semiconductors,11.4,10.4,11.2,12.4,16.1,12.3,5,False,16.6,8.1,12.4,2,False
QSR,Restaurant Brands International Inc.,Consumer Cyclical,Restaurants,6.8,17.8,9.4,17.6,7.2,11.8,5,False,12.4,16.3,14.4,2,False
QSR.TO,Restaurant Brands International Inc.,Consumer Cyclical,Restaurants,6.8,17.8,,17.6,,14.1,3,False,12.5,16.2,14.4,2,False
QTWO,"Q2 Holdings, Inc.",Technology,Software - Application,9.5,12.6,12.4,11.8,1.1,9.5,5,False,1.3,5.2,3.2,2,False
QUAL3.SA,Qualicorp Consultoria e Corretora de Seguros S.A.,Healthcare,Healthcare Plans,2.3,8.7,10.2,13.5,13.5,9.6,5,False,13.1,1.1,7.1,2,False
QUBT,Quantum Computing Inc.,Technology,Computer Hardware,19.0,3.7,10.7,0.4,1.5,7.1,5,False,,0.2,0.2,1,True
QURE,uniQure N.V.,Healthcare,Biotechnology,9.0,0.8,8.8,4.2,,5.7,4,False,,3.6,3.6,1,True
QXO,"QXO, Inc.",Industrials,Industrial Distribution,13.5,1.7,2.9,1.6,2.9,4.5,5,False,,1.1,1.1,1,True
R,"Ryder System, Inc.",Industrials,Rental & Leasing Services,1.6,13.5,10.3,6.6,17.0,9.8,5,False,8.1,14.1,11.1,2,False
RA.MX,Regional S.A.B. de C.V.,Financial Services,Banks - Regional,,14.7,,15.4,16.1,15.4,3,False,20.0,2.1,11.0,2,False
RACE,Ferrari N.V.,Consumer Cyclical,Auto Manufacturers,13.2,18.6,,18.8,,16.9,3,False,0.0,6.6,3.3,2,False
RADL3.SA,Raia Drogasil S.A.,Healthcare,Pharmaceutical Retailers,1.6,16.3,10.2,10.7,2.5,8.3,5,False,1.3,9.2,5.2,2,False
RAIL3.SA,Rumo S.A.,Industrials,Railroads,6.9,7.2,1.8,15.6,10.7,8.4,5,False,3.9,5.6,4.8,2,False
RAL,Ralliant Corporation,Technology,Electronic Components,4.7,0.6,9.1,6.0,1.2,4.3,5,False,,12.8,12.8,1,True
RAMP,"LiveRamp Holdings, Inc.",Technology,Software - Infrastructure,16.1,13.0,17.4,13.4,16.7,15.3,5,False,19.9,12.4,16.2,2,False
RAPP,"Rapport Therapeutics, Inc.",Healthcare,Biotechnology,17.7,3.8,10.8,4.2,0.4,7.4,5,False,,15.7,15.7,1,True
RARE,Ultragenyx Pharmaceutical Inc.,Healthcare,Biotechnology,7.1,,0.7,2.2,,3.3,3,False,,3.7,3.7,1,True
RBA,"RB Global, Inc.",Industrials,Specialty Business Services,6.0,6.5,9.4,13.6,9.1,8.9,5,False,0.0,2.1,1.0,2,False
RBA.TO,"RB Global, Inc.",Industrials,Specialty Business Services,6.0,6.5,,13.6,,8.7,3,False,0.0,2.2,1.1,2,False
RBC,RBC Bearings Incorporated,Industrials,Tools & Accessories,10.9,8.0,10.2,17.6,1.4,9.6,5,False,0.0,13.3,6.6,2,False
RBCAA,"Republic Bancorp, Inc.",Financial Services,Banks - Regional,,9.1,,13.4,4.6,9.0,3,False,8.2,13.6,10.9,2,False
RBLX,Roblox Corporation,Communication Services,Electronic Gaming & Multimedia,2.4,0.1,13.0,1.2,,4.2,4,False,,0.5,0.5,1,True
RBRK,"Rubrik, Inc.",Technology,Software - Infrastructure,10.8,,10.7,2.0,,7.8,3,False,,9.3,9.3,1,True
RCI.B.TO,,,,,,,,,,0,True,,,,0,True
RCL,Royal Caribbean Cruises Ltd.,Consumer Cyclical,Travel Services,1.6,18.5,5.8,18.6,2.7,9.4,5,False,10.0,5.2,7.6,2,False
RCUS,"Arcus Biosciences, Inc.",Healthcare,Biotechnology,10.2,1.4,7.9,4.6,,6.0,4,False,,17.5,17.5,1,True
RDDT,"Reddit, Inc.",Communication Services,Internet Content & Information,19.6,17.6,11.1,18.4,,16.7,4,False,0.0,2.4,1.2,2,False
RDN,Radian Group Inc.,Financial Services,Insurance - Specialty,10.4,9.5,,11.0,17.8,12.2,4,False,12.1,4.8,8.4,2,False
RDNT,"RadNet, Inc.",Healthcare,Diagnostics & Research,4.6,8.4,7.6,8.1,,7.2,4,False,,7.0,7.0,1,True
RDOR3.SA,Rede D'Or São Luiz S.A.,Healthcare,Medical Care Facilities,6.0,16.3,9.6,14.4,15.5,12.4,5,False,13.4,5.2,9.3,2,False
RDW,Redwire Corporation,Industrials,Aerospace & Defense,18.4,0.8,11.3,0.8,4.6,7.2,5,False,,11.9,11.9,1,True
RDWR,Radware Ltd.,Technology,Software - Infrastructure,13.7,6.3,13.2,7.0,11.3,10.3,5,False,0.0,8.6,4.3,2,False
RDY,Dr. Reddy's Laboratories Limited,Healthcare,Drug Manufacturers - Specialty & Generic,8.9,11.4,,12.2,,10.8,3,False,1.7,4.4,3.1,2,False
REAL,"The RealReal, Inc.",Consumer Cyclical,Luxury Goods,7.3,,8.5,1.2,,5.7,3,False,,9.2,9.2,1,True
REF,Reformation Inc.,Consumer Cyclical,Apparel Retail,9.6,,8.6,2.4,14.2,8.7,4,False,0.0,,0.0,1,True
REG,Regency Centers Corporation,Real Estate,REIT - Retail,11.8,11.7,12.0,13.8,8.4,11.5,5,False,5.5,11.1,8.3,2,False
REGN,"Regeneron Pharmaceuticals, Inc.",Healthcare,Biotechnology,12.5,14.6,13.0,18.5,16.0,14.9,5,False,14.2,14.0,14.1,2,False
REI.UN.TO,,,,,,,,,,0,True,,,,0,True
RELY,"Remitly Global, Inc.",Technology,Software - Infrastructure,16.2,17.5,14.0,13.6,2.0,12.7,5,False,17.8,14.4,16.1,2,False
RENT3.SA,Localiza Rent a Car S.A.,Industrials,Rental & Leasing Services,4.0,11.1,10.8,12.7,4.7,8.7,5,False,17.2,4.8,11.0,2,False
REPL,"Replimune Group, Inc.",Healthcare,Biotechnology,8.5,1.0,6.4,7.0,,5.7,4,False,,19.4,19.4,1,True
RES,"RPC, Inc.",Energy,Oil & Gas Equipment & Services,18.1,3.8,12.2,3.2,8.3,9.1,5,False,0.0,9.7,4.8,2,False
REX,REX American Resources Corporation,Basic Materials,Chemicals,18.0,15.4,15.9,12.8,5.9,13.6,5,False,18.9,11.4,15.2,2,False
REXR,"Rexford Industrial Realty, Inc.",Real Estate,REIT - Industrial,10.2,1.4,10.0,7.4,12.8,8.4,5,False,,5.9,5.9,1,True
REYN,Reynolds Consumer Products Inc.,Consumer Cyclical,Packaging & Containers,9.4,13.0,10.6,13.9,10.0,11.4,5,False,15.2,9.9,12.6,2,False
REZI,"Resideo Technologies, Inc.",Industrials,Industrial Distribution,6.0,12.5,0.6,7.4,6.2,6.5,5,False,20.0,0.8,10.4,2,False
RF,Regions Financial Corporation,Financial Services,Banks - Regional,,9.3,,11.7,16.5,12.5,3,False,11.7,9.5,10.6,2,False
RGA,"Reinsurance Group of America, Incorporated",Financial Services,Insurance - Reinsurance,8.6,9.1,,2.8,5.3,6.4,4,False,8.0,13.2,10.6,2,False
RGC,Regencell Bioscience Holdings Limited,Healthcare,Drug Manufacturers - Specialty & Generic,8.8,0.7,9.4,7.0,,6.5,4,False,,0.2,0.2,1,True
RGEN,Repligen Corporation,Healthcare,Medical Instruments & Supplies,12.6,8.6,9.5,11.6,2.1,8.9,5,False,0.0,13.1,6.6,2,False
RGLD,"Royal Gold, Inc.",Basic Materials,Gold,16.6,13.1,9.1,19.0,2.7,12.1,5,False,0.0,11.0,5.5,2,False
RGTI,"Rigetti Computing, Inc.",Technology,Computer Hardware,17.8,0.8,9.8,2.3,,7.7,4,False,,0.6,0.6,1,True
RH,RH,Consumer Cyclical,Specialty Retail,0.6,,9.5,4.2,19.0,8.3,4,False,0.0,2.9,1.4,2,False
RHI,Robert Half Inc.,Industrials,Staffing & Employment Services,10.6,7.5,13.2,2.9,19.5,10.7,5,False,0.0,16.3,8.2,2,False
RHLD,"Resolute Holdings Management, Inc.",Industrials,Specialty Business Services,6.0,3.1,9.4,8.6,4.9,6.4,5,False,9.3,18.7,14.0,2,False
RHP,"Ryman Hospitality Properties, Inc.",Real Estate,REIT - Hotel & Motel,6.0,18.9,12.4,8.2,4.7,10.0,5,False,6.6,19.0,12.8,2,False
RIG,Transocean Ltd.,Energy,Oil & Gas Drilling,9.0,0.8,10.4,4.2,,6.1,4,False,,17.1,17.1,1,True
RIO,Rio Tinto Group,Basic Materials,Other Industrial Metals & Mining,8.6,15.4,10.6,14.2,13.3,12.4,5,False,13.8,16.3,15.0,2,False
RIOT,"Riot Platforms, Inc.",Financial Services,Capital Markets,11.3,0.3,,0.2,0.7,3.1,4,False,,4.2,4.2,1,True
RITM,Rithm Capital Corp.,Real Estate,REIT - Mortgage,3.6,8.6,1.0,5.6,19.1,7.6,5,False,0.0,7.2,3.6,2,False
RIVN,"Rivian Automotive, Inc.",Consumer Cyclical,Auto Manufacturers,12.3,0.3,9.4,0.3,,5.6,4,False,,12.9,12.9,1,True
RJF,"Raymond James Financial, Inc.",Financial Services,Asset Management,12.2,15.0,,6.0,11.8,11.2,4,False,8.1,5.8,7.0,2,False
RKLB,Rocket Lab Corporation,Industrials,Aerospace & Defense,18.8,1.2,10.8,0.8,,7.9,4,False,,14.3,14.3,1,True
RKT,"Rocket Companies, Inc.",Financial Services,Mortgage Finance,3.9,1.7,,5.0,,3.5,3,False,,0.6,0.6,1,True
RL,Ralph Lauren Corporation,Consumer Cyclical,Apparel Manufacturing,11.4,18.0,13.2,15.8,7.8,13.2,5,False,10.0,13.6,11.8,2,False
RLAY,"Relay Therapeutics, Inc.",Healthcare,Biotechnology,17.7,4.2,11.1,3.6,,9.2,4,False,,19.3,19.3,1,True
RLI,RLI Corp.,Financial Services,Insurance - Property & Casualty,10.0,17.5,,9.2,8.9,11.4,4,False,8.6,6.1,7.4,2,False
RLJ,RLJ Lodging Trust,Real Estate,REIT - Hotel & Motel,10.7,3.7,11.1,4.6,17.3,9.5,5,False,0.0,19.4,9.7,2,False
RMBS,Rambus Inc.,Technology,Semiconductors,18.5,14.0,12.0,18.6,6.5,13.9,5,False,8.0,4.1,6.0,2,False
RMD,ResMed Inc.,Healthcare,Medical Instruments & Supplies,11.2,17.6,11.1,18.2,8.4,13.3,5,False,17.0,4.7,10.8,2,False
RMIX,"Suncrete, Inc.",Basic Materials,Building Materials,6.8,1.4,8.2,1.0,5.6,4.6,5,False,0.0,,0.0,1,True
RNG,"RingCentral, Inc.",Technology,Software - Application,4.0,,11.0,8.2,16.5,9.9,4,False,0.0,17.7,8.8,2,False
RNR,RenaissanceRe Holdings Ltd.,Financial Services,Insurance - Reinsurance,14.0,16.4,,10.3,15.4,14.0,4,False,18.5,12.8,15.6,2,False
RNST,Renasant Corporation,Financial Services,Banks - Regional,,4.7,,12.2,4.1,7.0,3,False,12.2,8.3,10.2,2,False
RNW,ReNew Energy Global Plc,Utilities,Utilities - Renewable,3.1,6.5,,13.4,,7.7,3,False,12.7,1.7,7.2,2,False
ROAD,"Construction Partners, Inc.",Industrials,Engineering & Construction,6.9,12.5,5.0,7.8,1.7,6.8,5,False,0.0,3.1,1.6,2,False
ROCK,"Gibraltar Industries, Inc.",Industrials,Building Products & Equipment,2.6,5.2,10.6,5.6,11.5,7.1,5,False,14.4,1.3,7.8,2,False
ROG,Rogers Corporation,Technology,Electronic Components,16.8,5.0,14.4,8.0,7.8,10.4,5,False,0.0,13.9,7.0,2,False
ROIV,Roivant Sciences Ltd.,Healthcare,Biotechnology,17.4,6.8,9.2,3.6,11.7,9.7,5,False,,17.9,17.9,1,True
ROK,"Rockwell Automation, Inc.",Industrials,Specialty Industrial Machinery,4.4,17.9,11.2,15.8,10.0,11.9,5,False,1.4,12.5,7.0,2,False
ROL,"Rollins, Inc.",Consumer Cyclical,Personal Services,6.8,18.0,11.4,16.5,5.3,11.6,5,False,2.3,1.5,1.9,2,False
ROP,"Roper Technologies, Inc.",Technology,Software - Application,3.3,11.6,8.6,17.8,8.4,9.9,5,False,18.8,4.6,11.7,2,False
ROST,"Ross Stores, Inc.",Consumer Cyclical,Apparel Retail,11.5,18.4,12.2,15.5,4.1,12.3,5,False,0.0,18.5,9.2,2,False
RPM,RPM International Inc.,Basic Materials,Specialty Chemicals,5.3,16.1,9.9,10.2,11.4,10.6,5,False,14.4,2.2,8.3,2,False
RPRX,Royalty Pharma plc,Healthcare,Biotechnology,7.4,14.5,4.0,17.5,12.9,11.3,5,False,4.0,16.2,10.1,2,False
RQI,"Cohen & Steers Quality Income Realty Fund, Inc.",Financial Services,Asset Management,7.9,1.7,,18.4,17.8,11.4,4,False,0.0,6.2,3.1,2,False
RRC,Range Resources Corporation,Energy,Oil & Gas E&P,9.0,14.2,12.2,14.6,4.0,10.8,5,False,14.5,3.0,8.8,2,False
RRR,"Red Rock Resorts, Inc.",Consumer Cyclical,Resorts & Casinos,2.9,19.6,6.1,15.9,4.2,9.7,5,False,9.4,8.8,9.1,2,False
RRX,Regal Rexnord Corporation,Industrials,Specialty Industrial Machinery,7.8,4.3,8.8,9.2,5.2,7.1,5,False,6.3,9.9,8.1,2,False
RS,"Reliance, Inc.",Basic Materials,Steel,13.4,12.1,9.8,7.9,15.8,11.8,5,False,5.8,12.4,9.1,2,False
RSG,"Republic Services, Inc.",Industrials,Waste Management,3.2,14.4,8.9,15.6,9.0,10.2,5,False,9.5,6.2,7.8,2,False
RSI,"Rush Street Interactive, Inc.",Consumer Cyclical,Gambling,18.8,17.1,11.8,8.6,0.2,11.3,5,False,0.0,16.5,8.2,2,False
RTX,RTX Corporation,Industrials,Aerospace & Defense,6.6,10.4,11.7,11.3,12.6,10.5,5,False,11.6,13.1,12.4,2,False
RUM,RUM Group Inc.,Communication Services,Internet Content & Information,12.7,1.6,6.1,0.3,9.7,6.1,5,False,,16.3,16.3,1,True
RUS.TO,Russel Metals Inc.,Industrials,Industrial Distribution,12.8,11.1,9.7,5.8,16.0,11.1,5,False,13.9,18.6,16.2,2,False
RUSHA,"Rush Enterprises, Inc.",Consumer Cyclical,Auto & Truck Dealerships,6.9,10.7,11.1,6.2,4.6,7.9,5,False,4.2,18.1,11.2,2,False
RUSHB,"Rush Enterprises, Inc.",Consumer Cyclical,Auto & Truck Dealerships,6.9,10.7,12.0,6.2,7.3,8.6,5,False,3.9,17.6,10.8,2,False
RVLV,"Revolve Group, Inc.",Consumer Cyclical,Internet Retail,17.0,12.0,12.0,8.2,2.7,10.4,5,False,13.7,11.4,12.6,2,False
RVMD,"Revolution Medicines, Inc.",Healthcare,Biotechnology,12.8,1.8,9.1,7.0,,7.7,4,False,,19.5,19.5,1,True
RVT,"Royce Small-Cap Trust, Inc.",Financial Services,Asset Management,7.6,10.3,,12.9,2.8,8.4,4,False,20.0,11.6,15.8,2,False
RVTY,"Revvity, Inc.",Healthcare,Diagnostics & Research,7.8,9.1,10.0,14.2,15.2,11.3,5,False,0.0,14.5,7.2,2,False
RXO,"RXO, Inc.",Industrials,Trucking,11.1,1.4,5.8,2.0,0.3,4.1,5,False,,15.2,15.2,1,True
RXRX,"Recursion Pharmaceuticals, Inc.",Healthcare,Biotechnology,14.2,2.5,9.6,4.0,,7.6,4,False,,1.9,1.9,1,True
RXT,"Rackspace Technology, Inc.",Technology,Software - Infrastructure,1.5,,9.9,3.3,3.5,4.6,4,False,,17.3,17.3,1,True
RY,Royal Bank of Canada,Financial Services,Banks - Diversified,,13.7,,14.0,,13.8,2,True,5.7,15.6,10.6,2,False
RY.TO,Royal Bank of Canada,Financial Services,Banks - Diversified,,13.7,,14.0,11.4,13.0,3,False,5.8,15.9,10.8,2,False
RYAN,"Ryan Specialty Holdings, Inc.",Financial Services,Insurance Brokers,1.8,16.7,,4.7,0.9,6.0,4,False,0.0,0.8,0.4,2,False
RYN,Rayonier Inc.,Real Estate,REIT - Specialty,17.2,4.7,9.8,5.4,8.9,9.2,5,False,0.0,3.3,1.6,2,False
RYTM,"Rhythm Pharmaceuticals, Inc.",Healthcare,Biotechnology,9.7,1.0,8.1,2.0,,5.2,4,False,,8.0,8.0,1,True
RYZ,Ryerson Holding Corporation,Industrials,Metal Fabrication,6.2,1.8,1.0,2.2,17.3,5.7,5,False,,10.0,10.0,1,True
RZC,7.125% Fixed-Rate Reset Subordinated Debentures due 2052,,,,,,,,,0,True,,,,0,True
RZLV,Rezolve AI PLC,Technology,Software - Infrastructure,4.1,0.2,2.6,0.8,0.5,1.6,5,False,,0.9,0.9,1,True
S,"SentinelOne, Inc.",Technology,Software - Infrastructure,9.3,1.3,14.6,1.5,7.4,6.8,5,False,,11.1,11.1,1,True
SA,Seabridge Gold Inc.,Basic Materials,Gold,11.2,5.7,,3.2,,6.7,3,False,0.0,11.1,5.6,2,False
SAFE,Safehold Inc.,Real Estate,REIT - Diversified,11.6,7.4,1.0,15.6,10.2,9.2,5,False,12.5,8.4,10.4,2,False
SAFT,"Safety Insurance Group, Inc.",Financial Services,Insurance - Property & Casualty,10.5,4.2,,3.4,11.6,7.4,4,False,0.0,17.2,8.6,2,False
SAH,"Sonic Automotive, Inc.",Consumer Cyclical,Auto & Truck Dealerships,1.5,14.9,1.6,3.8,13.1,7.0,5,False,15.6,11.8,13.7,2,False
SAIA,"Saia, Inc.",Industrials,Trucking,15.5,9.0,10.6,11.4,,11.6,4,False,11.3,11.8,11.6,2,False
SAIC,Science Applications International Corporation,Technology,Information Technology Services,4.1,16.3,9.8,8.4,19.1,11.5,5,False,14.2,11.6,12.9,2,False
SAIL,"SailPoint, Inc.",Technology,Software - Infrastructure,14.2,3.4,11.2,1.9,1.0,6.3,5,False,,5.8,5.8,1,True
SAM,"The Boston Beer Company, Inc.",Consumer Defensive,Beverages - Brewers,14.4,0.8,19.4,5.2,18.7,11.7,5,False,,3.7,3.7,1,True
SAN,"Banco Santander, S.A.",Financial Services,Banks - Diversified,,11.0,,13.0,,12.0,2,True,10.8,15.7,13.2,2,False
SANB11.SA,Banco Santander (Brasil) S.A.,Financial Services,Banks - Regional,,8.5,,10.1,9.4,9.3,3,False,8.0,6.8,7.4,2,False
SANM,Sanmina Corporation,Technology,Electronic Components,5.0,11.1,4.0,6.8,8.9,7.2,5,False,4.8,15.2,10.0,2,False
SAP,SAP SE,Technology,Software - Application,8.6,14.3,,16.8,,13.2,3,False,12.3,4.3,8.3,2,False
SAP.TO,Saputo Inc.,Consumer Defensive,Packaged Foods,10.2,9.3,12.4,6.4,9.2,9.5,5,False,4.7,15.0,9.8,2,False
SARO,"StandardAero, Inc.",Industrials,Aerospace & Defense,10.8,10.4,10.2,8.3,,9.9,4,False,16.9,4.3,10.6,2,False
SBAC,SBA Communications Corporation,Real Estate,REIT - Specialty,1.9,,5.9,15.2,6.2,7.3,4,False,14.9,8.2,11.6,2,False
SBCF,Seacoast Banking Corporation of Florida,Financial Services,Banks - Regional,,2.9,,11.8,4.7,6.5,3,False,0.0,8.5,4.2,2,False
SBET,"Sharplink, Inc.",Financial Services,Capital Markets,18.7,0.1,,0.7,2.0,5.4,4,False,,0.2,0.2,1,True
SBGI,"Sinclair, Inc.",Communication Services,Broadcasting,7.6,15.3,9.6,5.7,19.4,11.5,5,False,16.3,9.6,13.0,2,False
SBH,"Sally Beauty Holdings, Inc.",Consumer Cyclical,Specialty Retail,4.5,15.9,10.5,9.5,5.5,9.2,5,False,19.9,10.2,15.0,2,False
SBLK,Star Bulk Carriers Corp.,Industrials,Marine Shipping,12.6,9.9,11.7,18.8,19.3,14.5,5,False,10.7,18.4,14.6,2,False
SBR,Sabine Royalty Trust,Energy,Oil & Gas Midstream,20.0,19.9,17.4,20.0,,19.3,4,False,12.9,1.8,7.4,2,False
SBRA,"Sabra Health Care REIT, Inc.",Real Estate,REIT - Healthcare Facilities,13.6,5.0,7.2,3.4,12.6,8.4,5,False,0.0,15.3,7.6,2,False
SBSP3.SA,Companhia de Saneamento Básico do Estado de São Paulo - SABESP,Utilities,Utilities - Regulated Water,15.8,17.9,13.0,16.8,0.8,12.9,5,False,20.0,7.3,13.6,2,False
SBSW,Sibanye Stillwater Limited,Basic Materials,Other Precious Metals & Mining,8.2,18.7,,12.6,,13.2,3,False,17.6,6.1,11.9,2,False
SBUX,Starbucks Corporation,Consumer Cyclical,Restaurants,5.7,,9.6,11.1,5.2,7.9,4,False,0.0,17.0,8.5,2,False
SCCO,Southern Copper Corporation,Basic Materials,Copper,11.2,19.6,12.5,18.5,6.8,13.7,5,False,0.0,17.5,8.8,2,False
SCHW,The Charles Schwab Corporation,Financial Services,Capital Markets,5.8,15.9,,16.0,9.0,11.7,4,False,6.8,9.4,8.1,2,False
SCI,Service Corporation International,Consumer Cyclical,Personal Services,3.2,17.7,6.6,16.7,12.1,11.3,5,False,11.6,10.0,10.8,2,False
SCL,Stepan Company,Basic Materials,Specialty Chemicals,5.0,4.0,8.4,4.0,11.1,6.5,5,False,,11.5,11.5,1,True
SCR.TO,Strathcona Resources Ltd.,Energy,Oil & Gas E&P,5.8,6.7,19.7,13.4,19.4,13.0,5,False,1.5,13.8,7.6,2,False
SCSC,"ScanSource, Inc.",Technology,Electronics & Computer Distribution,10.5,8.9,12.8,5.9,17.8,11.2,5,False,9.9,11.5,10.7,2,False
SDGR,"Schrödinger, Inc.",Healthcare,Health Information Services,10.1,5.9,11.2,2.8,,7.5,4,False,,6.3,6.3,1,True
SDRL,Seadrill Limited,Energy,Oil & Gas Drilling,15.7,3.0,9.5,5.3,18.4,10.4,5,False,0.0,13.3,6.6,2,False
SEA.TO,Seabridge Gold Inc.,Basic Materials,Gold,11.2,5.7,6.2,3.2,,6.6,4,False,0.0,12.9,6.4,2,False
SEB,Seaboard Corporation,Industrials,Conglomerates,12.6,10.5,5.1,6.1,16.6,10.2,5,False,20.0,9.0,14.5,2,False
SECZ,Securitize Corp.,Technology,Software - Application,7.6,,6.7,0.8,,5.0,3,False,,,,0,True
SEDG,"SolarEdge Technologies, Inc.",Technology,Solar,6.2,0.5,14.6,2.2,6.4,6.0,5,False,,4.8,4.8,1,True
SEI,"Solaris Energy Infrastructure, Inc.",Energy,Oil & Gas Equipment & Services,10.0,6.9,3.8,9.3,1.1,6.2,5,False,0.0,7.1,3.6,2,False
SEIC,SEI Investments Company,Financial Services,Asset Management,17.8,18.2,,10.0,12.8,14.7,4,False,2.9,13.8,8.4,2,False
SENEA,Seneca Foods Corporation,Consumer Defensive,Packaged Foods,13.4,14.8,14.3,9.6,3.7,11.2,5,False,17.1,19.5,18.3,2,False
SENEB,Seneca Foods Corporation,Consumer Defensive,Packaged Foods,13.4,14.8,14.4,9.6,3.5,11.1,5,False,16.9,19.6,18.2,2,False
SEPN,"Septerna, Inc.",Healthcare,Biotechnology,14.6,7.1,13.6,2.7,0.3,7.7,5,False,,17.2,17.2,1,True
SES.TO,SECURE Waste Infrastructure Corp.,Industrials,Waste Management,4.9,13.3,10.2,13.2,19.1,12.1,5,False,3.1,13.2,8.2,2,False
SEZL,Sezzle Inc.,Financial Services,Credit Services,12.8,19.9,,14.7,1.8,12.3,4,False,0.0,17.1,8.6,2,False
SF,Stifel Financial Corp.,Financial Services,Capital Markets,9.0,13.8,,6.6,11.5,10.2,4,False,13.1,6.7,9.9,2,False
SFBS,"ServisFirst Bancshares, Inc.",Financial Services,Banks - Regional,,14.5,,18.2,2.7,11.8,3,False,8.5,7.0,7.8,2,False
SFD,"Smithfield Foods, Inc.",Consumer Defensive,Packaged Foods,14.5,13.7,12.2,10.2,10.0,12.1,5,False,20.0,8.2,14.1,2,False
SFL,SFL Corporation Ltd.,Industrials,Marine Shipping,0.7,5.2,9.8,15.4,18.6,9.9,5,False,0.0,18.2,9.1,2,False
SFM,"Sprouts Farmers Market, Inc.",Consumer Defensive,Grocery Stores,3.6,18.8,9.8,9.2,10.7,10.4,5,False,13.6,1.6,7.6,2,False
SFNC,Simmons First National Corporation,Financial Services,Banks - Regional,,0.7,,5.9,9.9,5.5,3,False,,10.9,10.9,1,True
SGHC,Super Group (SGHC) Limited,Consumer Cyclical,Gambling,17.8,18.8,14.2,17.8,2.6,14.2,5,False,10.0,11.2,10.6,2,False
SGI,Somnigroup International Inc.,Consumer Cyclical,"Furnishings, Fixtures & Appliances",2.6,13.8,9.1,11.4,3.0,8.0,5,False,0.0,3.8,1.9,2,False
SGRY,"Surgery Partners, Inc.",Healthcare,Medical Care Facilities,5.1,8.8,9.5,9.2,,8.1,4,False,,1.3,1.3,1,True
SHAK,Shake Shack Inc.,Consumer Cyclical,Restaurants,10.6,8.2,6.7,5.5,,7.7,4,False,0.0,2.9,1.4,2,False
SHAZ,SharonAI Holdings Inc.,Technology,Information Technology Services,11.4,0.2,10.2,2.2,,6.0,4,False,,,,0,True
SHC,Sotera Health Company,Healthcare,Diagnostics & Research,5.2,18.1,7.3,17.2,2.8,10.1,5,False,8.7,11.0,9.8,2,False
SHLS,"Shoals Technologies Group, Inc.",Technology,Solar,7.6,6.8,2.4,10.0,5.9,6.5,5,False,8.1,5.9,7.0,2,False
SHO,"Sunstone Hotel Investors, Inc.",Real Estate,REIT - Hotel & Motel,15.6,5.6,6.6,5.0,16.1,9.8,5,False,0.0,16.5,8.2,2,False
SHOO,"Steven Madden, Ltd.",Consumer Cyclical,Footwear & Accessories,13.6,13.1,14.4,8.0,11.3,12.1,5,False,4.0,17.2,10.6,2,False
SHOP,Shopify Inc.,Technology,Software - Application,17.8,12.9,8.6,13.8,,13.3,4,False,0.0,7.0,3.5,2,False
SHOP.TO,Shopify Inc.,Technology,Software - Application,17.8,12.9,,13.8,,14.8,3,False,0.0,6.9,3.4,2,False
SHW,The Sherwin-Williams Company,Basic Materials,Specialty Chemicals,0.2,19.8,9.8,11.4,12.1,10.7,5,False,5.9,4.2,5.1,2,False
SIA.TO,Sienna Senior Living Inc.,Healthcare,Medical Care Facilities,1.5,10.1,4.4,11.9,14.5,8.5,5,False,0.0,10.2,5.1,2,False
SID,Companhia Siderúrgica Nacional,Basic Materials,Steel,1.9,1.8,,3.6,,2.4,3,False,,0.5,0.5,1,True
SIG,Signet Jewelers Limited,Consumer Cyclical,Luxury Goods,6.9,13.2,15.1,6.5,19.1,12.2,5,False,18.3,6.0,12.2,2,False
SIGI,"Selective Insurance Group, Inc.",Financial Services,Insurance - Property & Casualty,8.1,12.0,,3.8,5.8,7.4,4,False,11.6,8.8,10.2,2,False
SII,Sprott Inc.,Financial Services,Asset Management,16.4,18.1,,13.5,2.1,12.5,4,False,0.0,18.0,9.0,2,False
SII.TO,Sprott Inc.,Financial Services,Asset Management,16.4,18.1,,13.5,,16.0,3,False,0.0,18.0,9.0,2,False
SION,"Sionna Therapeutics, Inc.",Healthcare,Biotechnology,18.0,4.6,10.1,7.0,,9.9,4,False,,0.1,0.1,1,True
SIRI,Sirius XM Holdings Inc.,Communication Services,Entertainment,4.4,8.3,9.9,14.0,9.0,9.1,5,False,20.0,16.5,18.2,2,False
SITE,"SiteOne Landscape Supply, Inc.",Industrials,Industrial Distribution,7.7,8.3,10.4,8.4,6.5,8.3,5,False,6.9,1.9,4.4,2,False
SITM,SiTime Corporation,Technology,Semiconductors,11.0,4.5,8.3,8.2,,8.0,4,False,0.0,16.0,8.0,2,False
SJ.TO,Stella-Jones Inc.,Basic Materials,Lumber & Wood Production,7.4,12.2,11.1,9.1,15.0,11.0,5,False,15.2,1.9,8.5,2,False
SJM,The J. M. Smucker Company,Consumer Defensive,Packaged Foods,3.2,3.8,10.8,11.0,11.2,8.0,5,False,0.0,15.9,8.0,2,False
SKE,Skeena Resources Limited,Basic Materials,Other Industrial Metals & Mining,2.6,0.2,,3.2,,2.0,3,False,,17.2,17.2,1,True
SKE.TO,Skeena Resources Limited,Basic Materials,Other Industrial Metals & Mining,2.6,0.2,4.4,3.2,,2.6,4,False,,17.1,17.1,1,True
SKT,Tanger Inc.,Real Estate,REIT - Retail,5.0,17.9,11.0,11.8,4.4,10.0,5,False,0.0,14.5,7.2,2,False
SKWD,"Skyward Specialty Insurance Group, Inc.",Financial Services,Insurance - Property & Casualty,10.4,14.6,,4.4,,9.8,3,False,8.6,10.6,9.6,2,False
SKY,"Champion Homes, Inc.",Consumer Cyclical,Residential Construction,18.2,11.3,14.4,10.4,3.9,11.6,5,False,0.0,14.7,7.4,2,False
SKYW,"SkyWest, Inc.",Industrials,Airlines,3.9,12.7,8.2,12.4,14.4,10.3,5,False,11.2,5.4,8.3,2,False
SLAB,Silicon Laboratories Inc.,Technology,Semiconductors,17.5,3.2,8.4,3.2,7.5,8.0,5,False,,14.8,14.8,1,True
SLB,SLB N.V.,Energy,Oil & Gas Equipment & Services,10.0,10.8,11.6,8.0,8.9,9.9,5,False,9.4,15.9,12.6,2,False
SLBT,SL Science Holding Limited,Healthcare,Biotechnology,14.0,,9.4,1.8,,8.4,3,False,,0.1,0.1,1,True
SLDE,"Slide Insurance Holdings, Inc.",Financial Services,Insurance - Property & Casualty,13.0,19.7,,15.0,1.3,12.2,4,False,20.0,16.9,18.4,2,False
SLF,Sun Life Financial Inc.,Financial Services,Insurance - Diversified,14.0,10.8,,4.3,,9.7,3,False,3.3,14.2,8.8,2,False
SLF.TO,Sun Life Financial Inc.,Financial Services,Insurance - Diversified,14.0,10.8,,4.3,13.4,10.6,4,False,3.4,14.5,9.0,2,False
SLG,SL Green Realty Corp.,Real Estate,REIT - Office,7.5,1.6,10.6,4.4,13.5,7.5,5,False,,7.3,7.3,1,True
SLGN,Silgan Holdings Inc.,Consumer Cyclical,Packaging & Containers,6.2,10.6,8.7,9.4,8.9,8.8,5,False,12.1,9.7,10.9,2,False
SLM,SLM Corporation,Financial Services,Credit Services,7.6,18.5,,12.5,18.1,14.2,4,False,19.8,3.1,11.5,2,False
SLS,"SELLAS Life Sciences Group, Inc.",Healthcare,Biotechnology,19.0,3.8,9.4,7.0,,9.8,4,False,,20.0,20.0,1,True
SLVM,Sylvamo Corporation,Basic Materials,Paper & Paper Products,2.2,9.2,3.3,4.8,18.6,7.6,5,False,9.2,1.4,5.3,2,False
SM,SM Energy Company,Energy,Oil & Gas E&P,4.0,12.5,10.6,16.4,4.6,9.6,5,False,20.0,12.4,16.2,2,False
SMA,"SmartStop Self Storage REIT, Inc.",Real Estate,REIT - Industrial,7.3,5.1,10.2,8.4,17.0,9.6,5,False,0.0,5.0,2.5,2,False
SMCI,"Super Micro Computer, Inc.",Technology,Computer Hardware,9.6,15.2,3.2,10.1,3.2,8.3,5,False,17.3,3.0,10.2,2,False
SMG,The Scotts Miracle-Gro Company,Basic Materials,Agricultural Inputs,2.0,,9.4,7.8,15.5,8.7,4,False,1.8,6.5,4.2,2,False
SMMT,Summit Therapeutics Inc.,Healthcare,Biotechnology,15.7,0.6,9.2,7.0,,8.1,4,False,,1.5,1.5,1,True
SMR,NuScale Power Corporation,Industrials,Specialty Industrial Machinery,19.8,0.2,10.9,1.2,,8.0,4,False,,0.0,0.0,1,True
SMTC,Semtech Corporation,Technology,Semiconductors,4.9,15.8,6.6,13.2,,10.1,4,False,0.0,15.9,8.0,2,False
SN,"SharkNinja, Inc.",Consumer Cyclical,"Furnishings, Fixtures & Appliances",15.5,16.7,11.9,12.6,2.1,11.8,5,False,0.0,19.5,9.8,2,False
SNA,Snap-on Incorporated,Industrials,Tools & Accessories,16.8,14.3,16.6,17.8,14.2,15.9,5,False,13.1,10.9,12.0,2,False
SNAP,Snap Inc.,Communication Services,Internet Content & Information,10.0,1.8,10.2,3.0,10.3,7.1,5,False,,3.5,3.5,1,True
SNDA,"Sonida Senior Living, Inc.",Healthcare,Medical Care Facilities,1.4,5.4,7.1,3.8,3.7,4.3,5,False,,13.0,13.0,1,True
SNDK,Sandisk Corporation,Technology,Computer Hardware,15.4,19.6,11.1,19.8,5.6,14.3,5,False,6.9,20.0,13.4,2,False
SNDR,"Schneider National, Inc.",Industrials,Trucking,16.4,3.9,10.7,4.0,8.5,8.7,5,False,0.0,17.8,8.9,2,False
SNDX,"Syndax Pharmaceuticals, Inc.",Healthcare,Biotechnology,7.3,0.4,4.9,2.0,,3.6,4,False,,11.7,11.7,1,True
SNEX,StoneX Group Inc.,Financial Services,Capital Markets,5.4,16.6,,1.6,,7.9,3,False,8.4,17.3,12.8,2,False
SNN,Smith & Nephew plc,Healthcare,Medical Devices,5.3,13.8,10.8,14.2,15.7,12.0,5,False,15.2,3.2,9.2,2,False
SNOW,Snowflake Inc.,Technology,Software - Application,3.8,0.6,7.8,1.7,7.0,4.2,5,False,,13.2,13.2,1,True
SNPS,"Synopsys, Inc.",Technology,Software - Infrastructure,8.6,5.6,9.0,12.4,4.7,8.1,5,False,0.0,5.1,2.6,2,False
SNX,TD SYNNEX Corporation,Technology,Electronics & Computer Distribution,4.2,11.6,4.9,5.4,14.3,8.1,5,False,6.3,13.9,10.1,2,False
SNY,Sanofi,Healthcare,Drug Manufacturers - General,5.2,9.8,,14.6,,9.9,3,False,10.0,6.9,8.4,2,False
SO,The Southern Company,Utilities,Utilities - Regulated Electric,7.6,13.3,11.5,15.8,9.1,11.5,5,False,7.3,4.3,5.8,2,False
SOBO,South Bow Corporation,Energy,Oil & Gas Midstream,6.5,13.5,6.8,15.2,6.7,9.7,5,False,11.1,8.9,10.0,2,False
SOBO.TO,South Bow Corporation,Energy,Oil & Gas Midstream,6.5,13.5,,15.2,,11.7,3,False,11.2,9.4,10.3,2,False
SOFI,"SoFi Technologies, Inc.",Financial Services,Credit Services,8.9,3.6,,5.4,1.4,4.8,4,False,0.0,0.5,0.2,2,False
SOLS,"Solstice Advanced Materials, Inc.",Basic Materials,Specialty Chemicals,3.0,11.4,6.6,9.7,16.2,9.4,5,False,0.0,,0.0,1,True
SOLV,Solventum Corporation,Healthcare,Medical Instruments & Supplies,1.8,18.6,7.8,14.4,,10.6,4,False,20.0,11.6,15.8,2,False
SOMA3.SA,,,,,,,,,,0,True,,,,0,True
SON,Sonoco Products Company,Consumer Cyclical,Packaging & Containers,5.3,14.3,10.2,11.9,9.8,10.3,5,False,20.0,17.4,18.7,2,False
SONO,"Sonos, Inc.",Technology,Consumer Electronics,9.8,12.2,15.8,8.5,17.7,12.8,5,False,0.0,6.9,3.4,2,False
SOUN,"SoundHound AI, Inc.",Technology,Software - Application,18.0,1.0,8.4,0.9,,7.1,4,False,,0.2,0.2,1,True
SPB.TO,Superior Plus Corp.,Utilities,Utilities - Regulated Gas,11.6,1.6,,1.0,,4.7,3,False,0.0,3.1,1.6,2,False
SPCX,Space Exploration Technologies Corp.,Industrials,Aerospace & Defense,16.6,,17.8,1.1,0.4,9.0,4,False,,,,0,True
SPG,"Simon Property Group, Inc.",Real Estate,REIT - Retail,2.4,20.0,9.2,16.2,7.7,11.1,5,False,15.8,15.5,15.6,2,False
SPGI,S&P Global Inc.,Financial Services,Financial Data & Stock Exchanges,9.3,12.1,,12.8,10.7,11.2,4,False,7.1,3.1,5.1,2,False
SPH,"Suburban Propane Partners, L.P.",Utilities,Utilities - Regulated Gas,6.0,18.0,11.1,5.0,19.5,11.9,5,False,19.4,7.2,13.3,2,False
SPHR,Sphere Entertainment Co.,Communication Services,Entertainment,10.8,3.5,12.6,1.8,6.1,7.0,5,False,,19.5,19.5,1,True
SPNT,SiriusPoint Ltd.,Financial Services,Insurance - Reinsurance,8.6,17.0,,5.2,1.5,8.1,4,False,17.9,14.0,16.0,2,False
SPOT,Spotify Technology S.A.,Communication Services,Internet Content & Information,16.0,18.6,,13.2,,15.9,3,False,0.0,4.7,2.4,2,False
SPSC,"SPS Commerce, Inc.",Technology,Software - Application,15.5,8.5,14.6,12.2,10.6,12.3,5,False,4.4,3.8,4.1,2,False
SPXC,"SPX Technologies, Inc.",Industrials,Building Products & Equipment,12.7,12.2,11.2,14.0,,12.5,4,False,6.3,8.5,7.4,2,False
SQM,Sociedad Química y Minera de Chile S.A.,Basic Materials,Specialty Chemicals,9.9,16.2,15.2,16.2,10.2,13.5,5,False,17.1,17.7,17.4,2,False
SR,Spire Inc.,Utilities,Utilities - Regulated Gas,2.4,7.1,5.6,9.9,14.5,7.9,5,False,8.5,8.8,8.6,2,False
SRAD,Sportradar Group AG,Technology,Software - Application,9.8,4.8,,7.2,,7.3,3,False,0.0,0.3,0.2,2,False
SRCE,1st Source Corporation,Financial Services,Banks - Regional,,10.8,,16.2,5.0,10.7,3,False,11.6,16.0,13.8,2,False
SRE,Sempra,Utilities,Utilities - Diversified,7.8,5.1,6.2,16.0,12.5,9.5,5,False,1.5,3.4,2.4,2,False
SRPT,"Sarepta Therapeutics, Inc.",Healthcare,Biotechnology,7.8,6.7,7.6,8.6,5.3,7.2,5,False,,8.9,8.9,1,True
SRRK,Scholar Rock Holding Corporation,Healthcare,Biotechnology,9.8,0.8,8.2,7.0,,6.4,4,False,,15.0,15.0,1,True
SRU.UN.TO,,,,,,,,,,0,True,,,,0,True
SSB,SouthState Bank Corporation,Financial Services,Banks - Regional,,7.7,,15.0,6.8,9.8,3,False,13.3,6.9,10.1,2,False
SSD,"Simpson Manufacturing Co., Inc.",Basic Materials,Lumber & Wood Production,13.6,15.2,14.8,13.2,8.3,13.0,5,False,10.0,6.5,8.2,2,False
SSMR,Sunshine Silver Mining & Refining Company,Basic Materials,Other Industrial Metals & Mining,19.4,,18.8,2.0,,13.4,3,False,,,,0,True
SSNC,"SS&C Technologies Holdings, Inc.",Technology,Software - Application,1.7,11.2,8.8,15.0,16.5,10.6,5,False,14.7,6.1,10.4,2,False
SSRM,SSR Mining Inc.,Basic Materials,Gold,18.9,13.6,17.2,14.4,2.9,13.4,5,False,10.2,15.4,12.8,2,False
SSRM.TO,SSR Mining Inc.,Basic Materials,Gold,18.9,13.6,,14.4,,15.6,3,False,10.3,15.3,12.8,2,False
ST,Sensata Technologies Holding plc,Technology,Scientific & Technical Instruments,7.2,5.4,9.8,9.4,12.3,8.8,5,False,0.0,12.1,6.0,2,False
STAA,STAAR Surgical Company,Healthcare,Medical Instruments & Supplies,13.4,8.3,12.0,11.0,5.1,10.0,5,False,0.0,3.8,1.9,2,False
STAG,"STAG Industrial, Inc.",Real Estate,REIT - Industrial,11.7,9.7,12.0,13.2,7.4,10.8,5,False,4.2,12.3,8.2,2,False
STBA,"S&T Bancorp, Inc.",Financial Services,Banks - Regional,,6.9,,13.8,11.4,10.7,3,False,10.2,14.7,12.4,2,False
STC,Stewart Information Services Corporation,Financial Services,Insurance - Property & Casualty,12.0,6.4,,2.4,6.9,6.9,4,False,5.6,3.1,4.4,2,False
STDN,"Standard Nuclear, Inc.",Basic Materials,Specialty Chemicals,19.0,,16.7,0.4,,12.0,3,False,,,,0,True
STE,STERIS plc,Healthcare,Medical Devices,8.2,13.3,10.4,15.7,9.4,11.4,5,False,8.7,5.8,7.2,2,False
STEP,StepStone Group Inc.,Financial Services,Asset Management,5.8,0.3,,0.4,3.1,2.4,4,False,,1.4,1.4,1,True
STGW,Stagwell Inc.,Communication Services,Advertising Agencies,3.4,5.4,9.0,4.8,15.2,7.6,5,False,0.0,18.9,9.4,2,False
STLA,Stellantis N.V.,Consumer Cyclical,Auto Manufacturers,8.9,0.7,,1.6,,3.7,3,False,,1.0,1.0,1,True
STLD,"Steel Dynamics, Inc.",Basic Materials,Steel,9.3,14.8,8.1,9.0,13.9,11.0,5,False,6.6,16.8,11.7,2,False
STM,STMicroelectronics N.V.,Technology,Semiconductors,12.6,5.1,8.4,7.2,9.1,8.5,5,False,,15.6,15.6,1,True
STN,Stantec Inc.,Industrials,Engineering & Construction,10.8,12.9,,11.0,,11.6,3,False,4.9,1.0,3.0,2,False
STN.TO,Stantec Inc.,Industrials,Engineering & Construction,10.8,12.9,12.0,11.0,4.9,10.3,5,False,5.1,1.0,3.0,2,False
STNE,StoneCo Ltd.,Technology,Software - Infrastructure,4.5,17.8,,18.3,,13.5,3,False,20.0,1.1,10.6,2,False
STNG,Scorpio Tankers Inc.,Energy,Oil & Gas Midstream,17.6,16.6,17.2,18.9,18.6,17.8,5,False,20.0,10.0,15.0,2,False
STOK,"Stoke Therapeutics, Inc.",Healthcare,Biotechnology,17.0,2.4,8.8,4.3,,8.1,4,False,,12.7,12.7,1,True
STRA,"Strategic Education, Inc.",Consumer Defensive,Education & Training Services,15.4,7.5,15.4,14.8,15.5,13.7,5,False,13.4,8.4,10.9,2,False
STRL,"Sterling Infrastructure, Inc.",Industrials,Engineering & Construction,12.4,18.8,12.6,15.3,2.4,12.3,5,False,0.0,15.2,7.6,2,False
STT,State Street Corporation,Financial Services,Asset Management,,10.0,,8.1,16.7,11.6,3,False,6.3,18.5,12.4,2,False
STUB,"StubHub Holdings, Inc.",Communication Services,Internet Content & Information,8.6,0.2,19.2,2.8,0.6,6.3,5,False,,,,0,True
STVN,Stevanato Group S.p.A.,Healthcare,Medical Instruments & Supplies,7.6,11.7,,15.0,,11.4,3,False,8.8,3.6,6.2,2,False
STWD,"Starwood Property Trust, Inc.",Real Estate,REIT - Mortgage,10.5,7.0,2.3,7.6,18.6,9.2,5,False,0.0,4.4,2.2,2,False
STX,Seagate Technology Holdings plc,Technology,Computer Hardware,4.2,20.0,7.0,18.5,3.9,10.7,5,False,0.0,19.1,9.6,2,False
STZ,"Constellation Brands, Inc.",Consumer Defensive,Beverages - Brewers,2.8,17.1,10.6,19.2,16.0,13.1,5,False,16.1,8.7,12.4,2,False
SU,Suncor Energy Inc.,Energy,Oil & Gas Integrated,12.4,13.9,,12.0,,12.8,3,False,9.6,13.6,11.6,2,False
SU.TO,Suncor Energy Inc.,Energy,Oil & Gas Integrated,12.4,13.9,15.4,12.0,13.3,13.4,5,False,9.7,14.0,11.8,2,False
SUI,"Sun Communities, Inc.",Real Estate,REIT - Residential,9.8,4.4,17.1,4.8,13.1,9.8,5,False,0.0,6.9,3.4,2,False
SULA11.SA,,,,,,,,,,0,True,,,,0,True
SUNB,"Sunbelt Rentals Holdings, Inc.",Industrials,Rental & Leasing Services,4.2,14.0,10.8,15.0,15.3,11.9,5,False,7.4,,7.4,1,True
SUPN,"Supernus Pharmaceuticals, Inc.",Healthcare,Drug Manufacturers - Specialty & Generic,12.3,6.5,14.0,4.1,,9.2,4,False,,5.4,5.4,1,True
SUZB3.SA,Suzano S.A.,Basic Materials,Paper & Paper Products,8.2,14.8,3.6,13.5,10.3,10.1,5,False,20.0,2.8,11.4,2,False
SVM,Silvercorp Metals Inc.,Basic Materials,Silver,16.2,9.5,12.8,14.0,1.2,10.7,5,False,0.0,18.3,9.2,2,False
SVM.TO,Silvercorp Metals Inc.,Basic Materials,Silver,16.2,9.5,,14.0,,13.2,3,False,0.0,18.2,9.1,2,False
SVRA,Savara Inc.,Healthcare,Biotechnology,14.1,1.2,8.6,7.0,4.4,7.1,5,False,,14.9,14.9,1,True
SVV,"Savers Value Village, Inc.",Consumer Cyclical,Specialty Retail,3.5,6.2,5.0,7.6,13.0,7.1,5,False,0.0,3.9,2.0,2,False
SW,Smurfit Westrock Plc,Consumer Cyclical,Packaging & Containers,10.0,4.1,8.4,5.2,5.4,6.6,5,False,0.0,14.1,7.0,2,False
SWK,"Stanley Black & Decker, Inc.",Industrials,Tools & Accessories,5.4,5.6,11.8,6.6,14.1,8.7,5,False,9.5,14.4,12.0,2,False
SWKS,"Skyworks Solutions, Inc.",Technology,Semiconductors,11.6,6.6,11.7,9.3,18.2,11.5,5,False,8.7,5.2,7.0,2,False
SWX,"Southwest Gas Holdings, Inc.",Utilities,Utilities - Regulated Gas,14.2,5.2,13.0,15.5,7.0,11.0,5,False,3.5,14.5,9.0,2,False
SXI,Standex International Corporation,Industrials,Specialty Industrial Machinery,11.9,13.9,13.2,14.4,5.6,11.8,5,False,7.4,15.1,11.2,2,False
SXT,Sensient Technologies Corporation,Basic Materials,Specialty Chemicals,8.8,12.5,7.3,10.6,6.2,9.1,5,False,1.1,13.8,7.4,2,False
SYBT,"Stock Yards Bancorp, Inc.",Financial Services,Banks - Regional,,11.1,,14.6,3.4,9.7,3,False,6.4,8.8,7.6,2,False
SYF,Synchrony Financial,Financial Services,Credit Services,,16.2,,14.9,17.7,16.3,3,False,18.6,7.4,13.0,2,False
SYK,Stryker Corporation,Healthcare,Medical Devices,5.8,15.4,10.1,16.5,7.3,11.0,5,False,5.6,4.6,5.1,2,False
SYM,Symbotic Inc.,Industrials,Specialty Industrial Machinery,14.9,4.1,13.0,3.3,,8.8,4,False,0.0,1.6,0.8,2,False
SYNA,Synaptics Incorporated,Technology,Semiconductors,4.3,0.8,8.4,2.2,10.9,5.3,5,False,,12.7,12.7,1,True
SYRE,"Spyre Therapeutics, Inc.",Healthcare,Biotechnology,18.8,5.5,11.0,7.0,,10.6,4,False,,19.7,19.7,1,True
SYY,Sysco Corporation,Consumer Defensive,Food Distribution,5.5,19.5,8.4,5.2,13.0,10.3,5,False,10.0,9.6,9.8,2,False
T.TO,TELUS Corporation,Communication Services,Telecom Services,2.8,3.1,9.2,7.0,14.8,7.4,5,False,,2.6,2.6,1,True
TA.TO,TransAlta Corporation,Utilities,Utilities - Independent Power Producers,7.9,0.9,13.8,9.4,15.6,9.5,5,False,,2.2,2.2,1,True
TAC,TransAlta Corporation,Utilities,Utilities - Independent Power Producers,7.9,0.9,,9.4,,6.1,3,False,,1.8,1.8,1,True
TAEE11.SA,Transmissora Aliança de Energia Elétrica S.A.,Utilities,Utilities - Regulated Electric,14.8,18.5,17.8,19.8,5.7,15.3,5,False,0.0,14.2,7.1,2,False
TALO,Talos Energy Inc.,Energy,Oil & Gas E&P,10.2,1.1,13.8,6.5,5.9,7.5,5,False,,16.1,16.1,1,True
TAP,Molson Coors Beverage Company,Consumer Defensive,Beverages - Brewers,8.9,0.5,10.4,5.4,19.0,8.8,5,False,,6.3,6.3,1,True
TARS,"Tarsus Pharmaceuticals, Inc.",Healthcare,Biotechnology,11.3,6.3,11.9,4.0,,8.4,4,False,,11.6,11.6,1,True
TBBB,BBB Foods Inc.,Consumer Defensive,Discount Stores,2.7,0.1,,1.2,,1.3,3,False,,19.5,19.5,1,True
TBBK,"The Bancorp, Inc.",Financial Services,Banks - Regional,,18.5,,17.2,18.0,17.9,3,False,11.1,1.6,6.4,2,False
TBLA,Taboola.com Ltd.,Communication Services,Internet Content & Information,11.8,11.4,15.2,6.7,19.0,12.8,5,False,18.7,13.1,15.9,2,False
TCBI,"Texas Capital Bancshares, Inc.",Financial Services,Banks - Regional,,7.1,,10.6,8.5,8.7,3,False,11.1,9.0,10.0,2,False
TCBK,TriCo Bancshares,Financial Services,Banks - Regional,,7.5,,12.6,9.3,9.8,3,False,10.7,11.4,11.0,2,False
TCL.A.TO,,,,,,,,,,0,True,,,,0,True
TD,The Toronto-Dominion Bank,Financial Services,Banks - Diversified,,10.5,,10.2,,10.4,2,True,5.9,17.4,11.6,2,False
TD.TO,The Toronto-Dominion Bank,Financial Services,Banks - Diversified,,10.5,,10.2,17.9,12.9,3,False,6.0,17.6,11.8,2,False
TDAY,"USA TODAY Co., Inc.",Communication Services,Publishing,2.5,1.4,8.5,4.8,1.9,3.8,5,False,,18.7,18.7,1,True
TDC,Teradata Corporation,Technology,Software - Infrastructure,8.2,19.8,18.2,14.2,18.3,15.7,5,False,20.0,12.0,16.0,2,False
TDG,TransDigm Group Incorporated,Industrials,Aerospace & Defense,16.7,,5.7,19.0,17.6,14.8,4,False,11.8,4.2,8.0,2,False
TDOC,"Teladoc Health, Inc.",Healthcare,Health Information Services,3.5,6.3,11.8,4.2,,6.4,4,False,,3.3,3.3,1,True
TDTH,Trident Digital Tech Holdings Ltd,Technology,Information Technology Services,0.1,,6.3,2.2,0.2,2.2,4,False,,0.0,0.0,1,True
TDW,Tidewater Inc.,Energy,Oil & Gas Equipment & Services,14.4,14.1,16.4,7.4,3.1,11.1,5,False,15.9,15.7,15.8,2,False
TDY,Teledyne Technologies Incorporated,Technology,Scientific & Technical Instruments,10.0,9.2,8.2,14.6,7.0,9.8,5,False,10.9,7.9,9.4,2,False
TE,T1 Energy Inc.,Industrials,Electrical Equipment & Parts,1.0,0.0,2.1,0.8,,1.0,4,False,,19.1,19.1,1,True
TEAM,Atlassian Corporation,Technology,Software - Application,3.4,3.0,10.0,7.2,11.2,7.0,5,False,,10.6,10.6,1,True
TECH,Bio-Techne Corporation,Healthcare,Biotechnology,12.2,11.5,9.8,16.7,9.2,11.9,5,False,0.0,12.5,6.2,2,False
TECK,Teck Resources Limited,Basic Materials,Copper,12.8,9.9,,15.4,,12.7,3,False,9.4,15.6,12.5,2,False
TECK.B.TO,,,,,,,,,,0,True,,,,0,True
TEL,TE Connectivity plc,Technology,Electronic Components,7.4,15.7,8.8,14.8,14.2,12.2,5,False,15.3,6.1,10.7,2,False
TEN,Tsakos Energy Navigation Limited,Energy,Oil & Gas Midstream,4.0,9.8,0.5,15.4,17.9,9.5,5,False,20.0,17.9,19.0,2,False
TENB,"Tenable Holdings, Inc.",Technology,Software - Infrastructure,1.8,5.0,11.6,5.5,13.5,7.5,5,False,0.0,11.6,5.8,2,False
TER,"Teradyne, Inc.",Technology,Semiconductor Equipment & Materials,13.3,18.0,7.4,18.0,7.3,12.8,5,False,10.0,17.8,13.9,2,False
TEX,Terex Corporation,Industrials,Farm & Heavy Construction Machinery,8.1,4.0,8.0,5.7,7.3,6.6,5,False,4.1,12.9,8.5,2,False
TFC,Truist Financial Corporation,Financial Services,Banks - Regional,,5.7,,11.8,17.3,11.6,3,False,12.4,8.3,10.4,2,False
TFII,TFI International Inc.,Industrials,Trucking,6.4,10.6,11.2,7.0,13.8,9.8,5,False,11.7,17.1,14.4,2,False
TFII.TO,TFI International Inc.,Industrials,Trucking,6.4,10.6,,7.0,,8.0,3,False,11.7,17.1,14.4,2,False
TFIN,"Triumph Financial, Inc.",Financial Services,Banks - Regional,,2.2,,5.2,4.5,4.0,3,False,0.0,16.0,8.0,2,False
TFPM,Triple Flag Precious Metals Corp.,Basic Materials,Other Precious Metals & Mining,14.5,15.6,7.0,19.5,3.9,12.1,5,False,9.5,8.1,8.8,2,False
TFPM.TO,Triple Flag Precious Metals Corp.,Basic Materials,Other Precious Metals & Mining,14.5,15.6,,19.5,,16.5,3,False,9.6,7.9,8.8,2,False
TFX,Teleflex Incorporated,Healthcare,Medical Instruments & Supplies,3.6,8.0,7.2,7.8,15.4,8.4,5,False,,10.5,10.5,1,True
TGB,Trekor Metals Limited,Basic Materials,Copper,3.4,5.2,,8.6,,5.7,3,False,0.0,18.9,9.4,2,False
TGLS,Tecnoglass Holdings Inc.,Basic Materials,Building Materials,9.7,14.5,7.4,10.4,13.5,11.1,5,False,15.8,0.2,8.0,2,False
TGS,Transportadora de Gas del Sur S.A.,Energy,Oil & Gas Integrated,14.9,12.4,,15.4,,14.2,3,False,9.6,9.0,9.3,2,False
TGT,Target Corporation,Consumer Defensive,Discount Stores,3.4,17.6,9.6,7.2,8.2,9.2,5,False,11.7,19.7,15.7,2,False
TGTX,"TG Therapeutics, Inc.",Healthcare,Biotechnology,7.2,19.7,8.4,15.7,5.5,11.3,5,False,14.2,14.8,14.5,2,False
TH,Target Hospitality Corp.,Industrials,Specialty Business Services,9.4,1.1,9.2,1.1,3.7,4.9,5,False,,19.3,19.3,1,True
THC,Tenet Healthcare Corporation,Healthcare,Medical Care Facilities,3.8,18.9,10.3,15.0,14.9,12.6,5,False,20.0,12.5,16.2,2,False
THG,"The Hanover Insurance Group, Inc.",Financial Services,Insurance - Property & Casualty,8.2,16.7,,4.4,5.1,8.6,4,False,12.4,12.2,12.3,2,False
THO,"THOR Industries, Inc.",Consumer Cyclical,Recreational Vehicles,13.1,6.5,11.1,4.7,9.3,8.9,5,False,12.5,3.1,7.8,2,False
THRM,Gentherm Incorporated,Consumer Cyclical,Auto Parts,14.6,4.9,14.3,6.2,10.1,10.0,5,False,0.0,14.5,7.2,2,False
TIC,"TIC Solutions, Inc.",Industrials,Specialty Business Services,12.7,1.3,3.2,1.8,14.5,6.7,5,False,,1.2,1.2,1,True
TIH.TO,Toromont Industries Ltd.,Industrials,Industrial Distribution,15.3,13.0,14.6,12.6,7.5,12.6,5,False,3.5,14.0,8.8,2,False
TILE,"Interface, Inc.",Consumer Cyclical,"Furnishings, Fixtures & Appliances",14.0,15.8,12.8,15.5,1.2,11.9,5,False,11.3,17.2,14.2,2,False
TIMS3.SA,TIM S.A.,Communication Services,Telecom Services,7.0,13.7,11.0,16.0,16.1,12.8,5,False,18.0,5.5,11.8,2,False
TJX,"The TJX Companies, Inc.",Consumer Cyclical,Apparel Retail,5.5,19.2,11.5,12.7,5.8,10.9,5,False,0.0,8.5,4.2,2,False
TKO,"TKO Group Holdings, Inc.",Communication Services,Entertainment,7.6,7.8,7.2,12.6,4.8,8.0,5,False,0.0,7.2,3.6,2,False
TKO.TO,Trekor Metals Limited,Basic Materials,Copper,3.4,5.2,5.8,8.6,,5.8,4,False,0.0,18.8,9.4,2,False
TKR,The Timken Company,Industrials,Tools & Accessories,11.9,6.9,10.5,9.6,11.2,10.0,5,False,1.5,17.7,9.6,2,False
TLEVISACPO.MX,"Grupo Televisa, S.A.B.",Communication Services,Telecom Services,11.8,2.8,9.9,4.6,16.5,9.1,5,False,,7.8,7.8,1,True
TLN,Talen Energy Corporation,Utilities,Utilities - Independent Power Producers,4.6,0.4,16.0,0.8,17.1,7.8,5,False,,1.0,1.0,1,True
TM,Toyota Motor Corporation,Consumer Cyclical,Auto Manufacturers,9.8,11.2,,10.8,,10.6,3,False,20.0,11.0,15.5,2,False
TMC,TMC the metals company Inc.,Basic Materials,Other Industrial Metals & Mining,13.7,0.0,11.5,3.2,,7.1,4,False,,0.8,0.8,1,True
TMDX,"TransMedics Group, Inc.",Healthcare,Medical Devices,8.1,18.8,7.8,15.7,,12.6,4,False,12.9,2.5,7.7,2,False
TMO,Thermo Fisher Scientific Inc.,Healthcare,Diagnostics & Research,4.4,14.4,8.4,15.8,9.8,10.6,5,False,8.6,12.0,10.3,2,False
TMP,Tompkins Financial Corporation,Financial Services,Banks - Regional,,16.0,,14.6,7.1,12.6,3,False,18.0,17.1,17.6,2,False
TNC,Tennant Company,Industrials,Specialty Industrial Machinery,9.8,3.5,10.0,4.0,16.7,8.8,5,False,0.0,3.7,1.8,2,False
TNDM,"Tandem Diabetes Care, Inc.",Healthcare,Medical Devices,5.2,3.0,4.2,4.3,,4.2,4,False,,16.5,16.5,1,True
TNET,"TriNet Group, Inc.",Industrials,Staffing & Employment Services,0.4,19.9,13.2,5.4,19.8,11.7,5,False,9.3,9.0,9.2,2,False
TNGX,"Tango Therapeutics, Inc.",Healthcare,Biotechnology,18.4,5.6,12.0,1.2,,9.3,4,False,,18.5,18.5,1,True
TNK,Teekay Tankers Ltd.,Energy,Oil & Gas Midstream,19.4,17.7,17.8,17.6,5.7,15.6,5,False,20.0,16.3,18.2,2,False
TNL,Travel + Leisure Co.,Consumer Cyclical,Travel Services,18.9,,10.2,13.7,17.7,15.1,4,False,8.2,15.1,11.6,2,False
TOL,"Toll Brothers, Inc.",Consumer Cyclical,Residential Construction,9.1,12.2,11.8,14.5,12.4,12.0,5,False,12.0,11.7,11.8,2,False
TOP,TOP Financial Group Limited,Financial Services,Capital Markets,16.0,1.0,,0.5,,5.8,3,False,,19.9,19.9,1,True
TOST,"Toast, Inc.",Technology,Software - Infrastructure,12.3,16.2,12.2,8.8,3.3,10.6,5,False,2.6,5.9,4.2,2,False
TOTS3.SA,TOTVS S.A.,Technology,Software - Application,7.4,13.6,7.5,15.4,12.9,11.4,5,False,15.4,3.1,9.2,2,False
TOU.TO,Tourmaline Oil Corp.,Energy,Oil & Gas E&P,9.8,4.0,2.6,8.9,16.3,8.3,5,False,0.0,2.8,1.4,2,False
TOWN,TowneBank,Financial Services,Banks - Regional,,9.6,,14.4,5.1,9.7,3,False,3.3,8.0,5.6,2,False
TPB,"Turning Point Brands, Inc.",Consumer Defensive,Tobacco,14.4,15.3,8.9,8.9,1.5,9.8,5,False,0.0,3.1,1.6,2,False
TPC,Tutor Perini Corporation,Industrials,Engineering & Construction,11.6,11.5,19.0,5.2,0.4,9.5,5,False,0.0,14.7,7.4,2,False
TPG,TPG Inc.,Financial Services,Asset Management,11.5,15.2,,4.3,14.3,11.3,4,False,0.0,3.8,1.9,2,False
TPL,Texas Pacific Land Corporation,Energy,Oil & Gas E&P,19.0,18.7,11.5,19.7,2.0,14.2,5,False,0.0,5.3,2.6,2,False
TPR,"Tapestry, Inc.",Consumer Cyclical,Luxury Goods,7.2,19.9,13.2,17.6,11.8,13.9,5,False,13.1,13.0,13.0,2,False
TPZ.TO,Topaz Energy Corp.,Energy,Oil & Gas Midstream,16.1,,12.7,16.2,9.3,13.6,4,False,0.0,7.3,3.6,2,False
TR,"Tootsie Roll Industries, Inc.",Consumer Defensive,Confectioners,18.2,9.3,11.0,13.0,3.8,11.1,5,False,5.0,9.7,7.4,2,False
TRAX,"First Tracks Biotherapeutics, Inc.",Healthcare,Biotechnology,17.4,,14.2,7.0,,12.9,3,False,,,,0,True
TREX,"Trex Company, Inc.",Industrials,Building Products & Equipment,8.2,14.2,9.4,16.1,6.8,10.9,5,False,12.3,4.0,8.2,2,False
TRGP,Targa Resources Corp.,Energy,Oil & Gas Midstream,2.5,19.6,6.4,11.4,4.3,8.8,5,False,0.0,16.0,8.0,2,False
TRI,Thomson Reuters Corporation,Industrials,Specialty Business Services,7.5,11.8,14.0,18.3,16.5,13.6,5,False,4.9,1.4,3.2,2,False
TRI.TO,Thomson Reuters Corporation,Industrials,Specialty Business Services,7.5,11.8,,18.3,,12.5,3,False,5.1,1.3,3.2,2,False
TRIN,Trinity Capital Inc.,Financial Services,Asset Management,10.0,10.5,,18.2,15.6,13.6,4,False,15.4,14.5,15.0,2,False
TRIP,"Tripadvisor, Inc.",Consumer Cyclical,Travel Services,10.1,2.9,8.6,6.6,19.6,9.6,5,False,,0.9,0.9,1,True
TRLV,Trulieve Cannabis Corp.,Healthcare,Drug Manufacturers - Specialty & Generic,8.8,3.1,12.6,7.6,0.8,6.6,5,False,,13.9,13.9,1,True
TRMB,Trimble Inc.,Technology,Scientific & Technical Instruments,6.0,3.6,9.6,7.6,12.5,7.9,5,False,,2.2,2.2,1,True
TRMD,TORM plc,Energy,Oil & Gas Midstream,14.0,17.3,8.0,17.6,19.7,15.3,5,False,20.0,15.4,17.7,2,False
TRMK,Trustmark Corporation,Financial Services,Banks - Regional,,8.5,,10.6,8.4,9.2,3,False,12.6,9.8,11.2,2,False
TRN,"Trinity Industries, Inc.",Industrials,Railroads,3.8,17.8,0.6,13.8,17.3,10.7,5,False,20.0,8.9,14.4,2,False
TRNO,Terreno Realty Corporation,Real Estate,REIT - Industrial,13.9,12.6,12.8,16.2,3.5,11.8,5,False,14.3,16.0,15.2,2,False
TROW,"T. Rowe Price Group, Inc.",Financial Services,Asset Management,17.5,15.6,,9.8,15.8,14.7,4,False,14.6,8.2,11.4,2,False
TROX,Tronox Holdings plc,Basic Materials,Chemicals,1.5,0.5,1.4,1.2,18.3,4.6,5,False,,12.0,12.0,1,True
TRP,TC Energy Corporation,Energy,Oil & Gas Midstream,1.8,10.0,,15.2,,9.0,3,False,2.4,4.2,3.3,2,False
TRP.TO,TC Energy Corporation,Energy,Oil & Gas Midstream,1.8,10.0,4.8,15.2,9.4,8.2,5,False,2.6,4.6,3.6,2,False
TRS,TriMas Corporation,Consumer Cyclical,Packaging & Containers,17.2,8.0,19.6,13.7,8.8,13.5,5,False,9.5,10.3,9.9,2,False
TRU,TransUnion,Financial Services,Financial Data & Stock Exchanges,9.6,13.1,,6.1,2.3,7.8,4,False,11.2,4.9,8.0,2,False
TRUP,"Trupanion, Inc.",Financial Services,Insurance - Property & Casualty,13.6,3.0,,1.8,0.9,4.8,4,False,0.0,0.5,0.2,2,False
TRV,"The Travelers Companies, Inc.",Financial Services,Insurance - Property & Casualty,7.8,17.8,,6.8,8.8,10.3,4,False,14.0,13.9,14.0,2,False
TRVI,"Trevi Therapeutics, Inc.",Healthcare,Biotechnology,19.6,5.7,10.6,7.0,,10.7,4,False,,16.6,16.6,1,True
TSAT,Telesat Corporation,Technology,Communication Equipment,0.4,0.3,,1.4,,0.7,3,False,,14.4,14.4,1,True
TSCO,Tractor Supply Company,Consumer Cyclical,Specialty Retail,1.6,18.2,6.2,11.6,12.7,10.1,5,False,8.8,1.5,5.2,2,False
TSEM,Tower Semiconductor Ltd.,Technology,Semiconductors,16.8,9.4,9.4,14.9,,12.6,4,False,0.0,18.3,9.2,2,False
TSHA,"Taysha Gene Therapies, Inc.",Healthcare,Biotechnology,15.8,3.2,10.5,3.9,,8.4,4,False,,16.1,16.1,1,True
TSLA,"Tesla, Inc.",Consumer Cyclical,Auto Manufacturers,16.3,5.6,10.8,4.6,,9.3,4,False,0.0,4.8,2.4,2,False
TSLX,"Sixth Street Specialty Lending, Inc.",Financial Services,Asset Management,11.7,2.8,,13.4,18.5,11.6,4,False,3.1,1.8,2.4,2,False
TSM,Taiwan Semiconductor Manufacturing Company Limited,Technology,Semiconductors,13.5,18.3,,19.6,,17.1,3,False,12.4,13.4,12.9,2,False
TSN,"Tyson Foods, Inc.",Consumer Defensive,Farm Products,8.8,3.2,9.4,3.0,12.5,7.4,5,False,2.0,10.6,6.3,2,False
TSU.TO,Trisura Group Ltd.,Financial Services,Insurance - Specialty,16.6,14.3,,2.4,0.8,8.5,4,False,4.6,6.7,5.6,2,False
TT,Trane Technologies plc,Industrials,Building Products & Equipment,7.6,18.5,12.9,15.3,9.7,12.8,5,False,7.2,8.6,7.9,2,False
TTAM,Titan America SA,Basic Materials,Building Materials,8.0,14.7,10.4,10.4,8.9,10.5,5,False,13.8,4.7,9.2,2,False
TTAN,"ServiceTitan, Inc.",Technology,Software - Application,17.2,2.3,10.2,2.3,8.6,8.1,5,False,,6.6,6.6,1,True
TTC,The Toro Company,Industrials,Tools & Accessories,5.3,16.5,14.4,11.2,14.8,12.4,5,False,6.8,14.0,10.4,2,False
TTD,"The Trade Desk, Inc.",Communication Services,Advertising Agencies,14.8,12.7,16.2,12.6,17.4,14.7,5,False,15.7,0.2,8.0,2,False
TTE,TotalEnergies SE,Energy,Oil & Gas Integrated,7.0,12.1,13.0,8.4,18.1,11.7,5,False,11.9,11.7,11.8,2,False
TTEK,"Tetra Tech, Inc.",Industrials,Engineering & Construction,10.2,16.6,13.0,12.5,7.9,12.0,5,False,5.9,9.4,7.6,2,False
TTI,"TETRA Technologies, Inc.",Energy,Oil & Gas Equipment & Services,12.1,3.8,10.2,4.4,,7.6,4,False,0.0,5.0,2.5,2,False
TTMI,"TTM Technologies, Inc.",Technology,Electronic Components,8.2,11.8,4.8,9.9,2.8,7.5,5,False,0.0,16.7,8.4,2,False
TTWO,"Take-Two Interactive Software, Inc.",Communication Services,Electronic Gaming & Multimedia,7.2,2.7,10.3,3.6,,6.0,4,False,,5.9,5.9,1,True
TV,"Grupo Televisa, S.A.B.",Communication Services,Telecom Services,11.8,2.8,,4.6,,6.4,3,False,,10.4,10.4,1,True
TVE.TO,Tamarack Valley Energy Ltd.,Energy,Oil & Gas E&P,16.7,3.4,16.6,11.2,8.1,11.2,5,False,0.0,19.3,9.6,2,False
TVK.TO,TerraVest Industries Inc.,Energy,Oil & Gas Equipment & Services,3.4,11.1,5.6,5.6,1.0,5.3,5,False,8.8,0.8,4.8,2,False
TVTX,"Travere Therapeutics, Inc.",Healthcare,Biotechnology,6.2,0.6,8.0,6.4,,5.3,4,False,,18.6,18.6,1,True
TW,Tradeweb Markets Inc.,Financial Services,Capital Markets,18.2,12.3,,14.4,1.7,11.6,4,False,1.0,3.5,2.2,2,False
TWFG,"TWFG, Inc.",Financial Services,Insurance Brokers,16.5,15.6,,4.1,13.9,12.5,4,False,0.0,5.8,2.9,2,False
TWLO,Twilio Inc.,Technology,Software - Infrastructure,15.6,12.0,11.2,12.4,13.9,13.0,5,False,8.8,17.5,13.2,2,False
TWO,Two Harbors Investment Corp,Real Estate,REIT - Mortgage,2.0,2.2,1.6,9.0,20.0,7.0,5,False,,,,0,True
TWST,Twist Bioscience Corporation,Healthcare,Biotechnology,10.1,4.8,8.2,2.9,1.9,5.6,5,False,,19.6,19.6,1,True
TXG,"10x Genomics, Inc.",Healthcare,Medical Devices,14.2,6.7,11.6,3.7,,9.0,4,False,,19.7,19.7,1,True
TXG.TO,Torex Gold Resources Inc.,Basic Materials,Gold,10.8,17.9,,16.5,,15.1,3,False,19.3,8.6,14.0,2,False
TXN,Texas Instruments Incorporated,Technology,Semiconductors,10.4,17.9,6.9,18.8,12.0,13.2,5,False,8.0,13.1,10.6,2,False
TXNM,"TXNM Energy, Inc.",Utilities,Utilities - Regulated Electric,4.8,4.3,5.0,9.2,6.8,6.0,5,False,0.0,9.7,4.8,2,False
TXRH,"Texas Roadhouse, Inc.",Consumer Cyclical,Restaurants,6.6,16.7,9.9,10.2,4.3,9.5,5,False,3.5,15.3,9.4,2,False
TXT,Textron Inc.,Industrials,Aerospace & Defense,6.9,10.3,9.6,8.2,18.5,10.7,5,False,20.0,5.7,12.8,2,False
TY,Tri-Continental Corporation,Financial Services,Asset Management,18.0,10.8,,19.6,,16.1,3,False,19.9,6.9,13.4,2,False
TYL,"Tyler Technologies, Inc.",Technology,Software - Application,8.9,9.4,9.6,12.9,3.9,8.9,5,False,0.0,1.9,1.0,2,False
TYRA,"Tyra Biosciences, Inc.",Healthcare,Biotechnology,17.8,3.3,10.8,7.0,1.3,8.0,5,False,,16.2,16.2,1,True
U,Unity Software Inc.,Technology,Software - Application,9.4,1.6,10.0,2.2,4.5,5.5,5,False,,7.9,7.9,1,True
UA,"Under Armour, Inc.",Consumer Cyclical,Apparel Manufacturing,9.4,0.6,8.8,1.2,6.0,5.2,5,False,,10.8,10.8,1,True
UAA,"Under Armour, Inc.",Consumer Cyclical,Apparel Manufacturing,9.4,0.6,8.8,1.2,5.7,5.1,5,False,,10.4,10.4,1,True
UAL,"United Airlines Holdings, Inc.",Industrials,Airlines,2.8,16.3,6.1,6.4,4.4,7.2,5,False,10.0,10.1,10.0,2,False
UBER,"Uber Technologies, Inc.",Technology,Software - Application,4.6,18.1,9.8,13.2,10.1,11.2,5,False,19.4,2.9,11.1,2,False
UBS,UBS Group AG,Financial Services,Banks - Diversified,,7.9,,7.8,2.8,6.2,3,False,5.0,15.4,10.2,2,False
UBSI,"United Bankshares, Inc.",Financial Services,Banks - Regional,,6.2,,16.4,10.5,11.0,3,False,10.8,13.1,12.0,2,False
UCB,"United Community Banks, Inc.",Financial Services,Banks - Regional,,7.4,,14.8,11.0,11.1,3,False,12.9,8.5,10.7,2,False
UCTT,"Ultra Clean Holdings, Inc.",Technology,Semiconductor Equipment & Materials,5.2,3.7,2.6,4.8,4.0,4.1,5,False,,17.7,17.7,1,True
UDR,"UDR, Inc.",Real Estate,REIT - Residential,2.3,16.5,11.4,10.7,9.6,10.1,5,False,14.8,9.6,12.2,2,False
UE,Urban Edge Properties,Real Estate,REIT - Retail,7.1,7.9,11.8,10.6,5.0,8.5,5,False,0.0,11.7,5.8,2,False
UEC,Uranium Energy Corp.,Energy,Uranium,19.8,2.1,11.8,1.4,,8.8,4,False,,1.1,1.1,1,True
UFCS,"United Fire Group, Inc.",Financial Services,Insurance - Property & Casualty,9.5,12.9,,3.8,2.4,7.2,4,False,13.4,19.0,16.2,2,False
UFPI,"UFP Industries, Inc.",Basic Materials,Lumber & Wood Production,15.4,9.4,14.0,6.0,17.1,12.4,5,False,10.6,2.5,6.6,2,False
UFPT,"UFP Technologies, Inc.",Healthcare,Medical Devices,9.3,15.8,8.7,15.0,,12.2,4,False,6.4,14.7,10.6,2,False
UGI,UGI Corporation,Utilities,Utilities - Regulated Gas,13.4,15.2,11.2,4.8,15.8,12.1,5,False,15.3,15.6,15.4,2,False
UGPA3.SA,Ultrapar Participações S.A.,Energy,Oil & Gas Refining & Marketing,8.1,14.6,13.6,4.2,8.4,9.8,5,False,14.7,15.3,15.0,2,False
UHAL,U-Haul Holding Company,Industrials,Rental & Leasing Services,4.9,2.5,2.0,7.9,2.0,3.9,5,False,0.0,11.7,5.8,2,False
UHS,"Universal Health Services, Inc.",Healthcare,Medical Care Facilities,4.6,16.8,8.6,13.0,18.9,12.4,5,False,20.0,3.6,11.8,2,False
UI,Ubiquiti Inc.,Technology,Communication Equipment,13.2,19.6,9.6,18.5,4.4,13.1,5,False,7.2,5.2,6.2,2,False
ULCC,"Frontier Group Holdings, Inc.",Industrials,Airlines,0.8,0.1,1.2,1.1,,0.8,4,False,,13.7,13.7,1,True
ULS,UL Solutions Inc.,Industrials,Specialty Business Services,13.7,18.7,13.0,15.9,9.8,14.2,5,False,4.4,8.6,6.5,2,False
ULTA,"Ulta Beauty, Inc.",Consumer Cyclical,Specialty Retail,4.4,18.7,11.8,13.0,10.0,11.6,5,False,6.2,9.8,8.0,2,False
UMAC,"Unusual Machines, Inc.",Technology,Computer Hardware,19.4,3.3,10.1,1.5,,8.6,4,False,,13.9,13.9,1,True
UMBF,UMB Financial Corporation,Financial Services,Banks - Regional,,9.8,,14.6,2.9,9.1,3,False,12.3,10.7,11.5,2,False
UMC,United Microelectronics Corporation,Technology,Semiconductors,12.8,15.1,,17.0,,15.0,3,False,19.2,18.1,18.6,2,False
UMH,"UMH Properties, Inc.",Real Estate,REIT - Residential,7.5,6.3,10.0,7.7,14.0,9.1,5,False,0.0,15.5,7.8,2,False
UNF,UniFirst Corporation,Industrials,Specialty Business Services,16.8,4.6,12.0,5.3,5.6,8.9,5,False,0.0,17.9,9.0,2,False
UNFI,"United Natural Foods, Inc.",Consumer Defensive,Food Distribution,3.0,1.5,10.5,1.5,2.2,3.7,5,False,,13.9,13.9,1,True
UNH,UnitedHealth Group Incorporated,Healthcare,Healthcare Plans,3.8,14.7,11.6,10.8,15.8,11.3,5,False,9.9,10.0,10.0,2,False
UNIT,Uniti Group Inc.,Real Estate,REIT - Specialty,5.3,,1.4,7.7,4.8,4.8,4,False,20.0,19.5,19.8,2,False
UNM,Unum Group,Financial Services,Insurance - Life,14.1,3.1,,2.9,16.2,9.1,4,False,3.8,11.4,7.6,2,False
UNP,Union Pacific Corporation,Industrials,Railroads,3.9,18.8,9.4,19.2,12.0,12.7,5,False,2.5,13.9,8.2,2,False
UPBD,"Upbound Group, Inc.",Technology,Software - Application,1.0,11.3,10.2,6.4,18.7,9.5,5,False,20.0,4.0,12.0,2,False
UPS,"United Parcel Service, Inc.",Industrials,Integrated Freight & Logistics,5.4,17.6,11.2,7.5,18.5,12.0,5,False,10.2,14.2,12.2,2,False
UPST,"Upstart Holdings, Inc.",Financial Services,Credit Services,9.0,4.3,,2.5,,5.3,3,False,0.0,0.3,0.2,2,False
UPWK,Upwork Inc.,Communication Services,Internet Content & Information,9.1,13.3,18.5,14.5,14.2,13.9,5,False,16.7,1.1,8.9,2,False
URBN,"Urban Outfitters, Inc.",Consumer Cyclical,Apparel Retail,11.4,15.0,9.7,12.6,2.8,10.3,5,False,14.2,14.0,14.1,2,False
URGN,UroGen Pharma Ltd.,Healthcare,Biotechnology,11.4,,5.2,5.0,,7.2,3,False,,17.6,17.6,1,True
URI,"United Rentals, Inc.",Industrials,Rental & Leasing Services,2.5,17.6,8.0,17.2,13.5,11.8,5,False,3.9,9.5,6.7,2,False
USA.TO,Americas Gold and Silver Corporation,Basic Materials,Other Industrial Metals & Mining,12.0,0.8,,3.6,,5.5,3,False,,13.6,13.6,1,True
USAR,"USA Rare Earth, Inc.",Basic Materials,Other Industrial Metals & Mining,19.5,1.0,10.7,2.1,12.0,9.1,5,False,,5.1,5.1,1,True
USAS,Americas Gold and Silver Corporation,Basic Materials,Other Industrial Metals & Mining,12.0,0.8,8.6,3.6,,6.2,4,False,,13.6,13.6,1,True
USB,U.S. Bancorp,Financial Services,Banks - Regional,,10.3,,11.6,10.0,10.6,3,False,11.2,13.4,12.3,2,False
USFD,US Foods Holding Corp.,Consumer Defensive,Food Distribution,6.9,14.4,7.8,4.6,7.5,8.2,5,False,1.1,17.7,9.4,2,False
USIM5.SA,Usinas Siderúrgicas de Minas Gerais S.A.,Basic Materials,Steel,14.2,2.4,17.7,3.4,13.6,10.3,5,False,,17.2,17.2,1,True
USLM,"United States Lime & Minerals, Inc.",Basic Materials,Building Materials,19.3,16.1,13.4,16.8,1.7,13.5,5,False,4.5,2.2,3.4,2,False
USPH,"U.S. Physical Therapy, Inc.",Healthcare,Medical Care Facilities,6.8,10.1,8.3,11.8,12.3,9.9,5,False,0.0,5.6,2.8,2,False
UTHR,United Therapeutics Corporation,Healthcare,Drug Manufacturers - Specialty & Generic,13.5,16.1,13.2,19.3,14.6,15.3,5,False,12.6,11.4,12.0,2,False
UTI,"Universal Technical Institute, Inc.",Consumer Defensive,Education & Training Services,10.4,9.4,6.6,5.2,1.2,6.6,5,False,0.0,0.8,0.4,2,False
UTZ,"Utz Brands, Inc.",Consumer Defensive,Packaged Foods,7.6,1.2,8.5,1.8,4.2,4.7,5,False,,14.6,14.6,1,True
UUUU,Energy Fuels Inc.,Energy,Uranium,12.8,1.8,11.4,0.4,,6.6,4,False,,1.5,1.5,1,True
UVE,"Universal Insurance Holdings, Inc.",Financial Services,Insurance - Property & Casualty,9.4,19.2,,5.6,9.4,10.9,4,False,20.0,18.3,19.2,2,False
UVSP,Univest Financial Corporation,Financial Services,Banks - Regional,,7.6,,10.9,10.8,9.8,3,False,12.0,15.9,14.0,2,False
UVV,Universal Corporation,Consumer Defensive,Tobacco,8.8,2.7,10.2,1.8,16.5,8.0,5,False,0.0,4.3,2.2,2,False
UWMC,UWM Holdings Corporation,Financial Services,Mortgage Finance,0.8,0.8,,0.6,2.6,1.2,4,False,,0.1,0.1,1,True
V,Visa Inc.,Financial Services,Credit Services,7.0,19.7,,18.0,7.4,13.0,4,False,0.0,8.0,4.0,2,False
VAC,Marriott Vacations Worldwide Corporation,Consumer Cyclical,Resorts & Casinos,5.5,1.4,8.6,8.6,14.8,7.8,5,False,,19.1,19.1,1,True
VAL,Valaris Limited,Energy,Oil & Gas Drilling,12.6,18.2,10.3,11.6,4.9,11.5,5,False,20.0,15.8,17.9,2,False
VALE3.SA,Vale S.A.,Basic Materials,Other Industrial Metals & Mining,4.8,6.8,10.0,10.0,7.1,7.7,5,False,0.0,13.9,7.0,2,False
VBBR3.SA,Vibra Energia S.A.,Consumer Cyclical,Specialty Retail,11.6,15.7,13.4,6.6,5.0,10.5,5,False,19.9,19.0,19.4,2,False
VC,Visteon Corporation,Consumer Cyclical,Auto Parts,16.0,9.5,16.6,7.8,6.3,11.2,5,False,6.5,5.6,6.0,2,False
VCEL,Vericel Corporation,Healthcare,Biotechnology,12.2,10.5,11.2,10.9,,11.2,4,False,0.0,11.8,5.9,2,False
VCTR,"Victory Capital Holdings, Inc.",Financial Services,Asset Management,12.4,15.4,,13.2,10.3,12.8,4,False,1.5,19.3,10.4,2,False
VCYT,"Veracyte, Inc.",Healthcare,Diagnostics & Research,16.3,11.4,13.4,16.1,,14.3,4,False,9.6,11.8,10.7,2,False
VECO,Veeco Instruments Inc.,Technology,Semiconductor Equipment & Materials,12.8,5.0,11.9,7.2,,9.2,4,False,0.0,13.1,6.6,2,False
VEEV,Veeva Systems Inc.,Healthcare,Health Information Services,15.8,14.7,14.0,18.3,3.5,13.3,5,False,6.4,6.1,6.2,2,False
VERA,"Vera Therapeutics, Inc.",Healthcare,Biotechnology,14.4,1.4,8.7,7.0,0.5,6.4,5,False,,10.5,10.5,1,True
VERX,"Vertex, Inc.",Technology,Software - Application,2.4,4.6,8.2,5.0,2.3,4.5,5,False,0.0,0.8,0.4,2,False
VESTA.MX,"Corporación Inmobiliaria Vesta, S.A.B. de C.V.",Real Estate,Real Estate - Diversified,18.0,16.7,,19.3,,18.0,3,False,18.4,14.0,16.2,2,False
VET,Vermilion Energy Inc.,Energy,Oil & Gas E&P,6.8,1.0,,8.2,,5.3,3,False,,15.0,15.0,1,True
VET.TO,Vermilion Energy Inc.,Energy,Oil & Gas E&P,6.8,1.0,12.0,8.2,15.9,8.8,5,False,,15.2,15.2,1,True
VFC,V.F. Corporation,Consumer Cyclical,Apparel Manufacturing,5.2,15.4,11.3,5.4,8.8,9.2,5,False,12.4,8.8,10.6,2,False
VFS,VinFast Auto Ltd.,Consumer Cyclical,Auto Manufacturers,0.1,,,0.8,,0.4,2,True,,9.5,9.5,1,True
VG,"Venture Global, Inc.",Energy,Oil & Gas Midstream,5.2,18.3,0.7,15.2,1.6,8.2,5,False,17.9,2.2,10.0,2,False
VGNT,Versigent PLC,Consumer Cyclical,Auto Parts,7.2,,5.8,9.6,,7.5,3,False,20.0,,20.0,1,True
VIA,"Via Transportation, Inc.",Technology,Software - Application,17.5,1.2,10.2,2.0,,7.7,4,False,,,,0,True
VIAV,Viavi Solutions Inc.,Technology,Communication Equipment,9.0,3.4,8.2,7.4,4.6,6.5,5,False,,18.3,18.3,1,True
VICI,VICI Properties Inc.,Real Estate,REIT - Diversified,16.9,13.3,4.9,17.9,14.7,13.5,5,False,11.6,2.6,7.1,2,False
VICR,Vicor Corporation,Technology,Electronic Components,19.0,14.7,8.8,17.3,2.2,12.4,5,False,0.0,19.4,9.7,2,False
VIIA3.SA,,,,,,,,,,0,True,,,,0,True
VIK,Viking Holdings Ltd,Consumer Cyclical,Travel Services,5.2,19.8,10.0,18.6,0.3,10.8,5,False,0.0,17.8,8.9,2,False
VIR,"Vir Biotechnology, Inc.",Healthcare,Biotechnology,14.4,5.2,11.8,9.4,,10.2,4,False,,16.9,16.9,1,True
VIRT,"Virtu Financial, Inc.",Financial Services,Capital Markets,6.2,19.6,,8.2,18.3,13.1,4,False,17.7,19.4,18.5,2,False
VISN,"Vistance Networks, Inc.",Technology,Communication Equipment,9.7,6.0,8.8,12.4,4.2,8.2,5,False,,13.1,13.1,1,True
VITL.UN.TO,,,,,,,,,,0,True,,,,0,True
VIVT3.SA,Telefônica Brasil S.A.,Communication Services,Telecom Services,10.2,9.9,13.6,13.1,11.9,11.7,5,False,13.2,7.5,10.4,2,False
VKTX,"Viking Therapeutics, Inc.",Healthcare,Biotechnology,15.8,1.4,8.3,7.0,,8.1,4,False,,11.6,11.6,1,True
VLO,Valero Energy Corporation,Energy,Oil & Gas Refining & Marketing,11.1,17.6,16.2,6.4,11.6,12.6,5,False,8.6,19.0,13.8,2,False
VLTO,Veralto Corporation,Industrials,Pollution & Treatment Controls,9.4,18.3,12.4,16.9,3.4,12.1,5,False,7.0,5.0,6.0,2,False
VLY,Valley National Bancorp,Financial Services,Banks - Regional,,5.5,,14.2,10.2,10.0,3,False,12.5,13.7,13.1,2,False
VMC,Vulcan Materials Company,Basic Materials,Building Materials,7.2,12.7,9.8,12.6,6.7,9.8,5,False,0.0,2.1,1.0,2,False
VMET,Versamet Royalties Corporation,Basic Materials,Other Precious Metals & Mining,2.8,11.9,2.9,18.8,,9.1,4,False,0.0,,0.0,1,True
VMI,"Valmont Industries, Inc.",Industrials,Conglomerates,12.4,17.7,9.0,13.4,11.9,12.9,5,False,5.7,12.3,9.0,2,False
VNO,Vornado Realty Trust,Real Estate,REIT - Office,12.8,3.2,8.4,4.4,5.3,6.8,5,False,0.0,6.1,3.0,2,False
VNOM,"Viper Energy, Inc.",Energy,Oil & Gas Midstream,18.2,3.3,10.3,12.2,6.0,10.0,5,False,,6.3,6.3,1,True
VNP.TO,5N Plus Inc.,Basic Materials,Specialty Chemicals,7.3,18.3,,12.9,,12.8,3,False,9.6,14.5,12.0,2,False
VNT,Vontier Corporation,Technology,Scientific & Technical Instruments,3.2,16.9,9.5,13.6,16.0,11.8,5,False,20.0,2.8,11.4,2,False
VOLARA.MX,"Controladora Vuela Compañía de Aviación, S.A.B. de C.V.",Industrials,Airlines,0.6,0.1,,1.2,,0.6,3,False,,3.3,3.3,1,True
VOR,Vor Biopharma Inc.,Healthcare,Biotechnology,19.0,,10.6,7.0,,12.2,3,False,20.0,0.3,10.2,2,False
VOYA,"Voya Financial, Inc.",Financial Services,Financial Conglomerates,7.4,6.3,,2.8,15.6,8.0,4,False,16.4,15.1,15.8,2,False
VOYG,"Voyager Technologies, Inc.",Industrials,Aerospace & Defense,11.2,0.6,7.0,0.4,13.4,6.5,5,False,,10.4,10.4,1,True
VRDN,"Viridian Therapeutics, Inc.",Healthcare,Biotechnology,14.0,2.2,9.8,3.5,,7.4,4,False,,8.4,8.4,1,True
VRNS,"Varonis Systems, Inc.",Technology,Software - Infrastructure,6.6,1.0,10.9,1.8,7.6,5.6,5,False,,2.6,2.6,1,True
VRSK,"Verisk Analytics, Inc.",Industrials,Consulting Services,6.5,,11.6,19.2,18.0,13.8,4,False,5.5,2.0,3.8,2,False
VRSN,"VeriSign, Inc.",Technology,Software - Infrastructure,1.5,,8.2,19.7,15.0,11.1,4,False,9.7,7.8,8.8,2,False
VRT,Vertiv Holdings Co,Industrials,Electrical Equipment & Parts,7.6,19.1,12.8,16.1,1.8,11.5,5,False,0.0,18.2,9.1,2,False
VRTS,"Virtus Investment Partners, Inc.",Financial Services,Asset Management,12.8,7.8,,4.6,18.7,11.0,4,False,17.5,2.5,10.0,2,False
VRTX,Vertex Pharmaceuticals Incorporated,Healthcare,Biotechnology,12.2,17.4,10.8,19.0,7.6,13.4,5,False,5.3,13.7,9.5,2,False
VSAT,"Viasat, Inc.",Technology,Communication Equipment,5.8,4.1,5.0,4.8,1.7,4.3,5,False,,17.4,17.4,1,True
VSEC,VSE Corporation,Industrials,Aerospace & Defense,12.2,4.0,5.7,9.5,1.2,6.5,5,False,0.0,13.1,6.6,2,False
VSH,"Vishay Intertechnology, Inc.",Technology,Semiconductors,8.0,4.4,8.3,4.9,11.6,7.4,5,False,0.0,16.6,8.3,2,False
VSNT,"Versant Media Group, Inc.",Communication Services,Entertainment,14.2,8.9,12.4,14.4,,12.5,4,False,20.0,,20.0,1,True
VST,Vistra Corp.,Utilities,Utilities - Independent Power Producers,1.8,20.0,16.6,7.8,12.2,11.7,5,False,10.0,1.2,5.6,2,False
VSTS,Vestis Corporation,Industrials,Rental & Leasing Services,2.2,2.1,7.8,3.6,20.0,7.1,5,False,,19.8,19.8,1,True
VSXY,Victorias Secret & Co.,Consumer Cyclical,Apparel Retail,2.2,17.3,8.4,6.1,2.0,7.2,5,False,0.0,19.9,10.0,2,False
VTOL,Bristow Group Inc.,Energy,Oil & Gas Equipment & Services,10.4,8.1,3.4,5.9,1.3,5.8,5,False,20.0,7.0,13.5,2,False
VTR,"Ventas, Inc.",Real Estate,REIT - Healthcare Facilities,7.4,4.6,9.8,5.6,2.4,6.0,5,False,0.0,17.9,9.0,2,False
VTRS,Viatris Inc.,Healthcare,Drug Manufacturers - Specialty & Generic,3.2,7.7,10.3,8.8,16.6,9.3,5,False,,16.0,16.0,1,True
VVV,Valvoline Inc.,Consumer Cyclical,Auto & Truck Dealerships,3.0,16.8,5.6,13.5,19.1,11.6,5,False,0.0,6.9,3.4,2,False
VVX,"V2X, Inc.",Industrials,Aerospace & Defense,8.2,6.7,9.4,3.8,3.1,6.2,5,False,16.4,14.2,15.3,2,False
VZLA,Vizsla Silver Corp.,Basic Materials,Other Industrial Metals & Mining,13.4,2.0,11.2,3.2,,7.4,4,False,,3.1,3.1,1,True
VZLA.TO,Vizsla Silver Corp.,Basic Materials,Other Industrial Metals & Mining,13.4,2.0,,3.2,,6.2,3,False,,2.9,2.9,1,True
W,Wayfair Inc.,Consumer Cyclical,Internet Retail,7.0,,10.4,2.4,,6.6,3,False,,13.5,13.5,1,True
WAB,Westinghouse Air Brake Technologies Corporation,Industrials,Railroads,5.6,9.7,9.2,14.3,8.0,9.4,5,False,0.0,16.0,8.0,2,False
WABC,Westamerica Bancorporation,Financial Services,Banks - Regional,,10.1,,17.2,15.5,14.3,3,False,10.7,10.5,10.6,2,False
WAFD,"WaFd, Inc.",Financial Services,Banks - Regional,,5.0,,13.8,14.1,11.0,3,False,13.2,11.0,12.1,2,False
WAL,Western Alliance Bancorporation,Financial Services,Banks - Regional,,10.7,,11.0,5.5,9.1,3,False,16.8,2.3,9.6,2,False
WALMEX.MX,"Wal-Mart de México, S.A.B. de C.V.",Consumer Defensive,Discount Stores,8.0,16.6,10.4,8.0,13.5,11.3,5,False,12.4,4.0,8.2,2,False
WAT,Waters Corporation,Healthcare,Diagnostics & Research,7.0,8.5,6.6,11.2,2.9,7.2,5,False,0.0,13.5,6.8,2,False
WAY,Waystar Holding Corp.,Healthcare,Health Information Services,8.7,9.3,10.0,15.8,1.4,9.0,5,False,11.1,1.8,6.4,2,False
WBI,WaterBridge Infrastructure LLC,Energy,Oil & Gas Equipment & Services,9.8,,5.9,6.2,,7.3,3,False,,,,0,True
WBS,Webster Financial Corp,Financial Services,Banks - Regional,,7.9,,15.2,12.4,11.8,3,False,11.3,,11.3,1,True
WBTN,WEBTOON Entertainment Inc.,Communication Services,Internet Content & Information,17.8,1.0,11.4,1.8,,8.0,4,False,,1.5,1.5,1,True
WCC,"WESCO International, Inc.",Industrials,Industrial Distribution,7.2,11.9,4.9,5.0,13.0,8.4,5,False,10.0,17.6,13.8,2,False
WCN,"Waste Connections, Inc.",Industrials,Waste Management,3.0,11.2,7.8,14.5,5.8,8.5,5,False,4.0,5.5,4.8,2,False
WCN.TO,"Waste Connections, Inc.",Industrials,Waste Management,3.0,11.2,,14.5,,9.6,3,False,4.2,5.4,4.8,2,False
WCP.TO,Whitecap Resources Inc.,Energy,Oil & Gas E&P,9.6,10.5,13.4,15.6,7.7,11.4,5,False,8.7,15.9,12.3,2,False
WD,"Walker & Dunlop, Inc.",Financial Services,Mortgage Finance,5.6,1.5,,2.0,16.9,6.5,4,False,0.0,0.2,0.1,2,False
WDAY,"Workday, Inc.",Technology,Software - Application,5.1,13.0,12.2,12.0,12.3,10.9,5,False,3.2,3.8,3.5,2,False
WDC,Western Digital Corporation,Technology,Computer Hardware,9.0,19.9,8.0,19.6,5.5,12.4,5,False,12.2,19.4,15.8,2,False
WDFC,WD-40 Company,Basic Materials,Specialty Chemicals,11.2,18.7,12.0,12.6,9.1,12.7,5,False,4.9,6.7,5.8,2,False
WDO.TO,Wesdome Gold Mines Ltd.,Basic Materials,Gold,18.5,19.5,16.4,18.2,1.1,14.7,5,False,12.8,15.1,14.0,2,False
WEC,"WEC Energy Group, Inc.",Utilities,Utilities - Regulated Electric,6.0,14.1,10.4,13.0,10.4,10.8,5,False,8.0,4.2,6.1,2,False
WEGE3.SA,WEG S.A.,Industrials,Electrical Equipment & Parts,10.6,17.9,12.5,15.9,8.1,13.0,5,False,5.6,15.9,10.8,2,False
WELL,Welltower Inc.,Real Estate,REIT - Healthcare Facilities,14.6,7.2,10.6,7.6,1.4,8.3,5,False,0.0,18.3,9.2,2,False
WEN,The Wendy's Company,Consumer Cyclical,Restaurants,8.6,19.6,9.2,11.9,19.9,13.8,5,False,19.6,9.0,14.3,2,False
WERN,"Werner Enterprises, Inc.",Industrials,Trucking,10.2,1.7,7.2,2.3,13.6,7.0,5,False,,16.9,16.9,1,True
WEX,WEX Inc.,Technology,Software - Infrastructure,3.2,17.1,18.2,15.2,18.5,14.4,5,False,17.6,10.6,14.1,2,False
WFC,Wells Fargo & Company,Financial Services,Banks - Diversified,,10.2,,10.4,18.3,13.0,3,False,12.9,5.9,9.4,2,False
WFG,West Fraser Timber Co. Ltd.,Basic Materials,Lumber & Wood Production,10.3,1.1,6.2,1.0,14.8,6.7,5,False,,4.9,4.9,1,True
WFG.TO,West Fraser Timber Co. Ltd.,Basic Materials,Lumber & Wood Production,10.3,1.1,,1.0,,4.1,3,False,,4.9,4.9,1,True
WFRD,Weatherford International plc,Energy,Oil & Gas Equipment & Services,10.0,16.0,15.3,6.8,3.0,10.2,5,False,16.0,10.5,13.2,2,False
WGS,GeneDx Holdings Corp.,Healthcare,Diagnostics & Research,8.6,3.6,7.2,3.3,,5.7,4,False,,2.8,2.8,1,True
WH,"Wyndham Hotels & Resorts, Inc.",Consumer Cyclical,Lodging,6.0,18.2,10.0,18.5,16.3,13.8,5,False,1.8,8.5,5.2,2,False
WHD,"Cactus, Inc.",Energy,Oil & Gas Equipment & Services,17.4,10.9,13.8,10.2,1.7,10.8,5,False,0.0,16.2,8.1,2,False
WHR,Whirlpool Corporation,Consumer Cyclical,"Furnishings, Fixtures & Appliances",4.3,6.3,0.6,3.2,18.9,6.7,5,False,14.0,0.6,7.3,2,False
WINA,Winmark Corporation,Consumer Cyclical,Specialty Retail,19.6,,11.7,19.7,9.0,15.0,4,False,0.0,2.3,1.2,2,False
WING,Wingstop Inc.,Consumer Cyclical,Restaurants,19.1,,8.0,18.3,16.1,15.4,4,False,7.1,0.2,3.6,2,False
WIT,Wipro Limited,Technology,Information Technology Services,10.9,13.1,,13.2,,12.4,3,False,15.1,1.9,8.5,2,False
WIX,Wix.com Ltd.,Technology,Software - Infrastructure,1.6,,10.7,2.8,19.4,8.6,4,False,,0.4,0.4,1,True
WK,Workiva Inc.,Technology,Software - Application,9.8,,11.0,7.2,5.0,8.2,4,False,0.0,5.8,2.9,2,False
WKC,World Kinect Corporation,Energy,Oil & Gas Refining & Marketing,8.0,1.7,10.1,2.1,16.9,7.8,5,False,,9.9,9.9,1,True
WLDN,"Willdan Group, Inc.",Industrials,Engineering & Construction,14.0,15.5,13.6,9.6,,13.2,4,False,7.5,4.6,6.0,2,False
WLFC,Willis Lease Finance Corporation,Industrials,Rental & Leasing Services,0.5,10.8,10.4,16.8,8.7,9.4,5,False,14.8,11.9,13.4,2,False
WLK,Westlake Corporation,Basic Materials,Specialty Chemicals,9.0,1.9,4.8,4.2,12.4,6.5,5,False,,4.5,4.5,1,True
WLTH,Wealthfront Corporation,Technology,Software - Application,10.9,1.9,19.4,7.0,6.9,9.2,5,False,,,,0,True
WLY,"John Wiley & Sons, Inc.",Communication Services,Publishing,4.6,16.8,9.2,15.6,12.6,11.8,5,False,19.8,17.1,18.5,2,False
WLYB,"John Wiley & Sons, Inc.",Communication Services,Publishing,4.6,16.8,9.3,15.6,11.3,11.5,5,False,19.2,18.3,18.8,2,False
WM,"Waste Management, Inc.",Industrials,Waste Management,3.3,17.7,7.8,14.5,9.9,10.6,5,False,9.8,7.0,8.4,2,False
WMB,"The Williams Companies, Inc.",Energy,Oil & Gas Midstream,1.3,15.4,5.3,14.8,6.6,8.7,5,False,0.0,5.5,2.8,2,False
WMG,Warner Music Group Corp.,Communication Services,Entertainment,2.1,19.5,5.5,12.1,7.7,9.4,5,False,11.7,5.8,8.8,2,False
WMK,"Weis Markets, Inc.",Consumer Defensive,Grocery Stores,15.1,6.9,9.8,3.8,12.0,9.5,5,False,10.6,9.2,9.9,2,False
WMS,"Advanced Drainage Systems, Inc.",Industrials,Building Products & Equipment,7.6,17.0,10.4,16.8,8.4,12.0,5,False,14.2,6.4,10.3,2,False
WMT,Walmart Inc.,Consumer Defensive,Discount Stores,5.0,16.7,9.0,5.2,3.0,7.8,5,False,0.0,10.0,5.0,2,False
WN.TO,George Weston Limited,Consumer Defensive,Grocery Stores,1.8,15.8,12.0,6.8,16.2,10.5,5,False,0.0,13.7,6.8,2,False
WOLF,"Wolfspeed, Inc.",Technology,Semiconductors,9.8,4.7,10.4,3.4,,7.1,4,False,,,,0,True
WOR,"Worthington Enterprises, Inc.",Industrials,Metal Fabrication,12.8,12.9,8.0,9.7,16.1,11.9,5,False,10.9,8.3,9.6,2,False
WPC,W. P. Carey Inc.,Real Estate,REIT - Diversified,11.1,10.9,11.8,15.7,12.2,12.3,5,False,0.0,12.1,6.0,2,False
WPK.TO,Winpak Ltd.,Consumer Cyclical,Packaging & Containers,19.6,9.7,,14.9,,14.7,3,False,14.6,12.5,13.6,2,False
WPM,Wheaton Precious Metals Corp.,Basic Materials,Gold,7.2,16.9,7.2,19.6,2.1,10.6,5,False,0.0,11.8,5.9,2,False
WPM.TO,Wheaton Precious Metals Corp.,Basic Materials,Gold,7.2,16.9,,19.6,,14.6,3,False,0.0,11.7,5.8,2,False
WRB,W. R. Berkley Corporation,Financial Services,Insurance - Property & Casualty,7.8,15.9,,5.1,10.0,9.7,4,False,7.4,2.0,4.7,2,False
WRBY,Warby Parker Inc.,Healthcare,Medical Instruments & Supplies,7.7,8.7,9.0,7.0,,8.1,4,False,0.0,4.8,2.4,2,False
WS,"Worthington Steel, Inc.",Basic Materials,Steel,8.2,3.9,11.4,4.6,14.4,8.5,5,False,0.0,7.8,3.9,2,False
WSBC,"WesBanco, Inc.",Financial Services,Banks - Regional,,5.5,,14.2,11.6,10.4,3,False,12.6,12.9,12.8,2,False
WSC,WillScot Holdings Corporation,Industrials,Rental & Leasing Services,1.8,1.3,9.4,8.6,19.8,8.2,5,False,,6.6,6.6,1,True
WSE,Wise Group plc,Technology,Information Technology Services,5.5,16.7,10.8,18.1,10.5,12.3,5,False,0.5,,0.5,1,True
WSFS,WSFS Financial Corporation,Financial Services,Banks - Regional,,9.4,,11.9,12.9,11.4,3,False,10.4,16.4,13.4,2,False
WSM,"Williams-Sonoma, Inc.",Consumer Cyclical,Specialty Retail,8.8,19.1,13.6,16.4,8.0,13.2,5,False,3.3,15.1,9.2,2,False
WSO,"Watsco, Inc.",Industrials,Industrial Distribution,15.1,13.6,14.2,9.5,13.9,13.3,5,False,6.9,2.2,4.6,2,False
WSP.TO,WSP Global Inc.,Industrials,Engineering & Construction,8.6,8.2,11.0,8.2,4.3,8.1,5,False,1.2,1.1,1.2,2,False
WST,"West Pharmaceutical Services, Inc.",Healthcare,Medical Instruments & Supplies,11.3,16.1,9.3,16.5,10.5,12.7,5,False,4.1,12.4,8.2,2,False
WT,"WisdomTree, Inc.",Financial Services,Asset Management,9.2,15.3,,8.6,9.7,10.7,4,False,0.0,18.7,9.4,2,False
WTFC,Wintrust Financial Corporation,Financial Services,Banks - Regional,,9.6,,13.6,7.2,10.1,3,False,11.7,9.0,10.4,2,False
WTM,"White Mountains Insurance Group, Ltd.",Financial Services,Insurance - Property & Casualty,12.4,16.0,,12.6,3.8,11.2,4,False,20.0,12.0,16.0,2,False
WTRG,"Essential Utilities, Inc.",Utilities,Utilities - Regulated Water,12.0,6.9,10.8,18.0,9.4,11.4,5,False,11.0,10.7,10.8,2,False
WTS,"Watts Water Technologies, Inc.",Industrials,Specialty Industrial Machinery,16.0,14.9,11.8,16.0,3.9,12.5,5,False,7.9,14.1,11.0,2,False
WTTR,"Select Water Solutions, Inc.",Energy,Oil & Gas Equipment & Services,13.8,4.2,8.4,4.3,4.1,7.0,5,False,0.0,17.0,8.5,2,False
WTW,Willis Towers Watson Public Limited Company,Financial Services,Insurance Brokers,5.2,15.8,,5.7,13.6,10.1,4,False,16.0,3.8,9.9,2,False
WU,The Western Union Company,Financial Services,Credit Services,2.6,19.4,,4.0,19.9,11.5,4,False,20.0,3.4,11.7,2,False
WULF,TeraWulf Inc.,Financial Services,Capital Markets,3.8,0.0,,0.8,1.7,1.6,4,False,,13.8,13.8,1,True
WVE,"Wave Life Sciences, Inc.",Healthcare,Biotechnology,15.2,2.2,10.1,3.8,,7.8,4,False,,1.6,1.6,1,True
WWD,"Woodward, Inc.",Industrials,Aerospace & Defense,9.9,15.9,9.6,14.9,7.4,11.5,5,False,10.2,14.6,12.4,2,False
WWW,"Wolverine World Wide, Inc.",Consumer Cyclical,Footwear & Accessories,7.8,16.7,11.8,10.2,4.5,10.2,5,False,11.2,2.9,7.0,2,False
WY,Weyerhaeuser Company,Real Estate,REIT - Specialty,13.8,7.8,8.6,4.9,14.1,9.8,5,False,4.8,7.1,5.9,2,False
WYNN,"Wynn Resorts, Limited",Consumer Cyclical,Resorts & Casinos,11.9,,7.2,13.0,11.7,11.0,4,False,7.5,2.8,5.2,2,False
X.TO,TMX Group Limited,Financial Services,Financial Data & Stock Exchanges,5.5,11.1,,14.4,3.9,8.7,4,False,9.0,5.3,7.2,2,False
XE,"X-Energy, Inc.",Industrials,Specialty Industrial Machinery,19.6,,19.9,0.2,2.5,10.6,4,False,,,,0,True
XEL,Xcel Energy Inc.,Utilities,Utilities - Regulated Electric,8.6,11.5,4.9,12.8,6.5,8.9,5,False,7.9,4.4,6.2,2,False
XENE,Xenon Pharmaceuticals Inc.,Healthcare,Biotechnology,19.2,3.4,9.9,7.0,,9.9,4,False,,14.8,14.8,1,True
XERS,"Xeris Biopharma Holdings, Inc.",Healthcare,Drug Manufacturers - Specialty & Generic,3.6,,9.8,7.2,5.2,6.4,4,False,,7.7,7.7,1,True
XHR,"Xenia Hotels & Resorts, Inc.",Real Estate,REIT - Hotel & Motel,11.0,2.6,6.5,3.9,16.8,8.2,5,False,,18.7,18.7,1,True
XMTR,"Xometry, Inc.",Industrials,Industrial Distribution,14.2,1.3,10.9,1.6,0.6,5.7,5,False,,18.1,18.1,1,True
XNCR,"Xencor, Inc.",Healthcare,Biotechnology,12.2,4.8,9.0,1.7,,6.9,4,False,,18.0,18.0,1,True
XNDU,Xanadu Quantum Technologies Limited,Technology,Software - Infrastructure,15.7,0.5,9.0,2.2,,6.8,4,False,,,,0,True
XOM,ExxonMobil Holdings Corporation,Energy,Oil & Gas Integrated,12.6,10.4,12.4,8.8,14.1,11.7,5,False,0.0,11.2,5.6,2,False
XP,XP Inc.,Financial Services,Capital Markets,6.8,16.9,,9.9,,11.2,3,False,18.3,4.0,11.2,2,False
XPEL,"XPEL, Inc.",Consumer Cyclical,Auto Parts,15.3,14.5,9.8,14.9,0.4,11.0,5,False,0.0,18.3,9.2,2,False
XPO,"XPO, Inc.",Industrials,Trucking,3.9,15.7,8.4,8.8,1.5,7.7,5,False,0.0,16.8,8.4,2,False
XPRO,Expro Ltd,Energy,Oil & Gas Equipment & Services,16.0,3.5,17.4,3.3,2.6,8.6,5,False,0.0,11.9,6.0,2,False
XRAY,DENTSPLY SIRONA Inc.,Healthcare,Medical Instruments & Supplies,1.8,4.6,8.7,7.4,19.8,8.5,5,False,,4.8,4.8,1,True
XXI,"Twenty One Capital, Inc.",Consumer Defensive,Education & Training Services,17.3,,14.7,1.5,,11.2,3,False,,0.1,0.1,1,True
XYL,Xylem Inc.,Industrials,Specialty Industrial Machinery,12.7,7.5,13.8,13.8,7.5,11.1,5,False,11.7,1.8,6.8,2,False
XYZ,"Block, Inc.",Technology,Software - Infrastructure,8.2,4.6,6.0,6.4,12.0,7.4,5,False,0.0,9.4,4.7,2,False
XZO,"Exzeo Group, Inc.",Financial Services,Insurance - Diversified,16.4,19.6,,15.6,0.6,13.0,4,False,7.1,,7.1,1,True
YDUQ3.SA,Yduqs Participações S.A.,Consumer Defensive,Education & Training Services,9.6,3.6,10.5,10.0,18.8,10.5,5,False,2.9,1.3,2.1,2,False
YELP,Yelp Inc.,Communication Services,Internet Content & Information,14.0,14.1,16.1,9.8,19.7,14.7,5,False,17.8,3.3,10.6,2,False
YETI,"YETI Holdings, Inc.",Consumer Cyclical,Leisure,11.6,16.2,12.8,15.4,12.4,13.7,5,False,12.2,16.1,14.2,2,False
YOU,"Clear Secure, Inc.",Technology,Software - Application,6.6,19.8,17.0,16.0,15.3,14.9,5,False,10.8,11.9,11.4,2,False
YSS,"York Space Systems, Inc.",Industrials,Aerospace & Defense,18.2,,19.8,0.6,,12.9,3,False,,,,0,True
YSWY,"Yesway, Inc.",Consumer Defensive,Grocery Stores,8.0,,2.1,5.8,4.0,5.0,4,False,,,,0,True
YUM,"Yum! Brands, Inc.",Consumer Cyclical,Restaurants,2.7,,7.4,19.0,4.9,8.5,4,False,13.0,10.9,12.0,2,False
YUMC,"Yum China Holdings, Inc.",Consumer Cyclical,Restaurants,11.2,13.5,14.1,12.0,16.4,13.4,5,False,16.0,12.0,14.0,2,False
Z,"Zillow Group, Inc.",Communication Services,Internet Content & Information,13.4,4.9,11.8,5.7,13.5,9.9,5,False,0.0,0.8,0.4,2,False
ZBH,"Zimmer Biomet Holdings, Inc.",Healthcare,Medical Devices,4.7,10.0,9.2,14.6,16.7,11.0,5,False,11.8,7.5,9.6,2,False
ZBIO,"Zenas BioPharma, Inc.",Healthcare,Biotechnology,9.4,0.6,8.5,3.6,,5.5,4,False,,14.3,14.3,1,True
ZBRA,Zebra Technologies Corporation,Technology,Communication Equipment,2.3,12.7,7.2,13.2,8.9,8.9,5,False,10.2,10.2,10.2,2,False
ZETA,Zeta Global Holdings Corp.,Technology,Software - Infrastructure,13.0,4.0,10.4,4.8,6.1,7.7,5,False,0.0,13.8,6.9,2,False
ZG,"Zillow Group, Inc.",Communication Services,Internet Content & Information,13.4,4.9,11.5,5.7,13.2,9.7,5,False,0.0,0.9,0.4,2,False
ZGN,Ermenegildo Zegna N.V.,Consumer Cyclical,Apparel Manufacturing,9.1,9.9,,9.6,,9.5,3,False,3.2,18.2,10.7,2,False
ZIM,ZIM Integrated Shipping Services Ltd.,Industrials,Marine Shipping,7.0,3.8,10.6,5.6,19.9,9.4,5,False,0.0,19.2,9.6,2,False
ZION,"Zions Bancorporation, National Association",Financial Services,Banks - Regional,,13.8,,14.4,12.6,13.6,3,False,16.9,10.8,13.8,2,False
ZM,"Zoom Communications, Inc.",Technology,Software - Application,18.2,17.4,17.6,18.0,13.3,16.9,5,False,20.0,9.9,15.0,2,False
ZS,"Zscaler, Inc.",Technology,Software - Infrastructure,8.4,3.2,13.0,3.6,,7.0,4,False,,1.2,1.2,1,True
ZTS,Zoetis Inc.,Healthcare,Drug Manufacturers - Specialty & Generic,4.4,19.4,10.2,18.8,19.3,14.4,5,False,17.6,0.9,9.2,2,False
ZWS,Zurn Elkay Water Solutions Corporation,Industrials,Pollution & Treatment Controls,15.4,13.7,14.4,17.5,11.3,14.5,5,False,2.3,7.6,4.9,2,False
ZYME,Zymeworks Inc.,Healthcare,Biotechnology,13.2,2.0,9.2,4.2,7.7,7.3,5,False,,15.9,15.9,1,True
BRFS3.SA,,,,,,,,,,0,True,,,,0,True
PCAR3.SA,Companhia Brasileira De Distribuicao,Consumer Cyclical,Department Stores,0.8,0.1,0.2,2.1,10.3,2.7,5,False,,2.3,2.3,1,True
IGTI11.SA,Iguatemi S.A.,Real Estate,Real Estate Services,13.6,16.2,,16.8,,15.5,3,False,0.0,8.8,4.4,2,False
ITSA4.SA,Itaúsa S.A.,Industrials,Conglomerates,15.2,14.9,9.0,14.1,0.2,10.7,5,False,18.8,13.4,16.1,2,False
KLBN11.SA,Klabin S.A.,Basic Materials,Paper & Paper Products,5.7,6.2,8.0,6.3,4.7,6.2,5,False,0.0,7.6,3.8,2,False
ATRL.TO,AtkinsRéalis Group Inc.,Industrials,Engineering & Construction,11.1,6.8,14.8,5.8,10.9,9.9,5,False,0.0,3.1,1.6,2,False
DOO.TO,BRP Inc.,Consumer Cyclical,Recreational Vehicles,3.7,19.0,13.6,8.0,11.2,11.1,5,False,5.6,10.7,8.1,2,False
CEU.TO,CES Energy Solutions Corp.,Energy,Oil & Gas Equipment & Services,11.1,16.2,9.8,7.3,8.6,10.6,5,False,14.8,18.2,16.5,2,False
ELD.TO,Eldorado Gold Corporation,Basic Materials,Gold,9.2,11.5,,16.4,,12.4,3,False,9.1,15.5,12.3,2,False
EFR.TO,Energy Fuels Inc.,Energy,Uranium,12.8,1.8,,0.4,,5.0,3,False,,1.4,1.4,1,True
GMIN.TO,G Mining Ventures Corp.,Basic Materials,Gold,15.0,17.0,,19.1,,17.0,3,False,0.0,17.9,9.0,2,False
GRT.UN.TO,,,,,,,,,,0,True,,,,0,True
JWEL.TO,Jamieson Wellness Inc.,Consumer Defensive,Packaged Foods,11.8,13.3,5.4,12.8,12.2,11.1,5,False,2.9,16.4,9.6,2,False
KNT.TO,K92 Mining Inc.,Basic Materials,Gold,17.2,19.4,,19.0,,18.5,3,False,9.8,17.0,13.4,2,False
RCH.TO,Richelieu Hardware Ltd.,Industrials,Tools & Accessories,11.1,7.8,13.8,6.0,12.0,10.1,5,False,10.5,8.5,9.5,2,False
AADX,"Applied Aerospace & Defense, Inc.",Industrials,Aerospace & Defense,13.8,,8.2,0.6,9.4,8.0,4,False,,,,0,True
ABCB,Ameris Bancorp,Financial Services,Banks - Regional,,6.0,,14.0,3.3,7.8,3,False,7.0,9.2,8.1,2,False
ACGL,Arch Capital Group Ltd.,Financial Services,Insurance - Diversified,9.4,15.8,,8.4,10.9,11.1,4,False,19.0,6.6,12.8,2,False
AFGC,"American Financial Group, Inc.",,,,,,,,,0,True,,,,0,True
AMR,"Alpha Metallurgical Resources, Inc.",Basic Materials,Coking Coal,17.0,3.5,14.4,2.1,18.9,11.2,5,False,,13.5,13.5,1,True
BRX,Brixmor Property Group Inc.,Real Estate,REIT - Retail,6.1,16.8,11.1,13.4,7.2,10.9,5,False,10.0,12.6,11.3,2,False
BSAC,Banco Santander-Chile,Financial Services,Banks - Regional,,17.1,,9.4,,13.2,2,True,9.2,15.1,12.1,2,False
BVS,Bioventus Inc.,Healthcare,Medical Devices,4.4,17.8,10.6,13.4,,11.6,4,False,16.0,17.3,16.6,2,False
CARG,"CarGurus, Inc.",Communication Services,Internet Content & Information,10.7,19.3,13.8,16.8,15.8,15.3,5,False,10.0,8.2,9.1,2,False
CCC,CCC Intelligent Solutions Holdings Inc.,Technology,Software - Application,6.8,4.9,9.2,10.0,18.0,9.8,5,False,0.0,3.7,1.8,2,False
CF,"CF Industries Holdings, Inc.",Basic Materials,Agricultural Inputs,13.3,18.0,13.6,16.8,17.7,15.9,5,False,17.4,14.2,15.8,2,False
CIFR,Cipher Digital Inc.,Technology,Information Technology Services,1.2,0.0,0.6,2.4,5.1,1.9,5,False,,10.9,10.9,1,True
CNOB,"ConnectOne Bancorp, Inc.",Financial Services,Banks - Regional,,7.3,,15.8,7.1,10.1,3,False,15.2,13.1,14.2,2,False
CR,Crane Company,Industrials,Specialty Industrial Machinery,13.4,13.4,11.8,17.0,3.2,11.8,5,False,5.0,10.2,7.6,2,False
CRCL,Circle Internet Group,Financial Services,Capital Markets,9.9,12.8,,4.2,0.1,6.8,4,False,6.2,0.6,3.4,2,False
CUBI,"Customers Bancorp, Inc.",Financial Services,Banks - Regional,,12.2,,14.2,7.9,11.4,3,False,15.8,10.4,13.1,2,False
EHC,Encompass Health Corporation,Healthcare,Medical Care Facilities,4.0,17.7,7.0,14.8,7.5,10.2,5,False,10.0,6.1,8.0,2,False
ELS,"Equity LifeStyle Properties, Inc.",Real Estate,REIT - Residential,1.9,19.0,12.3,12.3,5.1,10.1,5,False,10.0,11.7,10.8,2,False
FIBK,"First Interstate BancSystem, Inc.",Financial Services,Banks - Regional,,6.4,,12.4,16.4,11.7,3,False,12.8,11.0,11.9,2,False
FIZZ,National Beverage Corp.,Consumer Defensive,Beverages - Non-Alcoholic,18.0,18.7,12.6,16.2,8.0,14.7,5,False,14.2,7.1,10.6,2,False
FWONK,Formula One Group,Communication Services,Entertainment,9.0,5.7,7.4,10.1,,8.0,4,False,0.0,8.1,4.0,2,False
GABC,"German American Bancorp, Inc.",Financial Services,Banks - Regional,,10.0,,15.6,4.3,10.0,3,False,10.6,12.7,11.6,2,False
GEN,Gen Digital Inc.,Technology,Software - Infrastructure,0.5,18.5,9.6,17.5,15.1,12.2,5,False,18.3,9.0,13.6,2,False
GL,Globe Life Inc.,Financial Services,Insurance - Life,7.6,16.3,,7.3,15.8,11.8,4,False,16.2,11.0,13.6,2,False
HWM,Howmet Aerospace Inc.,Industrials,Aerospace & Defense,5.6,18.4,9.9,18.2,3.7,11.2,5,False,0.7,12.9,6.8,2,False
ICLR,ICON Public Limited Company,Healthcare,Diagnostics & Research,6.5,8.2,9.9,10.4,14.7,9.9,5,False,0.0,5.8,2.9,2,False
IRMD,IRADIMED CORPORATION,Healthcare,Medical Devices,15.2,17.4,11.0,18.3,8.3,14.0,5,False,0.0,11.4,5.7,2,False
J,Jacobs Solutions Inc.,Industrials,Engineering & Construction,8.0,6.4,10.9,5.3,14.2,9.0,5,False,0.0,7.1,3.6,2,False
LB,LandBridge Company LLC,Energy,Oil & Gas E&P,13.7,9.5,11.3,16.2,3.6,10.9,5,False,0.0,14.6,7.3,2,False
MQY,"BlackRock MuniYield Quality Fund, Inc.",Financial Services,Asset Management,4.2,1.5,,16.1,16.9,9.7,4,False,0.0,4.4,2.2,2,False
MTDR,Matador Resources Company,Energy,Oil & Gas E&P,4.8,11.2,1.9,14.9,3.7,7.3,5,False,16.6,8.1,12.4,2,False
NET,"Cloudflare, Inc.",Technology,Software - Infrastructure,6.8,1.9,7.4,2.6,0.1,3.8,5,False,,12.8,12.8,1,True
NVS,Novartis AG,Healthcare,Drug Manufacturers - General,1.9,18.3,10.0,18.2,17.8,13.2,5,False,9.1,11.4,10.2,2,False
OBDC,Blue Owl Capital Corporation,Financial Services,Asset Management,4.0,2.1,,12.8,19.4,9.6,4,False,1.8,4.0,2.9,2,False
ODTX,"Odyssey Therapeutics, Inc.",Healthcare,Biotechnology,16.2,,18.4,3.4,,12.7,3,False,,,,0,True
ORC,"Orchid Island Capital, Inc.",Real Estate,REIT - Mortgage,1.0,18.5,0.4,19.4,17.9,11.4,5,False,19.2,13.4,16.3,2,False
PLTR,Palantir Technologies Inc.,Technology,Software - Infrastructure,18.0,18.2,7.9,19.5,0.6,12.8,5,False,0.0,7.4,3.7,2,False
PNC,"The PNC Financial Services Group, Inc.",Financial Services,Banks - Regional,,10.3,,11.6,12.5,11.5,3,False,10.0,11.6,10.8,2,False
RCAT,"Red Cat Holdings, Inc.",Industrials,Aerospace & Defense,19.2,0.5,10.4,0.2,,7.6,4,False,,2.9,2.9,1,True
SGML,Sigma Lithium Corporation,Basic Materials,Other Industrial Metals & Mining,0.2,0.7,9.8,6.4,,4.3,4,False,,18.3,18.3,1,True
SIND,Sinda Ltd.,Basic Materials,Other Precious Metals & Mining,19.2,,17.7,3.2,,13.4,3,False,,,,0,True
SPTX,"Seaport Therapeutics, Inc.",Healthcare,Biotechnology,18.4,,17.7,7.0,,14.4,3,False,,,,0,True
SVC,Service Properties Trust,Real Estate,REIT - Hotel & Motel,3.8,0.3,10.7,3.4,17.1,7.1,5,False,,0.4,0.4,1,True
TEM,"Tempus AI, Inc.",Healthcare,Health Information Services,6.0,2.1,7.2,3.4,2.3,4.2,5,False,,2.7,2.7,1,True
TFSL,TFS Financial Corporation,Financial Services,Banks - Regional,,2.6,,12.6,2.7,6.0,3,False,0.0,15.6,7.8,2,False
KOFUBL.MX,"Coca-Cola FEMSA, S.A.B. de C.V.",Consumer Defensive,Beverages - Non-Alcoholic,11.2,15.0,10.0,12.9,7.7,11.4,5,False,10.9,16.6,13.8,2,False
Q.MX,"Quálitas Controladora, S.A.B. de C.V.",Financial Services,Insurance - Property & Casualty,15.0,15.0,,3.0,13.8,11.7,4,False,8.1,3.3,5.7,2,False
071050.KS,"Korea Investment Holdings Co., Ltd.",Financial Services,Capital Markets,,17.3,,18.5,3.7,13.2,3,False,,15.0,15.0,1,True
004990.KS,LOTTE Corporation,Consumer Defensive,Confectioners,5.9,1.1,0.2,2.2,16.7,5.2,5,False,,4.1,4.1,1,True
035420.KS,NAVER Corporation,Communication Services,Internet Content & Information,12.7,7.3,12.6,13.6,5.2,10.3,5,False,,5.4,5.4,1,True
005490.KS,POSCO Holdings Inc.,Basic Materials,Steel,9.0,5.2,1.4,4.8,12.9,6.7,5,False,,10.3,10.3,1,True
029780.KS,"Samsung Card Co., Ltd.",Financial Services,Credit Services,11.2,3.7,,12.3,14.5,10.4,4,False,,2.8,2.8,1,True
APE.AX,Eagers Automotive Limited,Consumer Cyclical,Auto & Truck Dealerships,3.5,11.6,4.4,4.4,7.6,6.3,5,False,1.6,3.4,2.5,2,False
HDN.AX,HomeCo Daily Needs REIT,Real Estate,REIT - Retail,10.6,15.1,9.4,18.6,16.4,14.0,5,False,20.0,3.6,11.8,2,False
IGO.AX,IGO Limited,Basic Materials,Other Industrial Metals & Mining,18.2,8.4,14.2,9.2,15.2,13.0,5,False,0.0,16.7,8.4,2,False
NST.AX,Northern Star Resources Limited,Basic Materials,Gold,11.0,11.1,10.2,15.2,9.4,11.4,5,False,2.6,4.4,3.5,2,False
NXG.AX,NexGen Energy Ltd.,Energy,Uranium,13.6,1.4,,2.1,,5.7,3,False,,2.6,2.6,1,True
RMD.AX,ResMed Inc.,Healthcare,Medical Instruments & Supplies,11.2,17.6,,18.2,,15.7,3,False,17.0,3.2,10.1,2,False
RYM.AX,Ryman Healthcare Limited,Healthcare,Medical Care Facilities,4.6,7.5,,6.5,,6.2,3,False,,,,0,True
SHL.AX,Sonic Healthcare Limited,Healthcare,Diagnostics & Research,4.5,10.7,9.6,11.8,18.5,11.0,5,False,19.9,5.5,12.7,2,False
1942.T,"Kandenko Co.,Ltd.",Industrials,Engineering & Construction,17.2,13.7,18.5,11.4,11.0,14.4,5,False,10.0,15.0,12.5,2,False
1944.T,Kinden Corporation,Industrials,Engineering & Construction,9.6,12.1,15.7,9.8,10.0,11.4,5,False,7.8,15.5,11.6,2,False
285A.T,Kioxia Holdings Corporation,Technology,Semiconductors,9.6,19.5,9.5,19.5,5.1,12.6,5,False,1.2,19.9,10.5,2,False
4528.T,"Ono Pharmaceutical Co., Ltd.",Healthcare,Drug Manufacturers - General,12.0,11.9,16.1,16.6,16.3,14.6,5,False,15.9,14.4,15.2,2,False
4568.T,"Daiichi Sankyo Company, Limited",Healthcare,Drug Manufacturers - General,9.4,14.9,7.0,14.6,11.1,11.4,5,False,12.6,4.3,8.4,2,False
5076.T,INFRONEER Holdings Inc.,Industrials,Engineering & Construction,9.9,16.4,4.5,9.0,13.4,10.6,5,False,17.9,18.9,18.4,2,False
5444.T,"Yamato Kogyo Co., Ltd.",Basic Materials,Steel,19.2,12.0,19.9,10.4,15.9,15.5,5,False,17.3,12.8,15.0,2,False
5631.T,"The Japan Steel Works, Ltd.",Industrials,Specialty Industrial Machinery,9.8,8.5,15.6,9.8,5.0,9.7,5,False,10.8,2.9,6.8,2,False
6268.T,Nabtesco Corporation,Industrials,Specialty Industrial Machinery,14.3,5.6,16.9,8.8,12.2,11.6,5,False,11.9,15.6,13.8,2,False
6361.T,Ebara Corporation,Industrials,Specialty Industrial Machinery,11.6,7.8,12.0,6.4,7.7,9.1,5,False,12.0,15.5,13.8,2,False
6472.T,NTN Corporation,Industrials,Tools & Accessories,5.2,4.6,10.5,3.5,10.4,6.8,5,False,16.2,10.2,13.2,2,False
6503.T,Mitsubishi Electric Corporation,Industrials,Electrical Equipment & Parts,14.6,8.5,12.2,9.0,7.8,10.4,5,False,11.3,16.6,14.0,2,False
8359.T,"Hachijuni Nagano Bank, Ltd.",Financial Services,Banks - Regional,,3.2,,12.4,5.6,7.1,3,False,1.3,19.0,10.2,2,False
8630.T,"Sompo Holdings, Inc.",Financial Services,Insurance - Property & Casualty,16.8,12.3,,4.4,12.1,11.4,4,False,0.0,17.1,8.6,2,False
8725.T,"MS&AD Insurance Group Holdings, Inc.",Financial Services,Insurance - Property & Casualty,14.4,13.4,,5.8,13.2,11.7,4,False,14.6,17.6,16.1,2,False
9064.T,"Yamato Holdings Co., Ltd.",Industrials,Trucking,13.2,3.1,17.4,2.4,18.7,11.0,5,False,3.9,3.1,3.5,2,False
9069.T,"SENKO Group Holdings Co., Ltd.",Industrials,Integrated Freight & Logistics,7.0,7.3,2.1,4.0,11.9,6.5,5,False,9.8,10.1,10.0,2,False
9202.T,ANA Holdings Inc.,Industrials,Airlines,9.3,11.3,10.8,6.0,15.4,10.6,5,False,12.0,9.2,10.6,2,False
9602.T,"Toho Co., Ltd.",Communication Services,Entertainment,16.4,9.8,17.9,13.4,6.8,12.9,5,False,10.2,5.7,8.0,2,False
9962.T,MISUMI Group Inc.,Industrials,Tools & Accessories,18.3,10.4,14.3,12.1,12.5,13.5,5,False,8.5,17.8,13.2,2,False
