ticker,name,market
III.L,3i,FTSE 100
ABDN.L,Aberdeen Group,FTSE 100
ADM.L,Admiral Group,FTSE 100
AAF.L,Airtel Africa,FTSE 100
ALW.L,Alliance Witan,FTSE 100
AAL.L,Anglo American plc,FTSE 100
ANTO.L,Antofagasta plc,FTSE 100
ABF.L,Associated British Foods,FTSE 100
AZN.L,AstraZeneca,FTSE 100
AUTO.L,Autotrader Group,FTSE 100
AV.L,Aviva,FTSE 100
BAB.L,Babcock International,FTSE 100
BA.L,BAE Systems,FTSE 100
BARC.L,Barclays,FTSE 100
BTRW.L,Barratt Redrow,FTSE 100
BEZ.L,Beazley,FTSE 100
BP.L,BP,FTSE 100
BATS.L,British American Tobacco,FTSE 100
BLND.L,British Land,FTSE 100
BT.A.L,BT Group,FTSE 100
BNZL.L,Bunzl,FTSE 100
BRBY.L,Burberry Group,FTSE 100
CNA.L,Centrica,FTSE 100
CCEP.L,Coca-Cola Europacific Partners,FTSE 100
CCH.L,Coca-Cola HBC,FTSE 100
CPG.L,Compass Group,FTSE 100
CCC.L,Computacenter,FTSE 100
CTEC.L,Convatec,FTSE 100
CRDA.L,Croda International,FTSE 100
DCC.L,DCC Energy,FTSE 100
DGE.L,Diageo,FTSE 100
DPLM.L,Diploma,FTSE 100
EDV.L,Endeavour Mining,FTSE 100
ENT.L,Entain,FTSE 100
EXPN.L,Experian,FTSE 100
FCIT.L,F & C Investment Trust,FTSE 100
FRES.L,Fresnillo plc,FTSE 100
GAW.L,Games Workshop,FTSE 100
GLEN.L,Glencore,FTSE 100
GSK.L,GSK plc,FTSE 100
HLN.L,Haleon,FTSE 100
HLMA.L,Halma plc,FTSE 100
HSX.L,Hiscox,FTSE 100
HWDN.L,Howdens Joinery,FTSE 100
HSBA.L,HSBC,FTSE 100
ICG.L,ICG,FTSE 100
IGG.L,IG Group,FTSE 100
IHG.L,IHG Hotels & Resorts,FTSE 100
IMI.L,IMI,FTSE 100
IMB.L,Imperial Brands,FTSE 100
INF.L,Informa,FTSE 100
IAG.L,International Airlines Group,FTSE 100
ITRK.L,Intertek,FTSE 100
INVP.L,Investec,FTSE 100
JD.L,JD Sports,FTSE 100
BGEO.L,Lion Finance Group,FTSE 100
KGF.L,Kingfisher plc,FTSE 100
LAND.L,Land Securities,FTSE 100
LGEN.L,Legal & General,FTSE 100
LLOY.L,Lloyds Banking Group,FTSE 100
LMP.L,LondonMetric Property,FTSE 100
LSEG.L,London Stock Exchange Group,FTSE 100
MNG.L,M&G,FTSE 100
MKS.L,Marks & Spencer,FTSE 100
MRO.L,Melrose Industries,FTSE 100
MTLN.L,Metlen Energy & Metals,FTSE 100
NG.L,National Grid plc,FTSE 100
NWG.L,NatWest Group,FTSE 100
NXT.L,Next plc,FTSE 100
PSON.L,Pearson plc,FTSE 100
PSH.L,Pershing Square Holdings,FTSE 100
PSN.L,Persimmon,FTSE 100
PCT.L,Polar Capital Technology Trust,FTSE 100
PRU.L,Prudential plc,FTSE 100
RKT.L,Reckitt,FTSE 100
REL.L,RELX,FTSE 100
RTO.L,Rentokil Initial,FTSE 100
RIO.L,Rio Tinto,FTSE 100
RR.L,Rolls-Royce Holdings,FTSE 100
SGE.L,Sage Group,FTSE 100
SBRY.L,Sainsbury's,FTSE 100
SDR.L,Schroders,FTSE 100
SMT.L,Scottish Mortgage Investment Trust,FTSE 100
SGRO.L,Segro,FTSE 100
SVT.L,Severn Trent,FTSE 100
SHEL.L,Shell plc,FTSE 100
SMIN.L,Smiths Group,FTSE 100
SN.L,Smith & Nephew,FTSE 100
SPX.L,Spirax Group,FTSE 100
SSE.L,SSE plc,FTSE 100
STAN.L,Standard Chartered,FTSE 100
SDLF.L,Standard Life,FTSE 100
STJ.L,St. James's Place,FTSE 100
TSCO.L,Tesco,FTSE 100
BBOX.L,Tritax Big Box REIT,FTSE 100
ULVR.L,Unilever,FTSE 100
UU.L,United Utilities,FTSE 100
VOD.L,Vodafone Group,FTSE 100
WEIR.L,Weir Group,FTSE 100
WTB.L,Whitbread,FTSE 100
3IN.L,3i Infrastructure,FTSE 250
FOUR.L,4imprint,FTSE 250
AAS.L,Aberdeen Asia Focus,FTSE 250
ASL.L,Aberforth Smaller Companies Trust,FTSE 250
AEP.L,AEP Plantations,FTSE 250
ALFA.L,Alfa Financial Software,FTSE 250
ATT.L,Allianz Technology Trust,FTSE 250
AO.L,AO World,FTSE 250
APN.L,Applied Nutrition,FTSE 250
ASHM.L,Ashmore Group,FTSE 250
AIE.L,Ashoka India Equity Investment Trust,FTSE 250
AML.L,Aston Martin Lagonda,FTSE 250
ATYM.L,Atalaya Mining,FTSE 250
ATG.L,Auction Technology Group,FTSE 250
AGT.L,AVI Global Trust,FTSE 250
AVON.L,Avon Technologies,FTSE 250
BME.L,B&M,FTSE 250
BGFD.L,Baillie Gifford Japan Trust,FTSE 250
USA.L,Baillie Gifford US Growth Trust,FTSE 250
BBY.L,Balfour Beatty,FTSE 250
BCG.L,Baltic Classifieds,FTSE 250
BNKR.L,Bankers Investment Trust,FTSE 250
BAG.L,A.G. Barr,FTSE 250
AJB.L,AJ Bell,FTSE 250
BWY.L,Bellway,FTSE 250
BKG.L,Berkeley Group Holdings,FTSE 250
BHMG.L,BH Macro,FTSE 250
BYG.L,Big Yellow Group,FTSE 250
BPCR.L,Biopharma Credit,FTSE 250
BRGE.L,BlackRock Greater Europe Investment Trust,FTSE 250
BRSC.L,BlackRock Smaller Companies Trust,FTSE 250
BRWM.L,BlackRock World Mining Trust,FTSE 250
BMY.L,Bloomsbury Publishing,FTSE 250
BOY.L,Bodycote,FTSE 250
BREE.L,Breedon Group,FTSE 250
BPT.L,Bridgepoint Group,FTSE 250
BUT.L,Brunner Investment Trust,FTSE 250
BYIT.L,Bytes Technology Group,FTSE 250
CLDN.L,Caledonia Investments,FTSE 250
CGT.L,Capital Gearing Trust,FTSE 250
CWR.L,Ceres Power,FTSE 250
CHG.L,Chemring Group,FTSE 250
CSN.L,Chesnara,FTSE 250
CTY.L,City of London Investment Trust,FTSE 250
CKN.L,Clarkson,FTSE 250
CBG.L,Close Brothers Group,FTSE 250
CMCX.L,CMC Markets,FTSE 250
COA.L,Coats Group,FTSE 250
CORD.L,Cordiant Digital Infrastructure,FTSE 250
COST.L,Costain Group,FTSE 250
CWK.L,Cranswick,FTSE 250
CURY.L,Currys,FTSE 250
CVSG.L,CVS Group,FTSE 250
DLN.L,Derwent London,FTSE 250
DSCV.L,discoverIE,FTSE 250
DOM.L,Domino's Pizza,FTSE 250
DRX.L,Drax Group,FTSE 250
DOCS.L,Dr. Martens,FTSE 250
DNLM.L,Dunelm Group,FTSE 250
EZJ.L,EasyJet,FTSE 250
EDIN.L,Edinburgh Investment Trust,FTSE 250
EWI.L,Edinburgh Worldwide Investment Trust,FTSE 250
ELM.L,Elementis,FTSE 250
ENOG.L,Energean,FTSE 250
ESCT.L,European Smaller Companies Trust,FTSE 250
EWG.L,Eurowag,FTSE 250
FCSS.L,Fidelity China Special Situations,FTSE 250
FEML.L,Fidelity Emerging Markets,FTSE 250
FEV.L,Fidelity European Trust,FTSE 250
FSV.L,Fidelity Special Values,FTSE 250
FGT.L,Finsbury Growth & Income Trust,FTSE 250
FGP.L,FirstGroup,FTSE 250
FGEN.L,Foresight Environmental Infrastructure,FTSE 250
FSG.L,Foresight Group,FTSE 250
FRAS.L,Frasers Group,FTSE 250
FCH.L,Funding Circle,FTSE 250
GFRD.L,Galliford Try,FTSE 250
GAMA.L,Gamma Communications,FTSE 250
GBG.L,GB Group,FTSE 250
GCP.L,GCP Infrastructure Investments,FTSE 250
GEN.L,Genuit Group,FTSE 250
GNS.L,Genus,FTSE 250
DATA.L,GlobalData,FTSE 250
GSCT.L,Global Smaller Companies Trust,FTSE 250
GDWN.L,Goodwin,FTSE 250
GFTU.L,Grafton Group,FTSE 250
GRI.L,Grainger,FTSE 250
GPE.L,Great Portland Estates,FTSE 250
UKW.L,Greencoat UK Wind,FTSE 250
GNC.L,Greencore,FTSE 250
GRG.L,Greggs,FTSE 250
HFD.L,Halfords,FTSE 250
HMSO.L,Hammerson,FTSE 250
HANA.L,Hansa Investment Company,FTSE 250
HBR.L,Harbour Energy,FTSE 250
HVPE.L,HarbourVest Global Private Equity,FTSE 250
HWG.L,Harworth Group,FTSE 250
HAS.L,Hays,FTSE 250
HTWS.L,Helios Towers,FTSE 250
HFEL.L,Henderson Far East Income,FTSE 250
HSL.L,Henderson Smaller Companies Investment Trust,FTSE 250
HRI.L,Herald Investment Trust,FTSE 250
HGT.L,Hg Capital Trust,FTSE 250
HICL.L,HICL Infrastructure Company,FTSE 250
HIK.L,Hikma Pharmaceuticals,FTSE 250
HILS.L,Hill & Smith,FTSE 250
HFG.L,Hilton Food Group,FTSE 250
HOC.L,Hochschild Mining,FTSE 250
BOWL.L,Hollywood Bowl Group,FTSE 250
HTG.L,Hunting,FTSE 250
ICGT.L,ICG Enterprise Trust,FTSE 250
INCH.L,Inchcape,FTSE 250
IHP.L,IntegraFin Holdings,FTSE 250
INPP.L,International Public Partnerships,FTSE 250
IWG.L,International Workplace Group,FTSE 250
IAD.L,Invesco Asia Dragon Trust,FTSE 250
IPO.L,IP Group,FTSE 250
ITH.L,Ithaca Energy,FTSE 250
ITV.L,ITV,FTSE 250
JMAT.L,Johnson Matthey,FTSE 250
JSG.L,Johnson Service Group,FTSE 250
JAM.L,JPMorgan American Investment Trust,FTSE 250
JCH.L,JPMorgan Claverhouse Investment Trust,FTSE 250
JEMI.L,JPMorgan Emerging Markets Dividend Income,FTSE 250
JMGI.L,JPMorgan Emerging Markets Growth & Income,FTSE 250
JEDT.L,JPMorgan European Discovery,FTSE 250
JEGI.L,JPMorgan European Growth & Income,FTSE 250
JGGI.L,JPMorgan Global Growth & Income,FTSE 250
JFJ.L,JPMorgan Japanese Investment Trust,FTSE 250
JTC.L,JTC,FTSE 250
JUP.L,Jupiter Fund Management,FTSE 250
KNOS.L,Kainos,FTSE 250
KLR.L,Keller Group,FTSE 250
KIE.L,Kier Group,FTSE 250
LRE.L,Lancashire Holdings,FTSE 250
LWDB.L,Law Debenture,FTSE 250
EMG.L,Man Group,FTSE 250
MEGP.L,ME Group International,FTSE 250
MRC.L,Mercantile Investment Trust,FTSE 250
MRCH.L,Merchants Trust,FTSE 250
MTRO.L,Metro Bank,FTSE 250
MAB.L,Mitchells & Butlers,FTSE 250
MTO.L,Mitie,FTSE 250
GROW.L,Molten Ventures,FTSE 250
MNDI.L,Mondi,FTSE 250
MNKS.L,Monks Investment Trust,FTSE 250
MONY.L,MONY Group,FTSE 250
MOON.L,Moonpig,FTSE 250
MGAM.L,Morgan Advanced Materials,FTSE 250
MGNS.L,Morgan Sindall Group,FTSE 250
MUT.L,Murray Income Trust,FTSE 250
MYI.L,Murray International Trust,FTSE 250
NBPE.L,NB Private Equity Partners,FTSE 250
NCC.L,NCC Group,FTSE 250
N91.L,Ninety One,FTSE 250
NAS.L,North Atlantic Smaller Companies Investment Trust,FTSE 250
OCI.L,Oakley Capital Investments,FTSE 250
OCDO.L,Ocado Group,FTSE 250
OSB.L,OSB Group,FTSE 250
OXB.L,Oxford Biomedica,FTSE 250
OXIG.L,Oxford Instruments,FTSE 250
ONT.L,Oxford Nanopore Technologies,FTSE 250
PHI.L,Pacific Horizon Investment Trust,FTSE 250
PAGE.L,PageGroup,FTSE 250
PAF.L,Pan African Resources,FTSE 250
PINT.L,Pantheon Infrastructure,FTSE 250
PIN.L,Pantheon International,FTSE 250
PAG.L,Paragon Banking Group,FTSE 250
PEY.L,Partners Group Private Equity,FTSE 250
PPET.L,Patria Private Equity Trust,FTSE 250
PNN.L,Pennon Group,FTSE 250
PNL.L,Personal Assets Trust,FTSE 250
PETS.L,Pets at Home,FTSE 250
PTEC.L,Playtech,FTSE 250
PLUS.L,Plus500,FTSE 250
PCGH.L,Polar Capital Global Healthcare Trust,FTSE 250
POLN.L,Pollen Street Group,FTSE 250
PPH.L,PPHE Hotel Group,FTSE 250
PFD.L,Premier Foods,FTSE 250
PHP.L,Primary Health Properties,FTSE 250
PRN.L,Princes Group,FTSE 250
QQ.L,Qinetiq,FTSE 250
QLT.L,Quilter,FTSE 250
RNK.L,Rank Group,FTSE 250
RPI.L,Raspberry Pi Holdings,FTSE 250
RAT.L,Rathbones,FTSE 250
RSW.L,Renishaw,FTSE 250
RHIM.L,RHI Magnesita,FTSE 250
RMV.L,Rightmove,FTSE 250
RCP.L,RIT Capital Partners,FTSE 250
ROSE.L,Rosebank Industries,FTSE 250
ROR.L,Rotork,FTSE 250
RS1.L,RS Group,FTSE 250
RTW.L,RTW Biotech Opportunities,FTSE 250
RICA.L,Ruffer Investment Company,FTSE 250
SAFE.L,Safestore,FTSE 250
SAGA.L,Saga,FTSE 250
SVS.L,Savills,FTSE 250
MNTN.L,Schiehallion Fund,FTSE 250
ATR.L,Schroder Asian Total Return Investment Company,FTSE 250
SDP.L,Schroder AsiaPacific Fund,FTSE 250
SOI.L,Schroder Oriental Income Fund,FTSE 250
SAIN.L,Scottish American Investment Company,FTSE 250
SEIT.L,SDCL Efficiency Income Trust,FTSE 250
SNR.L,Senior,FTSE 250
SEQI.L,Sequoia Economic Infrastructure Income Fund,FTSE 250
SSIT.L,Seraphim Space Investment Trust,FTSE 250
SRP.L,Serco,FTSE 250
SHC.L,Shaftesbury Capital,FTSE 250
SHAW.L,Shawbrook Bank,FTSE 250
SRE.L,Sirius Real Estate,FTSE 250
SCT.L,Softcat,FTSE 250
SPI.L,Spire Healthcare,FTSE 250
SSPG.L,SSP Group,FTSE 250
SUPR.L,Supermarket Income REIT,FTSE 250
SYNC.L,Syncona,FTSE 250
THRL.L,Target Healthcare REIT,FTSE 250
TATE.L,Tate & Lyle,FTSE 250
TW.L,Taylor Wimpey,FTSE 250
TBCG.L,TBC Bank,FTSE 250
TEP.L,Telecom Plus,FTSE 250
TMPL.L,Temple Bar Investment Trust,FTSE 250
TEM.L,Templeton Emerging Markets Investment Trust,FTSE 250
TRIG.L,The Renewables Infrastructure Group,FTSE 250
THG.L,THG,FTSE 250
TCAP.L,TP ICAP,FTSE 250
TRN.L,Trainline,FTSE 250
TPK.L,Travis Perkins,FTSE 250
TRY.L,TR Property Investment Trust,FTSE 250
TRST.L,Trustpilot,FTSE 250
TFIF.L,Twentyfour Income Fund,FTSE 250
UTG.L,Unite Group,FTSE 250
UEM.L,Utilico Emerging Markets,FTSE 250
VSVS.L,Vesuvius,FTSE 250
VCT.L,Victrex,FTSE 250
VEIL.L,Vietnam Enterprise Investments,FTSE 250
VOF.L,VinaCapital Vietnam Opportunity Fund,FTSE 250
VTY.L,Vistry Group,FTSE 250
FAN.L,Volution Group,FTSE 250
WOSG.L,Watches of Switzerland,FTSE 250
JDW.L,Wetherspoons,FTSE 250
SMWH.L,WHSmith,FTSE 250
WIX.L,Wickes,FTSE 250
WIZZ.L,Wizz Air,FTSE 250
WKP.L,Workspace Group,FTSE 250
WWH.L,Worldwide Healthcare Trust,FTSE 250
WPP.L,WPP,FTSE 250
XPP.L,XP Power,FTSE 250
XPS.L,XPS Pensions,FTSE 250
ZIG.L,Zigup,FTSE 250
,,FTSE 250
ADS.DE,Adidas,DAX
AIR.PA,Airbus,DAX
ALV.DE,Allianz,DAX
BAS.DE,BASF,DAX
BAYN.DE,Bayer,DAX
BEI.DE,Beiersdorf,DAX
BMW.DE,BMW,DAX
BNR.DE,Brenntag,DAX
CBK.DE,Commerzbank,DAX
CON.DE,Continental,DAX
DTG.DE,Daimler Truck,DAX
DBK.DE,Deutsche Bank,DAX
DB1.DE,Deutsche Börse,DAX
DHL.DE,Deutsche Post,DAX
DTE.DE,Deutsche Telekom,DAX
EOAN.DE,E.ON,DAX
FRE.DE,Fresenius,DAX
FME.DE,Fresenius Medical Care,DAX
G1A.DE,GEA Group,DAX
HNR1.DE,Hannover Re,DAX
HEI.DE,Heidelberg Materials,DAX
HEN3.DE,Henkel,DAX
IFX.DE,Infineon Technologies,DAX
MBG.DE,Mercedes-Benz Group,DAX
MRK.DE,Merck,DAX
MTX.DE,MTU Aero Engines,DAX
MUV2.DE,Munich Re,DAX
PAH3.DE,Porsche SE,DAX
QIA.DE,Qiagen,DAX
RHM.DE,Rheinmetall,DAX
RWE.DE,RWE,DAX
SAP.DE,SAP,DAX
G24.DE,Scout24,DAX
SIE.DE,Siemens,DAX
ENR.DE,Siemens Energy,DAX
SHL.DE,Siemens Healthineers,DAX
SY1.DE,Symrise,DAX
VOW3.DE,Volkswagen Group,DAX
VNA.DE,Vonovia,DAX
ZAL.DE,Zalando,DAX
AIXA.DE,Aixtron,MDAX
AT1.DE,Aroundtown,MDAX
NDA.DE,Aurubis,MDAX
BC8.DE,Bechtle,MDAX
BFSA.DE,Befesa,MDAX
GBF.DE,Bilfinger,MDAX
AFX.DE,Carl Zeiss Meditec,MDAX
EVD.DE,CTS Eventim,MDAX
DHER.DE,Delivery Hero,MDAX
LHA.DE,Lufthansa,MDAX
ECV.DE,Encavis,MDAX
EVK.DE,Evonik,MDAX
EVT.DE,Evotec,MDAX
FRA.DE,Fraport,MDAX
FNTN.DE,Freenet,MDAX
FPE3.DE,Fuchs Petrolub,MDAX
GXI.DE,Gerresheimer,MDAX
HLE.DE,Hella,MDAX
HFG.DE,HelloFresh,MDAX
HAG.DE,Hensoldt,MDAX
HOT.DE,Hochtief,MDAX
BOSS.DE,Hugo Boss,MDAX
JEN.DE,Jenoptik,MDAX
JUN3.DE,Jungheinrich,MDAX
SDF.DE,K+S,MDAX
KGX.DE,KION Group,MDAX
KBX.DE,Knorr-Bremse,MDAX
KRN.DE,Krones,MDAX
LXS.DE,Lanxess,MDAX
LEG.DE,LEG Immobilien,MDAX
NEM.DE,Nemetschek,MDAX
NDX1.DE,Nordex,MDAX
PUM.DE,Puma,MDAX
RAA.DE,Rational,MDAX
RDC.DE,Redcare Pharmacy,MDAX
RRTL.DE,RTL Group,MDAX
WAF.DE,Siltronic,MDAX
STM.DE,Stabilus,MDAX
SAX.DE,Ströer,MDAX
TEG.DE,TAG Tegernsee Immobilien und Beteiligung,MDAX
TLX.DE,Talanx,MDAX
TMV.DE,TeamViewer,MDAX
TKA.DE,ThyssenKrupp,MDAX
8TRA.DE,Traton,MDAX
TUI1.DE,TUI,MDAX
UTDI.DE,United Internet,MDAX
WCH.DE,Wacker Chemie,MDAX
NOVN.SW,Novartis International AG,SMI
ROP.SW,Roche Holding AG,SMI
NESN.SW,Nestlé SA,SMI
ABBN.SW,ABB Ltd,SMI
UBSG.SW,UBS Group AG,SMI
CFR.SW,Compagnie Financière Richemont SA,SMI
ZURN.SW,Zurich Insurance Group AG,SMI
HOLN.SW,Holcim Limited,SMI
SREN.SW,Swiss Reinsurance Company Ltd,SMI
LONN.SW,Lonza Group AG,SMI
SCMN.SW,Swisscom AG,SMI
GIVN.SW,Givaudan SA,SMI
ALC.SW,Alcon Inc,SMI
SIKA.SW,Sika AG,SMI
AMRZ.SW,Amrize AG,SMI
SLHN.SW,Swiss Life Holding AG,SMI
KNIN.SW,Kuehne + Nagel,SMI
GEBN.SW,Geberit AG,SMI
PGHN.SW,Partners Group Holding AG,SMI
LOGN.SW,Logitech International SA,SMI
AC.PA,Accor,CAC 40
AI.PA,Air Liquide,CAC 40
MT.AS,ArcelorMittal,CAC 40
CS.PA,Axa,CAC 40
BNP.PA,BNP Paribas,CAC 40
EN.PA,Bouygues,CAC 40
BVI.PA,Bureau Veritas,CAC 40
CAP.PA,Capgemini,CAC 40
CA.PA,Carrefour,CAC 40
ACA.PA,Crédit Agricole,CAC 40
BN.PA,Danone,CAC 40
DSY.PA,Dassault Systèmes,CAC 40
EDEN.PA,Edenred,CAC 40
ENGI.PA,Engie,CAC 40
EL.PA,EssilorLuxottica,CAC 40
ERF.PA,Eurofins Scientific,CAC 40
RMS.PA,Hermès,CAC 40
KER.PA,Kering,CAC 40
OR.PA,L'Oréal,CAC 40
LR.PA,Legrand,CAC 40
MC.PA,LVMH,CAC 40
ML.PA,Michelin,CAC 40
ORA.PA,Orange,CAC 40
RI.PA,Pernod Ricard,CAC 40
PUB.PA,Publicis,CAC 40
RNO.PA,Renault,CAC 40
SAF.PA,Safran,CAC 40
SGO.PA,Saint-Gobain,CAC 40
SAN.PA,Sanofi,CAC 40
SU.PA,Schneider Electric,CAC 40
GLE.PA,Société Générale,CAC 40
STLAP.PA,Stellantis,CAC 40
STMPA.PA,STMicroelectronics,CAC 40
TEP.PA,Teleperformance,CAC 40
HO.PA,Thales,CAC 40
TTE.PA,TotalEnergies,CAC 40
URW.PA,Unibail-Rodamco-Westfield,CAC 40
VIE.PA,Veolia,CAC 40
DG.PA,Vinci,CAC 40
0005.HK,HSBC Holdings plc,Hang Seng
0388.HK,HKEx Limited,Hang Seng
0939.HK,China Construction Bank,Hang Seng
1299.HK,AIA Group Limited,Hang Seng
1398.HK,Industrial and Commercial Bank of China,Hang Seng
2318.HK,Ping An Insurance,Hang Seng
2388.HK,BOC Hong Kong (Holdings) Ltd,Hang Seng
2628.HK,China Life,Hang Seng
3968.HK,China Merchants Bank,Hang Seng
3988.HK,Bank of China Ltd,Hang Seng
0002.HK,CLP Holdings Limited,Hang Seng
0003.HK,Hong Kong and China Gas Company Limited,Hang Seng
0006.HK,Power Assets Holdings Limited,Hang Seng
0836.HK,China Resources Power,Hang Seng
1038.HK,Cheung Kong Infrastructure Holdings Limited,Hang Seng
2688.HK,ENN Energy,Hang Seng
0012.HK,Henderson Land Development Company Limited,Hang Seng
0016.HK,Sun Hung Kai Properties Limited,Hang Seng
0101.HK,Hang Lung Properties Limited,Hang Seng
0688.HK,China Overseas Land & Investment Limited,Hang Seng
0823.HK,Link REIT,Hang Seng
0960.HK,Longfor Properties,Hang Seng
1109.HK,China Resources Land Limited,Hang Seng
1113.HK,CK Asset Holdings,Hang Seng
1209.HK,China Resources Mixc Lifestyle,Hang Seng
1997.HK,Wharf Real Estate Investment Company Limited,Hang Seng
0001.HK,CK Hutchison Holdings Limited,Hang Seng
0027.HK,Galaxy Entertainment Group Ltd.,Hang Seng
0066.HK,MTR Corporation Ltd,Hang Seng
0175.HK,Geely Auto,Hang Seng
0241.HK,Alibaba Health,Hang Seng
0267.HK,CITIC Limited,Hang Seng
0285.HK,BYD Electronics,Hang Seng
0288.HK,WH Group,Hang Seng
0291.HK,China Resources Beer,Hang Seng
0300.HK,Midea Group,Hang Seng
0316.HK,Orient Overseas (International) Limited,Hang Seng
0322.HK,Tingyi,Hang Seng
0386.HK,Sinopec Corp,Hang Seng
0669.HK,Techtronic Industries,Hang Seng
0700.HK,Tencent Holdings Limited,Hang Seng
0762.HK,China Unicom,Hang Seng
0857.HK,PetroChina Company Limited,Hang Seng
0868.HK,Xinyi Glass,Hang Seng
0881.HK,Zhongsheng Group,Hang Seng
0883.HK,CNOOC Limited,Hang Seng
0941.HK,China Mobile Ltd,Hang Seng
0968.HK,Xinyi Solar,Hang Seng
0981.HK,Semiconductor Manufacturing International Corporation,Hang Seng
0992.HK,Lenovo,Hang Seng
1024.HK,Kuaishou,Hang Seng
1044.HK,Hengan International Group Co. Ltd,Hang Seng
1088.HK,China Shenhua Energy,Hang Seng
1093.HK,CSPC Pharmaceutical Group,Hang Seng
1099.HK,Sinopharm Group,Hang Seng
1177.HK,Sino Biopharm,Hang Seng
1211.HK,BYD Company,Hang Seng
1378.HK,China Hongqiao Group,Hang Seng
1810.HK,Xiaomi,Hang Seng
1876.HK,Budweiser Brewing Company APAC,Hang Seng
1928.HK,Sands China,Hang Seng
1929.HK,Chow Tai Fook,Hang Seng
2015.HK,Li Auto,Hang Seng
2020.HK,Anta Sports,Hang Seng
2057.HK,ZTO Express,Hang Seng
2269.HK,WuXi Biologics,Hang Seng
2313.HK,Shenzhou International,Hang Seng
2319.HK,Mengniu Dairy,Hang Seng
2331.HK,Li-Ning,Hang Seng
2359.HK,WuXi AppTec,Hang Seng
2382.HK,Sunny Optical,Hang Seng
2618.HK,JD Logistics,Hang Seng
2899.HK,Zijin Mining,Hang Seng
3690.HK,Meituan,Hang Seng
3692.HK,Hansoh Pharmaceutical Group,Hang Seng
6618.HK,JD Health,Hang Seng
6690.HK,Haier,Hang Seng
6862.HK,Haidilao,Hang Seng
9618.HK,JD.com,Hang Seng
9633.HK,Nongfu Spring,Hang Seng
9888.HK,Baidu,Hang Seng
9961.HK,Trip.com Group,Hang Seng
9988.HK,Alibaba Group,Hang Seng
9992.HK,Pop Mart,Hang Seng
9999.HK,NetEase,Hang Seng
VNP.TO,5N Plus Inc.,S&P/TSX Composite
ABRA.TO,AbraSilver Resource Corp.,S&P/TSX Composite
AAV.TO,Advantage Energy Ltd.,S&P/TSX Composite
ARE.TO,Aecon Group Inc.,S&P/TSX Composite
AEM.TO,Agnico Eagle Mines Limited,S&P/TSX Composite
AC.TO,Air Canada,S&P/TSX Composite
AGI.TO,Alamos Gold Inc.,S&P/TSX Composite
AQN.TO,Algonquin Power & Utilities Corp.,S&P/TSX Composite
ATD.TO,Alimentation Couche-Tard Inc.,S&P/TSX Composite
AAUC.TO,Allied Gold Corporation,S&P/TSX Composite
AP.UN.TO,Allied Properties Real Estate Investment Trust,S&P/TSX Composite
ALA.TO,AltaGas Ltd.,S&P/TSX Composite
AIF.TO,Altus Group Limited,S&P/TSX Composite
USA.TO,Americas Gold And Silver Corporation,S&P/TSX Composite
ARX.TO,ARC Resources Ltd.,S&P/TSX Composite
ARIS.TO,Aris Mining Corporation,S&P/TSX Composite
ATZ.TO,Aritzia Inc.,S&P/TSX Composite
ACO.X.TO,ATCO Ltd.,S&P/TSX Composite
ATH.TO,Athabasca Oil Corporation,S&P/TSX Composite
ATRL.TO,AtkinsRéalis Group Inc.,S&P/TSX Composite
ATS.TO,ATS Corporation,S&P/TSX Composite
ASM.TO,Avino Silver & Gold Mines Ltd.,S&P/TSX Composite
AYA.TO,Aya Gold & Silver Inc.,S&P/TSX Composite
BTO.TO,B2Gold Corp.,S&P/TSX Composite
BDGI.TO,Badger Infrastructure Solutions Ltd.,S&P/TSX Composite
BMO.TO,Bank of Montreal,S&P/TSX Composite
BNS.TO,Bank of Nova Scotia,S&P/TSX Composite
ABX.TO,Barrick Gold Corporation,S&P/TSX Composite
BHC.TO,Bausch Health Companies Inc.,S&P/TSX Composite
BTE.TO,Baytex Energy Corp.,S&P/TSX Composite
BCE.TO,BCE Inc.,S&P/TSX Composite
BIR.TO,Birchcliff Energy Ltd.,S&P/TSX Composite
BDT.TO,Bird Construction Inc.,S&P/TSX Composite
BB.TO,BlackBerry Limited,S&P/TSX Composite
BEI.UN.TO,Boardwalk Real Estate Investment Trust,S&P/TSX Composite
BBD.B.TO,Bombardier Inc.,S&P/TSX Composite
BLX.TO,Boralex Inc.,S&P/TSX Composite
BYD.TO,Boyd Group Services Inc.,S&P/TSX Composite
BAM.TO,Brookfield Asset Management Ltd.,S&P/TSX Composite
BBUC.TO,Brookfield Business Corporation,S&P/TSX Composite
BN.TO,Brookfield Corporation,S&P/TSX Composite
BIP.UN.TO,Brookfield Infrastructure Partners L.P.,S&P/TSX Composite
BEP.UN.TO,Brookfield Renewable Partners L.P.,S&P/TSX Composite
DOO.TO,BRP Inc.,S&P/TSX Composite
CAE.TO,CAE Inc.,S&P/TSX Composite
CCO.TO,Cameco Corporation,S&P/TSX Composite
CAR.UN.TO,Canadian Apartment Properties Real Estate Investment Trust,S&P/TSX Composite
CM.TO,Canadian Imperial Bank of Commerce,S&P/TSX Composite
CNR.TO,Canadian National Railway Company,S&P/TSX Composite
CNQ.TO,Canadian Natural Resources Limited,S&P/TSX Composite
CP.TO,Canadian Pacific Kansas City Limited,S&P/TSX Composite
CTC.A.TO,Canadian Tire Corporation Limited,S&P/TSX Composite
CU.TO,Canadian Utilities Limited,S&P/TSX Composite
CPX.TO,Capital Power Corporation,S&P/TSX Composite
CS.TO,Capstone Copper Corp.,S&P/TSX Composite
CJT.TO,Cargojet Inc.,S&P/TSX Composite
CCL.B.TO,CCL Industries Inc.,S&P/TSX Composite
CLS.TO,Celestica Inc.,S&P/TSX Composite
CVE.TO,Cenovus Energy Inc.,S&P/TSX Composite
CG.TO,Centerra Gold Inc.,S&P/TSX Composite
CEU.TO,CES Energy Solutions Corp.,S&P/TSX Composite
GIB.A.TO,CGI Inc.,S&P/TSX Composite
CSH.UN.TO,Chartwell Retirement Residences,S&P/TSX Composite
CHP.UN.TO,Choice Properties Real Estate Investment Trust,S&P/TSX Composite
CCA.TO,Cogeco Communications Inc.,S&P/TSX Composite
CIGI.TO,Colliers International Group Inc.,S&P/TSX Composite
CSU.TO,Constellation Software Inc.,S&P/TSX Composite
CRR.UN.TO,Crombie Real Estate Investment Trust,S&P/TSX Composite
CRT.UN.TO,CT Real Estate Investment Trust,S&P/TSX Composite
CURA.TO,"Curaleaf Holdings, Inc.",S&P/TSX Composite
DFY.TO,Definity Financial Corporation,S&P/TSX Composite
DML.TO,Denison Mines Corp.,S&P/TSX Composite
DSG.TO,Descartes Systems Group Inc.,S&P/TSX Composite
DSV.TO,Discovery Silver Corp.,S&P/TSX Composite
DOL.TO,Dollarama Inc.,S&P/TSX Composite
DIR.UN.TO,Dream Industrial Real Estate Investment Trust,S&P/TSX Composite
DPM.TO,Dundee Precious Metals Inc.,S&P/TSX Composite
ELD.TO,Eldorado Gold Corporation,S&P/TSX Composite
EFN.TO,Element Fleet Management Corp.,S&P/TSX Composite
EMA.TO,Emera Incorporated,S&P/TSX Composite
EMP.A.TO,Empire Company Limited,S&P/TSX Composite
ENB.TO,Enbridge Inc.,S&P/TSX Composite
EDR.TO,Endeavour Silver Corp.,S&P/TSX Composite
EFR.TO,Energy Fuels Inc.,S&P/TSX Composite
EQB.TO,EQB Inc.,S&P/TSX Composite
EFX.TO,Equifax Inc.,S&P/TSX Composite
EQX.TO,Equinox Gold Corp.,S&P/TSX Composite
ERO.TO,Ero Copper Corp.,S&P/TSX Composite
EIF.TO,Exchange Income Corporation,S&P/TSX Composite
FFH.TO,Fairfax Financial Holdings Limited,S&P/TSX Composite
FTT.TO,Finning International Inc.,S&P/TSX Composite
FCR.UN.TO,First Capital Real Estate Investment Trust,S&P/TSX Composite
AG.TO,First Majestic Silver Corp.,S&P/TSX Composite
FM.TO,First Quantum Minerals Ltd.,S&P/TSX Composite
FSV.TO,FirstService Corporation,S&P/TSX Composite
FTS.TO,Fortis Inc.,S&P/TSX Composite
FVI.TO,Fortuna Mining Corp.,S&P/TSX Composite
FNV.TO,Franco-Nevada Corporation,S&P/TSX Composite
FRU.TO,Freehold Royalties Ltd.,S&P/TSX Composite
GMIN.TO,G Mining Ventures Corp.,S&P/TSX Composite
WN.TO,George Weston Limited,S&P/TSX Composite
GFL.TO,GFL Environmental Inc.,S&P/TSX Composite
GEI.TO,Gibson Energy Inc.,S&P/TSX Composite
GIL.TO,Gildan Activewear Inc.,S&P/TSX Composite
GSY.TO,goeasy Ltd.,S&P/TSX Composite
GRT.UN.TO,Granite Real Estate Investment Trust,S&P/TSX Composite
GWO.TO,Great-West Lifeco Inc.,S&P/TSX Composite
HR.UN.TO,H&R Real Estate Investment Trust,S&P/TSX Composite
HWX.TO,Headwater Exploration Inc.,S&P/TSX Composite
HBM.TO,Hudbay Minerals Inc.,S&P/TSX Composite
H.TO,Hydro One Limited,S&P/TSX Composite
IAU.TO,I-80 Gold Corp.,S&P/TSX Composite
IAG.TO,iA Financial Corporation Inc.,S&P/TSX Composite
IMG.TO,Iamgold Corporation,S&P/TSX Composite
IGM.TO,IGM Financial Inc.,S&P/TSX Composite
IMO.TO,Imperial Oil Limited,S&P/TSX Composite
IFC.TO,Intact Financial Corporation,S&P/TSX Composite
IPCO.TO,International Petroleum Corporation,S&P/TSX Composite
IIP.UN.TO,InterRent Real Estate Investment Trust,S&P/TSX Composite
IVN.TO,Ivanhoe Mines Ltd.,S&P/TSX Composite
JWEL.TO,Jamieson Wellness Inc.,S&P/TSX Composite
KNT.TO,K92 Mining Inc.,S&P/TSX Composite
KEL.TO,Kelt Exploration Ltd.,S&P/TSX Composite
KEY.TO,Keyera Corp.,S&P/TSX Composite
KMP.UN.TO,Killam Apartment Real Estate Investment Trust,S&P/TSX Composite
KXS.TO,Kinaxis Inc.,S&P/TSX Composite
K.TO,Kinross Gold Corporation,S&P/TSX Composite
LIF.TO,Labrador Iron Ore Royalty Corporation,S&P/TSX Composite
LB.TO,Laurentian Bank of Canada,S&P/TSX Composite
LSPD.TO,Lightspeed Commerce Inc.,S&P/TSX Composite
LNR.TO,Linamar Corporation,S&P/TSX Composite
LAC.TO,Lithium Americas Corp.,S&P/TSX Composite
L.TO,Loblaw Companies Limited,S&P/TSX Composite
LUG.TO,Lundin Gold Inc.,S&P/TSX Composite
LUN.TO,Lundin Mining Corporation,S&P/TSX Composite
MG.TO,Magna International Inc.,S&P/TSX Composite
MFC.TO,Manulife Financial Corporation,S&P/TSX Composite
MFI.TO,Maple Leaf Foods Inc.,S&P/TSX Composite
MDA.TO,MDA Space Ltd.,S&P/TSX Composite
MX.TO,Methanex Corporation,S&P/TSX Composite
MRU.TO,Metro Inc.,S&P/TSX Composite
MAU.TO,Montage Gold Corp.,S&P/TSX Composite
MTL.TO,Mullen Group Ltd.,S&P/TSX Composite
NXE.TO,NexGen Energy Ltd.,S&P/TSX Composite
NFI.TO,NFI Group Inc.,S&P/TSX Composite
NGEX.TO,NGEx Minerals Ltd.,S&P/TSX Composite
NWC.TO,North West Company Inc.,S&P/TSX Composite
NPI.TO,Northland Power Inc.,S&P/TSX Composite
NG.TO,NovaGold Resources Inc.,S&P/TSX Composite
NTR.TO,Nutrien Ltd.,S&P/TSX Composite
OGC.TO,OceanaGold Corporation,S&P/TSX Composite
ONEX.TO,Onex Corporation,S&P/TSX Composite
OTEX.TO,Open Text Corporation,S&P/TSX Composite
OLA.TO,Orla Mining Ltd.,S&P/TSX Composite
OR.TO,Osisko Gold Royalties Ltd.,S&P/TSX Composite
PAAS.TO,Pan American Silver Corp.,S&P/TSX Composite
POU.TO,Paramount Resources Ltd.,S&P/TSX Composite
PXT.TO,Parex Resources Inc.,S&P/TSX Composite
PPL.TO,Pembina Pipeline Corporation,S&P/TSX Composite
PPTA.TO,Perpetua Resources Corp.,S&P/TSX Composite
PET.TO,Pet Valu Holdings Ltd.,S&P/TSX Composite
PEY.TO,Peyto Exploration & Development Corp.,S&P/TSX Composite
POW.TO,Power Corporation of Canada,S&P/TSX Composite
PSK.TO,PrairieSky Royalty Ltd.,S&P/TSX Composite
PBH.TO,Premium Brands Holdings Corporation,S&P/TSX Composite
PMZ.UN.TO,Primaris Real Estate Investment Trust,S&P/TSX Composite
QBR.B.TO,Quebecor Inc.,S&P/TSX Composite
RBA.TO,"RB Global, Inc.",S&P/TSX Composite
QSR.TO,Restaurant Brands International Inc.,S&P/TSX Composite
RCH.TO,Richelieu Hardware Ltd.,S&P/TSX Composite
REI.UN.TO,RioCan Real Estate Investment Trust,S&P/TSX Composite
RCI.B.TO,Rogers Communications Inc.,S&P/TSX Composite
RY.TO,Royal Bank of Canada,S&P/TSX Composite
RUS.TO,Russel Metals Inc.,S&P/TSX Composite
SAP.TO,Saputo Inc.,S&P/TSX Composite
SEA.TO,Seabridge Gold Inc.,S&P/TSX Composite
SES.TO,Secure Energy Services Inc.,S&P/TSX Composite
SHOP.TO,Shopify Inc.,S&P/TSX Composite
SIA.TO,Sienna Senior Living Inc.,S&P/TSX Composite
SVM.TO,Silvercorp Metals Inc.,S&P/TSX Composite
SKE.TO,Skeena Resources Limited,S&P/TSX Composite
SRU.UN.TO,SmartCentres Real Estate Investment Trust,S&P/TSX Composite
SOBO.TO,South Bow Corporation,S&P/TSX Composite
SII.TO,Sprott Inc.,S&P/TSX Composite
SSRM.TO,SSR Mining Inc.,S&P/TSX Composite
STN.TO,Stantec Inc.,S&P/TSX Composite
SJ.TO,Stella-Jones Inc.,S&P/TSX Composite
SCR.TO,Strathcona Resources Ltd.,S&P/TSX Composite
SLF.TO,Sun Life Financial Inc.,S&P/TSX Composite
SU.TO,Suncor Energy Inc.,S&P/TSX Composite
SPB.TO,Superior Plus Corp.,S&P/TSX Composite
TVE.TO,Tamarack Valley Energy Ltd.,S&P/TSX Composite
TKO.TO,Taseko Mines Limited,S&P/TSX Composite
TRP.TO,TC Energy Corporation,S&P/TSX Composite
TECK.B.TO,Teck Resources Limited,S&P/TSX Composite
T.TO,Telus Corporation,S&P/TSX Composite
TVK.TO,TerraVest Industries Inc.,S&P/TSX Composite
TFII.TO,TFI International Inc.,S&P/TSX Composite
TRI.TO,Thomson Reuters Corporation,S&P/TSX Composite
X.TO,TMX Group Limited,S&P/TSX Composite
TPZ.TO,Topaz Energy Corp.,S&P/TSX Composite
TXG.TO,Torex Gold Resources Inc.,S&P/TSX Composite
TIH.TO,Toromont Industries Ltd.,S&P/TSX Composite
TD.TO,Toronto-Dominion Bank,S&P/TSX Composite
TOU.TO,Tourmaline Oil Corp.,S&P/TSX Composite
TA.TO,TransAlta Corporation,S&P/TSX Composite
TCL.A.TO,Transcontinental Inc.,S&P/TSX Composite
TFPM.TO,Triple Flag Precious Metals Corp.,S&P/TSX Composite
TSU.TO,Trisura Group Ltd.,S&P/TSX Composite
VET.TO,Vermilion Energy Inc.,S&P/TSX Composite
VITL.UN.TO,Vital Infrastructure Property Trust.,S&P/TSX Composite
VZLA.TO,Vizsla Silver Corp.,S&P/TSX Composite
WCN.TO,Waste Connections Inc.,S&P/TSX Composite
WDO.TO,Wesdome Gold Mines Ltd.,S&P/TSX Composite
WFG.TO,West Fraser Timber Co. Ltd.,S&P/TSX Composite
WPM.TO,Wheaton Precious Metals Corp.,S&P/TSX Composite
WCP.TO,Whitecap Resources Inc.,S&P/TSX Composite
WPK.TO,Winpak Ltd.,S&P/TSX Composite
WSP.TO,WSP Global Inc.,S&P/TSX Composite
ACS.MC,ACS,IBEX 35
ACX.MC,Acerinox,IBEX 35
AMS.MC,Amadeus IT Group,IBEX 35
ANA.MC,Acciona,IBEX 35
ANE.MC,Acciona Energía,IBEX 35
BBVA.MC,BBVA,IBEX 35
BKT.MC,Bankinter,IBEX 35
CABK.MC,CaixaBank,IBEX 35
CLNX.MC,Cellnex Telecom,IBEX 35
COL.MC,Inmobiliaria Colonial,IBEX 35
AENA.MC,AENA,IBEX 35
ELE.MC,Endesa,IBEX 35
ENG.MC,Enagás,IBEX 35
FDR.MC,Fluidra,IBEX 35
FER.MC,Ferrovial,IBEX 35
GRF.MC,Grifols,IBEX 35
IAG.MC,International Airlines Group,IBEX 35
IBE.MC,Iberdrola,IBEX 35
IDR.MC,Indra,IBEX 35
ITX.MC,Inditex,IBEX 35
LOG.MC,Logista,IBEX 35
MAP.MC,Mapfre,IBEX 35
MRL.MC,Merlin Properties,IBEX 35
MTS.MC,ArcelorMittal,IBEX 35
NTGY.MC,Naturgy,IBEX 35
PUIG.MC,Puig,IBEX 35
RED.MC,Redeia Corporación,IBEX 35
REP.MC,Repsol,IBEX 35
ROVI.MC,Laboratorios Rovi [es],IBEX 35
SAB.MC,Banco Sabadell,IBEX 35
SAN.MC,Santander,IBEX 35
SCYR.MC,Sacyr,IBEX 35
SLR.MC,Solaria,IBEX 35
TEF.MC,Telefónica,IBEX 35
UNI.MC,Unicaja,IBEX 35
ABB.ST,ABB Ltd,OMX Stockholm 30
ADDT-B.ST,Addtech B,OMX Stockholm 30
ALFA.ST,Alfa Laval,OMX Stockholm 30
ASSA-B.ST,Assa Abloy B,OMX Stockholm 30
AZN.ST,AstraZeneca,OMX Stockholm 30
ATCO-A.ST,Atlas Copco A,OMX Stockholm 30
BOL.ST,Boliden,OMX Stockholm 30
EPI-A.ST,Epiroc A,OMX Stockholm 30
EQT.ST,EQT,OMX Stockholm 30
ERIC-B.ST,Ericsson B,OMX Stockholm 30
ESSITY-B.ST,Essity B,OMX Stockholm 30
EVO.ST,Evolution,OMX Stockholm 30
SHB-A.ST,Handelsbanken A,OMX Stockholm 30
HM-B.ST,Hennes & Mauritz B,OMX Stockholm 30
HEXA-B.ST,Hexagon B,OMX Stockholm 30
INDU-C.ST,Industrivärden C,OMX Stockholm 30
INVE-B.ST,Investor B,OMX Stockholm 30
LIFCO-B.ST,Lifco B,OMX Stockholm 30
NIBE-B.ST,Nibe Industrier B,OMX Stockholm 30
NDA-SE.ST,Nordea Bank Abp,OMX Stockholm 30
SAAB-B.ST,Saab B,OMX Stockholm 30
SAND.ST,Sandvik,OMX Stockholm 30
SCA-B.ST,SCA B,OMX Stockholm 30
SEB-A.ST,SEB A,OMX Stockholm 30
SKA-B.ST,Skanska B,OMX Stockholm 30
SKF-B.ST,SKF B,OMX Stockholm 30
SWED-A.ST,Swedbank A,OMX Stockholm 30
TEL2-B.ST,Tele2 B,OMX Stockholm 30
TELIA.ST,Telia Company,OMX Stockholm 30
VOLV-B.ST,Volvo B,OMX Stockholm 30
090430.KS,Amorepacific,KOSPI 200
002790.KS,Amorepacific Holdings,KOSPI 200
278470.KS,APR,KOSPI 200
002030.KS,Asia Holdings,KOSPI 200
282330.KS,BGF Retail,KOSPI 200
138930.KS,BNK Financial,KOSPI 200
068270.KS,Celltrion,KOSPI 200
030000.KS,Cheil Worldwide,KOSPI 200
185750.KS,Chong Kun Dang,KOSPI 200
001040.KS,CJ,KOSPI 200
097950.KS,CJ CheilJedang,KOSPI 200
000120.KS,CJ Logistics,KOSPI 200
192820.KS,Cosmax,KOSPI 200
005420.KS,Cosmo Chemical,KOSPI 200
021240.KS,Coway,KOSPI 200
112610.KS,CS Wind,KOSPI 200
483650.KS,d'Alba Global,KOSPI 200
001680.KS,Daesang,KOSPI 200
047040.KS,Daewoo E&C,KOSPI 200
003090.KS,Daewoong,KOSPI 200
069620.KS,Daewoong Pharmaceutical,KOSPI 200
000990.KS,DB HiTek,KOSPI 200
005830.KS,DB Insurance,KOSPI 200
000210.KS,DL,KOSPI 200
375500.KS,DL E&C,KOSPI 200
007340.KS,DN Automotive,KOSPI 200
026960.KS,Dongsuh,KOSPI 200
006040.KS,Dongwon Industries,KOSPI 200
014820.KS,Dongwon Systems,KOSPI 200
000150.KS,Doosan,KOSPI 200
241560.KS,Doosan Bobcat,KOSPI 200
034020.KS,Doosan Enerbility,KOSPI 200
454910.KS,Doosan Robotics,KOSPI 200
192080.KS,DoubleU Games,KOSPI 200
450080.KS,Ecopro Materials,KOSPI 200
139480.KS,Emart,KOSPI 200
383220.KS,F&F,KOSPI 200
093370.KS,Foosung,KOSPI 200
006280.KS,Green Cross,KOSPI 200
078930.KS,GS,KOSPI 200
007070.KS,GS Retail,KOSPI 200
086790.KS,Hana Financial,KOSPI 200
009420.KS,Hanall Biopharma,KOSPI 200
300720.KS,Hanil Cement,KOSPI 200
180640.KS,Hanjin KAL,KOSPI 200
161390.KS,Hankook,KOSPI 200
000240.KS,Hankook & Company,KOSPI 200
128940.KS,Hanmi Pharm,KOSPI 200
008930.KS,Hanmi Science,KOSPI 200
042700.KS,Hanmi Semiconductor,KOSPI 200
018880.KS,Hanon Systems,KOSPI 200
014680.KS,Hansol Chemical,KOSPI 200
009240.KS,Hanssem,KOSPI 200
000880.KS,Hanwha,KOSPI 200
012450.KS,Hanwha Aerospace,KOSPI 200
082740.KS,Hanwha Engine,KOSPI 200
088350.KS,Hanwha Life,KOSPI 200
042660.KS,Hanwha Ocean,KOSPI 200
009830.KS,Hanwha Solutions,KOSPI 200
272210.KS,Hanwha Systems,KOSPI 200
267270.KS,HD Construction Equipment,KOSPI 200
267250.KS,HD Hyundai,KOSPI 200
267260.KS,HD Hyundai Electric,KOSPI 200
329180.KS,HD Hyundai Heavy Industries,KOSPI 200
071970.KS,HD Hyundai Marine Engine,KOSPI 200
443060.KS,HD Hyundai Marine Solution,KOSPI 200
009540.KS,HD KSOE,KOSPI 200
017960.KS,Hankuk Carbon,KOSPI 200
000080.KS,HiteJinro,KOSPI 200
204320.KS,HL Mando,KOSPI 200
011200.KS,HMM,KOSPI 200
008770.KS,Hotel Shilla,KOSPI 200
298050.KS,HS Hyosung Advanced Materials,KOSPI 200
352820.KS,Hybe,KOSPI 200
298040.KS,Hyosung Heavy Industries,KOSPI 200
298020.KS,Hyosung TNC,KOSPI 200
307950.KS,Hyundai AutoEver,KOSPI 200
069960.KS,Hyundai Department Store,KOSPI 200
000720.KS,Hyundai E&C,KOSPI 200
017800.KS,Hyundai Elevator,KOSPI 200
086280.KS,Hyundai Glovis,KOSPI 200
001450.KS,Hyundai Marine & Fire,KOSPI 200
012330.KS,Hyundai Mobis,KOSPI 200
005380.KS,Hyundai Motor,KOSPI 200
064350.KS,Hyundai Rotem,KOSPI 200
004020.KS,Hyundai Steel,KOSPI 200
011210.KS,Hyundai WIA,KOSPI 200
139130.KS,IM Financial,KOSPI 200
024110.KS,Industrial Bank of Korea,KOSPI 200
007660.KS,Isu Petasys,KOSPI 200
457190.KS,Isu Specialty Chemical,KOSPI 200
175330.KS,JB Financial,KOSPI 200
035720.KS,Kakao,KOSPI 200
323410.KS,KakaoBank,KOSPI 200
377300.KS,KakaoPay,KOSPI 200
035250.KS,Kangwon Land,KOSPI 200
105560.KS,KB Financial,KOSPI 200
002380.KS,KCC,KOSPI 200
015760.KS,KEPCO,KOSPI 200
052690.KS,KEPCO E&C,KOSPI 200
051600.KS,KEPCO KPS,KOSPI 200
000270.KS,Kia,KOSPI 200
039490.KS,Kiwoom Securities,KOSPI 200
161890.KS,Kolmar Korea,KOSPI 200
120110.KS,Kolon Industries,KOSPI 200
047810.KS,Korea Aerospace,KOSPI 200
071320.KS,Korea District Heating,KOSPI 200
036460.KS,Korea Gas,KOSPI 200
071050.KS,Korea Investment,KOSPI 200
006650.KS,Korea Petrochemical,KOSPI 200
010130.KS,Korea Zinc,KOSPI 200
003490.KS,Korean Air,KOSPI 200
259960.KS,Krafton,KOSPI 200
030200.KS,KT,KOSPI 200
033780.KS,KT&G,KOSPI 200
011780.KS,Kumho Petrochemical,KOSPI 200
073240.KS,Kumho Tire,KOSPI 200
066970.KS,L&F,KOSPI 200
003550.KS,LG,KOSPI 200
051910.KS,LG Chem,KOSPI 200
064400.KS,LG CNS,KOSPI 200
034220.KS,LG Display,KOSPI 200
066570.KS,LG Electronics,KOSPI 200
373220.KS,LG Energy Solution,KOSPI 200
051900.KS,LG H&H,KOSPI 200
011070.KS,LG Innotek,KOSPI 200
032640.KS,LG Uplus,KOSPI 200
079550.KS,LIG Nex1,KOSPI 200
004990.KS,Lotte,KOSPI 200
011170.KS,Lotte Chemical,KOSPI 200
005300.KS,Lotte Chilsung,KOSPI 200
004000.KS,Lotte Fine Chemical,KOSPI 200
023530.KS,Lotte Shopping,KOSPI 200
280360.KS,Lotte Wellfood,KOSPI 200
006260.KS,LS,KOSPI 200
010120.KS,LS Electric,KOSPI 200
138040.KS,Meritz Financial,KOSPI 200
006800.KS,Mirae Asset Securities,KOSPI 200
081660.KS,Misto,KOSPI 200
002840.KS,Miwon Commercial,KOSPI 200
268280.KS,Miwon Specialty Chemical,KOSPI 200
035420.KS,Naver,KOSPI 200
036570.KS,NC,KOSPI 200
251270.KS,Netmarble,KOSPI 200
005940.KS,NH Investment & Securities,KOSPI 200
004370.KS,Nongshim,KOSPI 200
456040.KS,OCI,KOSPI 200
010060.KS,OCI Holdings,KOSPI 200
271560.KS,Orion,KOSPI 200
001800.KS,Orion Holdings,KOSPI 200
007310.KS,Ottogi,KOSPI 200
028670.KS,Pan Ocean,KOSPI 200
034230.KS,Paradise,KOSPI 200
103140.KS,Poongsan,KOSPI 200
005490.KS,POSCO,KOSPI 200
022100.KS,POSCO DX,KOSPI 200
003670.KS,POSCO Future M,KOSPI 200
047050.KS,POSCO International,KOSPI 200
012750.KS,S-1,KOSPI 200
062040.KS,Sanil Electric,KOSPI 200
207940.KS,Samsung Biologics,KOSPI 200
028260.KS,Samsung C&T,KOSPI 200
029780.KS,Samsung Card,KOSPI 200
028050.KS,Samsung E&A,KOSPI 200
009150.KS,Samsung Electro-Mechanics,KOSPI 200
005930.KS,Samsung Electronics,KOSPI 200
0126Z0.KS,Samsung Epis,KOSPI 200
000810.KS,Samsung Fire & Marine,KOSPI 200
010140.KS,Samsung Heavy Industries,KOSPI 200
032830.KS,Samsung Life,KOSPI 200
006400.KS,Samsung SDI,KOSPI 200
018260.KS,Samsung SDS,KOSPI 200
016360.KS,Samsung Securities,KOSPI 200
003230.KS,Samyang Foods,KOSPI 200
137310.KS,SD Biosensor,KOSPI 200
001430.KS,Seah Besteel,KOSPI 200
003030.KS,Seah Steel Holdings,KOSPI 200
055550.KS,Shinhan Financial,KOSPI 200
004170.KS,Shinsegae,KOSPI 200
034730.KS,SK,KOSPI 200
326030.KS,SK Biopharm,KOSPI 200
302440.KS,SK Bioscience,KOSPI 200
285130.KS,SK Chemicals,KOSPI 200
000660.KS,SK Hynix,KOSPI 200
361610.KS,SK IE Technology,KOSPI 200
096770.KS,SK Innovation,KOSPI 200
402340.KS,SK Square,KOSPI 200
017670.KS,SK Telecom,KOSPI 200
011790.KS,SKC,KOSPI 200
005850.KS,SL,KOSPI 200
010950.KS,S-Oil,KOSPI 200
003240.KS,Taekwang Industrial,KOSPI 200
001440.KS,Taihan Cable & Solution,KOSPI 200
069260.KS,TKG Huchems,KOSPI 200
316140.KS,Woori Financial,KOSPI 200
008730.KS,Youlchon Chemical,KOSPI 200
000670.KS,Young Poong,KOSPI 200
111770.KS,Youngone,KOSPI 200
009970.KS,Youngone Holdings,KOSPI 200
000100.KS,Yuhan,KOSPI 200
360.AX,Life360,S&P/ASX 200
4DX.AX,4DMedical,S&P/ASX 200
A2M.AX,a2 Milk Company,S&P/ASX 200
AAI.AX,Alcoa,S&P/ASX 200
AFI.AX,Australian Foundation Investment Company,S&P/ASX 200
AGL.AX,AGL Energy,S&P/ASX 200
AIA.AX,Auckland International Airport Limited,S&P/ASX 200
ALD.AX,Ampol,S&P/ASX 200
ALK.AX,Alkane Resources,S&P/ASX 200
ALL.AX,Aristocrat Leisure,S&P/ASX 200
ALQ.AX,ALS,S&P/ASX 200
ALX.AX,Atlas Arteria,S&P/ASX 200
AMC.AX,Amcor,S&P/ASX 200
AMP.AX,AMP,S&P/ASX 200
ANN.AX,Ansell,S&P/ASX 200
ANZ.AX,Australia & New Zealand Banking Group,S&P/ASX 200
APA.AX,APA Group,S&P/ASX 200
APE.AX,Eagers Automotive,S&P/ASX 200
ARB.AX,ARB Corporation,S&P/ASX 200
ARG.AX,Argo Investments,S&P/ASX 200
ASB.AX,Austal,S&P/ASX 200
ASK.AX,Abacus Storage King,S&P/ASX 200
ASX.AX,ASX,S&P/ASX 200
AUB.AX,AUB Group,S&P/ASX 200
AZJ.AX,Aurizon,S&P/ASX 200
BEN.AX,Bendigo & Adelaide Bank,S&P/ASX 200
BFL.AX,BSP Financial Group,S&P/ASX 200
BGA.AX,Bega Cheese,S&P/ASX 200
BGL.AX,Bellevue Gold,S&P/ASX 200
BHP.AX,BHP,S&P/ASX 200
BOQ.AX,Bank of Queensland,S&P/ASX 200
BPT.AX,Beach Energy,S&P/ASX 200
BRG.AX,Breville Group,S&P/ASX 200
BSL.AX,BlueScope,S&P/ASX 200
BWP.AX,BWP Trust,S&P/ASX 200
BXB.AX,Brambles,S&P/ASX 200
CAR.AX,CAR Group,S&P/ASX 200
CBA.AX,Commonwealth Bank,S&P/ASX 200
CDA.AX,Codan,S&P/ASX 200
CEN.AX,Contact Energy,S&P/ASX 200
CGF.AX,Challenger,S&P/ASX 200
CHC.AX,Charter Hall,S&P/ASX 200
CIA.AX,Champion Iron,S&P/ASX 200
CIP.AX,Centuria Industrial REIT,S&P/ASX 200
CLW.AX,Charter Hall Long WALE REIT,S&P/ASX 200
CMM.AX,Capricorn Metals,S&P/ASX 200
CNU.AX,Chorus,S&P/ASX 200
COH.AX,Cochlear,S&P/ASX 200
COL.AX,Coles Group,S&P/ASX 200
CPU.AX,Computershare,S&P/ASX 200
CQR.AX,Charter Hall Retail REIT,S&P/ASX 200
CSC.AX,Capstone Copper,S&P/ASX 200
CSL.AX,CSL,S&P/ASX 200
CTD.AX,Corporate Travel Management,S&P/ASX 200
CWY.AX,Cleanaway,S&P/ASX 200
CYL.AX,Catalyst Metals,S&P/ASX 200
DBI.AX,Dalrymple Bay Infrastructure,S&P/ASX 200
DNL.AX,Dyno Nobel,S&P/ASX 200
DOW.AX,Downer Group,S&P/ASX 200
DRO.AX,Droneshield,S&P/ASX 200
DRR.AX,Deterra Royalties,S&P/ASX 200
DXS.AX,Dexus,S&P/ASX 200
DYL.AX,Deep Yellow,S&P/ASX 200
EBO.AX,EBOS Group,S&P/ASX 200
EDV.AX,Endeavour Group,S&P/ASX 200
EMR.AX,Emerald Resources,S&P/ASX 200
EOS.AX,Electro Optic Systems Holdings,S&P/ASX 200
EVN.AX,Evolution Mining,S&P/ASX 200
EVT.AX,EVT,S&P/ASX 200
FBU.AX,Fletcher Building,S&P/ASX 200
FLT.AX,Flight Centre Travel Group,S&P/ASX 200
FMG.AX,Fortescue,S&P/ASX 200
FPH.AX,Fisher & Paykel Healthcare,S&P/ASX 200
FRW.AX,Freightways Group,S&P/ASX 200
GDG.AX,Generation Development Group,S&P/ASX 200
GGP.AX,Greatland Resources,S&P/ASX 200
GMD.AX,Genesis Minerals,S&P/ASX 200
GMG.AX,Goodman Group,S&P/ASX 200
GNE.AX,Genesis Energy,S&P/ASX 200
GPT.AX,GPT Group,S&P/ASX 200
GQG.AX,GQG Partners,S&P/ASX 200
HDN.AX,HomeCo Daily Needs REIT,S&P/ASX 200
HUB.AX,HUB24,S&P/ASX 200
HVN.AX,Harvey Norman,S&P/ASX 200
IAG.AX,Insurance Australia Group,S&P/ASX 200
IFL.AX,Insignia Financial,S&P/ASX 200
IFT.AX,Infratil,S&P/ASX 200
IGO.AX,IGO,S&P/ASX 200
ILU.AX,Iluka Resources,S&P/ASX 200
IMD.AX,IMDEX,S&P/ASX 200
JBH.AX,JB Hi-Fi,S&P/ASX 200
JHX.AX,James Hardie,S&P/ASX 200
L1G.AX,L1 Group,S&P/ASX 200
LLC.AX,Lendlease,S&P/ASX 200
LNW.AX,Light & Wonder,S&P/ASX 200
LOV.AX,Lovisa,S&P/ASX 200
LSF.AX,L1 Long Short Fund,S&P/ASX 200
LTR.AX,Liontown Resources,S&P/ASX 200
LYC.AX,Lynas Rare Earths,S&P/ASX 200
MCY.AX,Mercury NZ,S&P/ASX 200
MEZ.AX,Meridian Energy,S&P/ASX 200
MFF.AX,MFF Capital Investments,S&P/ASX 200
MFG.AX,Magellan Financial Group,S&P/ASX 200
MGR.AX,Mirvac,S&P/ASX 200
MIN.AX,Mineral Resources,S&P/ASX 200
MND.AX,Monadelphous Group,S&P/ASX 200
MPL.AX,Medibank,S&P/ASX 200
MQG.AX,Macquarie Group,S&P/ASX 200
MSB.AX,Mesoblast,S&P/ASX 200
MTS.AX,Metcash,S&P/ASX 200
MXT.AX,Metrics Master Income Trust,S&P/ASX 200
NAB.AX,National Australia Bank,S&P/ASX 200
NEM.AX,Newmont,S&P/ASX 200
NHC.AX,New Hope,S&P/ASX 200
NHF.AX,Nib,S&P/ASX 200
NIC.AX,Nickel Industries,S&P/ASX 200
NSR.AX,National Storage,S&P/ASX 200
NST.AX,Northern Star Resources,S&P/ASX 200
NWH.AX,NRW Holdings,S&P/ASX 200
NWL.AX,Netwealth Group,S&P/ASX 200
NWS.AX,News Corp Class B,S&P/ASX 200
NXG.AX,Nexgen Energy,S&P/ASX 200
NXT.AX,NextDC,S&P/ASX 200
OBM.AX,Ora Banda Mining,S&P/ASX 200
ORA.AX,Orora,S&P/ASX 200
ORG.AX,Origin Energy,S&P/ASX 200
ORI.AX,Orica,S&P/ASX 200
PDI.AX,Predictive Discovery,S&P/ASX 200
PDN.AX,Paladin Energy,S&P/ASX 200
PLS.AX,PLS Group,S&P/ASX 200
PME.AX,Pro Medicus,S&P/ASX 200
PMV.AX,Premier Investments,S&P/ASX 200
PNI.AX,Pinnacle Investment Management,S&P/ASX 200
PPT.AX,Perpetual,S&P/ASX 200
PRN.AX,Perenti,S&P/ASX 200
PRU.AX,Perseus Mining,S&P/ASX 200
PXA.AX,Pexa Group,S&P/ASX 200
QAN.AX,Qantas,S&P/ASX 200
QBE.AX,QBE Insurance,S&P/ASX 200
QUB.AX,Qube Holdings,S&P/ASX 200
RDX.AX,Redox,S&P/ASX 200
REA.AX,REA Group,S&P/ASX 200
REG.AX,Regis Healthcare,S&P/ASX 200
REH.AX,Reece Group,S&P/ASX 200
RGN.AX,Region Group,S&P/ASX 200
RHC.AX,Ramsay Health Care,S&P/ASX 200
RIO.AX,Rio Tinto,S&P/ASX 200
RMD.AX,ResMed,S&P/ASX 200
RMS.AX,Ramelius Resources,S&P/ASX 200
RRL.AX,Regis Resources,S&P/ASX 200
RSG.AX,Resolute Mining,S&P/ASX 200
RWC.AX,Reliance Worldwide Corporation,S&P/ASX 200
RYM.AX,Ryman Healthcare,S&P/ASX 200
S32.AX,South32,S&P/ASX 200
SCG.AX,Scentre Group,S&P/ASX 200
SDF.AX,Steadfast Group,S&P/ASX 200
SEK.AX,Seek,S&P/ASX 200
SFR.AX,Sandfire Resources,S&P/ASX 200
SGH.AX,SGH,S&P/ASX 200
SGM.AX,Sims Metal,S&P/ASX 200
SGP.AX,Stockland,S&P/ASX 200
SHL.AX,Sonic Healthcare,S&P/ASX 200
SIG.AX,Sigma Healthcare,S&P/ASX 200
SMR.AX,Stanmore Resources,S&P/ASX 200
SNZ.AX,Summerset Group Holdings,S&P/ASX 200
SOL.AX,Soul Patts,S&P/ASX 200
SPK.AX,Spark New Zealand,S&P/ASX 200
STO.AX,Santos,S&P/ASX 200
SUL.AX,Super Retail Group,S&P/ASX 200
SUN.AX,Suncorp,S&P/ASX 200
TAH.AX,Tabcorp,S&P/ASX 200
TCL.AX,Transurban,S&P/ASX 200
TLC.AX,The Lottery Corporation,S&P/ASX 200
TLS.AX,Telstra,S&P/ASX 200
TLX.AX,Telix Pharmaceuticals,S&P/ASX 200
TNE.AX,TechnologyOne,S&P/ASX 200
TPG.AX,TPG Telecom,S&P/ASX 200
TUA.AX,Tuas,S&P/ASX 200
TWE.AX,Treasury Wine Estates,S&P/ASX 200
VAU.AX,Vault Minerals,S&P/ASX 200
VCX.AX,Vicinity Centres,S&P/ASX 200
VEA.AX,Viva Energy,S&P/ASX 200
VGN.AX,Virgin Australia Holdings,S&P/ASX 200
VNT.AX,Ventia Services Group,S&P/ASX 200
WAF.AX,West African Resources,S&P/ASX 200
WAM.AX,WAM Capital,S&P/ASX 200
WBC.AX,Westpac,S&P/ASX 200
WDS.AX,Woodside Energy Group,S&P/ASX 200
WES.AX,Wesfarmers,S&P/ASX 200
WGX.AX,Westgold Resources,S&P/ASX 200
WHC.AX,Whitehaven Coal,S&P/ASX 200
WLE.AX,WAM Leaders,S&P/ASX 200
WOR.AX,Worley,S&P/ASX 200
WOW.AX,Woolworths Group,S&P/ASX 200
WTC.AX,Wisetech Global,S&P/ASX 200
XRO.AX,Xero,S&P/ASX 200
XYX.AX,"Block, Inc.",S&P/ASX 200
YAL.AX,Yancoal Australia,S&P/ASX 200
ZIM.AX,Zimplats Holdings,S&P/ASX 200
ZIP.AX,Zip,S&P/ASX 200
ADANIENT.NS,Adani Enterprises,NIFTY 50
ADANIPORTS.NS,Adani Ports & SEZ,NIFTY 50
APOLLOHOSP.NS,Apollo Hospitals,NIFTY 50
ASIANPAINT.NS,Asian Paints,NIFTY 50
AXISBANK.NS,Axis Bank,NIFTY 50
BAJAJ-AUTO.NS,Bajaj Auto,NIFTY 50
BAJFINANCE.NS,Bajaj Finance,NIFTY 50
BAJAJFINSV.NS,Bajaj Finserv,NIFTY 50
BEL.NS,Bharat Electronics,NIFTY 50
BHARTIARTL.NS,Bharti Airtel,NIFTY 50
CIPLA.NS,Cipla,NIFTY 50
COALINDIA.NS,Coal India,NIFTY 50
DRREDDY.NS,Dr. Reddy's Laboratories,NIFTY 50
EICHERMOT.NS,Eicher Motors,NIFTY 50
ETERNAL.NS,Eternal,NIFTY 50
GRASIM.NS,Grasim Industries,NIFTY 50
HCLTECH.NS,HCLTech,NIFTY 50
HDFCBANK.NS,HDFC Bank,NIFTY 50
HDFCLIFE.NS,HDFC Life,NIFTY 50
HINDALCO.NS,Hindalco Industries,NIFTY 50
HINDUNILVR.NS,Hindustan Unilever,NIFTY 50
ICICIBANK.NS,ICICI Bank,NIFTY 50
INDIGO.NS,IndiGo,NIFTY 50
INFY.NS,Infosys,NIFTY 50
ITC.NS,ITC,NIFTY 50
JIOFIN.NS,Jio Financial Services,NIFTY 50
JSWSTEEL.NS,JSW Steel,NIFTY 50
KOTAKBANK.NS,Kotak Mahindra Bank,NIFTY 50
LT.NS,Larsen & Toubro,NIFTY 50
M&M.NS,Mahindra & Mahindra,NIFTY 50
MARUTI.NS,Maruti Suzuki,NIFTY 50
MAXHEALTH.NS,Max Healthcare,NIFTY 50
NESTLEIND.NS,Nestlé India,NIFTY 50
NTPC.NS,NTPC,NIFTY 50
ONGC.NS,Oil and Natural Gas Corporation,NIFTY 50
POWERGRID.NS,Power Grid,NIFTY 50
RELIANCE.NS,Reliance Industries,NIFTY 50
SBILIFE.NS,SBI Life Insurance Company,NIFTY 50
SHRIRAMFIN.NS,Shriram Finance,NIFTY 50
SBIN.NS,State Bank of India,NIFTY 50
SUNPHARMA.NS,Sun Pharma,NIFTY 50
TCS.NS,Tata Consultancy Services,NIFTY 50
TATACONSUM.NS,Tata Consumer Products,NIFTY 50
TMPV.NS,Tata Motors Passenger Vehicles,NIFTY 50
TATASTEEL.NS,Tata Steel,NIFTY 50
TECHM.NS,Tech Mahindra,NIFTY 50
TITAN.NS,Titan Company,NIFTY 50
TRENT.NS,Trent,NIFTY 50
ULTRACEMCO.NS,UltraTech Cement,NIFTY 50
WIPRO.NS,Wipro,NIFTY 50
ADANIPORTS.BO,Adani Ports & SEZ,BSE SENSEX
ASIANPAINT.BO,Asian Paints,BSE SENSEX
AXISBANK.BO,Axis Bank,BSE SENSEX
BAJFINANCE.BO,Bajaj Finance,BSE SENSEX
BAJAJFINSV.BO,Bajaj Finserv,BSE SENSEX
BEL.BO,Bharat Electronics,BSE SENSEX
BHARTIARTL.BO,Bharti Airtel,BSE SENSEX
ETERNAL.BO,Eternal,BSE SENSEX
HCLTECH.BO,HCLTech,BSE SENSEX
HDFCBANK.BO,HDFC Bank,BSE SENSEX
HINDUNILVR.BO,Hindustan Unilever,BSE SENSEX
ICICIBANK.BO,ICICI Bank,BSE SENSEX
INDIGO.BO,IndiGo,BSE SENSEX
INFY.BO,Infosys,BSE SENSEX
ITC.BO,ITC,BSE SENSEX
KOTAKBANK.BO,Kotak Mahindra Bank,BSE SENSEX
LT.BO,Larsen & Toubro,BSE SENSEX
M&M.BO,Mahindra & Mahindra,BSE SENSEX
MARUTI.BO,Maruti Suzuki,BSE SENSEX
NTPC.BO,NTPC,BSE SENSEX
POWERGRID.BO,Power Grid,BSE SENSEX
RELIANCE.BO,Reliance Industries,BSE SENSEX
SBIN.BO,State Bank of India,BSE SENSEX
SUNPHARMA.BO,Sun Pharma,BSE SENSEX
TCS.BO,Tata Consultancy Services,BSE SENSEX
TATASTEEL.BO,Tata Steel,BSE SENSEX
TECHM.BO,Tech Mahindra,BSE SENSEX
TITAN.BO,Titan Company,BSE SENSEX
TRENT.BO,Trent,BSE SENSEX
ULTRACEMCO.BO,UltraTech Cement,BSE SENSEX
1332.T,ニッスイ,JPX Prime (Core30/Large70/Mid400)
1333.T,Ｕｍｉｏｓ,JPX Prime (Core30/Large70/Mid400)
1414.T,ショーボンドホールディングス,JPX Prime (Core30/Large70/Mid400)
1417.T,ミライト・ワン,JPX Prime (Core30/Large70/Mid400)
1605.T,ＩＮＰＥＸ,JPX Prime (Core30/Large70/Mid400)
1719.T,安藤・間,JPX Prime (Core30/Large70/Mid400)
1721.T,コムシスホールディングス,JPX Prime (Core30/Large70/Mid400)
1801.T,大成建設,JPX Prime (Core30/Large70/Mid400)
1802.T,大林組,JPX Prime (Core30/Large70/Mid400)
1803.T,清水建設,JPX Prime (Core30/Large70/Mid400)
1808.T,長谷工コーポレーション,JPX Prime (Core30/Large70/Mid400)
1812.T,鹿島建設,JPX Prime (Core30/Large70/Mid400)
1820.T,西松建設,JPX Prime (Core30/Large70/Mid400)
1860.T,戸田建設,JPX Prime (Core30/Large70/Mid400)
1878.T,大東建託,JPX Prime (Core30/Large70/Mid400)
1893.T,五洋建設,JPX Prime (Core30/Large70/Mid400)
1911.T,住友林業,JPX Prime (Core30/Large70/Mid400)
1925.T,大和ハウス工業,JPX Prime (Core30/Large70/Mid400)
1928.T,積水ハウス,JPX Prime (Core30/Large70/Mid400)
1942.T,関電工,JPX Prime (Core30/Large70/Mid400)
1944.T,きんでん,JPX Prime (Core30/Large70/Mid400)
1951.T,エクシオグループ,JPX Prime (Core30/Large70/Mid400)
1959.T,クラフティア,JPX Prime (Core30/Large70/Mid400)
1963.T,日揮ホールディングス,JPX Prime (Core30/Large70/Mid400)
1969.T,高砂熱学工業,JPX Prime (Core30/Large70/Mid400)
2002.T,日清製粉グループ本社,JPX Prime (Core30/Large70/Mid400)
2127.T,日本Ｍ＆Ａセンターホールディングス,JPX Prime (Core30/Large70/Mid400)
2181.T,パーソルホールディングス,JPX Prime (Core30/Large70/Mid400)
2201.T,森永製菓,JPX Prime (Core30/Large70/Mid400)
2206.T,江崎グリコ,JPX Prime (Core30/Large70/Mid400)
2212.T,山崎製パン,JPX Prime (Core30/Large70/Mid400)
2222.T,寿スピリッツ,JPX Prime (Core30/Large70/Mid400)
2229.T,カルビー,JPX Prime (Core30/Large70/Mid400)
2264.T,森永乳業,JPX Prime (Core30/Large70/Mid400)
2267.T,ヤクルト本社,JPX Prime (Core30/Large70/Mid400)
2269.T,明治ホールディングス,JPX Prime (Core30/Large70/Mid400)
2282.T,日本ハム,JPX Prime (Core30/Large70/Mid400)
2327.T,日鉄ソリューションズ,JPX Prime (Core30/Large70/Mid400)
2331.T,ＡＬＳＯＫ,JPX Prime (Core30/Large70/Mid400)
2371.T,カカクコム,JPX Prime (Core30/Large70/Mid400)
2413.T,エムスリー,JPX Prime (Core30/Large70/Mid400)
2432.T,ディー・エヌ・エー,JPX Prime (Core30/Large70/Mid400)
2433.T,博報堂ＤＹホールディングス,JPX Prime (Core30/Large70/Mid400)
2501.T,サッポロビール,JPX Prime (Core30/Large70/Mid400)
2502.T,アサヒグループホールディングス,JPX Prime (Core30/Large70/Mid400)
2503.T,キリンホールディングス,JPX Prime (Core30/Large70/Mid400)
2531.T,宝ホールディングス,JPX Prime (Core30/Large70/Mid400)
2579.T,コカ・コーラ　ボトラーズジャパンホールディングス,JPX Prime (Core30/Large70/Mid400)
2587.T,サントリービバレッジ＆フード,JPX Prime (Core30/Large70/Mid400)
2593.T,伊藤園,JPX Prime (Core30/Large70/Mid400)
2607.T,不二製油,JPX Prime (Core30/Large70/Mid400)
2670.T,エービーシー・マート,JPX Prime (Core30/Large70/Mid400)
2768.T,双日,JPX Prime (Core30/Large70/Mid400)
2784.T,アルフレッサ　ホールディングス,JPX Prime (Core30/Large70/Mid400)
2801.T,キッコーマン,JPX Prime (Core30/Large70/Mid400)
2802.T,味の素,JPX Prime (Core30/Large70/Mid400)
2809.T,キユーピー,JPX Prime (Core30/Large70/Mid400)
2810.T,ハウス食品グループ本社,JPX Prime (Core30/Large70/Mid400)
2811.T,カゴメ,JPX Prime (Core30/Large70/Mid400)
285A.T,キオクシアホールディングス,JPX Prime (Core30/Large70/Mid400)
2871.T,ニチレイ,JPX Prime (Core30/Large70/Mid400)
2875.T,東洋水産,JPX Prime (Core30/Large70/Mid400)
2897.T,日清食品ホールディングス,JPX Prime (Core30/Large70/Mid400)
2914.T,日本たばこ産業,JPX Prime (Core30/Large70/Mid400)
3003.T,ヒューリック,JPX Prime (Core30/Large70/Mid400)
3038.T,神戸物産,JPX Prime (Core30/Large70/Mid400)
3048.T,ビックカメラ,JPX Prime (Core30/Large70/Mid400)
3064.T,ＭｏｎｏｔａＲＯ,JPX Prime (Core30/Large70/Mid400)
3086.T,Ｊ．フロント　リテイリング,JPX Prime (Core30/Large70/Mid400)
3088.T,マツキヨココカラ＆カンパニー,JPX Prime (Core30/Large70/Mid400)
3092.T,ＺＯＺＯ,JPX Prime (Core30/Large70/Mid400)
3099.T,三越伊勢丹ホールディングス,JPX Prime (Core30/Large70/Mid400)
3105.T,日清紡ホールディングス,JPX Prime (Core30/Large70/Mid400)
3107.T,ダイワボウホールディングス,JPX Prime (Core30/Large70/Mid400)
3116.T,トヨタ紡織,JPX Prime (Core30/Large70/Mid400)
3132.T,マクニカホールディングス,JPX Prime (Core30/Large70/Mid400)
3197.T,すかいらーくホールディングス,JPX Prime (Core30/Large70/Mid400)
3231.T,野村不動産ホールディングス,JPX Prime (Core30/Large70/Mid400)
3288.T,オープンハウスグループ,JPX Prime (Core30/Large70/Mid400)
3289.T,東急不動産ホールディングス,JPX Prime (Core30/Large70/Mid400)
3291.T,飯田グループホールディングス,JPX Prime (Core30/Large70/Mid400)
3349.T,コスモス薬品,JPX Prime (Core30/Large70/Mid400)
3360.T,シップヘルスケアホールディングス,JPX Prime (Core30/Large70/Mid400)
3382.T,セブン＆アイ・ホールディングス,JPX Prime (Core30/Large70/Mid400)
3391.T,ツルハホールディングス,JPX Prime (Core30/Large70/Mid400)
3397.T,トリドールホールディングス,JPX Prime (Core30/Large70/Mid400)
3401.T,帝人,JPX Prime (Core30/Large70/Mid400)
3402.T,東レ,JPX Prime (Core30/Large70/Mid400)
3405.T,クラレ,JPX Prime (Core30/Large70/Mid400)
3407.T,旭化成,JPX Prime (Core30/Large70/Mid400)
3436.T,ＳＵＭＣＯ,JPX Prime (Core30/Large70/Mid400)
3563.T,ＦＯＯＤ　＆　ＬＩＦＥ　ＣＯＭＰＡＮＩＥＳ,JPX Prime (Core30/Large70/Mid400)
3591.T,ワコールホールディングス,JPX Prime (Core30/Large70/Mid400)
3626.T,ＴＩＳＩ,JPX Prime (Core30/Large70/Mid400)
3635.T,コーエーテクモホールディングス,JPX Prime (Core30/Large70/Mid400)
3659.T,ネクソン,JPX Prime (Core30/Large70/Mid400)
3697.T,ＳＨＩＦＴ,JPX Prime (Core30/Large70/Mid400)
3769.T,ＧＭＯペイメントゲートウェイ,JPX Prime (Core30/Large70/Mid400)
3774.T,インターネットイニシアティブ,JPX Prime (Core30/Large70/Mid400)
3861.T,王子ホールディングス,JPX Prime (Core30/Large70/Mid400)
3923.T,ラクス,JPX Prime (Core30/Large70/Mid400)
3941.T,レンゴー,JPX Prime (Core30/Large70/Mid400)
3994.T,マネーフォワード,JPX Prime (Core30/Large70/Mid400)
4004.T,レゾナック・ホールディングス,JPX Prime (Core30/Large70/Mid400)
4005.T,住友化学,JPX Prime (Core30/Large70/Mid400)
4021.T,日産化学,JPX Prime (Core30/Large70/Mid400)
4042.T,東ソー,JPX Prime (Core30/Large70/Mid400)
4043.T,トクヤマ,JPX Prime (Core30/Large70/Mid400)
4045.T,東亞合成,JPX Prime (Core30/Large70/Mid400)
4061.T,デンカ,JPX Prime (Core30/Large70/Mid400)
4062.T,イビデン,JPX Prime (Core30/Large70/Mid400)
4063.T,信越化学工業,JPX Prime (Core30/Large70/Mid400)
4091.T,日本酸素ホールディングス,JPX Prime (Core30/Large70/Mid400)
4114.T,日本触媒,JPX Prime (Core30/Large70/Mid400)
4118.T,カネカ,JPX Prime (Core30/Large70/Mid400)
4151.T,協和キリン,JPX Prime (Core30/Large70/Mid400)
417A.T,ブルーゾーンホールディングス,JPX Prime (Core30/Large70/Mid400)
4182.T,三菱瓦斯化学,JPX Prime (Core30/Large70/Mid400)
4183.T,三井化学,JPX Prime (Core30/Large70/Mid400)
4186.T,東京応化工業,JPX Prime (Core30/Large70/Mid400)
4188.T,三菱ケミカルグループ,JPX Prime (Core30/Large70/Mid400)
4194.T,ビジョナル,JPX Prime (Core30/Large70/Mid400)
4202.T,ダイセル,JPX Prime (Core30/Large70/Mid400)
4203.T,住友ベークライト,JPX Prime (Core30/Large70/Mid400)
4204.T,積水化学工業,JPX Prime (Core30/Large70/Mid400)
4205.T,日本ゼオン,JPX Prime (Core30/Large70/Mid400)
4206.T,アイカ工業,JPX Prime (Core30/Large70/Mid400)
4208.T,ＵＢＥ,JPX Prime (Core30/Large70/Mid400)
4272.T,日本化薬,JPX Prime (Core30/Large70/Mid400)
4307.T,野村総合研究所,JPX Prime (Core30/Large70/Mid400)
4324.T,電通グループ,JPX Prime (Core30/Large70/Mid400)
4385.T,メルカリ,JPX Prime (Core30/Large70/Mid400)
4401.T,ＡＤＥＫＡ,JPX Prime (Core30/Large70/Mid400)
4403.T,日油,JPX Prime (Core30/Large70/Mid400)
4452.T,花王,JPX Prime (Core30/Large70/Mid400)
4502.T,武田薬品工業,JPX Prime (Core30/Large70/Mid400)
4503.T,アステラス製薬,JPX Prime (Core30/Large70/Mid400)
4506.T,住友ファーマ,JPX Prime (Core30/Large70/Mid400)
4507.T,塩野義製薬,JPX Prime (Core30/Large70/Mid400)
4516.T,日本新薬,JPX Prime (Core30/Large70/Mid400)
4519.T,中外製薬,JPX Prime (Core30/Large70/Mid400)
4523.T,エーザイ,JPX Prime (Core30/Large70/Mid400)
4527.T,ロート製薬,JPX Prime (Core30/Large70/Mid400)
4528.T,小野薬品工業,JPX Prime (Core30/Large70/Mid400)
4536.T,参天製薬,JPX Prime (Core30/Large70/Mid400)
4540.T,ツムラ,JPX Prime (Core30/Large70/Mid400)
4543.T,テルモ,JPX Prime (Core30/Large70/Mid400)
4544.T,Ｈ．Ｕ．グループホールディングス,JPX Prime (Core30/Large70/Mid400)
4568.T,第一三共,JPX Prime (Core30/Large70/Mid400)
4578.T,大塚ホールディングス,JPX Prime (Core30/Large70/Mid400)
4587.T,ペプチドリーム,JPX Prime (Core30/Large70/Mid400)
4612.T,日本ペイントホールディングス,JPX Prime (Core30/Large70/Mid400)
4613.T,関西ペイント,JPX Prime (Core30/Large70/Mid400)
4626.T,太陽ホールディングス,JPX Prime (Core30/Large70/Mid400)
4631.T,ＤＩＣ,JPX Prime (Core30/Large70/Mid400)
4661.T,オリエンタルランド,JPX Prime (Core30/Large70/Mid400)
4665.T,ダスキン,JPX Prime (Core30/Large70/Mid400)
4666.T,パーク２４,JPX Prime (Core30/Large70/Mid400)
4676.T,フジ・メディア・ホールディングス,JPX Prime (Core30/Large70/Mid400)
4680.T,ラウンドワン,JPX Prime (Core30/Large70/Mid400)
4681.T,リゾートトラスト,JPX Prime (Core30/Large70/Mid400)
4684.T,オービック,JPX Prime (Core30/Large70/Mid400)
4689.T,ＬＩＮＥヤフー,JPX Prime (Core30/Large70/Mid400)
4704.T,トレンドマイクロ,JPX Prime (Core30/Large70/Mid400)
4732.T,ユー・エス・エス,JPX Prime (Core30/Large70/Mid400)
4733.T,オービックビジネスコンサルタント,JPX Prime (Core30/Large70/Mid400)
4751.T,サイバーエージェント,JPX Prime (Core30/Large70/Mid400)
4755.T,楽天グループ,JPX Prime (Core30/Large70/Mid400)
4768.T,大塚商会,JPX Prime (Core30/Large70/Mid400)
4887.T,サワイグループホールディングス,JPX Prime (Core30/Large70/Mid400)
4901.T,富士フイルムホールディングス,JPX Prime (Core30/Large70/Mid400)
4902.T,コニカミノルタ,JPX Prime (Core30/Large70/Mid400)
4911.T,資生堂,JPX Prime (Core30/Large70/Mid400)
4912.T,ライオン,JPX Prime (Core30/Large70/Mid400)
4922.T,コーセーホールディングス,JPX Prime (Core30/Large70/Mid400)
4927.T,ポーラ・オルビスホールディングス,JPX Prime (Core30/Large70/Mid400)
4967.T,小林製薬,JPX Prime (Core30/Large70/Mid400)
4980.T,デクセリアルズ,JPX Prime (Core30/Large70/Mid400)
5016.T,ＪＸ金属,JPX Prime (Core30/Large70/Mid400)
5019.T,出光興産,JPX Prime (Core30/Large70/Mid400)
5020.T,ＥＮＥＯＳホールディングス,JPX Prime (Core30/Large70/Mid400)
5021.T,コスモエネルギーホールディングス,JPX Prime (Core30/Large70/Mid400)
5076.T,インフロニア・ホールディングス,JPX Prime (Core30/Large70/Mid400)
5101.T,横浜ゴム,JPX Prime (Core30/Large70/Mid400)
5105.T,ＴＯＹＯ　ＴＩＲＥ,JPX Prime (Core30/Large70/Mid400)
5108.T,ブリヂストン,JPX Prime (Core30/Large70/Mid400)
5110.T,住友ゴム工業,JPX Prime (Core30/Large70/Mid400)
5201.T,ＡＧＣ,JPX Prime (Core30/Large70/Mid400)
5214.T,日本電気硝子,JPX Prime (Core30/Large70/Mid400)
5232.T,住友大阪セメント,JPX Prime (Core30/Large70/Mid400)
5233.T,太平洋セメント,JPX Prime (Core30/Large70/Mid400)
5301.T,東海カーボン,JPX Prime (Core30/Large70/Mid400)
5332.T,ＴＯＴＯ,JPX Prime (Core30/Large70/Mid400)
5333.T,ＮＧＫ,JPX Prime (Core30/Large70/Mid400)
5334.T,日本特殊陶業,JPX Prime (Core30/Large70/Mid400)
5344.T,ＭＡＲＵＷＡ,JPX Prime (Core30/Large70/Mid400)
5393.T,ニチアス,JPX Prime (Core30/Large70/Mid400)
5401.T,日本製鉄,JPX Prime (Core30/Large70/Mid400)
5406.T,神戸製鋼所,JPX Prime (Core30/Large70/Mid400)
5411.T,ＪＦＥホールディングス,JPX Prime (Core30/Large70/Mid400)
5444.T,大和工業,JPX Prime (Core30/Large70/Mid400)
5463.T,丸一鋼管,JPX Prime (Core30/Large70/Mid400)
5471.T,大同特殊鋼,JPX Prime (Core30/Large70/Mid400)
5631.T,日本製鋼所,JPX Prime (Core30/Large70/Mid400)
5706.T,三井金属,JPX Prime (Core30/Large70/Mid400)
5711.T,三菱マテリアル,JPX Prime (Core30/Large70/Mid400)
5713.T,住友金属鉱山,JPX Prime (Core30/Large70/Mid400)
5714.T,ＤＯＷＡホールディングス,JPX Prime (Core30/Large70/Mid400)
5801.T,古河電気工業,JPX Prime (Core30/Large70/Mid400)
5802.T,住友電気工業,JPX Prime (Core30/Large70/Mid400)
5803.T,フジクラ,JPX Prime (Core30/Large70/Mid400)
5830.T,いよぎんホールディングス,JPX Prime (Core30/Large70/Mid400)
5831.T,しずおかフィナンシャルグループ,JPX Prime (Core30/Large70/Mid400)
5832.T,ちゅうぎんフィナンシャルグループ,JPX Prime (Core30/Large70/Mid400)
5838.T,楽天銀行,JPX Prime (Core30/Large70/Mid400)
5844.T,京都フィナンシャルグループ,JPX Prime (Core30/Large70/Mid400)
5901.T,東洋製罐グループホールディングス,JPX Prime (Core30/Large70/Mid400)
5929.T,三和ホールディングス,JPX Prime (Core30/Large70/Mid400)
5938.T,ＬＩＸＩＬ,JPX Prime (Core30/Large70/Mid400)
5947.T,リンナイ,JPX Prime (Core30/Large70/Mid400)
5991.T,日本発條,JPX Prime (Core30/Large70/Mid400)
6005.T,三浦工業,JPX Prime (Core30/Large70/Mid400)
6098.T,リクルートホールディングス,JPX Prime (Core30/Large70/Mid400)
6113.T,アマダ,JPX Prime (Core30/Large70/Mid400)
6134.T,ＦＵＪＩ,JPX Prime (Core30/Large70/Mid400)
6136.T,オーエスジー,JPX Prime (Core30/Large70/Mid400)
6141.T,ＤＭＧ森精機,JPX Prime (Core30/Large70/Mid400)
6146.T,ディスコ,JPX Prime (Core30/Large70/Mid400)
6178.T,日本郵政,JPX Prime (Core30/Large70/Mid400)
6268.T,ナブテスコ,JPX Prime (Core30/Large70/Mid400)
6269.T,三井海洋開発,JPX Prime (Core30/Large70/Mid400)
6273.T,ＳＭＣ,JPX Prime (Core30/Large70/Mid400)
6301.T,小松製作所,JPX Prime (Core30/Large70/Mid400)
6302.T,住友重機械工業,JPX Prime (Core30/Large70/Mid400)
6305.T,日立建機,JPX Prime (Core30/Large70/Mid400)
6323.T,ローツェ,JPX Prime (Core30/Large70/Mid400)
6326.T,クボタ,JPX Prime (Core30/Large70/Mid400)
6361.T,荏原製作所,JPX Prime (Core30/Large70/Mid400)
6367.T,ダイキン工業,JPX Prime (Core30/Large70/Mid400)
6368.T,オルガノ,JPX Prime (Core30/Large70/Mid400)
6370.T,栗田工業,JPX Prime (Core30/Large70/Mid400)
6383.T,ダイフク,JPX Prime (Core30/Large70/Mid400)
6417.T,ＳＡＮＫＹＯ,JPX Prime (Core30/Large70/Mid400)
6436.T,アマノ,JPX Prime (Core30/Large70/Mid400)
6448.T,ブラザー工業,JPX Prime (Core30/Large70/Mid400)
6457.T,グローリー,JPX Prime (Core30/Large70/Mid400)
6460.T,セガサミーホールディングス,JPX Prime (Core30/Large70/Mid400)
6465.T,ホシザキ,JPX Prime (Core30/Large70/Mid400)
6471.T,日本精工,JPX Prime (Core30/Large70/Mid400)
6472.T,ＮＴＮ,JPX Prime (Core30/Large70/Mid400)
6473.T,ジェイテクト,JPX Prime (Core30/Large70/Mid400)
6479.T,ミネベアミツミ,JPX Prime (Core30/Large70/Mid400)
6481.T,ＴＨＫ,JPX Prime (Core30/Large70/Mid400)
6501.T,日立製作所,JPX Prime (Core30/Large70/Mid400)
6503.T,三菱電機,JPX Prime (Core30/Large70/Mid400)
6504.T,富士電機,JPX Prime (Core30/Large70/Mid400)
6506.T,安川電機,JPX Prime (Core30/Large70/Mid400)
6525.T,ＫＯＫＵＳＡＩ　ＥＬＥＣＴＲＩＣ,JPX Prime (Core30/Large70/Mid400)
6526.T,ソシオネクスト,JPX Prime (Core30/Large70/Mid400)
6532.T,ベイカレント,JPX Prime (Core30/Large70/Mid400)
6544.T,ジャパンエレベーターサービスホールディングス,JPX Prime (Core30/Large70/Mid400)
6586.T,マキタ,JPX Prime (Core30/Large70/Mid400)
6592.T,マブチモーター,JPX Prime (Core30/Large70/Mid400)
6632.T,ＪＶＣケンウッド,JPX Prime (Core30/Large70/Mid400)
6645.T,オムロン,JPX Prime (Core30/Large70/Mid400)
6674.T,ジーエス・ユアサ　コーポレーション,JPX Prime (Core30/Large70/Mid400)
6701.T,日本電気,JPX Prime (Core30/Large70/Mid400)
6702.T,富士通,JPX Prime (Core30/Large70/Mid400)
6707.T,サンケン電気,JPX Prime (Core30/Large70/Mid400)
6723.T,ルネサスエレクトロニクス,JPX Prime (Core30/Large70/Mid400)
6724.T,セイコーエプソン,JPX Prime (Core30/Large70/Mid400)
6728.T,アルバック,JPX Prime (Core30/Large70/Mid400)
6752.T,パナソニック　ホールディングス,JPX Prime (Core30/Large70/Mid400)
6753.T,シャープ,JPX Prime (Core30/Large70/Mid400)
6754.T,アンリツ,JPX Prime (Core30/Large70/Mid400)
6758.T,ソニーグループ,JPX Prime (Core30/Large70/Mid400)
6762.T,ＴＤＫ,JPX Prime (Core30/Large70/Mid400)
6770.T,アルプスアルパイン,JPX Prime (Core30/Large70/Mid400)
6806.T,ヒロセ電機,JPX Prime (Core30/Large70/Mid400)
6841.T,横河電機,JPX Prime (Core30/Large70/Mid400)
6845.T,アズビル,JPX Prime (Core30/Large70/Mid400)
6849.T,日本光電工業,JPX Prime (Core30/Large70/Mid400)
6856.T,堀場製作所,JPX Prime (Core30/Large70/Mid400)
6857.T,アドバンテスト,JPX Prime (Core30/Large70/Mid400)
6861.T,キーエンス,JPX Prime (Core30/Large70/Mid400)
6869.T,シスメックス,JPX Prime (Core30/Large70/Mid400)
6902.T,デンソー,JPX Prime (Core30/Large70/Mid400)
6920.T,レーザーテック,JPX Prime (Core30/Large70/Mid400)
6923.T,スタンレー電気,JPX Prime (Core30/Large70/Mid400)
6925.T,ウシオ電機,JPX Prime (Core30/Large70/Mid400)
6951.T,日本電子,JPX Prime (Core30/Large70/Mid400)
6952.T,カシオ計算機,JPX Prime (Core30/Large70/Mid400)
6954.T,ファナック,JPX Prime (Core30/Large70/Mid400)
6963.T,ローム,JPX Prime (Core30/Large70/Mid400)
6965.T,浜松ホトニクス,JPX Prime (Core30/Large70/Mid400)
6971.T,京セラ,JPX Prime (Core30/Large70/Mid400)
6976.T,太陽誘電,JPX Prime (Core30/Large70/Mid400)
6981.T,村田製作所,JPX Prime (Core30/Large70/Mid400)
6988.T,日東電工,JPX Prime (Core30/Large70/Mid400)
7003.T,三井Ｅ＆Ｓ,JPX Prime (Core30/Large70/Mid400)
7011.T,三菱重工業,JPX Prime (Core30/Large70/Mid400)
7012.T,川崎重工業,JPX Prime (Core30/Large70/Mid400)
7013.T,ＩＨＩ,JPX Prime (Core30/Large70/Mid400)
7164.T,全国保証,JPX Prime (Core30/Large70/Mid400)
7167.T,めぶきフィナンシャルグループ,JPX Prime (Core30/Large70/Mid400)
7180.T,九州フィナンシャルグループ,JPX Prime (Core30/Large70/Mid400)
7181.T,かんぽ生命保険,JPX Prime (Core30/Large70/Mid400)
7182.T,ゆうちょ銀行,JPX Prime (Core30/Large70/Mid400)
7186.T,横浜フィナンシャルグループ,JPX Prime (Core30/Large70/Mid400)
7189.T,西日本フィナンシャルホールディングス,JPX Prime (Core30/Large70/Mid400)
7201.T,日産自動車,JPX Prime (Core30/Large70/Mid400)
7202.T,いすゞ自動車,JPX Prime (Core30/Large70/Mid400)
7203.T,トヨタ自動車,JPX Prime (Core30/Large70/Mid400)
7211.T,三菱自動車工業,JPX Prime (Core30/Large70/Mid400)
7240.T,ＮＯＫ,JPX Prime (Core30/Large70/Mid400)
7259.T,アイシン,JPX Prime (Core30/Large70/Mid400)
7261.T,マツダ,JPX Prime (Core30/Large70/Mid400)
7267.T,本田技研工業,JPX Prime (Core30/Large70/Mid400)
7269.T,スズキ,JPX Prime (Core30/Large70/Mid400)
7270.T,ＳＵＢＡＲＵ,JPX Prime (Core30/Large70/Mid400)
7272.T,ヤマハ発動機,JPX Prime (Core30/Large70/Mid400)
7276.T,小糸製作所,JPX Prime (Core30/Large70/Mid400)
7282.T,豊田合成,JPX Prime (Core30/Large70/Mid400)
7309.T,シマノ,JPX Prime (Core30/Large70/Mid400)
7313.T,テイ・エス　テック,JPX Prime (Core30/Large70/Mid400)
7337.T,ひろぎんホールディングス,JPX Prime (Core30/Large70/Mid400)
7453.T,良品計画,JPX Prime (Core30/Large70/Mid400)
7458.T,第一興商,JPX Prime (Core30/Large70/Mid400)
7459.T,メディパルホールディングス,JPX Prime (Core30/Large70/Mid400)
7476.T,アズワン,JPX Prime (Core30/Large70/Mid400)
7532.T,パン・パシフィック・インターナショナルホールディングス,JPX Prime (Core30/Large70/Mid400)
7550.T,ゼンショーホールディングス,JPX Prime (Core30/Large70/Mid400)
7616.T,コロワイド,JPX Prime (Core30/Large70/Mid400)
7649.T,スギホールディングス,JPX Prime (Core30/Large70/Mid400)
7701.T,島津製作所,JPX Prime (Core30/Large70/Mid400)
7729.T,東京精密,JPX Prime (Core30/Large70/Mid400)
7731.T,ニコン,JPX Prime (Core30/Large70/Mid400)
7733.T,オリンパス,JPX Prime (Core30/Large70/Mid400)
7735.T,ＳＣＲＥＥＮホールディングス,JPX Prime (Core30/Large70/Mid400)
7741.T,ＨＯＹＡ,JPX Prime (Core30/Large70/Mid400)
7747.T,朝日インテック,JPX Prime (Core30/Large70/Mid400)
7751.T,キヤノン,JPX Prime (Core30/Large70/Mid400)
7752.T,リコー,JPX Prime (Core30/Large70/Mid400)
7832.T,バンダイナムコホールディングス,JPX Prime (Core30/Large70/Mid400)
7846.T,パイロットコーポレーション,JPX Prime (Core30/Large70/Mid400)
7867.T,タカラトミー,JPX Prime (Core30/Large70/Mid400)
7911.T,ＴＯＰＰＡＮホールディングス,JPX Prime (Core30/Large70/Mid400)
7912.T,大日本印刷,JPX Prime (Core30/Large70/Mid400)
7936.T,アシックス,JPX Prime (Core30/Large70/Mid400)
7951.T,ヤマハ,JPX Prime (Core30/Large70/Mid400)
7956.T,ピジョン,JPX Prime (Core30/Large70/Mid400)
7974.T,任天堂,JPX Prime (Core30/Large70/Mid400)
7984.T,コクヨ,JPX Prime (Core30/Large70/Mid400)
7988.T,ニフコ,JPX Prime (Core30/Large70/Mid400)
8001.T,伊藤忠商事,JPX Prime (Core30/Large70/Mid400)
8002.T,丸紅,JPX Prime (Core30/Large70/Mid400)
8012.T,長瀬産業,JPX Prime (Core30/Large70/Mid400)
8015.T,豊田通商,JPX Prime (Core30/Large70/Mid400)
8020.T,兼松,JPX Prime (Core30/Large70/Mid400)
8031.T,三井物産,JPX Prime (Core30/Large70/Mid400)
8035.T,東京エレクトロン,JPX Prime (Core30/Large70/Mid400)
8053.T,住友商事,JPX Prime (Core30/Large70/Mid400)
8056.T,ＢＩＰＲＯＧＹ,JPX Prime (Core30/Large70/Mid400)
8058.T,三菱商事,JPX Prime (Core30/Large70/Mid400)
8060.T,キヤノンマーケティングジャパン,JPX Prime (Core30/Large70/Mid400)
8086.T,ニプロ,JPX Prime (Core30/Large70/Mid400)
8088.T,岩谷産業,JPX Prime (Core30/Large70/Mid400)
8111.T,ゴールドウイン,JPX Prime (Core30/Large70/Mid400)
8113.T,ユニ・チャーム,JPX Prime (Core30/Large70/Mid400)
8129.T,東邦ホールディングス,JPX Prime (Core30/Large70/Mid400)
8136.T,サンリオ,JPX Prime (Core30/Large70/Mid400)
8174.T,日本瓦斯,JPX Prime (Core30/Large70/Mid400)
8227.T,しまむら,JPX Prime (Core30/Large70/Mid400)
8233.T,高島屋,JPX Prime (Core30/Large70/Mid400)
8242.T,エイチ・ツー・オー　リテイリング,JPX Prime (Core30/Large70/Mid400)
8252.T,丸井グループ,JPX Prime (Core30/Large70/Mid400)
8253.T,クレディセゾン,JPX Prime (Core30/Large70/Mid400)
8267.T,イオン,JPX Prime (Core30/Large70/Mid400)
8282.T,ケーズホールディングス,JPX Prime (Core30/Large70/Mid400)
8303.T,ＳＢＩ新生銀行,JPX Prime (Core30/Large70/Mid400)
8304.T,あおぞら銀行,JPX Prime (Core30/Large70/Mid400)
8306.T,三菱ＵＦＪフィナンシャル・グループ,JPX Prime (Core30/Large70/Mid400)
8308.T,りそなホールディングス,JPX Prime (Core30/Large70/Mid400)
8309.T,三井住友トラストグループ,JPX Prime (Core30/Large70/Mid400)
8316.T,三井住友フィナンシャルグループ,JPX Prime (Core30/Large70/Mid400)
8331.T,千葉銀行,JPX Prime (Core30/Large70/Mid400)
8334.T,群馬銀行,JPX Prime (Core30/Large70/Mid400)
8341.T,七十七銀行,JPX Prime (Core30/Large70/Mid400)
8354.T,ふくおかフィナンシャルグループ,JPX Prime (Core30/Large70/Mid400)
8359.T,八十二長野銀行,JPX Prime (Core30/Large70/Mid400)
8377.T,ほくほくフィナンシャルグループ,JPX Prime (Core30/Large70/Mid400)
8410.T,セブン銀行,JPX Prime (Core30/Large70/Mid400)
8411.T,みずほフィナンシャルグループ,JPX Prime (Core30/Large70/Mid400)
8418.T,山口フィナンシャルグループ,JPX Prime (Core30/Large70/Mid400)
8424.T,芙蓉総合リース,JPX Prime (Core30/Large70/Mid400)
8439.T,東京センチュリー,JPX Prime (Core30/Large70/Mid400)
8473.T,ＳＢＩホールディングス,JPX Prime (Core30/Large70/Mid400)
8570.T,イオンフィナンシャルサービス,JPX Prime (Core30/Large70/Mid400)
8591.T,オリックス,JPX Prime (Core30/Large70/Mid400)
8593.T,三菱ＨＣキャピタル,JPX Prime (Core30/Large70/Mid400)
8595.T,ジャフコ　グループ,JPX Prime (Core30/Large70/Mid400)
8601.T,大和証券グループ本社,JPX Prime (Core30/Large70/Mid400)
8604.T,野村ホールディングス,JPX Prime (Core30/Large70/Mid400)
8630.T,ＳＯＭＰＯホールディングス,JPX Prime (Core30/Large70/Mid400)
8697.T,日本取引所グループ,JPX Prime (Core30/Large70/Mid400)
8725.T,ＭＳ＆ＡＤインシュアランスグループホールディングス,JPX Prime (Core30/Large70/Mid400)
8729.T,ソニーフィナンシャルグループ,JPX Prime (Core30/Large70/Mid400)
8750.T,第一ライフグループ,JPX Prime (Core30/Large70/Mid400)
8766.T,東京海上ホールディングス,JPX Prime (Core30/Large70/Mid400)
8795.T,Ｔ＆Ｄホールディングス,JPX Prime (Core30/Large70/Mid400)
8801.T,三井不動産,JPX Prime (Core30/Large70/Mid400)
8802.T,三菱地所,JPX Prime (Core30/Large70/Mid400)
8804.T,東京建物,JPX Prime (Core30/Large70/Mid400)
8830.T,住友不動産,JPX Prime (Core30/Large70/Mid400)
8876.T,リログループ,JPX Prime (Core30/Large70/Mid400)
9001.T,東武鉄道,JPX Prime (Core30/Large70/Mid400)
9003.T,相鉄ホールディングス,JPX Prime (Core30/Large70/Mid400)
9005.T,東急,JPX Prime (Core30/Large70/Mid400)
9006.T,京浜急行電鉄,JPX Prime (Core30/Large70/Mid400)
9007.T,小田急電鉄,JPX Prime (Core30/Large70/Mid400)
9008.T,京王電鉄,JPX Prime (Core30/Large70/Mid400)
9009.T,京成電鉄,JPX Prime (Core30/Large70/Mid400)
9020.T,東日本旅客鉄道,JPX Prime (Core30/Large70/Mid400)
9021.T,西日本旅客鉄道,JPX Prime (Core30/Large70/Mid400)
9022.T,東海旅客鉄道,JPX Prime (Core30/Large70/Mid400)
9023.T,東京地下鉄,JPX Prime (Core30/Large70/Mid400)
9024.T,西武ホールディングス,JPX Prime (Core30/Large70/Mid400)
9031.T,西日本鉄道,JPX Prime (Core30/Large70/Mid400)
9041.T,近鉄グループホールディングス,JPX Prime (Core30/Large70/Mid400)
9042.T,阪急阪神ホールディングス,JPX Prime (Core30/Large70/Mid400)
9044.T,ＮＡＮＫＡＩ,JPX Prime (Core30/Large70/Mid400)
9045.T,京阪ホールディングス,JPX Prime (Core30/Large70/Mid400)
9048.T,名古屋鉄道,JPX Prime (Core30/Large70/Mid400)
9064.T,ヤマトホールディングス,JPX Prime (Core30/Large70/Mid400)
9065.T,山九,JPX Prime (Core30/Large70/Mid400)
9069.T,センコーグループホールディングス,JPX Prime (Core30/Large70/Mid400)
9072.T,ニッコンホールディングス,JPX Prime (Core30/Large70/Mid400)
9076.T,セイノーホールディングス,JPX Prime (Core30/Large70/Mid400)
9101.T,日本郵船,JPX Prime (Core30/Large70/Mid400)
9104.T,商船三井,JPX Prime (Core30/Large70/Mid400)
9107.T,川崎汽船,JPX Prime (Core30/Large70/Mid400)
9142.T,九州旅客鉄道,JPX Prime (Core30/Large70/Mid400)
9143.T,ＳＧホールディングス,JPX Prime (Core30/Large70/Mid400)
9147.T,ＮＩＰＰＯＮ　ＥＸＰＲＥＳＳホールディングス,JPX Prime (Core30/Large70/Mid400)
9201.T,日本航空,JPX Prime (Core30/Large70/Mid400)
9202.T,ＡＮＡホールディングス,JPX Prime (Core30/Large70/Mid400)
9301.T,三菱倉庫,JPX Prime (Core30/Large70/Mid400)
9302.T,三井倉庫ホールディングス,JPX Prime (Core30/Large70/Mid400)
9364.T,上組,JPX Prime (Core30/Large70/Mid400)
9401.T,ＴＢＳホールディングス,JPX Prime (Core30/Large70/Mid400)
9404.T,日本テレビホールディングス,JPX Prime (Core30/Large70/Mid400)
9432.T,ＮＴＴ,JPX Prime (Core30/Large70/Mid400)
9433.T,ＫＤＤＩ,JPX Prime (Core30/Large70/Mid400)
9434.T,ソフトバンク,JPX Prime (Core30/Large70/Mid400)
9435.T,光通信,JPX Prime (Core30/Large70/Mid400)
9449.T,ＧＭＯインターネットグループ,JPX Prime (Core30/Large70/Mid400)
9468.T,ＫＡＤＯＫＡＷＡ,JPX Prime (Core30/Large70/Mid400)
9501.T,東京電力ホールディングス,JPX Prime (Core30/Large70/Mid400)
9502.T,中部電力,JPX Prime (Core30/Large70/Mid400)
9503.T,関西電力,JPX Prime (Core30/Large70/Mid400)
9504.T,中国電力,JPX Prime (Core30/Large70/Mid400)
9505.T,北陸電力,JPX Prime (Core30/Large70/Mid400)
9506.T,東北電力,JPX Prime (Core30/Large70/Mid400)
9507.T,四国電力,JPX Prime (Core30/Large70/Mid400)
9508.T,九州電力,JPX Prime (Core30/Large70/Mid400)
9509.T,北海道電力,JPX Prime (Core30/Large70/Mid400)
9513.T,電源開発,JPX Prime (Core30/Large70/Mid400)
9531.T,東京瓦斯,JPX Prime (Core30/Large70/Mid400)
9532.T,大阪瓦斯,JPX Prime (Core30/Large70/Mid400)
9533.T,東邦瓦斯,JPX Prime (Core30/Large70/Mid400)
9602.T,東宝,JPX Prime (Core30/Large70/Mid400)
9616.T,共立メンテナンス,JPX Prime (Core30/Large70/Mid400)
9627.T,アインホールディングス,JPX Prime (Core30/Large70/Mid400)
9684.T,スクウェア・エニックス・ホールディングス,JPX Prime (Core30/Large70/Mid400)
9697.T,カプコン,JPX Prime (Core30/Large70/Mid400)
9706.T,日本空港ビルデング,JPX Prime (Core30/Large70/Mid400)
9735.T,セコム,JPX Prime (Core30/Large70/Mid400)
9744.T,メイテックグループホールディングス,JPX Prime (Core30/Large70/Mid400)
9759.T,ＮＳＤ,JPX Prime (Core30/Large70/Mid400)
9766.T,コナミグループ,JPX Prime (Core30/Large70/Mid400)
9831.T,ヤマダホールディングス,JPX Prime (Core30/Large70/Mid400)
9843.T,ニトリホールディングス,JPX Prime (Core30/Large70/Mid400)
9861.T,吉野家ホールディングス,JPX Prime (Core30/Large70/Mid400)
9934.T,因幡電機産業,JPX Prime (Core30/Large70/Mid400)
9962.T,ミスミグループ本社,JPX Prime (Core30/Large70/Mid400)
9983.T,ファーストリテイリング,JPX Prime (Core30/Large70/Mid400)
9984.T,ソフトバンクグループ,JPX Prime (Core30/Large70/Mid400)
9987.T,スズケン,JPX Prime (Core30/Large70/Mid400)
9989.T,サンドラッグ,JPX Prime (Core30/Large70/Mid400)
1101.TW,TCC,TWSE (main board)
1102.TW,ACC,TWSE (main board)
1103.TW,CHC,TWSE (main board)
1104.TW,UCC,TWSE (main board)
1108.TW,LUCKY CEMENT,TWSE (main board)
1109.TW,HsingTa,TWSE (main board)
1110.TW,SE CEMENT,TWSE (main board)
1201.TW,WEI CHUAN,TWSE (main board)
1203.TW,VE WONG,TWSE (main board)
1210.TW,GREATWALL,TWSE (main board)
1213.TW,OCEANIC Bev.,TWSE (main board)
1215.TW,CPE,TWSE (main board)
1216.TW,UNI-PRESIDENT,TWSE (main board)
1217.TW,AGV,TWSE (main board)
1218.TW,TAISUN,TWSE (main board)
1219.TW,FWUSOW,TWSE (main board)
1220.TW,TAIROUN,TWSE (main board)
1225.TW,FOPCO,TWSE (main board)
1227.TW,SFC,TWSE (main board)
1229.TW,LHIHC,TWSE (main board)
1231.TW,Lian Hwa Foods,TWSE (main board)
1232.TW,TTET,TWSE (main board)
1233.TW,Ten Ren,TWSE (main board)
1234.TW,HEY SONG,TWSE (main board)
1235.TW,ST,TWSE (main board)
1236.TW,Hunya,TWSE (main board)
1256.TW,Sunjuice,TWSE (main board)
1301.TW,FPC,TWSE (main board)
1303.TW,NPC,TWSE (main board)
1304.TW,USI,TWSE (main board)
1305.TW,CGPC,TWSE (main board)
1307.TW,SAN FANG,TWSE (main board)
1308.TW,APC,TWSE (main board)
1309.TW,TTC,TWSE (main board)
1310.TW,T.S.M.C.,TWSE (main board)
1312.TW,GPPC,TWSE (main board)
1313.TW,UPC,TWSE (main board)
1314.TW,CPDC,TWSE (main board)
1315.TW,TAH HSIN,TWSE (main board)
1316.TW,SUN  YAD,TWSE (main board)
1319.TW,TYG,TWSE (main board)
1321.TW,OPC,TWSE (main board)
1323.TW,YONYU,TWSE (main board)
1324.TW,GLOBE TAPE,TWSE (main board)
1325.TW,UK,TWSE (main board)
1326.TW,FCFC,TWSE (main board)
1337.TW,Asia Plastic,TWSE (main board)
1338.TW,Hiroca,TWSE (main board)
1339.TW,Y.C.C.,TWSE (main board)
1340.TW,VICTORY,TWSE (main board)
1341.TW,FULIN-KY,TWSE (main board)
1342.TW,CCI Yilan,TWSE (main board)
1402.TW,FENC,TWSE (main board)
1409.TW,SSFC,TWSE (main board)
1410.TW,NYDF,TWSE (main board)
1413.TW,H.C.,TWSE (main board)
1414.TW,TUNG HO,TWSE (main board)
1416.TW,KFIC,TWSE (main board)
1417.TW,CARNIVAL,TWSE (main board)
1418.TW,TongHwa,TWSE (main board)
1419.TW,SHINKO.TEXTILE,TWSE (main board)
1423.TW,REWARD WOOL,TWSE (main board)
1432.TW,TAROKO,TWSE (main board)
1434.TW,F.T.C,TWSE (main board)
1435.TW,C.F.CORP.,TWSE (main board)
1436.TW,HUA YU LIEN,TWSE (main board)
1437.TW,GTM,TWSE (main board)
1438.TW,SanDi,TWSE (main board)
1439.TW,ASCENT,TWSE (main board)
1440.TW,TAINAN SPINNING,TWSE (main board)
1441.TW,TAH TONG,TWSE (main board)
1442.TW,ADVANCETEK,TWSE (main board)
1443.TW,LILYTEXTILE,TWSE (main board)
1444.TW,LEALEA,TWSE (main board)
1445.TW,UNIVERSAL,TWSE (main board)
1446.TW,HONG HO,TWSE (main board)
1447.TW,LP,TWSE (main board)
1449.TW,CHIA HER,TWSE (main board)
1451.TW,NIEN HSING,TWSE (main board)
1452.TW,HONG YI,TWSE (main board)
1453.TW,TA  JIANG,TWSE (main board)
1454.TW,TTF,TWSE (main board)
1455.TW,ZIG SHENG,TWSE (main board)
1456.TW,I-HWA,TWSE (main board)
1457.TW,YI JINN,TWSE (main board)
1459.TW,LAN FA,TWSE (main board)
1460.TW,EVEREST,TWSE (main board)
1463.TW,CSG,TWSE (main board)
1464.TW,DE LICACY,TWSE (main board)
1465.TW,WISHER,TWSE (main board)
1466.TW,Acelon,TWSE (main board)
1467.TW,TEX-RAY,TWSE (main board)
1468.TW,CHANG HO,TWSE (main board)
1470.TW,EVERTEX,TWSE (main board)
1471.TW,SL,TWSE (main board)
1472.TW,TRIOCEAN,TWSE (main board)
1473.TW,TAINAN,TWSE (main board)
1474.TW,HONMYUE,TWSE (main board)
1475.TW,BIG SUNSHINE,TWSE (main board)
1476.TW,ECLAT,TWSE (main board)
1477.TW,Makalot　　,TWSE (main board)
1503.TW,SEEC,TWSE (main board)
1504.TW,TECO,TWSE (main board)
1506.TW,RIGHT WAY,TWSE (main board)
1512.TW,JL,TWSE (main board)
1513.TW,CHEM,TWSE (main board)
1514.TW,AEC,TWSE (main board)
1515.TW,REXON,TWSE (main board)
1516.TW,FALCON,TWSE (main board)
1517.TW,Lee Chi,TWSE (main board)
1519.TW,FE,TWSE (main board)
1521.TW,TA YIH,TWSE (main board)
1522.TW,TYC,TWSE (main board)
1524.TW,GORDON,TWSE (main board)
1525.TW,KSC,TWSE (main board)
1526.TW,SUNRACE,TWSE (main board)
1527.TW,BASSO,TWSE (main board)
1528.TW,ANDERSON,TWSE (main board)
1529.TW,LUXE,TWSE (main board)
1530.TW,AWEA,TWSE (main board)
1531.TW,KAULIN,TWSE (main board)
1532.TW,CMP,TWSE (main board)
1533.TW,MORE,TWSE (main board)
1535.TW,CEC,TWSE (main board)
1536.TW,HOTA,TWSE (main board)
1537.TW,KUNG LONG,TWSE (main board)
1538.TW,　　JF,TWSE (main board)
1539.TW,GT　　,TWSE (main board)
1540.TW,　ROUNDTOP　,TWSE (main board)
1541.TW,Chang Type,TWSE (main board)
1558.TW,ZENG HSING,TWSE (main board)
1560.TW,KINIK,TWSE (main board)
1563.TW,SAI,TWSE (main board)
1568.TW,T.Y.,TWSE (main board)
1582.TW,SYNCMOLD,TWSE (main board)
1583.TW,GOODWAY,TWSE (main board)
1587.TW,CM,TWSE (main board)
1589.TW,YGG,TWSE (main board)
1590.TW,AIRTAC,TWSE (main board)
1597.TW,cpc,TWSE (main board)
1598.TW,Dyaco,TWSE (main board)
1603.TW,CWCO,TWSE (main board)
1604.TW,SAMPO,TWSE (main board)
1605.TW,WALSIN,TWSE (main board)
1608.TW,HE,TWSE (main board)
1609.TW,TA YA,TWSE (main board)
1611.TW,CE,TWSE (main board)
1612.TW,HONG TAI,TWSE (main board)
1614.TW,Taiwan Sanyo,TWSE (main board)
1615.TW,Dah  San,TWSE (main board)
1616.TW,EVERTOP,TWSE (main board)
1617.TW,JSW,TWSE (main board)
1618.TW,HK,TWSE (main board)
1623.TW,TEWC,TWSE (main board)
1626.TW,AIRMATE,TWSE (main board)
1702.TW,NAMCHOW,TWSE (main board)
1707.TW,GKB,TWSE (main board)
1708.TW,SESODA,TWSE (main board)
1709.TW,FUCC,TWSE (main board)
1710.TW,OUCC,TWSE (main board)
1711.TW,EVERLIGHT,TWSE (main board)
1712.TW,SINON,TWSE (main board)
1713.TW,CCW,TWSE (main board)
1714.TW,HO TUNG,TWSE (main board)
1717.TW,ETERNAL,TWSE (main board)
1718.TW,CMFC,TWSE (main board)
1720.TW,S.C.P.C,TWSE (main board)
1721.TW,SUNKO,TWSE (main board)
1722.TW,TFC,TWSE (main board)
1723.TW,CSCC,TWSE (main board)
1725.TW,YJE,TWSE (main board)
1726.TW,Y.C.P.,TWSE (main board)
1727.TW,CHCIW,TWSE (main board)
1730.TW,FARCENT,TWSE (main board)
1731.TW,Maywufa,TWSE (main board)
1732.TW,Mao Bao,TWSE (main board)
1733.TW,ApexBio,TWSE (main board)
1734.TW,SINPHAR　,TWSE (main board)
1735.TW,　　EMC,TWSE (main board)
1736.TW,JHT　　,TWSE (main board)
1737.TW,Taiyen,TWSE (main board)
1752.TW,NANG KUANG　　,TWSE (main board)
1760.TW,PBF,TWSE (main board)
1762.TW,CCSB,TWSE (main board)
1773.TW,SHINY  CHEMICAL,TWSE (main board)
1776.TW,Headway,TWSE (main board)
1783.TW,MBI,TWSE (main board)
1786.TW,SVBI,TWSE (main board)
1789.TW,SPT,TWSE (main board)
1795.TW,Lotus Pharm,TWSE (main board)
1802.TW,TGI,TWSE (main board)
1805.TW,BLG,TWSE (main board)
1806.TW,CHAMPION,TWSE (main board)
1808.TW,RUN LONG,TWSE (main board)
1809.TW,China Glaze,TWSE (main board)
1810.TW,HCG,TWSE (main board)
1817.TW,SANITAR,TWSE (main board)
1903.TW,Shihlin Paper,TWSE (main board)
1904.TW,Cheng Loong,TWSE (main board)
1905.TW,CHP,TWSE (main board)
1906.TW,Baolong Intl.,TWSE (main board)
1907.TW,YFY,TWSE (main board)
1909.TW,Longchen P&P,TWSE (main board)
2002.TW,CSC,TWSE (main board)
2006.TW,Tung Ho Steel,TWSE (main board)
2007.TW,YH,TWSE (main board)
2008.TW,KHC,TWSE (main board)
2009.TW,FCC,TWSE (main board)
2010.TW,CHUN YUAN STEEL,TWSE (main board)
2012.TW,CHUN YU,TWSE (main board)
2013.TW,CSSC,TWSE (main board)
2014.TW,CHUNG HUNG,TWSE (main board)
2015.TW,FH,TWSE (main board)
2017.TW,Quintain Steel,TWSE (main board)
2020.TW,MAYER PIPE,TWSE (main board)
2022.TW,TYCOONS,TWSE (main board)
2023.TW,YP,TWSE (main board)
2024.TW,CHIH LIEN,TWSE (main board)
2025.TW,CSSSC,TWSE (main board)
2027.TW,TC,TWSE (main board)
2028.TW,WEI CHIH,TWSE (main board)
2029.TW,SYSCO,TWSE (main board)
2030.TW,FROCH,TWSE (main board)
2031.TW,Hkssteel,TWSE (main board)
2032.TW,Sinkang,TWSE (main board)
2033.TW,CHIA TA,TWSE (main board)
2034.TW,YC,TWSE (main board)
2038.TW,HAIKWANG　　,TWSE (main board)
2049.TW,HIWIN,TWSE (main board)
2059.TW,king slide　,TWSE (main board)
2062.TW,SSM,TWSE (main board)
2069.TW,YC,TWSE (main board)
2072.TW,CWP,TWSE (main board)
2101.TW,NK,TWSE (main board)
2102.TW,FEDERAL CORP,TWSE (main board)
2103.TW,TSRC,TWSE (main board)
2104.TW,CSRC,TWSE (main board)
2105.TW,CST,TWSE (main board)
2106.TW,KENDA,TWSE (main board)
2107.TW,FRG,TWSE (main board)
2108.TW,NANTEX,TWSE (main board)
2109.TW,HWA FONG,TWSE (main board)
2114.TW,HYC,TWSE (main board)
2115.TW,LU HAI,TWSE (main board)
2201.TW,YL,TWSE (main board)
2204.TW,CMC,TWSE (main board)
2206.TW,SYM,TWSE (main board)
2207.TW,HOTAI MOTOR,TWSE (main board)
2208.TW,　　CSBC,TWSE (main board)
2211.TW,EGST,TWSE (main board)
2227.TW,YNM,TWSE (main board)
2228.TW,IRF,TWSE (main board)
2231.TW,CUB,TWSE (main board)
2233.TW,TURVO,TWSE (main board)
2236.TW,Patec,TWSE (main board)
2237.TW,RAC,TWSE (main board)
2239.TW,Cayman Engley,TWSE (main board)
2241.TW,Amulaire,TWSE (main board)
2243.TW,HS,TWSE (main board)
2247.TW,PGUM,TWSE (main board)
2248.TW,eLAND,TWSE (main board)
2250.TW,IKKA-KY,TWSE (main board)
2254.TW,COPLUS,TWSE (main board)
2258.TW,Foxtron,TWSE (main board)
2301.TW,LTC,TWSE (main board)
2302.TW,RECTRON,TWSE (main board)
2303.TW,UMC,TWSE (main board)
2305.TW,MII,TWSE (main board)
2308.TW,DELTA,TWSE (main board)
2312.TW,KINPO,TWSE (main board)
2313.TW,COMPEQ,TWSE (main board)
2314.TW,MTI,TWSE (main board)
2316.TW,WUS,TWSE (main board)
2317.TW,HON HAI,TWSE (main board)
2321.TW,TECOM,TWSE (main board)
2323.TW,CMC,TWSE (main board)
2324.TW,Compal,TWSE (main board)
2327.TW,YAGEO,TWSE (main board)
2328.TW,PI,TWSE (main board)
2329.TW,OSE,TWSE (main board)
2330.TW,TSMC,TWSE (main board)
2331.TW,ECS,TWSE (main board)
2332.TW,D-LINK,TWSE (main board)
2337.TW,Macronix,TWSE (main board)
2338.TW,TMC,TWSE (main board)
2340.TW,TASC,TWSE (main board)
2342.TW,MVI,TWSE (main board)
2344.TW,WEC,TWSE (main board)
2345.TW,ACCTON,TWSE (main board)
2347.TW,Synnex,TWSE (main board)
2348.TW,Hiyes,TWSE (main board)
2349.TW,RITEK,TWSE (main board)
2351.TW,SDI,TWSE (main board)
2352.TW,Qisda,TWSE (main board)
2353.TW,ACER,TWSE (main board)
2354.TW,FTC,TWSE (main board)
2355.TW,CHIN-POON,TWSE (main board)
2356.TW,INVENTEC,TWSE (main board)
2357.TW,ASUSTEK,TWSE (main board)
2359.TW,SOLOMON,TWSE (main board)
2360.TW,CHROMA,TWSE (main board)
2362.TW,CLEVO CO.,TWSE (main board)
2363.TW,SiS,TWSE (main board)
2364.TW,Twinhead,TWSE (main board)
2365.TW,KYE,TWSE (main board)
2367.TW,UNITECH,TWSE (main board)
2368.TW,GCE,TWSE (main board)
2369.TW,LPI,TWSE (main board)
2371.TW,TATUNG COMPANY,TWSE (main board)
2373.TW,Aurora,TWSE (main board)
2374.TW,ABILITY,TWSE (main board)
2375.TW,KAIMEI,TWSE (main board)
2376.TW,GIGABYTE,TWSE (main board)
2377.TW,MSI,TWSE (main board)
2379.TW,RT,TWSE (main board)
2380.TW,AVISION,TWSE (main board)
2382.TW,QCI,TWSE (main board)
2383.TW,EMC,TWSE (main board)
2385.TW,CHICONY,TWSE (main board)
2387.TW,SUNREX,TWSE (main board)
2388.TW,VIA,TWSE (main board)
2390.TW,EVERSPRING,TWSE (main board)
2392.TW,FOXLINK,TWSE (main board)
2393.TW,EVERLIGHT,TWSE (main board)
2395.TW,Advantech,TWSE (main board)
2397.TW,DFI Inc.,TWSE (main board)
2399.TW,BIOSTAR,TWSE (main board)
2401.TW,SUNPLUS,TWSE (main board)
2402.TW,ICHIA,TWSE (main board)
2404.TW,UIS,TWSE (main board)
2405.TW,Shuttle,TWSE (main board)
2406.TW,GSC,TWSE (main board)
2408.TW,NTC,TWSE (main board)
2409.TW,AUO,TWSE (main board)
2412.TW,CHT,TWSE (main board)
2413.TW,UMEC,TWSE (main board)
2414.TW,UT,TWSE (main board)
2415.TW,CX TECH,TWSE (main board)
2417.TW,AVERMEDIA,TWSE (main board)
2419.TW,H.T.,TWSE (main board)
2420.TW,ZIPPY,TWSE (main board)
2421.TW,SUNON,TWSE (main board)
2423.TW,GW,TWSE (main board)
2424.TW,LUNG HWA,TWSE (main board)
2425.TW,CHAINTECH,TWSE (main board)
2426.TW,TYNTEK,TWSE (main board)
2427.TW,MDS,TWSE (main board)
2428.TW,THINKING,TWSE (main board)
2429.TW,PWT,TWSE (main board)
2430.TW,TKE,TWSE (main board)
2431.TW,LIEN CHANG,TWSE (main board)
2432.TW,AGT,TWSE (main board)
2433.TW,HUXEN,TWSE (main board)
2434.TW,MOSPEC,TWSE (main board)
2436.TW,Weltrend,TWSE (main board)
2438.TW,ENLIGHT,TWSE (main board)
2439.TW,MERRY,TWSE (main board)
2440.TW,SPACE SHUTTLE,TWSE (main board)
2441.TW,GTK,TWSE (main board)
2442.TW,JEAN,TWSE (main board)
2444.TW,AboCom,TWSE (main board)
2449.TW,KYEC,TWSE (main board)
2450.TW,SENAO,TWSE (main board)
2451.TW,Transcend,TWSE (main board)
2453.TW,SYSCOM,TWSE (main board)
2454.TW,MediaTek,TWSE (main board)
2455.TW,VPEC,TWSE (main board)
2457.TW,PHIHONG,TWSE (main board)
2458.TW,ELAN,TWSE (main board)
2459.TW,AUDIX,TWSE (main board)
2460.TW,GEM,TWSE (main board)
2461.TW,K LASER,TWSE (main board)
2462.TW,LINETEK,TWSE (main board)
2464.TW,Mirle,TWSE (main board)
2465.TW,LEADTEK,TWSE (main board)
2466.TW,COSMO,TWSE (main board)
2467.TW,C SUN,TWSE (main board)
2468.TW,FIS,TWSE (main board)
2471.TW,ARES,TWSE (main board)
2472.TW,LELON,TWSE (main board)
2474.TW,CATCHER,TWSE (main board)
2476.TW,GS,TWSE (main board)
2477.TW,MEILOON,TWSE (main board)
2478.TW,TA-I,TWSE (main board)
2480.TW,STARK,TWSE (main board)
2481.TW,PANJIT,TWSE (main board)
2482.TW,UIC,TWSE (main board)
2483.TW,ECE,TWSE (main board)
2484.TW,SIWARD,TWSE (main board)
2485.TW,ZINWELL,TWSE (main board)
2486.TW,I-CHIUN,TWSE (main board)
2488.TW,HANPIN,TWSE (main board)
2489.TW,AMTRAN,TWSE (main board)
2491.TW,FOCL,TWSE (main board)
2492.TW,WTC,TWSE (main board)
2493.TW,AMPOC,TWSE (main board)
2495.TW,Infortrend,TWSE (main board)
2496.TW,SPC,TWSE (main board)
2497.TW,E-LEAD,TWSE (main board)
2498.TW,HTC,TWSE (main board)
2501.TW,CATHAY RED,TWSE (main board)
2504.TW,GBM,TWSE (main board)
2505.TW,ky,TWSE (main board)
2506.TW,PCC,TWSE (main board)
2509.TW,CHAINQUI,TWSE (main board)
2511.TW,PHD,TWSE (main board)
2514.TW,LONG BON,TWSE (main board)
2515.TW,BES,TWSE (main board)
2516.TW,New Asia,TWSE (main board)
2520.TW,KINDOM,TWSE (main board)
2524.TW,KTC,TWSE (main board)
2527.TW,Hung Ching,TWSE (main board)
2528.TW,CROWELL,TWSE (main board)
2530.TW,DELPHA,TWSE (main board)
2534.TW,HSC,TWSE (main board)
2535.TW,DA-CIN,TWSE (main board)
2536.TW,Hong Pu,TWSE (main board)
2537.TW,WE & WIN,TWSE (main board)
2538.TW,KeeTai,TWSE (main board)
2539.TW,SAKURAD,TWSE (main board)
2540.TW,JSL,TWSE (main board)
2542.TW,Highwealth,TWSE (main board)
2543.TW,HWANG CHANG,TWSE (main board)
2545.TW,HUANG HSIANG,TWSE (main board)
2546.TW,KEDGE,TWSE (main board)
2547.TW,RADIUM,TWSE (main board)
2548.TW,HUAKU　　,TWSE (main board)
2597.TW,REC,TWSE (main board)
2601.TW,FSC,TWSE (main board)
2603.TW,EMC,TWSE (main board)
2605.TW,SNC,TWSE (main board)
2606.TW,U-MING,TWSE (main board)
2607.TW,EITC,TWSE (main board)
2608.TW,Kerry TJ,TWSE (main board)
2609.TW,YMTC,TWSE (main board)
2610.TW,CAL,TWSE (main board)
2611.TW,TSI,TWSE (main board)
2612.TW,CMT,TWSE (main board)
2613.TW,CCTC,TWSE (main board)
2614.TW,EMIC,TWSE (main board)
2615.TW,WANHAI,TWSE (main board)
2616.TW,SLC,TWSE (main board)
2617.TW,TNC,TWSE (main board)
2618.TW,EVAAIR,TWSE (main board)
2630.TW,AACL　　,TWSE (main board)
2633.TW,THSRC,TWSE (main board)
2634.TW,AIDC　　,TWSE (main board)
2636.TW,T3EX,TWSE (main board)
2637.TW,WISDOM,TWSE (main board)
2642.TW,Pelican,TWSE (main board)
2645.TW,EGAT,TWSE (main board)
2646.TW,STARLUX AIR,TWSE (main board)
2701.TW,WANHWA,TWSE (main board)
2702.TW,HG,TWSE (main board)
2704.TW,AMBH,TWSE (main board)
2705.TW,LEOFOO,TWSE (main board)
2706.TW,FIRST HOTEL,TWSE (main board)
2707.TW,GFRT,TWSE (main board)
2712.TW,FGH,TWSE (main board)
2722.TW,Chateau,TWSE (main board)
2723.TW,Gourmet,TWSE (main board)
2727.TW,WOWPRIME,TWSE (main board)
2731.TW,Liontravel,TWSE (main board)
2739.TW,My Humble House,TWSE (main board)
2748.TW,FDC,TWSE (main board)
2753.TW,Bafang,TWSE (main board)
2762.TW,World Gym,TWSE (main board)
2801.TW,CHANG HWA BANK,TWSE (main board)
2812.TW,T.C.C.B.,TWSE (main board)
2816.TW,UNION INS.,TWSE (main board)
2820.TW,CBF,TWSE (main board)
2832.TW,TFMI,TWSE (main board)
2834.TW,TBB,TWSE (main board)
2836.TW,B.O.K,TWSE (main board)
2838.TW,UBOT,TWSE (main board)
2845.TW,FEIB,TWSE (main board)
2849.TW,EnTie Bank,TWSE (main board)
2850.TW,SK Insurance,TWSE (main board)
2851.TW,Central Re,TWSE (main board)
2852.TW,FIRST INS,TWSE (main board)
2855.TW,PSC,TWSE (main board)
2867.TW,Mercuries Life,TWSE (main board)
2880.TW,HNFHC,TWSE (main board)
2881.TW,Fubon Financial,TWSE (main board)
2882.TW,CATHAY FHC,TWSE (main board)
2883.TW,KGI Financial,TWSE (main board)
2884.TW,E.S.F.H,TWSE (main board)
2885.TW,Yuanta Group,TWSE (main board)
2886.TW,MEGA FHC,TWSE (main board)
2887.TW,TS Holdings,TWSE (main board)
2889.TW,IBF,TWSE (main board)
2890.TW,SINOPACHOLDINGS,TWSE (main board)
2891.TW,CTBC HOLDING,TWSE (main board)
2892.TW,FFHC,TWSE (main board)
2897.TW,O-Bank,TWSE (main board)
2901.TW,SHIN SHIN,TWSE (main board)
2903.TW,FEDS,TWSE (main board)
2904.TW,POCS,TWSE (main board)
2905.TW,MERCURIES,TWSE (main board)
2906.TW,Collins,TWSE (main board)
2908.TW,Test Rite,TWSE (main board)
2910.TW,TONLIN,TWSE (main board)
2911.TW,Les enphants,TWSE (main board)
2912.TW,PCSC,TWSE (main board)
2913.TW,TTC,TWSE (main board)
2915.TW,RUENTEX IND.LTD,TWSE (main board)
2923.TW,Sino Horizon,TWSE (main board)
2929.TW,TOPBI,TWSE (main board)
2939.TW,Vitafoss-KY,TWSE (main board)
2945.TW,Simple Mart,TWSE (main board)
3002.TW,AHOKU,TWSE (main board)
3003.TW,KST,TWSE (main board)
3004.TW,NAFCO,TWSE (main board)
3005.TW,Getac,TWSE (main board)
3006.TW,ESMT,TWSE (main board)
3008.TW,LARGAN,TWSE (main board)
3010.TW,WAH LEE,TWSE (main board)
3011.TW,JH,TWSE (main board)
3013.TW,UNEEC,TWSE (main board)
3014.TW,ITE,TWSE (main board)
3015.TW,FSP,TWSE (main board)
3016.TW,EPi,TWSE (main board)
3017.TW,AVC,TWSE (main board)
3018.TW,LUNG MING 　,TWSE (main board)
3019.TW,ASIA　　,TWSE (main board)
3021.TW,WELLTEND　　,TWSE (main board)
3022.TW,IEI,TWSE (main board)
3023.TW,SINBON,TWSE (main board)
3024.TW,ACTION,TWSE (main board)
3025.TW,LOOP,TWSE (main board)
3026.TW,HOLY STONE　,TWSE (main board)
3027.TW,BILLION,TWSE (main board)
3028.TW,ZENITRON,TWSE (main board)
3029.TW,ZERO ONE 　　,TWSE (main board)
3030.TW,TRI　,TWSE (main board)
3031.TW,BRIGHT　,TWSE (main board)
3032.TW,COMPUCASE　　,TWSE (main board)
3033.TW,Weikeng,TWSE (main board)
3034.TW,NOVATEK　,TWSE (main board)
3035.TW,Faraday　,TWSE (main board)
3036.TW,WT　,TWSE (main board)
3037.TW,UNIMICRON,TWSE (main board)
3038.TW,EDT,TWSE (main board)
3040.TW,G.V.,TWSE (main board)
3041.TW,ALi,TWSE (main board)
3042.TW,TXC,TWSE (main board)
3043.TW,PCM,TWSE (main board)
3044.TW,Tripod,TWSE (main board)
3045.TW,TWM,TWSE (main board)
3046.TW,AOPEN,TWSE (main board)
3047.TW,EDIMAX　,TWSE (main board)
3048.TW,EDOM,TWSE (main board)
3049.TW,HannsTouch,TWSE (main board)
3050.TW,U-TECH,TWSE (main board)
3051.TW,Optimax,TWSE (main board)
3052.TW,APEX,TWSE (main board)
3054.TW,LIWANLI,TWSE (main board)
3055.TW,Spirox Corp.,TWSE (main board)
3056.TW,Fu Hua,TWSE (main board)
3057.TW,Promise　　,TWSE (main board)
3058.TW,LEI　　,TWSE (main board)
3059.TW,Altek,TWSE (main board)
3060.TW,MIN AIK,TWSE (main board)
3062.TW,CyberTAN　　,TWSE (main board)
3090.TW,NDB　　,TWSE (main board)
3092.TW,HOTRON　　,TWSE (main board)
3094.TW,DAVICOM　　,TWSE (main board)
3130.TW,104　　,TWSE (main board)
3135.TW,Goldkey Tech.　,TWSE (main board)
3138.TW,Auden,TWSE (main board)
3149.TW,G-TECH　　,TWSE (main board)
3150.TW,SYNCOMM,TWSE (main board)
3164.TW,GenMont　,TWSE (main board)
3167.TW,TA LIANG　　,TWSE (main board)
3168.TW,DATA IMAGE,TWSE (main board)
3189.TW,KINSUS,TWSE (main board)
3209.TW,ALLTEK,TWSE (main board)
3229.TW,CHEER TIME,TWSE (main board)
3231.TW,Wistron,TWSE (main board)
3257.TW,CHAMPION,TWSE (main board)
3266.TW,SUNTY,TWSE (main board)
3296.TW,POWERTECH,TWSE (main board)
3305.TW,SHENMAO,TWSE (main board)
3308.TW,BESTEC,TWSE (main board)
3311.TW,Silitech,TWSE (main board)
3312.TW,GMI,TWSE (main board)
3321.TW,UNIFLEX,TWSE (main board)
3338.TW,TAISOL,TWSE (main board)
3346.TW,Laster Tech,TWSE (main board)
3356.TW,GeoVision,TWSE (main board)
3376.TW,SZS,TWSE (main board)
3380.TW,Alpha,TWSE (main board)
3406.TW,GSEO,TWSE (main board)
3413.TW,Fiti,TWSE (main board)
3416.TW,Winmate,TWSE (main board)
3419.TW,WHAYU,TWSE (main board)
3432.TW,TAI TWUN,TWSE (main board)
3437.TW,AOT,TWSE (main board)
3443.TW,GUC,TWSE (main board)
3447.TW,XAVi,TWSE (main board)
3450.TW,ELASER,TWSE (main board)
3481.TW,INX,TWSE (main board)
3494.TW,HiTi,TWSE (main board)
3501.TW,Well Shin,TWSE (main board)
3504.TW,Young Optics,TWSE (main board)
3515.TW,ASROCK,TWSE (main board)
3518.TW,PT TECH.,TWSE (main board)
3528.TW,ANSTEK,TWSE (main board)
3530.TW,SOI,TWSE (main board)
3532.TW,FST,TWSE (main board)
3533.TW,LOTES,TWSE (main board)
3535.TW,Favite,TWSE (main board)
3543.TW,JOCHU,TWSE (main board)
3545.TW,FocalTech,TWSE (main board)
3550.TW,COPARTNER,TWSE (main board)
3557.TW,JiaWei,TWSE (main board)
3563.TW,MACHVISION,TWSE (main board)
3576.TW,URE,TWSE (main board)
3583.TW,Scientech,TWSE (main board)
3588.TW,LD,TWSE (main board)
3591.TW,EDISON OPTO,TWSE (main board)
3592.TW,Raydium,TWSE (main board)
3593.TW,Logah,TWSE (main board)
3596.TW,Arcadyan,TWSE (main board)
3605.TW,ACES,TWSE (main board)
3607.TW,Coxon,TWSE (main board)
3617.TW,CyberPower,TWSE (main board)
3622.TW,YFO,TWSE (main board)
3645.TW,TMT,TWSE (main board)
3652.TW,Unitech elec.,TWSE (main board)
3653.TW,JENTECH,TWSE (main board)
3661.TW,Alchip,TWSE (main board)
3665.TW,BHI (BizLink),TWSE (main board)
3669.TW,AVer,TWSE (main board)
3673.TW,TPK,TWSE (main board)
3679.TW,Nishoku,TWSE (main board)
3686.TW,Danen,TWSE (main board)
3694.TW,AzureWave,TWSE (main board)
3701.TW,FICG,TWSE (main board)
3702.TW,WPG,TWSE (main board)
3703.TW,CHC,TWSE (main board)
3704.TW,Zyxel Group,TWSE (main board)
3705.TW,Y.S.H.,TWSE (main board)
3706.TW,MHC,TWSE (main board)
3708.TW,Swancor,TWSE (main board)
3711.TW,ASEH,TWSE (main board)
3712.TW,FITH,TWSE (main board)
3714.TW,ENNOSTAR,TWSE (main board)
3715.TW,Dynamic Holding,TWSE (main board)
3716.TW,Cenra Inc.,TWSE (main board)
3717.TW,EOI Holding,TWSE (main board)
4104.TW,EXCELSIOR 　,TWSE (main board)
4106.TW,WELLELL,TWSE (main board)
4108.TW,PhytoHealth,TWSE (main board)
4119.TW,SCI,TWSE (main board)
4133.TW,Abnova,TWSE (main board)
4137.TW,CHLITINA-KY,TWSE (main board)
4142.TW,ADIM,TWSE (main board)
4148.TW,ACBT,TWSE (main board)
4155.TW,OK BIOTECH,TWSE (main board)
4164.TW,CHC,TWSE (main board)
4169.TW,TCM,TWSE (main board)
4178.TW,StemCyte,TWSE (main board)
4190.TW,JDS,TWSE (main board)
4195.TW,Genomics,TWSE (main board)
4306.TW,YC,TWSE (main board)
4414.TW,ROO HSING,TWSE (main board)
4426.TW,LI CHENG,TWSE (main board)
4438.TW,QVE,TWSE (main board)
4439.TW,TST Group,TWSE (main board)
4440.TW,Yi Shin,TWSE (main board)
4441.TW,GGF,TWSE (main board)
4526.TW,TONGTAI,TWSE (main board)
4532.TW,RECHI,TWSE (main board)
4536.TW,TOPKEY,TWSE (main board)
4540.TW,TBI MOTION,TWSE (main board)
4545.TW,MAP,TWSE (main board)
4551.TW,GLOBAL PMX,TWSE (main board)
4552.TW,Lida,TWSE (main board)
4555.TW,CHELIC,TWSE (main board)
4557.TW,Yusin,TWSE (main board)
4560.TW,STRONG H,TWSE (main board)
4562.TW,YHT,TWSE (main board)
4564.TW,MOSA,TWSE (main board)
4566.TW,GLOBAL TEK,TWSE (main board)
4569.TW,Sixxon,TWSE (main board)
4571.TW,KHGEARS,TWSE (main board)
4572.TW,DPI,TWSE (main board)
4576.TW,HMC,TWSE (main board)
4581.TW,WKG,TWSE (main board)
4582.TW,HENGS,TWSE (main board)
4583.TW,APEXDYNA,TWSE (main board)
4585.TW,TRI,TWSE (main board)
4588.TW,Arch Meter,TWSE (main board)
4590.TW,FUKUTA,TWSE (main board)
4720.TW,TEX YEAR　　,TWSE (main board)
4722.TW,QPC,TWSE (main board)
4736.TW,TaiDoc,TWSE (main board)
4737.TW,BIONIME,TWSE (main board)
4739.TW,COREMAX,TWSE (main board)
4746.TW,FRMSL,TWSE (main board)
4755.TW,SAN FU,TWSE (main board)
4763.TW,ACE,TWSE (main board)
4764.TW,DBC,TWSE (main board)
4766.TW,NAN PAO,TWSE (main board)
4770.TW,ASC,TWSE (main board)
4771.TW,VF,TWSE (main board)
4807.TW,RH,TWSE (main board)
4904.TW,Far EasTone　,TWSE (main board)
4906.TW,GEMTEK　,TWSE (main board)
4912.TW,Lemtech-KY,TWSE (main board)
4915.TW,Primax,TWSE (main board)
4916.TW,PARPRO,TWSE (main board)
4919.TW,NTC,TWSE (main board)
4927.TW,Apex,TWSE (main board)
4930.TW,Star  Comgistic,TWSE (main board)
4934.TW,Tainergy,TWSE (main board)
4935.TW,GLT,TWSE (main board)
4938.TW,Pegatron,TWSE (main board)
4942.TW,Chia Chang,TWSE (main board)
4943.TW,CONCRAFT,TWSE (main board)
4949.TW,WIN WIN,TWSE (main board)
4952.TW,Generalplus,TWSE (main board)
4956.TW,Epileds,TWSE (main board)
4958.TW,ZDT,TWSE (main board)
4960.TW,CMMT,TWSE (main board)
4961.TW,FITIPOWER,TWSE (main board)
4967.TW,TEAM,TWSE (main board)
4968.TW,Richwave,TWSE (main board)
4976.TW,Calin,TWSE (main board)
4977.TW,PCL,TWSE (main board)
4989.TW,LCYT,TWSE (main board)
4994.TW,X-LEGEND,TWSE (main board)
4999.TW,Sinher,TWSE (main board)
5007.TW,SAN SHING 　　,TWSE (main board)
5203.TW,CyberLink,TWSE (main board)
5215.TW,KO JA,TWSE (main board)
5222.TW,TRANSCOM,TWSE (main board)
5225.TW,EASTECH,TWSE (main board)
5234.TW,DAXIN,TWSE (main board)
5236.TW,SunplusIT,TWSE (main board)
5243.TW,ESON,TWSE (main board)
5244.TW,BRIGHTEK,TWSE (main board)
5258.TW,Castles,TWSE (main board)
5269.TW,Asmedia,TWSE (main board)
5283.TW,Heran,TWSE (main board)
5284.TW,jpp,TWSE (main board)
5285.TW,Jih Lin,TWSE (main board)
5288.TW,Eurocharm,TWSE (main board)
5292.TW,DTECH,TWSE (main board)
5306.TW,KMC,TWSE (main board)
5388.TW,Sercomm,TWSE (main board)
5434.TW,TOPCO,TWSE (main board)
5469.TW,HSB,TWSE (main board)
5471.TW,SONIX　　,TWSE (main board)
5484.TW,EverFocus,TWSE (main board)
5515.TW,CHIEN KUO 　　,TWSE (main board)
5519.TW,LD,TWSE (main board)
5521.TW,KSECO　　,TWSE (main board)
5522.TW,Farglory,TWSE (main board)
5525.TW,SWEETEN　,TWSE (main board)
5531.TW,Shining,TWSE (main board)
5533.TW,FOUNDING　　,TWSE (main board)
5534.TW,CHONG HONG,TWSE (main board)
5538.TW,TONG MING,TWSE (main board)
5546.TW,YGI,TWSE (main board)
5607.TW,Farglory FTZ 　,TWSE (main board)
5608.TW,S. W.,TWSE (main board)
5706.TW,PHX TOUR,TWSE (main board)
5871.TW,Chailease,TWSE (main board)
5876.TW,SCSB,TWSE (main board)
5880.TW,TCFHC,TWSE (main board)
5906.TW,TAINAN CAYMAN,TWSE (main board)
5907.TW,GORG,TWSE (main board)
6005.TW,CSC,TWSE (main board)
6024.TW,CFC,TWSE (main board)
6108.TW,APCB INC.　　,TWSE (main board)
6112.TW,Metaage,TWSE (main board)
6115.TW,I-SHENG,TWSE (main board)
6116.TW,Hannstar　　,TWSE (main board)
6117.TW,IN WIN,TWSE (main board)
6120.TW,DARWIN,TWSE (main board)
6128.TW,GPI　　,TWSE (main board)
6133.TW,GBE　,TWSE (main board)
6136.TW,FTC　　,TWSE (main board)
6139.TW,L & K　,TWSE (main board)
6141.TW,PLOTECH　,TWSE (main board)
6142.TW,CAMEO,TWSE (main board)
6152.TW,PRIME,TWSE (main board)
6153.TW,Career Tech.　,TWSE (main board)
6155.TW,KC　　,TWSE (main board)
6164.TW,LEDTECH　,TWSE (main board)
6165.TW,Lang,TWSE (main board)
6166.TW,ADLINK　　,TWSE (main board)
6168.TW,HARVATEK CORPOR,TWSE (main board)
6176.TW,ROEC,TWSE (main board)
6177.TW,"DA-LI CO.,LTD.",TWSE (main board)
6183.TW,TRADE-VAN　　,TWSE (main board)
6184.TW,Dafeng TV Ltd.,TWSE (main board)
6189.TW,Promate,TWSE (main board)
6191.TW,GBM,TWSE (main board)
6192.TW,LUMAX,TWSE (main board)
6196.TW,MIC,TWSE (main board)
6197.TW,JPC,TWSE (main board)
6201.TW,YAHORNG,TWSE (main board)
6202.TW,HOLTEK　,TWSE (main board)
6205.TW,COXOC,TWSE (main board)
6206.TW,FLYTECH　,TWSE (main board)
6209.TW,KINKO,TWSE (main board)
6213.TW,ITEQ,TWSE (main board)
6214.TW,SYSTEX,TWSE (main board)
6215.TW,Aurotek,TWSE (main board)
6216.TW,DrayTek Corp.,TWSE (main board)
6224.TW,PTTC.,TWSE (main board)
6225.TW,aiPlex,TWSE (main board)
6226.TW,Para Light,TWSE (main board)
6230.TW,NCCI,TWSE (main board)
6235.TW,Waffer,TWSE (main board)
6239.TW,PTI,TWSE (main board)
6243.TW,ENE,TWSE (main board)
6257.TW,SIGURD　　,TWSE (main board)
6269.TW,FLEXIUM,TWSE (main board)
6271.TW,THEIL,TWSE (main board)
6272.TW,WIESON,TWSE (main board)
6277.TW,ATEN,TWSE (main board)
6278.TW,TSMT,TWSE (main board)
6281.TW,E-LIFE,TWSE (main board)
6282.TW,Acbel,TWSE (main board)
6283.TW,SOE　,TWSE (main board)
6285.TW,　WNC　,TWSE (main board)
6405.TW,ONANO,TWSE (main board)
6409.TW,VOLTRONIC,TWSE (main board)
6412.TW,Chicony Power,TWSE (main board)
6414.TW,ENNOCONN,TWSE (main board)
6415.TW,Silergy,TWSE (main board)
6416.TW,CASWELL,TWSE (main board)
6426.TW,APOGEE,TWSE (main board)
6431.TW,KL,TWSE (main board)
6438.TW,SAA,TWSE (main board)
6442.TW,EZconn,TWSE (main board)
6443.TW,TSEC,TWSE (main board)
6446.TW,PEC,TWSE (main board)
6449.TW,APAQ,TWSE (main board)
6451.TW,ShunSin,TWSE (main board)
6456.TW,GIS,TWSE (main board)
6464.TW,top MSO,TWSE (main board)
6472.TW,Bora,TWSE (main board)
6477.TW,Anji,TWSE (main board)
6491.TW,PEGAVISION,TWSE (main board)
6504.TW,NAN LIU　　,TWSE (main board)
6505.TW,FPCC,TWSE (main board)
6515.TW,WinWay,TWSE (main board)
6525.TW,GEM,TWSE (main board)
6526.TW,Airoha,TWSE (main board)
6531.TW,AP Memory,TWSE (main board)
6533.TW,ANDES,TWSE (main board)
6534.TW,CHBIO,TWSE (main board)
6541.TW,Tanvex,TWSE (main board)
6550.TW,PG,TWSE (main board)
6552.TW,JMC,TWSE (main board)
6558.TW,SYNergy,TWSE (main board)
6573.TW,HY,TWSE (main board)
6579.TW,AAEON,TWSE (main board)
6581.TW,TSU,TWSE (main board)
6582.TW,Shin Foong,TWSE (main board)
6585.TW,DingZing,TWSE (main board)
6589.TW,EirGenix,TWSE (main board)
6591.TW,SUN MAX,TWSE (main board)
6592.TW,HOTAI FINANCE,TWSE (main board)
6598.TW,Applied BioCode,TWSE (main board)
6605.TW,DEPO,TWSE (main board)
6606.TW,KENT,TWSE (main board)
6614.TW,IISI,TWSE (main board)
6625.TW,Binlive,TWSE (main board)
6641.TW,GSD-KY,TWSE (main board)
6645.TW,KIM FOREST,TWSE (main board)
6655.TW,KD,TWSE (main board)
6657.TW,ENERGENESIS,TWSE (main board)
6658.TW,SynPower,TWSE (main board)
6666.TW,LLF-KY,TWSE (main board)
6668.TW,Zhong Yang,TWSE (main board)
6669.TW,Wiwynn,TWSE (main board)
6670.TW,FSP,TWSE (main board)
6671.TW,San Neng-KY,TWSE (main board)
6672.TW,Ventec,TWSE (main board)
6674.TW,CBN,TWSE (main board)
6689.TW,ECV,TWSE (main board)
6691.TW,YANKEY,TWSE (main board)
6695.TW,iCatchtek,TWSE (main board)
6698.TW,FINEMAT,TWSE (main board)
6706.TW,FitTech,TWSE (main board)
6715.TW,Lintes,TWSE (main board)
6719.TW,uPI,TWSE (main board)
6722.TW,Whetron,TWSE (main board)
6742.TW,Vti,TWSE (main board)
6743.TW,AMPACS,TWSE (main board)
6753.TW,LUNGTEH,TWSE (main board)
6754.TW,Rich Honour,TWSE (main board)
6756.TW,VLI,TWSE (main board)
6757.TW,TTW,TWSE (main board)
6768.TW,SPG-KY,TWSE (main board)
6770.TW,PSMC,TWSE (main board)
6771.TW,PHET,TWSE (main board)
6776.TW,Weblink,TWSE (main board)
6781.TW,AES-KY,TWSE (main board)
6782.TW,VISCO,TWSE (main board)
6789.TW,VisEra,TWSE (main board)
6790.TW,YFYCPG,TWSE (main board)
6792.TW,Unictron,TWSE (main board)
6794.TW,UnicoCell,TWSE (main board)
6796.TW,MiiS,TWSE (main board)
6799.TW,M3TEK,TWSE (main board)
6805.TW,Fositek,TWSE (main board)
6807.TW,FY-KY,TWSE (main board)
6830.TW,MSS,TWSE (main board)
6831.TW,MICROLOOPS,TWSE (main board)
6834.TW,EVEROHMS,TWSE (main board)
6835.TW,CMI,TWSE (main board)
6838.TW,FRMSP,TWSE (main board)
6854.TW,PlayNitride,TWSE (main board)
6861.TW,INCX,TWSE (main board)
6862.TW,TRIO-KY,TWSE (main board)
6863.TW,Arizon RFID,TWSE (main board)
6869.TW,J&V Energy,TWSE (main board)
6873.TW,HDRE,TWSE (main board)
6885.TW,BRIM,TWSE (main board)
6887.TW,BORETECH-KY,TWSE (main board)
6890.TW,Lai Yih,TWSE (main board)
6901.TW,DIAMOND BIOFUND,TWSE (main board)
6902.TW,Gogolook,TWSE (main board)
6906.TW,Groundhog,TWSE (main board)
6908.TW,AGM,TWSE (main board)
6909.TW,tCt,TWSE (main board)
6914.TW,PSS,TWSE (main board)
6916.TW,WINSTAR,TWSE (main board)
6918.TW,A Plus Biotech,TWSE (main board)
6919.TW,Caliway,TWSE (main board)
6921.TW,LeRain,TWSE (main board)
6923.TW,ctrt,TWSE (main board)
6924.TW,EIKEI-KY,TWSE (main board)
6928.TW,UTI,TWSE (main board)
6931.TW,Qing Song,TWSE (main board)
6933.TW,AMAX,TWSE (main board)
6934.TW,HCMED,TWSE (main board)
6936.TW,Vetnostrum,TWSE (main board)
6937.TW,Skytech,TWSE (main board)
6944.TW,Mega Union,TWSE (main board)
6947.TW,Techzone,TWSE (main board)
6949.TW,PELL BMT,TWSE (main board)
6951.TW,CHIN HSIN,TWSE (main board)
6952.TW,DWS,TWSE (main board)
6955.TW,BONRAYBIO,TWSE (main board)
6957.TW,Horizon,TWSE (main board)
6958.TW,INFINITE,TWSE (main board)
6962.TW,ITH-KY,TWSE (main board)
6965.TW,CJ,TWSE (main board)
6969.TW,Transcene,TWSE (main board)
6988.TW,WELLYSUN,TWSE (main board)
6994.TW,FWP,TWSE (main board)
7610.TW,LIANYOU METALS,TWSE (main board)
7631.TW,GENIIDEAS,TWSE (main board)
7689.TW,CLIMAX,TWSE (main board)
7705.TW,Mercuries F&B,TWSE (main board)
7711.TW,ASROCK RACK,TWSE (main board)
7721.TW,MICROPROGRAM,TWSE (main board)
7722.TW,LINEPAY,TWSE (main board)
7730.TW,NEMS,TWSE (main board)
7732.TW,KING SHING,TWSE (main board)
7736.TW,HUSHAN,TWSE (main board)
7740.TW,SEETEL,TWSE (main board)
7749.TW,iGo-KY,TWSE (main board)
7750.TW,Syntec,TWSE (main board)
7760.TW,ENJOY,TWSE (main board)
7765.TW,CHT Security,TWSE (main board)
7768.TW,PVI,TWSE (main board)
7769.TW,HON,TWSE (main board)
7780.TW,DAIKEN,TWSE (main board)
7786.TW,DFO,TWSE (main board)
7788.TW,SONG CHUAN,TWSE (main board)
7791.TW,LUCKY ROYAL,TWSE (main board)
7795.TW,EPM,TWSE (main board)
7799.TW,HNMC,TWSE (main board)
7803.TW,aetherAI,TWSE (main board)
7818.TW,KEMFLO,TWSE (main board)
7821.TW,MDT,TWSE (main board)
7822.TW,V5 TECHNOLOGIES,TWSE (main board)
7823.TW,CyCraft-KY,TWSE (main board)
7827.TW,Hanchor-KY,TWSE (main board)
7835.TW,H2U,TWSE (main board)
7855.TW,HLC,TWSE (main board)
8011.TW,TTCC,TWSE (main board)
8016.TW,Sitronix　　,TWSE (main board)
8021.TW,Topoint　　,TWSE (main board)
8028.TW,PSI　　,TWSE (main board)
8033.TW,TT,TWSE (main board)
8039.TW,TAIFLEX　,TWSE (main board)
8045.TW,TWOWAY,TWSE (main board)
8046.TW,N.P.C,TWSE (main board)
8070.TW,CHANG WAH,TWSE (main board)
8072.TW,AV TECH　,TWSE (main board)
8081.TW,GMT,TWSE (main board)
8101.TW,Arima Comm.　　,TWSE (main board)
8103.TW,CviLux,TWSE (main board)
8104.TW,RiTdisplay,TWSE (main board)
8105.TW,GiantPlus,TWSE (main board)
8110.TW,WALTON　,TWSE (main board)
8112.TW,Supreme　　,TWSE (main board)
8114.TW,POSIFLEX,TWSE (main board)
8131.TW,　　FATC,TWSE (main board)
8150.TW,ChipMOS　　,TWSE (main board)
8162.TW,MSEC　,TWSE (main board)
8163.TW,DARFON,TWSE (main board)
8201.TW,BESTA　　,TWSE (main board)
8210.TW,CHENBRO　,TWSE (main board)
8213.TW,tpt,TWSE (main board)
8215.TW,BMC,TWSE (main board)
8222.TW,Aero Win,TWSE (main board)
8249.TW,CSI　　,TWSE (main board)
8261.TW,　　APEC,TWSE (main board)
8271.TW,Apacer,TWSE (main board)
8341.TW,SF　　,TWSE (main board)
8367.TW,CS　,TWSE (main board)
8374.TW,ACE PILLAR,TWSE (main board)
8404.TW,PAIHO  SHIH,TWSE (main board)
8411.TW,KINGCAN,TWSE (main board)
8422.TW,Cleanaway,TWSE (main board)
8429.TW,Jinli,TWSE (main board)
8438.TW,AMIA,TWSE (main board)
8442.TW,WW,TWSE (main board)
8443.TW,ASO,TWSE (main board)
8454.TW,momo,TWSE (main board)
8462.TW,Power Wind,TWSE (main board)
8463.TW,RTM,TWSE (main board)
8464.TW,Nien Made,TWSE (main board)
8466.TW,M.J.,TWSE (main board)
8467.TW,BONNY,TWSE (main board)
8473.TW,FOREST WATER,TWSE (main board)
8476.TW,TESC,TWSE (main board)
8478.TW,Ocean Alexander,TWSE (main board)
8481.TW,Transart,TWSE (main board)
8482.TW,Shane Global,TWSE (main board)
8487.TW,ELTA,TWSE (main board)
8488.TW,JYPKG,TWSE (main board)
8499.TW,TOP BRIGHT,TWSE (main board)
8926.TW,TCC　　,TWSE (main board)
8940.TW,New Palace,TWSE (main board)
8996.TW,KAORI　,TWSE (main board)
9103.TW,MEDTECS,TWSE (main board)
910322.TW,Tingyi,TWSE (main board)
9105.TW,CCET,TWSE (main board)
910861.TW,DCH,TWSE (main board)
9110.TW,VMEP Holdings,TWSE (main board)
911608.TW,BH Global,TWSE (main board)
911622.TW,TYCN,TWSE (main board)
911868.TW,Neo-Neon,TWSE (main board)
912000.TW,SIM TECH,TWSE (main board)
9136.TW,Ju Teng,TWSE (main board)
9802.TW,Fulgent Sun,TWSE (main board)
9902.TW,TIDEHOLD,TWSE (main board)
9904.TW,PCC,TWSE (main board)
9905.TW,GCM,TWSE (main board)
9906.TW,HSIN BA BA,TWSE (main board)
9907.TW,TON YI,TWSE (main board)
9908.TW,GTG,TWSE (main board)
9910.TW,FT,TWSE (main board)
9911.TW,TAIWAN SAKURA,TWSE (main board)
9912.TW,AIC,TWSE (main board)
9914.TW,MIC,TWSE (main board)
9917.TW,TAIWAN SECOM,TWSE (main board)
9918.TW,S.S.N.G,TWSE (main board)
9919.TW,KNH,TWSE (main board)
9921.TW,GIANT,TWSE (main board)
9924.TW,TAIWAN FU HSING,TWSE (main board)
9925.TW,SKS,TWSE (main board)
9926.TW,S.H.,TWSE (main board)
9927.TW,TMI,TWSE (main board)
9928.TW,CTV,TWSE (main board)
9929.TW,CHOICE,TWSE (main board)
9930.TW,CHC,TWSE (main board)
9931.TW,HSIN KAO,TWSE (main board)
9933.TW,CTCI,TWSE (main board)
9934.TW,GUIC,TWSE (main board)
9935.TW,CF,TWSE (main board)
9937.TW,NPC,TWSE (main board)
9938.TW,TAIWAN PAIHO,TWSE (main board)
9939.TW,HON CHUAN,TWSE (main board)
9940.TW,Sinyi,TWSE (main board)
9941.TW,TAC,TWSE (main board)
9942.TW,MAO SHUN,TWSE (main board)
9943.TW,HOLIDAY,TWSE (main board)
9944.TW,Shinih,TWSE (main board)
9945.TW,RUENTEX DEVELOP,TWSE (main board)
9946.TW,SANFAR,TWSE (main board)
9955.TW,SDTI　,TWSE (main board)
9958.TW,CIS　　,TWSE (main board)
