ticker,name,sector,industry,marketCap
AC.PA,Accor,,,
ADP.PA,Aéroports de Paris,,,
ADYEN.AS,Adyen,,,
AGN.AS,Aegon,,,
A5G.IR,AIB,,,
AI.PA,Air Liquide,,,
AIR.PA,Airbus,,,
AKRBP.OL,Aker,,,
AKZA.AS,Akzo Nobel,,,
AD.AS,Ahold Delhaize,,,
MT.AS,ArcelorMittal,,,
ARGX.BR,Argenx,,,
ASM.AS,ASM International,,,
ASML.AS,ASML,,,
ASRNL.AS,ASR Nederland,,,
CS.PA,Axa,,,
BIRG.IR,Bank of Ireland,,,
BESI.AS,BE Semiconductor Industries,,,
BIM.PA,BioMérieux,,,
BNP.PA,BNP Paribas,,,
EN.PA,Bouygues,,,
BVI.PA,Bureau Veritas,,,
CPR.MI,Cattolica Assicurazioni,,,
CAP.PA,Capgemini,,,
CA.PA,Carrefour,,,
ACA.PA,Crédit Agricole,,,
DIE.BR,Deutsche Börse,,,
BN.PA,Danone,,,
DSY.PA,Dassault Systèmes,,,
DNB.OL,DNB,,,
DSFIR.AS,DSM,,,
EDEN.PA,Edenred,,,
EDP.LS,EDP,,,
EDPR.LS,EDP Renováveis,,,
FGR.PA,Eiffage,,,
ENEL.MI,Enel,,,
ENGI.PA,Engie,,,
ENI.MI,Eni,,,
EQNR.OL,Equinor,,,
EL.PA,Essilor,,,
ERF.PA,Eramet,,,
ENX.PA,Euronext,,,
RACE.MI,Ferrari,,,
FBK.MI,FinecoBank,,,
GALP.LS,Galp Energia,,,
GBLB.BR,Groupe Bruxelles Lambert,,,
G.MI,Generali,,,
HAVAS.AS,Havas,,,
HEIA.AS,Heineken,,,
INGA.AS,ING,,,
ISP.MI,Intesa Sanpaolo,,,
INW.MI,Infrastrutture Wireless Italiane,,,
IPN.PA,Ipsen,,,
JMT.LS,Jerónimo Martins,,,
KBC.BR,KBC Bank,,,
KER.PA,Kering,,,
KRZ.IR,Kerry Group,,,
KRX.IR,Kingspan Group,,,
PHIA.AS,Koninklijke Philips N.V.,,,
KOG.OL,Kongsberg,,,
KPN.AS,KPN,,,
LR.PA,Legrand,,,
LDO.MI,Leonardo,,,
MB.MI,Mediobanca,,,
ML.PA,Michelin,,,
MONC.MI,Moncler,,,
MOWI.OL,Mowi,,,
NN.AS,Nationale-Nederlanden,,,
NHY.OL,Norsk Hydro ASA,,,
ORA.PA,Orange,,,
RI.PA,Pernod Ricard,,,
PST.MI,Poste italiane,,,
PRX.AS,Prosus,,,
PRY.MI,Prysmian,,,
PUB.PA,Publicis,,,
REC.MI,Recordati,,,
RNO.PA,Renault,,,
RYA.IR,Ryanair,,,
SAF.PA,Safran,,,
SGO.PA,Saint-Gobain,,,
SAN.PA,Sanofi,,,
DIM.PA,Sartorius Stedim Biotech,,,
SU.PA,Schneider Electric,,,
SHEEL.AS,Shell,,,
SRG.MI,Snam,,,
GLE.PA,Société Générale,,,
SW.PA,Sodexo,,,
STLAM.MI,Stellantis,,,
STMPA.PA,STMicroelectronics,,,
TEL.OL,Telenor,,,
TEN.MI,Tenaris,,,
TRN.MI,Terna,,,
HO.PA,Thales,,,
TTE.PA,TotalEnergies,,,
UCB.BR,UCB,,,
URW.PA,Unibail-Rodamco-Westfield,,,
UCG.MI,Unicredit,,,
VIE.PA,Veolia Environnement,,,
DG.PA,Vinci,,,
VIV.PA,Vivendi,,,
WKL.AS,Wolters Kluwer,,,
III.L,3i,,,
ABDN.L,Aberdeen Group,,,
ADM.L,Admiral Group,,,
AAF.L,Airtel Africa,,,
ALW.L,Alliance Witan,,,
AAL.L,Anglo American plc,,,
ANTO.L,Antofagasta plc,,,
ABF.L,Associated British Foods,,,
AZN.L,AstraZeneca,,,
AUTO.L,Autotrader Group,,,
AV.L,Aviva,,,
BAB.L,Babcock International,,,
BA.L,BAE Systems,,,
BARC.L,Barclays,,,
BTRW.L,Barratt Redrow,,,
BEZ.L,Beazley,,,
BP.L,BP,,,
BATS.L,British American Tobacco,,,
BLND.L,British Land,,,
BT.A.L,BT Group,,,
BNZL.L,Bunzl,,,
BRBY.L,Burberry Group,,,
CNA.L,Centrica,,,
CCEP.L,Coca-Cola Europacific Partners,,,
CCH.L,Coca-Cola HBC,,,
CPG.L,Compass Group,,,
CCC.L,Computacenter,,,
CTEC.L,Convatec,,,
CRDA.L,Croda International,,,
DCC.L,DCC Energy,,,
DGE.L,Diageo,,,
DPLM.L,Diploma,,,
EDV.L,Endeavour Mining,,,
ENT.L,Entain,,,
EXPN.L,Experian,,,
FCIT.L,F & C Investment Trust,,,
FRES.L,Fresnillo plc,,,
GAW.L,Games Workshop,,,
GLEN.L,Glencore,,,
GSK.L,GSK plc,,,
HLN.L,Haleon,,,
HLMA.L,Halma plc,,,
HSX.L,Hiscox,,,
HWDN.L,Howdens Joinery,,,
HSBA.L,HSBC,,,
ICG.L,ICG,,,
IGG.L,IG Group,,,
IHG.L,IHG Hotels & Resorts,,,
IMI.L,IMI,,,
IMB.L,Imperial Brands,,,
INF.L,Informa,,,
IAG.L,International Airlines Group,,,
ITRK.L,Intertek,,,
INVP.L,Investec,,,
JD.L,JD Sports,,,
BGEO.L,Lion Finance Group,,,
KGF.L,Kingfisher plc,,,
LAND.L,Land Securities,,,
LGEN.L,Legal & General,,,
LLOY.L,Lloyds Banking Group,,,
LMP.L,LondonMetric Property,,,
LSEG.L,London Stock Exchange Group,,,
MNG.L,M&G,,,
MKS.L,Marks & Spencer,,,
MRO.L,Melrose Industries,,,
MTLN.L,Metlen Energy & Metals,,,
NG.L,National Grid plc,,,
NWG.L,NatWest Group,,,
NXT.L,Next plc,,,
PSON.L,Pearson plc,,,
PSH.L,Pershing Square Holdings,,,
PSN.L,Persimmon,,,
PCT.L,Polar Capital Technology Trust,,,
PRU.L,Prudential plc,,,
RKT.L,Reckitt,,,
REL.L,RELX,,,
RTO.L,Rentokil Initial,,,
RIO.L,Rio Tinto,,,
RR.L,Rolls-Royce Holdings,,,
SGE.L,Sage Group,,,
SBRY.L,Sainsbury's,,,
SDR.L,Schroders,,,
SMT.L,Scottish Mortgage Investment Trust,,,
SGRO.L,Segro,,,
SVT.L,Severn Trent,,,
SHEL.L,Shell plc,,,
SMIN.L,Smiths Group,,,
SN.L,Smith & Nephew,,,
SPX.L,Spirax Group,,,
SSE.L,SSE plc,,,
STAN.L,Standard Chartered,,,
SDLF.L,Standard Life,,,
STJ.L,St. James's Place,,,
TSCO.L,Tesco,,,
BBOX.L,Tritax Big Box REIT,,,
ULVR.L,Unilever,,,
UU.L,United Utilities,,,
VOD.L,Vodafone Group,,,
WEIR.L,Weir Group,,,
WTB.L,Whitbread,,,
3IN.L,3i Infrastructure,,,
FOUR.L,4imprint,,,
AAS.L,Aberdeen Asia Focus,,,
ASL.L,Aberforth Smaller Companies Trust,,,
AEP.L,AEP Plantations,,,
ALFA.L,Alfa Financial Software,,,
ATT.L,Allianz Technology Trust,,,
AO.L,AO World,,,
APN.L,Applied Nutrition,,,
ASHM.L,Ashmore Group,,,
AIE.L,Ashoka India Equity Investment Trust,,,
AML.L,Aston Martin Lagonda,,,
ATYM.L,Atalaya Mining,,,
ATG.L,Auction Technology Group,,,
AGT.L,AVI Global Trust,,,
AVON.L,Avon Technologies,,,
BME.L,B&M,,,
BGFD.L,Baillie Gifford Japan Trust,,,
USA.L,Baillie Gifford US Growth Trust,,,
BBY.L,Balfour Beatty,,,
BCG.L,Baltic Classifieds,,,
BNKR.L,Bankers Investment Trust,,,
BAG.L,A.G. Barr,,,
AJB.L,AJ Bell,,,
BWY.L,Bellway,,,
BKG.L,Berkeley Group Holdings,,,
BHMG.L,BH Macro,,,
BYG.L,Big Yellow Group,,,
BPCR.L,Biopharma Credit,,,
BRGE.L,BlackRock Greater Europe Investment Trust,,,
BRSC.L,BlackRock Smaller Companies Trust,,,
BRWM.L,BlackRock World Mining Trust,,,
BMY.L,Bloomsbury Publishing,,,
BOY.L,Bodycote,,,
BREE.L,Breedon Group,,,
BPT.L,Bridgepoint Group,,,
BUT.L,Brunner Investment Trust,,,
BYIT.L,Bytes Technology Group,,,
CLDN.L,Caledonia Investments,,,
CGT.L,Capital Gearing Trust,,,
CWR.L,Ceres Power,,,
CHG.L,Chemring Group,,,
CSN.L,Chesnara,,,
CTY.L,City of London Investment Trust,,,
CKN.L,Clarkson,,,
CBG.L,Close Brothers Group,,,
CMCX.L,CMC Markets,,,
COA.L,Coats Group,,,
CORD.L,Cordiant Digital Infrastructure,,,
COST.L,Costain Group,,,
CWK.L,Cranswick,,,
CURY.L,Currys,,,
CVSG.L,CVS Group,,,
DLN.L,Derwent London,,,
DSCV.L,discoverIE,,,
DOM.L,Domino's Pizza,,,
DRX.L,Drax Group,,,
DOCS.L,Dr. Martens,,,
DNLM.L,Dunelm Group,,,
EZJ.L,EasyJet,,,
EDIN.L,Edinburgh Investment Trust,,,
EWI.L,Edinburgh Worldwide Investment Trust,,,
ELM.L,Elementis,,,
ENOG.L,Energean,,,
ESCT.L,European Smaller Companies Trust,,,
EWG.L,Eurowag,,,
FCSS.L,Fidelity China Special Situations,,,
FEML.L,Fidelity Emerging Markets,,,
FEV.L,Fidelity European Trust,,,
FSV.L,Fidelity Special Values,,,
FGT.L,Finsbury Growth & Income Trust,,,
FGP.L,FirstGroup,,,
FGEN.L,Foresight Environmental Infrastructure,,,
FSG.L,Foresight Group,,,
FRAS.L,Frasers Group,,,
FCH.L,Funding Circle,,,
GFRD.L,Galliford Try,,,
GAMA.L,Gamma Communications,,,
GBG.L,GB Group,,,
GCP.L,GCP Infrastructure Investments,,,
GEN.L,Genuit Group,,,
GNS.L,Genus,,,
DATA.L,GlobalData,,,
GSCT.L,Global Smaller Companies Trust,,,
GDWN.L,Goodwin,,,
GFTU.L,Grafton Group,,,
GRI.L,Grainger,,,
GPE.L,Great Portland Estates,,,
UKW.L,Greencoat UK Wind,,,
GNC.L,Greencore,,,
GRG.L,Greggs,,,
HFD.L,Halfords,,,
HMSO.L,Hammerson,,,
HANA.L,Hansa Investment Company,,,
HBR.L,Harbour Energy,,,
HVPE.L,HarbourVest Global Private Equity,,,
HWG.L,Harworth Group,,,
HAS.L,Hays,,,
HTWS.L,Helios Towers,,,
HFEL.L,Henderson Far East Income,,,
HSL.L,Henderson Smaller Companies Investment Trust,,,
HRI.L,Herald Investment Trust,,,
HGT.L,Hg Capital Trust,,,
HICL.L,HICL Infrastructure Company,,,
HIK.L,Hikma Pharmaceuticals,,,
HILS.L,Hill & Smith,,,
HFG.L,Hilton Food Group,,,
HOC.L,Hochschild Mining,,,
BOWL.L,Hollywood Bowl Group,,,
HTG.L,Hunting,,,
ICGT.L,ICG Enterprise Trust,,,
INCH.L,Inchcape,,,
IHP.L,IntegraFin Holdings,,,
INPP.L,International Public Partnerships,,,
IWG.L,International Workplace Group,,,
IAD.L,Invesco Asia Dragon Trust,,,
IPO.L,IP Group,,,
ITH.L,Ithaca Energy,,,
ITV.L,ITV,,,
JMAT.L,Johnson Matthey,,,
JSG.L,Johnson Service Group,,,
JAM.L,JPMorgan American Investment Trust,,,
JCH.L,JPMorgan Claverhouse Investment Trust,,,
JEMI.L,JPMorgan Emerging Markets Dividend Income,,,
JMGI.L,JPMorgan Emerging Markets Growth & Income,,,
JEDT.L,JPMorgan European Discovery,,,
JEGI.L,JPMorgan European Growth & Income,,,
JGGI.L,JPMorgan Global Growth & Income,,,
JFJ.L,JPMorgan Japanese Investment Trust,,,
JTC.L,JTC,,,
JUP.L,Jupiter Fund Management,,,
KNOS.L,Kainos,,,
KLR.L,Keller Group,,,
KIE.L,Kier Group,,,
LRE.L,Lancashire Holdings,,,
LWDB.L,Law Debenture,,,
EMG.L,Man Group,,,
MEGP.L,ME Group International,,,
MRC.L,Mercantile Investment Trust,,,
MRCH.L,Merchants Trust,,,
MTRO.L,Metro Bank,,,
MAB.L,Mitchells & Butlers,,,
MTO.L,Mitie,,,
GROW.L,Molten Ventures,,,
MNDI.L,Mondi,,,
MNKS.L,Monks Investment Trust,,,
MONY.L,MONY Group,,,
MOON.L,Moonpig,,,
MGAM.L,Morgan Advanced Materials,,,
MGNS.L,Morgan Sindall Group,,,
MUT.L,Murray Income Trust,,,
MYI.L,Murray International Trust,,,
NBPE.L,NB Private Equity Partners,,,
NCC.L,NCC Group,,,
N91.L,Ninety One,,,
NAS.L,North Atlantic Smaller Companies Investment Trust,,,
OCI.L,Oakley Capital Investments,,,
OCDO.L,Ocado Group,,,
OSB.L,OSB Group,,,
OXB.L,Oxford Biomedica,,,
OXIG.L,Oxford Instruments,,,
ONT.L,Oxford Nanopore Technologies,,,
PHI.L,Pacific Horizon Investment Trust,,,
PAGE.L,PageGroup,,,
PAF.L,Pan African Resources,,,
PINT.L,Pantheon Infrastructure,,,
PIN.L,Pantheon International,,,
PAG.L,Paragon Banking Group,,,
PEY.L,Partners Group Private Equity,,,
PPET.L,Patria Private Equity Trust,,,
PNN.L,Pennon Group,,,
PNL.L,Personal Assets Trust,,,
PETS.L,Pets at Home,,,
PTEC.L,Playtech,,,
PLUS.L,Plus500,,,
PCGH.L,Polar Capital Global Healthcare Trust,,,
POLN.L,Pollen Street Group,,,
PPH.L,PPHE Hotel Group,,,
PFD.L,Premier Foods,,,
PHP.L,Primary Health Properties,,,
PRN.L,Princes Group,,,
QQ.L,Qinetiq,,,
QLT.L,Quilter,,,
RNK.L,Rank Group,,,
RPI.L,Raspberry Pi Holdings,,,
RAT.L,Rathbones,,,
RSW.L,Renishaw,,,
RHIM.L,RHI Magnesita,,,
RMV.L,Rightmove,,,
RCP.L,RIT Capital Partners,,,
ROSE.L,Rosebank Industries,,,
ROR.L,Rotork,,,
RS1.L,RS Group,,,
RTW.L,RTW Biotech Opportunities,,,
RICA.L,Ruffer Investment Company,,,
SAFE.L,Safestore,,,
SAGA.L,Saga,,,
SVS.L,Savills,,,
MNTN.L,Schiehallion Fund,,,
ATR.L,Schroder Asian Total Return Investment Company,,,
SDP.L,Schroder AsiaPacific Fund,,,
SOI.L,Schroder Oriental Income Fund,,,
SAIN.L,Scottish American Investment Company,,,
SEIT.L,SDCL Efficiency Income Trust,,,
SNR.L,Senior,,,
SEQI.L,Sequoia Economic Infrastructure Income Fund,,,
SSIT.L,Seraphim Space Investment Trust,,,
SRP.L,Serco,,,
SHC.L,Shaftesbury Capital,,,
SHAW.L,Shawbrook Bank,,,
SRE.L,Sirius Real Estate,,,
SCT.L,Softcat,,,
SPI.L,Spire Healthcare,,,
SSPG.L,SSP Group,,,
SUPR.L,Supermarket Income REIT,,,
SYNC.L,Syncona,,,
THRL.L,Target Healthcare REIT,,,
TATE.L,Tate & Lyle,,,
TW.L,Taylor Wimpey,,,
TBCG.L,TBC Bank,,,
TEP.L,Telecom Plus,,,
TMPL.L,Temple Bar Investment Trust,,,
TEM.L,Templeton Emerging Markets Investment Trust,,,
TRIG.L,The Renewables Infrastructure Group,,,
THG.L,THG,,,
TCAP.L,TP ICAP,,,
TRN.L,Trainline,,,
TPK.L,Travis Perkins,,,
TRY.L,TR Property Investment Trust,,,
TRST.L,Trustpilot,,,
TFIF.L,Twentyfour Income Fund,,,
UTG.L,Unite Group,,,
UEM.L,Utilico Emerging Markets,,,
VSVS.L,Vesuvius,,,
VCT.L,Victrex,,,
VEIL.L,Vietnam Enterprise Investments,,,
VOF.L,VinaCapital Vietnam Opportunity Fund,,,
VTY.L,Vistry Group,,,
FAN.L,Volution Group,,,
WOSG.L,Watches of Switzerland,,,
JDW.L,Wetherspoons,,,
SMWH.L,WHSmith,,,
WIX.L,Wickes,,,
WIZZ.L,Wizz Air,,,
WKP.L,Workspace Group,,,
WWH.L,Worldwide Healthcare Trust,,,
WPP.L,WPP,,,
XPP.L,XP Power,,,
XPS.L,XPS Pensions,,,
ZIG.L,Zigup,,,
,,,,
ADS.DE,Adidas,,,
ALV.DE,Allianz,,,
BAS.DE,BASF,,,
BAYN.DE,Bayer,,,
BEI.DE,Beiersdorf,,,
BMW.DE,BMW,,,
BNR.DE,Brenntag,,,
CBK.DE,Commerzbank,,,
CON.DE,Continental,,,
DTG.DE,Daimler Truck,,,
DBK.DE,Deutsche Bank,,,
DB1.DE,Deutsche Börse,,,
DHL.DE,Deutsche Post,,,
DTE.DE,Deutsche Telekom,,,
EOAN.DE,E.ON,,,
FRE.DE,Fresenius,,,
FME.DE,Fresenius Medical Care,,,
G1A.DE,GEA Group,,,
HNR1.DE,Hannover Re,,,
HEI.DE,Heidelberg Materials,,,
HEN3.DE,Henkel,,,
IFX.DE,Infineon Technologies,,,
MBG.DE,Mercedes-Benz Group,,,
MRK.DE,Merck,,,
MTX.DE,MTU Aero Engines,,,
MUV2.DE,Munich Re,,,
PAH3.DE,Porsche SE,,,
QIA.DE,Qiagen,,,
RHM.DE,Rheinmetall,,,
RWE.DE,RWE,,,
SAP.DE,SAP,,,
G24.DE,Scout24,,,
SIE.DE,Siemens,,,
ENR.DE,Siemens Energy,,,
SHL.DE,Siemens Healthineers,,,
SY1.DE,Symrise,,,
VOW3.DE,Volkswagen Group,,,
VNA.DE,Vonovia,,,
ZAL.DE,Zalando,,,
AIXA.DE,Aixtron,,,
AT1.DE,Aroundtown,,,
NDA.DE,Aurubis,,,
BC8.DE,Bechtle,,,
BFSA.DE,Befesa,,,
GBF.DE,Bilfinger,,,
AFX.DE,Carl Zeiss Meditec,,,
EVD.DE,CTS Eventim,,,
DHER.DE,Delivery Hero,,,
LHA.DE,Lufthansa,,,
ECV.DE,Encavis,,,
EVK.DE,Evonik,,,
EVT.DE,Evotec,,,
FRA.DE,Fraport,,,
FNTN.DE,Freenet,,,
FPE3.DE,Fuchs Petrolub,,,
GXI.DE,Gerresheimer,,,
HLE.DE,Hella,,,
HFG.DE,HelloFresh,,,
HAG.DE,Hensoldt,,,
HOT.DE,Hochtief,,,
BOSS.DE,Hugo Boss,,,
JEN.DE,Jenoptik,,,
JUN3.DE,Jungheinrich,,,
SDF.DE,K+S,,,
KGX.DE,KION Group,,,
KBX.DE,Knorr-Bremse,,,
KRN.DE,Krones,,,
LXS.DE,Lanxess,,,
LEG.DE,LEG Immobilien,,,
NEM.DE,Nemetschek,,,
NDX1.DE,Nordex,,,
PUM.DE,Puma,,,
RAA.DE,Rational,,,
RDC.DE,Redcare Pharmacy,,,
RRTL.DE,RTL Group,,,
WAF.DE,Siltronic,,,
STM.DE,Stabilus,,,
SAX.DE,Ströer,,,
TEG.DE,TAG Tegernsee Immobilien und Beteiligung,,,
TLX.DE,Talanx,,,
TMV.DE,TeamViewer,,,
TKA.DE,ThyssenKrupp,,,
8TRA.DE,Traton,,,
TUI1.DE,TUI,,,
UTDI.DE,United Internet,,,
WCH.DE,Wacker Chemie,,,
NOVN.SW,Novartis International AG,,,
ROP.SW,Roche Holding AG,,,
NESN.SW,Nestlé SA,,,
ABBN.SW,ABB Ltd,,,
UBSG.SW,UBS Group AG,,,
CFR.SW,Compagnie Financière Richemont SA,,,
ZURN.SW,Zurich Insurance Group AG,,,
HOLN.SW,Holcim Limited,,,
SREN.SW,Swiss Reinsurance Company Ltd,,,
LONN.SW,Lonza Group AG,,,
SCMN.SW,Swisscom AG,,,
GIVN.SW,Givaudan SA,,,
ALC.SW,Alcon Inc,,,
SIKA.SW,Sika AG,,,
AMRZ.SW,Amrize AG,,,
SLHN.SW,Swiss Life Holding AG,,,
KNIN.SW,Kuehne + Nagel,,,
GEBN.SW,Geberit AG,,,
PGHN.SW,Partners Group Holding AG,,,
LOGN.SW,Logitech International SA,,,
ACLN.SW,Accelleron,,,
ADEN.SW,Adecco,,,
AVOL.SW,Avolta,,,
BARN.SW,Barry Callebaut,,,
BEAN.SW,Belimo,,,
CLN.SW,Clariant,,,
EMSN.SW,Ems-Chemie,,,
FHZN.SW,Flughafen Zürich,,,
GALD.SW,Galderma,,,
GALE.SW,Galenica,,,
GF.SW,Georg Fischer,,,
HBAN.SW,Helvetia Bâloise,,,
BAER.SW,Julius Bär,,,
LISN.SW,Lindt & Sprüngli,,,
PSPN.SW,PSP Swiss Property,,,
RO.SW,Roche (bearer share),,,
SDZ.SW,Sandoz,,,
SCHN.SW,Schindler,,,
SGSN.SW,SGS,,,
SIGN.SW,SIG,,,
SOON.SW,Sonova,,,
STMN.SW,Straumann,,,
SUNN.SW,Sunrise,,,
SQN.SW,Swissquote,,,
UHR.SW,Swatch,,,
SPSN.SW,Swiss Prime Site,,,
TEMN.SW,Temenos,,,
VACN.SW,VAT,,,
RMS.PA,Hermès,,,
OR.PA,L'Oréal,,,
MC.PA,LVMH,,,
STLAP.PA,Stellantis,,,
TEP.PA,Teleperformance,,,
AF.PA,Air France–KLM,,,
AKE.PA,Arkema,,,
EO.PA,Faurecia,,,
GFC.PA,Gecina,,,
GET.PA,Getlink,,,
LI.PA,Klépierre,,,
RCO.PA,Rémy Cointreau,,,
RXL.PA,Rexel,,,
SOI.PA,Soitec,,,
SOLB.BR,Solvay,,,
UBI.PA,Ubisoft,,,
FR.PA,Valeo,,,
ALPA4.SA,Alpargatas,,,
ABEV3.SA,Ambev,,,
AMER3.SA,Americanas,,,
AZUL4.SA,Azul,,,
B3SA3.SA,B3,,,
BBAS3.SA,Banco do Brasil,,,
BBSE3.SA,BB Seguridade [pt],,,
BBDC3.SA,Bradesco,,,
BBDC4.SA,Bradesco,,,
BIDI11.SA,Banco Inter [pt],,,
BPAN4.SA,Banco Pan,,,
BRAP4.SA,Bradespar,,,
BRML3.SA,BRMalls,,,
BRKM5.SA,Braskem,,,
BRFS3.SA,BRF,,,
BPAC11.SA,BTG Pactual,,,
CRFB3.SA,Carrefour Brasil,,,
CCRO3.SA,CCR,,,
CVCB3.SA,CVC Brasil,,,
CMIG4.SA,CEMIG,,,
CIEL3.SA,Cielo,,,
COGN3.SA,Cogna,,,
CPLE6.SA,Copel,,,
CSAN3.SA,Cosan,,,
CPFE3.SA,CPFL Energia,,,
CSNA3.SA,CSN,,,
CYRE3.SA,Cyrela Brazil Realty,,,
DXCO3.SA,Dexco,,,
ECOR3.SA,EcoRodovias,,,
ENBR3.SA,EDP - Energias do Brasil,,,
ELET3.SA,Eletrobras,,,
ELET6.SA,Eletrobras,,,
EMBR3.SA,Embraer,,,
ENGI11.SA,Energisa [pt],,,
ENEV3.SA,Eneva,,,
EGIE3.SA,ENGIE Brasil,,,
EQTL3.SA,Equatorial Energia [pt],,,
EZTC3.SA,Eztec [pt],,,
GGBR4.SA,Gerdau,,,
GOLL4.SA,Gol,,,
PCAR3.SA,GPA,,,
SOMA3.SA,Grupo Soma,,,
FLRY3.SA,Grupo Fleury [pt],,,
HAPV3.SA,Grupo Hapvida [pt],,,
HYPE3.SA,Hypera Pharma,,,
IGTI11.SA,Iguatemi,,,
IRBR3.SA,IRB Brasil RE,,,
ITUB4.SA,Itaú Unibanco,,,
ITSA4.SA,Itaúsa,,,
JBSS3.SA,JBS,,,
JHSF3.SA,JHSF Participações,,,
KLBN11.SA,Klabin,,,
RENT3.SA,Localiza,,,
LWSA3.SA,LocaWeb [pt],,,
LREN3.SA,Lojas Renner,,,
MGLU3.SA,Magazine Luiza,,,
MRFG3.SA,Marfrig,,,
CASH3.SA,Méliuz [pt],,,
GOAU4.SA,Metalúrgica Gerdau,,,
BEEF3.SA,Minerva Foods,,,
MRVE3.SA,MRV,,,
MULT3.SA,Multiplan,,,
NTCO3.SA,Natura & Co,,,
PETR3.SA,Petrobras,,,
PETR4.SA,Petrobras,,,
VBBR3.SA,Petrobras Distribuidora,,,
PRIO3.SA,PetroRio [pt],,,
PETZ3.SA,Petz [pt],,,
QUAL3.SA,Qualicorp,,,
RADL3.SA,RaiaDrogasil,,,
RDOR3.SA,Rede D'Or São Luiz [pt],,,
RAIL3.SA,Rumo,,,
SBSP3.SA,Sabesp,,,
SANB11.SA,Santander Brasil,,,
ASAI3.SA,Sendas Distribuidora,,,
SULA11.SA,SulAmérica Seguros,,,
SUZB3.SA,Suzano Papel e Celulose,,,
TAEE11.SA,Taesa S.A.,,,
VIVT3.SA,Telefônica Brasil,,,
TIMS3.SA,TIM Brasil,,,
TOTS3.SA,TOTVS,,,
UGPA3.SA,Ultrapar,,,
LCAM3.SA,Unidas [pt],,,
USIM5.SA,Usiminas,,,
VALE3.SA,Vale,,,
VIIA3.SA,Via,,,
YDUQ3.SA,YDUQS,,,
WEGE3.SA,WEG,,,
AC.MX,Arca Continental,,,
ALFAA.MX,ALFA,,,
ALSEA.MX,Alsea,,,
AMXB.MX,América Móvil,,,
ASURB.MX,Grupo Aeroportuario del Sureste,,,
BBAJIOO.MX,Banco del Bajío,,,
BIMBOA.MX,Grupo Bimbo,,,
BOLSAA.MX,Bolsa Mexicana de Valores,,,
CEMEXCPO.MX,Cemex,,,
CUERVO.MX,Becle,,,
ELEKTRA.MX,Grupo Elektra,,,
FEMSAUBD.MX,FEMSA,,,
GAPB.MX,Grupo Aeroportuario del Pacífico,,,
GCARSOA1.MX,Grupo Carso,,,
GCC.MX,Grupo Cementos de Chihuahua,,,
GFINBURO.MX,Inbursa,,,
GFNORTEO.MX,Banorte,,,
GMEXICOB.MX,Grupo México,,,
GRUMAB.MX,Gruma,,,
KIMBERA.MX,Kimberly-Clark de México,,,
KOFUBL.MX,Coca-Cola FEMSA,,,
LABB.MX,Genomma Lab Internacional,,,
LIVEPOLC1.MX,El Puerto de Liverpool,,,
MEGACPO.MX,Megacable,,,
OMAB.MX,Grupo Aeroportuario Centro Norte,,,
ORBIA.MX,Orbia,,,
PEOLES.MX,Peñoles,,,
PINFRA.MX,Pinfra,,,
Q.MX,Quálitas,,,
RA.MX,Regional,,,
TLEVISACPO.MX,Televisa,,,
VESTA.MX,Corporación Inmobiliaria Vesta,,,
VOLARA.MX,Volaris,,,
WALMEX.MX,Walmart de México y Centroamérica,,,
0005.HK,HSBC Holdings plc,,,
0388.HK,HKEx Limited,,,
0939.HK,China Construction Bank,,,
1299.HK,AIA Group Limited,,,
1398.HK,Industrial and Commercial Bank of China,,,
2318.HK,Ping An Insurance,,,
2388.HK,BOC Hong Kong (Holdings) Ltd,,,
2628.HK,China Life,,,
3968.HK,China Merchants Bank,,,
3988.HK,Bank of China Ltd,,,
0002.HK,CLP Holdings Limited,,,
0003.HK,Hong Kong and China Gas Company Limited,,,
0006.HK,Power Assets Holdings Limited,,,
0836.HK,China Resources Power,,,
1038.HK,Cheung Kong Infrastructure Holdings Limited,,,
2688.HK,ENN Energy,,,
0012.HK,Henderson Land Development Company Limited,,,
0016.HK,Sun Hung Kai Properties Limited,,,
0101.HK,Hang Lung Properties Limited,,,
0688.HK,China Overseas Land & Investment Limited,,,
0823.HK,Link REIT,,,
0960.HK,Longfor Properties,,,
1109.HK,China Resources Land Limited,,,
1113.HK,CK Asset Holdings,,,
1209.HK,China Resources Mixc Lifestyle,,,
1997.HK,Wharf Real Estate Investment Company Limited,,,
0001.HK,CK Hutchison Holdings Limited,,,
0027.HK,Galaxy Entertainment Group Ltd.,,,
0066.HK,MTR Corporation Ltd,,,
0175.HK,Geely Auto,,,
0241.HK,Alibaba Health,,,
0267.HK,CITIC Limited,,,
0285.HK,BYD Electronics,,,
0288.HK,WH Group,,,
0291.HK,China Resources Beer,,,
0300.HK,Midea Group,,,
0316.HK,Orient Overseas (International) Limited,,,
0322.HK,Tingyi,,,
0386.HK,Sinopec Corp,,,
0669.HK,Techtronic Industries,,,
0700.HK,Tencent Holdings Limited,,,
0762.HK,China Unicom,,,
0857.HK,PetroChina Company Limited,,,
0868.HK,Xinyi Glass,,,
0881.HK,Zhongsheng Group,,,
0883.HK,CNOOC Limited,,,
0941.HK,China Mobile Ltd,,,
0968.HK,Xinyi Solar,,,
0981.HK,Semiconductor Manufacturing International Corporation,,,
0992.HK,Lenovo,,,
1024.HK,Kuaishou,,,
1044.HK,Hengan International Group Co. Ltd,,,
1088.HK,China Shenhua Energy,,,
1093.HK,CSPC Pharmaceutical Group,,,
1099.HK,Sinopharm Group,,,
1177.HK,Sino Biopharm,,,
1211.HK,BYD Company,,,
1378.HK,China Hongqiao Group,,,
1810.HK,Xiaomi,,,
1876.HK,Budweiser Brewing Company APAC,,,
1928.HK,Sands China,,,
1929.HK,Chow Tai Fook,,,
2015.HK,Li Auto,,,
2020.HK,Anta Sports,,,
2057.HK,ZTO Express,,,
2269.HK,WuXi Biologics,,,
2313.HK,Shenzhou International,,,
2319.HK,Mengniu Dairy,,,
2331.HK,Li-Ning,,,
2359.HK,WuXi AppTec,,,
2382.HK,Sunny Optical,,,
2618.HK,JD Logistics,,,
2899.HK,Zijin Mining,,,
3690.HK,Meituan,,,
3692.HK,Hansoh Pharmaceutical Group,,,
6618.HK,JD Health,,,
6690.HK,Haier,,,
6862.HK,Haidilao,,,
9618.HK,JD.com,,,
9633.HK,Nongfu Spring,,,
9888.HK,Baidu,,,
9961.HK,Trip.com Group,,,
9988.HK,Alibaba Group,,,
9992.HK,Pop Mart,,,
9999.HK,NetEase,,,
VNP.TO,5N Plus Inc.,,,
ABRA.TO,AbraSilver Resource Corp.,,,
AAV.TO,Advantage Energy Ltd.,,,
ARE.TO,Aecon Group Inc.,,,
AEM.TO,Agnico Eagle Mines Limited,,,
AC.TO,Air Canada,,,
AGI.TO,Alamos Gold Inc.,,,
AQN.TO,Algonquin Power & Utilities Corp.,,,
ATD.TO,Alimentation Couche-Tard Inc.,,,
AAUC.TO,Allied Gold Corporation,,,
AP.UN.TO,Allied Properties Real Estate Investment Trust,,,
ALA.TO,AltaGas Ltd.,,,
AIF.TO,Altus Group Limited,,,
USA.TO,Americas Gold And Silver Corporation,,,
ARX.TO,ARC Resources Ltd.,,,
ARIS.TO,Aris Mining Corporation,,,
ATZ.TO,Aritzia Inc.,,,
ACO.X.TO,ATCO Ltd.,,,
ATH.TO,Athabasca Oil Corporation,,,
ATRL.TO,AtkinsRéalis Group Inc.,,,
ATS.TO,ATS Corporation,,,
ASM.TO,Avino Silver & Gold Mines Ltd.,,,
AYA.TO,Aya Gold & Silver Inc.,,,
BTO.TO,B2Gold Corp.,,,
BDGI.TO,Badger Infrastructure Solutions Ltd.,,,
BMO.TO,Bank of Montreal,,,
BNS.TO,Bank of Nova Scotia,,,
ABX.TO,Barrick Gold Corporation,,,
BHC.TO,Bausch Health Companies Inc.,,,
BTE.TO,Baytex Energy Corp.,,,
BCE.TO,BCE Inc.,,,
BIR.TO,Birchcliff Energy Ltd.,,,
BDT.TO,Bird Construction Inc.,,,
BB.TO,BlackBerry Limited,,,
BEI.UN.TO,Boardwalk Real Estate Investment Trust,,,
BBD.B.TO,Bombardier Inc.,,,
BLX.TO,Boralex Inc.,,,
BYD.TO,Boyd Group Services Inc.,,,
BAM.TO,Brookfield Asset Management Ltd.,,,
BBUC.TO,Brookfield Business Corporation,,,
BN.TO,Brookfield Corporation,,,
BIP.UN.TO,Brookfield Infrastructure Partners L.P.,,,
BEP.UN.TO,Brookfield Renewable Partners L.P.,,,
DOO.TO,BRP Inc.,,,
CAE.TO,CAE Inc.,,,
CCO.TO,Cameco Corporation,,,
CAR.UN.TO,Canadian Apartment Properties Real Estate Investment Trust,,,
CM.TO,Canadian Imperial Bank of Commerce,,,
CNR.TO,Canadian National Railway Company,,,
CNQ.TO,Canadian Natural Resources Limited,,,
CP.TO,Canadian Pacific Kansas City Limited,,,
CTC.A.TO,Canadian Tire Corporation Limited,,,
CU.TO,Canadian Utilities Limited,,,
CPX.TO,Capital Power Corporation,,,
CS.TO,Capstone Copper Corp.,,,
CJT.TO,Cargojet Inc.,,,
CCL.B.TO,CCL Industries Inc.,,,
CLS.TO,Celestica Inc.,,,
CVE.TO,Cenovus Energy Inc.,,,
CG.TO,Centerra Gold Inc.,,,
CEU.TO,CES Energy Solutions Corp.,,,
GIB.A.TO,CGI Inc.,,,
CSH.UN.TO,Chartwell Retirement Residences,,,
CHP.UN.TO,Choice Properties Real Estate Investment Trust,,,
CCA.TO,Cogeco Communications Inc.,,,
CIGI.TO,Colliers International Group Inc.,,,
CSU.TO,Constellation Software Inc.,,,
CRR.UN.TO,Crombie Real Estate Investment Trust,,,
CRT.UN.TO,CT Real Estate Investment Trust,,,
CURA.TO,"Curaleaf Holdings, Inc.",,,
DFY.TO,Definity Financial Corporation,,,
DML.TO,Denison Mines Corp.,,,
DSG.TO,Descartes Systems Group Inc.,,,
DSV.TO,Discovery Silver Corp.,,,
DOL.TO,Dollarama Inc.,,,
DIR.UN.TO,Dream Industrial Real Estate Investment Trust,,,
DPM.TO,Dundee Precious Metals Inc.,,,
ELD.TO,Eldorado Gold Corporation,,,
EFN.TO,Element Fleet Management Corp.,,,
EMA.TO,Emera Incorporated,,,
EMP.A.TO,Empire Company Limited,,,
ENB.TO,Enbridge Inc.,,,
EDR.TO,Endeavour Silver Corp.,,,
EFR.TO,Energy Fuels Inc.,,,
EQB.TO,EQB Inc.,,,
EFX.TO,Equifax Inc.,,,
EQX.TO,Equinox Gold Corp.,,,
ERO.TO,Ero Copper Corp.,,,
EIF.TO,Exchange Income Corporation,,,
FFH.TO,Fairfax Financial Holdings Limited,,,
FTT.TO,Finning International Inc.,,,
FCR.UN.TO,First Capital Real Estate Investment Trust,,,
AG.TO,First Majestic Silver Corp.,,,
FM.TO,First Quantum Minerals Ltd.,,,
FSV.TO,FirstService Corporation,,,
FTS.TO,Fortis Inc.,,,
FVI.TO,Fortuna Mining Corp.,,,
FNV.TO,Franco-Nevada Corporation,,,
FRU.TO,Freehold Royalties Ltd.,,,
GMIN.TO,G Mining Ventures Corp.,,,
WN.TO,George Weston Limited,,,
GFL.TO,GFL Environmental Inc.,,,
GEI.TO,Gibson Energy Inc.,,,
GIL.TO,Gildan Activewear Inc.,,,
GSY.TO,goeasy Ltd.,,,
GRT.UN.TO,Granite Real Estate Investment Trust,,,
GWO.TO,Great-West Lifeco Inc.,,,
HR.UN.TO,H&R Real Estate Investment Trust,,,
HWX.TO,Headwater Exploration Inc.,,,
HBM.TO,Hudbay Minerals Inc.,,,
H.TO,Hydro One Limited,,,
IAU.TO,I-80 Gold Corp.,,,
IAG.TO,iA Financial Corporation Inc.,,,
IMG.TO,Iamgold Corporation,,,
IGM.TO,IGM Financial Inc.,,,
IMO.TO,Imperial Oil Limited,,,
IFC.TO,Intact Financial Corporation,,,
IPCO.TO,International Petroleum Corporation,,,
IIP.UN.TO,InterRent Real Estate Investment Trust,,,
IVN.TO,Ivanhoe Mines Ltd.,,,
JWEL.TO,Jamieson Wellness Inc.,,,
KNT.TO,K92 Mining Inc.,,,
KEL.TO,Kelt Exploration Ltd.,,,
KEY.TO,Keyera Corp.,,,
KMP.UN.TO,Killam Apartment Real Estate Investment Trust,,,
KXS.TO,Kinaxis Inc.,,,
K.TO,Kinross Gold Corporation,,,
LIF.TO,Labrador Iron Ore Royalty Corporation,,,
LB.TO,Laurentian Bank of Canada,,,
LSPD.TO,Lightspeed Commerce Inc.,,,
LNR.TO,Linamar Corporation,,,
LAC.TO,Lithium Americas Corp.,,,
L.TO,Loblaw Companies Limited,,,
LUG.TO,Lundin Gold Inc.,,,
LUN.TO,Lundin Mining Corporation,,,
MG.TO,Magna International Inc.,,,
MFC.TO,Manulife Financial Corporation,,,
MFI.TO,Maple Leaf Foods Inc.,,,
MDA.TO,MDA Space Ltd.,,,
MX.TO,Methanex Corporation,,,
MRU.TO,Metro Inc.,,,
MAU.TO,Montage Gold Corp.,,,
MTL.TO,Mullen Group Ltd.,,,
NXE.TO,NexGen Energy Ltd.,,,
NFI.TO,NFI Group Inc.,,,
NGEX.TO,NGEx Minerals Ltd.,,,
NWC.TO,North West Company Inc.,,,
NPI.TO,Northland Power Inc.,,,
NG.TO,NovaGold Resources Inc.,,,
NTR.TO,Nutrien Ltd.,,,
OGC.TO,OceanaGold Corporation,,,
ONEX.TO,Onex Corporation,,,
OTEX.TO,Open Text Corporation,,,
OLA.TO,Orla Mining Ltd.,,,
OR.TO,Osisko Gold Royalties Ltd.,,,
PAAS.TO,Pan American Silver Corp.,,,
POU.TO,Paramount Resources Ltd.,,,
PXT.TO,Parex Resources Inc.,,,
PPL.TO,Pembina Pipeline Corporation,,,
PPTA.TO,Perpetua Resources Corp.,,,
PET.TO,Pet Valu Holdings Ltd.,,,
PEY.TO,Peyto Exploration & Development Corp.,,,
POW.TO,Power Corporation of Canada,,,
PSK.TO,PrairieSky Royalty Ltd.,,,
PBH.TO,Premium Brands Holdings Corporation,,,
PMZ.UN.TO,Primaris Real Estate Investment Trust,,,
QBR.B.TO,Quebecor Inc.,,,
RBA.TO,"RB Global, Inc.",,,
QSR.TO,Restaurant Brands International Inc.,,,
RCH.TO,Richelieu Hardware Ltd.,,,
REI.UN.TO,RioCan Real Estate Investment Trust,,,
RCI.B.TO,Rogers Communications Inc.,,,
RY.TO,Royal Bank of Canada,,,
RUS.TO,Russel Metals Inc.,,,
SAP.TO,Saputo Inc.,,,
SEA.TO,Seabridge Gold Inc.,,,
SES.TO,Secure Energy Services Inc.,,,
SHOP.TO,Shopify Inc.,,,
SIA.TO,Sienna Senior Living Inc.,,,
SVM.TO,Silvercorp Metals Inc.,,,
SKE.TO,Skeena Resources Limited,,,
SRU.UN.TO,SmartCentres Real Estate Investment Trust,,,
SOBO.TO,South Bow Corporation,,,
SII.TO,Sprott Inc.,,,
SSRM.TO,SSR Mining Inc.,,,
STN.TO,Stantec Inc.,,,
SJ.TO,Stella-Jones Inc.,,,
SCR.TO,Strathcona Resources Ltd.,,,
SLF.TO,Sun Life Financial Inc.,,,
SU.TO,Suncor Energy Inc.,,,
SPB.TO,Superior Plus Corp.,,,
TVE.TO,Tamarack Valley Energy Ltd.,,,
TKO.TO,Taseko Mines Limited,,,
TRP.TO,TC Energy Corporation,,,
TECK.B.TO,Teck Resources Limited,,,
T.TO,Telus Corporation,,,
TVK.TO,TerraVest Industries Inc.,,,
TFII.TO,TFI International Inc.,,,
TRI.TO,Thomson Reuters Corporation,,,
X.TO,TMX Group Limited,,,
TPZ.TO,Topaz Energy Corp.,,,
TXG.TO,Torex Gold Resources Inc.,,,
TIH.TO,Toromont Industries Ltd.,,,
TD.TO,Toronto-Dominion Bank,,,
TOU.TO,Tourmaline Oil Corp.,,,
TA.TO,TransAlta Corporation,,,
TCL.A.TO,Transcontinental Inc.,,,
TFPM.TO,Triple Flag Precious Metals Corp.,,,
TSU.TO,Trisura Group Ltd.,,,
VET.TO,Vermilion Energy Inc.,,,
VITL.UN.TO,Vital Infrastructure Property Trust.,,,
VZLA.TO,Vizsla Silver Corp.,,,
WCN.TO,Waste Connections Inc.,,,
WDO.TO,Wesdome Gold Mines Ltd.,,,
WFG.TO,West Fraser Timber Co. Ltd.,,,
WPM.TO,Wheaton Precious Metals Corp.,,,
WCP.TO,Whitecap Resources Inc.,,,
WPK.TO,Winpak Ltd.,,,
WSP.TO,WSP Global Inc.,,,
ACS.MC,ACS,,,
ACX.MC,Acerinox,,,
AMS.MC,Amadeus IT Group,,,
ANA.MC,Acciona,,,
ANE.MC,Acciona Energía,,,
BBVA.MC,BBVA,,,
BKT.MC,Bankinter,,,
CABK.MC,CaixaBank,,,
CLNX.MC,Cellnex Telecom,,,
COL.MC,Inmobiliaria Colonial,,,
AENA.MC,AENA,,,
ELE.MC,Endesa,,,
ENG.MC,Enagás,,,
FDR.MC,Fluidra,,,
FER.MC,Ferrovial,,,
GRF.MC,Grifols,,,
IAG.MC,International Airlines Group,,,
IBE.MC,Iberdrola,,,
IDR.MC,Indra,,,
ITX.MC,Inditex,,,
LOG.MC,Logista,,,
MAP.MC,Mapfre,,,
MRL.MC,Merlin Properties,,,
MTS.MC,ArcelorMittal,,,
NTGY.MC,Naturgy,,,
PUIG.MC,Puig,,,
RED.MC,Redeia Corporación,,,
REP.MC,Repsol,,,
ROVI.MC,Laboratorios Rovi [es],,,
SAB.MC,Banco Sabadell,,,
SAN.MC,Santander,,,
SCYR.MC,Sacyr,,,
SLR.MC,Solaria,,,
TEF.MC,Telefónica,,,
UNI.MC,Unicaja,,,
ABB.ST,ABB Ltd,,,
ADDT-B.ST,Addtech B,,,
ALFA.ST,Alfa Laval,,,
ASSA-B.ST,Assa Abloy B,,,
AZN.ST,AstraZeneca,,,
ATCO-A.ST,Atlas Copco A,,,
BOL.ST,Boliden,,,
EPI-A.ST,Epiroc A,,,
EQT.ST,EQT,,,
ERIC-B.ST,Ericsson B,,,
ESSITY-B.ST,Essity B,,,
EVO.ST,Evolution,,,
SHB-A.ST,Handelsbanken A,,,
HM-B.ST,Hennes & Mauritz B,,,
HEXA-B.ST,Hexagon B,,,
INDU-C.ST,Industrivärden C,,,
INVE-B.ST,Investor B,,,
LIFCO-B.ST,Lifco B,,,
NIBE-B.ST,Nibe Industrier B,,,
NDA-SE.ST,Nordea Bank Abp,,,
SAAB-B.ST,Saab B,,,
SAND.ST,Sandvik,,,
SCA-B.ST,SCA B,,,
SEB-A.ST,SEB A,,,
SKA-B.ST,Skanska B,,,
SKF-B.ST,SKF B,,,
SWED-A.ST,Swedbank A,,,
TEL2-B.ST,Tele2 B,,,
TELIA.ST,Telia Company,,,
VOLV-B.ST,Volvo B,,,
090430.KS,Amorepacific,,,
002790.KS,Amorepacific Holdings,,,
278470.KS,APR,,,
002030.KS,Asia Holdings,,,
282330.KS,BGF Retail,,,
138930.KS,BNK Financial,,,
068270.KS,Celltrion,,,
030000.KS,Cheil Worldwide,,,
185750.KS,Chong Kun Dang,,,
001040.KS,CJ,,,
097950.KS,CJ CheilJedang,,,
000120.KS,CJ Logistics,,,
192820.KS,Cosmax,,,
005420.KS,Cosmo Chemical,,,
021240.KS,Coway,,,
112610.KS,CS Wind,,,
483650.KS,d'Alba Global,,,
001680.KS,Daesang,,,
047040.KS,Daewoo E&C,,,
003090.KS,Daewoong,,,
069620.KS,Daewoong Pharmaceutical,,,
000990.KS,DB HiTek,,,
005830.KS,DB Insurance,,,
000210.KS,DL,,,
375500.KS,DL E&C,,,
007340.KS,DN Automotive,,,
026960.KS,Dongsuh,,,
006040.KS,Dongwon Industries,,,
014820.KS,Dongwon Systems,,,
000150.KS,Doosan,,,
241560.KS,Doosan Bobcat,,,
034020.KS,Doosan Enerbility,,,
454910.KS,Doosan Robotics,,,
192080.KS,DoubleU Games,,,
450080.KS,Ecopro Materials,,,
139480.KS,Emart,,,
383220.KS,F&F,,,
093370.KS,Foosung,,,
006280.KS,Green Cross,,,
078930.KS,GS,,,
007070.KS,GS Retail,,,
086790.KS,Hana Financial,,,
009420.KS,Hanall Biopharma,,,
300720.KS,Hanil Cement,,,
180640.KS,Hanjin KAL,,,
161390.KS,Hankook,,,
000240.KS,Hankook & Company,,,
128940.KS,Hanmi Pharm,,,
008930.KS,Hanmi Science,,,
042700.KS,Hanmi Semiconductor,,,
018880.KS,Hanon Systems,,,
014680.KS,Hansol Chemical,,,
009240.KS,Hanssem,,,
000880.KS,Hanwha,,,
012450.KS,Hanwha Aerospace,,,
082740.KS,Hanwha Engine,,,
088350.KS,Hanwha Life,,,
042660.KS,Hanwha Ocean,,,
009830.KS,Hanwha Solutions,,,
272210.KS,Hanwha Systems,,,
267270.KS,HD Construction Equipment,,,
267250.KS,HD Hyundai,,,
267260.KS,HD Hyundai Electric,,,
329180.KS,HD Hyundai Heavy Industries,,,
071970.KS,HD Hyundai Marine Engine,,,
443060.KS,HD Hyundai Marine Solution,,,
009540.KS,HD KSOE,,,
017960.KS,Hankuk Carbon,,,
000080.KS,HiteJinro,,,
204320.KS,HL Mando,,,
011200.KS,HMM,,,
008770.KS,Hotel Shilla,,,
298050.KS,HS Hyosung Advanced Materials,,,
352820.KS,Hybe,,,
298040.KS,Hyosung Heavy Industries,,,
298020.KS,Hyosung TNC,,,
307950.KS,Hyundai AutoEver,,,
069960.KS,Hyundai Department Store,,,
000720.KS,Hyundai E&C,,,
017800.KS,Hyundai Elevator,,,
086280.KS,Hyundai Glovis,,,
001450.KS,Hyundai Marine & Fire,,,
012330.KS,Hyundai Mobis,,,
005380.KS,Hyundai Motor,,,
064350.KS,Hyundai Rotem,,,
004020.KS,Hyundai Steel,,,
011210.KS,Hyundai WIA,,,
139130.KS,IM Financial,,,
024110.KS,Industrial Bank of Korea,,,
007660.KS,Isu Petasys,,,
457190.KS,Isu Specialty Chemical,,,
175330.KS,JB Financial,,,
035720.KS,Kakao,,,
323410.KS,KakaoBank,,,
377300.KS,KakaoPay,,,
035250.KS,Kangwon Land,,,
105560.KS,KB Financial,,,
002380.KS,KCC,,,
015760.KS,KEPCO,,,
052690.KS,KEPCO E&C,,,
051600.KS,KEPCO KPS,,,
000270.KS,Kia,,,
039490.KS,Kiwoom Securities,,,
161890.KS,Kolmar Korea,,,
120110.KS,Kolon Industries,,,
047810.KS,Korea Aerospace,,,
071320.KS,Korea District Heating,,,
036460.KS,Korea Gas,,,
071050.KS,Korea Investment,,,
006650.KS,Korea Petrochemical,,,
010130.KS,Korea Zinc,,,
003490.KS,Korean Air,,,
259960.KS,Krafton,,,
030200.KS,KT,,,
033780.KS,KT&G,,,
011780.KS,Kumho Petrochemical,,,
073240.KS,Kumho Tire,,,
066970.KS,L&F,,,
003550.KS,LG,,,
051910.KS,LG Chem,,,
064400.KS,LG CNS,,,
034220.KS,LG Display,,,
066570.KS,LG Electronics,,,
373220.KS,LG Energy Solution,,,
051900.KS,LG H&H,,,
011070.KS,LG Innotek,,,
032640.KS,LG Uplus,,,
079550.KS,LIG Nex1,,,
004990.KS,Lotte,,,
011170.KS,Lotte Chemical,,,
005300.KS,Lotte Chilsung,,,
004000.KS,Lotte Fine Chemical,,,
023530.KS,Lotte Shopping,,,
280360.KS,Lotte Wellfood,,,
006260.KS,LS,,,
010120.KS,LS Electric,,,
138040.KS,Meritz Financial,,,
006800.KS,Mirae Asset Securities,,,
081660.KS,Misto,,,
002840.KS,Miwon Commercial,,,
268280.KS,Miwon Specialty Chemical,,,
035420.KS,Naver,,,
036570.KS,NC,,,
251270.KS,Netmarble,,,
005940.KS,NH Investment & Securities,,,
004370.KS,Nongshim,,,
456040.KS,OCI,,,
010060.KS,OCI Holdings,,,
271560.KS,Orion,,,
001800.KS,Orion Holdings,,,
007310.KS,Ottogi,,,
028670.KS,Pan Ocean,,,
034230.KS,Paradise,,,
103140.KS,Poongsan,,,
005490.KS,POSCO,,,
022100.KS,POSCO DX,,,
003670.KS,POSCO Future M,,,
047050.KS,POSCO International,,,
012750.KS,S-1,,,
062040.KS,Sanil Electric,,,
207940.KS,Samsung Biologics,,,
028260.KS,Samsung C&T,,,
029780.KS,Samsung Card,,,
028050.KS,Samsung E&A,,,
009150.KS,Samsung Electro-Mechanics,,,
005930.KS,Samsung Electronics,,,
0126Z0.KS,Samsung Epis,,,
000810.KS,Samsung Fire & Marine,,,
010140.KS,Samsung Heavy Industries,,,
032830.KS,Samsung Life,,,
006400.KS,Samsung SDI,,,
018260.KS,Samsung SDS,,,
016360.KS,Samsung Securities,,,
003230.KS,Samyang Foods,,,
137310.KS,SD Biosensor,,,
001430.KS,Seah Besteel,,,
003030.KS,Seah Steel Holdings,,,
055550.KS,Shinhan Financial,,,
004170.KS,Shinsegae,,,
034730.KS,SK,,,
326030.KS,SK Biopharm,,,
302440.KS,SK Bioscience,,,
285130.KS,SK Chemicals,,,
000660.KS,SK Hynix,,,
361610.KS,SK IE Technology,,,
096770.KS,SK Innovation,,,
402340.KS,SK Square,,,
017670.KS,SK Telecom,,,
011790.KS,SKC,,,
005850.KS,SL,,,
010950.KS,S-Oil,,,
003240.KS,Taekwang Industrial,,,
001440.KS,Taihan Cable & Solution,,,
069260.KS,TKG Huchems,,,
316140.KS,Woori Financial,,,
008730.KS,Youlchon Chemical,,,
000670.KS,Young Poong,,,
111770.KS,Youngone,,,
009970.KS,Youngone Holdings,,,
000100.KS,Yuhan,,,
360.AX,Life360,,,
4DX.AX,4DMedical,,,
A2M.AX,a2 Milk Company,,,
AAI.AX,Alcoa,,,
AFI.AX,Australian Foundation Investment Company,,,
AGL.AX,AGL Energy,,,
AIA.AX,Auckland International Airport Limited,,,
ALD.AX,Ampol,,,
ALK.AX,Alkane Resources,,,
ALL.AX,Aristocrat Leisure,,,
ALQ.AX,ALS,,,
ALX.AX,Atlas Arteria,,,
AMC.AX,Amcor,,,
AMP.AX,AMP,,,
ANN.AX,Ansell,,,
ANZ.AX,Australia & New Zealand Banking Group,,,
APA.AX,APA Group,,,
APE.AX,Eagers Automotive,,,
ARB.AX,ARB Corporation,,,
ARG.AX,Argo Investments,,,
ASB.AX,Austal,,,
ASK.AX,Abacus Storage King,,,
ASX.AX,ASX,,,
AUB.AX,AUB Group,,,
AZJ.AX,Aurizon,,,
BEN.AX,Bendigo & Adelaide Bank,,,
BFL.AX,BSP Financial Group,,,
BGA.AX,Bega Cheese,,,
BGL.AX,Bellevue Gold,,,
BHP.AX,BHP,,,
BOQ.AX,Bank of Queensland,,,
BPT.AX,Beach Energy,,,
BRG.AX,Breville Group,,,
BSL.AX,BlueScope,,,
BWP.AX,BWP Trust,,,
BXB.AX,Brambles,,,
CAR.AX,CAR Group,,,
CBA.AX,Commonwealth Bank,,,
CDA.AX,Codan,,,
CEN.AX,Contact Energy,,,
CGF.AX,Challenger,,,
CHC.AX,Charter Hall,,,
CIA.AX,Champion Iron,,,
CIP.AX,Centuria Industrial REIT,,,
CLW.AX,Charter Hall Long WALE REIT,,,
CMM.AX,Capricorn Metals,,,
CNU.AX,Chorus,,,
COH.AX,Cochlear,,,
COL.AX,Coles Group,,,
CPU.AX,Computershare,,,
CQR.AX,Charter Hall Retail REIT,,,
CSC.AX,Capstone Copper,,,
CSL.AX,CSL,,,
CTD.AX,Corporate Travel Management,,,
CWY.AX,Cleanaway,,,
CYL.AX,Catalyst Metals,,,
DBI.AX,Dalrymple Bay Infrastructure,,,
DNL.AX,Dyno Nobel,,,
DOW.AX,Downer Group,,,
DRO.AX,Droneshield,,,
DRR.AX,Deterra Royalties,,,
DXS.AX,Dexus,,,
DYL.AX,Deep Yellow,,,
EBO.AX,EBOS Group,,,
EDV.AX,Endeavour Group,,,
EMR.AX,Emerald Resources,,,
EOS.AX,Electro Optic Systems Holdings,,,
EVN.AX,Evolution Mining,,,
EVT.AX,EVT,,,
FBU.AX,Fletcher Building,,,
FLT.AX,Flight Centre Travel Group,,,
FMG.AX,Fortescue,,,
FPH.AX,Fisher & Paykel Healthcare,,,
FRW.AX,Freightways Group,,,
GDG.AX,Generation Development Group,,,
GGP.AX,Greatland Resources,,,
GMD.AX,Genesis Minerals,,,
GMG.AX,Goodman Group,,,
GNE.AX,Genesis Energy,,,
GPT.AX,GPT Group,,,
GQG.AX,GQG Partners,,,
HDN.AX,HomeCo Daily Needs REIT,,,
HUB.AX,HUB24,,,
HVN.AX,Harvey Norman,,,
IAG.AX,Insurance Australia Group,,,
IFL.AX,Insignia Financial,,,
IFT.AX,Infratil,,,
IGO.AX,IGO,,,
ILU.AX,Iluka Resources,,,
IMD.AX,IMDEX,,,
JBH.AX,JB Hi-Fi,,,
JHX.AX,James Hardie,,,
L1G.AX,L1 Group,,,
LLC.AX,Lendlease,,,
LNW.AX,Light & Wonder,,,
LOV.AX,Lovisa,,,
LSF.AX,L1 Long Short Fund,,,
LTR.AX,Liontown Resources,,,
LYC.AX,Lynas Rare Earths,,,
MCY.AX,Mercury NZ,,,
MEZ.AX,Meridian Energy,,,
MFF.AX,MFF Capital Investments,,,
MFG.AX,Magellan Financial Group,,,
MGR.AX,Mirvac,,,
MIN.AX,Mineral Resources,,,
MND.AX,Monadelphous Group,,,
MPL.AX,Medibank,,,
MQG.AX,Macquarie Group,,,
MSB.AX,Mesoblast,,,
MTS.AX,Metcash,,,
MXT.AX,Metrics Master Income Trust,,,
NAB.AX,National Australia Bank,,,
NEM.AX,Newmont,,,
NHC.AX,New Hope,,,
NHF.AX,Nib,,,
NIC.AX,Nickel Industries,,,
NSR.AX,National Storage,,,
NST.AX,Northern Star Resources,,,
NWH.AX,NRW Holdings,,,
NWL.AX,Netwealth Group,,,
NWS.AX,News Corp Class B,,,
NXG.AX,Nexgen Energy,,,
NXT.AX,NextDC,,,
OBM.AX,Ora Banda Mining,,,
ORA.AX,Orora,,,
ORG.AX,Origin Energy,,,
ORI.AX,Orica,,,
PDI.AX,Predictive Discovery,,,
PDN.AX,Paladin Energy,,,
PLS.AX,PLS Group,,,
PME.AX,Pro Medicus,,,
PMV.AX,Premier Investments,,,
PNI.AX,Pinnacle Investment Management,,,
PPT.AX,Perpetual,,,
PRN.AX,Perenti,,,
PRU.AX,Perseus Mining,,,
PXA.AX,Pexa Group,,,
QAN.AX,Qantas,,,
QBE.AX,QBE Insurance,,,
QUB.AX,Qube Holdings,,,
RDX.AX,Redox,,,
REA.AX,REA Group,,,
REG.AX,Regis Healthcare,,,
REH.AX,Reece Group,,,
RGN.AX,Region Group,,,
RHC.AX,Ramsay Health Care,,,
RIO.AX,Rio Tinto,,,
RMD.AX,ResMed,,,
RMS.AX,Ramelius Resources,,,
RRL.AX,Regis Resources,,,
RSG.AX,Resolute Mining,,,
RWC.AX,Reliance Worldwide Corporation,,,
RYM.AX,Ryman Healthcare,,,
S32.AX,South32,,,
SCG.AX,Scentre Group,,,
SDF.AX,Steadfast Group,,,
SEK.AX,Seek,,,
SFR.AX,Sandfire Resources,,,
SGH.AX,SGH,,,
SGM.AX,Sims Metal,,,
SGP.AX,Stockland,,,
SHL.AX,Sonic Healthcare,,,
SIG.AX,Sigma Healthcare,,,
SMR.AX,Stanmore Resources,,,
SNZ.AX,Summerset Group Holdings,,,
SOL.AX,Soul Patts,,,
SPK.AX,Spark New Zealand,,,
STO.AX,Santos,,,
SUL.AX,Super Retail Group,,,
SUN.AX,Suncorp,,,
TAH.AX,Tabcorp,,,
TCL.AX,Transurban,,,
TLC.AX,The Lottery Corporation,,,
TLS.AX,Telstra,,,
TLX.AX,Telix Pharmaceuticals,,,
TNE.AX,TechnologyOne,,,
TPG.AX,TPG Telecom,,,
TUA.AX,Tuas,,,
TWE.AX,Treasury Wine Estates,,,
VAU.AX,Vault Minerals,,,
VCX.AX,Vicinity Centres,,,
VEA.AX,Viva Energy,,,
VGN.AX,Virgin Australia Holdings,,,
VNT.AX,Ventia Services Group,,,
WAF.AX,West African Resources,,,
WAM.AX,WAM Capital,,,
WBC.AX,Westpac,,,
WDS.AX,Woodside Energy Group,,,
WES.AX,Wesfarmers,,,
WGX.AX,Westgold Resources,,,
WHC.AX,Whitehaven Coal,,,
WLE.AX,WAM Leaders,,,
WOR.AX,Worley,,,
WOW.AX,Woolworths Group,,,
WTC.AX,Wisetech Global,,,
XRO.AX,Xero,,,
XYX.AX,"Block, Inc.",,,
YAL.AX,Yancoal Australia,,,
ZIM.AX,Zimplats Holdings,,,
ZIP.AX,Zip,,,
ADANIENT.NS,Adani Enterprises,,,
ADANIPORTS.NS,Adani Ports & SEZ,,,
APOLLOHOSP.NS,Apollo Hospitals,,,
ASIANPAINT.NS,Asian Paints,,,
AXISBANK.NS,Axis Bank,,,
BAJAJ-AUTO.NS,Bajaj Auto,,,
BAJFINANCE.NS,Bajaj Finance,,,
BAJAJFINSV.NS,Bajaj Finserv,,,
BEL.NS,Bharat Electronics,,,
BHARTIARTL.NS,Bharti Airtel,,,
CIPLA.NS,Cipla,,,
COALINDIA.NS,Coal India,,,
DRREDDY.NS,Dr. Reddy's Laboratories,,,
EICHERMOT.NS,Eicher Motors,,,
ETERNAL.NS,Eternal,,,
GRASIM.NS,Grasim Industries,,,
HCLTECH.NS,HCLTech,,,
HDFCBANK.NS,HDFC Bank,,,
HDFCLIFE.NS,HDFC Life,,,
HINDALCO.NS,Hindalco Industries,,,
HINDUNILVR.NS,Hindustan Unilever,,,
ICICIBANK.NS,ICICI Bank,,,
INDIGO.NS,IndiGo,,,
INFY.NS,Infosys,,,
ITC.NS,ITC,,,
JIOFIN.NS,Jio Financial Services,,,
JSWSTEEL.NS,JSW Steel,,,
KOTAKBANK.NS,Kotak Mahindra Bank,,,
LT.NS,Larsen & Toubro,,,
M&M.NS,Mahindra & Mahindra,,,
MARUTI.NS,Maruti Suzuki,,,
MAXHEALTH.NS,Max Healthcare,,,
NESTLEIND.NS,Nestlé India,,,
NTPC.NS,NTPC,,,
ONGC.NS,Oil and Natural Gas Corporation,,,
POWERGRID.NS,Power Grid,,,
RELIANCE.NS,Reliance Industries,,,
SBILIFE.NS,SBI Life Insurance Company,,,
SHRIRAMFIN.NS,Shriram Finance,,,
SBIN.NS,State Bank of India,,,
SUNPHARMA.NS,Sun Pharma,,,
TCS.NS,Tata Consultancy Services,,,
TATACONSUM.NS,Tata Consumer Products,,,
TMPV.NS,Tata Motors Passenger Vehicles,,,
TATASTEEL.NS,Tata Steel,,,
TECHM.NS,Tech Mahindra,,,
TITAN.NS,Titan Company,,,
TRENT.NS,Trent,,,
ULTRACEMCO.NS,UltraTech Cement,,,
WIPRO.NS,Wipro,,,
ADANIPORTS.BO,Adani Ports & SEZ,,,
ASIANPAINT.BO,Asian Paints,,,
AXISBANK.BO,Axis Bank,,,
BAJFINANCE.BO,Bajaj Finance,,,
BAJAJFINSV.BO,Bajaj Finserv,,,
BEL.BO,Bharat Electronics,,,
BHARTIARTL.BO,Bharti Airtel,,,
ETERNAL.BO,Eternal,,,
HCLTECH.BO,HCLTech,,,
HDFCBANK.BO,HDFC Bank,,,
HINDUNILVR.BO,Hindustan Unilever,,,
ICICIBANK.BO,ICICI Bank,,,
INDIGO.BO,IndiGo,,,
INFY.BO,Infosys,,,
ITC.BO,ITC,,,
KOTAKBANK.BO,Kotak Mahindra Bank,,,
LT.BO,Larsen & Toubro,,,
M&M.BO,Mahindra & Mahindra,,,
MARUTI.BO,Maruti Suzuki,,,
NTPC.BO,NTPC,,,
POWERGRID.BO,Power Grid,,,
RELIANCE.BO,Reliance Industries,,,
SBIN.BO,State Bank of India,,,
SUNPHARMA.BO,Sun Pharma,,,
TCS.BO,Tata Consultancy Services,,,
TATASTEEL.BO,Tata Steel,,,
TECHM.BO,Tech Mahindra,,,
TITAN.BO,Titan Company,,,
TRENT.BO,Trent,,,
ULTRACEMCO.BO,UltraTech Cement,,,
1332.T,ニッスイ,,,
1333.T,Ｕｍｉｏｓ,,,
1414.T,ショーボンドホールディングス,,,
1417.T,ミライト・ワン,,,
1605.T,ＩＮＰＥＸ,,,
1719.T,安藤・間,,,
1721.T,コムシスホールディングス,,,
1801.T,大成建設,,,
1802.T,大林組,,,
1803.T,清水建設,,,
1808.T,長谷工コーポレーション,,,
1812.T,鹿島建設,,,
1820.T,西松建設,,,
1860.T,戸田建設,,,
1878.T,大東建託,,,
1893.T,五洋建設,,,
1911.T,住友林業,,,
1925.T,大和ハウス工業,,,
1928.T,積水ハウス,,,
1942.T,関電工,,,
1944.T,きんでん,,,
1951.T,エクシオグループ,,,
1959.T,クラフティア,,,
1963.T,日揮ホールディングス,,,
1969.T,高砂熱学工業,,,
2002.T,日清製粉グループ本社,,,
2127.T,日本Ｍ＆Ａセンターホールディングス,,,
2181.T,パーソルホールディングス,,,
2201.T,森永製菓,,,
2206.T,江崎グリコ,,,
2212.T,山崎製パン,,,
2222.T,寿スピリッツ,,,
2229.T,カルビー,,,
2264.T,森永乳業,,,
2267.T,ヤクルト本社,,,
2269.T,明治ホールディングス,,,
2282.T,日本ハム,,,
2327.T,日鉄ソリューションズ,,,
2331.T,ＡＬＳＯＫ,,,
2371.T,カカクコム,,,
2413.T,エムスリー,,,
2432.T,ディー・エヌ・エー,,,
2433.T,博報堂ＤＹホールディングス,,,
2501.T,サッポロビール,,,
2502.T,アサヒグループホールディングス,,,
2503.T,キリンホールディングス,,,
2531.T,宝ホールディングス,,,
2579.T,コカ・コーラ　ボトラーズジャパンホールディングス,,,
2587.T,サントリービバレッジ＆フード,,,
2593.T,伊藤園,,,
2607.T,不二製油,,,
2670.T,エービーシー・マート,,,
2768.T,双日,,,
2784.T,アルフレッサ　ホールディングス,,,
2801.T,キッコーマン,,,
2802.T,味の素,,,
2809.T,キユーピー,,,
2810.T,ハウス食品グループ本社,,,
2811.T,カゴメ,,,
285A.T,キオクシアホールディングス,,,
2871.T,ニチレイ,,,
2875.T,東洋水産,,,
2897.T,日清食品ホールディングス,,,
2914.T,日本たばこ産業,,,
3003.T,ヒューリック,,,
3038.T,神戸物産,,,
3048.T,ビックカメラ,,,
3064.T,ＭｏｎｏｔａＲＯ,,,
3086.T,Ｊ．フロント　リテイリング,,,
3088.T,マツキヨココカラ＆カンパニー,,,
3092.T,ＺＯＺＯ,,,
3099.T,三越伊勢丹ホールディングス,,,
3105.T,日清紡ホールディングス,,,
3107.T,ダイワボウホールディングス,,,
3116.T,トヨタ紡織,,,
3132.T,マクニカホールディングス,,,
3197.T,すかいらーくホールディングス,,,
3231.T,野村不動産ホールディングス,,,
3288.T,オープンハウスグループ,,,
3289.T,東急不動産ホールディングス,,,
3291.T,飯田グループホールディングス,,,
3349.T,コスモス薬品,,,
3360.T,シップヘルスケアホールディングス,,,
3382.T,セブン＆アイ・ホールディングス,,,
3391.T,ツルハホールディングス,,,
3397.T,トリドールホールディングス,,,
3401.T,帝人,,,
3402.T,東レ,,,
3405.T,クラレ,,,
3407.T,旭化成,,,
3436.T,ＳＵＭＣＯ,,,
3563.T,ＦＯＯＤ　＆　ＬＩＦＥ　ＣＯＭＰＡＮＩＥＳ,,,
3591.T,ワコールホールディングス,,,
3626.T,ＴＩＳＩ,,,
3635.T,コーエーテクモホールディングス,,,
3659.T,ネクソン,,,
3697.T,ＳＨＩＦＴ,,,
3769.T,ＧＭＯペイメントゲートウェイ,,,
3774.T,インターネットイニシアティブ,,,
3861.T,王子ホールディングス,,,
3923.T,ラクス,,,
3941.T,レンゴー,,,
3994.T,マネーフォワード,,,
4004.T,レゾナック・ホールディングス,,,
4005.T,住友化学,,,
4021.T,日産化学,,,
4042.T,東ソー,,,
4043.T,トクヤマ,,,
4045.T,東亞合成,,,
4061.T,デンカ,,,
4062.T,イビデン,,,
4063.T,信越化学工業,,,
4091.T,日本酸素ホールディングス,,,
4114.T,日本触媒,,,
4118.T,カネカ,,,
4151.T,協和キリン,,,
417A.T,ブルーゾーンホールディングス,,,
4182.T,三菱瓦斯化学,,,
4183.T,三井化学,,,
4186.T,東京応化工業,,,
4188.T,三菱ケミカルグループ,,,
4194.T,ビジョナル,,,
4202.T,ダイセル,,,
4203.T,住友ベークライト,,,
4204.T,積水化学工業,,,
4205.T,日本ゼオン,,,
4206.T,アイカ工業,,,
4208.T,ＵＢＥ,,,
4272.T,日本化薬,,,
4307.T,野村総合研究所,,,
4324.T,電通グループ,,,
4385.T,メルカリ,,,
4401.T,ＡＤＥＫＡ,,,
4403.T,日油,,,
4452.T,花王,,,
4502.T,武田薬品工業,,,
4503.T,アステラス製薬,,,
4506.T,住友ファーマ,,,
4507.T,塩野義製薬,,,
4516.T,日本新薬,,,
4519.T,中外製薬,,,
4523.T,エーザイ,,,
4527.T,ロート製薬,,,
4528.T,小野薬品工業,,,
4536.T,参天製薬,,,
4540.T,ツムラ,,,
4543.T,テルモ,,,
4544.T,Ｈ．Ｕ．グループホールディングス,,,
4568.T,第一三共,,,
4578.T,大塚ホールディングス,,,
4587.T,ペプチドリーム,,,
4612.T,日本ペイントホールディングス,,,
4613.T,関西ペイント,,,
4626.T,太陽ホールディングス,,,
4631.T,ＤＩＣ,,,
4661.T,オリエンタルランド,,,
4665.T,ダスキン,,,
4666.T,パーク２４,,,
4676.T,フジ・メディア・ホールディングス,,,
4680.T,ラウンドワン,,,
4681.T,リゾートトラスト,,,
4684.T,オービック,,,
4689.T,ＬＩＮＥヤフー,,,
4704.T,トレンドマイクロ,,,
4732.T,ユー・エス・エス,,,
4733.T,オービックビジネスコンサルタント,,,
4751.T,サイバーエージェント,,,
4755.T,楽天グループ,,,
4768.T,大塚商会,,,
4887.T,サワイグループホールディングス,,,
4901.T,富士フイルムホールディングス,,,
4902.T,コニカミノルタ,,,
4911.T,資生堂,,,
4912.T,ライオン,,,
4922.T,コーセーホールディングス,,,
4927.T,ポーラ・オルビスホールディングス,,,
4967.T,小林製薬,,,
4980.T,デクセリアルズ,,,
5016.T,ＪＸ金属,,,
5019.T,出光興産,,,
5020.T,ＥＮＥＯＳホールディングス,,,
5021.T,コスモエネルギーホールディングス,,,
5076.T,インフロニア・ホールディングス,,,
5101.T,横浜ゴム,,,
5105.T,ＴＯＹＯ　ＴＩＲＥ,,,
5108.T,ブリヂストン,,,
5110.T,住友ゴム工業,,,
5201.T,ＡＧＣ,,,
5214.T,日本電気硝子,,,
5232.T,住友大阪セメント,,,
5233.T,太平洋セメント,,,
5301.T,東海カーボン,,,
5332.T,ＴＯＴＯ,,,
5333.T,ＮＧＫ,,,
5334.T,日本特殊陶業,,,
5344.T,ＭＡＲＵＷＡ,,,
5393.T,ニチアス,,,
5401.T,日本製鉄,,,
5406.T,神戸製鋼所,,,
5411.T,ＪＦＥホールディングス,,,
5444.T,大和工業,,,
5463.T,丸一鋼管,,,
5471.T,大同特殊鋼,,,
5631.T,日本製鋼所,,,
5706.T,三井金属,,,
5711.T,三菱マテリアル,,,
5713.T,住友金属鉱山,,,
5714.T,ＤＯＷＡホールディングス,,,
5801.T,古河電気工業,,,
5802.T,住友電気工業,,,
5803.T,フジクラ,,,
5830.T,いよぎんホールディングス,,,
5831.T,しずおかフィナンシャルグループ,,,
5832.T,ちゅうぎんフィナンシャルグループ,,,
5838.T,楽天銀行,,,
5844.T,京都フィナンシャルグループ,,,
5901.T,東洋製罐グループホールディングス,,,
5929.T,三和ホールディングス,,,
5938.T,ＬＩＸＩＬ,,,
5947.T,リンナイ,,,
5991.T,日本発條,,,
6005.T,三浦工業,,,
6098.T,リクルートホールディングス,,,
6113.T,アマダ,,,
6134.T,ＦＵＪＩ,,,
6136.T,オーエスジー,,,
6141.T,ＤＭＧ森精機,,,
6146.T,ディスコ,,,
6178.T,日本郵政,,,
6268.T,ナブテスコ,,,
6269.T,三井海洋開発,,,
6273.T,ＳＭＣ,,,
6301.T,小松製作所,,,
6302.T,住友重機械工業,,,
6305.T,日立建機,,,
6323.T,ローツェ,,,
6326.T,クボタ,,,
6361.T,荏原製作所,,,
6367.T,ダイキン工業,,,
6368.T,オルガノ,,,
6370.T,栗田工業,,,
6383.T,ダイフク,,,
6417.T,ＳＡＮＫＹＯ,,,
6436.T,アマノ,,,
6448.T,ブラザー工業,,,
6457.T,グローリー,,,
6460.T,セガサミーホールディングス,,,
6465.T,ホシザキ,,,
6471.T,日本精工,,,
6472.T,ＮＴＮ,,,
6473.T,ジェイテクト,,,
6479.T,ミネベアミツミ,,,
6481.T,ＴＨＫ,,,
6501.T,日立製作所,,,
6503.T,三菱電機,,,
6504.T,富士電機,,,
6506.T,安川電機,,,
6525.T,ＫＯＫＵＳＡＩ　ＥＬＥＣＴＲＩＣ,,,
6526.T,ソシオネクスト,,,
6532.T,ベイカレント,,,
6544.T,ジャパンエレベーターサービスホールディングス,,,
6586.T,マキタ,,,
6592.T,マブチモーター,,,
6632.T,ＪＶＣケンウッド,,,
6645.T,オムロン,,,
6674.T,ジーエス・ユアサ　コーポレーション,,,
6701.T,日本電気,,,
6702.T,富士通,,,
6707.T,サンケン電気,,,
6723.T,ルネサスエレクトロニクス,,,
6724.T,セイコーエプソン,,,
6728.T,アルバック,,,
6752.T,パナソニック　ホールディングス,,,
6753.T,シャープ,,,
6754.T,アンリツ,,,
6758.T,ソニーグループ,,,
6762.T,ＴＤＫ,,,
6770.T,アルプスアルパイン,,,
6806.T,ヒロセ電機,,,
6841.T,横河電機,,,
6845.T,アズビル,,,
6849.T,日本光電工業,,,
6856.T,堀場製作所,,,
6857.T,アドバンテスト,,,
6861.T,キーエンス,,,
6869.T,シスメックス,,,
6902.T,デンソー,,,
6920.T,レーザーテック,,,
6923.T,スタンレー電気,,,
6925.T,ウシオ電機,,,
6951.T,日本電子,,,
6952.T,カシオ計算機,,,
6954.T,ファナック,,,
6963.T,ローム,,,
6965.T,浜松ホトニクス,,,
6971.T,京セラ,,,
6976.T,太陽誘電,,,
6981.T,村田製作所,,,
6988.T,日東電工,,,
7003.T,三井Ｅ＆Ｓ,,,
7011.T,三菱重工業,,,
7012.T,川崎重工業,,,
7013.T,ＩＨＩ,,,
7164.T,全国保証,,,
7167.T,めぶきフィナンシャルグループ,,,
7180.T,九州フィナンシャルグループ,,,
7181.T,かんぽ生命保険,,,
7182.T,ゆうちょ銀行,,,
7186.T,横浜フィナンシャルグループ,,,
7189.T,西日本フィナンシャルホールディングス,,,
7201.T,日産自動車,,,
7202.T,いすゞ自動車,,,
7203.T,トヨタ自動車,,,
7211.T,三菱自動車工業,,,
7240.T,ＮＯＫ,,,
7259.T,アイシン,,,
7261.T,マツダ,,,
7267.T,本田技研工業,,,
7269.T,スズキ,,,
7270.T,ＳＵＢＡＲＵ,,,
7272.T,ヤマハ発動機,,,
7276.T,小糸製作所,,,
7282.T,豊田合成,,,
7309.T,シマノ,,,
7313.T,テイ・エス　テック,,,
7337.T,ひろぎんホールディングス,,,
7453.T,良品計画,,,
7458.T,第一興商,,,
7459.T,メディパルホールディングス,,,
7476.T,アズワン,,,
7532.T,パン・パシフィック・インターナショナルホールディングス,,,
7550.T,ゼンショーホールディングス,,,
7616.T,コロワイド,,,
7649.T,スギホールディングス,,,
7701.T,島津製作所,,,
7729.T,東京精密,,,
7731.T,ニコン,,,
7733.T,オリンパス,,,
7735.T,ＳＣＲＥＥＮホールディングス,,,
7741.T,ＨＯＹＡ,,,
7747.T,朝日インテック,,,
7751.T,キヤノン,,,
7752.T,リコー,,,
7832.T,バンダイナムコホールディングス,,,
7846.T,パイロットコーポレーション,,,
7867.T,タカラトミー,,,
7911.T,ＴＯＰＰＡＮホールディングス,,,
7912.T,大日本印刷,,,
7936.T,アシックス,,,
7951.T,ヤマハ,,,
7956.T,ピジョン,,,
7974.T,任天堂,,,
7984.T,コクヨ,,,
7988.T,ニフコ,,,
8001.T,伊藤忠商事,,,
8002.T,丸紅,,,
8012.T,長瀬産業,,,
8015.T,豊田通商,,,
8020.T,兼松,,,
8031.T,三井物産,,,
8035.T,東京エレクトロン,,,
8053.T,住友商事,,,
8056.T,ＢＩＰＲＯＧＹ,,,
8058.T,三菱商事,,,
8060.T,キヤノンマーケティングジャパン,,,
8086.T,ニプロ,,,
8088.T,岩谷産業,,,
8111.T,ゴールドウイン,,,
8113.T,ユニ・チャーム,,,
8129.T,東邦ホールディングス,,,
8136.T,サンリオ,,,
8174.T,日本瓦斯,,,
8227.T,しまむら,,,
8233.T,高島屋,,,
8242.T,エイチ・ツー・オー　リテイリング,,,
8252.T,丸井グループ,,,
8253.T,クレディセゾン,,,
8267.T,イオン,,,
8282.T,ケーズホールディングス,,,
8303.T,ＳＢＩ新生銀行,,,
8304.T,あおぞら銀行,,,
8306.T,三菱ＵＦＪフィナンシャル・グループ,,,
8308.T,りそなホールディングス,,,
8309.T,三井住友トラストグループ,,,
8316.T,三井住友フィナンシャルグループ,,,
8331.T,千葉銀行,,,
8334.T,群馬銀行,,,
8341.T,七十七銀行,,,
8354.T,ふくおかフィナンシャルグループ,,,
8359.T,八十二長野銀行,,,
8377.T,ほくほくフィナンシャルグループ,,,
8410.T,セブン銀行,,,
8411.T,みずほフィナンシャルグループ,,,
8418.T,山口フィナンシャルグループ,,,
8424.T,芙蓉総合リース,,,
8439.T,東京センチュリー,,,
8473.T,ＳＢＩホールディングス,,,
8570.T,イオンフィナンシャルサービス,,,
8591.T,オリックス,,,
8593.T,三菱ＨＣキャピタル,,,
8595.T,ジャフコ　グループ,,,
8601.T,大和証券グループ本社,,,
8604.T,野村ホールディングス,,,
8630.T,ＳＯＭＰＯホールディングス,,,
8697.T,日本取引所グループ,,,
8725.T,ＭＳ＆ＡＤインシュアランスグループホールディングス,,,
8729.T,ソニーフィナンシャルグループ,,,
8750.T,第一ライフグループ,,,
8766.T,東京海上ホールディングス,,,
8795.T,Ｔ＆Ｄホールディングス,,,
8801.T,三井不動産,,,
8802.T,三菱地所,,,
8804.T,東京建物,,,
8830.T,住友不動産,,,
8876.T,リログループ,,,
9001.T,東武鉄道,,,
9003.T,相鉄ホールディングス,,,
9005.T,東急,,,
9006.T,京浜急行電鉄,,,
9007.T,小田急電鉄,,,
9008.T,京王電鉄,,,
9009.T,京成電鉄,,,
9020.T,東日本旅客鉄道,,,
9021.T,西日本旅客鉄道,,,
9022.T,東海旅客鉄道,,,
9023.T,東京地下鉄,,,
9024.T,西武ホールディングス,,,
9031.T,西日本鉄道,,,
9041.T,近鉄グループホールディングス,,,
9042.T,阪急阪神ホールディングス,,,
9044.T,ＮＡＮＫＡＩ,,,
9045.T,京阪ホールディングス,,,
9048.T,名古屋鉄道,,,
9064.T,ヤマトホールディングス,,,
9065.T,山九,,,
9069.T,センコーグループホールディングス,,,
9072.T,ニッコンホールディングス,,,
9076.T,セイノーホールディングス,,,
9101.T,日本郵船,,,
9104.T,商船三井,,,
9107.T,川崎汽船,,,
9142.T,九州旅客鉄道,,,
9143.T,ＳＧホールディングス,,,
9147.T,ＮＩＰＰＯＮ　ＥＸＰＲＥＳＳホールディングス,,,
9201.T,日本航空,,,
9202.T,ＡＮＡホールディングス,,,
9301.T,三菱倉庫,,,
9302.T,三井倉庫ホールディングス,,,
9364.T,上組,,,
9401.T,ＴＢＳホールディングス,,,
9404.T,日本テレビホールディングス,,,
9432.T,ＮＴＴ,,,
9433.T,ＫＤＤＩ,,,
9434.T,ソフトバンク,,,
9435.T,光通信,,,
9449.T,ＧＭＯインターネットグループ,,,
9468.T,ＫＡＤＯＫＡＷＡ,,,
9501.T,東京電力ホールディングス,,,
9502.T,中部電力,,,
9503.T,関西電力,,,
9504.T,中国電力,,,
9505.T,北陸電力,,,
9506.T,東北電力,,,
9507.T,四国電力,,,
9508.T,九州電力,,,
9509.T,北海道電力,,,
9513.T,電源開発,,,
9531.T,東京瓦斯,,,
9532.T,大阪瓦斯,,,
9533.T,東邦瓦斯,,,
9602.T,東宝,,,
9616.T,共立メンテナンス,,,
9627.T,アインホールディングス,,,
9684.T,スクウェア・エニックス・ホールディングス,,,
9697.T,カプコン,,,
9706.T,日本空港ビルデング,,,
9735.T,セコム,,,
9744.T,メイテックグループホールディングス,,,
9759.T,ＮＳＤ,,,
9766.T,コナミグループ,,,
9831.T,ヤマダホールディングス,,,
9843.T,ニトリホールディングス,,,
9861.T,吉野家ホールディングス,,,
9934.T,因幡電機産業,,,
9962.T,ミスミグループ本社,,,
9983.T,ファーストリテイリング,,,
9984.T,ソフトバンクグループ,,,
9987.T,スズケン,,,
9989.T,サンドラッグ,,,
1101.TW,TCC,,,
1102.TW,ACC,,,
1103.TW,CHC,,,
1104.TW,UCC,,,
1108.TW,LUCKY CEMENT,,,
1109.TW,HsingTa,,,
1110.TW,SE CEMENT,,,
1201.TW,WEI CHUAN,,,
1203.TW,VE WONG,,,
1210.TW,GREATWALL,,,
1213.TW,OCEANIC Bev.,,,
1215.TW,CPE,,,
1216.TW,UNI-PRESIDENT,,,
1217.TW,AGV,,,
1218.TW,TAISUN,,,
1219.TW,FWUSOW,,,
1220.TW,TAIROUN,,,
1225.TW,FOPCO,,,
1227.TW,SFC,,,
1229.TW,LHIHC,,,
1231.TW,Lian Hwa Foods,,,
1232.TW,TTET,,,
1233.TW,Ten Ren,,,
1234.TW,HEY SONG,,,
1235.TW,ST,,,
1236.TW,Hunya,,,
1256.TW,Sunjuice,,,
1301.TW,FPC,,,
1303.TW,NPC,,,
1304.TW,USI,,,
1305.TW,CGPC,,,
1307.TW,SAN FANG,,,
1308.TW,APC,,,
1309.TW,TTC,,,
1310.TW,T.S.M.C.,,,
1312.TW,GPPC,,,
1313.TW,UPC,,,
1314.TW,CPDC,,,
1315.TW,TAH HSIN,,,
1316.TW,SUN  YAD,,,
1319.TW,TYG,,,
1321.TW,OPC,,,
1323.TW,YONYU,,,
1324.TW,GLOBE TAPE,,,
1325.TW,UK,,,
1326.TW,FCFC,,,
1337.TW,Asia Plastic,,,
1338.TW,Hiroca,,,
1339.TW,Y.C.C.,,,
1340.TW,VICTORY,,,
1341.TW,FULIN-KY,,,
1342.TW,CCI Yilan,,,
1402.TW,FENC,,,
1409.TW,SSFC,,,
1410.TW,NYDF,,,
1413.TW,H.C.,,,
1414.TW,TUNG HO,,,
1416.TW,KFIC,,,
1417.TW,CARNIVAL,,,
1418.TW,TongHwa,,,
1419.TW,SHINKO.TEXTILE,,,
1423.TW,REWARD WOOL,,,
1432.TW,TAROKO,,,
1434.TW,F.T.C,,,
1435.TW,C.F.CORP.,,,
1436.TW,HUA YU LIEN,,,
1437.TW,GTM,,,
1438.TW,SanDi,,,
1439.TW,ASCENT,,,
1440.TW,TAINAN SPINNING,,,
1441.TW,TAH TONG,,,
1442.TW,ADVANCETEK,,,
1443.TW,LILYTEXTILE,,,
1444.TW,LEALEA,,,
1445.TW,UNIVERSAL,,,
1446.TW,HONG HO,,,
1447.TW,LP,,,
1449.TW,CHIA HER,,,
1451.TW,NIEN HSING,,,
1452.TW,HONG YI,,,
1453.TW,TA  JIANG,,,
1454.TW,TTF,,,
1455.TW,ZIG SHENG,,,
1456.TW,I-HWA,,,
1457.TW,YI JINN,,,
1459.TW,LAN FA,,,
1460.TW,EVEREST,,,
1463.TW,CSG,,,
1464.TW,DE LICACY,,,
1465.TW,WISHER,,,
1466.TW,Acelon,,,
1467.TW,TEX-RAY,,,
1468.TW,CHANG HO,,,
1470.TW,EVERTEX,,,
1471.TW,SL,,,
1472.TW,TRIOCEAN,,,
1473.TW,TAINAN,,,
1474.TW,HONMYUE,,,
1475.TW,BIG SUNSHINE,,,
1476.TW,ECLAT,,,
1477.TW,Makalot　　,,,
1503.TW,SEEC,,,
1504.TW,TECO,,,
1506.TW,RIGHT WAY,,,
1512.TW,JL,,,
1513.TW,CHEM,,,
1514.TW,AEC,,,
1515.TW,REXON,,,
1516.TW,FALCON,,,
1517.TW,Lee Chi,,,
1519.TW,FE,,,
1521.TW,TA YIH,,,
1522.TW,TYC,,,
1524.TW,GORDON,,,
1525.TW,KSC,,,
1526.TW,SUNRACE,,,
1527.TW,BASSO,,,
1528.TW,ANDERSON,,,
1529.TW,LUXE,,,
1530.TW,AWEA,,,
1531.TW,KAULIN,,,
1532.TW,CMP,,,
1533.TW,MORE,,,
1535.TW,CEC,,,
1536.TW,HOTA,,,
1537.TW,KUNG LONG,,,
1538.TW,　　JF,,,
1539.TW,GT　　,,,
1540.TW,　ROUNDTOP　,,,
1541.TW,Chang Type,,,
1558.TW,ZENG HSING,,,
1560.TW,KINIK,,,
1563.TW,SAI,,,
1568.TW,T.Y.,,,
1582.TW,SYNCMOLD,,,
1583.TW,GOODWAY,,,
1587.TW,CM,,,
1589.TW,YGG,,,
1590.TW,AIRTAC,,,
1597.TW,cpc,,,
1598.TW,Dyaco,,,
1603.TW,CWCO,,,
1604.TW,SAMPO,,,
1605.TW,WALSIN,,,
1608.TW,HE,,,
1609.TW,TA YA,,,
1611.TW,CE,,,
1612.TW,HONG TAI,,,
1614.TW,Taiwan Sanyo,,,
1615.TW,Dah  San,,,
1616.TW,EVERTOP,,,
1617.TW,JSW,,,
1618.TW,HK,,,
1623.TW,TEWC,,,
1626.TW,AIRMATE,,,
1702.TW,NAMCHOW,,,
1707.TW,GKB,,,
1708.TW,SESODA,,,
1709.TW,FUCC,,,
1710.TW,OUCC,,,
1711.TW,EVERLIGHT,,,
1712.TW,SINON,,,
1713.TW,CCW,,,
1714.TW,HO TUNG,,,
1717.TW,ETERNAL,,,
1718.TW,CMFC,,,
1720.TW,S.C.P.C,,,
1721.TW,SUNKO,,,
1722.TW,TFC,,,
1723.TW,CSCC,,,
1725.TW,YJE,,,
1726.TW,Y.C.P.,,,
1727.TW,CHCIW,,,
1730.TW,FARCENT,,,
1731.TW,Maywufa,,,
1732.TW,Mao Bao,,,
1733.TW,ApexBio,,,
1734.TW,SINPHAR　,,,
1735.TW,　　EMC,,,
1736.TW,JHT　　,,,
1737.TW,Taiyen,,,
1752.TW,NANG KUANG　　,,,
1760.TW,PBF,,,
1762.TW,CCSB,,,
1773.TW,SHINY  CHEMICAL,,,
1776.TW,Headway,,,
1783.TW,MBI,,,
1786.TW,SVBI,,,
1789.TW,SPT,,,
1795.TW,Lotus Pharm,,,
1802.TW,TGI,,,
1805.TW,BLG,,,
1806.TW,CHAMPION,,,
1808.TW,RUN LONG,,,
1809.TW,China Glaze,,,
1810.TW,HCG,,,
1817.TW,SANITAR,,,
1903.TW,Shihlin Paper,,,
1904.TW,Cheng Loong,,,
1905.TW,CHP,,,
1906.TW,Baolong Intl.,,,
1907.TW,YFY,,,
1909.TW,Longchen P&P,,,
2002.TW,CSC,,,
2006.TW,Tung Ho Steel,,,
2007.TW,YH,,,
2008.TW,KHC,,,
2009.TW,FCC,,,
2010.TW,CHUN YUAN STEEL,,,
2012.TW,CHUN YU,,,
2013.TW,CSSC,,,
2014.TW,CHUNG HUNG,,,
2015.TW,FH,,,
2017.TW,Quintain Steel,,,
2020.TW,MAYER PIPE,,,
2022.TW,TYCOONS,,,
2023.TW,YP,,,
2024.TW,CHIH LIEN,,,
2025.TW,CSSSC,,,
2027.TW,TC,,,
2028.TW,WEI CHIH,,,
2029.TW,SYSCO,,,
2030.TW,FROCH,,,
2031.TW,Hkssteel,,,
2032.TW,Sinkang,,,
2033.TW,CHIA TA,,,
2034.TW,YC,,,
2038.TW,HAIKWANG　　,,,
2049.TW,HIWIN,,,
2059.TW,king slide　,,,
2062.TW,SSM,,,
2069.TW,YC,,,
2072.TW,CWP,,,
2101.TW,NK,,,
2102.TW,FEDERAL CORP,,,
2103.TW,TSRC,,,
2104.TW,CSRC,,,
2105.TW,CST,,,
2106.TW,KENDA,,,
2107.TW,FRG,,,
2108.TW,NANTEX,,,
2109.TW,HWA FONG,,,
2114.TW,HYC,,,
2115.TW,LU HAI,,,
2201.TW,YL,,,
2204.TW,CMC,,,
2206.TW,SYM,,,
2207.TW,HOTAI MOTOR,,,
2208.TW,　　CSBC,,,
2211.TW,EGST,,,
2227.TW,YNM,,,
2228.TW,IRF,,,
2231.TW,CUB,,,
2233.TW,TURVO,,,
2236.TW,Patec,,,
2237.TW,RAC,,,
2239.TW,Cayman Engley,,,
2241.TW,Amulaire,,,
2243.TW,HS,,,
2247.TW,PGUM,,,
2248.TW,eLAND,,,
2250.TW,IKKA-KY,,,
2254.TW,COPLUS,,,
2258.TW,Foxtron,,,
2301.TW,LTC,,,
2302.TW,RECTRON,,,
2303.TW,UMC,,,
2305.TW,MII,,,
2308.TW,DELTA,,,
2312.TW,KINPO,,,
2313.TW,COMPEQ,,,
2314.TW,MTI,,,
2316.TW,WUS,,,
2317.TW,HON HAI,,,
2321.TW,TECOM,,,
2323.TW,CMC,,,
2324.TW,Compal,,,
2327.TW,YAGEO,,,
2328.TW,PI,,,
2329.TW,OSE,,,
2330.TW,TSMC,,,
2331.TW,ECS,,,
2332.TW,D-LINK,,,
2337.TW,Macronix,,,
2338.TW,TMC,,,
2340.TW,TASC,,,
2342.TW,MVI,,,
2344.TW,WEC,,,
2345.TW,ACCTON,,,
2347.TW,Synnex,,,
2348.TW,Hiyes,,,
2349.TW,RITEK,,,
2351.TW,SDI,,,
2352.TW,Qisda,,,
2353.TW,ACER,,,
2354.TW,FTC,,,
2355.TW,CHIN-POON,,,
2356.TW,INVENTEC,,,
2357.TW,ASUSTEK,,,
2359.TW,SOLOMON,,,
2360.TW,CHROMA,,,
2362.TW,CLEVO CO.,,,
2363.TW,SiS,,,
2364.TW,Twinhead,,,
2365.TW,KYE,,,
2367.TW,UNITECH,,,
2368.TW,GCE,,,
2369.TW,LPI,,,
2371.TW,TATUNG COMPANY,,,
2373.TW,Aurora,,,
2374.TW,ABILITY,,,
2375.TW,KAIMEI,,,
2376.TW,GIGABYTE,,,
2377.TW,MSI,,,
2379.TW,RT,,,
2380.TW,AVISION,,,
2382.TW,QCI,,,
2383.TW,EMC,,,
2385.TW,CHICONY,,,
2387.TW,SUNREX,,,
2388.TW,VIA,,,
2390.TW,EVERSPRING,,,
2392.TW,FOXLINK,,,
2393.TW,EVERLIGHT,,,
2395.TW,Advantech,,,
2397.TW,DFI Inc.,,,
2399.TW,BIOSTAR,,,
2401.TW,SUNPLUS,,,
2402.TW,ICHIA,,,
2404.TW,UIS,,,
2405.TW,Shuttle,,,
2406.TW,GSC,,,
2408.TW,NTC,,,
2409.TW,AUO,,,
2412.TW,CHT,,,
2413.TW,UMEC,,,
2414.TW,UT,,,
2415.TW,CX TECH,,,
2417.TW,AVERMEDIA,,,
2419.TW,H.T.,,,
2420.TW,ZIPPY,,,
2421.TW,SUNON,,,
2423.TW,GW,,,
2424.TW,LUNG HWA,,,
2425.TW,CHAINTECH,,,
2426.TW,TYNTEK,,,
2427.TW,MDS,,,
2428.TW,THINKING,,,
2429.TW,PWT,,,
2430.TW,TKE,,,
2431.TW,LIEN CHANG,,,
2432.TW,AGT,,,
2433.TW,HUXEN,,,
2434.TW,MOSPEC,,,
2436.TW,Weltrend,,,
2438.TW,ENLIGHT,,,
2439.TW,MERRY,,,
2440.TW,SPACE SHUTTLE,,,
2441.TW,GTK,,,
2442.TW,JEAN,,,
2444.TW,AboCom,,,
2449.TW,KYEC,,,
2450.TW,SENAO,,,
2451.TW,Transcend,,,
2453.TW,SYSCOM,,,
2454.TW,MediaTek,,,
2455.TW,VPEC,,,
2457.TW,PHIHONG,,,
2458.TW,ELAN,,,
2459.TW,AUDIX,,,
2460.TW,GEM,,,
2461.TW,K LASER,,,
2462.TW,LINETEK,,,
2464.TW,Mirle,,,
2465.TW,LEADTEK,,,
2466.TW,COSMO,,,
2467.TW,C SUN,,,
2468.TW,FIS,,,
2471.TW,ARES,,,
2472.TW,LELON,,,
2474.TW,CATCHER,,,
2476.TW,GS,,,
2477.TW,MEILOON,,,
2478.TW,TA-I,,,
2480.TW,STARK,,,
2481.TW,PANJIT,,,
2482.TW,UIC,,,
2483.TW,ECE,,,
2484.TW,SIWARD,,,
2485.TW,ZINWELL,,,
2486.TW,I-CHIUN,,,
2488.TW,HANPIN,,,
2489.TW,AMTRAN,,,
2491.TW,FOCL,,,
2492.TW,WTC,,,
2493.TW,AMPOC,,,
2495.TW,Infortrend,,,
2496.TW,SPC,,,
2497.TW,E-LEAD,,,
2498.TW,HTC,,,
2501.TW,CATHAY RED,,,
2504.TW,GBM,,,
2505.TW,ky,,,
2506.TW,PCC,,,
2509.TW,CHAINQUI,,,
2511.TW,PHD,,,
2514.TW,LONG BON,,,
2515.TW,BES,,,
2516.TW,New Asia,,,
2520.TW,KINDOM,,,
2524.TW,KTC,,,
2527.TW,Hung Ching,,,
2528.TW,CROWELL,,,
2530.TW,DELPHA,,,
2534.TW,HSC,,,
2535.TW,DA-CIN,,,
2536.TW,Hong Pu,,,
2537.TW,WE & WIN,,,
2538.TW,KeeTai,,,
2539.TW,SAKURAD,,,
2540.TW,JSL,,,
2542.TW,Highwealth,,,
2543.TW,HWANG CHANG,,,
2545.TW,HUANG HSIANG,,,
2546.TW,KEDGE,,,
2547.TW,RADIUM,,,
2548.TW,HUAKU　　,,,
2597.TW,REC,,,
2601.TW,FSC,,,
2603.TW,EMC,,,
2605.TW,SNC,,,
2606.TW,U-MING,,,
2607.TW,EITC,,,
2608.TW,Kerry TJ,,,
2609.TW,YMTC,,,
2610.TW,CAL,,,
2611.TW,TSI,,,
2612.TW,CMT,,,
2613.TW,CCTC,,,
2614.TW,EMIC,,,
2615.TW,WANHAI,,,
2616.TW,SLC,,,
2617.TW,TNC,,,
2618.TW,EVAAIR,,,
2630.TW,AACL　　,,,
2633.TW,THSRC,,,
2634.TW,AIDC　　,,,
2636.TW,T3EX,,,
2637.TW,WISDOM,,,
2642.TW,Pelican,,,
2645.TW,EGAT,,,
2646.TW,STARLUX AIR,,,
2701.TW,WANHWA,,,
2702.TW,HG,,,
2704.TW,AMBH,,,
2705.TW,LEOFOO,,,
2706.TW,FIRST HOTEL,,,
2707.TW,GFRT,,,
2712.TW,FGH,,,
2722.TW,Chateau,,,
2723.TW,Gourmet,,,
2727.TW,WOWPRIME,,,
2731.TW,Liontravel,,,
2739.TW,My Humble House,,,
2748.TW,FDC,,,
2753.TW,Bafang,,,
2762.TW,World Gym,,,
2801.TW,CHANG HWA BANK,,,
2812.TW,T.C.C.B.,,,
2816.TW,UNION INS.,,,
2820.TW,CBF,,,
2832.TW,TFMI,,,
2834.TW,TBB,,,
2836.TW,B.O.K,,,
2838.TW,UBOT,,,
2845.TW,FEIB,,,
2849.TW,EnTie Bank,,,
2850.TW,SK Insurance,,,
2851.TW,Central Re,,,
2852.TW,FIRST INS,,,
2855.TW,PSC,,,
2867.TW,Mercuries Life,,,
2880.TW,HNFHC,,,
2881.TW,Fubon Financial,,,
2882.TW,CATHAY FHC,,,
2883.TW,KGI Financial,,,
2884.TW,E.S.F.H,,,
2885.TW,Yuanta Group,,,
2886.TW,MEGA FHC,,,
2887.TW,TS Holdings,,,
2889.TW,IBF,,,
2890.TW,SINOPACHOLDINGS,,,
2891.TW,CTBC HOLDING,,,
2892.TW,FFHC,,,
2897.TW,O-Bank,,,
2901.TW,SHIN SHIN,,,
2903.TW,FEDS,,,
2904.TW,POCS,,,
2905.TW,MERCURIES,,,
2906.TW,Collins,,,
2908.TW,Test Rite,,,
2910.TW,TONLIN,,,
2911.TW,Les enphants,,,
2912.TW,PCSC,,,
2913.TW,TTC,,,
2915.TW,RUENTEX IND.LTD,,,
2923.TW,Sino Horizon,,,
2929.TW,TOPBI,,,
2939.TW,Vitafoss-KY,,,
2945.TW,Simple Mart,,,
3002.TW,AHOKU,,,
3003.TW,KST,,,
3004.TW,NAFCO,,,
3005.TW,Getac,,,
3006.TW,ESMT,,,
3008.TW,LARGAN,,,
3010.TW,WAH LEE,,,
3011.TW,JH,,,
3013.TW,UNEEC,,,
3014.TW,ITE,,,
3015.TW,FSP,,,
3016.TW,EPi,,,
3017.TW,AVC,,,
3018.TW,LUNG MING 　,,,
3019.TW,ASIA　　,,,
3021.TW,WELLTEND　　,,,
3022.TW,IEI,,,
3023.TW,SINBON,,,
3024.TW,ACTION,,,
3025.TW,LOOP,,,
3026.TW,HOLY STONE　,,,
3027.TW,BILLION,,,
3028.TW,ZENITRON,,,
3029.TW,ZERO ONE 　　,,,
3030.TW,TRI　,,,
3031.TW,BRIGHT　,,,
3032.TW,COMPUCASE　　,,,
3033.TW,Weikeng,,,
3034.TW,NOVATEK　,,,
3035.TW,Faraday　,,,
3036.TW,WT　,,,
3037.TW,UNIMICRON,,,
3038.TW,EDT,,,
3040.TW,G.V.,,,
3041.TW,ALi,,,
3042.TW,TXC,,,
3043.TW,PCM,,,
3044.TW,Tripod,,,
3045.TW,TWM,,,
3046.TW,AOPEN,,,
3047.TW,EDIMAX　,,,
3048.TW,EDOM,,,
3049.TW,HannsTouch,,,
3050.TW,U-TECH,,,
3051.TW,Optimax,,,
3052.TW,APEX,,,
3054.TW,LIWANLI,,,
3055.TW,Spirox Corp.,,,
3056.TW,Fu Hua,,,
3057.TW,Promise　　,,,
3058.TW,LEI　　,,,
3059.TW,Altek,,,
3060.TW,MIN AIK,,,
3062.TW,CyberTAN　　,,,
3090.TW,NDB　　,,,
3092.TW,HOTRON　　,,,
3094.TW,DAVICOM　　,,,
3130.TW,104　　,,,
3135.TW,Goldkey Tech.　,,,
3138.TW,Auden,,,
3149.TW,G-TECH　　,,,
3150.TW,SYNCOMM,,,
3164.TW,GenMont　,,,
3167.TW,TA LIANG　　,,,
3168.TW,DATA IMAGE,,,
3189.TW,KINSUS,,,
3209.TW,ALLTEK,,,
3229.TW,CHEER TIME,,,
3231.TW,Wistron,,,
3257.TW,CHAMPION,,,
3266.TW,SUNTY,,,
3296.TW,POWERTECH,,,
3305.TW,SHENMAO,,,
3308.TW,BESTEC,,,
3311.TW,Silitech,,,
3312.TW,GMI,,,
3321.TW,UNIFLEX,,,
3338.TW,TAISOL,,,
3346.TW,Laster Tech,,,
3356.TW,GeoVision,,,
3376.TW,SZS,,,
3380.TW,Alpha,,,
3406.TW,GSEO,,,
3413.TW,Fiti,,,
3416.TW,Winmate,,,
3419.TW,WHAYU,,,
3432.TW,TAI TWUN,,,
3437.TW,AOT,,,
3443.TW,GUC,,,
3447.TW,XAVi,,,
3450.TW,ELASER,,,
3481.TW,INX,,,
3494.TW,HiTi,,,
3501.TW,Well Shin,,,
3504.TW,Young Optics,,,
3515.TW,ASROCK,,,
3518.TW,PT TECH.,,,
3528.TW,ANSTEK,,,
3530.TW,SOI,,,
3532.TW,FST,,,
3533.TW,LOTES,,,
3535.TW,Favite,,,
3543.TW,JOCHU,,,
3545.TW,FocalTech,,,
3550.TW,COPARTNER,,,
3557.TW,JiaWei,,,
3563.TW,MACHVISION,,,
3576.TW,URE,,,
3583.TW,Scientech,,,
3588.TW,LD,,,
3591.TW,EDISON OPTO,,,
3592.TW,Raydium,,,
3593.TW,Logah,,,
3596.TW,Arcadyan,,,
3605.TW,ACES,,,
3607.TW,Coxon,,,
3617.TW,CyberPower,,,
3622.TW,YFO,,,
3645.TW,TMT,,,
3652.TW,Unitech elec.,,,
3653.TW,JENTECH,,,
3661.TW,Alchip,,,
3665.TW,BHI (BizLink),,,
3669.TW,AVer,,,
3673.TW,TPK,,,
3679.TW,Nishoku,,,
3686.TW,Danen,,,
3694.TW,AzureWave,,,
3701.TW,FICG,,,
3702.TW,WPG,,,
3703.TW,CHC,,,
3704.TW,Zyxel Group,,,
3705.TW,Y.S.H.,,,
3706.TW,MHC,,,
3708.TW,Swancor,,,
3711.TW,ASEH,,,
3712.TW,FITH,,,
3714.TW,ENNOSTAR,,,
3715.TW,Dynamic Holding,,,
3716.TW,Cenra Inc.,,,
3717.TW,EOI Holding,,,
4104.TW,EXCELSIOR 　,,,
4106.TW,WELLELL,,,
4108.TW,PhytoHealth,,,
4119.TW,SCI,,,
4133.TW,Abnova,,,
4137.TW,CHLITINA-KY,,,
4142.TW,ADIM,,,
4148.TW,ACBT,,,
4155.TW,OK BIOTECH,,,
4164.TW,CHC,,,
4169.TW,TCM,,,
4178.TW,StemCyte,,,
4190.TW,JDS,,,
4195.TW,Genomics,,,
4306.TW,YC,,,
4414.TW,ROO HSING,,,
4426.TW,LI CHENG,,,
4438.TW,QVE,,,
4439.TW,TST Group,,,
4440.TW,Yi Shin,,,
4441.TW,GGF,,,
4526.TW,TONGTAI,,,
4532.TW,RECHI,,,
4536.TW,TOPKEY,,,
4540.TW,TBI MOTION,,,
4545.TW,MAP,,,
4551.TW,GLOBAL PMX,,,
4552.TW,Lida,,,
4555.TW,CHELIC,,,
4557.TW,Yusin,,,
4560.TW,STRONG H,,,
4562.TW,YHT,,,
4564.TW,MOSA,,,
4566.TW,GLOBAL TEK,,,
4569.TW,Sixxon,,,
4571.TW,KHGEARS,,,
4572.TW,DPI,,,
4576.TW,HMC,,,
4581.TW,WKG,,,
4582.TW,HENGS,,,
4583.TW,APEXDYNA,,,
4585.TW,TRI,,,
4588.TW,Arch Meter,,,
4590.TW,FUKUTA,,,
4720.TW,TEX YEAR　　,,,
4722.TW,QPC,,,
4736.TW,TaiDoc,,,
4737.TW,BIONIME,,,
4739.TW,COREMAX,,,
4746.TW,FRMSL,,,
4755.TW,SAN FU,,,
4763.TW,ACE,,,
4764.TW,DBC,,,
4766.TW,NAN PAO,,,
4770.TW,ASC,,,
4771.TW,VF,,,
4807.TW,RH,,,
4904.TW,Far EasTone　,,,
4906.TW,GEMTEK　,,,
4912.TW,Lemtech-KY,,,
4915.TW,Primax,,,
4916.TW,PARPRO,,,
4919.TW,NTC,,,
4927.TW,Apex,,,
4930.TW,Star  Comgistic,,,
4934.TW,Tainergy,,,
4935.TW,GLT,,,
4938.TW,Pegatron,,,
4942.TW,Chia Chang,,,
4943.TW,CONCRAFT,,,
4949.TW,WIN WIN,,,
4952.TW,Generalplus,,,
4956.TW,Epileds,,,
4958.TW,ZDT,,,
4960.TW,CMMT,,,
4961.TW,FITIPOWER,,,
4967.TW,TEAM,,,
4968.TW,Richwave,,,
4976.TW,Calin,,,
4977.TW,PCL,,,
4989.TW,LCYT,,,
4994.TW,X-LEGEND,,,
4999.TW,Sinher,,,
5007.TW,SAN SHING 　　,,,
5203.TW,CyberLink,,,
5215.TW,KO JA,,,
5222.TW,TRANSCOM,,,
5225.TW,EASTECH,,,
5234.TW,DAXIN,,,
5236.TW,SunplusIT,,,
5243.TW,ESON,,,
5244.TW,BRIGHTEK,,,
5258.TW,Castles,,,
5269.TW,Asmedia,,,
5283.TW,Heran,,,
5284.TW,jpp,,,
5285.TW,Jih Lin,,,
5288.TW,Eurocharm,,,
5292.TW,DTECH,,,
5306.TW,KMC,,,
5388.TW,Sercomm,,,
5434.TW,TOPCO,,,
5469.TW,HSB,,,
5471.TW,SONIX　　,,,
5484.TW,EverFocus,,,
5515.TW,CHIEN KUO 　　,,,
5519.TW,LD,,,
5521.TW,KSECO　　,,,
5522.TW,Farglory,,,
5525.TW,SWEETEN　,,,
5531.TW,Shining,,,
5533.TW,FOUNDING　　,,,
5534.TW,CHONG HONG,,,
5538.TW,TONG MING,,,
5546.TW,YGI,,,
5607.TW,Farglory FTZ 　,,,
5608.TW,S. W.,,,
5706.TW,PHX TOUR,,,
5871.TW,Chailease,,,
5876.TW,SCSB,,,
5880.TW,TCFHC,,,
5906.TW,TAINAN CAYMAN,,,
5907.TW,GORG,,,
6005.TW,CSC,,,
6024.TW,CFC,,,
6108.TW,APCB INC.　　,,,
6112.TW,Metaage,,,
6115.TW,I-SHENG,,,
6116.TW,Hannstar　　,,,
6117.TW,IN WIN,,,
6120.TW,DARWIN,,,
6128.TW,GPI　　,,,
6133.TW,GBE　,,,
6136.TW,FTC　　,,,
6139.TW,L & K　,,,
6141.TW,PLOTECH　,,,
6142.TW,CAMEO,,,
6152.TW,PRIME,,,
6153.TW,Career Tech.　,,,
6155.TW,KC　　,,,
6164.TW,LEDTECH　,,,
6165.TW,Lang,,,
6166.TW,ADLINK　　,,,
6168.TW,HARVATEK CORPOR,,,
6176.TW,ROEC,,,
6177.TW,"DA-LI CO.,LTD.",,,
6183.TW,TRADE-VAN　　,,,
6184.TW,Dafeng TV Ltd.,,,
6189.TW,Promate,,,
6191.TW,GBM,,,
6192.TW,LUMAX,,,
6196.TW,MIC,,,
6197.TW,JPC,,,
6201.TW,YAHORNG,,,
6202.TW,HOLTEK　,,,
6205.TW,COXOC,,,
6206.TW,FLYTECH　,,,
6209.TW,KINKO,,,
6213.TW,ITEQ,,,
6214.TW,SYSTEX,,,
6215.TW,Aurotek,,,
6216.TW,DrayTek Corp.,,,
6224.TW,PTTC.,,,
6225.TW,aiPlex,,,
6226.TW,Para Light,,,
6230.TW,NCCI,,,
6235.TW,Waffer,,,
6239.TW,PTI,,,
6243.TW,ENE,,,
6257.TW,SIGURD　　,,,
6269.TW,FLEXIUM,,,
6271.TW,THEIL,,,
6272.TW,WIESON,,,
6277.TW,ATEN,,,
6278.TW,TSMT,,,
6281.TW,E-LIFE,,,
6282.TW,Acbel,,,
6283.TW,SOE　,,,
6285.TW,　WNC　,,,
6405.TW,ONANO,,,
6409.TW,VOLTRONIC,,,
6412.TW,Chicony Power,,,
6414.TW,ENNOCONN,,,
6415.TW,Silergy,,,
6416.TW,CASWELL,,,
6426.TW,APOGEE,,,
6431.TW,KL,,,
6438.TW,SAA,,,
6442.TW,EZconn,,,
6443.TW,TSEC,,,
6446.TW,PEC,,,
6449.TW,APAQ,,,
6451.TW,ShunSin,,,
6456.TW,GIS,,,
6464.TW,top MSO,,,
6472.TW,Bora,,,
6477.TW,Anji,,,
6491.TW,PEGAVISION,,,
6504.TW,NAN LIU　　,,,
6505.TW,FPCC,,,
6515.TW,WinWay,,,
6525.TW,GEM,,,
6526.TW,Airoha,,,
6531.TW,AP Memory,,,
6533.TW,ANDES,,,
6534.TW,CHBIO,,,
6541.TW,Tanvex,,,
6550.TW,PG,,,
6552.TW,JMC,,,
6558.TW,SYNergy,,,
6573.TW,HY,,,
6579.TW,AAEON,,,
6581.TW,TSU,,,
6582.TW,Shin Foong,,,
6585.TW,DingZing,,,
6589.TW,EirGenix,,,
6591.TW,SUN MAX,,,
6592.TW,HOTAI FINANCE,,,
6598.TW,Applied BioCode,,,
6605.TW,DEPO,,,
6606.TW,KENT,,,
6614.TW,IISI,,,
6625.TW,Binlive,,,
6641.TW,GSD-KY,,,
6645.TW,KIM FOREST,,,
6655.TW,KD,,,
6657.TW,ENERGENESIS,,,
6658.TW,SynPower,,,
6666.TW,LLF-KY,,,
6668.TW,Zhong Yang,,,
6669.TW,Wiwynn,,,
6670.TW,FSP,,,
6671.TW,San Neng-KY,,,
6672.TW,Ventec,,,
6674.TW,CBN,,,
6689.TW,ECV,,,
6691.TW,YANKEY,,,
6695.TW,iCatchtek,,,
6698.TW,FINEMAT,,,
6706.TW,FitTech,,,
6715.TW,Lintes,,,
6719.TW,uPI,,,
6722.TW,Whetron,,,
6742.TW,Vti,,,
6743.TW,AMPACS,,,
6753.TW,LUNGTEH,,,
6754.TW,Rich Honour,,,
6756.TW,VLI,,,
6757.TW,TTW,,,
6768.TW,SPG-KY,,,
6770.TW,PSMC,,,
6771.TW,PHET,,,
6776.TW,Weblink,,,
6781.TW,AES-KY,,,
6782.TW,VISCO,,,
6789.TW,VisEra,,,
6790.TW,YFYCPG,,,
6792.TW,Unictron,,,
6794.TW,UnicoCell,,,
6796.TW,MiiS,,,
6799.TW,M3TEK,,,
6805.TW,Fositek,,,
6807.TW,FY-KY,,,
6830.TW,MSS,,,
6831.TW,MICROLOOPS,,,
6834.TW,EVEROHMS,,,
6835.TW,CMI,,,
6838.TW,FRMSP,,,
6854.TW,PlayNitride,,,
6861.TW,INCX,,,
6862.TW,TRIO-KY,,,
6863.TW,Arizon RFID,,,
6869.TW,J&V Energy,,,
6873.TW,HDRE,,,
6885.TW,BRIM,,,
6887.TW,BORETECH-KY,,,
6890.TW,Lai Yih,,,
6901.TW,DIAMOND BIOFUND,,,
6902.TW,Gogolook,,,
6906.TW,Groundhog,,,
6908.TW,AGM,,,
6909.TW,tCt,,,
6914.TW,PSS,,,
6916.TW,WINSTAR,,,
6918.TW,A Plus Biotech,,,
6919.TW,Caliway,,,
6921.TW,LeRain,,,
6923.TW,ctrt,,,
6924.TW,EIKEI-KY,,,
6928.TW,UTI,,,
6931.TW,Qing Song,,,
6933.TW,AMAX,,,
6934.TW,HCMED,,,
6936.TW,Vetnostrum,,,
6937.TW,Skytech,,,
6944.TW,Mega Union,,,
6947.TW,Techzone,,,
6949.TW,PELL BMT,,,
6951.TW,CHIN HSIN,,,
6952.TW,DWS,,,
6955.TW,BONRAYBIO,,,
6957.TW,Horizon,,,
6958.TW,INFINITE,,,
6962.TW,ITH-KY,,,
6965.TW,CJ,,,
6969.TW,Transcene,,,
6988.TW,WELLYSUN,,,
6994.TW,FWP,,,
7610.TW,LIANYOU METALS,,,
7631.TW,GENIIDEAS,,,
7689.TW,CLIMAX,,,
7705.TW,Mercuries F&B,,,
7711.TW,ASROCK RACK,,,
7721.TW,MICROPROGRAM,,,
7722.TW,LINEPAY,,,
7730.TW,NEMS,,,
7732.TW,KING SHING,,,
7736.TW,HUSHAN,,,
7740.TW,SEETEL,,,
7749.TW,iGo-KY,,,
7750.TW,Syntec,,,
7760.TW,ENJOY,,,
7765.TW,CHT Security,,,
7768.TW,PVI,,,
7769.TW,HON,,,
7780.TW,DAIKEN,,,
7786.TW,DFO,,,
7788.TW,SONG CHUAN,,,
7791.TW,LUCKY ROYAL,,,
7795.TW,EPM,,,
7799.TW,HNMC,,,
7803.TW,aetherAI,,,
7818.TW,KEMFLO,,,
7821.TW,MDT,,,
7822.TW,V5 TECHNOLOGIES,,,
7823.TW,CyCraft-KY,,,
7827.TW,Hanchor-KY,,,
7835.TW,H2U,,,
7855.TW,HLC,,,
8011.TW,TTCC,,,
8016.TW,Sitronix　　,,,
8021.TW,Topoint　　,,,
8028.TW,PSI　　,,,
8033.TW,TT,,,
8039.TW,TAIFLEX　,,,
8045.TW,TWOWAY,,,
8046.TW,N.P.C,,,
8070.TW,CHANG WAH,,,
8072.TW,AV TECH　,,,
8081.TW,GMT,,,
8101.TW,Arima Comm.　　,,,
8103.TW,CviLux,,,
8104.TW,RiTdisplay,,,
8105.TW,GiantPlus,,,
8110.TW,WALTON　,,,
8112.TW,Supreme　　,,,
8114.TW,POSIFLEX,,,
8131.TW,　　FATC,,,
8150.TW,ChipMOS　　,,,
8162.TW,MSEC　,,,
8163.TW,DARFON,,,
8201.TW,BESTA　　,,,
8210.TW,CHENBRO　,,,
8213.TW,tpt,,,
8215.TW,BMC,,,
8222.TW,Aero Win,,,
8249.TW,CSI　　,,,
8261.TW,　　APEC,,,
8271.TW,Apacer,,,
8341.TW,SF　　,,,
8367.TW,CS　,,,
8374.TW,ACE PILLAR,,,
8404.TW,PAIHO  SHIH,,,
8411.TW,KINGCAN,,,
8422.TW,Cleanaway,,,
8429.TW,Jinli,,,
8438.TW,AMIA,,,
8442.TW,WW,,,
8443.TW,ASO,,,
8454.TW,momo,,,
8462.TW,Power Wind,,,
8463.TW,RTM,,,
8464.TW,Nien Made,,,
8466.TW,M.J.,,,
8467.TW,BONNY,,,
8473.TW,FOREST WATER,,,
8476.TW,TESC,,,
8478.TW,Ocean Alexander,,,
8481.TW,Transart,,,
8482.TW,Shane Global,,,
8487.TW,ELTA,,,
8488.TW,JYPKG,,,
8499.TW,TOP BRIGHT,,,
8926.TW,TCC　　,,,
8940.TW,New Palace,,,
8996.TW,KAORI　,,,
9103.TW,MEDTECS,,,
910322.TW,Tingyi,,,
9105.TW,CCET,,,
910861.TW,DCH,,,
9110.TW,VMEP Holdings,,,
911608.TW,BH Global,,,
911622.TW,TYCN,,,
911868.TW,Neo-Neon,,,
912000.TW,SIM TECH,,,
9136.TW,Ju Teng,,,
9802.TW,Fulgent Sun,,,
9902.TW,TIDEHOLD,,,
9904.TW,PCC,,,
9905.TW,GCM,,,
9906.TW,HSIN BA BA,,,
9907.TW,TON YI,,,
9908.TW,GTG,,,
9910.TW,FT,,,
9911.TW,TAIWAN SAKURA,,,
9912.TW,AIC,,,
9914.TW,MIC,,,
9917.TW,TAIWAN SECOM,,,
9918.TW,S.S.N.G,,,
9919.TW,KNH,,,
9921.TW,GIANT,,,
9924.TW,TAIWAN FU HSING,,,
9925.TW,SKS,,,
9926.TW,S.H.,,,
9927.TW,TMI,,,
9928.TW,CTV,,,
9929.TW,CHOICE,,,
9930.TW,CHC,,,
9931.TW,HSIN KAO,,,
9933.TW,CTCI,,,
9934.TW,GUIC,,,
9935.TW,CF,,,
9937.TW,NPC,,,
9938.TW,TAIWAN PAIHO,,,
9939.TW,HON CHUAN,,,
9940.TW,Sinyi,,,
9941.TW,TAC,,,
9942.TW,MAO SHUN,,,
9943.TW,HOLIDAY,,,
9944.TW,Shinih,,,
9945.TW,RUENTEX DEVELOP,,,
9946.TW,SANFAR,,,
9955.TW,SDTI　,,,
9958.TW,CIS　　,,,
A,Agilent Technologies Inc. Common Stock,Industrials,Biotechnology: Laboratory Analytical Instruments,39918930965.0
AA,Alcoa Corporation Common Stock ,Industrials,Aluminum,12530420449.0
AADX,Applied Aerospace & Defense Inc. Common Stock,Industrials,Military/Government/Technical,3630007193.0
AAL,American Airlines Group Inc. Common Stock,Consumer Discretionary,Air Freight/Delivery Services,10611378315.0
AAMI,Acadian Asset Management Inc. Common Stock,Finance,Investment Managers,3262190141.0
AAOI,Applied Optoelectronics Inc. Common Stock,Technology,Semiconductors,9967756517.0
AAON,AAON Inc. Common Stock,Industrials,Industrial Machinery/Components,7394989179.0
AAP,Advance Auto Parts Inc.,Consumer Discretionary,Auto & Home Supply Stores,3497482345.0
AAPG,Ascentage Pharma Group International American Depository Shares,Health Care,Biotechnology: Pharmaceutical Preparations,1595019065.0
AAPL,Apple Inc. Common Stock,Technology,Computer Manufacturing,4559367773800.0
AAT,American Assets Trust Inc. Common Stock,Real Estate,Real Estate Investment Trusts,1382822877.0
ABBV,AbbVie Inc. Common Stock,Health Care,Biotechnology: Pharmaceutical Preparations,430946892293.0
ABCB,Ameris Bancorp Common Stock,Finance,Major Banks,6021121012.0
ABCL,AbCellera Biologics Inc. Common Shares,Health Care,Biotechnology: Pharmaceutical Preparations,1924165924.0
ABG,Asbury Automotive Group Inc Common Stock,Consumer Discretionary,Retail-Auto Dealers and Gas Stations,3877434553.0
ABM,ABM Industries Incorporated Common Stock,Consumer Discretionary,Diversified Commercial Services,2844103812.0
ABNB,Airbnb Inc. Class A Common Stock,Consumer Discretionary,Diversified Commercial Services,91394174524.0
ABSI,Absci Corporation Common Stock,Health Care,Biotechnology: Commercial Physical & Biological Resarch,1294011965.0
ABT,Abbott Laboratories Common Stock,Health Care,Biotechnology: Pharmaceutical Preparations,186812180636.0
ACA,Arcosa Inc. Common Stock ,Industrials,Metal Fabrications,7113572180.0
ACAD,ACADIA Pharmaceuticals Inc. Common Stock,Health Care,Biotechnology: Pharmaceutical Preparations,4871660502.0
ACGL,Arch Capital Group Ltd. Common Stock,Finance,Property-Casualty Insurers,33880639921.0
ACHC,Acadia Healthcare Company Inc. Common Stock,Health Care,Medical Specialities,2860040448.0
ACHR,Archer Aviation Inc. Class A Common Stock,Industrials,Aerospace,3972697587.0
ACI,Albertsons Companies Inc. Class A Common Stock,Consumer Staples,Food Chains,5862734251.0
ACIW,ACI Worldwide Inc. Common Stock,Technology,Computer Software: Prepackaged Software,5613751895.0
ACLS,Axcelis Technologies Inc. Common Stock,Technology,Industrial Machinery/Components,4200094364.0
ACM,AECOM Common Stock,Consumer Discretionary,Military/Government/Technical,9630222396.0
ACMR,ACM Research Inc. Class A Common Stock,Technology,Industrial Machinery/Components,5230440391.0
ACN,Accenture plc Class A Ordinary Shares (Ireland),Consumer Discretionary,Business Services,114217672033.0
ACT,Enact Holdings Inc. Common Stock,Finance,Specialty Insurers,6794368259.0
ACVA,ACV Auctions Inc. Class A Common Stock,Consumer Discretionary,Business Services,1300657460.0
ADBE,Adobe Inc. Common Stock,Technology,Computer Software: Prepackaged Software,103445400000.0
ADC,Agree Realty Corporation Common Stock,Real Estate,Real Estate Investment Trusts,9496360319.0
ADI,Analog Devices Inc. Common Stock,Technology,Semiconductors,183782811062.0
ADIG,ADI Global Distribution Inc. Common Stock,Industrials,Wholesale Distributors,1992256060.0
ADM,Archer-Daniels-Midland Company Common Stock,Consumer Staples,Packaged Foods,37356687278.0
ADMA,ADMA Biologics Inc Common Stock,Health Care,Biotechnology: Biological Products (No Diagnostic Substances),2337182287.0
ADNT,Adient plc Ordinary Shares ,Consumer Discretionary,Auto Parts:O.E.M.,1478092345.0
ADP,Automatic Data Processing Inc. Common Stock,Technology,EDP Services,110127259998.0
ADPT,Adaptive Biotechnologies Corporation Common Stock,Health Care,Biotechnology: Biological Products (No Diagnostic Substances),3766461871.0
ADSK,Autodesk Inc. Common Stock,Technology,Computer Software: Prepackaged Software,51161170000.0
ADT,ADT Inc. Common Stock,Consumer Discretionary,Diversified Commercial Services,5588778247.0
ADUS,Addus HomeCare Corporation Common Stock,Health Care,Medical/Nursing Services,2218133354.0
AEBI,Aebi Schmidt Holding AG Common Stock ,Industrials,Auto Manufacturing,1003360035.0
AEG,Aegon Ltd. New York Registry Shares,Finance,Life Insurance,18058671825.0
AEHR,Aehr Test Systems Common Stock,Industrials,Electrical Products,3253563683.0
AEIS,Advanced Energy Industries Inc. Common Stock,Technology,Industrial Machinery/Components,12972738668.0
AEM,Agnico Eagle Mines Limited Common Stock,Basic Materials,Precious Metals,85229642784.0
AEO,American Eagle Outfitters Inc. Common Stock,Consumer Discretionary,Clothing/Shoe/Accessory Stores,2969399461.0
AER,AerCap Holdings N.V. Ordinary Shares,Consumer Discretionary,Diversified Commercial Services,27794750042.0
AES,The AES Corporation Common Stock,Industrials,Electric Utilities: Central,10487547861.0
AESI,Atlas Energy Solutions Inc. Common Stock,Industrials,Mining & Quarrying of Nonmetallic Minerals (No Fuels),1382704815.0
AEVA,Aeva Technologies Inc. Common Stock,Consumer Discretionary,Auto Parts:O.E.M.,1592411138.0
AFG,American Financial Group Inc. Common Stock,Finance,Property-Casualty Insurers,12191220959.0
AFGB,American Financial Group Inc. 5.875% Subordinated Debentures due 2059,Finance,Property-Casualty Insurers,1709504466.0
AFGC,American Financial Group Inc. 5.125% Subordinated Debentures due 2059,Finance,Property-Casualty Insurers,1482255721.0
AFGD,American Financial Group Inc. 5.625% Subordinated Debentures due 2060,Finance,Property-Casualty Insurers,1626825505.0
AFGE,American Financial Group Inc. 4.500% Subordinated Debentures due 2060,Finance,Property-Casualty Insurers,1341840240.0
AFL,AFLAC Incorporated Common Stock,Finance,Accident &Health Insurance,64468027941.0
AFRM,Affirm Holdings Inc. Class A Common Stock,Finance,Finance: Consumer Services,25646532108.0
AFYA,Afya Limited Class A Common Shares,Real Estate,Other Consumer Services,1272105986.0
AG,First Majestic Silver Corp. Ordinary Shares (Canada),Basic Materials,Precious Metals,8517422298.0
AGBK,AGI Inc Class A Common Shares,Finance,Commercial Banks,1017155245.0
AGCO,AGCO Corporation Common Stock,Industrials,Industrial Machinery/Components,7117324618.0
AGI,Alamos Gold Inc. Class A Common Shares,Basic Materials,Precious Metals,13060924282.0
AGIO,Agios Pharmaceuticals Inc. Common Stock,Health Care,Biotechnology: Pharmaceutical Preparations,1907475130.0
AGL,agilon health inc. Common Stock,Health Care,Misc Health and Biotechnology Services,1448653138.0
AGM,Federal Agricultural Mortgage Corporation Common Stock,Finance,Finance Companies,2571342513.0
AGNC,AGNC Investment Corp. Common Stock,Real Estate,Real Estate Investment Trusts,12577958153.0
AGO,Assured Guaranty Ltd. Common Stock,Finance,Property-Casualty Insurers,3656403052.0
AGRO,Adecoagro S.A. Common Shares,Consumer Staples,Farming/Seeds/Milling,1350727242.0
AGX,Argan Inc. Common Stock,Consumer Discretionary,Engineering & Construction,8283552475.0
AGYS,Agilysys Inc. Common Stock (DE),Technology,EDP Services,3034378673.0
AHG,Akso Health Group ADS,Consumer Discretionary,Business Services,1130849514.0
AHR,American Healthcare REIT Inc. Common Stock,Real Estate,Real Estate Investment Trusts,10543837471.0
AI,C3.ai Inc. Class A Common Stock,Technology,Computer Software: Prepackaged Software,1532729871.0
AIG,American International Group Inc. New Common Stock,Finance,Property-Casualty Insurers,42400591493.0
AIN,Albany International Corporation Common Stock,Consumer Discretionary,Textiles,1740068000.0
AIP,Arteris Inc. Common Stock,Technology,Semiconductors,1459958071.0
AIR,AAR Corp. Common Stock,Industrials,Aerospace,5893894176.0
AIT,Applied Industrial Technologies Inc. Common Stock,Consumer Discretionary,Industrial Specialties,13265148860.0
AIZ,Assurant Inc. Common Stock,Finance,Property-Casualty Insurers,14685919607.0
AJG,Arthur J. Gallagher & Co. Common Stock,Finance,Specialty Insurers,64672006000.0
AKAM,Akamai Technologies Inc. Common Stock,Consumer Discretionary,Business Services,17235445216.0
AKR,Acadia Realty Trust Common Stock,Real Estate,Real Estate Investment Trusts,2844160673.0
AKTS,Aktis Oncology Inc. Common stock,Health Care,Biotechnology: Pharmaceutical Preparations,1295703358.0
ALAB,Astera Labs Inc. Common Stock,Technology,Semiconductors,56821731779.0
ALB,Albemarle Corporation Common Stock,Industrials,Major Chemicals,14791363928.0
ALC,Alcon Inc. Ordinary Shares,Health Care,Ophthalmic Goods,34749138000.0
ALG,Alamo Group Inc. Common Stock,Industrials,Industrial Machinery/Components,2022449254.0
ALGM,Allegro MicroSystems Inc. Common Stock,Technology,Semiconductors,7913698863.0
ALGN,Align Technology Inc. Common Stock,Health Care,Industrial Specialties,12109192913.0
ALGT,Allegiant Travel Company Common Stock,Consumer Discretionary,Air Freight/Delivery Services,1791459283.0
ALH,Alliance Laundry Holdings Inc. Common Stock,Industrials,Industrial Machinery/Components,5469682276.0
ALHC,Alignment Healthcare Inc. Common Stock,Health Care,Medical Specialities,2775482294.0
ALK,Alaska Air Group Inc. Common Stock,Consumer Discretionary,Air Freight/Delivery Services,5657162153.0
ALKS,Alkermes plc Ordinary Shares,Health Care,Biotechnology: Pharmaceutical Preparations,8114709467.0
ALKT,Alkami Technology Inc. Common Stock,Technology,Computer Software: Prepackaged Software,2105687586.0
ALL,Allstate Corporation (The) Common Stock,Finance,Property-Casualty Insurers,70819072052.0
ALLE,Allegion plc Ordinary Shares,Consumer Discretionary,Diversified Commercial Services,14345705798.0
ALLY,Ally Financial Inc. Common Stock,Finance,Major Banks,13403038474.0
ALM,Almonty Industries Inc. Common Shares,Basic Materials,Other Metals and Minerals,3866422834.0
ALMR,Alamar Biosciences Inc. Common Stock,Industrials,Biotechnology: Laboratory Analytical Instruments,1947644327.0
ALMS,Alumis Inc. Common Stock,Health Care,Biotechnology: Pharmaceutical Preparations,3544277044.0
ALNT,Allient Inc. Common Stock,Industrials,Electrical Products,1890182100.0
ALNY,Alnylam Pharmaceuticals Inc. Common Stock,Health Care,Biotechnology: Pharmaceutical Preparations,28918826582.0
ALRM,Alarm.com Holdings Inc. Common Stock,Technology,Computer Software: Prepackaged Software,2784136217.0
ALSN,Allison Transmission Holdings Inc. Common Stock,Consumer Discretionary,Auto Parts:O.E.M.,9640478431.0
ALV,Autoliv Inc. Common Stock,Consumer Discretionary,Auto Parts:O.E.M.,8830211254.0
ALVO,Alvotech Ordinary Shares,Health Care,Biotechnology: Biological Products (No Diagnostic Substances),1186182023.0
ALX,Alexander's Inc. Common Stock,Real Estate,Real Estate Investment Trusts,1392962275.0
AMAL,Amalgamated Financial Corp. Common Stock (DE),Finance,Major Banks,1499492372.0
AMAT,Applied Materials Inc. Common Stock,Technology,Semiconductors,418797720136.0
AMBA,Ambarella Inc. Ordinary Shares,Technology,Semiconductors,3675715221.0
AMBP,Ardagh Metal Packaging S.A. Ordinary Shares,Industrials,Containers/Packaging,3000451922.0
AMBQ,Ambiq Micro Inc. Common Stock,Technology,Semiconductors,1394554191.0
AMC,AMC Entertainment Holdings Inc. Class A Common Stock,Consumer Discretionary,Movies/Entertainment,2293993920.0
AMCR,Amcor plc Ordinary Shares,Consumer Discretionary,Miscellaneous manufacturing industries,21757988171.0
AMD,Advanced Micro Devices Inc. Common Stock,Technology,Semiconductors,797820280650.0
AME,AMETEK Inc.,Industrials,Industrial Machinery/Components,57631691517.0
AMG,Affiliated Managers Group Inc. Common Stock,Finance,Investment Managers,9830049795.0
AMGN,Amgen Inc. Common Stock,Health Care,Biotechnology: Biological Products (No Diagnostic Substances),218500894729.0
AMH,American Homes 4 Rent Common Shares of Beneficial Interest,Real Estate,Real Estate Investment Trusts,12409667065.0
AMKR,Amkor Technology Inc. Common Stock,Technology,Semiconductors,13456185884.0
AMLX,Amylyx Pharmaceuticals Inc. Common Stock,Health Care,Biotechnology: Pharmaceutical Preparations,2689597008.0
AMN,AMN Healthcare Services Inc,Consumer Discretionary,Professional Services,1194610402.0
AMP,Ameriprise Financial Inc. Common Stock,Finance,Investment Managers,50326185565.0
AMPL,Amplitude Inc. Class A Common Stock,Technology,Computer Software: Prepackaged Software,1428309279.0
AMR,Alpha Metallurgical Resources Inc. Common Stock,Energy,Coal Mining,1934148603.0
AMRC,Ameresco Inc. Class A Common Stock,Consumer Discretionary,Engineering & Construction,1355841691.0
AMRX,Amneal Pharmaceuticals Inc. Class A Common Stock,Health Care,Biotechnology: Pharmaceutical Preparations,5764741851.0
AMRZ,Amrize Ltd Ordinary Shares,Industrials,Building Materials,28352145113.0
AMSC,American Superconductor Corporation Common Stock,Consumer Discretionary,Metal Fabrications,1569147241.0
AMT,American Tower Corporation (REIT) Common Stock,Real Estate,Real Estate Investment Trusts,79772360218.0
AMTB,Amerant Bancorp Inc. Class A Common Stock,Finance,Major Banks,1143951955.0
AMTM,Amentum Holdings Inc. Common Stock,Consumer Discretionary,Business Services,5824501045.0
AMZN,Amazon.com Inc. Common Stock,Consumer Discretionary,Catalog/Specialty Distribution,2936681733113.0
AN,AutoNation Inc. Common Stock,Consumer Discretionary,Retail-Auto Dealers and Gas Stations,6986740132.0
ANAB,AnaptysBio Inc. Common Stock,Health Care,Biotechnology: Pharmaceutical Preparations,1621656504.0
ANDE,Andersons Inc. (The) Common Stock,Industrials,Farming/Seeds/Milling,2308639982.0
ANDG,Andersen Group Inc. Class A Common Stock,Consumer Discretionary,Business Services,5533686718.0
ANF,Abercrombie & Fitch Company Common Stock,Consumer Discretionary,Clothing/Shoe/Accessory Stores,4908815321.0
ANIP,ANI Pharmaceuticals Inc.,Health Care,Biotechnology: Pharmaceutical Preparations,1855718422.0
ANRO,Alto Neuroscience Inc. Common Stock,Health Care,Biotechnology: Pharmaceutical Preparations,1106639605.0
AON,Aon plc Class A Ordinary Shares (Ireland),Finance,Specialty Insurers,76524250316.0
AORT,Artivion Inc. Common Stock,Health Care,Medical/Dental Instruments,1289796810.0
AOS,A.O. Smith Corporation Common Stock,Consumer Discretionary,Consumer Electronics/Appliances,8560881013.0
APA,APA Corporation Common Stock,Energy,Oil & Gas Production,12912267392.0
APAM,Artisan Partners Asset Management Inc. Class A Common Stock,Finance,Investment Managers,3490178400.0
APD,Air Products and Chemicals Inc. Common Stock,Basic Materials,Major Chemicals,66787844158.0
APG,APi Group Corporation Common Stock,Consumer Discretionary,Diversified Commercial Services,17826612251.0
APGE,Apogee Therapeutics Inc. Common Stock,Health Care,Biotechnology: Biological Products (No Diagnostic Substances),10139117044.0
APH,Amphenol Corporation Common Stock,Technology,Electrical Products,210359307599.0
APLD,Applied Digital Corporation Common Stock,Technology,EDP Services,8411798572.0
APLE,Apple Hospitality REIT Inc. Common Shares,Real Estate,Real Estate Investment Trusts,3774720188.0
APMD,Apnimed Inc. Common Stock,Health Care,Biotechnology: Pharmaceutical Preparations,1059429963.0
APO,Apollo Global Management Inc. (New) Common Stock,Finance,Investment Managers,73788476489.0
APP,Applovin Corporation Class A Common Stock,Technology,Computer Software: Programming Data Processing,112764979800.0
APPF,AppFolio Inc. Class A Common Stock,Technology,Computer Software: Prepackaged Software,6874792317.0
APPN,Appian Corporation Class A Common Stock,Technology,Computer Software: Prepackaged Software,2232462569.0
APTV,Aptiv PLC Ordinary Shares,Consumer Discretionary,Auto Parts:O.E.M.,9613423225.0
AR,Antero Resources Corporation Common Stock,Energy,Oil & Gas Production,10729621100.0
ARCB,ArcBest Corporation Common Stock,Industrials,Trucking Freight/Courier Services,3023020629.0
ARCC,Ares Capital Corporation Common Stock,Finance,Finance: Consumer Services,14087608219.0
ARCO,Arcos Dorados Holdings Inc. Class A Shares,Consumer Discretionary,Restaurants,1756929895.0
ARDT,Ardent Health Inc. Common Stock,Health Care,Hospital/Nursing Management,1661426859.0
ARDX,Ardelyx Inc. Common Stock,Health Care,Biotechnology: Pharmaceutical Preparations,1203033115.0
ARE,Alexandria Real Estate Equities Inc. Common Stock,Real Estate,Real Estate Investment Trusts,8447522194.0
ARES,Ares Management Corporation Class A Common Stock,Finance,Investment Managers,45575046484.0
ARHS,Arhaus Inc. Class A Common Stock,Consumer Discretionary,Other Specialty Stores,1370107820.0
ARLO,Arlo Technologies Inc. Common Stock,Consumer Discretionary,Diversified Commercial Services,1680193869.0
ARMK,Aramark Common Stock,Consumer Discretionary,Restaurants,14806915189.0
ARQT,Arcutis Biotherapeutics Inc. Common Stock,Health Care,Biotechnology: Pharmaceutical Preparations,3305953575.0
ARR,ARMOUR Residential REIT Inc.,Real Estate,Real Estate Investment Trusts,2765461937.0
ARW,Arrow Electronics Inc. Common Stock,Technology,Electronic Components,11366564856.0
ARWR,Arrowhead Pharmaceuticals Inc. Common Stock,Health Care,Biotechnology: Pharmaceutical Preparations,12123870903.0
ARX,Accelerant Holdings Class A Common Shares,Finance,Specialty Insurers,2681694469.0
ARXS,Arxis Inc. Class A Common Stock,Industrials,Military/Government/Technical,24042348968.0
AS,Amer Sports Inc. Ordinary Shares,Consumer Discretionary,Apparel,20137369345.0
ASAN,Asana Inc. Class A Common Stock,Technology,Computer Software: Prepackaged Software,2000825298.0
ASB,Associated Banc-Corp Common Stock,Finance,Major Banks,5884555374.0
ASH,Ashland Inc. Common Stock,Consumer Discretionary,Specialty Chemicals,3318187590.0
ASIC,Ategrity Specialty Insurance Company Holdings Common Stock,Finance,Property-Casualty Insurers,1219068708.0
ASM,Avino Silver & Gold Mines Ltd. Common Shares (Canada),Basic Materials,Metal Mining,1085881168.0
ASML,ASML Holding N.V. New York Registry Shares,Technology,Industrial Machinery/Components,656894305696.0
ASND,Ascendis Pharma A/S Ordinary Share,Health Care,Biotechnology: Pharmaceutical Preparations,15485055389.0
ASO,Academy Sports and Outdoors Inc. Common Stock,Consumer Discretionary,Other Specialty Stores,2936569867.0
ASR,Grupo Aeroportuario del Sureste S.A. de C.V. Common Stock,Consumer Discretionary,Aerospace,8328900000.0
ASST,Strive Inc. Class A Common Stock,Technology,Computer Software: Prepackaged Software,1036624768.0
ASTE,Astec Industries Inc. Common Stock,Industrials,Construction/Ag Equipment/Trucks,1015814393.0
ASTH,Astrana Health Inc. Common Stock,Consumer Discretionary,Professional Services,1901594589.0
ASTS,AST SpaceMobile Inc. Class A Common Stock,Consumer Discretionary,Telecommunications Equipment,26144071170.0
ATAI,AtaiBeckley Inc. Common Stock,Health Care,Biotechnology: Pharmaceutical Preparations,2643436719.0
ATEC,Alphatec Holdings Inc. Common Stock,Health Care,Medical/Dental Instruments,1422494410.0
ATHS,Athene Holding Ltd. 7.250% Fixed-Rate Reset Junior Subordinated Debentures due 2064,Finance,Life Insurance,5064880338.0
ATI,ATI Inc. Common Stock,Industrials,Steel/Iron Ore,30491587505.0
ATLC,Atlanticus Holdings Corporation Common Stock,Finance,Finance: Consumer Services,1690040885.0
ATMU,Atmus Filtration Technologies Inc. Common Stock,Consumer Discretionary,Auto Parts:O.E.M.,4451964050.0
ATR,AptarGroup Inc. Common Stock,Industrials,Plastic Products,8633045696.0
ATRC,AtriCure Inc. Common Stock,Health Care,Medical/Dental Instruments,2008709950.0
ATRO,Astronics Corporation Common Stock,Industrials,Military/Government/Technical,3270362006.0
ATS,ATS Corporation Common Shares,Industrials,Industrial Machinery/Components,2014507913.0
AU,AngloGold Ashanti PLC Ordinary Shares,Basic Materials,Precious Metals,44300329133.0
AUB,Atlantic Union Bankshares Corporation Common Stock,Finance,Major Banks,6073829120.0
AUGO,Aura Minerals Inc. Common Shares,Basic Materials,Metal Mining,5499086705.0
AUPH,Aurinia Pharmaceuticals Inc Ordinary Shares,Health Care,Biotechnology: Pharmaceutical Preparations,2095905166.0
AUR,Aurora Innovation Inc. Class A Common Stock,Technology,EDP Services,13588172717.0
AVAH,Aveanna Healthcare Holdings Inc. Common Stock,Health Care,Medical/Nursing Services,2027300940.0
AVAV,AeroVironment Inc. Common Stock,Industrials,Aerospace,8660046094.0
AVB,AvalonBay Communities Inc. Common Stock,Real Estate,Real Estate Investment Trusts,26638959998.0
AVBP,ArriVent BioPharma Inc. Common Stock,Health Care,Biotechnology: Pharmaceutical Preparations,1444288517.0
AVEX,AEVEX Corp. Class A Common Stock,Industrials,Aerospace,2450756133.0
AVGO,Broadcom Inc. Common Stock,Technology,Semiconductors,2000871715972.0
AVLN,Avalyn Pharma Inc. Common Stock,Health Care,Biotechnology: Pharmaceutical Preparations,1449692207.0
AVNT,Avient Corporation Common Stock,Industrials,Major Chemicals,3911438623.0
AVO,Mission Produce Inc. Common Stock,Consumer Staples,Farming/Seeds/Milling,1109296776.0
AVPT,AvePoint Inc. Class A Common Stock,Technology,Computer Software: Prepackaged Software,2711699937.0
AVT,Avnet Inc. Common Stock,Technology,Electronic Components,7939931041.0
AVTR,Avantor Inc. Common Stock,Industrials,Biotechnology: Laboratory Analytical Instruments,8914409511.0
AVY,Avery Dennison Corporation Common Stock,Consumer Discretionary,Containers/Packaging,13186378827.0
AWI,Armstrong World Industries Inc Common Stock,Industrials,Plastic Products,7775092099.0
AX,Axos Financial Inc. Common Stock,Finance,Savings Institutions,5795406614.0
AXGN,Axogen Inc. Common Stock,Health Care,Biotechnology: Electromedical & Electrotherapeutic Apparatus,2384323102.0
AXON,Axon Enterprise Inc. Common Stock,Industrials,Ordnance And Accessories,42111361149.0
AXP,American Express Company Common Stock,Finance,Finance: Consumer Services,231361148786.0
AXS,Axis Capital Holdings Limited Common Stock,Finance,Property-Casualty Insurers,7621331811.0
AXSM,Axsome Therapeutics Inc. Common Stock,Health Care,Biotechnology: Pharmaceutical Preparations,10813240630.0
AXTA,Axalta Coating Systems Ltd. Common Shares,Consumer Discretionary,Paints/Coatings,8034310687.0
AXTI,AXT Inc Common Stock,Technology,Semiconductors,4917860741.0
AYA,Aya Gold & Silver Inc. Common Shares,Basic Materials,Precious Metals,3612413675.0
AYI,Acuity Inc. Common Stock,Consumer Discretionary,Building Products,10686990279.0
AZN,AstraZeneca PLC Ordinary Shares,Health Care,Biotechnology: Pharmaceutical Preparations,249775415720.0
AZO,AutoZone Inc. Common Stock,Consumer Discretionary,Auto & Home Supply Stores,50112636215.0
AZTA,Azenta Inc.,Technology,Industrial Machinery/Components,1345328323.0
AZZ,AZZ Inc.,Industrials,Industrial Specialties,4533268926.0
B,Barrick Mining Corporation Common Shares,Basic Materials,Precious Metals,69315780853.0
BA,Boeing Company (The) Common Stock,Industrials,Aerospace,183516014944.0
BAC,Bank of America Corporation Common Stock,Finance,Major Banks,440543146995.0
BAH,Booz Allen Hamilton Holding Corporation Common Stock,Consumer Discretionary,Professional Services,8892668054.0
BALL,Ball Corporation Common Stock,Industrials,Containers/Packaging,16710722927.0
BAM,Brookfield Asset Management Inc Class A Limited Voting Shares,Real Estate,Building operators,87103134569.0
BANC,Banc of California Inc. Common Stock,Finance,Major Banks,3010217880.0
BAND,Bandwidth Inc. Class A Common Stock,Technology,Computer Software: Prepackaged Software,1438159416.0
BANF,BancFirst Corporation Common Stock,Finance,Major Banks,3806345239.0
BANR,Banner Corporation Common Stock,Finance,Major Banks,2395596235.0
BAP,Credicorp Ltd. Common Stock,Finance,Commercial Banks,37051666185.0
BATRA,Atlanta Braves Holdings Inc. Series A Common Stock,Consumer Discretionary,Services-Misc. Amusement & Recreation,3373964985.0
BATRK,Atlanta Braves Holdings Inc. Series C Common Stock,Consumer Discretionary,Services-Misc. Amusement & Recreation,3130859903.0
BAX,Baxter International Inc. Common Stock,Health Care,Medical/Dental Instruments,13964061933.0
BB,BlackBerry Limited Common Stock,Technology,Computer Software: Prepackaged Software,5145619153.0
BBAI,BigBear.ai Inc. Common Stock,Technology,Computer Software: Prepackaged Software,1443278424.0
BBAR,Banco BBVA Argentina S.A. ADS,Finance,Commercial Banks,3555760825.0
BBIO,BridgeBio Pharma Inc. Common Stock,Health Care,Biotechnology: Pharmaceutical Preparations,16204597726.0
BBT,Beacon Financial Corporation Common stock,Finance,Banks,2648588318.0
BBUC,Brookfield Business Corporation Class A Subordinate Voting Shares,Consumer Discretionary,Engineering & Construction,6168393000.0
BBVA,Banco Bilbao Vizcaya Argentaria S.A. Common Stock,Finance,Commercial Banks,160650379218.0
BBWI,Bath & Body Works Inc.,Consumer Discretionary,Other Specialty Stores,4059454894.0
BBY,Best Buy Co. Inc. Common Stock,Consumer Discretionary,Consumer Electronics/Video Chains,16865585423.0
BC,Brunswick Corporation Common Stock,Industrials,Industrial Machinery/Components,5279173088.0
BCAT,BlackRock Capital Allocation Term Trust Common Shares of Beneficial Interest,Finance,Finance/Investors Services,1725834600.0
BCAX,Bicara Therapeutics Inc. Common Stock,Health Care,Biotechnology: Pharmaceutical Preparations,1807513354.0
BCC,Boise Cascade L.L.C. Common Stock,Consumer Discretionary,RETAIL: Building Materials,2939945235.0
BCH,Banco De Chile ADS,Finance,Commercial Banks,21294400717.0
BCO,Brinks Company (The) Common Stock,Industrials,Integrated Freight & Logistics,4647231161.0
BCPC,Balchem Corporation Common Stock,Industrials,Major Chemicals,5751432549.0
BCRX,BioCryst Pharmaceuticals Inc. Common Stock,Health Care,Biotechnology: Biological Products (No Diagnostic Substances),2363712738.0
BCS,Barclays PLC Common Stock,Finance,Commercial Banks,97968419154.0
BCX,BlackRock Resources Common Shares of Beneficial Interest,Finance,Finance/Investors Services,1020841860.0
BDC,Belden Inc Common Stock,Industrials,Telecommunications Equipment,5048511495.0
BDJ,Blackrock Enhanced Equity Dividend Trust,Finance,Finance Companies,1729263377.0
BDX,Becton Dickinson and Company Common Stock,Health Care,Medical/Dental Instruments,48789943409.0
BE,Bloom Energy Corporation Class A Common Stock,Energy,Industrial Machinery/Components,67434981140.0
BEAM,Beam Therapeutics Inc. Common Stock,Health Care,Biotechnology: Biological Products (No Diagnostic Substances),2814588871.0
BEN,Franklin Resources Inc. Common Stock,Finance,Investment Managers,17274614940.0
BETA,Beta Technologies Inc. Class A Common Stock,Industrials,Aerospace,5242776752.0
BFAM,Bright Horizons Family Solutions Inc. Common Stock,Consumer Discretionary,Other Consumer Services,3891315750.0
BFC,Bank First Corporation Common Stock,Finance,Major Banks,1717038758.0
BFH,Bread Financial Holdings Inc. Common Stock,Consumer Discretionary,Business Services,4224198517.0
BFLY,Butterfly Network Inc. Class A Common Stock,Health Care,Medical Electronics,2210167019.0
BFST,Business First Bancshares Inc. Common Stock,Finance,Major Banks,1032156790.0
BG,Bunge Limited Common Shares,Consumer Staples,Packaged Foods,20940984407.0
BGC,BGC Group Inc. Class A Common Stock,Finance,Investment Bankers/Brokers/Service,5034885255.0
BGR,BlackRock Energy and Resources Trust,Finance,Trusts Except Educational Religious and Charitable,2169379104.0
BHC,Bausch Health Companies Inc. Common Stock,Health Care,Biotechnology: Pharmaceutical Preparations,2210284216.0
BHE,Benchmark Electronics Inc. Common Stock,Technology,Electrical Products,2958724881.0
BHF,Brighthouse Financial Inc. Common Stock,Finance,Life Insurance,3571404453.0
BHRB,Burke & Herbert Financial Services Corp. Common Stock,Finance,Major Banks,1487383013.0
BHVN,Biohaven Ltd. Common Shares ,Health Care,Biotechnology: Pharmaceutical Preparations,2170303586.0
BIDU,Baidu Inc. ADS,Technology,Computer Software: Programming Data Processing,37199823208.0
BIIB,Biogen Inc. Common Stock,Health Care,Biotechnology: Biological Products (No Diagnostic Substances),30478694707.0
BILL,BILL Holdings Inc. Common Stock,Technology,Computer Software: Prepackaged Software,4681046169.0
BIO,Bio-Rad Laboratories Inc. Class A Common Stock,Industrials,Biotechnology: Laboratory Analytical Instruments,9155953265.0
BIPC,Brookfield Infrastructure Corporation Brookfield Infrastructure Corporation,Consumer Discretionary,Marine Transportation,4874703447.0
BIRK,Birkenstock Holding plc Ordinary Shares,Consumer Discretionary,Shoe Manufacturing,6841305283.0
BJ,BJ's Wholesale Club Holdings Inc. Common Stock,Consumer Discretionary,Department/Specialty Retail Stores,12409301657.0
BJRI,BJ's Restaurants Inc. Common Stock,Consumer Discretionary,Restaurants,1486823436.0
BKD,Brookdale Senior Living Inc. Common Stock,Health Care,Hospital/Nursing Management,3429021471.0
BKE,Buckle Inc. (The) Common Stock,Consumer Discretionary,Clothing/Shoe/Accessory Stores,2355406892.0
BKNG,Booking Holdings Inc. Common Stock,Consumer Discretionary,Transportation Services,155828801895.0
BKR,Baker Hughes Company Class A Common Stock,Consumer Discretionary,Oil and Gas Field Machinery,62290297955.0
BKSY,BlackSky Technology Inc. Class A Common Stock,Technology,Radio And Television Broadcasting And Communications Equipment,1137211987.0
BKT,BlackRock Income Trust Inc. (The),Finance,Investment Bankers/Brokers/Service,1556055447.0
BKU,BankUnited Inc. Common Stock,Finance,Savings Institutions,3389148324.0
BKV,BKV Corporation Common Stock,Energy,Oil & Gas Production,2625278664.0
BL,BlackLine Inc. Common Stock,Technology,Computer Software: Prepackaged Software,1759827510.0
BLBD,Blue Bird Corporation Common Stock,Consumer Discretionary,Construction/Ag Equipment/Trucks,2088991340.0
BLCO,Bausch + Lomb Corporation Common Shares,Health Care,Ophthalmic Goods,5839651772.0
BLDR,Builders FirstSource Inc. Common Stock,Consumer Discretionary,RETAIL: Building Materials,7801819097.0
BLFS,BioLife Solutions Inc. Common Stock,Health Care,Biotechnology: Electromedical & Electrotherapeutic Apparatus,1657732091.0
BLK,BlackRock Inc. Common Stock,Finance,Investment Bankers/Brokers/Service,175305743778.0
BLKB,Blackbaud Inc. Common Stock,Technology,Computer Software: Prepackaged Software,2104284897.0
BLLN,BillionToOne Inc. Class A Common Stock,Health Care,Medical Specialities,4215486109.0
BLSH,Bullish Ordinary Shares,Finance,Finance: Consumer Services,3678133755.0
BLX,Bladex Inc. Class E Common Stock,Finance,Commercial Banks,2172841529.0
BLZE,Backblaze Inc. Class A Common Stock,Technology,Computer Software: Prepackaged Software,1121009000.0
BMA,Banco Macro S.A.  ADR (representing Ten Class B Common Shares),Finance,Commercial Banks,5511544386.0
BMI,Badger Meter Inc. Common Stock,Industrials,Industrial Machinery/Components,3976125803.0
BMNR,BitMine Immersion Technologies Inc. Common Stock,Finance,Finance: Consumer Services,11039043010.0
BMO,Bank Of Montreal Common Stock,Finance,Commercial Banks,127463618669.0
BMRN,BioMarin Pharmaceutical Inc. Common Stock,Health Care,Biotechnology: Pharmaceutical Preparations,11879261559.0
BMY,Bristol-Myers Squibb Company Common Stock,Health Care,Biotechnology: Pharmaceutical Preparations,131040145182.0
BN,Brookfield Corporation Class A Limited Voting Shares,Real Estate,Building operators,107783970267.0
BNL,Broadstone Net Lease Inc. Common Stock,Real Estate,Real Estate Investment Trusts,4060455266.0
BNT,Brookfield Wealth Solutions Ltd. Class A Exchangeable Limited Voting Shares,Finance,Property-Casualty Insurers,15099098334.0
BNY,The Bank of New York Mellon Corporation Common Stock,Finance,Major Banks,107760027832.0
BOBS,Bob's Discount Furniture Inc. Common Stock,Consumer Discretionary,Other Specialty Stores,2359132397.0
BOH,Bank of Hawaii Corporation Common Stock,Finance,Major Banks,3117370292.0
BOKF,BOK Financial Corporation Common Stock,Finance,Major Banks,8778989275.0
BOOT,Boot Barn Holdings Inc. Common Stock,Consumer Discretionary,Clothing/Shoe/Accessory Stores,4967925810.0
BORR,Borr Drilling Limited Common Shares,Energy,Oil & Gas Production,1193880171.0
BOW,Bowhead Specialty Holdings Inc. Common Stock,Finance,Property-Casualty Insurers,1115779579.0
BOX,Box Inc. Class A Common Stock,Technology,Computer Software: Prepackaged Software,4409626926.0
BP,BP p.l.c. Common Stock,Energy,Integrated oil Companies,110555200834.0
BPOP,Popular Inc. Common Stock,Finance,Major Banks,11367672063.0
BR,Broadridge Financial Solutions Inc. Common Stock,Consumer Discretionary,Business Services,18785091221.0
BRAI,Braiin Limited Common Stock,Technology,EDP Services,1164398488.0
BRBR,BellRing Brands Inc. Common Stock ,Consumer Staples,Packaged Foods,1408128929.0
BRC,Brady Corporation Common Stock,Consumer Discretionary,Miscellaneous manufacturing industries,4628360490.0
BRKR,Bruker Corporation Common Stock,Industrials,Biotechnology: Laboratory Analytical Instruments,7946112942.0
BRO,Brown & Brown Inc. Common Stock,Finance,Specialty Insurers,23817565211.0
BROS,Dutch Bros Inc. Class A Common Stock,Consumer Discretionary,Restaurants,9313991332.0
BRSL,Brightstar Lottery PLC Trading under the Legal Name to begin at the market open on July 21 2025. Ordinary Shares,Consumer Discretionary,Services-Misc. Amusement & Recreation,2042415000.0
BRUN,Boost Run Inc. Class A Common Stock,Technology,EDP Services,1055958906.0
BRX,Brixmor Property Group Inc. Common Stock,Real Estate,Real Estate Investment Trusts,9252200327.0
BRZE,Braze Inc. Class A Common Stock,Technology,Computer Software: Prepackaged Software,3151526632.0
BSAC,Banco Santander - Chile ADS,Finance,Commercial Banks,16818816817.0
BSP,Bending Spoons S.p.A. Ordinary Shares,Technology,Computer Software: Programming Data Processing,30410392404.0
BST,BlackRock Science and Technology Trust Common Shares of Beneficial Interest,Finance,Finance Companies,1070444767.0
BSX,Boston Scientific Corporation Common Stock,Health Care,Medical/Dental Instruments,71447015632.0
BSY,Bentley Systems Incorporated Class B Common Stock,Technology,Computer Software: Prepackaged Software,10742250393.0
BTDR,Bitdeer Technologies Group Class A Ordinary Shares,Finance,Finance: Consumer Services,2559659630.0
BTE,Baytex Energy Corp Common Shares,Energy,Oil & Gas Production,2934796320.0
BTG,B2Gold Corp Common shares (Canada),Basic Materials,Precious Metals,5455272969.0
BTI,British American Tobacco  Industries p.l.c. Common Stock ADR,Health Care, Medicinal Chemicals and Botanical Products ,127319025714.0
BTSG,BrightSpring Health Services Inc. Common Stock,Health Care,Medical/Nursing Services,11990573005.0
BTU,Peabody Energy Corporation Common Stock ,Energy,Coal Mining,2865536362.0
BTZ,BlackRock Credit Allocation Income Trust,Finance,Finance/Investors Services,1097570250.0
BUD,Anheuser-Busch Inbev SA Sponsored ADR (Belgium),Consumer Staples,Beverages (Production/Distribution),165600012544.0
BULL,Webull Corporation Class A Ordinary Shares,Finance,Investment Bankers/Brokers/Service,3839730761.0
BURL,Burlington Stores Inc. Common Stock,Consumer Discretionary,Department/Specialty Retail Stores,23360999757.0
BUSE,First Busey Corporation Class A Common Stock,Finance,Major Banks,2629503904.0
BV,BrightView Holdings Inc. Common Stock,Consumer Staples,Farming/Seeds/Milling,1013044000.0
BVC,BitVentures Limited Ordinary Shares,Finance,Investment Managers,1804320000.0
BVN,Buenaventura Mining Company Inc.,Basic Materials,Metal Mining,8269812390.0
BVS,Bioventus Inc. Class A Common Stock,Health Care,Medical/Dental Instruments,1167816294.0
BW,Babcock & Wilcox Enterprises Inc. Common Stock,Industrials,Building Products,1396114801.0
BWA,BorgWarner Inc. Common Stock,Consumer Discretionary,Auto Parts:O.E.M.,13496563118.0
BWIN,The Baldwin Insurance Group Inc. Class A Common Stock,Finance,Specialty Insurers,3989652352.0
BWLP,BW LPG Limited Common Shares,Consumer Discretionary,Transportation Services,3437305560.0
BWXT,BWX Technologies Inc. Common Stock,Industrials,Industrial Machinery/Components,15273384066.0
BX,Blackstone Inc. Common Stock,Finance,Investment Managers,99137310244.0
BXBL,BOXABL Inc. Common stock,Consumer Discretionary,Homebuilding,1494500000.0
BXDC,Blackstone Digital Infrastructure Trust Inc. Common Stock,Finance,Real Estate,1991861620.0
BXMT,Blackstone Mortgage Trust Inc. Common Stock,Real Estate,Real Estate Investment Trusts,2332643299.0
BXP,BXP Inc. Common Stock,Real Estate,Real Estate Investment Trusts,10973639275.0
BY,Byline Bancorp Inc. Common Stock,Finance,Major Banks,1785037971.0
BYD,Boyd Gaming Corporation Common Stock,Consumer Discretionary,Hotels/Resorts,6111773426.0
BZ,KANZHUN LIMITED American Depository Shares,Technology,Computer Software: Programming Data Processing,7446543761.0
C,Citigroup Inc. Common Stock,Finance,Major Banks,228240308118.0
CAAP,Corporacion America Airports SA Common Shares,Consumer Discretionary,Aerospace,4318828476.0
CACC,Credit Acceptance Corporation Common Stock,Finance,Finance: Consumer Services,6034231154.0
CACI,CACI International Inc. Class A Common Stock,Technology,EDP Services,13890791671.0
CAG,ConAgra Brands Inc. Common Stock,Consumer Staples,Packaged Foods,7106699784.0
CAH,Cardinal Health Inc. Common Stock,Health Care,Other Pharmaceuticals,55661363499.0
CAI,Caris Life Sciences Inc. Common Stock,Health Care,Medical Specialities,5653613900.0
CAKE,Cheesecake Factory Incorporated (The) Common Stock,Consumer Discretionary,Restaurants,5339813635.0
CALM,Cal-Maine Foods Inc. Common Stock,Consumer Staples,Farming/Seeds/Milling,3980914238.0
CALX,Calix Inc Common Stock,Consumer Discretionary,Telecommunications Equipment,2359890308.0
CALY,Callaway Golf Company Common Stock,Consumer Discretionary,Recreational Games/Products/Toys,3102512855.0
CAMT,Camtek Ltd. Ordinary Shares,Technology,Electronic Components,6966930010.0
CAR,Avis Budget Group Inc. Common Stock,Consumer Discretionary,Rental/Leasing Companies,4887318066.0
CARG,CarGurus Inc. Class A Common Stock ,Technology,EDP Services,3281006625.0
CARR,Carrier Global Corporation Common Stock ,Industrials,Industrial Machinery/Components,52723830646.0
CART,Maplebear Inc. Common Stock,Consumer Discretionary,Business Services,10583392524.0
CASH,Pathward Financial Inc. Common Stock,Finance,Major Banks,1870982313.0
CASY,Casey's General Stores Inc. Common Stock,Consumer Discretionary,Retail-Auto Dealers and Gas Stations,30803630512.0
CAT,Caterpillar Inc. Common Stock,Industrials,Construction/Ag Equipment/Trucks,394747505801.0
CATY,Cathay General Bancorp Common Stock,Finance,Major Banks,4270830112.0
CAVA,CAVA Group Inc. Common Stock,Consumer Discretionary,Restaurants,7248168059.0
CB,Chubb Limited  Common Stock,Finance,Property-Casualty Insurers,136584724082.0
CBC,Central Bancompany Inc. Class A Common Stock,Finance,Major Banks,7986677476.0
CBL,CBL & Associates Properties Inc. Common Stock,Real Estate,Real Estate Investment Trusts,1680609807.0
CBOE,Cboe Global Markets Inc. Common Stock,Finance,Investment Bankers/Brokers/Service,32334627938.0
CBRE,CBRE Group Inc Common Stock Class A,Finance,Real Estate,42697877690.0
CBRL,Cracker Barrel Old Country Store Inc Common Stock,Consumer Discretionary,Restaurants,1301302001.0
CBRS,Cerebras Systems Inc. Class A Common Stock,Technology,Semiconductors,47088324807.0
CBSH,Commerce Bancshares Inc. Common Stock,Finance,Major Banks,8619803353.0
CBT,Cabot Corporation Common Stock,Industrials,Major Chemicals,4520294663.0
CBU,Community Financial System Inc. Common Stock,Finance,Major Banks,3432887962.0
CBZ,CBIZ Inc. Common Stock,Consumer Discretionary,Business Services,2956838767.0
CC,Chemours Company (The) Common Stock,Industrials,Major Chemicals,2272207183.0
CCC,CCC Intelligent Solutions Holdings Inc. Common Stock,Technology,Computer Software: Prepackaged Software,3828465576.0
CCEC,Capital Clean Energy Carriers Corp. Common Share,Consumer Discretionary,Marine Transportation,1371592450.0
CCEP,Coca-Cola Europacific Partners plc Ordinary Shares,Consumer Staples,Beverages (Production/Distribution),49143598372.0
CCI,Crown Castle Inc. Common Stock,Real Estate,Real Estate Investment Trusts,32698982566.0
CCJ,Cameco Corporation Common Stock,Basic Materials,Other Metals and Minerals,40774597400.0
CCK,Crown Holdings Inc.,Industrials,Containers/Packaging,13170897882.0
CCL,Carnival Corporation Ltd. Common Shares,Consumer Discretionary,Marine Transportation,39432198136.0
CCNE,CNB Financial Corporation Common Stock,Finance,Major Banks,1041163517.0
CCO,Clear Channel Outdoor Holdings Inc. Common Stock,Consumer Discretionary,Advertising,1226650249.0
CCS,Century Communities Inc. Common Stock,Consumer Discretionary,Homebuilding,1959311139.0
CCU,Compania Cervecerias Unidas S.A. Common Stock,Consumer Staples,Beverages (Production/Distribution),2207779660.0
CDE,Coeur Mining Inc. Common Stock,Basic Materials,Precious Metals,16190093488.0
CDNA,CareDx Inc. Common Stock,Health Care,Medical Specialities,2318210533.0
CDNL,Cardinal Infrastructure Group Inc. Class A Common Stock,Industrials,Military/Government/Technical,2684322711.0
CDNS,Cadence Design Systems Inc. Common Stock,Technology,Computer Software: Prepackaged Software,93198499060.0
CDP,COPT Defense Properties Common Shares of Beneficial Interest,Real Estate,Real Estate Investment Trusts,4220003142.0
CDRE,Cadre Holdings Inc. Common Stock,Health Care,Industrial Specialties,1498766734.0
CDW,CDW Corporation Common Stock,Consumer Discretionary,Catalog/Specialty Distribution,18137157438.0
CE,Celanese Corporation Common Stock,Industrials,Major Chemicals,4819668589.0
CECO,CECO Environmental Corp. Common Stock,Industrials,Pollution Control Equipment,4009904520.0
CELC,Celcuity Inc. Common Stock,Health Care,Medical Specialities,4547456356.0
CELH,Celsius Holdings Inc. Common Stock,Consumer Staples,Beverages (Production/Distribution),6076571357.0
CENT,Central Garden & Pet Company Common Stock,Consumer Discretionary,Consumer Specialties,2912044055.0
CENTA,Central Garden & Pet Company Class A Common Stock Nonvoting,Consumer Discretionary,Consumer Specialties,2540373627.0
CENX,Century Aluminum Company Common Stock,Industrials,Aluminum,4547857460.0
CERT,Certara Inc. Common Stock,Technology,Computer Software: Prepackaged Software,1240140281.0
CET,Central Securities Corporation Common Stock,Finance,Finance/Investors Services,13393674568.0
CF,CF Industries Holdings Inc. Common Stock,Industrials,Agricultural Chemicals,17933145154.0
CFFN,Capitol Federal Financial Inc. Common Stock,Finance,Savings Institutions,1139660745.0
CFG,Citizens Financial Group Inc. Common Stock,Finance,Major Banks,30505834755.0
CFR,Cullen/Frost Bankers Inc. Common Stock,Finance,Major Banks,10239633817.0
CG,The Carlyle Group Inc. Common Stock,Finance,Investment Managers,17595549992.0
CGAU,Centerra Gold Inc. Common Shares,Basic Materials,Precious Metals,3956261459.0
CGEM,Cullinan Therapeutics Inc. Common Stock,Health Care,Biotechnology: Biological Products (No Diagnostic Substances),1103171926.0
CGNX,Cognex Corporation Common Stock,Industrials,Industrial Machinery/Components,11213342608.0
CGON,CG Oncology Inc. Common stock,Health Care,Biotechnology: Biological Products (No Diagnostic Substances),6601955104.0
CHCO,City Holding Company Common Stock,Finance,Major Banks,2049505750.0
CHD,Church & Dwight Company Inc. Common Stock,Consumer Discretionary,Package Goods/Cosmetics,24517395828.0
CHDN,Churchill Downs Incorporated Common Stock,Consumer Discretionary,Services-Misc. Amusement & Recreation,6055557112.0
CHE,Chemed Corp,Health Care,Medical/Nursing Services,7180767273.0
CHEF,The Chefs' Warehouse Inc. Common Stock,Consumer Discretionary,Food Distributors,4452484499.0
CHH,Choice Hotels International Inc. Common Stock,Consumer Discretionary,Hotels/Resorts,4992220447.0
CHKP,Check Point Software Technologies Ltd. Ordinary Shares,Technology,Computer Software: Prepackaged Software,12791167428.0
CHRD,Chord Energy Corporation Common Stock,Energy,Oil & Gas Production,7459641748.0
CHRN,ChronoScale Holdings Corporation Common Stock,Industrials,Industrial Machinery/Components,2940600206.0
CHRW,C.H. Robinson Worldwide Inc. Common Stock,Industrials,Integrated Freight & Logistics,17137405498.0
CHWY,Chewy Inc. Class A Common Stock,Consumer Discretionary,Catalog/Specialty Distribution,9592809170.0
CHYM,Chime Financial Inc. Class A Common Stock,Finance,Finance: Consumer Services,11906848094.0
CI,The Cigna Group Common Stock,Health Care,Medical Specialities,72732193772.0
CIFR,Cipher Digital Inc. Common Stock,Finance,Finance: Consumer Services,7557709448.0
CIGI,Colliers International Group Inc. Subordinate Voting Shares,Finance,Real Estate,5045991286.0
CII,BlackRock Enhanced Large Cap Core Fund Inc. Common Stock,Finance,Investment Bankers/Brokers/Service,3664019661.0
CINF,Cincinnati Financial Corporation Common Stock,Finance,Property-Casualty Insurers,27478709177.0
CL,Colgate-Palmolive Company Common Stock,Consumer Discretionary,Package Goods/Cosmetics,74137073097.0
CLBK,Columbia Financial Inc. Common Stock,Finance,Savings Institutions,1127874564.0
CLBT,Cellebrite DI Ltd. Ordinary Shares,Technology,Computer Software: Prepackaged Software,3856339571.0
CLDX,Celldex Therapeutics Inc.,Health Care,Biotechnology: In Vitro & In Vivo Diagnostic Substances,3262130512.0
CLF,Cleveland-Cliffs Inc. Common Stock,Basic Materials,Metal Mining,6977704775.0
CLH,Clean Harbors Inc. Common Stock,Industrials,Environmental Services,16239468975.0
CLMT,Calumet Inc. Common Stock,Energy,Integrated oil Companies,3649722516.0
CLOV,Clover Health Investments Corp. Class A Common Stock,Health Care,Medical Specialities,2454348950.0
CLS,Celestica Inc. Common Stock,Technology,Electrical Products,36162491345.0
CLSK,CleanSpark Inc. Common Stock,Finance,Finance: Consumer Services,3271759727.0
CLVT,Clarivate Plc Ordinary Shares,Technology,EDP Services,1183378406.0
CLX,Clorox Company (The) Common Stock,Consumer Discretionary,Specialty Chemicals,12769294666.0
CM,Canadian Imperial Bank of Commerce Common Stock,Finance,Commercial Banks,108349798050.0
CMBT,CMB.TECH NV Ordinary Shares,Consumer Discretionary,Marine Transportation,5185193187.0
CMC,Commercial Metals Company Common Stock,Industrials,Steel/Iron Ore,8151907246.0
CME,CME Group Inc. Class A Common Stock,Finance,Investment Bankers/Brokers/Service,95043990796.0
CMG,Chipotle Mexican Grill Inc. Common Stock,Consumer Discretionary,Restaurants,42657240780.0
CMI,Cummins Inc. Common Stock,Industrials,Industrial Machinery/Components,88653176338.0
CMP,Compass Minerals Intl Inc Common Stock,Industrials,Mining & Quarrying of Nonmetallic Minerals (No Fuels),1076651210.0
CMPR,Cimpress plc Ordinary Shares (Ireland),Consumer Discretionary,Publishing,2338639006.0
CMPS,COMPASS Pathways Plc American Depository Shares,Health Care,Biotechnology: Pharmaceutical Preparations,1828563286.0
CMRE,Costamare Inc. Common Stock $0.0001 par value,Consumer Discretionary,Marine Transportation,1797978397.0
CNA,CNA Financial Corporation Common Stock,Finance,Property-Casualty Insurers,14239020831.0
CNC,Centene Corporation Common Stock,Health Care,Medical Specialities,31714479000.0
CNH,CNH Industrial N.V. Common Shares,Industrials,Construction/Ag Equipment/Trucks,13429326644.0
CNI,Canadian National Railway Company Common Stock,Industrials,Railroads,76358240000.0
CNK,Cinemark Holdings Inc Cinemark Holdings Inc. Common Stock,Consumer Discretionary,Movies/Entertainment,4398854897.0
CNM,Core & Main Inc. Class A Common Stock,Consumer Discretionary,Durable Goods,8803226392.0
CNMD,CONMED Corporation Common Stock,Health Care,Biotechnology: Electromedical & Electrotherapeutic Apparatus,1490673613.0
CNO,CNO Financial Group Inc. Common Stock,Finance,Accident &Health Insurance,5178974946.0
CNOB,ConnectOne Bancorp Inc. Common Stock,Finance,Major Banks,1796634124.0
CNQ,Canadian Natural Resources Limited Common Stock,Energy,Oil & Gas Production,94807427400.0
CNR,Core Natural Resources Inc. Common Stock,Energy,Coal Mining,4535676748.0
CNS,Cohen & Steers Inc Common Stock,Finance,Investment Managers,4344091108.0
CNX,CNX Resources Corporation Common Stock,Energy,Oil & Gas Production,5197259968.0
CNXC,Concentrix Corporation Common Stock,Technology,Computer Software: Prepackaged Software,1607223339.0
CNXN,PC Connection Inc. Common Stock,Consumer Discretionary,Catalog/Specialty Distribution,2185619373.0
COAG,Hemab Therapeutics Holdings Inc. Common Stock,Health Care,Biotechnology: Biological Products (No Diagnostic Substances),2436154186.0
COCO,The Vita Coco Company Inc. Common Stock,Consumer Staples,Beverages (Production/Distribution),3763471976.0
COF,Capital One Financial Corporation Common Stock,Finance,Major Banks,134966663920.0
COGT,Cogent Biosciences Inc. Common Stock,Health Care,Biotechnology: Pharmaceutical Preparations,7142282567.0
COHR,Coherent Corp. Common Stock,Technology,Electronic Components,65386573865.0
COHU,Cohu Inc. Common Stock,Industrials,Electrical Products,2451657445.0
COIN,Coinbase Global Inc. Class A Common Stock,Finance,Finance: Consumer Services,38364526973.0
COKE,Coca-Cola Consolidated Inc. Common Stock,Consumer Staples,Beverages (Production/Distribution),12529397060.0
COLB,Columbia Banking System Inc. Common Stock,Finance,Major Banks,8778457376.0
COLD,Americold Realty Trust Inc. Common Stock,Real Estate,Real Estate Investment Trusts,4114113270.0
COLM,Columbia Sportswear Company Common Stock,Consumer Discretionary,Apparel,2929344566.0
COMP,Compass Inc. Class A Common Stock,Finance,Real Estate,9399185306.0
CON,Concentra Group Holdings Parent Inc. Common Stock,Health Care,Medical Specialities,3907952761.0
COO,The Cooper Companies Inc. Common Stock,Health Care,Ophthalmic Goods,14299645792.0
COP,ConocoPhillips Common Stock,Energy,Integrated oil Companies,142248008257.0
COR,Cencora Inc. Common Stock,Health Care,Other Pharmaceuticals,63234290111.0
CORT,Corcept Therapeutics Incorporated Common Stock,Health Care,Biotechnology: Pharmaceutical Preparations,11669221956.0
CORZ,Core Scientific Inc. Common Stock,Finance,Finance: Consumer Services,6764216283.0
COST,Costco Wholesale Corporation Common Stock,Consumer Discretionary,Department/Specialty Retail Stores,420927906817.0
COTY,Coty Inc. Class A Common Stock,Consumer Discretionary,Package Goods/Cosmetics,2394868711.0
CP,Canadian Pacific Kansas City Limited Common Shares,Industrials,Railroads,80526816704.0
CPA,Copa Holdings S.A. Class A Common Stock,Consumer Discretionary,Air Freight/Delivery Services,5843731454.0
CPAY,Corpay Inc. Common Stock,Consumer Discretionary,Business Services,26032345099.0
CPB,The Campbell's Company Common Stock,Consumer Staples,Packaged Foods,6727532842.0
CPF,Central Pacific Financial Corp New,Finance,Major Banks,1024995263.0
CPNG,Coupang Inc. Class A Common Stock,Consumer Discretionary,Catalog/Specialty Distribution,29389316328.0
CPRI,Capri Holdings Limited Ordinary Shares,Consumer Discretionary,Apparel,1727766540.0
CPRT,Copart Inc. (DE) Common Stock,Consumer Discretionary,Retail-Auto Dealers and Gas Stations,26857791093.0
CPT,Camden Property Trust Common Stock,Real Estate,Real Estate Investment Trusts,11133727619.0
CR,Crane Company Common Stock,Industrials,Metal Fabrications,12632267804.0
CRAI,CRA International Inc. Common Stock,Consumer Discretionary,Other Consumer Services,1140614677.0
CRBG,Corebridge Financial Inc. Common Stock,Finance,Life Insurance,15533493445.0
CRC,California Resources Corporation Common Stock,Energy,Oil & Gas Production,4668835895.0
CRCL,Circle Internet Group Inc. Class A Common Stock,Finance,Finance: Consumer Services,15729891178.0
CRCT,Cricut Inc. Class A Common Stock,Technology,Industrial Machinery/Components,1274084708.0
CRDO,Credo Technology Group Holding Ltd Ordinary Shares,Technology,Semiconductors,42970102036.0
CRGY,Crescent Energy Company Class A Common Stock,Energy,Oil & Gas Production,3743473876.0
CRH,CRH PLC Ordinary Shares,Industrials,Building Materials,65367688929.0
CRI,Carter's Inc. Common Stock,Consumer Discretionary,Apparel,1479093644.0
CRK,Comstock Resources Inc. Common Stock,Energy,Oil & Gas Production,3878727439.0
CRL,Charles River Laboratories International Inc. Common Stock,Health Care,Biotechnology: Commercial Physical & Biological Resarch,12789013992.0
CRM,Salesforce Inc. Common Stock,Technology,Computer Software: Prepackaged Software,152964630000.0
CRNX,Crinetics Pharmaceuticals Inc. Common Stock,Health Care,Biotechnology: Pharmaceutical Preparations,8900994018.0
CRON,Cronos Group Inc. Common Share,Health Care, Medicinal Chemicals and Botanical Products ,1155114230.0
CROX,Crocs Inc. Common Stock,Consumer Discretionary,Shoe Manufacturing,6433270164.0
CRS,Carpenter Technology Corporation Common Stock,Industrials,Steel/Iron Ore,27686810431.0
CRSP,CRISPR Therapeutics AG Common Shares,Health Care,Biotechnology: Biological Products (No Diagnostic Substances),4993208601.0
CRSR,Corsair Gaming Inc. Common Stock,Technology,Computer peripheral equipment,1134020259.0
CRUS,Cirrus Logic Inc. Common Stock,Technology,Semiconductors,6231415200.0
CRVL,CorVel Corp. Common Stock,Finance,Specialty Insurers,3185515735.0
CRVS,Corvus Pharmaceuticals Inc. Common Stock,Health Care,Biotechnology: Pharmaceutical Preparations,1165493277.0
CRWD,CrowdStrike Holdings Inc. Class A Common Stock,Technology,Computer Software: Prepackaged Software,211176792079.0
CRWV,CoreWeave Inc. Class A Common Stock,Technology,Computer Software: Prepackaged Software,46553517624.0
CSAN,Cosan S.A. ADS,Consumer Discretionary,Retail-Auto Dealers and Gas Stations,2945178917.0
CSGP,CoStar Group Inc. Common Stock,Finance,Real Estate,11985744653.0
CSIQ,Canadian Solar Inc. Common Shares (ON),Technology,Semiconductors,1049124720.0
CSL,Carlisle Companies Incorporated Common Stock,Industrials,Specialty Chemicals,15203761536.0
CSQ,Calamos Strategic Total Return Common Stock,Finance,Finance Companies,3295329280.0
CSQR,Csquare Inc. Common Stock,Technology,Computer Software: Programming Data Processing,3111265489.0
CSTM,Constellium SE Ordinary Shares (France),Industrials,Metal Fabrications,3877448298.0
CSW,CSW Industrials Inc. Common Stock,Industrials,Home Furnishings,5665571300.0
CSWC,Capital Southwest Corporation Common Stock,Consumer Discretionary,Textiles,1577413208.0
CSX,CSX Corporation Common Stock,Industrials,Railroads,93920478292.0
CTAS,Cintas Corporation Common Stock,Industrials,Garments and Clothing,80894276756.0
CTBI,Community Trust Bancorp Inc. Common Stock,Finance,Major Banks,1423490815.0
CTOS,Custom Truck One Source Inc. Common Stock,Consumer Discretionary,Diversified Commercial Services,2516211217.0
CTRE,CareTrust REIT Inc. Common Stock,Real Estate,Real Estate Investment Trusts,9716560866.0
CTS,CTS Corporation Common Stock,Technology,Electrical Products,1892133481.0
CTSH,Cognizant Technology Solutions Corporation Class A Common Stock,Technology,EDP Services,25625771050.0
CTVA,Corteva Inc. Common Stock ,Consumer Staples,Farming/Seeds/Milling,51280684560.0
CUBE,CubeSmart Common Shares,Real Estate,Real Estate Investment Trusts,9423040288.0
CUBI,Customers Bancorp Inc Common Stock,Finance,Major Banks,2775348470.0
CURB,Curbline Properties Corp. Common Stock,Finance,Real Estate,3403975160.0
CUZ,Cousins Properties Incorporated Common Stock,Real Estate,Real Estate Investment Trusts,4910079390.0
CVBF,CVB Financial Corporation Common Stock,Finance,Major Banks,4007297501.0
CVCO,Cavco Industries Inc. Common Stock When Issued,Consumer Discretionary,Homebuilding,4445781554.0
CVE,Cenovus Energy Inc Common Stock,Energy,Oil & Gas Production,52968750000.0
CVI,CVR Energy Inc. Common Stock,Energy,Integrated oil Companies,3153644891.0
CVLT,Commvault Systems Inc. Common Stock,Technology,Computer Software: Prepackaged Software,5527047055.0
CVNA,Carvana Co. Class A Common Stock,Consumer Discretionary,Retail-Auto Dealers and Gas Stations,75205694042.0
CVS,CVS Health Corporation Common Stock,Consumer Staples,Retail-Drug Stores and Proprietary Stores,122769725480.0
CVSA,Covista Inc. Common Shares,Real Estate,Other Consumer Services,4228678019.0
CVX,Chevron Corporation Common Stock,Energy,Integrated oil Companies,376870038826.0
CW,Curtiss-Wright Corporation Common Stock,Technology,Industrial Machinery/Components,26377468743.0
CWK,Cushman & Wakefield Ltd. Common Shares,Finance,Real Estate,3200544898.0
CX,Cemex S.A.B. de C.V. Sponsored ADR,Industrials,Building Materials,17129852100.0
CXM,Sprinklr Inc. Class A Common Stock,Technology,Computer Software: Prepackaged Software,1548252117.0
CXT,Crane NXT Co. Common Stock,Industrials,Metal Fabrications,3127427646.0
CXW,CoreCivic Inc. Common Stock,Real Estate,Real Estate Investment Trusts,3188163950.0
CYD,China Yuchai International Limited Common Stock,Industrials,Industrial Machinery/Components,1828267831.0
CYTK,Cytokinetics Incorporated Common Stock,Health Care,Biotechnology: Pharmaceutical Preparations,10125077814.0
CZR,Caesars Entertainment Inc. Common Stock,Consumer Discretionary,Hotels/Resorts,6121797179.0
DAC,Danaos Corporation Common Stock,Consumer Discretionary,Marine Transportation,2605827446.0
DAKT,Daktronics Inc. Common Stock,Consumer Discretionary,Miscellaneous manufacturing industries,1050168657.0
DAL,Delta Air Lines Inc. Common Stock,Consumer Discretionary,Air Freight/Delivery Services,60488166299.0
DAN,Dana Incorporated Common Stock ,Consumer Discretionary,Auto Parts:O.E.M.,2956999297.0
DAR,Darling Ingredients Inc. Common Stock,Consumer Staples,Packaged Foods,9616694735.0
DASH,DoorDash Inc. Class A Common Stock,Consumer Discretionary,Business Services,92921374654.0
DAVE,Dave Inc. Class A Common Stock,Finance,Finance: Consumer Services,4680210796.0
DB,Deutsche Bank AG Common Stock,Finance,Major Banks,70797082000.0
DBRG,DigitalBridge Group Inc.,Real Estate,Real Estate Investment Trusts,2988674779.0
DBX,Dropbox Inc. Class A Common Stock,Technology,Computer Software: Prepackaged Software,8058204416.0
DCH,Dauch Corporation Common Stock,Consumer Discretionary,Auto Parts:O.E.M.,1345869370.0
DCI,Donaldson Company Inc. Common Stock,Industrials,Pollution Control Equipment,11398693247.0
DCO,Ducommun Incorporated Common Stock,Industrials,Military/Government/Technical,3039136716.0
DCOM,Dime Commercial Bancshares Inc. Common Stock,Finance,Major Banks,1814394489.0
DD,DuPont de Nemours Inc. Common Stock,Industrials,Major Chemicals,19452940549.0
DDOG,Datadog Inc. Class A Common Stock,Technology,Computer Software: Prepackaged Software,81618111736.0
DDS,Dillard's Inc. Common Stock,Consumer Discretionary,Department/Specialty Retail Stores,9638306970.0
DE,Deere & Company Common Stock,Industrials,Industrial Machinery/Components,165968326387.0
DEA,Easterly Government Properties Inc. Common Stock,Real Estate,Real Estate Investment Trusts,1177835047.0
DECK,Deckers Outdoor Corporation Common Stock,Consumer Discretionary,Shoe Manufacturing,13350860396.0
DEI,Douglas Emmett Inc. Common Stock,Real Estate,Real Estate Investment Trusts,1926080571.0
DELL,Dell Technologies Inc. Class C Common Stock ,Technology,Computer Manufacturing,283644462261.0
DEO,Diageo plc Common Stock,Consumer Staples,Beverages (Production/Distribution),51652771856.0
DFH,Dream Finders Homes Inc. Class A Common Stock,Consumer Discretionary,Homebuilding,1271948784.0
DFIN,Donnelley Financial Solutions Inc. Common Stock ,Consumer Discretionary,Other Consumer Services,1189440830.0
DFTX,Definium Therapeutics Inc. Common Shares,Health Care, Medicinal Chemicals and Botanical Products ,5032341368.0
DG,Dollar General Corporation Common Stock,Consumer Discretionary,Department/Specialty Retail Stores,28113768160.0
DGX,Quest Diagnostics Incorporated Common Stock,Health Care,Medical Specialities,26324046360.0
DHC,Diversified Healthcare Trust Common Shares of Beneficial Interest,Real Estate,Real Estate Investment Trusts,2111364775.0
DHI,D.R. Horton Inc. Common Stock,Consumer Discretionary,Homebuilding,40839181995.0
DHR,Danaher Corporation Common Stock,Industrials,Industrial Machinery/Components,140583151079.0
DHT,DHT Holdings Inc.,Consumer Discretionary,Marine Transportation,2955114039.0
DINO,HF Sinclair Corporation Common Stock,Energy,Natural Gas Distribution,14741836759.0
DIOD,Diodes Incorporated Common Stock,Technology,Semiconductors,4535664140.0
DIS,Walt Disney Company (The) Common Stock,Consumer Discretionary,Services-Misc. Amusement & Recreation,181778015864.0
DJT,Trump Media & Technology Group Corp. Common Stock,Technology,Computer Software: Programming Data Processing,2739073359.0
DK,Delek US Holdings Inc. Common Stock,Energy,Integrated oil Companies,3596965840.0
DKNG,DraftKings Inc. Class A Common Stock,Consumer Discretionary,Services-Misc. Amusement & Recreation,10999175873.0
DKS,Dick's Sporting Goods Inc Common Stock,Consumer Discretionary,Other Specialty Stores,17776993899.0
DLO,DLocal Limited Class A Common Shares,Consumer Discretionary,Business Services,4356144990.0
DLR,Digital Realty Trust Inc. Common Stock,Real Estate,Real Estate Investment Trusts,71254166051.0
DLTR,Dollar Tree Inc. Common Stock,Consumer Discretionary,Department/Specialty Retail Stores,24921200572.0
DLX,Deluxe Corporation Common Stock,Consumer Discretionary,Publishing,1194506151.0
DMC,Del Monte Corporation Ordinary Shares,Consumer Staples,Farming/Seeds/Milling,1409671918.0
DMRA,Damora Therapeutics Inc. Ordinary Shares,Health Care,Biotechnology: Pharmaceutical Preparations,1839209437.0
DNLI,Denali Therapeutics Inc. Common Stock,Health Care,Biotechnology: Biological Products (No Diagnostic Substances),3924891796.0
DNN,Denison Mines Corp Ordinary Shares (Canada),Basic Materials,Other Metals and Minerals,2832703091.0
DNOW,DNOW Inc. Common Stock,Consumer Discretionary,Oil and Gas Field Machinery,2809382694.0
DNTH,Dianthus Therapeutics Inc. Common Stock,Health Care,Biotechnology: Pharmaceutical Preparations,6148306830.0
DOC,Healthpeak Properties Inc. Common Stock,Real Estate,Real Estate Investment Trusts,14546755712.0
DOCN,DigitalOcean Holdings Inc. Common Stock,Technology,Computer Software: Programming Data Processing,14371748397.0
DOCS,Doximity Inc. Class A Common Stock,Technology,EDP Services,3778136491.0
DOCU,DocuSign Inc. Common Stock,Technology,Computer Software: Prepackaged Software,10864748195.0
DOLE,Dole plc Ordinary Shares,Consumer Staples,Farming/Seeds/Milling,1310338742.0
DOO,BRP Inc. Common Subordinate Voting Shares,Consumer Discretionary,Industrial Specialties,4715107517.0
DORM,Dorman Products Inc. Common Stock,Consumer Discretionary,Auto Parts:O.E.M.,4082771524.0
DOV,Dover Corporation Common Stock,Industrials,Industrial Machinery/Components,28395978639.0
DOW,Dow Inc. Common Stock ,Industrials,Major Chemicals,21886923543.0
DOX,Amdocs Limited Ordinary Shares,Technology,EDP Services,6381976746.0
DPZ,Domino's Pizza Inc Common Stock,Consumer Discretionary,Food Distributors,11857486276.0
DRH,Diamondrock Hospitality Company Common Stock,Real Estate,Real Estate Investment Trusts,2585192779.0
DRI,Darden Restaurants Inc. Common Stock,Consumer Discretionary,Restaurants,24063606781.0
DRS,Leonardo DRS Inc. Common Stock,Industrials,Industrial Machinery/Components,12090185630.0
DRTS,Alpha Tau Medical Ltd. Ordinary Shares,Health Care,Medical/Dental Instruments,1143246484.0
DRVN,Driven Brands Holdings Inc. Common Stock,Consumer Discretionary,Automotive Aftermarket,2137829293.0
DSGR,Distribution Solutions Group Inc. Common Stock,Consumer Discretionary,Industrial Specialties,1608515645.0
DSGX,Descartes Systems Group Inc. (The) Common Stock,Technology,Computer Software: Prepackaged Software,6665032524.0
DSL,DoubleLine Income Solutions Fund Common Shares of Beneficial Interests,Finance,Trusts Except Educational Religious and Charitable,1091366060.0
DT,Dynatrace Inc. Common Stock,Technology,Computer Software: Prepackaged Software,14244419072.0
DUOL,Duolingo Inc. Class A Common Stock,Technology,Computer Software: Prepackaged Software,5711384282.0
DV,DoubleVerify Holdings Inc. Common Stock,Technology,Computer Software: Programming Data Processing,1797065653.0
DVA,DaVita Inc. Common Stock,Health Care,Misc Health and Biotechnology Services,11526746000.0
DVN,Devon Energy Corporation Common Stock,Energy,Oil & Gas Production,49723207943.0
DX,Dynex Capital Inc. Common Stock,Real Estate,Real Estate Investment Trusts,3179018207.0
DXC,DXC Technology Company Common Stock ,Technology,EDP Services,1771945661.0
DXCM,DexCom Inc. Common Stock,Health Care,Medical/Dental Instruments,31328490710.0
DXPE,DXP Enterprises Inc. Common Stock,Industrials,Industrial Machinery/Components,3073307892.0
DY,Dycom Industries Inc. Common Stock,Industrials,Water Sewer Pipeline Comm & Power Line Construction,11999668474.0
DYN,Dyne Therapeutics Inc. Common Stock,Health Care,Biotechnology: Pharmaceutical Preparations,4832997634.0
E,ENI S.p.A. Common Stock,Energy,Oil & Gas Production,85387471368.0
EAT,Brinker International Inc. Common Stock,Consumer Discretionary,Restaurants,9747108033.0
EBAY,eBay Inc. Common Stock,Consumer Discretionary,Business Services,49013531475.0
EBC,Eastern Bankshares Inc. Common Stock,Finance,Savings Institutions,5318602708.0
ECAT,BlackRock ESG Capital Allocation Term Trust Common Shares of Beneficial Interest,Finance,Finance/Investors Services,1678255200.0
ECG,Everus Construction Group Inc. Common Stock,Consumer Discretionary,Homebuilding,7121835285.0
ECHO,EchoStar  Corporation Common Stock,Consumer Discretionary,Telecommunications Equipment,25281406317.0
ECL,Ecolab Inc. Common Stock,Consumer Discretionary,Package Goods/Cosmetics,79776274317.0
ECO,Okeanis Eco Tankers Corp. Common Stock,Consumer Discretionary,Marine Transportation,2490268096.0
ECPG,Encore Capital Group Inc Common Stock,Finance,Finance Companies,2098587527.0
ECVT,Ecovyst Inc. Common Stock,Industrials,Major Chemicals,1203988324.0
EDU,New Oriental Education & Technology Group Inc. Sponsored ADR representing 10 Ordinary Share (Cayman Islands),Real Estate,Other Consumer Services,9044252802.0
EEFT,Euronet Worldwide Inc. Common Stock,Finance,Investment Bankers/Brokers/Service,2733080687.0
EFC,Ellington Financial Inc. Common Stock ,Finance,Real Estate,1647672219.0
EFOR,Everforth Inc. Common Stock,Consumer Discretionary,Professional Services,1294370000.0
EFSC,Enterprise Financial Services Corporation Common Stock,Finance,Major Banks,2402459478.0
EFX,Equifax Inc. Common Stock,Finance,Finance: Consumer Services,20652669868.0
EFXT,Enerflex Ltd Common Shares,Industrials,Industrial Machinery/Components,2524344609.0
EG,Everest Group Ltd. Common Stock,Finance,Property-Casualty Insurers,14200231537.0
EHC,Encompass Health Corporation Common Stock,Health Care,Hospital/Nursing Management,12382029166.0
EL,Estee Lauder Companies Inc. (The) Common Stock,Consumer Discretionary,Package Goods/Cosmetics,30929847283.0
ELAN,Elanco Animal Health Incorporated Common Stock,Health Care,Biotechnology: Pharmaceutical Preparations,12086679909.0
ELE,Elemental Royalty Corporation Common Stock,Basic Materials,Precious Metals,1147949425.0
ELF,e.l.f. Beauty Inc. Common Stock,Consumer Discretionary,Package Goods/Cosmetics,5486954955.0
ELS,Equity Lifestyle Properties Inc. Common Stock,Real Estate,Real Estate Investment Trusts,12548218265.0
ELV,Elevance Health Inc. Common Stock,Health Care,Medical Specialities,84882640106.0
ELVN,Enliven Therapeutics Inc. Common Stock,Health Care,Biotechnology: Pharmaceutical Preparations,3670741095.0
EMBJ,Embraer S.A. Common Stock,Industrials,Aerospace,12997142113.0
EME,EMCOR Group Inc. Common Stock,Industrials,Engineering & Construction,35659767265.0
EMN,Eastman Chemical Company Common Stock,Industrials,Major Chemicals,8406740444.0
EMR,Emerson Electric Company Common Stock,Technology,Consumer Electronics/Appliances,87524398000.0
ENB,Enbridge Inc Common Stock,Energy,Natural Gas Distribution,112892011378.0
ENHA,Enhanced Group Inc. Class A Common Stock,Consumer Discretionary,Services-Misc. Amusement & Recreation,1023818648.0
ENOV,Enovis Corporation Common Stock,Health Care,Industrial Specialties,1514472085.0
ENPH,Enphase Energy Inc. Common Stock,Technology,Semiconductors,5242178186.0
ENSG,The Ensign Group Inc. Common Stock,Health Care,Hospital/Nursing Management,10587586960.0
ENTG,Entegris Inc. Common Stock,Industrials,Plastic Products,21796920000.0
ENVA,Enova International Inc. Common Stock,Finance,Finance: Consumer Services,6372987041.0
EOG,EOG Resources Inc. Common Stock,Energy,Oil & Gas Production,71440873771.0
EPAC,Enerpac Tool Group Corp. Common Stock,Technology,Industrial Machinery/Components,1915616219.0
EPAM,EPAM Systems Inc. Common Stock,Technology,EDP Services,4862391055.0
EPC,Edgewell Personal Care Company Common Stock,Consumer Discretionary,Package Goods/Cosmetics,1295806887.0
EPR,EPR Properties Common Stock,Real Estate,Real Estate Investment Trusts,4699191275.0
EPRT,Essential Properties Realty Trust Inc. Common Stock,Real Estate,Real Estate Investment Trusts,6624442113.0
EQBK,Equity Bancshares Inc. Class A Common Stock,Finance,Major Banks,1057220649.0
EQH,Equitable Holdings Inc. Common Stock,Finance,Specialty Insurers,14686866576.0
EQIX,Equinix Inc. Common Stock REIT,Real Estate,Real Estate Investment Trusts,103887471322.0
EQNR,Equinor ASA,Energy,Integrated oil Companies,98660694844.0
EQPT,EquipmentShare.com Inc Class A Common Stock,Consumer Discretionary,Diversified Commercial Services,5077786952.0
EQR,Equity Residential Common Shares of Beneficial Interest,Real Estate,Real Estate Investment Trusts,25008792080.0
EQT,EQT Corporation Common Stock,Energy,Oil & Gas Production,32276625600.0
EQX,Equinox Gold Corp. Common Shares,Basic Materials,Precious Metals,8474999879.0
ERAS,Erasca Inc. Common Stock,Health Care,Biotechnology: Pharmaceutical Preparations,6252641854.0
ERIE,Erie Indemnity Company Class A Common Stock,Finance,Specialty Insurers,11734794616.0
ERO,Ero Copper Corp. Common Shares,Basic Materials,Metal Mining,3243044805.0
EROC,ERock Inc. Class A Common Stock,Energy,Industrial Machinery/Components,2281166421.0
EROK,EagleRock Land LLC Class A shares representing limited liability company interests,Energy,Oil & Gas Production,2994221977.0
ESAB,ESAB Corporation Common Stock,Industrials,Industrial Machinery/Components,5753930601.0
ESI,Element Solutions Inc. Common Stock,Industrials,Major Chemicals,9365041825.0
ESLT,Elbit Systems Ltd. Ordinary Shares,Industrials,Military/Government/Technical,39858155581.0
ESNT,Essent Group Ltd. Common Shares,Finance,Property-Casualty Insurers,6036933859.0
ESQ,Esquire Financial Holdings Inc. Common Stock,Finance,Commercial Banks,1134530079.0
ESS,Essex Property Trust Inc. Common Stock,Real Estate,Real Estate Investment Trusts,18324217328.0
ESTA,Establishment Labs Holdings Inc. Common Shares,Health Care,Industrial Specialties,2326472330.0
ESTC,Elastic N.V. Ordinary Shares,Technology,Computer Software: Prepackaged Software,7271416728.0
ETN,Eaton Corporation PLC Ordinary Shares,Technology,Industrial Machinery/Components,174076996000.0
ETON,Eton Pharmaceuticals Inc. Common Stock,Health Care,Biotechnology: Pharmaceutical Preparations,1264979092.0
ETOR,eToro Group Ltd. Class A Common Shares,Finance,Investment Bankers/Brokers/Service,2857783895.0
ETSY,Etsy Inc. Common Stock,Consumer Discretionary,Business Services,7806163962.0
ETV,Eaton Vance Corporation Eaton Vance Tax-Managed Buy-Write Opportunities Fund Common Shares of Beneficial Interest,Finance,Investment Bankers/Brokers/Service,1635747185.0
ETW,Eaton Vance Corporation Eaton Vance Tax-Managed Global Buy-Write Opportunites Fund Common Shares of Beneficial Interest,Finance,Investment Managers,1055426679.0
EVC,Entravision Communications Corporation Common Stock,Industrials,Broadcasting,1050167044.0
EVCM,EverCommerce Inc. Common Stock,Technology,Computer Software: Prepackaged Software,1877446938.0
EVLV,Evolv Technologies Holdings Inc. Class A Common Stock,Technology,Computer peripheral equipment,1069335532.0
EVR,Evercore Inc. Class A Common Stock,Finance,Investment Managers,12004335260.0
EVTC,Evertec Inc. Common Stock,Technology,EDP Services,1906533443.0
EW,Edwards Lifesciences Corporation Common Stock,Health Care,Industrial Specialties,51484048000.0
EWBC,East West Bancorp Inc. Common Stock,Finance,Major Banks,18067067033.0
EWTX,Edgewise Therapeutics Inc. Common Stock,Health Care,Biotechnology: Pharmaceutical Preparations,4779281327.0
EXE,Expand Energy Corporation Common Stock,Energy,Oil & Gas Production,21289088436.0
EXEL,Exelixis Inc. Common Stock,Health Care,Biotechnology: Biological Products (No Diagnostic Substances),13120735333.0
EXK,Endeavour Silver Corporation Ordinary Shares (Canada),Basic Materials,Precious Metals,2614287522.0
EXLS,ExlService Holdings Inc. Common Stock,Consumer Discretionary,Business Services,5254889215.0
EXP,Eagle Materials Inc Common Stock,Industrials,Building Materials,6482923186.0
EXPD,Expeditors International of Washington Inc. Common Stock,Industrials,Integrated Freight & Logistics,23354064708.0
EXPE,Expedia Group Inc. Common Stock,Consumer Discretionary,Transportation Services,36795168146.0
EXPO,Exponent Inc. Common Stock,Consumer Discretionary,Professional Services,3211954956.0
EXR,Extra Space Storage Inc Common Stock,Real Estate,Real Estate Investment Trusts,31593249703.0
EYE,National Vision Holdings Inc. Common Stock,Health Care,Ophthalmic Goods,1800221463.0
EYPT,EyePoint Inc. Common Stock,Industrials,Biotechnology: Laboratory Analytical Instruments,1075683853.0
EZPW,EZCORP Inc. Class A Non Voting Common Stock,Consumer Discretionary,Other Specialty Stores,1795619838.0
F,Ford Motor Company Common Stock,Industrials,Auto Manufacturing,54011894120.0
FA,First Advantage Corporation Common Stock,Technology,EDP Services,4137473574.0
FAF,First American Corporation (New) Common Stock,Finance,Specialty Insurers,7672815000.0
FANG,Diamondback Energy Inc. Common Stock,Energy,Oil & Gas Production,53345440510.0
FAST,Fastenal Company Common Stock,Consumer Discretionary,RETAIL: Building Materials,58292876708.0
FBIN,Fortune Brands Innovations Inc. Common Stock,Basic Materials,Forest Products,6006423546.0
FBK,FB Financial Corporation Common Stock,Finance,Major Banks,3039670353.0
FBNC,First Bancorp Common Stock,Finance,Major Banks,2656301515.0
FBP,First BanCorp. New Common Stock,Finance,Major Banks,4495127269.0
FBRX,Forte Biosciences Inc. Common Stock,Health Care,Biotechnology: Pharmaceutical Preparations,1573387510.0
FBYD,Falcon's Beyond Global Inc. Class A Common Stock,Consumer Discretionary,Services-Misc. Amusement & Recreation,1191810944.0
FCEL,FuelCell Energy Inc. Common Stock,Energy,Industrial Machinery/Components,1624669263.0
FCF,First Commonwealth Financial Corporation Common Stock,Finance,Major Banks,2181131560.0
FCFS,FirstCash Holdings Inc. Common Stock,Consumer Discretionary,Other Specialty Stores,8919844388.0
FCN,FTI Consulting Inc. Common Stock,Consumer Discretionary,Professional Services,4165758320.0
FCNCA,First Citizens BancShares Inc. Class A Common Stock,Finance,Major Banks,25925970195.0
FCPT,Four Corners Property Trust Inc. Common Stock,Real Estate,Real Estate Investment Trusts,2750495534.0
FCX,Freeport-McMoRan Inc. Common Stock,Basic Materials,Metal Mining,98012831596.0
FDS,FactSet Research Systems Inc. Common Stock,Technology,Computer Software: Programming Data Processing,9765586797.0
FDX,FedEx Corporation Common Stock,Consumer Discretionary,Air Freight/Delivery Services,74731847552.0
FDXF,FedEx Freight Holding Company Inc. Common Stock,Consumer Discretionary,Air Freight/Delivery Services,17464074628.0
FELE,Franklin Electric Co. Inc. Common Stock,Consumer Discretionary,Metal Fabrications,4833639359.0
FER,Ferrovial N.V. Ordinary Shares,Industrials,Military/Government/Technical,47045342403.0
FFBC,First Financial Bancorp. Common Stock,Finance,Major Banks,3544514254.0
FFIN,First Financial Bankshares Inc. Common Stock,Finance,Major Banks,4974897768.0
FG,F&G Annuities & Life Inc. Common Stock,Finance,Life Insurance,3865912008.0
FHB,First Hawaiian Inc. Common Stock,Finance,Major Banks,3354735079.0
FHI,Federated Hermes Inc. Common Stock,Finance,Investment Managers,4722262773.0
FHN,First Horizon Corporation Common Stock,Finance,Major Banks,12098008053.0
FIBK,First Interstate BancSystem Inc. Common Stock (DE),Finance,Major Banks,3566298394.0
FICO,Fair Isaac Corporation Common Stock,Consumer Discretionary,Business Services,22286383580.0
FIG,Figma Inc. Class A Common Stock,Technology,Computer Software: Prepackaged Software,12665186455.0
FIGR,Figure Technology Solutions Inc. Class A Common Stock,Finance,Finance: Consumer Services,6306751766.0
FIGS,FIGS Inc. Class A Common Stock,Consumer Discretionary,Apparel,1877611124.0
FIS,Fidelity National Information Services Inc. Common Stock,Consumer Discretionary,Business Services,22077370307.0
FISV,Fiserv Inc. Common Stock,Consumer Discretionary,Business Services,28854373182.0
FITB,Fifth Third Bancorp Common Stock,Finance,Major Banks,51656600445.0
FIVE,Five Below Inc. Common Stock,Consumer Discretionary,Department/Specialty Retail Stores,12779861523.0
FIVN,Five9 Inc. Common Stock,Technology,EDP Services,2172120340.0
FIX,Comfort Systems USA Inc. Common Stock,Industrials,Engineering & Construction,60309002174.0
FIZZ,National Beverage Corp. Common Stock,Consumer Staples,Beverages (Production/Distribution),2991842780.0
FLEX,Flex Ltd. Ordinary Shares,Technology,Electrical Products,45307275252.0
FLG,Flagstar Bank N.A. Common Stock,Finance,Banks,5902102128.0
FLNG,FLEX LNG Ltd. Ordinary Shares,Consumer Discretionary,Marine Transportation,1677945504.0
FLO,Flowers Foods Inc. Common Stock,Consumer Staples,Packaged Foods,1534830985.0
FLOC,Flowco Holdings Inc. Class A Common Stock,Consumer Discretionary,Oil and Gas Field Machinery,1892736465.0
FLR,Fluor Corporation Common Stock,Industrials,Military/Government/Technical,6808907430.0
FLS,Flowserve Corporation Common Stock,Industrials,Fluid Controls,9996149019.0
FLUT,Flutter Entertainment plc Ordinary Shares,Technology,Computer Software: Programming Data Processing,16293595413.0
FLY,Firefly Aerospace Inc. Common Stock,Industrials,Military/Government/Technical,3855259321.0
FLYW,Flywire Corporation Voting Common Stock,Consumer Discretionary,Business Services,2212110992.0
FMBH,First Mid Bancshares Inc. Common Stock,Finance,Major Banks,1381359812.0
FMC,FMC Corporation Common Stock,Industrials,Major Chemicals,1321143151.0
FMX,Fomento Economico Mexicano S.A.B. de C.V. Common Stock,Consumer Staples,Beverages (Production/Distribution),41624461760.0
FNB,F.N.B. Corporation Common Stock,Finance,Major Banks,6752636113.0
FND,Floor & Decor Holdings Inc. Common Stock,Consumer Discretionary,RETAIL: Building Materials,6388333000.0
FNF,Fidelity National Financial Inc. Common Stock,Finance,Specialty Insurers,14141537152.0
FNV,Franco-Nevada Corporation,Basic Materials,Precious Metals,44575332000.0
FOR,Forestar Group Inc Common Stock ,Finance,Real Estate,1490224885.0
FORM,FormFactor Inc. FormFactor Inc. Common Stock,Technology,Semiconductors,9000288727.0
FOUR,Shift4 Payments Inc. Class A Common Stock,Consumer Discretionary,Business Services,3439702145.0
FOX,Fox Corporation Class B Common Stock,Industrials,Broadcasting,23265716262.0
FOXA,Fox Corporation Class A Common Stock,Industrials,Broadcasting,25963312404.0
FPS,Forgent Power Solutions Inc. Class A Common Stock,Energy,Industrial Machinery/Components,11483057693.0
FR,First Industrial Realty Trust Inc. Common Stock,Real Estate,Real Estate Investment Trusts,8403799047.0
FRA,Blackrock Floating Rate Income Strategies Fund Inc  Common Stock,Finance,Investment Bankers/Brokers/Service,1611097561.0
FRHC,Freedom Holding Corp. Common Stock,Finance,Investment Bankers/Brokers/Service,9039429846.0
FRME,First Merchants Corporation Common Stock,Finance,Major Banks,2687900904.0
FRMEP,First Merchants Corporation Depository Shares,Finance,Major Banks,1579455788.0
FRMI,Fermi Inc. Common Stock,Real Estate,Real Estate Investment Trusts,3946584539.0
FRNM,Freenome Inc. Common stock,Health Care,Medical Specialities,1172244741.0
FRO,Frontline Plc Ordinary Shares,Consumer Discretionary,Marine Transportation,8806961489.0
FROG,JFrog Ltd. Ordinary Shares,Technology,Computer Software: Prepackaged Software,10057781881.0
FRPT,Freshpet Inc. Common Stock,Consumer Staples,Packaged Foods,3279298443.0
FRSH,Freshworks Inc. Class A Common Stock,Technology,Computer Software: Prepackaged Software,3024071747.0
FRT,Federal Realty Investment Trust Common Stock,Real Estate,Real Estate Investment Trusts,10245097672.0
FSBC,Five Star Bancorp Common Stock,Finance,Major Banks,1119498557.0
FSK,FS KKR Capital Corp. Common Stock,Finance,Investment Managers,3327189224.0
FSLR,First Solar Inc. Common Stock,Technology,Semiconductors,26237674042.0
FSLY,Fastly Inc. Class A Common Stock,Technology,Computer Software: Prepackaged Software,3549420000.0
FSM,Fortuna Mining Corp. Common Shares,Basic Materials,Precious Metals,2911568620.0
FSS,Federal Signal Corporation Common Stock,Industrials,Auto Manufacturing,7802949134.0
FSUN,FirstSun Capital Bancorp Common Stock,Finance,Major Banks,1858718758.0
FSV,FirstService Corporation Common Shares,Finance,Real Estate,6270821036.0
FTAI,FTAI Aviation Ltd. Common Stock,Industrials,Misc Corporate Leasing Services,22721889742.0
FTDR,Frontdoor Inc. Common Stock,Consumer Discretionary,Diversified Commercial Services,6315524186.0
FTI,TechnipFMC plc Ordinary Share,Consumer Discretionary,Oil and Gas Field Machinery,27302484693.0
FTK,Flotek Industries Inc. Common Stock,Industrials,Major Chemicals,1317945706.0
FTNT,Fortinet Inc. Common Stock,Technology,Computer peripheral equipment,117474892982.0
FTRE,Fortrea Holdings Inc. Common Stock,Health Care,Medical Specialities,1682319000.0
FTV,Fortive Corporation Common Stock ,Industrials,Industrial Machinery/Components,18383777955.0
FUL,H. B. Fuller Company Common Stock,Industrials,Home Furnishings,3182601109.0
FULT,Fulton Financial Corporation Common Stock,Finance,Major Banks,4663659498.0
FUN,Six Flags Entertainment Corporation Common Stock New,Consumer Discretionary,Services-Misc. Amusement & Recreation,1609712087.0
FWONA,Liberty Media Corporation Series A Liberty Formula One Common Stock,Industrials,Broadcasting,22870276912.0
FWONK,Liberty Media Corporation Series C Liberty Formula One Common Stock,Industrials,Broadcasting,24982883031.0
G,Genpact Limited Common Stock,Consumer Discretionary,Professional Services,6129355402.0
GAB,Gabelli Equity Trust Inc. (The) Common Stock,Finance,Investment Managers,1663005426.0
GABC,German American Bancorp Inc. Common Stock,Finance,Major Banks,1907891610.0
GAM,General American Investors Inc. Common Stock,Finance,Investment Managers,1598933431.0
GAP,Gap Inc. (The) Common Stock,Consumer Discretionary,Clothing/Shoe/Accessory Stores,7386767705.0
GATX,GATX Corporation Common Stock,Consumer Discretionary,Transportation Services,6311287000.0
GBCI,Glacier Bancorp Inc. Common Stock,Finance,Major Banks,6315279721.0
GBDC,Golub Capital BDC Inc. Common Stock,Finance,Finance: Consumer Services,3391049752.0
GBTG,Global Business Travel Group Inc. Class A Common Stock,Consumer Discretionary,Transportation Services,4925981567.0
GBX,Greenbrier Companies Inc. (The) Common Stock,Industrials,Railroads,1475204228.0
GCMG,GCM Grosvenor Inc. Class A Common Stock,Finance,Investment Managers,2723620466.0
GCT,GigaCloud Technology Inc Class A Ordinary Shares,Consumer Discretionary,Catalog/Specialty Distribution,1953947373.0
GD,General Dynamics Corporation Common Stock,Industrials,Marine Transportation,104683989889.0
GDDY,GoDaddy Inc. Class A Common Stock,Technology,EDP Services,11442620056.0
GDRX,GoodRx Holdings Inc. Class A Common Stock,Technology,EDP Services,1259872388.0
GDS,GDS Holdings Limited ADS,Technology,Computer Software: Programming Data Processing,6380023198.0
GDV,Gabelli Dividend & Income Trust Common Shares of Beneficial Interest,Finance,Investment Managers,2719183004.0
GE,GE Aerospace Common Stock,Technology,Consumer Electronics/Appliances,388619039244.0
GEHC,GE HealthCare Technologies Inc. Common Stock ,Health Care,Medical Electronics,31758060378.0
GEN,Gen Digital Inc. Common Stock,Technology,Computer Software: Prepackaged Software,16820015527.0
GENB,Generate Biomedicines Inc. Common Stock,Health Care,Biotechnology: Pharmaceutical Preparations,1780593603.0
GENI,Genius Sports Limited Ordinary Shares,Consumer Discretionary,Services-Misc. Amusement & Recreation,2014268878.0
GEO,Geo Group Inc (The) REIT,Consumer Discretionary,Homebuilding,4027255080.0
GERN,Geron Corporation Common Stock,Health Care,Biotechnology: Pharmaceutical Preparations,1007187929.0
GEV,GE Vernova Inc. Common Stock,Technology,Consumer Electronics/Appliances,266413481074.0
GFF,Griffon Corporation Common Stock,Industrials,Building Products,4875622875.0
GFS,GlobalFoundries Inc. Ordinary Shares,Technology,Semiconductors,28021173012.0
GGB,Gerdau S.A. Common Stock,Industrials,Steel/Iron Ore,9969210967.0
GGG,Graco Inc. Common Stock,Industrials,Fluid Controls,13450265083.0
GH,Guardant Health Inc. Common Stock,Health Care,Medical Specialities,21146632469.0
GHC,Graham Holdings Company Common Stock,Real Estate,Other Consumer Services,5061416548.0
GHM,Graham Corporation Common Stock,Industrials,Industrial Machinery/Components,1230925642.0
GHRS,GH Research PLC Ordinary Shares,Health Care,Biotechnology: Pharmaceutical Preparations,2100591811.0
GIB,CGI Inc. Common Stock,Consumer Discretionary,Professional Services,17199161219.0
GIC,Global Industrial Company Common Stock,Industrials,Industrial Machinery/Components,1512138971.0
GIII,G-III Apparel Group LTD. Common Stock,Consumer Discretionary,Apparel,1509156796.0
GIL,Gildan Activewear Inc. Class A Sub. Vot. Common Stock,Consumer Discretionary,Apparel,10772609798.0
GILD,Gilead Sciences Inc. Common Stock,Health Care,Biotechnology: Biological Products (No Diagnostic Substances),162471833712.0
GIS,General Mills Inc. Common Stock,Consumer Staples,Packaged Foods,19250861844.0
GJS,Goldman Sachs Group Securities STRATS Trust for Goldman Sachs Group Securities Series 2006-2,Finance,Finance: Consumer Services,7214342443.0
GKOS,Glaukos Corporation Common Stock,Health Care,Medical/Dental Instruments,10085663388.0
GL,Globe Life Inc. Common Stock,Finance,Life Insurance,14443478441.0
GLBE,Global-E Online Ltd. Ordinary Shares,Technology,Computer Software: Prepackaged Software,6873651174.0
GLNG,Golar Lng Ltd,Consumer Discretionary,Marine Transportation,5183084453.0
GLOB,Globant S.A. Common Shares,Technology,EDP Services,1608438461.0
GLPI,Gaming and Leisure Properties Inc. Common Stock,Real Estate,Real Estate Investment Trusts,12759753086.0
GLUE,Monte Rosa Therapeutics Inc. Common Stock,Health Care,Biotechnology: Biological Products (No Diagnostic Substances),1327171657.0
GLW,Corning Incorporated Common Stock,Industrials,Telecommunications Equipment,135393017867.0
GLXY,Galaxy Digital Inc. Class A Common Stock,Finance,Investment Bankers/Brokers/Service,7632525848.0
GM,General Motors Company Common Stock,Industrials,Auto Manufacturing,76285636975.0
GMAB,Genmab A/S ADS,Health Care,Biotechnology: Pharmaceutical Preparations,3832463421.0
GME,GameStop Corporation Common Stock,Consumer Discretionary,Electronics Distribution,8628332872.0
GMED,Globus Medical Inc. Class A Common Stock,Health Care,Medical/Dental Instruments,11006174276.0
GNK,Genco Shipping & Trading Limited Ordinary Shares New (Marshall Islands),Consumer Discretionary,Marine Transportation,1095091292.0
GNL,Global Net Lease Inc. Common Stock,Real Estate,Real Estate Investment Trusts,1922218261.0
GNRC,Generac Holdlings Inc. Common Stock,Consumer Discretionary,Metal Fabrications,12460963316.0
GNTX,Gentex Corporation Common Stock,Consumer Discretionary,Auto Parts:O.E.M.,4959485612.0
GNW,Genworth Financial Inc Common Stock,Finance,Life Insurance,3719019876.0
GOLD,Gold.com Inc. Common Stock,Industrials,Other Specialty Stores,1218763795.0
GOLF,Acushnet Holdings Corp. Common Stock,Consumer Discretionary,Recreational Games/Products/Toys,5495297874.0
GOOG,Alphabet Inc. Class C Capital Stock,Technology,Computer Software: Programming Data Processing,4361462600000.0
GOOGL,Alphabet Inc. Class A Common Stock,Technology,Computer Software: Programming Data Processing,4375282500000.0
GPC,Genuine Parts Company Common Stock,Consumer Discretionary,Automotive Aftermarket,18306397265.0
GPGI,GPGI Inc. Class A Common Stock,Finance,Finance: Consumer Services,4342118274.0
GPI,Group 1 Automotive Inc. Common Stock,Consumer Discretionary,Retail-Auto Dealers and Gas Stations,3228776975.0
GPK,Graphic Packaging Holding Company,Consumer Discretionary,Containers/Packaging,3514369572.0
GPN,Global Payments Inc. Common Stock,Consumer Discretionary,Business Services,23987030129.0
GPOR,Gulfport Energy Corporation Common Shares,Energy,Oil & Gas Production,2802008568.0
GPRE,Green Plains Inc. Common Stock,Industrials,Major Chemicals,1065537632.0
GRAB,Grab Holdings Limited Class A Ordinary Shares,Consumer Discretionary,Business Services,15048768144.0
GRAL,GRAIL Inc. Common Stock ,Health Care,Medical Specialities,2720911996.0
GRBK,Green Brick Partners Inc. Common Stock,Consumer Discretionary,Homebuilding,3072684122.0
GRC,Gorman-Rupp Company (The) Common Stock,Industrials,Fluid Controls,2233778353.0
GRDN,Guardian Pharmacy Services Inc. Class A Common Stock,Consumer Staples,Retail-Drug Stores and Proprietary Stores,2499265424.0
GRMN,Garmin Ltd. Common Stock (Switzerland),Industrials,Industrial Machinery/Components,58216395042.0
GRND,Grindr Inc. Common Stock,Technology,Computer Software: Programming Data Processing,3048000506.0
GS,Goldman Sachs Group Inc. (The) Common Stock,Finance,Investment Bankers/Brokers/Service,300657772473.0
GSAT,Globalstar Inc. Common Stock,Consumer Discretionary,Telecommunications Equipment,10720390616.0
GSBD,Goldman Sachs BDC Inc. Common Stock,Finance,Investment Managers,1023252819.0
GSHD,Goosehead Insurance Inc. Class A Common Stock,Finance,Specialty Insurers,2367490227.0
GSL,Global Ship Lease Inc New Class A Common Shares,Consumer Discretionary,Marine Transportation,1537300843.0
GT,The Goodyear Tire & Rubber Company Common Stock,Consumer Discretionary,Automotive Aftermarket,1943085146.0
GTES,Gates Industrial Corporation Ltd. Common Shares,Industrials,Industrial Machinery/Components,7237591950.0
GTLB,GitLab Inc. Class A Common Stock,Technology,Computer Software: Prepackaged Software,6026352000.0
GTM,ZoomInfo Technologies Inc Common Stock,Technology,Computer Software: Prepackaged Software,1220132661.0
GTX,Garrett Motion Inc. Common Stock,Consumer Discretionary,Auto Parts:O.E.M.,5682454325.0
GTY,Getty Realty Corporation Common Stock,Finance,Real Estate,2059262242.0
GVA,Granite Construction Incorporated Common Stock,Industrials,Military/Government/Technical,5321764416.0
GWRE,Guidewire Software Inc. Common Stock,Technology,Computer Software: Prepackaged Software,13323515931.0
GWW,W.W. Grainger Inc. Common Stock,Industrials,Office Equipment/Supplies/Services,60410726190.0
GXO,GXO Logistics Inc. Common Stock ,Consumer Discretionary,Transportation Services,5408434169.0
H,Hyatt Hotels Corporation Class A Common Stock,Consumer Discretionary,Hotels/Resorts,16857067336.0
HAE,Haemonetics Corporation Common Stock,Health Care,Medical/Dental Instruments,3863817475.0
HAFN,Hafnia Limited Common Shares,Consumer Discretionary,Transportation Services,3773348853.0
HAL,Halliburton Company Common Stock,Energy,Oilfield Services/Equipment,27085068231.0
HALO,Halozyme Therapeutics Inc. Common Stock,Health Care,Biotechnology: Biological Products (No Diagnostic Substances),10172250880.0
HAPN,Happen Inc. Common Stock,Finance,Finance: Consumer Services,2274681115.0
HAS,Hasbro Inc. Common Stock,Consumer Discretionary,Recreational Games/Products/Toys,12932367179.0
HASI,HA Sustainable Infrastructure Capital Inc. Common Stock,Finance,Finance/Investors Services,4911268857.0
HAWK,HawkEye 360 Inc. Common Stock,Technology,EDP Services,2420590834.0
HAYW,Hayward Holdings Inc. Common Stock,Industrials,Industrial Machinery/Components,3323913850.0
HBAN,Huntington Bancshares Incorporated Common Stock,Finance,Major Banks,35074401379.0
HBM,Hudbay Minerals Inc. Ordinary Shares (Canada),Basic Materials,Metal Mining,11685448636.0
HBNB,Hotel101 Global Holdings Corp. Class A Ordinary Shares,Consumer Discretionary,Hotels/Resorts,1284837799.0
HBNC,Horizon Bancorp Inc. Common Stock,Finance,Major Banks,1051233567.0
HBT,HBT Financial Inc. Common Stock,Finance,Major Banks,1318814078.0
HCA,HCA Healthcare Inc. Common Stock,Health Care,Hospital/Nursing Management,88525298335.0
HCC,Warrior Met Coal Inc. Common Stock,Energy,Coal Mining,4732112014.0
HCI,HCI Group Inc. Common Stock,Finance,Property-Casualty Insurers,2309026119.0
HCSG,Healthcare Services Group Inc. Common Stock,Health Care,Hospital/Nursing Management,1513340054.0
HD,Home Depot Inc. (The) Common Stock,Consumer Discretionary,RETAIL: Building Materials,348512222693.0
HDB,HDFC Bank Limited Common Stock,Finance,Commercial Banks,121966788386.0
HEI,Heico Corporation Common Stock,Industrials,Aerospace,50765311939.0
HESM,Hess Midstream LP Class A Representing Limited Partner Interests,Energy,Oil & Gas Production,5126334187.0
HFWA,Heritage Financial Corporation Common Stock,Finance,Banks,1222137924.0
HG,Hamilton Insurance Group Ltd. Class B Common Shares,Finance,Property-Casualty Insurers,3543722509.0
HGTY,Hagerty Inc. Class A Common Stock,Finance,Specialty Insurers,4631850883.0
HGV,Hilton Grand Vacations Inc. Common Stock ,Consumer Discretionary,Hotels/Resorts,3609509294.0
HHH,Howard Hughes Holdings Inc. Common Stock,Real Estate,Real Estate Investment Trusts,4057453281.0
HIG,The Hartford Insurance Group Inc. Common Stock,Finance,Property-Casualty Insurers,39143713009.0
HII,Huntington Ingalls Industries Inc. Common Stock,Industrials,Marine Transportation,12678823452.0
HIMS,Hims & Hers Health Inc. Class A Common Stock,Health Care,Medical/Nursing Services,6865035234.0
HIW,Highwoods Properties Inc. Common Stock,Real Estate,Real Estate Investment Trusts,3472439522.0
HL,Hecla Mining Company Common Stock,Industrials,Mining & Quarrying of Nonmetallic Minerals (No Fuels),10654247316.0
HLF,Herbalife Ltd. Common Shares,Health Care,Other Pharmaceuticals,1193234978.0
HLI,Houlihan Lokey Inc. Class A Common Stock,Finance,Investment Managers,8916119670.0
HLIO,Helios Technologies Inc. Common Stock,Industrials,Metal Fabrications,2720376191.0
HLIT,Harmonic Inc. Common Stock,Technology,Radio And Television Broadcasting And Communications Equipment,1267238372.0
HLMN,Hillman Solutions Corp. Common Stock,Consumer Discretionary,Industrial Machinery/Components,1764523141.0
HLNE,Hamilton Lane Incorporated Class A Common Stock,Finance,Investment Managers,5425091205.0
HLT,Hilton Worldwide Holdings Inc. Common Stock ,Consumer Discretionary,Hotels/Resorts,72466399722.0
HLX,Helix Energy Solutions Group Inc. Common Stock,Energy,Oilfield Services/Equipment,1445821805.0
HMC,Honda Motor Company Ltd. Common Stock,Industrials,Auto Manufacturing,39872998994.0
HMN,Horace Mann Educators Corporation Common Stock,Finance,Property-Casualty Insurers,2185429029.0
HMY,Harmony Gold Mining Company Limited,Basic Materials,Precious Metals,11457557418.0
HNGE,Hinge Health Inc. Class A Common Stock,Technology,EDP Services,6196600730.0
HNI,HNI Corporation Common Stock,Consumer Discretionary,Office Equipment/Supplies/Services,3528968202.0
HOG,Harley-Davidson Inc. Common Stock,Consumer Discretionary,Motor Vehicles,2705395361.0
HOMB,Home BancShares Inc. Common Stock,Finance,Major Banks,6209575831.0
HON,Honeywell International Inc. Common Stock,Industrials,Aerospace,76300138007.0
HONA,Honeywell Aerospace Inc. Common Stock ,Industrials,Aerospace,49591562683.0
HOOD,Robinhood Markets Inc. Class A Common Stock,Finance,Investment Bankers/Brokers/Service,81555752984.0
HOPE,Hope Bancorp Inc. Common Stock,Finance,Major Banks,1784630807.0
HP,Helmerich & Payne Inc. Common Stock,Energy,Oil & Gas Production,3704440391.0
HPE,Hewlett Packard Enterprise Company Common Stock,Technology,Retail: Computer Software & Peripheral Equipment,69427990606.0
HPQ,HP Inc. Common Stock,Technology,Computer Manufacturing,25771249404.0
HQH,abrdn Healthcare Investors Shares of Beneficial Interest,Finance,Finance Companies,1080857265.0
HQY,HealthEquity Inc. Common Stock,Consumer Discretionary,Business Services,8647807120.0
HR,Healthcare Realty Trust Incorporated Common Stock,Real Estate,Real Estate Investment Trusts,6922939152.0
HRB,H&R Block Inc. Common Stock,Consumer Discretionary,Other Consumer Services,5824631512.0
HRI,Herc Holdings Inc. Common Stock ,Industrials,Misc Corporate Leasing Services,5621162994.0
HRL,Hormel Foods Corporation Common Stock,Consumer Staples,Meat/Poultry/Fish,13807402321.0
HRMY,Harmony Biosciences Holdings Inc. Common Stock,Health Care,Biotechnology: Pharmaceutical Preparations,2256660229.0
HROW,Harrow Inc. Common Stock,Health Care,Biotechnology: Pharmaceutical Preparations,1488022271.0
HRTG,Heritage Insurance Holdings Inc. Common Stock,Finance,Property-Casualty Insurers,1068620859.0
HSBC,HSBC Holdings plc. Common Stock,Finance,Savings Institutions,352469261486.0
HSIC,Henry Schein Inc. Common Stock,Health Care,Medical Specialities,9832928401.0
HST,Host Hotels & Resorts Inc. Common Stock,Real Estate,Real Estate Investment Trusts,16012477590.0
HSY,The Hershey Company Common Stock,Consumer Staples,Specialty Foods,36773413744.0
HTFL,Heartflow Inc. Common Stock,Health Care,Medical/Dental Instruments,2344888113.0
HTGC,Hercules Capital Inc. Common Stock,Finance,Investment Managers,3191146200.0
HTH,Hilltop Holdings Inc.,Finance,Major Banks,2253647645.0
HUBB,Hubbell Inc Common Stock,Technology,Electrical Products,26824681274.0
HUBG,Hub Group Inc. Class A Common Stock,Industrials,Integrated Freight & Logistics,2827126767.0
HUBS,HubSpot Inc. Common Stock,Technology,Computer Software: Prepackaged Software,10368007108.0
HUM,Humana Inc. Common Stock,Health Care,Medical Specialities,44098292310.0
HUN,Huntsman Corporation Common Stock,Industrials,Major Chemicals,1778339166.0
HURN,Huron Consulting Group Inc. Common Stock,Consumer Discretionary,Professional Services,2388101807.0
HUT,Hut 8 Corp. Common Stock,Finance,Finance: Consumer Services,11173470774.0
HWC,Hancock Whitney Corporation Common Stock,Finance,Major Banks,6277568825.0
HWKN,Hawkins Inc. Common Stock,Consumer Discretionary,Specialty Chemicals,2714391464.0
HWM,Howmet Aerospace Inc. Common Stock,Industrials,Metal Fabrications,115919139975.0
HXL,Hexcel Corporation Common Stock,Industrials,Major Chemicals,7787703087.0
HYMC,Hycroft Mining Holding Corporation Class A Common Stock,Basic Materials,Precious Metals,2217724008.0
IAG,Iamgold Corporation Ordinary Shares,Basic Materials,Precious Metals,9299003000.0
IART,Integra LifeSciences Holdings Corporation Common Stock,Health Care,Medical/Dental Instruments,1329909853.0
IAUX,i-80 Gold Corp. Common Shares,Basic Materials,Precious Metals,1310317742.0
IBKR,Interactive Brokers Group Inc. Class A Common Stock,Finance,Investment Bankers/Brokers/Service,146346617298.0
IBM,International Business Machines Corporation Common Stock,Technology,Computer Manufacturing,219922430658.0
IBN,ICICI Bank Limited Common Stock,Finance,Commercial Banks,109120115567.0
IBOC,International Bancshares Corporation Common Stock,Finance,Major Banks,4670433237.0
IBP,Installed Building Products Inc. Common Stock,Consumer Discretionary,Homebuilding,6518843599.0
IBRX,ImmunityBio Inc. Common Stock,Health Care,Biotechnology: Biological Products (No Diagnostic Substances),7758001518.0
ICE,Intercontinental Exchange Inc. Common Stock,Finance,Investment Bankers/Brokers/Service,84068824428.0
ICFI,ICF International Inc. Common Stock,Consumer Discretionary,Professional Services,1544467596.0
ICHR,Ichor Holdings Ordinary Shares,Technology,Semiconductors,2446884781.0
ICL,ICL Group Ltd. Ordinary Shares,Industrials,Agricultural Chemicals,6801845282.0
ICLR,ICON plc Ordinary Shares,Health Care,Biotechnology: Commercial Physical & Biological Resarch,12340355770.0
ICUI,ICU Medical Inc. Common Stock,Health Care,Medical/Dental Instruments,4158182736.0
IDXX,IDEXX Laboratories Inc. Common Stock,Health Care,Biotechnology: In Vitro & In Vivo Diagnostic Substances,46480858440.0
IDYA,IDEAYA Biosciences Inc. Common Stock,Health Care,Biotechnology: Pharmaceutical Preparations,3496778900.0
IE,Ivanhoe Electric Inc. Common Stock,Basic Materials,Metal Mining,1707615771.0
IEP,Icahn Enterprises L.P. Common Stock,Energy,Integrated oil Companies,5127745719.0
IESC,IES Holdings Inc. Common Stock,Industrials,Engineering & Construction,15310472881.0
IEX,IDEX Corporation Common Stock,Industrials,Fluid Controls,17229076894.0
IFF,International Flavors & Fragrances Inc. Common Stock,Industrials,Major Chemicals,21572929372.0
IFS,Intercorp Financial Services Inc. Common Shares,Finance,Commercial Banks,6807951164.0
IGIC,International General Insurance Holdings Ltd. Ordinary Share,Finance,Property-Casualty Insurers,1156739832.0
IIPR,Innovative Industrial Properties Inc. Common Stock,Finance,Real Estate,1608788214.0
ILMN,Illumina Inc. Common Stock,Health Care,Medical Specialities,29251720000.0
IMAX,Imax Corporation Common Stock,Consumer Discretionary,Industrial Machinery/Components,2727298329.0
IMKTA,Ingles Markets Incorporated Class A Common Stock,Consumer Staples,Food Chains,1647002343.0
IMNM,Immunome Inc. Common Stock,Health Care,Biotechnology: Pharmaceutical Preparations,2924125173.0
IMO,Imperial Oil Limited Common Stock,Energy,Integrated oil Companies,61072959970.0
IMTX,Immatics N.V. Ordinary Shares,Health Care,Biotechnology: Biological Products (No Diagnostic Substances),1263189746.0
IMVT,Immunovant Inc. Common Stock,Health Care,Biotechnology: Biological Products (No Diagnostic Substances),8202428912.0
INBX,Inhibrx Biosciences Inc. Common Stock,Health Care,Biotechnology: Biological Products (No Diagnostic Substances),1258641047.0
INCY,Incyte Corp. Common Stock,Health Care,Biotechnology: Commercial Physical & Biological Resarch,23995359171.0
INDB,Independent Bank Corp. Common Stock,Finance,Major Banks,4058510698.0
INDV,Indivior Pharmaceuticals Inc. Common Stock,Health Care,Biotechnology: Pharmaceutical Preparations,4824848939.0
INFQ,Infleqtion Inc. Common Stock,Technology,EDP Services,2424167459.0
ING,ING Group N.V. Common Stock,Finance,Commercial Banks,103646049838.0
INGM,Ingram Micro Holding Corporation Common Stock,Technology,Retail: Computer Software & Peripheral Equipment,6585397359.0
INGR,Ingredion Incorporated Common Stock,Consumer Staples,Packaged Foods,6490669149.0
INIO,INNIO N.V. Ordinary Shares,Consumer Discretionary,Metal Fabrications,19477500000.0
INNV,InnovAge Holding Corp. Common Stock,Health Care,Medical/Nursing Services,1490385595.0
INOD,Innodata Inc. Common Stock,Technology,EDP Services,2138272842.0
INSM,Insmed Incorporated Common Stock,Health Care,Biotechnology: Pharmaceutical Preparations,28730537380.0
INSP,Inspire Medical Systems Inc. Common Stock,Health Care,Medical/Dental Instruments,1702531984.0
INSW,International Seaways Inc. Common Stock ,Consumer Discretionary,Marine Transportation,4614332714.0
INTA,Intapp Inc. Common Stock,Technology,Computer Software: Prepackaged Software,2801959594.0
INTC,Intel Corporation Common Stock,Technology,Semiconductors,503441640000.0
INTR,Inter & Co. Inc. Class A Common Shares,Finance,Commercial Banks,2524359912.0
INTU,Intuit Inc. Common Stock,Technology,Computer Software: Prepackaged Software,88054295670.0
INVA,Innoviva Inc. Common Stock,Health Care,Biotechnology: Pharmaceutical Preparations,1558102691.0
INVH,Invitation Homes Inc. Common Stock,Finance,Real Estate,17937227374.0
INVX,Innovex International Inc. Common Stock,Consumer Discretionary,Oil and Gas Field Machinery,2147029889.0
IOND,Ionic Digital Inc. Class A Common Stock,Finance,Finance: Consumer Services,2634641694.0
IONQ,IonQ Inc. Common Stock,Technology,EDP Services,14826282335.0
IONS,Ionis Pharmaceuticals Inc. Common Stock,Health Care,Biotechnology: Pharmaceutical Preparations,9055383706.0
IOSP,Innospec Inc. Common Stock,Industrials,Major Chemicals,2254479732.0
IOT,Samsara Inc. Class A Common Stock,Technology,EDP Services,22271179334.0
IOVA,Iovance Biotherapeutics Inc. Common Stock,Health Care,Biotechnology: Biological Products (No Diagnostic Substances),2772779879.0
IP,International Paper Company Common Stock,Basic Materials,Paper,21461322956.0
IPAR,Interparfums Inc. Common Stock,Consumer Discretionary,Package Goods/Cosmetics,3811067939.0
IPGP,IPG Photonics Corporation Common Stock,Technology,Semiconductors,3687744531.0
IQV,IQVIA Holdings Inc. Common Stock,Health Care,Biotechnology: Commercial Physical & Biological Resarch,38257978000.0
IR,Ingersoll Rand Inc. Common Stock,Industrials,Industrial Machinery/Components,34237069615.0
IRDM,Iridium Communications Inc Common Stock,Consumer Discretionary,Telecommunications Equipment,5118946103.0
IREN,IREN Limited Ordinary Shares,Finance,Finance: Consumer Services,13555373105.0
IRM,Iron Mountain Incorporated (Delaware)Common Stock REIT,Real Estate,Real Estate Investment Trusts,36286110095.0
IRMD,iRadimed Corporation Common Stock,Health Care,Medical/Dental Instruments,1166301449.0
IRON,Disc Medicine Inc. Common Stock,Health Care,Biotechnology: Pharmaceutical Preparations,2973141839.0
IRT,Independence Realty Trust Inc. Common Stock,Real Estate,Real Estate Investment Trusts,4002942748.0
IRTC,iRhythm Holdings Inc. Common Stock,Health Care,Medical/Dental Instruments,4210331713.0
ISRG,Intuitive Surgical Inc. Common Stock,Health Care,Industrial Specialties,132023535581.0
IT,Gartner Inc. Common Stock,Consumer Discretionary,Other Consumer Services,11671193744.0
ITG,ITG Inc. Class A Common Stock,Industrials,Water Sewer Pipeline Comm & Power Line Construction,1616001099.0
ITGR,Integer Holdings Corporation Common Stock,Health Care,Biotechnology: Electromedical & Electrotherapeutic Apparatus,4285377491.0
ITRI,Itron Inc. Common Stock,Industrials,Electrical Products,4502153943.0
ITRN,Ituran Location and Control Ltd. Ordinary Shares,Technology,Electronic Components,1081415009.0
ITT,ITT Inc. Common Stock ,Industrials,Fluid Controls,19168254000.0
ITW,Illinois Tool Works Inc. Common Stock,Industrials,Industrial Machinery/Components,84785190000.0
IVA,Inventiva S.A. American Depository Shares,Health Care,Biotechnology: Pharmaceutical Preparations,1101065741.0
IVT,InvenTrust Properties Corp. Common Stock,Real Estate,Real Estate Investment Trusts,2596681752.0
IVZ,Invesco Ltd Common Stock,Finance,Investment Managers,13991128028.0
J,Jacobs Solutions Inc. Common Stock,Industrials,Military/Government/Technical,16857071142.0
JAN,Janus Living Inc. Class A-1 Common Stock,Real Estate,Real Estate Investment Trusts,7812649639.0
JAZZ,Jazz Pharmaceuticals plc Common Stock (Ireland),Health Care,Biotechnology: Pharmaceutical Preparations,16660326187.0
JBHT,J.B. Hunt Transport Services Inc. Common Stock,Industrials,Trucking Freight/Courier Services,25098767448.0
JBIO,Jade Biosciences Inc. Common Stock,Health Care,Biotechnology: Pharmaceutical Preparations,1097763620.0
JBL,Jabil Inc. Common Stock,Technology,Electrical Products,36116965966.0
JBLU,JetBlue Airways Corporation Common Stock,Consumer Discretionary,Air Freight/Delivery Services,2335562400.0
JBS,JBS N.V. Class A Common Shares,Consumer Staples,Meat/Poultry/Fish,14660304254.0
JBTM,JBT Marel Corporation Common Stock,Industrials,Industrial Machinery/Components,6357479845.0
JCAP,Jefferson Capital Inc. Common Stock,Finance,Finance Companies,1158800145.0
JCI,Johnson Controls International plc Ordinary Share,Industrials,Industrial Machinery/Components,93617344189.0
JEF,Jefferies Financial Group Inc. Common Stock,Finance,Investment Bankers/Brokers/Service,10911588301.0
JHX,James Hardie Industries plc. Ordinary Shares,Industrials,Building Materials,16249429504.0
JJSF,J & J Snack Foods Corp. Common Stock,Consumer Staples,Specialty Foods,1722688794.0
JKHY,Jack Henry & Associates Inc. Common Stock,Technology,EDP Services,11150709413.0
JLL,Jones Lang LaSalle Incorporated Common Stock,Finance,Real Estate,16732541504.0
JMKE,Jersey Mike's Subs Inc. Class A Common Stock,Consumer Discretionary,Restaurants,9211934530.0
JNJ,Johnson & Johnson Common Stock,Health Care,Biotechnology: Pharmaceutical Preparations,619295741457.0
JOBY,Joby Aviation Inc. Common Stock,Industrials,Aerospace,8095380672.0
JOE,St. Joe Company (The) Common Stock,Real Estate,Homebuilding,3835973788.0
JPM,JP Morgan Chase & Co. Common Stock,Finance,Major Banks,954709918233.0
JXN,Jackson Financial Inc. Class A Common Stock ,Finance,Life Insurance,9030950725.0
KAI,Kadant Inc Common Stock,Industrials,Industrial Machinery/Components,3951583724.0
KALU,Kaiser Aluminum Corporation Common Stock,Industrials,Metal Fabrications,2795367750.0
KARD,Kardigan Inc. Common Stock,Health Care,Biotechnology: Pharmaceutical Preparations,1785011184.0
KARO,Karooooo Ltd. Ordinary Shares,Technology,Computer Software: Prepackaged Software,1966358545.0
KB,KB Financial Group Inc,Finance,Commercial Banks,43503862433.0
KBH,KB Home Common Stock,Consumer Discretionary,Homebuilding,3491589010.0
KBR,KBR Inc. Common Stock,Industrials,Military/Government/Technical,4736365555.0
KD,Kyndryl Holdings Inc. Common Stock,Technology,EDP Services,3085035740.0
KDP,Keurig Dr Pepper Inc. Common Stock,Consumer Staples,Beverages (Production/Distribution),41320191134.0
KEEL,Keel Infrastructure Corp. Common Stock,Finance,Finance: Consumer Services,2302891343.0
KEX,Kirby Corporation Common Stock,Consumer Discretionary,Marine Transportation,7111755000.0
KEY,KeyCorp Common Stock,Finance,Major Banks,24181133034.0
KEYS,Keysight Technologies Inc. Common Stock,Industrials,Industrial Machinery/Components,57584903201.0
KFRC,Kforce Inc. Common Stock,Consumer Discretionary,Professional Services,1048392860.0
KFY,Korn Ferry Common Stock,Consumer Discretionary,Diversified Commercial Services,4204348190.0
KGC,Kinross Gold Corporation Common Stock,Basic Materials,Precious Metals,30592842000.0
KHC,The Kraft Heinz Company Common Stock,Consumer Staples,Packaged Foods,29597009844.0
KIM,Kimco Realty Corporation (HC) Common Stock,Real Estate,Real Estate Investment Trusts,16387384382.0
KKR,KKR & Co. Inc. Common Stock,Finance,Investment Managers,92795168452.0
KLAC,KLA Corporation Common Stock,Technology,Electronic Components,252398496076.0
KLAR,Klarna Group plc Ordinary Shares,Finance,Finance: Consumer Services,14296357550.0
KLIC,Kulicke and Soffa Industries Inc. Common Stock,Technology,Semiconductors,4744498629.0
KLRA,Kailera Therapeutics Inc. Common Stock,Health Care,Biotechnology: Pharmaceutical Preparations,2444903023.0
KMB,Kimberly-Clark Corporation Common Stock,Consumer Discretionary,Containers/Packaging,36138038269.0
KMPB,Kemper Corporation 5.875% Fixed-Rate Reset Junior Subordinated Debentures due 2062,Finance,Property-Casualty Insurers,1451132070.0
KMPR,Kemper Corporation,Finance,Property-Casualty Insurers,1756218341.0
KMT,Kennametal Inc. Common Stock,Industrials,Industrial Machinery/Components,2579711987.0
KMTS,Kestra Medical Technologies Ltd. Common Stock,Health Care,Medical/Dental Instruments,1480900868.0
KMX,CarMax Inc,Consumer Discretionary,Retail-Auto Dealers and Gas Stations,8239358234.0
KN,Knowles Corporation Common Stock,Consumer Staples,Consumer Electronics/Appliances,3364312741.0
KNF,Knife Riv Holding Co. Common Stock,Industrials,Mining & Quarrying of Nonmetallic Minerals (No Fuels),3832098484.0
KNSA,Kiniksa Pharmaceuticals International plc Class A Ordinary Shares,Health Care,Biotechnology: Pharmaceutical Preparations,5969617235.0
KNSL,Kinsale Capital Group Inc. Common Stock,Finance,Property-Casualty Insurers,8573115817.0
KNX,Knight-Swift Transportation Holdings Inc.,Industrials,Trucking Freight/Courier Services,11275735680.0
KO,Coca-Cola Company (The) Common Stock,Consumer Staples,Beverages (Production/Distribution),373676401755.0
KOD,Kodiak Sciences Inc Common Stock,Health Care,Biotechnology: Biological Products (No Diagnostic Substances),2841061221.0
KOP,Koppers Holdings Inc. Common Stock,Basic Materials,Forest Products,1006401455.0
KOS,Kosmos Energy Ltd. Common Shares (DE),Energy,Oil & Gas Production,1470854498.0
KR,Kroger Company (The) Common Stock,Consumer Staples,Food Chains,35116942204.0
KRC,Kilroy Realty Corporation Common Stock,Real Estate,Real Estate Investment Trusts,4335999073.0
KRG,Kite Realty Group Trust Common Stock,Real Estate,Real Estate Investment Trusts,5351266580.0
KRMN,Karman Holdings Inc. Common Stock,Industrials,Military/Government/Technical,7307500127.0
KRYS,Krystal Biotech Inc. Common Stock,Health Care,Biotechnology: Biological Products (No Diagnostic Substances),9551248389.0
KSS,Kohl's Corporation Common Stock,Consumer Discretionary,Department/Specialty Retail Stores,2092229871.0
KTB,Kontoor Brands Inc. Common Stock ,Industrials,Garments and Clothing,4355461889.0
KTOS,Kratos Defense & Security Solutions Inc. Common Stock,Industrials,Military/Government/Technical,10777081383.0
KVUE,Kenvue Inc. Common Stock,Consumer Discretionary,Package Goods/Cosmetics,36825766252.0
KVYO,Klaviyo Inc. Series A Common Stock,Technology,Computer Software: Prepackaged Software,5006951271.0
KWR,Quaker Houghton Common Stock,Industrials,Major Chemicals,2879020622.0
KYMR,Kymera Therapeutics Inc. Common Stock,Health Care,Biotechnology: Biological Products (No Diagnostic Substances),8753029939.0
KYN,Kayne Anderson Energy Infrastructure Fund Inc.,Finance,Finance/Investors Services,1945319564.0
L,Loews Corporation Common Stock,Finance,Property-Casualty Insurers,23709526966.0
LAC,Lithium Americas Corp. Common Shares,Basic Materials,Metal Mining,1092756275.0
LAD,Lithia Motors Inc. Common Stock,Consumer Discretionary,Retail-Auto Dealers and Gas Stations,8260815330.0
LADR,Ladder Capital Corp Class A Common Stock,Real Estate,Real Estate Investment Trusts,1210294991.0
LAMR,Lamar Advertising Company Class A Common Stock,Real Estate,Real Estate Investment Trusts,16236016160.0
LAR,Lithium Argentina AG Common Shares,Basic Materials,Metal Mining,1079442000.0
LASR,nLIGHT Inc. Common Stock,Technology,Semiconductors,4255473007.0
LAUR,Laureate Education Inc. Common Stock,Real Estate,Other Consumer Services,5139428622.0
LAZ,Lazard Inc. Common Stock,Finance,Investment Managers,4221558779.0
LB,LandBridge Company LLC Class A Shares Representing Limited Liability Company Interests,Energy,Oil & Gas Production,6192167122.0
LBRT,Liberty Energy Inc. Class A common stock,Energy,Oilfield Services/Equipment,3270355977.0
LBRX,LB Pharmaceuticals Inc Common Stock,Health Care,Biotechnology: Pharmaceutical Preparations,1381641093.0
LCID,Lucid Group Inc. Common Stock,Industrials,Auto Manufacturing,2750609828.0
LCII,LCI Industries,Consumer Discretionary,Auto Parts:O.E.M.,2569617224.0
LCLN,Lincoln International Inc. Class A Common Stock,Finance,Investment Managers,2387419970.0
LDOS,Leidos Holdings Inc. Common Stock,Technology,EDP Services,16974076189.0
LEA,Lear Corporation Common Stock,Consumer Discretionary,Auto Parts:O.E.M.,5873592897.0
LECO,Lincoln Electric Holdings Inc. Common Shares,Industrials,Industrial Machinery/Components,15202200685.0
LEG,Leggett & Platt Incorporated Common Stock,Consumer Discretionary,Home Furnishings,1309751578.0
LEN,Lennar Corporation Class A Common Stock,Consumer Discretionary,Homebuilding,20432725944.0
LEU,Centrus Energy Corp. Class A Common Stock,Industrials,Mining & Quarrying of Nonmetallic Minerals (No Fuels),3502347516.0
LEVI,Levi Strauss & Co Class A Common Stock,Consumer Discretionary,Apparel,9351868657.0
LFST,LifeStance Health Group Inc. Common Stock,Health Care,Medical/Nursing Services,4134315045.0
LFTO,Liftoff Mobile Inc. Common Stock,Technology,EDP Services,4022406232.0
LFUS,Littelfuse Inc. Common Stock,Energy,Electrical Products,11664120572.0
LGIH,LGI Homes Inc. Common Stock,Consumer Discretionary,Homebuilding,1375832737.0
LGN,Legence Corp. Class A Common stock,Consumer Discretionary,Engineering & Construction,6867971337.0
LGND,Ligand Pharmaceuticals Incorporated Common Stock,Health Care,Biotechnology: Pharmaceutical Preparations,6015124049.0
LH,Labcorp Holdings Inc. Common Stock,Health Care,Medical Specialities,25955460000.0
LHX,L3Harris Technologies Inc. Common Stock,Industrials,Industrial Machinery/Components,53914717770.0
LIF,Life360 Inc. Common Stock,Technology,EDP Services,4836781636.0
LIFE,Ethos Technologies Inc. Class A Common Stock,Finance,Specialty Insurers,1877543979.0
LII,Lennox International Inc. Common Stock,Industrials,Industrial Machinery/Components,15059122918.0
LIME,Neutron Holdings Inc. Common Stock,Technology,Computer Software: Prepackaged Software,2340788220.0
LIN,Linde plc Ordinary Shares,Basic Materials,Major Chemicals,225930987688.0
LINC,Lincoln Educational Services Corporation Common Stock,Real Estate,Other Consumer Services,1247576232.0
LIND,Lindblad Expeditions Holdings Inc. Common Stock,Consumer Discretionary,Transportation Services,2235662804.0
LINE,Lineage Inc. Common Stock,Real Estate,Real Estate Investment Trusts,9252686194.0
LION,Lionsgate Studios Corp Common Shares,Consumer Discretionary,Movies/Entertainment,3846557725.0
LIVN,LivaNova PLC Ordinary Shares,Health Care,Biotechnology: Electromedical & Electrotherapeutic Apparatus,4162863510.0
LKFN,Lakeland Financial Corporation Common Stock,Finance,Major Banks,1552365544.0
LKQ,LKQ Corporation Common Stock,Consumer Discretionary,Motor Vehicles,6190961044.0
LLY,Eli Lilly and Company Common Stock,Health Care,Biotechnology: Pharmaceutical Preparations,1122499251468.0
LLYVA,Liberty Live Holdings Inc. Series A Liberty Live Group Common Stock,Consumer Discretionary,Services-Misc. Amusement & Recreation,9164561173.0
LLYVK,Liberty Live Holdings Inc. Series C Liberty Live Group Common Stock,Consumer Discretionary,Services-Misc. Amusement & Recreation,9543619420.0
LMAT,LeMaitre Vascular Inc. Common Stock,Health Care,Medical/Dental Instruments,1846796726.0
LMND,Lemonade Inc. Common Stock,Finance,Property-Casualty Insurers,4013788454.0
LMRI,Lumexa Imaging Holdings Inc. Common Stock,Health Care,Medical Specialities,1099163608.0
LMT,Lockheed Martin Corporation Common Stock,Industrials,Military/Government/Technical,134516390386.0
LNC,Lincoln National Corporation Common Stock,Finance,Life Insurance,8934847171.0
LNN,Lindsay Corporation Common Stock,Industrials,Industrial Machinery/Components,1165862665.0
LNTH,Lantheus Holdings Inc. Common Stock,Health Care,Biotechnology: In Vitro & In Vivo Diagnostic Substances,6580271708.0
LOAR,Loar Holdings Inc. Common Stock,Industrials,Military/Government/Technical,6791519126.0
LOB,Live Oak Bancshares Inc. Common Stock,Finance,Major Banks,1967516686.0
LOGI,Logitech International S.A. Ordinary Shares,Technology,Computer peripheral equipment,14744102546.0
LOMA,Loma Negra Compania Industrial Argentina Sociedad Anonima ADS,Industrials,Building Materials,1259156638.0
LOPE,Grand Canyon Education Inc. Common Stock,Real Estate,Other Consumer Services,3876913603.0
LOW,Lowe's Companies Inc. Common Stock,Consumer Discretionary,RETAIL: Building Materials,122458417754.0
LPG,Dorian LPG Ltd. Common Stock,Consumer Discretionary,Marine Transportation,1898695383.0
LPL,LG Display Co Ltd AMERICAN DEPOSITORY SHARES,Technology,Industrial Machinery/Components,3240000000.0
LPLA,LPL Financial Holdings Inc. Common Stock,Finance,Investment Bankers/Brokers/Service,28272419225.0
LPX,Louisiana-Pacific Corporation Common Stock,Basic Materials,Forest Products,5303443041.0
LQDA,Liquidia Corporation Common Stock,Health Care,Biotechnology: Pharmaceutical Preparations,7951950613.0
LQDT,Liquidity Services Inc. Common Stock,Consumer Discretionary,Business Services,1309923514.0
LRCX,Lam Research Corporation Common Stock,Technology,Industrial Machinery/Components,382387094670.0
LRN,Stride Inc. Common Stock,Real Estate,Other Consumer Services,3481414080.0
LSCC,Lattice Semiconductor Corporation Common Stock,Technology,Semiconductors,18279296006.0
LSPD,Lightspeed Commerce Inc. Subordinate Voting Shares,Technology,Computer Software: Prepackaged Software,1363806997.0
LSTR,Landstar System Inc. Common Stock,Industrials,Trucking Freight/Courier Services,6008871941.0
LTC,LTC Properties Inc. Common Stock,Real Estate,Real Estate Investment Trusts,2019108439.0
LTH,Life Time Group Holdings Inc. Common Stock,Consumer Discretionary,Hotels/Resorts,9716125499.0
LULU,lululemon athletica inc. Common Stock,Consumer Discretionary,Apparel,13525466377.0
LUNR,Intuitive Machines Inc. Class A Common Stock,Industrials,Industrial Machinery/Components,3254465258.0
LUV,Southwest Airlines Company Common Stock,Consumer Discretionary,Air Freight/Delivery Services,22963432955.0
LVS,Las Vegas Sands Corp. Common Stock,Consumer Discretionary,Hotels/Resorts,29865501594.0
LW,Lamb Weston Holdings Inc. Common Stock ,Consumer Staples,Packaged Foods,7155886623.0
LWLG,Lightwave Logic Inc. Common Stock,Industrials,Containers/Packaging,1169807551.0
LXP,LXP Industrial Trust Common Stock (Maryland REIT),Real Estate,Real Estate Investment Trusts,3569862335.0
LXRX,Lexicon Pharmaceuticals Inc. Common Stock,Health Care,Biotechnology: Pharmaceutical Preparations,1048303480.0
LYB,LyondellBasell Industries NV Ordinary Shares Class A (Netherlands),Industrials,Major Chemicals,19847451771.0
LYFT,Lyft Inc. Class A Common Stock,Consumer Discretionary,Business Services,6188825272.0
LYV,Live Nation Entertainment Inc. Common Stock,Consumer Discretionary,Services-Misc. Amusement & Recreation,42831166732.0
LZB,La-Z-Boy Incorporated Common Stock,Consumer Discretionary,Home Furnishings,1626055452.0
M,Macy's Inc Common Stock,Consumer Discretionary,Department/Specialty Retail Stores,6610143784.0
MA,Mastercard Incorporated Common Stock,Consumer Discretionary,Business Services,504537924943.0
MAA,Mid-America Apartment Communities Inc. Common Stock,Real Estate,Real Estate Investment Trusts,15504014114.0
MAAS,Maase Inc. Class A Ordinary Shares,Finance,Investment Managers,8361540180.0
MAC,Macerich Company (The) Common Stock,Real Estate,Real Estate Investment Trusts,6660809719.0
MAIN,Main Street Capital Corporation Common Stock,Finance,Finance/Investors Services,5280892900.0
MAIR,Madison Air Solutions Corporation Class A Common Stock,Industrials,Pollution Control Equipment,15683848851.0
MAN,ManpowerGroup Common Stock,Consumer Discretionary,Professional Services,2573716306.0
MANE,Veradermics Incorporated Common Stock,Health Care,Biotechnology: Pharmaceutical Preparations,4539254343.0
MANH,Manhattan Associates Inc. Common Stock,Technology,Computer Software: Prepackaged Software,11114676812.0
MANU,Manchester United Ltd. Class A Ordinary Shares,Consumer Discretionary,Services-Misc. Amusement & Recreation,3777916301.0
MAR,Marriott International Class A Common Stock,Consumer Discretionary,Hotels/Resorts,93789810805.0
MARA,MARA Holdings Inc. Common Stock,Finance,Finance: Consumer Services,4060530857.0
MAS,Masco Corporation Common Stock,Industrials,Industrial Specialties,14881735342.0
MAT,Mattel Inc. Common Stock,Consumer Discretionary,Recreational Games/Products/Toys,4210794000.0
MATX,Matson Inc. Common Stock,Consumer Discretionary,Marine Transportation,6167887247.0
MAZE,Maze Therapeutics Inc. Common Stock,Health Care,Biotechnology: Biological Products (No Diagnostic Substances),1579000296.0
MBC,MasterBrand Inc. Common Stock,Consumer Discretionary,Home Furnishings,1151861310.0
MBGL,Mobility Global Inc. Common Stock,Consumer Discretionary,Business Services,6633600000.0
MBIN,Merchants Bancorp Common Stock,Finance,Major Banks,2483268156.0
MBLY,Mobileye Global Inc. Class A Common Stock,Technology,Computer Software: Prepackaged Software,7158579575.0
MBWM,Mercantile Bank Corporation Common Stock,Finance,Major Banks,1060146026.0
MBX,MBX Biosciences Inc. Common Stock,Health Care,Biotechnology: Pharmaceutical Preparations,3194270641.0
MC,Moelis & Company Class A Common Stock,Finance,Investment Managers,5266725586.0
MCB,Metropolitan Bank Holding Corp. Common Stock,Finance,Major Banks,1151133687.0
MCBS,MetroCity Bankshares Inc. Common Stock,Finance,Major Banks,1028322307.0
MCD,McDonald's Corporation Common Stock,Consumer Discretionary,Restaurants,196284348607.0
MCHB,Mechanics Bancorp Class A Common Stock,Finance,Major Banks,3717324133.0
MCHP,Microchip Technology Incorporated Common Stock,Technology,Semiconductors,40378102393.0
MCK,McKesson Corporation Common Stock,Health Care,Other Pharmaceuticals,104743405960.0
MCO,Moody's Corporation Common Stock,Finance,Finance: Consumer Services,81946116000.0
MCRI,Monarch Casino & Resort Inc. Common Stock,Consumer Discretionary,Hotels/Resorts,2188339814.0
MCY,Mercury General Corporation Common Stock,Finance,Property-Casualty Insurers,5950954085.0
MD,Pediatrix Medical Group Inc. Common Stock,Health Care,Hospital/Nursing Management,2154024214.0
MDA,MDA Space Ltd. Common Shares,Consumer Discretionary,Electronic Components,4750470873.0
MDB,MongoDB Inc. Class A Common Stock,Technology,Computer Software: Prepackaged Software,29759812990.0
MDGL,Madrigal Pharmaceuticals Inc. Common Stock,Health Care,Biotechnology: Pharmaceutical Preparations,11791421745.0
MDLN,Medline Inc. Class A Common Stock,Health Care,Medical/Dental Instruments,45335378540.0
MDLZ,Mondelez International Inc. Class A Common Stock,Consumer Staples,Packaged Foods,80088330577.0
MDT,Medtronic plc. Ordinary Shares,Health Care,Biotechnology: Electromedical & Electrotherapeutic Apparatus,109981482725.0
MDU,MDU Resources Group Inc. Common Stock (Holding Company),Industrials,Mining & Quarrying of Nonmetallic Minerals (No Fuels),4338965058.0
MEDP,Medpace Holdings Inc. Common Stock,Health Care,Biotechnology: Commercial Physical & Biological Resarch,16328597292.0
MELI,MercadoLibre Inc. Common Stock,Consumer Discretionary,Business Services,92775843060.0
MEOH,Methanex Corporation Common Stock,Industrials,Major Chemicals,4207068622.0
MET,MetLife Inc. Common Stock,Finance,Life Insurance,64311506061.0
META,Meta Platforms Inc. Class A Common Stock,Technology,Computer Software: Programming Data Processing,1502773922128.0
MFC,Manulife Financial Corporation Common Stock,Finance,Life Insurance,74399139114.0
MFG,Mizuho Financial Group Inc. Sponosred ADR (Japan),Finance,Major Banks,133082407349.0
MFP,Midera Food Processing Inc. Common Stock,Industrials,Industrial Machinery/Components,2111759100.0
MGA,Magna International Inc. Common Stock,Consumer Discretionary,Auto Parts:O.E.M.,18003113746.0
MGEE,MGE Energy Inc,Energy,Electric Utilities: Central,2971756719.0
MGM,MGM Resorts International Common Stock,Consumer Discretionary,Hotels/Resorts,11547044492.0
MGNI,Magnite Inc. Common Stock,Technology,Computer Software: Programming Data Processing,3482988873.0
MGRC,McGrath RentCorp Common Stock,Consumer Discretionary,Diversified Commercial Services,2973824470.0
MGRT,Mega Fortune Company Limited Ordinary Shares,Technology,EDP Services,1313125000.0
MGTX,MeiraGTx Holdings plc Ordinary Shares,Health Care,Biotechnology: Biological Products (No Diagnostic Substances),1184475710.0
MGY,Magnolia Oil & Gas Corporation Class A Common Stock,Energy,Oil & Gas Production,5693025294.0
MH,McGraw Hill Inc. Common Stock,Consumer Discretionary,Publishing,2209239740.0
MHD,Blackrock MuniHoldings Fund Inc. Common Stock,Finance,Investment Bankers/Brokers/Service,1725644664.0
MHK,Mohawk Industries Inc. Common Stock,Consumer Discretionary,Home Furnishings,8969885161.0
MHO,M/I Homes Inc. Common Stock,Consumer Discretionary,Homebuilding,3712307442.0
MIAX,Miami International Holdings Inc. Common Stock,Finance,Investment Bankers/Brokers/Service,4314476130.0
MICC,The Magnum Ice Cream Company N.V. Ordinary Shares,Consumer Staples,Specialty Foods,11583954262.0
MIDD,Middleby Corporation (The) Common Stock,Industrials,Industrial Machinery/Components,6026188027.0
MIR,Mirion Technologies Inc. Class A Common Stock,Industrials,Industrial Machinery/Components,3740545458.0
MIRM,Mirum Pharmaceuticals Inc. Common Stock,Health Care,Biotechnology: Pharmaceutical Preparations,5739248179.0
MIY,Blackrock MuniYield Michigan Quality Fund Inc. Common Stock,Finance,Investment Bankers/Brokers/Service,1803001149.0
MKC,McCormick & Company Incorporated Common Stock,Consumer Staples,Packaged Foods,14055559139.0
MKL,Markel Group Inc. Common Stock,Finance,Property-Casualty Insurers,23185700104.0
MKSI,MKS Inc. Common Stock,Industrials,Industrial Machinery/Components,19676280219.0
MKTX,MarketAxess Holdings Inc. Common Stock,Finance,Investment Bankers/Brokers/Service,5779425847.0
MLI,Mueller Industries Inc. Common Stock,Industrials,Metal Fabrications,15363259210.0
MLKN,MillerKnoll Inc. Common Stock,Consumer Discretionary,Office Equipment/Supplies/Services,1613158276.0
MLM,Martin Marietta Materials Inc. Common Stock,Industrials,Mining & Quarrying of Nonmetallic Minerals (No Fuels),32332239817.0
MLTX,MoonLake Immunotherapeutics Class A Ordinary Shares,Health Care,Biotechnology: Pharmaceutical Preparations,1327285590.0
MLYS,Mineralys Therapeutics Inc. Common Stock,Health Care,Biotechnology: Pharmaceutical Preparations,2226623746.0
MMED,MiniMed Group Inc. Common Stock,Health Care,Medical/Dental Instruments,5173125205.0
MMI,Marcus & Millichap Inc. Common Stock,Finance,Real Estate,1198573096.0
MMM,3M Company Common Stock,Health Care,Medical/Dental Instruments,93196197976.0
MMS,Maximus Inc. Common Stock,Consumer Discretionary,Business Services,3064679374.0
MMSI,Merit Medical Systems Inc. Common Stock,Health Care,Medical/Dental Instruments,5236006730.0
MMYT,MakeMyTrip Limited Ordinary Shares,Consumer Discretionary,Transportation Services,5648222653.0
MNDY,monday.com Ltd. Ordinary Shares,Technology,Computer Software: Prepackaged Software,4068762370.0
MNKD,MannKind Corporation Common Stock,Health Care,Biotechnology: Pharmaceutical Preparations,1242431006.0
MNST,Monster Beverage Corporation,Consumer Staples,Beverages (Production/Distribution),92089243638.0
MO,Altria Group Inc.,Health Care, Medicinal Chemicals and Botanical Products ,113125150987.0
MOD,Modine Manufacturing Company Common Stock,Consumer Discretionary,Auto Parts:O.E.M.,10225258544.0
MOH,Molina Healthcare Inc Common Stock,Health Care,Medical Specialities,10016136000.0
MORN,Morningstar Inc. Common Stock,Finance,Investment Managers,7374042651.0
MOS,Mosaic Company (The) Common Stock,Industrials,Agricultural Chemicals,7456682268.0
MP,MP Materials Corp. Common Stock,Basic Materials,Metal Mining,8454274183.0
MPC,Marathon Petroleum Corporation Common Stock,Energy,Integrated oil Companies,84036810328.0
MPT,Medical Properties Trust Inc. common stock,Real Estate,Real Estate Investment Trusts,2751260000.0
MPWR,Monolithic Power Systems Inc. Common Stock,Technology,Semiconductors,66771600400.0
MQ,Marqeta Inc. Class A Common Stock,Technology,Computer Software: Prepackaged Software,1737409539.0
MQY,Blackrock MuniYield Quality Fund Inc. Common Stock,Finance,Investment Bankers/Brokers/Service,1681015922.0
MRCY,Mercury Systems Inc Common Stock,Technology,Electrical Products,6534510489.0
MRK,Merck & Company Inc. Common Stock (new),Health Care,Biotechnology: Pharmaceutical Preparations,317051360154.0
MRNA,Moderna Inc. Common Stock,Health Care,Biotechnology: Biological Products (No Diagnostic Substances),21502844982.0
MRP,Millrose Properties Inc. Class A Common Stock,Finance,Real Estate,4783840777.0
MRSH,Marsh Common Stock,Finance,Specialty Insurers,92240165992.0
MRTN,Marten Transport Ltd. Common Stock,Industrials,Trucking Freight/Courier Services,1212414546.0
MRVI,Maravai LifeSciences Holdings Inc. Class A Common Stock,Health Care,Biotechnology: Pharmaceutical Preparations,1613689025.0
MRVL,Marvell Technology Inc. Common Stock,Technology,Semiconductors,184383862698.0
MRX,Marex Group Limited Ordinary Shares,Finance,Investment Bankers/Brokers/Service,4621441059.0
MS,Morgan Stanley Common Stock,Finance,Investment Bankers/Brokers/Service,335708544915.0
MSA,MSA Safety Incorporated Common Stock,Health Care,Industrial Specialties,7482644934.0
MSCI,MSCI Inc. Common Stock,Consumer Discretionary,Business Services,41237621000.0
MSFT,Microsoft Corporation Common Stock,Technology,Computer Software: Prepackaged Software,3711733169131.0
MSGE,Madison Square Garden Entertainment Corp. Class A Common Stock,Consumer Discretionary,Services-Misc. Amusement & Recreation,3626892291.0
MSGS,Madison Square Garden Sports Corp. Class A Common Stock (New),Consumer Discretionary,Services-Misc. Amusement & Recreation,9427240457.0
MSI,Motorola Solutions Inc. Common Stock,Technology,Radio And Television Broadcasting And Communications Equipment,78693525559.0
MSM,MSC Industrial Direct Company Inc. Common Stock,Industrials,Industrial Machinery/Components,6919914785.0
MSTR,Strategy Inc Common Stock Class A,Technology,Computer Software: Prepackaged Software,37212263984.0
MT,Arcelor Mittal NY Registry Shares NEW,Industrials,Steel/Iron Ore,55729632467.0
MTB,M&T Bank Corporation Common Stock,Finance,Major Banks,36124283777.0
MTCH,Match Group Inc. Common Stock,Technology,Computer Software: Programming Data Processing,8539887517.0
MTD,Mettler-Toledo International Inc. Common Stock,Industrials,Biotechnology: Laboratory Analytical Instruments,28476759113.0
MTDR,Matador Resources Company Common Stock,Energy,Oil & Gas Production,6042512526.0
MTG,MGIC Investment Corporation Common Stock,Finance,Property-Casualty Insurers,6207077658.0
MTH,Meritage Homes Corporation Common Stock,Consumer Discretionary,Homebuilding,4709479960.0
MTN,Vail Resorts Inc. Common Stock,Consumer Discretionary,Services-Misc. Amusement & Recreation,5227794599.0
MTRN,Materion Corporation,Industrials,Industrial Specialties,5788221216.0
MTSI,MACOM Technology Solutions Holdings Inc. Common Stock,Technology,Semiconductors,23013857269.0
MTX,Minerals Technologies Inc. Common Stock,Basic Materials,Major Chemicals,2344618354.0
MTZ,MasTec Inc. Common Stock,Industrials,Water Sewer Pipeline Comm & Power Line Construction,20769268701.0
MU,Micron Technology Inc. Common Stock,Technology,Semiconductors,995526180812.0
MUA,Blackrock MuniAssets Fund Inc Common Stock,Finance,Investment Bankers/Brokers/Service,1514401955.0
MUC,Blackrock MuniHoldings California Quality Fund Inc.  Common Stock,Finance,Investment Bankers/Brokers/Service,1579857442.0
MUFG,Mitsubishi UFJ Financial Group Inc. Common Stock,Finance,Commercial Banks,267260849918.0
MUJ,Blackrock MuniHoldings New Jersey Quality Fund Inc. Common Stock,Finance,Investment Bankers/Brokers/Service,1798538274.0
MUR,Murphy Oil Corporation Common Stock,Energy,Oil & Gas Production,4736269991.0
MUSA,Murphy USA Inc. Common Stock,Consumer Discretionary,Retail-Auto Dealers and Gas Stations,9903611883.0
MUX,McEwen Inc. Common Stock,Basic Materials,Precious Metals,1094410544.0
MWA,MUELLER WATER PRODUCTS Common Stock,Industrials,Metal Fabrications,4238801530.0
MWH,SOLV Energy Inc. Class A Common Stock,Industrials,Military/Government/Technical,5598260443.0
MXL,MaxLinear Inc. Common Stock,Technology,Semiconductors,6366662008.0
MYE,Myers Industries Inc. Common Stock,Industrials,Plastic Products,1317384811.0
MYI,Blackrock MuniYield Quality Fund III Inc Common Stock,Finance,Investment Bankers/Brokers/Service,1602171813.0
MYRG,MYR Group Inc. Common Stock,Industrials,Water Sewer Pipeline Comm & Power Line Construction,5155367906.0
MZTI,The Marzetti Company Common Stock,Consumer Staples,Packaged Foods,3024372380.0
NAMS,NewAmsterdam Pharma Company N.V. Ordinary Shares,Health Care,Biotechnology: Pharmaceutical Preparations,3234733099.0
NAN,Nuveen New York Quality Municipal Income Fund Common Stock,Finance,Investment Managers,3385936960.0
NAT,Nordic American Tankers Limited Common Stock,Consumer Discretionary,Marine Transportation,1355204243.0
NAVN,Navan Inc. Class A Common Stock,Technology,Computer Software: Prepackaged Software,7085668959.0
NBBK,NB Bancorp Inc. Common Stock,Finance,Banks,1017065208.0
NBHC,National Bank Holdings Corporation Common Stock,Finance,Major Banks,1953920749.0
NBIS,Nebius Group N.V. Class A Ordinary Shares,Technology,Computer Software: Programming Data Processing,48210189077.0
NBIX,Neurocrine Biosciences Inc. Common Stock,Health Care,Biotechnology: Biological Products (No Diagnostic Substances),16245572107.0
NBN,Northeast Bank Common Stock,Finance,Major Banks,1085924100.0
NBR,Nabors Industries Ltd.,Energy,Oil & Gas Production,1326545887.0
NBTB,NBT Bancorp Inc. Common Stock,Finance,Major Banks,2751861375.0
NCLH,Norwegian Cruise Line Holdings Ltd. Ordinary Shares,Consumer Discretionary,Marine Transportation,8894468577.0
NCNO,nCino Inc. Common Stock,Technology,Computer Software: Prepackaged Software,2080410521.0
NCV,Virtus Convertible & Income Fund Common Shares of Beneficial Interest,Finance,Finance Companies,1542676823.0
NCZ,Virtus Convertible & Income Fund II Common Shares of Beneficial Interest,Finance,Finance Companies,1195778417.0
NDAQ,Nasdaq Inc. Common Stock,Finance,Investment Bankers/Brokers/Service,52935157128.0
NDSN,Nordson Corporation Common Stock,Industrials,Industrial Machinery/Components,17215731573.0
NE,Noble Corporation plc A Ordinary Shares,Energy,Oil & Gas Production,6495841850.0
NEM,Newmont Corporation,Basic Materials,Precious Metals,111090776132.0
NEO,NeoGenomics Inc. Common Stock,Health Care,Precision Instruments,1999077846.0
NEOG,Neogen Corporation Common Stock,Health Care,Biotechnology: In Vitro & In Vivo Diagnostic Substances,2464032981.0
NESR,National Energy Services Reunited Corp Ordinary Shares,Energy,Oilfield Services/Equipment,2909443307.0
NET,Cloudflare Inc. Class A Common Stock,Technology,Computer Software: Prepackaged Software,100536412883.0
NEU,NewMarket Corp Common Stock,Industrials,Major Chemicals,8214965552.0
NEWP,New Pacific Metals Corp. Common Shares,Basic Materials,Precious Metals,1093762843.0
NEXA,Nexa Resources S.A. Common Shares,Basic Materials,Metal Mining,1893877700.0
NFLX,Netflix Inc. Common Stock,Consumer Discretionary,Consumer Electronics/Video Chains,306840714724.0
NG,Novagold Resources Inc.,Basic Materials,Precious Metals,3027586237.0
NGVT,Ingevity Corporation Common Stock ,Industrials,Major Chemicals,2658788487.0
NHC,National HealthCare Corporation Common Stock,Health Care,Hospital/Nursing Management,3427730217.0
NHI,National Health Investors Inc. Common Stock,Real Estate,Real Estate Investment Trusts,3653749935.0
NHP,National Healthcare Properties Inc. Class A Common Stock,Real Estate,Real Estate Investment Trusts,1226989063.0
NIC,Nicolet Bankshares Inc. Common Stock,Finance,Major Banks,3644301936.0
NIQ,NIQ Global Intelligence plc Ordinary Shares,Technology,Computer Software: Programming Data Processing,3444241111.0
NKE,Nike Inc. Common Stock,Consumer Discretionary,Shoe Manufacturing,62306945526.0
NKTR,Nektar Therapeutics  Common Stock,Health Care,Biotechnology: Pharmaceutical Preparations,2481584050.0
NLY,Annaly Capital Management Inc. Common Stock,Real Estate,Real Estate Investment Trusts,17079169256.0
NMAX,Newsmax Inc. Class B Common Stock,Industrials,Broadcasting,1105615121.0
NMIH,NMI Holdings Inc. Common Stock,Finance,Property-Casualty Insurers,3313346337.0
NMRK,Newmark Group Inc. Class A Common Stock,Finance,Real Estate,2664691032.0
NN,NextNav Inc. Common Stock,Industrials,Industrial Machinery/Components,2046554085.0
NNI,Nelnet Inc. Common Stock,Finance,Finance: Consumer Services,4845703002.0
NNN,NNN REIT Inc. Common Stock,Real Estate,Real Estate Investment Trusts,8941664319.0
NNNN,Anbio Biotechnology Class A Ordinary Shares,Health Care,Biotechnology: In Vitro & In Vivo Diagnostic Substances,1402939200.0
NOC,Northrop Grumman Corporation Common Stock,Industrials,Industrial Machinery/Components,80654862381.0
NOG,Northern Oil and Gas Inc. Common Stock,Energy,Oil & Gas Production,2145443974.0
NOMD,Nomad Foods Limited Ordinary Shares,Consumer Staples,Packaged Foods,1673774164.0
NOV,NOV Inc. Common Stock,Consumer Discretionary,Oil and Gas Field Machinery,7093914688.0
NOW,ServiceNow Inc. Common Stock,Technology,Computer Software: Prepackaged Software,121339900000.0
NP,Neptune Insurance Holdings Inc. Class A Common Stock,Finance,Specialty Insurers,4505362345.0
NPKI,NPK International Inc. Common Stock,Industrials,Misc Corporate Leasing Services,1149679965.0
NPO,Enpro Inc. Common Stock,Industrials,Metal Fabrications,7120172858.0
NRIX,Nurix Therapeutics Inc. Common stock,Health Care,Biotechnology: Pharmaceutical Preparations,2617374045.0
NRP,Natural Resource Partners LP Limited Partnership,Energy,Coal Mining,1390630739.0
NSC,Norfolk Southern Corporation Common Stock,Industrials,Railroads,76919383418.0
NSIT,Insight Enterprises Inc. Common Stock,Consumer Discretionary,Catalog/Specialty Distribution,4506122377.0
NSP,Insperity Inc. Common Stock,Consumer Discretionary,Professional Services,1957889540.0
NTAP,NetApp Inc. Common Stock,Technology,Electronic Components,37574937062.0
NTB,Bank of N.T. Butterfield & Son Limited (The) Voting Ordinary Shares,Finance,Commercial Banks,2480000000.0
NTCT,NetScout Systems Inc. Common Stock,Technology,EDP Services,2917523114.0
NTLA,Intellia Therapeutics Inc. Common Stock,Health Care,Biotechnology: In Vitro & In Vivo Diagnostic Substances,1570478393.0
NTNX,Nutanix Inc. Class A Common Stock,Technology,Computer Software: Prepackaged Software,16251669001.0
NTR,Nutrien Ltd. Common Shares,Industrials,Agricultural Chemicals,32175798675.0
NTRA,Natera Inc. Common Stock,Health Care,Medical Specialities,38006498075.0
NTRS,Northern Trust Corporation Common Stock,Finance,Major Banks,33689453943.0
NTSK,Netskope Inc. Class A Common Stock,Technology,Computer Software: Prepackaged Software,5444890789.0
NTST,NetSTREIT Corp. Common Stock,Real Estate,Real Estate Investment Trusts,2135133798.0
NU,Nu Holdings Ltd. Class A Ordinary Shares,Finance,Finance: Consumer Services,68562111684.0
NUE,Nucor Corporation Common Stock,Industrials,Steel/Iron Ore,61945538400.0
NUTX,Nutex Health Inc. Common Stock,Consumer Discretionary,Business Services,1045481834.0
NUVB,Nuvation Bio Inc. Class A Common Stock,Health Care,Biotechnology: Pharmaceutical Preparations,2127514043.0
NVA,Nova Minerals Corp Common Stock,Basic Materials,Precious Metals,2458103706.0
NVAX,Novavax Inc. Common Stock,Health Care,Biotechnology: Biological Products (No Diagnostic Substances),1272751041.0
NVCR,NovoCure Limited Ordinary Shares,Health Care,Medical/Dental Instruments,1827035230.0
NVDA,NVIDIA Corporation Common Stock,Technology,Semiconductors,5299558000000.0
NVGS,Navigator Holdings Ltd. Ordinary Shares (Marshall Islands),Consumer Discretionary,Marine Transportation,1361776766.0
NVMI,Nova Ltd. Ordinary Shares,Technology,Electronic Components,12119482883.0
NVO,Novo Nordisk A/S Common Stock,Health Care,Biotechnology: Pharmaceutical Preparations,203551966004.0
NVR,NVR Inc. Common Stock,Consumer Discretionary,Homebuilding,17018523195.0
NVS,Novartis AG Common Stock,Health Care,Biotechnology: Pharmaceutical Preparations,294256070419.0
NVST,Envista Holdings Corporation Common Stock,Health Care,Medical/Dental Instruments,4455490532.0
NVT,nVent Electric plc Ordinary Shares ,Industrials,Industrial Machinery/Components,26431401439.0
NVTS,Navitas Semiconductor Corporation Common Stock,Technology,Semiconductors,3237559251.0
NWBI,Northwest Bancshares Inc. Common Stock,Finance,Major Banks,2289824288.0
NWL,Newell Brands Inc. Common Stock,Industrials,Plastic Products,2563918000.0
NWPX,NWPX Infrastructure Inc. Common Stock,Industrials,Steel/Iron Ore,1142008437.0
NWS,News Corporation Class B Common Stock,Consumer Discretionary,Newspapers/Magazines,18542021761.0
NWSA,News Corporation Class A Common Stock,Consumer Discretionary,Newspapers/Magazines,16242745369.0
NXE,Nexgen Energy Ltd. Common Shares,Basic Materials,Other Metals and Minerals,6859277413.0
NXPI,NXP Semiconductors N.V. Common Stock,Technology,Semiconductors,58446612250.0
NXST,Nexstar Media Group Inc. Common Stock,Industrials,Broadcasting,5740409251.0
NXT,Nextpower Inc. Class A Common Stock,Technology,Semiconductors,14934736654.0
NYAX,Nayax Ltd. Ordinary Shares,Technology,Computer Software: Prepackaged Software,2550501035.0
NYT,New York Times Company (The) Common Stock,Consumer Discretionary,Newspapers/Magazines,10483847014.0
O,Realty Income Corporation Common Stock,Real Estate,Real Estate Investment Trusts,58150234171.0
OBDC,Blue Owl Capital Corporation Common Stock,Finance,Diversified Financial Services,5613214345.0
OBK,Origin Bancorp Inc. Common Stock,Finance,Major Banks,1668202940.0
OC,Owens Corning Inc Common Stock New,Industrials,Industrial Machinery/Components,12127564841.0
OCFC,OceanFirst Financial Corp. Common Stock,Finance,Major Banks,1921084126.0
OCSL,Oaktree Specialty Lending Corporation Common Stock,Finance,Finance: Consumer Services,1120447853.0
OCTV,Octave Intelligence plc Class B Ordinary Shares,Technology,Computer Software: Prepackaged Software,5213061843.0
OCUL,Ocular Therapeutix Inc. Common Stock,Health Care,Biotechnology: Pharmaceutical Preparations,1919442686.0
ODC,Oil-Dri Corporation Of America Common Stock,Consumer Discretionary,Miscellaneous manufacturing industries,1398848744.0
ODFL,Old Dominion Freight Line Inc. Common Stock,Industrials,Trucking Freight/Courier Services,43966574709.0
ODTX,Odyssey Therapeutics Inc. Common Stock,Health Care,Biotechnology: Biological Products (No Diagnostic Substances),1035074946.0
OFG,OFG Bancorp Common Stock,Finance,Major Banks,2235046300.0
OGN,Organon & Co. Common Stock ,Health Care,Biotechnology: Pharmaceutical Preparations,3558357817.0
OHI,Omega Healthcare Investors Inc. Common Stock,Real Estate,Real Estate Investment Trusts,14750672840.0
OI,O-I Glass Inc. Common Stock,Consumer Discretionary,Containers/Packaging,1090984204.0
OII,Oceaneering International Inc. Common Stock,Energy,Oilfield Services/Equipment,4901835016.0
OKTA,Okta Inc. Class A Common Stock,Technology,Computer Software: Prepackaged Software,24943094951.0
OLED,Universal Display Corporation Common Stock,Technology,Electrical Products,4010606354.0
OLLI,Ollie's Bargain Outlet Holdings Inc. Common Stock,Consumer Discretionary,Department/Specialty Retail Stores,4713543177.0
OLMA,Olema Pharmaceuticals Inc. Common Stock,Health Care,Biotechnology: Pharmaceutical Preparations,1030700158.0
OLN,Olin Corporation Common Stock,Industrials,Major Chemicals,2136031863.0
OMAB,Grupo Aeroportuario del Centro Norte S.A.B. de C.V. ADS,Consumer Discretionary,Aerospace,5368237705.0
OMC,Omnicom Group Inc. Common Stock,Consumer Discretionary,Advertising,22636285737.0
OMCL,Omnicell Inc. Common Stock ($0.001 par value),Technology,Computer Manufacturing,1644517349.0
OMDA,Omada Health Inc. Common Stock,Health Care,Medical/Nursing Services,1161623827.0
OMF,OneMain Holdings Inc. Common Stock,Finance,Finance: Consumer Services,7481146729.0
ON,ON Semiconductor Corporation Common Stock,Technology,Semiconductors,30494787106.0
ONB,Old National Bancorp Common Stock,Finance,Major Banks,10203141900.0
ONDS,Ondas Inc. Common Stock,Technology,Radio And Television Broadcasting And Communications Equipment,4980565230.0
ONON,On Holding AG Class A Ordinary Shares,Consumer Discretionary,Shoe Manufacturing,23827215332.0
ONTO,Onto Innovation Inc. Common Stock,Industrials,Industrial Machinery/Components,13366096453.0
OPCH,Option Care Health Inc. Common Stock,Health Care,Medical/Nursing Services,3539425292.0
OPEN,Opendoor Technologies Inc Common Stock,Finance,Real Estate,3345408667.0
OPI,Office Properties Income Trust Common shares of beneficial interest,Finance,Real Estate,1785559407.0
OPLN,OPENLANE Inc. Common Stock,Consumer Discretionary,Retail-Auto Dealers and Gas Stations,4619640257.0
OPY,Oppenheimer Holdings Inc. Class A Common Stock (DE),Finance,Investment Bankers/Brokers/Service,1223817891.0
OR,OR Royalties Inc. Common Shares,Basic Materials,Precious Metals,6027992028.0
ORC,Orchid Island Capital Inc. Common Stock,Real Estate,Real Estate Investment Trusts,1281454072.0
ORCL,Oracle Corporation Common Stock,Technology,Computer Software: Prepackaged Software,413261174370.0
ORI,Old Republic International Corporation Common Stock,Finance,Property-Casualty Insurers,10490260461.0
ORIC,Oric Pharmaceuticals Inc. Common Stock,Health Care,Biotechnology: Pharmaceutical Preparations,1340228842.0
ORKA,Oruka Therapeutics Inc. Common Stock,Health Care,Biotechnology: In Vitro & In Vivo Diagnostic Substances,5935916980.0
ORLY,O'Reilly Automotive Inc. Common Stock,Consumer Discretionary,Auto & Home Supply Stores,77377126926.0
OSBC,Old Second Bancorp Inc. Common Stock,Finance,Major Banks,1325926550.0
OSCR,Oscar Health Inc. Class A Common Stock,Health Care,Medical Specialities,8001624220.0
OSIS,OSI Systems Inc. Common Stock (DE),Technology,Semiconductors,3908093219.0
OSK,Oshkosh Corporation (Holding Company)Common Stock,Industrials,Auto Manufacturing,9473347087.0
OSW,OneSpaWorld Holdings Limited Common Shares,Consumer Discretionary,Hotels/Resorts,2693268323.0
OTEX,Open Text Corporation Common Shares,Technology,EDP Services,6430467258.0
OTIS,Otis Worldwide Corporation Common Stock ,Technology,Consumer Electronics/Appliances,28104817298.0
OUST,Ouster Inc. Common Stock,Industrials,Industrial Machinery/Components,3057641636.0
OUT,OUTFRONT Media Inc. Common Stock,Real Estate,Real Estate Investment Trusts,5484378337.0
OVV,Ovintiv Inc. (DE),Energy,Oil & Gas Production,16922422000.0
OWL,Blue Owl Capital Inc. Class A Common Stock,Finance,Investment Managers,17867196876.0
OXLC,Oxford Lane Capital Corp. Common Stock,Finance,Investment Managers,1590176000.0
OXY,Occidental Petroleum Corporation Common Stock,Energy,Oil & Gas Production,55739328644.0
OZK,Bank OZK Common Stock,Finance,Major Banks,5836693050.0
P,Everpure Inc. Class A common stock,Technology,Electronic Components,29005654366.0
PAAS,Pan American Silver Corp. Common Stock,Basic Materials,Precious Metals,20249426275.0
PAC,Grupo Aeroportuario Del Pacifico S.A. B. de C.V. Grupo Aeroportuario Del Pacifico S.A. de C.V. (each representing 10 Series B shares),Consumer Discretionary,Aerospace,13215949240.0
PACS,PACS Group Inc. Common Stock,Health Care,Hospital/Nursing Management,7389523012.0
PAG,Penske Automotive Group Inc. Common Stock,Consumer Discretionary,Retail-Auto Dealers and Gas Stations,14209445717.0
PAGS,PagSeguro Digital Ltd. Class A Common Shares,Technology,EDP Services,2720743356.0
PAHC,Phibro Animal Health Corporation Class A Common Stock,Health Care,Biotechnology: Pharmaceutical Preparations,1440047418.0
PANW,Palo Alto Networks Inc. Common Stock,Technology,Computer peripheral equipment,292984350000.0
PARR,Par Pacific Holdings Inc.  Common Stock,Energy,Oil & Gas Production,3456946456.0
PATH,UiPath Inc. Class A Common Stock,Technology,Computer Software: Prepackaged Software,7253683724.0
PATK,Patrick Industries Inc. Common Stock,Consumer Discretionary,Auto Parts:O.E.M.,2845592722.0
PAX,Patria Investments Limited Class A Common Shares,Finance,Investment Managers,1822479877.0
PAY,Paymentus Holdings Inc. Class A Common Stock,Consumer Discretionary,Business Services,5052698638.0
PAYC,Paycom Software Inc. Common Stock,Technology,Computer Software: Prepackaged Software,10286964257.0
PAYO,Payoneer Global Inc. Common Stock,Consumer Discretionary,Business Services,2380276301.0
PAYP,PayPay Corporation American Depository Shares,Consumer Discretionary,Business Services,10428004279.0
PAYX,Paychex Inc. Common Stock,Industrials,Diversified Commercial Services,42728181972.0
PB,Prosperity Bancshares Inc. Common Stock,Finance,Major Banks,8878835361.0
PBA,Pembina Pipeline Corp. Ordinary Shares (Canada),Energy,Oil & Gas Production,27914640000.0
PBF,PBF Energy Inc. Class A Common Stock,Energy,Integrated oil Companies,7259195959.0
PBH,Prestige Consumer Healthcare Inc. Common Stock,Health Care,Biotechnology: Pharmaceutical Preparations,2578466995.0
PBLS,Parabilis Medicines Inc. Common Stock,Health Care,Biotechnology: Pharmaceutical Preparations,4225150582.0
PBR,Petroleo Brasileiro S.A. Petrobras ADS,Energy,Oil & Gas Production,119349665376.0
PBT,Permian Basin Royalty Trust Common Stock,Energy,Oil & Gas Production,1466778810.0
PCAR,PACCAR Inc. Common Stock,Industrials,Auto Manufacturing,69511755693.0
PCOR,Procore Technologies Inc. Common Stock,Technology,Computer Software: Prepackaged Software,8466951433.0
PCRX,Pacira BioSciences Inc. Common Stock,Health Care,Biotechnology: Pharmaceutical Preparations,1019667044.0
PCT,PureCycle Technologies Inc. Common stock,Industrials,Major Chemicals,1378929569.0
PCTY,Paylocity Holding Corporation Common Stock,Technology,Computer Software: Prepackaged Software,8111389346.0
PCVX,Vaxcyte Inc. Common Stock,Health Care,Biotechnology: Biological Products (No Diagnostic Substances),8503579493.0
PDFS,PDF Solutions Inc. Common Stock,Technology,Computer Software: Prepackaged Software,1832378031.0
PDI,PIMCO Dynamic Income Fund Common Stock,Finance,Trusts Except Educational Religious and Charitable,3904025400.0
PDM,Piedmont Realty Trust Inc. Class A Common Stock,Real Estate,Building operators,1180002540.0
PDO,PIMCO Dynamic Income Opportunities Fund Common Shares of Beneficial Interest,Finance,Trusts Except Educational Religious and Charitable,1897868024.0
PEB,Pebblebrook Hotel Trust Common Shares of Beneficial Interest,Real Estate,Real Estate Investment Trusts,2081948110.0
PEBO,Peoples Bancorp Inc. Common Stock,Finance,Major Banks,1479385685.0
PECO,Phillips Edison & Company Inc. Common Stock,Real Estate,Real Estate Investment Trusts,5240664000.0
PEGA,Pegasystems Inc. Common Stock,Technology,EDP Services,5206704608.0
PEN,Penumbra Inc. Common Stock,Health Care,Medical/Dental Instruments,12796047631.0
PENG,Penguin Solutions Inc. Common Stock,Technology,Semiconductors,2882914246.0
PENN,PENN Entertainment Inc. Common Stock,Consumer Discretionary,Hotels/Resorts,2694267058.0
PEP,PepsiCo Inc. Common Stock,Consumer Staples,Beverages (Production/Distribution),188955587290.0
PFE,Pfizer Inc. Common Stock,Health Care,Biotechnology: Pharmaceutical Preparations,149331448032.0
PFG,Principal Financial Group Inc Common Stock,Finance,Accident &Health Insurance,24709816618.0
PFGC,Performance Food Group Company Common Stock,Consumer Discretionary,Food Distributors,17999355128.0
PFS,Provident Financial Services Inc Common Stock,Finance,Savings Institutions,3225263753.0
PFSI,PennyMac Financial Services Inc. Common Stock,Finance,Finance: Consumer Services,4001310075.0
PG,Procter & Gamble Company (The) Common Stock,Consumer Discretionary,Package Goods/Cosmetics,341621926828.0
PGEN,Precigen Inc. Common Stock,Health Care,Biotechnology: Pharmaceutical Preparations,2474023557.0
PGNY,Progyny Inc. Common Stock,Health Care,Misc Health and Biotechnology Services,2366420898.0
PGR,Progressive Corporation (The) Common Stock,Finance,Property-Casualty Insurers,125192596952.0
PGY,Pagaya Technologies Ltd. Class A Ordinary Shares,Finance,Finance: Consumer Services,1786981557.0
PH,Parker-Hannifin Corporation Common Stock,Industrials,Metal Fabrications,134887218952.0
PHG,Koninklijke Philips N.V. NY Registry Shares,Health Care,Medical Electronics,25879356442.0
PHIN,PHINIA Inc. Common Stock,Consumer Discretionary,Auto Parts:O.E.M.,2743826410.0
PHM,PulteGroup Inc. Common Stock,Consumer Discretionary,Homebuilding,24284476557.0
PHVS,Pharvaris N.V. Ordinary Shares,Health Care,Biotechnology: Pharmaceutical Preparations,2400009306.0
PI,Impinj Inc. Common Stock,Technology,Industrial Machinery/Components,5252609139.0
PICS,PicS N.V. Class A Common Shares,Finance,Finance: Consumer Services,1695005062.0
PII,Polaris Inc. Common Stock,Consumer Discretionary,Industrial Specialties,3986660891.0
PINS,Pinterest Inc. Class A Common Stock,Technology,Computer Software: Programming Data Processing,13212082920.0
PIPR,Piper Sandler Companies Common Stock,Finance,Investment Bankers/Brokers/Service,5285669508.0
PJT,PJT Partners Inc. Class A Common Stock,Finance,Investment Managers,7084755455.0
PK,Park Hotels & Resorts Inc. Common Stock ,Consumer Discretionary,Hotels/Resorts,2889542332.0
PKG,Packaging Corporation of America Common Stock,Consumer Discretionary,Containers/Packaging,22519683029.0
PL,Planet Labs PBC Class A Common Stock,Technology,Radio And Television Broadcasting And Communications Equipment,8097465391.0
PLAB,Photronics Inc. Common Stock,Technology,Semiconductors,1880941966.0
PLBL,Polibeli Group Ltd Class A Ordinary Shares,Consumer Discretionary,Consumer Electronics/Appliances,2169013822.0
PLD,Prologis Inc. Common Stock,Real Estate,Real Estate Investment Trusts,129828194640.0
PLGO,Pelagos Insurance Capital Limited Common Shares,Finance,Property-Casualty Insurers,2208702903.0
PLMR,Palomar Holdings Inc. Common stock,Finance,Property-Casualty Insurers,3626259630.0
PLNT,Planet Fitness Inc. Common Stock,Consumer Discretionary,Hotels/Resorts,4068264610.0
PLOW,Douglas Dynamics Inc. Common Stock,Industrials,Construction/Ag Equipment/Trucks,1036390136.0
PLPC,Preformed Line Products Company Common Stock,Industrials,Water Sewer Pipeline Comm & Power Line Construction,2252468986.0
PLSE,Pulse Biosciences Inc Common Stock (DE),Health Care,Medical/Dental Instruments,2646579387.0
PLTK,Playtika Holding Corp. Common Stock,Technology,EDP Services,1251448703.0
PLTR,Palantir Technologies Inc. Class A Common Stock,Technology,Computer Software: Prepackaged Software,374528178602.0
PLUG,Plug Power Inc. Common Stock,Energy,Industrial Machinery/Components,2887793000.0
PLUS,ePlus inc. Common Stock,Technology,Retail: Computer Software & Peripheral Equipment,2357269266.0
PLXS,Plexus Corp. Common Stock,Technology,Electrical Products,7183831474.0
PM,Philip Morris International Inc Common Stock,Health Care, Medicinal Chemicals and Botanical Products ,293097257204.0
PNC,PNC Financial Services Group Inc. (The) Common Stock,Finance,Major Banks,101499476384.0
PNFP,Pinnacle Financial Partners Inc. Common stock,Finance,Major Banks,16082918275.0
PNR,Pentair plc. Ordinary Share,Industrials,Industrial Machinery/Components,11158692705.0
PNTG,The Pennant Group Inc. Common Stock ,Health Care,Medical/Nursing Services,1358020776.0
PODD,Insulet Corporation Common Stock,Health Care,Medical/Dental Instruments,9648569088.0
POET,POET Technologies Inc. Common Shares,Technology,Semiconductors,1304182442.0
POOL,Pool Corporation Common Stock,Consumer Discretionary,Industrial Specialties,7307397407.0
POST,Post Holdings Inc. Common Stock,Consumer Staples,Packaged Foods,4089456935.0
POWI,Power Integrations Inc. Common Stock,Technology,Semiconductors,3286364656.0
POWL,Powell Industries Inc. Common Stock,Energy,Electrical Products,7554656471.0
PPC,Pilgrim's Pride Corporation Common Stock,Consumer Staples,Meat/Poultry/Fish,6558699294.0
PPG,PPG Industries Inc. Common Stock,Consumer Discretionary,Paints/Coatings,26044668000.0
PPLI,People Incorporated Common Stock,Technology,Computer Software: Programming Data Processing,3197480940.0
PPTA,Perpetua Resources Corp. Common Shares,Basic Materials,Precious Metals,2855907503.0
PR,Permian Resources Corporation Class A Common Stock,Energy,Oil & Gas Production,16980203155.0
PRAX,Praxis Precision Medicines Inc. Common Stock,Health Care,Biotechnology: Pharmaceutical Preparations,10319606984.0
PRCH,Porch Group Inc. Common Stock,Technology,Computer Software: Prepackaged Software,2035486759.0
PRCT,PROCEPT BioRobotics Corporation Common Stock,Health Care,Medical/Dental Instruments,1140084445.0
PRDO,Perdoceo Education Corporation Common Stock,Real Estate,Other Consumer Services,2034716666.0
PRG,PROG Holdings Inc. Common Stock,Consumer Discretionary,Diversified Commercial Services,1730286138.0
PRGO,Perrigo Company plc Ordinary Shares,Health Care,Biotechnology: Pharmaceutical Preparations,1735131836.0
PRGS,Progress Software Corporation Common Stock (DE),Technology,Computer Software: Prepackaged Software,1714751105.0
PRI,Primerica Inc. Common Stock,Finance,Life Insurance,10248321536.0
PRIM,Primoris Services Corporation Common Stock,Industrials,Water Sewer Pipeline Comm & Power Line Construction,4352330886.0
PRK,Park National Corporation Common Stock,Finance,Major Banks,3719108211.0
PRKS,United Parks & Resorts Inc. Common Stock,Consumer Discretionary,Services-Misc. Amusement & Recreation,2115890418.0
PRLB,Proto Labs Inc. Common stock,Industrials,Metal Fabrications,2102973965.0
PRM,Perimeter Solutions SA Common Stock,Industrials,Major Chemicals,6113706574.0
PRMB,Primo Brands Corporation Class A Common Stock,Consumer Staples,Beverages (Production/Distribution),8676187317.0
PRSU,Pursuit Attractions and Hospitality Inc. Common Stock,Consumer Discretionary,Services-Misc. Amusement & Recreation,1302272418.0
PRU,Prudential Financial Inc. Common Stock,Finance,Life Insurance,42160500000.0
PRVA,Privia Health Group Inc. Common Stock,Health Care,Medical/Nursing Services,2772272228.0
PS,Pershing Square Inc. Common Stock,Finance,Investment Managers,15044000000.0
PSA,Public Storage Common Stock,Real Estate,Real Estate Investment Trusts,57428110818.0
PSEC,Prospect Capital Corporation Common Stock,Finance,Finance: Consumer Services,1107226913.0
PSKY,Paramount Skydance Corporation Class B Common Stock,Industrials,Broadcasting,10164828758.0
PSMT,PriceSmart Inc. Common Stock,Consumer Discretionary,Department/Specialty Retail Stores,5497030838.0
PSN,Parsons Corporation Common Stock,Technology,EDP Services,5117046427.0
PSNL,Personalis Inc. Common Stock,Health Care,Medical Specialities,1391602332.0
PSNY,Polestar Automotive Holding UK PLC Class A ADS,Industrials,Auto Manufacturing,2282672392.0
PSO,Pearson Plc Common Stock,Consumer Discretionary,Books,10534757583.0
PSX,Phillips 66 Common Stock,Energy,Integrated oil Companies,82400165310.0
PTC,PTC Inc. Common Stock,Technology,Computer Software: Prepackaged Software,16022034499.0
PTCT,PTC Therapeutics Inc. Common Stock,Health Care,Biotechnology: Pharmaceutical Preparations,5913197822.0
PTEN,Patterson-UTI Energy Inc. Common Stock,Energy,Oil & Gas Production,3832917984.0
PTGX,Protagonist Therapeutics Inc. Common Stock,Health Care,Biotechnology: Pharmaceutical Preparations,9401036505.0
PTON,Peloton Interactive Inc. Class A Common Stock,Consumer Discretionary,Recreational Games/Products/Toys,2383620547.0
PTRN,Pattern Group Inc. Series A Common Stock,Consumer Discretionary,Catalog/Specialty Distribution,3906971818.0
PUK,Prudential Public Limited Company Common Stock,Finance,Life Insurance,35620031130.0
PUMP,ProPetro Holding Corp. Common Stock,Energy,Oilfield Services/Equipment,1344921891.0
PURR,Hyperliquid Strategies Inc Common Stock,Finance,Finance: Consumer Services,1337759819.0
PVH,PVH Corp. Common Stock,Industrials,Garments and Clothing,3990655363.0
PVLA,Palvella Therapeutics Inc. Common Stock,Health Care,Biotechnology: Pharmaceutical Preparations,2232294497.0
PWP,Perella Weinberg Partners Class A Common Stock,Finance,Finance: Consumer Services,1604293091.0
PWR,Quanta Services Inc. Common Stock,Industrials,Engineering & Construction,100405331581.0
PXED,Phoenix Education Partners Inc. Common Stock,Real Estate,Other Consumer Services,1024826900.0
PYPL,PayPal Holdings Inc. Common Stock,Industrials,Diversified Commercial Services,51139451048.0
Q,Qnity Electronics Inc. Common Stock,Technology,Semiconductors,27902143380.0
QBTS,D-Wave Quantum Inc. Common Stock,Technology,EDP Services,7116543147.0
QCOM,QUALCOMM Incorporated Common Stock,Technology,Radio And Television Broadcasting And Communications Equipment,168447018589.0
QCRH,QCR Holdings Inc. Common Stock,Finance,Major Banks,1722631384.0
QDEL,QuidelOrtho Corporation Common Stock,Health Care,Biotechnology: In Vitro & In Vivo Diagnostic Substances,1112876940.0
QGEN,Qiagen N.V. Common Shares,Health Care,Biotechnology: Biological Products (No Diagnostic Substances),8599499443.0
QLYS,Qualys Inc. Common Stock,Technology,Computer Software: Prepackaged Software,6288679282.0
QNT,Quantinuum Inc. Class A Common Stock,Technology,EDP Services,15365956995.0
QRVO,Qorvo Inc. Common Stock,Technology,Semiconductors,8410168274.0
QSR,Restaurant Brands International Inc. Common Shares,Consumer Discretionary,Restaurants,33276086310.0
QTWO,Q2 Holdings Inc. Common Stock,Technology,Computer Software: Prepackaged Software,3951417022.0
QUBT,Quantum Computing Inc. Common Stock,Technology,Computer Software: Prepackaged Software,1979069511.0
QURE,uniQure N.V. Ordinary Shares,Health Care,Biotechnology: Pharmaceutical Preparations,3146460448.0
QXO,QXO Inc. Common Stock,Consumer Discretionary,RETAIL: Building Materials,15749250000.0
R,Ryder System Inc. Common Stock,Consumer Discretionary,Rental/Leasing Companies,10058000008.0
RACE,Ferrari N.V. Common Shares,Industrials,Auto Manufacturing,95280929808.0
RAL,Ralliant Corporation Common Stock,Industrials,Industrial Machinery/Components,7296708528.0
RAMP,LiveRamp Holdings Inc. Common Stock,Technology,EDP Services,2272523092.0
RAPP,Rapport Therapeutics Inc. Common Stock,Health Care,Biotechnology: Pharmaceutical Preparations,2216778159.0
RARE,Ultragenyx Pharmaceutical Inc. Common Stock,Health Care,Biotechnology: Pharmaceutical Preparations,2542991764.0
RBA,RB Global Inc. Common Stock,Consumer Discretionary,Business Services,17320023000.0
RBC,RBC Bearings Incorporated Common Stock,Industrials,Metal Fabrications,17938444809.0
RBCAA,Republic Bancorp Inc. Class A Common Stock,Finance,Major Banks,1954318263.0
RBLX,Roblox Corporation Class A Common Stock,Technology,Computer Software: Prepackaged Software,25746108914.0
RBRK,Rubrik Inc. Class A Common Stock,Technology,Computer Software: Prepackaged Software,17413096684.0
RCAT,Red Cat Holdings Inc. Common Stock,Technology,Computer Software: Prepackaged Software,1064176270.0
RCL,Royal Caribbean Cruises Ltd. Common Stock,Consumer Discretionary,Marine Transportation,85731765526.0
RCUS,Arcus Biosciences Inc. Common Stock,Health Care,Biotechnology: Pharmaceutical Preparations,3563153679.0
RDDT,Reddit Inc. Class A Common Stock,Technology,EDP Services,29026861464.0
RDN,Radian Group Inc. Common Stock,Finance,Property-Casualty Insurers,4821680607.0
RDNT,RadNet Inc. Common Stock,Health Care,Medical Specialities,5359709526.0
RDW,Redwire Corporation Common Stock,Industrials,Military/Government/Technical,2825303831.0
RDWR,Radware Ltd. Ordinary Shares,Consumer Discretionary,Business Services,1180787533.0
RDY,Dr. Reddy's Laboratories Ltd Common Stock,Health Care,Biotechnology: Pharmaceutical Preparations,10107695907.0
REAL,The RealReal Inc. Common Stock,Consumer Discretionary,Other Specialty Stores,1538628287.0
REF,Reformation Inc. Common Stock,Consumer Discretionary,Apparel,1026833977.0
REG,Regency Centers Corporation Common Stock,Real Estate,Real Estate Investment Trusts,14092957297.0
REGN,Regeneron Pharmaceuticals Inc. Common Stock,Health Care,Biotechnology: Pharmaceutical Preparations,79492575785.0
RELY,Remitly Global Inc. Common Stock,Consumer Discretionary,Business Services,5459848778.0
REPL,Replimune Group Inc. Common Stock,Health Care,Biotechnology: Biological Products (No Diagnostic Substances),1080575273.0
RES,RPC Inc. Common Stock,Energy,Oilfield Services/Equipment,1305559801.0
REX,REX American Resources Corporation,Industrials,Major Chemicals,1425873812.0
REXR,Rexford Industrial Realty Inc. Common Stock,Real Estate,Real Estate Investment Trusts,8139066526.0
REYN,Reynolds Consumer Products Inc. Common Stock,Consumer Discretionary,Containers/Packaging,5541694917.0
REZI,Resideo Technologies Inc. Common Stock ,Industrials,Wholesale Distributors,3947682598.0
RF,Regions Financial Corporation Common Stock,Finance,Major Banks,26787583698.0
RGA,Reinsurance Group of America Incorporated Common Stock,Finance,Life Insurance,15481415549.0
RGC,Regencell Bioscience Holdings Limited Ordinary Shares,Health Care, Medicinal Chemicals and Botanical Products ,2699909438.0
RGEN,Repligen Corporation Common Stock,Health Care,Biotechnology: Biological Products (No Diagnostic Substances),8998095412.0
RGLD,Royal Gold Inc. Common Stock,Industrials,Precious Metals,18510254562.0
RGTI,Rigetti Computing Inc. Common Stock,Technology,EDP Services,5494552280.0
RH,RH Common Stock,Consumer Discretionary,Other Specialty Stores,3552815143.0
RHI,Robert Half Inc. Common Stock,Consumer Discretionary,Professional Services,4164079163.0
RHLD,Resolute Holdings Management Common Stock ,Finance,Finance: Consumer Services,1061824467.0
RHP,Ryman Hospitality Properties Inc. (REIT),Real Estate,Real Estate Investment Trusts,7840064861.0
RIG,Transocean Ltd (Switzerland) Common Stock,Energy,Oil & Gas Production,6728689954.0
RIO,Rio Tinto Plc Common Stock,Basic Materials,Metal Mining,125164244896.0
RIOT,Riot Platforms Inc. Common Stock ,Finance,Finance: Consumer Services,8013439330.0
RITM,Rithm Capital Corp. Common Stock,Real Estate,Real Estate Investment Trusts,5550565888.0
RIVN,Rivian Automotive Inc. Class A Common Stock,Industrials,Auto Manufacturing,22268096489.0
RJF,Raymond James Financial Inc. Common Stock,Finance,Investment Bankers/Brokers/Service,34948374487.0
RKLB,Rocket Lab Corporation Common Stock,Industrials,Military/Government/Technical,43802901833.0
RKT,Rocket Companies Inc. Class A Common Stock,Finance,Finance: Consumer Services,37405060925.0
RL,Ralph Lauren Corporation Common Stock,Industrials,Garments and Clothing,23558355237.0
RLAY,Relay Therapeutics Inc. Common Stock,Health Care,Biotechnology: Biological Products (No Diagnostic Substances),3783826759.0
RLI,RLI Corp. Common Stock (DE),Finance,Property-Casualty Insurers,5908343809.0
RLJ,RLJ Lodging Trust Common Shares of Beneficial Interest $0.01 par value,Real Estate,Real Estate Investment Trusts,1811002334.0
RMBS,Rambus Inc. Common Stock,Technology,Semiconductors,10594529381.0
RMD,ResMed Inc. Common Stock,Health Care,Medical/Dental Instruments,32382387164.0
RMIX,Suncrete Inc. Class A Common Stock,Industrials,Building Materials,1308162182.0
RNG,RingCentral Inc. Class A Common Stock,Technology,EDP Services,5162350935.0
RNR,RenaissanceRe Holdings Ltd. Common Stock,Finance,Property-Casualty Insurers,13441621867.0
RNST,Renasant Corporation Common Stock,Finance,Major Banks,3995382796.0
ROAD,Construction Partners Inc. Class A Common Stock,Industrials,Military/Government/Technical,5662519759.0
ROCK,Gibraltar Industries Inc. Common Stock,Industrials,Steel/Iron Ore,1506232247.0
ROG,Rogers Corporation Common Stock,Industrials,Major Chemicals,2389532440.0
ROIV,Roivant Sciences Ltd. Common Shares,Health Care,Biotechnology: Pharmaceutical Preparations,25380102337.0
ROK,Rockwell Automation Inc. Common Stock,Industrials,Industrial Machinery/Components,49160832435.0
ROL,Rollins Inc. Common Stock,Consumer Discretionary,Diversified Commercial Services,17720585229.0
ROP,Roper Technologies Inc. Common Stock,Industrials,Industrial Machinery/Components,39271559048.0
ROST,Ross Stores Inc. Common Stock,Consumer Discretionary,Clothing/Shoe/Accessory Stores,81577835438.0
RPM,RPM International Inc. Common Stock,Consumer Discretionary,Paints/Coatings,14773294298.0
RPRX,Royalty Pharma plc Class A Ordinary Shares ,Health Care,Biotechnology: Pharmaceutical Preparations,32972152001.0
RQI,Cohen & Steers Quality Income Realty Fund Inc Common Shares,Finance,Trusts Except Educational Religious and Charitable,1686813124.0
RRC,Range Resources Corporation Common Stock,Energy,Oil & Gas Production,9013018894.0
RRR,Red Rock Resorts Inc. Class A Common Stock,Consumer Discretionary,Hotels/Resorts,6564748965.0
RRX,Regal Rexnord Corporation Common Stock,Industrials,Industrial Machinery/Components,11917284958.0
RS,Reliance Inc. Common Stock,Industrials,Metal Fabrications,21347441082.0
RSI,Rush Street Interactive Inc. Class A Common Stock,Consumer Discretionary,Services-Misc. Amusement & Recreation,5812875819.0
RTX,RTX Corporation Common Stock,Industrials,Aerospace,300887005648.0
RUM,RUM Group Inc. Class A Common Stock,Technology,Computer Software: Programming Data Processing,2702447252.0
RUSHA,Rush Enterprises Inc. Common Stock Cl A,Consumer Discretionary,Retail-Auto Dealers and Gas Stations,6196000961.0
RUSHB,Rush Enterprises Inc. Class B,Consumer Discretionary,Retail-Auto Dealers and Gas Stations,6049901854.0
RVLV,Revolve Group Inc. Class A Common Stock,Consumer Discretionary,Catalog/Specialty Distribution,1750833895.0
RVMD,Revolution Medicines Inc. Common Stock,Health Care,Biotechnology: Biological Products (No Diagnostic Substances),42053706148.0
RVT,Royce Small-Cap Trust Inc. Common Stock,Finance,Trusts Except Educational Religious and Charitable,2003676630.0
RVTY,Revvity Inc. Common Stock,Industrials,Biotechnology: Laboratory Analytical Instruments,12744588468.0
RXO,RXO Inc. Common Stock,Consumer Discretionary,Transportation Services,3337987115.0
RXRX,Recursion Pharmaceuticals Inc. Class A Common Stock,Health Care,Biotechnology: Biological Products (No Diagnostic Substances),1685098533.0
RXT,Rackspace Technology Inc. Common Stock,Technology,Computer Software: Programming Data Processing,1223839452.0
RY,Royal Bank Of Canada Common Stock,Finance,Commercial Banks,293868407336.0
RYAN,Ryan Specialty Holdings Inc. Class A Common Stock,Finance,Specialty Insurers,11376083489.0
RYN,Rayonier Inc. REIT Common Stock,Real Estate,Real Estate Investment Trusts,6445012989.0
RYTM,Rhythm Pharmaceuticals Inc. Common Stock,Health Care,Biotechnology: Pharmaceutical Preparations,7718318392.0
RYZ,Ryerson Holding Corporation Common Stock,Industrials,Metal Fabrications,1396073766.0
RZC,Reinsurance Group of America Incorporated 7.125% Fixed-Rate Reset Subordinated Debentures due 2052,Finance,Life Insurance,1667965130.0
RZLV,Rezolve AI PLC Ordinary Shares,Technology,Computer Software: Programming Data Processing,1057034262.0
S,SentinelOne Inc. Class A Common Stock,Technology,Computer Software: Prepackaged Software,7116605289.0
SA,Seabridge Gold Inc. Common Shares New,Basic Materials,Precious Metals,3122141460.0
SAFE,Safehold Inc. New Common Stock ,Real Estate,Real Estate Investment Trusts,1132352317.0
SAFT,Safety Insurance Group Inc. Common Stock,Finance,Property-Casualty Insurers,1519735419.0
SAH,Sonic Automotive Inc. Common Stock,Consumer Discretionary,Retail-Auto Dealers and Gas Stations,2683780542.0
SAIA,Saia Inc. Common Stock,Industrials,Trucking Freight/Courier Services,9651421863.0
SAIC,Science Applications International Corporation Common Stock,Technology,EDP Services,5254163065.0
SAIL,SailPoint Inc. Common Stock,Technology,Computer Software: Prepackaged Software,10027795387.0
SAM,Boston Beer Company Inc. (The) Common Stock,Consumer Staples,Beverages (Production/Distribution),1883892207.0
SAN,Banco Santander S.A. Sponsored ADR (Spain),Finance,Commercial Banks,215198530704.0
SANM,Sanmina Corporation Common Stock,Technology,Electrical Products,11022832235.0
SAP,SAP  SE ADS,Technology,Computer Software: Prepackaged Software,245037454115.0
SARO,StandardAero Inc. Common Stock,Industrials,Aerospace,9974159160.0
SBAC,SBA Communications Corporation Class A Common Stock,Real Estate,Real Estate Investment Trusts,19367106904.0
SBCF,Seacoast Banking Corporation of Florida Common Stock,Finance,Major Banks,3343291249.0
SBET,Sharplink Inc. Common Stock,Technology,Computer Software: Prepackaged Software,1335966877.0
SBGI,Sinclair Inc. Class A Common Stock,Industrials,Broadcasting,1065163976.0
SBH,Sally Beauty Holdings Inc. (Name to be changed from Sally Holdings Inc.) Common Stock,Consumer Discretionary,Other Specialty Stores,1510127570.0
SBLK,Star Bulk Carriers Corp. Common Shares,Consumer Discretionary,Marine Transportation,3188646989.0
SBR,Sabine Royalty Trust Common Stock,Energy,Oil & Gas Production,1031197072.0
SBRA,Sabra Health Care REIT Inc. Common Stock,Real Estate,Real Estate Investment Trusts,5341726228.0
SBSW,D/B/A Sibanye-Stillwater Limited ADS,Basic Materials,Precious Metals,6998577560.0
SBUX,Starbucks Corporation Common Stock,Consumer Discretionary,Restaurants,119882400000.0
SCCO,Southern Copper Corporation Common Stock,Basic Materials,Metal Mining,161051049209.0
SCHW,Charles Schwab Corporation (The) Common Stock,Finance,Investment Bankers/Brokers/Service,187235328684.0
SCI,Service Corporation International Common Stock,Consumer Discretionary,Other Consumer Services,11607190511.0
SCL,Stepan Company Common Stock,Consumer Discretionary,Package Goods/Cosmetics,1452744139.0
SCSC,ScanSource Inc. Common Stock,Technology,Retail: Computer Software & Peripheral Equipment,1157278681.0
SDGR,Schrodinger Inc. Common Stock,Health Care,Biotechnology: Pharmaceutical Preparations,1330776094.0
SDRL,Seadrill Limited Common Shares,Energy,Oil & Gas Production,2685060014.0
SEB,Seaboard Corporation Common Stock,Industrials,Farming/Seeds/Milling,4098400526.0
SECZ,Securitize Corp. Common Stock,Finance,Finance: Consumer Services,1173880275.0
SEDG,SolarEdge Technologies Inc. Common Stock,Technology,Semiconductors,1986930659.0
SEI,Solaris Energy Infrastructure Inc. Class A Common Stock,Consumer Discretionary,Oil and Gas Field Machinery,4192628793.0
SEIC,SEI Investments Company Common Stock,Finance,Investment Bankers/Brokers/Service,12564808164.0
SENEA,Seneca Foods Corp. Class A Common Stock,Consumer Staples,Packaged Foods,1127819895.0
SENEB,Seneca Foods Corp. Class B Common Stock,Consumer Staples,Packaged Foods,1157135900.0
SEPN,Septerna Inc. Common Stock,Health Care,Biotechnology: Pharmaceutical Preparations,1781835819.0
SEZL,Sezzle Inc. Common Stock,Finance,Finance: Consumer Services,6003431702.0
SF,Stifel Financial Corporation Common Stock,Finance,Investment Bankers/Brokers/Service,12792173517.0
SFBS,ServisFirst Bancshares Inc. Common Stock,Finance,Major Banks,4873737299.0
SFD,Smithfield Foods Inc. Common Stock,Consumer Staples,Meat/Poultry/Fish,9868409756.0
SFL,SFL Corporation Ltd,Consumer Discretionary,Marine Transportation,1745115929.0
SFM,Sprouts Farmers Market Inc. Common Stock,Consumer Staples,Food Chains,8131192900.0
SFNC,Simmons First National Corporation Class A Common Stock,Finance,Major Banks,3416262122.0
SGHC,Super Group (SGHC) Limited Ordinary Shares,Consumer Discretionary,Services-Misc. Amusement & Recreation,6599917476.0
SGI,Somnigroup International Inc. Common Stock,Consumer Discretionary,Home Furnishings,13644796279.0
SGML,Sigma Lithium Corporation Common Shares,Basic Materials,Metal Mining,1211093254.0
SGRY,Surgery Partners Inc. Common Stock,Health Care,Hospital/Nursing Management,1951507682.0
SHAK,Shake Shack Inc. Class A Common Stock,Consumer Discretionary,Restaurants,3004974035.0
SHAZ,SharonAI Holdings Inc. Class A Common Stock,Technology,EDP Services,1867152786.0
SHC,Sotera Health Company Common Stock,Health Care,Misc Health and Biotechnology Services,5392507857.0
SHLS,Shoals Technologies Group Inc. Class A Common Stock,Technology,Semiconductors,1447379570.0
SHO,Sunstone Hotel Investors Inc. Sunstone Hotel Investors Inc. Common Shares,Consumer Discretionary,Hotels/Resorts,2103228438.0
SHOO,Steven Madden Ltd. Common Stock,Consumer Discretionary,Shoe Manufacturing,3531526605.0
SHOP,Shopify Inc. Class A Subordinate Voting Shares,Technology,Computer Software: Prepackaged Software,191054377526.0
SHW,Sherwin-Williams Company (The) Common Stock,Consumer Discretionary,RETAIL: Building Materials,88223167236.0
SID,Companhia Siderurgica Nacional S.A. Common Stock,Industrials,Steel/Iron Ore,1251567467.0
SIG,Signet Jewelers Limited Common Shares,Consumer Discretionary,Consumer Specialties,3692280028.0
SIGI,Selective Insurance Group Inc. Common Stock,Finance,Property-Casualty Insurers,5765099337.0
SII,Sprott Inc. Common Shares,Finance,Finance: Consumer Services,2897598000.0
SIND,Sinda Ltd. Common Stock,Basic Materials,Precious Metals,2494286273.0
SION,Sionna Therapeutics Inc. Common Stock,Health Care,Biotechnology: Pharmaceutical Preparations,2239907871.0
SIRI,SiriusXM Holdings Inc. Common Stock,Consumer Discretionary,Broadcasting,10071558703.0
SITE,SiteOne Landscape Supply Inc. Common Stock,Consumer Discretionary,Professional and commerical equipment,4300929023.0
SITM,SiTime Corporation Common Stock,Technology,Semiconductors,20594419313.0
SJM,The J.M. Smucker Company Common Stock,Consumer Staples,Packaged Foods,12697425972.0
SKE,Skeena Resources Limited Common Shares,Basic Materials,Precious Metals,3826692431.0
SKT,Tanger Inc. Common Stock,Real Estate,Real Estate Investment Trusts,4516918461.0
SKWD,Skyward Specialty Insurance Group Inc. Common Stock,Finance,Property-Casualty Insurers,2913741836.0
SKY,Champion Homes Inc. Common Stock,Consumer Discretionary,Homebuilding,5023885518.0
SKYW,SkyWest Inc. Common Stock,Consumer Discretionary,Air Freight/Delivery Services,4404685188.0
SLAB,Silicon Laboratories Inc. Common Stock,Technology,Semiconductors,7205538871.0
SLB,SLB Limited Common Shares,Energy,Oilfield Services/Equipment,76492742126.0
SLBT,SL Science Holding Limited Ordinary Shares,Health Care,Biotechnology: Biological Products (No Diagnostic Substances),1530874137.0
SLDE,Slide Insurance Holdings Inc. Common Stock,Finance,Property-Casualty Insurers,2491593966.0
SLF,Sun Life Financial Inc. Common Stock,Finance,Life Insurance,45880562772.0
SLG,SL Green Realty Corp Common Stock,Real Estate,Real Estate Investment Trusts,3877706813.0
SLGN,Silgan Holdings Inc. Common Stock,Industrials,Containers/Packaging,4389937147.0
SLM,SLM Corporation Common Stock,Finance,Finance: Consumer Services,5151626119.0
SLS,SELLAS Life Sciences Group Inc. Common Stock,Health Care,Biotechnology: Pharmaceutical Preparations,2176581116.0
SLVM,Sylvamo Corporation Common Stock,Basic Materials,Paper,1501231218.0
SM,SM Energy Company Common Stock,Energy,Oil & Gas Production,6880787719.0
SMA,SmartStop Self Storage REIT Inc. Common Stock,Real Estate,Real Estate Investment Trusts,1907888066.0
SMCI,Super Micro Computer Inc. Common Stock,Technology,Computer Manufacturing,17669675001.0
SMG,Scotts Miracle-Gro Company (The) Common Stock,Industrials,Agricultural Chemicals,3610771010.0
SMMT,Summit Therapeutics Inc. Common Stock ,Health Care,Biotechnology: Pharmaceutical Preparations,10801529611.0
SMR,NuScale Power Corporation Class A Common Stock,Industrials,Metal Fabrications,3461106547.0
SMTC,Semtech Corporation Common Stock,Technology,Semiconductors,12554914423.0
SN,SharkNinja Inc. Ordinary Shares,Consumer Discretionary,Consumer Electronics/Appliances,25463761793.0
SNA,Snap-On Incorporated Common Stock,Consumer Discretionary,Industrial Machinery/Components,21450203780.0
SNAP,Snap Inc. Class A Common Stock,Technology,Computer Software: Programming Data Processing,8828052057.0
SNDA,Sonida Senior Living Inc. Common Stock,Health Care,Hospital/Nursing Management,1911744349.0
SNDK,Sandisk Corporation Common Stock,Technology,Electronic Components,186382807624.0
SNDR,Schneider National Inc. Common Stock,Industrials,Trucking Freight/Courier Services,6174097663.0
SNDX,Syndax Pharmaceuticals Inc. Common Stock,Health Care,Biotechnology: Pharmaceutical Preparations,1764510419.0
SNEX,StoneX Group Inc. Common Stock,Finance,Investment Bankers/Brokers/Service,7932080169.0
SNN,Smith & Nephew SNATS Inc. Common Stock,Health Care,Industrial Specialties,12614153077.0
SNOW,Snowflake Inc. Common Stock,Technology,Computer Software: Prepackaged Software,110218800000.0
SNPS,Synopsys Inc. Common Stock,Technology,Computer Software: Prepackaged Software,77736776364.0
SNX,TD SYNNEX Corporation Common Stock,Technology,Retail: Computer Software & Peripheral Equipment,20726108106.0
SNY,Sanofi ADS,Health Care,Biotechnology: Pharmaceutical Preparations,104602456295.0
SOBO,South Bow Corporation Common Shares,Energy,Natural Gas Distribution,7371380718.0
SOFI,SoFi Technologies Inc. Common Stock  ,Finance,Finance: Consumer Services,23217615720.0
SOLS,Solstice Advanced Materials Inc. Common Stock ,Industrials,Major Chemicals,9877129404.0
SOLV,Solventum Corporation Common Stock,Health Care,Medical/Dental Instruments,14366574108.0
SON,Sonoco Products Company Common Stock,Consumer Discretionary,Containers/Packaging,5642796421.0
SONO,Sonos Inc. Common Stock,Consumer Staples,Consumer Electronics/Appliances,1827641976.0
SOUN,SoundHound AI Inc Class A Common Stock,Technology,Computer Software: Prepackaged Software,3064009016.0
SPCX,Space Exploration Technologies Corp. Class A Common Stock,Technology,Computer Software: Programming Data Processing,1514850151279.0
SPG,Simon Property Group Inc. Common Stock,Real Estate,Real Estate Investment Trusts,71937231179.0
SPGI,S&P Global Inc. Common Stock,Finance,Finance: Consumer Services,119464752000.0
SPH,Suburban Propane Partners L.P. Common Stock,Consumer Discretionary,Other Specialty Stores,1176925831.0
SPHR,Sphere Entertainment Co. Class A Common Stock,Consumer Discretionary,Services-Misc. Amusement & Recreation,5538955608.0
SPNT,SiriusPoint Ltd. Common Shares,Finance,Property-Casualty Insurers,2746140978.0
SPOT,Spotify Technology S.A. Ordinary Shares,Consumer Discretionary,Broadcasting,97784858602.0
SPSC,SPS Commerce Inc. Common Stock,Technology,Computer Software: Prepackaged Software,2590932523.0
SPTX,Seaport Therapeutics Inc. Common Stock,Health Care,Biotechnology: Pharmaceutical Preparations,1236020400.0
SPXC,SPX Technologies Inc. Common Stock,Industrials,Industrial Machinery/Components,10726387778.0
SQM,Sociedad Quimica y Minera S.A. Common Stock,Industrials,Mining & Quarrying of Nonmetallic Minerals (No Fuels),20694459190.0
SRAD,Sportradar Group AG Class A Ordinary Shares,Technology,Computer Software: Programming Data Processing,3959318523.0
SRCE,1st Source Corporation Common Stock,Finance,Major Banks,2151470335.0
SRPT,Sarepta Therapeutics Inc. Common Stock (DE),Health Care,Biotechnology: Pharmaceutical Preparations,1771569005.0
SRRK,Scholar Rock Holding Corporation Common Stock,Health Care,Biotechnology: Biological Products (No Diagnostic Substances),6307763712.0
SSB,SouthState Bank Corporation Common Stock,Finance,Major Banks,10526585666.0
SSD,Simpson Manufacturing Company Inc. Common Stock,Consumer Discretionary,Industrial Machinery/Components,7957797588.0
SSMR,Sunshine Silver Mining & Refining Company Common Stock,Basic Materials,Precious Metals,2173166755.0
SSNC,SS&C Technologies Holdings Inc. Common Stock,Technology,Computer Software: Prepackaged Software,18734854881.0
SSRM,SSR Mining Inc. Common Stock,Industrials,Precious Metals,5866470906.0
ST,Sensata Technologies Holding plc Ordinary Shares,Industrials,Industrial Machinery/Components,6742676486.0
STAA,STAAR Surgical Company Common Stock,Health Care,Ophthalmic Goods,1151110004.0
STAG,Stag Industrial Inc. Common Stock,Real Estate,Real Estate Investment Trusts,7095346507.0
STBA,S&T Bancorp Inc. Common Stock,Finance,Major Banks,1858206162.0
STC,Stewart Information Services Corporation Common Stock,Finance,Specialty Insurers,2088328856.0
STDN,Standard Nuclear Inc. Class A Common Stock,Basic Materials,Major Chemicals,1317523044.0
STE,STERIS plc (Ireland) Ordinary Shares,Health Care,Industrial Specialties,22622303973.0
STEP,StepStone Group Inc. Class A Common Stock,Finance,Investment Managers,6073656700.0
STGW,Stagwell Inc. Class A Common Stock,Consumer Discretionary,Advertising,2229616113.0
STLA,Stellantis N.V. Common Shares,Industrials,Auto Manufacturing,16081031738.0
STLD,Steel Dynamics Inc.,Industrials,Steel/Iron Ore,37477428450.0
STM,STMicroelectronics N.V. Common Stock,Technology,Semiconductors,47554808629.0
STN,Stantec Inc Common Stock,Consumer Discretionary,Military/Government/Technical,8339438004.0
STNE,StoneCo Ltd. Class A Common Shares,Technology,EDP Services,2694968744.0
STNG,Scorpio Tankers Inc. Common Shares,Consumer Discretionary,Marine Transportation,3953641900.0
STOK,Stoke Therapeutics Inc. Common Stock,Health Care,Biotechnology: Pharmaceutical Preparations,2060322907.0
STRA,Strategic Education Inc. Common Stock,Real Estate,Other Consumer Services,1831235315.0
STRL,Sterling Infrastructure Inc. Common Stock,Industrials,Military/Government/Technical,16397892729.0
STT,State Street Corporation Common Stock,Finance,Major Banks,50797850384.0
STUB,StubHub Holdings Inc. Class A Common Stock,Consumer Discretionary,Services-Misc. Amusement & Recreation,3333883233.0
STVN,Stevanato Group S.p.A. Ordinary Shares,Health Care,Medical/Dental Instruments,6144675055.0
STWD,STARWOOD PROPERTY TRUST INC. Starwood Property Trust Inc.,Real Estate,Real Estate Investment Trusts,5906024720.0
STX,Seagate Technology Holdings PLC Ordinary Shares (Ireland),Technology,Electronic Components,193316441628.0
STZ,Constellation Brands Inc. Common Stock,Consumer Staples,Beverages (Production/Distribution),22631558074.0
SU,Suncor Energy  Inc. Common Stock,Energy,Integrated oil Companies,71756776696.0
SUI,Sun Communities Inc. Common Stock,Real Estate,Real Estate Investment Trusts,14655091146.0
SUNB,Sunbelt Rentals Holdings Inc. Common Stock,Consumer Discretionary,Diversified Commercial Services,33157826457.0
SUPN,Supernus Pharmaceuticals Inc. Common Stock,Health Care,Biotechnology: Pharmaceutical Preparations,2718019128.0
SVC,Service Properties Trust Common Shares of Beneficial Interest,Real Estate,Real Estate Investment Trusts,1093779762.0
SVM,Silvercorp Metals Inc. Common Shares,Basic Materials,Precious Metals,2386775353.0
SVRA,Savara Inc. Common Stock,Health Care,Biotechnology: Pharmaceutical Preparations,1186528557.0
SVV,Savers Value Village Inc. Common Stock,Consumer Discretionary,Other Specialty Stores,1679988984.0
SW,Smurfit WestRock plc Ordinary Shares,Consumer Discretionary,Containers/Packaging,24615860072.0
SWK,Stanley Black & Decker Inc. Common Stock,Consumer Discretionary,Industrial Machinery/Components,15258721407.0
SWKS,Skyworks Solutions Inc. Common Stock,Technology,Semiconductors,10057600749.0
SXI,Standex International Corporation Common Stock,Industrials,Industrial Machinery/Components,4090361115.0
SXT,Sensient Technologies Corporation Common Stock,Industrials,Major Chemicals,5469321214.0
SYBT,Stock Yards Bancorp Inc. Common Stock,Finance,Major Banks,2607423347.0
SYF,Synchrony Financial Common Stock,Finance,Finance: Consumer Services,29269767301.0
SYK,Stryker Corporation Common Stock,Health Care,Medical/Dental Instruments,129429052912.0
SYM,Symbotic Inc. Class A Common Stock,Industrials,Industrial Machinery/Components,23867189874.0
SYNA,Synaptics Incorporated Common Stock $0.001 Par Value,Technology,Semiconductors,3944907639.0
SYRE,Spyre Therapeutics Inc. Common Stock,Health Care,Biotechnology: Pharmaceutical Preparations,9118930466.0
SYY,Sysco Corporation Common Stock,Consumer Discretionary,Food Distributors,40334702985.0
TALO,Talos Energy Inc. Common Stock,Energy,Oil & Gas Production,2350315517.0
TAP,Molson Coors Beverage Company Class B Common Stock,Consumer Staples,Beverages (Production/Distribution),7954053178.0
TARS,Tarsus Pharmaceuticals Inc. Common Stock,Health Care,Biotechnology: Biological Products (No Diagnostic Substances),2810755241.0
TBBB,BBB Foods Inc. Class A Common Shares,Consumer Staples,Food Chains,4793250250.0
TBBK,The Bancorp Inc Common Stock,Finance,Major Banks,2945636559.0
TBLA,Taboola.com Ltd. Ordinary Shares,Technology,Computer Software: Programming Data Processing,1104230382.0
TCBI,Texas Capital Bancshares Inc. Common Stock,Finance,Major Banks,4325047600.0
TCBK,TriCo Bancshares Common Stock,Finance,Major Banks,1836135349.0
TD,Toronto Dominion Bank (The) Common Stock,Finance,Commercial Banks,200240255600.0
TDAY,USA TODAY Co. Inc. Common Stock,Consumer Discretionary,Newspapers/Magazines,1173616888.0
TDC,Teradata Corporation Common Stock,Technology,Computer Software: Prepackaged Software,2535995000.0
TDG,Transdigm Group Incorporated Common Stock,Industrials,Military/Government/Technical,69762843907.0
TDOC,Teladoc Health Inc. Common Stock,Health Care,Medical/Nursing Services,1213649260.0
TDTH,Trident Digital Tech Holdings Ltd Class B Ordinary Shares,Consumer Discretionary,Business Services,2763362586.0
TDW,Tidewater Inc. Common Stock,Consumer Discretionary,Marine Transportation,4058615763.0
TDY,Teledyne Technologies Incorporated Common Stock,Industrials,Industrial Machinery/Components,31870452301.0
TE,T1 Energy Inc. Common Stock,Technology,Semiconductors,1549956159.0
TEAM,Atlassian Corporation Class A Common Stock,Technology,Computer Software: Prepackaged Software,27957605357.0
TECH,Bio-Techne Corp Common Stock,Health Care,Biotechnology: Biological Products (No Diagnostic Substances),11257293197.0
TECK,Teck Resources Ltd Ordinary Shares,Industrials,Mining & Quarrying of Nonmetallic Minerals (No Fuels),32368571920.0
TEL,TE Connectivity plc Ordinary Shares,Technology,Electronic Components,62268505078.0
TEM,Tempus AI Inc. Class A Common Stock,Technology,Computer Software: Programming Data Processing,8321650947.0
TEN,Tsakos Energy Navigation Ltd Common Shares,Consumer Discretionary,Marine Transportation,1176784173.0
TENB,Tenable Holdings Inc. Common Stock,Technology,Computer Software: Prepackaged Software,3983763185.0
TER,Teradyne Inc. Common Stock,Industrials,Electrical Products,60173991268.0
TEX,Terex Corporation Common Stock,Industrials,Construction/Ag Equipment/Trucks,7469505000.0
TFC,Truist Financial Corporation Common Stock,Finance,Major Banks,64245321227.0
TFII,TFI International Inc. Common Shares,Industrials,Trucking Freight/Courier Services,11303594963.0
TFIN,Triumph Financial Inc. Common Stock,Finance,Major Banks,1810728014.0
TFPM,Triple Flag Precious Metals Corp. Common Shares,Industrials,Precious Metals,6634051614.0
TFSL,TFS Financial Corporation Common Stock,Finance,Savings Institutions,5008518038.0
TFX,Teleflex Incorporated Common Stock,Health Care,Medical/Dental Instruments,6148689606.0
TGB,Trekor Metals Limited Common Shares,Basic Materials,Precious Metals,3012817156.0
TGLS,Tecnoglass Holdings Inc. Common Stock,Consumer Discretionary,Electronic Components,1972903368.0
TGT,Target Corporation Common Stock,Consumer Discretionary,Department/Specialty Retail Stores,66802428753.0
TGTX,TG Therapeutics Inc. Common Stock,Health Care,Biotechnology: Pharmaceutical Preparations,7585291389.0
TH,Target Hospitality Corp. Common Stock,Consumer Discretionary,Hotels/Resorts,1593367456.0
THC,Tenet Healthcare Corporation Common Stock,Health Care,Hospital/Nursing Management,20664396160.0
THG,Hanover Insurance Group Inc,Finance,Property-Casualty Insurers,8059488353.0
THO,Thor Industries Inc. Common Stock,Industrials,Homebuilding,4043816735.0
THRM,Gentherm Inc Common Stock,Consumer Discretionary,Auto Parts:O.E.M.,1240490403.0
TIC,TIC Solutions Inc. Common Stock,Consumer Discretionary,Business Services,1918649803.0
TILE,Interface Inc. Common Stock,Consumer Discretionary,Home Furnishings,2037772339.0
TJX,TJX Companies Inc. (The) Common Stock,Consumer Discretionary,Clothing/Shoe/Accessory Stores,179028402519.0
TKO,TKO Group Holdings Inc. Class A Common Stock,Consumer Discretionary,Services-Misc. Amusement & Recreation,35448324548.0
TKR,Timken Company (The) Common Stock,Industrials,Metal Fabrications,8915038337.0
TM,Toyota Motor Corporation Common Stock,Industrials,Auto Manufacturing,296140219888.0
TMC,TMC the metals company Inc. Common Stock,Basic Materials,Metal Mining,1784871089.0
TMDX,TransMedics Group Inc. Common Stock,Health Care,Biotechnology: Electromedical & Electrotherapeutic Apparatus,2781293380.0
TMO,Thermo Fisher Scientific Inc Common Stock,Industrials,Industrial Machinery/Components,214460820826.0
TMP,Tompkins Financial Corporation Common Stock,Finance,Major Banks,1436708380.0
TNC,Tennant Company Common Stock,Industrials,Industrial Machinery/Components,1310291641.0
TNDM,Tandem Diabetes Care Inc. Common Stock,Health Care,Medical/Dental Instruments,1287661582.0
TNET,TriNet Group Inc. Common Stock,Consumer Discretionary,Business Services,3063682214.0
TNGX,Tango Therapeutics Inc.,Health Care,Biotechnology: Pharmaceutical Preparations,4194791478.0
TNK,Teekay Tankers Ltd.,Consumer Discretionary,Marine Transportation,2670695013.0
TNL,Travel   Leisure Co. Common  Stock,Consumer Discretionary,Hotels/Resorts,4732923261.0
TOL,Toll Brothers Inc. Common Stock,Consumer Discretionary,Homebuilding,14144966430.0
TOP,TOP Financial Group Limited Class A Ordinary Shares,Finance,Investment Bankers/Brokers/Service,1319318742.0
TOST,Toast Inc. Class A Common Stock,Technology,EDP Services,20137600000.0
TOWN,TowneBank Common Stock,Finance,Major Banks,2815311861.0
TPB,Turning Point Brands Inc. Common Stock,Consumer Discretionary,Tobacco,1703957881.0
TPC,Tutor Perini Corporation Common Stock,Consumer Discretionary,General Bldg Contractors - Nonresidential Bldgs,5038910106.0
TPG,TPG Inc. Class A Common Stock,Finance,Investment Managers,18332839339.0
TPL,Texas Pacific Land Corporation Common Stock,Energy,Oil & Gas Production,24530065930.0
TPR,Tapestry Inc. Common Stock,Consumer Discretionary,Apparel,32731243668.0
TR,Tootsie Roll Industries Inc. Common Stock,Consumer Staples,Specialty Foods,2988054445.0
TRAX,First Tracks Biotherapeutics Inc. Ordinary Shares ,Health Care,Biotechnology: Pharmaceutical Preparations,1580973783.0
TREX,Trex Company Inc. Common Stock,Basic Materials,Forest Products,4933331152.0
TRI,Thomson Reuters Corporation Common Shares,Consumer Discretionary,Publishing,43685976919.0
TRIN,Trinity Capital Inc. Common Stock,Finance,Finance: Consumer Services,1582022658.0
TRIP,TripAdvisor Inc. Common Stock,Technology,Computer Software: Programming Data Processing,1212483381.0
TRLV,Trulieve Cannabis Corp. Subordinate Voting Shares,Health Care, Medicinal Chemicals and Botanical Products ,1730764305.0
TRMB,Trimble Inc. Common Stock,Industrials,Industrial Machinery/Components,13648679437.0
TRMD,TORM plc Class A Common Stock,Consumer Discretionary,Marine Transportation,2988301529.0
TRMK,Trustmark Corporation Common Stock,Finance,Major Banks,2807791757.0
TRN,Trinity Industries Inc. Common Stock,Industrials,Railroads,2467363981.0
TRNO,Terreno Realty Corporation Common Stock,Finance,Real Estate,7244836293.0
TROW,T. Rowe Price Group Inc. Common Stock,Finance,Investment Managers,24236946877.0
TROX,Tronox Holdings plc Ordinary Shares (UK),Basic Materials,Major Chemicals,1108692453.0
TRS,TriMas Corporation Common Stock,Industrials,Industrial Specialties,1452174379.0
TRU,TransUnion Common Stock,Finance,Finance: Consumer Services,15174720000.0
TRUP,Trupanion Inc. Common Stock,Health Care,Medical Specialities,1228352492.0
TRV,The Travelers Companies Inc. Common Stock,Finance,Property-Casualty Insurers,80509958492.0
TRVI,Trevi Therapeutics Inc. Common Stock,Health Care,Biotechnology: Pharmaceutical Preparations,2626624598.0
TSAT,Telesat Corporation Class A Common Shares and Class B Variable Voting Shares ,Industrials,Metal Fabrications,1955513656.0
TSCO,Tractor Supply Company Common Stock,Consumer Discretionary,RETAIL: Building Materials,17878487409.0
TSEM,Tower Semiconductor Ltd. Ordinary Shares,Technology,Semiconductors,25351764917.0
TSHA,Taysha Gene Therapies Inc. Common Stock,Health Care,Biotechnology: Biological Products (No Diagnostic Substances),1821868867.0
TSLA,Tesla Inc. Common Stock,Industrials,Auto Manufacturing,1261998878805.0
TSLX,Sixth Street Specialty Lending Inc. Common Stock,Finance,Investment Managers,1781963268.0
TSM,Taiwan Semiconductor Manufacturing Company Ltd.,Technology,Semiconductors,2168996350853.0
TSN,Tyson Foods Inc. Common Stock,Consumer Staples,Meat/Poultry/Fish,20594460512.0
TT,Trane Technologies plc,Industrials,Auto Parts:O.E.M.,105316293903.0
TTAM,Titan America SA Common Shares,Industrials,Mining & Quarrying of Nonmetallic Minerals (No Fuels),2898177950.0
TTAN,ServiceTitan Inc. Class A Common Stock,Technology,Computer Software: Prepackaged Software,8165078787.0
TTC,Toro Company (The) Common Stock,Consumer Discretionary,Tools/Hardware,9354397125.0
TTD,The Trade Desk Inc. Class A Common Stock,Technology,Computer Software: Programming Data Processing,8306814739.0
TTE,TotalEnergies SE Ordinary Shares,Energy,Oil & Gas Production,188229217831.0
TTEK,Tetra Tech Inc. Common Stock,Consumer Discretionary,Military/Government/Technical,8892422984.0
TTI,Tetra Technologies Inc. Common Stock,Energy,Oil & Gas Production,1271945172.0
TTMI,TTM Technologies Inc. Common Stock,Technology,Electrical Products,14160474795.0
TTWO,Take-Two Interactive Software Inc. Common Stock,Technology,Computer Software: Prepackaged Software,43161929148.0
TV,Grupo Televisa S.A.B. Common Stock,Industrials,Broadcasting,1752744624.0
TVTX,Travere Therapeutics Inc. Common Stock,Health Care,Biotechnology: Pharmaceutical Preparations,5886604571.0
TW,Tradeweb Markets Inc. Class A Common Stock,Finance,Investment Bankers/Brokers/Service,24179800030.0
TWFG,TWFG Inc. Class A Common Stock,Finance,Specialty Insurers,1547054445.0
TWLO,Twilio Inc. Class A Common Stock,Technology,Computer Software: Prepackaged Software,29322709752.0
TWO,Two Harbors Investment Corp,Real Estate,Real Estate Investment Trusts,1264771163.0
TWST,Twist Bioscience Corporation Common Stock,Health Care,Biotechnology: Biological Products (No Diagnostic Substances),6840125810.0
TXG,10x Genomics Inc. Class A Common Stock,Industrials,Biotechnology: Laboratory Analytical Instruments,5789202218.0
TXN,Texas Instruments Incorporated Common Stock,Technology,Semiconductors,254248155782.0
TXRH,Texas Roadhouse Inc. Common Stock,Consumer Discretionary,Restaurants,13682933955.0
TXT,Textron Inc. Common Stock,Industrials,Aerospace,15115930135.0
TY,Tri Continental Corporation Common Stock,Finance,Finance Companies,1928371174.0
TYL,Tyler Technologies Inc. Common Stock,Technology,Computer Software: Prepackaged Software,12544910094.0
TYRA,Tyra Biosciences Inc. Common Stock,Health Care,Biotechnology: Pharmaceutical Preparations,1608890275.0
U,Unity Software Inc. Common Stock,Technology,Computer Software: Prepackaged Software,17814993228.0
UA,Under Armour Inc. Class C Common Stock,Consumer Discretionary,Apparel,2673057073.0
UAA,Under Armour Inc. Class A Common Stock,Consumer Discretionary,Apparel,2728479309.0
UAL,United Airlines Holdings Inc. Common Stock,Consumer Discretionary,Air Freight/Delivery Services,41910256641.0
UBER,Uber Technologies Inc. Common Stock,Consumer Discretionary,Business Services,143448662446.0
UBS,UBS Group AG Registered Ordinary Shares,Finance,Major Banks,163985519086.0
UBSI,United Bankshares Inc. Common Stock,Finance,Major Banks,6694255502.0
UCB,United Community Banks Inc. Common Stock,Finance,Major Banks,4272813155.0
UCTT,Ultra Clean Holdings Inc. Common Stock,Technology,Semiconductors,3764332191.0
UDR,UDR Inc. Common Stock,Real Estate,Real Estate Investment Trusts,12253017427.0
UE,Urban Edge Properties Common Shares of Beneficial Interest,Finance,Real Estate,2714470671.0
UEC,Uranium Energy Corp. Common Stock,Basic Materials,Other Metals and Minerals,5324826658.0
UFCS,United Fire Group Inc. Common Stock,Finance,Property-Casualty Insurers,1411999764.0
UFPI,UFP Industries Inc. Common Stock,Basic Materials,Forest Products,5217638355.0
UFPT,UFP Technologies Inc. Common Stock,Health Care,Medical/Dental Instruments,2412919166.0
UHAL,U-Haul Holding Company Common Stock,Consumer Discretionary,Rental/Leasing Companies,14681615396.0
UHS,Universal Health Services Inc. Common Stock,Health Care,Hospital/Nursing Management,10274229492.0
UI,Ubiquiti Inc. Common Stock,Technology,Radio And Television Broadcasting And Communications Equipment,34329337054.0
ULCC,Frontier Group Holdings Inc. Common Stock,Consumer Discretionary,Air Freight/Delivery Services,1745035544.0
ULS,UL Solutions Inc. Class A Common Stock,Health Care,Precision Instruments,15517893577.0
ULTA,Ulta Beauty Inc. Common Stock,Consumer Discretionary,Other Specialty Stores,23162210874.0
UMAC,Unusual Machines Inc. Common Stock,Technology,Radio And Television Broadcasting And Communications Equipment,1158046754.0
UMBF,UMB Financial Corporation Common Stock,Finance,Major Banks,11022627854.0
UMC,United Microelectronics Corporation (NEW) Common Stock,Technology,Semiconductors,48338520365.0
UMH,UMH Properties Inc. Common Stock,Real Estate,Real Estate Investment Trusts,1337960923.0
UNF,Unifirst Corporation Common Stock,Consumer Discretionary,Other Consumer Services,5224517580.0
UNFI,United Natural Foods Inc. Common Stock,Consumer Discretionary,Food Distributors,2896446040.0
UNH,UnitedHealth Group Incorporated Common Stock (DE),Health Care,Medical Specialities,366863094884.0
UNIT,Uniti Group Inc. Common Stock,Real Estate,Real Estate Investment Trusts,2332588547.0
UNM,Unum Group Common Stock,Finance,Accident &Health Insurance,14217533528.0
UNP,Union Pacific Corporation Common Stock,Industrials,Railroads,175478020599.0
UPBD,Upbound Group Inc. Common Stock,Consumer Discretionary,Diversified Commercial Services,1137421392.0
UPS,United Parcel Service Inc. Common Stock,Industrials,Trucking Freight/Courier Services,87720647993.0
UPST,Upstart Holdings Inc. Common stock,Finance,Finance: Consumer Services,2891170597.0
UPWK,Upwork Inc. Common Stock,Technology,EDP Services,1163540851.0
URBN,Urban Outfitters Inc. Common Stock,Consumer Discretionary,Clothing/Shoe/Accessory Stores,6651276897.0
URGN,UroGen Pharma Ltd. Ordinary Shares,Health Care,Biotechnology: Pharmaceutical Preparations,2221709566.0
URI,United Rentals Inc. Common Stock,Consumer Discretionary,Diversified Commercial Services,72366852261.0
USAR,USA Rare Earth Inc. Class A Common Stock,Basic Materials,Metal Mining,3978593822.0
USAS,Americas Gold and Silver Corporation Common Shares no par value,Basic Materials,Metal Mining,1576301465.0
USB,U.S. Bancorp Common Stock,Finance,Major Banks,98977681425.0
USFD,US Foods Holding Corp. Common Stock,Consumer Discretionary,Food Distributors,23557110542.0
USLM,United States Lime & Minerals Inc. Common Stock,Industrials,Mining & Quarrying of Nonmetallic Minerals (No Fuels),3335882850.0
USPH,U.S. Physical Therapy Inc. Common Stock,Health Care,Medical/Nursing Services,1163628607.0
UTHR,United Therapeutics Corporation Common Stock,Health Care,Biotechnology: Pharmaceutical Preparations,22621561885.0
UTI,Universal Technical Institute Inc Common Stock,Real Estate,Other Consumer Services,1534560688.0
UTZ,Utz Brands Inc Class A Common Stock ,Consumer Staples,Packaged Foods,2037426624.0
UUUU,Energy Fuels Inc Ordinary Shares (Canada),Industrials,Mining & Quarrying of Nonmetallic Minerals (No Fuels),3223284300.0
UVE,UNIVERSAL INSURANCE HOLDINGS INC Common Stock,Finance,Property-Casualty Insurers,1254592403.0
UVSP,Univest Financial Corporation Common Stock,Finance,Major Banks,1206934408.0
UVV,Universal Corporation Common Stock,Industrials,Farming/Seeds/Milling,1274836820.0
UWMC,UWM Holdings Corporation Class A Common Stock,Finance,Finance: Consumer Services,1921305748.0
V,Visa Inc.,Consumer Discretionary,Business Services,661939208206.0
VAC,Marriott Vacations Worldwide Corporation Common Stock,Finance,Real Estate,4284297234.0
VAL,Valaris Limited Common Shares,Energy,Oil & Gas Production,5346929934.0
VC,Visteon Corporation Common Stock,Consumer Discretionary,Auto Parts:O.E.M.,2754968273.0
VCEL,Vericel Corporation Common Stock,Health Care,Biotechnology: Biological Products (No Diagnostic Substances),2291495977.0
VCTR,Victory Capital Holdings Inc. Class A Common Stock,Finance,Investment Managers,6677696810.0
VCYT,Veracyte Inc. Common Stock,Health Care,Medical Specialities,3710032236.0
VECO,Veeco Instruments Inc. Common Stock,Technology,Industrial Machinery/Components,3149938161.0
VEEV,Veeva Systems Inc. Class A Common Stock,Technology,Computer Software: Prepackaged Software,35544676424.0
VERA,Vera Therapeutics Inc. Class A Common Stock,Health Care,Biotechnology: Pharmaceutical Preparations,2298488586.0
VERX,Vertex Inc. Class A Common Stock,Technology,Computer Software: Prepackaged Software,1876862029.0
VET,Vermilion Energy Inc. Common (Canada),Energy,Oil & Gas Production,1680604000.0
VFC,V.F. Corporation Common Stock,Industrials,Garments and Clothing,5798734908.0
VFS,VinFast Auto Ltd. Ordinary Shares,Industrials,Auto Manufacturing,7673678113.0
VGNT,Versigent PLC Ordinary Shares,Consumer Discretionary,Auto Parts:O.E.M.,3033166047.0
VIA,Via Transportation Inc. Class A Common Stock,Technology,Computer Software: Prepackaged Software,1752738979.0
VIAV,Viavi Solutions Inc. Common Stock,Technology,Semiconductors,9494320443.0
VICI,VICI Properties Inc. Common Stock,Real Estate,Real Estate Investment Trusts,29222598495.0
VICR,Vicor Corporation Common Stock,Technology,Industrial Machinery/Components,10084464423.0
VIK,Viking Holdings Ltd Ordinary Shares,Consumer Discretionary,Marine Transportation,47338019481.0
VIR,Vir Biotechnology Inc. Common Stock,Health Care,Biotechnology: Biological Products (No Diagnostic Substances),1478234552.0
VIRT,Virtu Financial Inc. Class A Common Stock,Finance,Investment Bankers/Brokers/Service,8626028617.0
VISN,Vistance Networks Inc. Common Stock,Technology,Radio And Television Broadcasting And Communications Equipment,2278253273.0
VKTX,Viking Therapeutics Inc. Common Stock,Health Care,Biotechnology: Pharmaceutical Preparations,3884542802.0
VLO,Valero Energy Corporation Common Stock,Energy,Integrated oil Companies,87239141408.0
VLTO,Veralto Corp Common Stock ,Industrials,Electrical Products,23896623579.0
VLY,Valley National Bancorp Common Stock,Finance,Major Banks,8018282487.0
VMC,Vulcan Materials Company (Holding Company) Common Stock,Industrials,Mining & Quarrying of Nonmetallic Minerals (No Fuels),36493260265.0
VMET,Versamet Royalties Corporation Common Stock,Industrials,Precious Metals,1058742662.0
VMI,Valmont Industries Inc. Common Stock,Industrials,Metal Fabrications,9496252699.0
VNO,Vornado Realty Trust Common Stock,Real Estate,Real Estate Investment Trusts,7270897477.0
VNOM,Viper Energy Inc. Class A Common Stock,Energy,Oil & Gas Production,14755794915.0
VNT,Vontier Corporation Common Stock ,Industrials,Industrial Machinery/Components,4967424000.0
VOR,Vor Biopharma Inc. Common Stock,Health Care,Biotechnology: Biological Products (No Diagnostic Substances),1284205285.0
VOYA,Voya Financial Inc. Common Stock,Finance,Life Insurance,9202630973.0
VOYG,Voyager Technologies Inc. Class A Common Stock,Industrials,Military/Government/Technical,2338023289.0
VRDN,Viridian Therapeutics Inc. Common Stock,Health Care,Biotechnology: Pharmaceutical Preparations,2320212397.0
VRNS,Varonis Systems Inc. Common Stock,Technology,Computer Software: Prepackaged Software,4874678983.0
VRSK,Verisk Analytics Inc. Common Stock,Technology,EDP Services,24697103277.0
VRSN,VeriSign Inc. Common Stock,Technology,EDP Services,26415459000.0
VRT,Vertiv Holdings LLC Class A Common Stock,Technology,Industrial Machinery/Components,105937195564.0
VRTS,Virtus Investment Partners Inc. Common Stock,Finance,Investment Managers,1092526947.0
VRTX,Vertex Pharmaceuticals Incorporated Common Stock,Health Care,Biotechnology: Pharmaceutical Preparations,122682691044.0
VSAT,ViaSat Inc. Common Stock,Consumer Discretionary,Telecommunications Equipment,11294572625.0
VSEC,VSE Corporation Common Stock,Consumer Discretionary,Military/Government/Technical,6325484918.0
VSH,Vishay Intertechnology Inc. Common Stock,Technology,Electrical Products,5027727693.0
VSNT,Versant Media Group Inc. Class A Common Stock ,Industrials,Broadcasting,5408054133.0
VSTS,Vestis Corporation Common Stock,Consumer Discretionary,Consumer Specialties,1829655386.0
VSXY,Victorias Secret & Co. Common Stock ,Consumer Discretionary,Clothing/Shoe/Accessory Stores,7434065654.0
VTOL,Bristow Group Inc. Common Stock,Consumer Discretionary,Transportation Services,1332566060.0
VTR,Ventas Inc. Common Stock,Real Estate,Real Estate Investment Trusts,47324431081.0
VTRS,Viatris Inc. Common Stock,Health Care,Biotechnology: Pharmaceutical Preparations,18970562734.0
VVV,Valvoline Inc. Common Stock,Industrials,Major Chemicals,4542835134.0
VVX,V2X Inc. Common Stock,Consumer Discretionary,Diversified Commercial Services,2650876926.0
VZLA,Vizsla Silver Corp. Common Shares,Basic Materials,Precious Metals,1247980082.0
W,Wayfair Inc. Class A Common Stock,Consumer Discretionary,Catalog/Specialty Distribution,14254267045.0
WAB,Westinghouse Air Brake Technologies Corporation Common Stock,Industrials,Railroads,49867550541.0
WABC,Westamerica Bancorporation Common Stock,Finance,Major Banks,1401526275.0
WAFD,WaFd Inc. Common Stock,Finance,Major Banks,2772601568.0
WAL,Western Alliance Bancorporation Common Stock (DE),Finance,Major Banks,8873173269.0
WAT,Waters Corporation Common Stock,Industrials,Biotechnology: Laboratory Analytical Instruments,39244886244.0
WAY,Waystar Holding Corp. Common Stock,Technology,EDP Services,4481160482.0
WBI,WaterBridge Infrastructure LLC Class A Shares Representing Limited Liability Company Interests,Energy,Oilfield Services/Equipment,4039487158.0
WBS,Webster Financial Corporation Common Stock,Finance,Major Banks,12764995033.0
WBTN,WEBTOON Entertainment Inc. Common stock,Consumer Discretionary,Publishing,1177894498.0
WCC,WESCO International Inc. Common Stock,Consumer Discretionary,Telecommunications Equipment,18117413132.0
WD,Walker & Dunlop Inc Common Stock,Finance,Finance: Consumer Services,1519500727.0
WDAY,Workday Inc. Class A Common Stock,Technology,EDP Services,42049280000.0
WDC,Western Digital Corporation Common Stock,Technology,Electronic Components,155630875789.0
WDFC,WD-40 Company Common Stock,Industrials,Major Chemicals,3102957395.0
WELL,Welltower Inc. Common Stock,Real Estate,Real Estate Investment Trusts,170095808436.0
WEN,Wendy's Company (The) Common Stock,Consumer Discretionary,Restaurants,1407651930.0
WERN,Werner Enterprises Inc. Common Stock,Industrials,Trucking Freight/Courier Services,2210360740.0
WEX,WEX Inc. common stock,Consumer Discretionary,Business Services,6459828549.0
WFC,Wells Fargo & Company Common Stock,Finance,Major Banks,264872101840.0
WFG,West Fraser Timber Co. Ltd Common stock,Basic Materials,Forest Products,5469521967.0
WFRD,Weatherford International plc Ordinary Shares,Consumer Discretionary,Oil and Gas Field Machinery,6377137009.0
WGS,GeneDx Holdings Corp. Class A Common Stock,Health Care,Medical/Nursing Services,2075350628.0
WH,Wyndham Hotels & Resorts Inc. Common Stock ,Consumer Discretionary,Hotels/Resorts,5581418486.0
WHD,Cactus Inc. Class A Common Stock,Consumer Discretionary,Oil and Gas Field Machinery,5495497241.0
WHR,Whirlpool Corporation Common Stock,Consumer Discretionary,Consumer Electronics/Appliances,2803573254.0
WINA,Winmark Corporation Common Stock,Consumer Discretionary,Other Specialty Stores,1270837549.0
WING,Wingstop Inc. Common Stock,Consumer Discretionary,Restaurants,3177025715.0
WIT,Wipro Limited Common Stock,Technology,EDP Services,20871940791.0
WIX,Wix.com Ltd. Ordinary Shares,Technology,Computer Software: Programming Data Processing,3351288939.0
WK,Workiva Inc. Class A Common Stock,Technology,Computer Software: Prepackaged Software,3376543080.0
WKC,World Kinect Corporation Common Stock,Energy,Oil Refining/Marketing,1904374813.0
WLDN,Willdan Group Inc. Common Stock,Consumer Discretionary,Military/Government/Technical,1113500556.0
WLFC,Willis Lease Finance Corporation Common Stock,Consumer Discretionary,Industrial Specialties,1351531575.0
WLK,Westlake Corporation Common Stock,Industrials,Major Chemicals,9925684472.0
WLTH,Wealthfront Corporation Common Stock,Finance,Finance: Consumer Services,1438348510.0
WLY,John Wiley & Sons Inc. Common Stock,Consumer Discretionary,Books,2723293046.0
WLYB,John Wiley & Sons Inc. Common Stock,Consumer Discretionary,Books,2755272069.0
WMG,Warner Music Group Corp. Class A Common Stock,Consumer Discretionary,Services-Misc. Amusement & Recreation,13791514560.0
WMK,Weis Markets Inc. Common Stock,Consumer Staples,Food Chains,1886528075.0
WMS,Advanced Drainage Systems Inc. Common Stock,Consumer Discretionary,Containers/Packaging,11378006958.0
WMT,Walmart Inc. Common Stock,Consumer Discretionary,Department/Specialty Retail Stores,891861930901.0
WOLF,Wolfspeed Inc. Common Stock New,Technology,Semiconductors,1433910267.0
WOR,Worthington Enterprises Inc. Common Shares,Industrials,Steel/Iron Ore,2832813342.0
WPC,W. P. Carey Inc. REIT,Real Estate,Real Estate Investment Trusts,16368642756.0
WPM,Wheaton Precious Metals Corp Common Shares (Canada),Basic Materials,Precious Metals,56898396201.0
WRB,W.R. Berkley Corporation Common Stock,Finance,Property-Casualty Insurers,26776641667.0
WRBY,Warby Parker Inc. Class A Common Stock,Health Care,Ophthalmic Goods,3308402763.0
WS,Worthington Steel Inc. Common Shares,Industrials,Steel/Iron Ore,1887119328.0
WSBC,WesBanco Inc. Common Stock,Finance,Major Banks,4002152748.0
WSC,WillScot Holdings Corporation Class A Common Stock,Industrials,Misc Corporate Leasing Services,4673282612.0
WSE,Wise Group plc Class A Ordinary Shares,Industrials,Diversified Commercial Services,15245841056.0
WSFS,WSFS Financial Corporation Common Stock,Finance,Major Banks,4250437237.0
WSM,Williams-Sonoma Inc. Common Stock (DE),Consumer Discretionary,Home Furnishings,29070460790.0
WSO,Watsco Inc. Common Stock,Consumer Discretionary,Industrial Machinery/Components,13051881565.0
WST,West Pharmaceutical Services Inc. Common Stock,Health Care,Medical/Dental Instruments,24532990633.0
WT,WisdomTree Inc. Common Stock,Finance,Investment Bankers/Brokers/Service,3285178415.0
WTFC,Wintrust Financial Corporation Common Stock,Finance,Major Banks,10732961412.0
WTM,White Mountains Insurance Group Ltd. Common Stock,Finance,Property-Casualty Insurers,5302773370.0
WTS,Watts Water Technologies Inc. Class A Common Stock,Industrials,Metal Fabrications,12592372437.0
WTTR,Select Water Solutions Inc. Class A common stock,Energy,Oilfield Services/Equipment,2861393354.0
WTW,Willis Towers Watson Public Limited Company Ordinary Shares,Finance,Specialty Insurers,31577387299.0
WU,Western Union Company (The) Common Stock,Consumer Discretionary,Business Services,2233053504.0
WULF,TeraWulf Inc. Common Stock,Finance,Finance: Consumer Services,8728807542.0
WVE,Wave Life Sciences Ltd. Ordinary Shares,Health Care,Biotechnology: Pharmaceutical Preparations,1186230014.0
WWD,Woodward Inc. Common Stock,Energy,Industrial Machinery/Components,21597780040.0
WWW,Wolverine World Wide Inc. Common Stock,Consumer Discretionary,Shoe Manufacturing,1561080861.0
WY,Weyerhaeuser Company Common Stock,Real Estate,Real Estate Investment Trusts,18342731200.0
WYNN,Wynn Resorts Limited Common stock,Consumer Discretionary,Hotels/Resorts,10534352994.0
XE,X-Energy Inc. Class A Common Stock,Industrials,Metal Fabrications,8460542369.0
XENE,Xenon Pharmaceuticals Inc. Common Shares,Health Care,Biotechnology: Pharmaceutical Preparations,6239761253.0
XERS,Xeris Biopharma Holdings Inc. Common Stock,Health Care,Biotechnology: Pharmaceutical Preparations,1270645525.0
XHR,Xenia Hotels & Resorts Inc. Common Stock,Consumer Discretionary,Hotels/Resorts,1820010325.0
XMTR,Xometry Inc. Class A Common Stock,Consumer Discretionary,Business Services,4992309973.0
XNCR,Xencor Inc. Common Stock,Health Care,Biotechnology: Pharmaceutical Preparations,1482831920.0
XNDU,Xanadu Quantum Technologies Limited Class B Subordinate Voting Shares,Technology,Computer Manufacturing,3101533851.0
XOM,ExxonMobil Holdings Corporation Common Stock,Energy,Integrated oil Companies,636688447886.0
XP,XP Inc. Class A Common Stock,Finance,Investment Bankers/Brokers/Service,8645443143.0
XPEL,XPEL Inc. Common Stock,Industrials,Industrial Specialties,1314107765.0
XPO,XPO Inc. Common Stock,Consumer Discretionary,Transportation Services,22989927403.0
XPRO,Expro Ltd Ordinary Shares,Energy,Oilfield Services/Equipment,1926585858.0
XRAY,DENTSPLY SIRONA Inc. Common Stock,Health Care,Medical/Dental Instruments,2638302415.0
XXI,Twenty One Capital Inc. Class A Common Stock,Finance,Finance: Consumer Services,2841196594.0
XYL,Xylem Inc. Common Stock New,Industrials,Fluid Controls,28195867417.0
XYZ,Block Inc. Class A Common Stock,Technology,Computer Software: Prepackaged Software,47045482798.0
XZO,Exzeo Group Inc. Common Stock,Technology,Computer Software: Prepackaged Software,1481061225.0
YELP,Yelp Inc. Common Stock,Consumer Discretionary,Other Consumer Services,1376967228.0
YETI,YETI Holdings Inc. Common Stock,Consumer Discretionary,Recreational Games/Products/Toys,3930341797.0
YOU,Clear Secure Inc. Class A Common Stock,Technology,Computer Software: Prepackaged Software,7085661090.0
YSS,York Space Systems Inc. Common Stock,Industrials,Military/Government/Technical,1412372648.0
YSWY,Yesway Inc. Class A Common Stock,Consumer Staples,Food Chains,1388388592.0
YUM,Yum! Brands Inc.,Consumer Discretionary,Restaurants,41971596641.0
YUMC,Yum China Holdings Inc. Common Stock,Consumer Discretionary,Restaurants,16924260920.0
Z,Zillow Group Inc. Class C Capital Stock,Consumer Discretionary,Business Services,7648844508.0
ZBH,Zimmer Biomet Holdings Inc. Common Stock,Health Care,Industrial Specialties,18802618626.0
ZBIO,Zenas BioPharma Inc. Common Stock,Health Care,Biotechnology: Pharmaceutical Preparations,2031000738.0
ZBRA,Zebra Technologies Corporation Class A Common Stock,Industrials,Industrial Machinery/Components,17232434798.0
ZETA,Zeta Global Holdings Corp. Class A Common Stock,Technology,Computer Software: Prepackaged Software,6371024793.0
ZG,Zillow Group Inc. Class A Common Stock,Consumer Discretionary,Business Services,7724349106.0
ZGN,Ermenegildo Zegna N.V. Ordinary Shares,Consumer Discretionary,Apparel,3971018340.0
ZIM,ZIM Integrated Shipping Services Ltd. Ordinary Shares,Consumer Discretionary,Marine Transportation,3177890653.0
ZION,Zions Bancorporation N.A. Common Stock,Finance,Major Banks,10381740444.0
ZM,Zoom Communications Inc. Class A Common Stock,Technology,Computer Software: Programming Data Processing,29704423683.0
ZS,Zscaler Inc. Common Stock,Technology,EDP Services,26293968765.0
ZTS,Zoetis Inc. Class A Common Stock,Health Care,Biotechnology: Pharmaceutical Preparations,32393756678.0
ZWS,Zurn Elkay Water Solutions Corporation Common Stock,Industrials,Industrial Machinery/Components,8598394788.0
ZYME,Zymeworks Inc. Common Stock,Health Care,Biotechnology: Pharmaceutical Preparations,1689023401.0
