ticker,name,market
AACB,Artius II Acquisition Inc. - Class A Ordinary Shares,US (NASDAQ)
AAL,"American Airlines Group, Inc. - Common Stock",US (NASDAQ)
AAME,Atlantic American Corporation - Common Stock,US (NASDAQ)
AAOI,"Applied Optoelectronics, Inc. - Common Stock",US (NASDAQ)
AAON,"AAON, Inc. - Common Stock",US (NASDAQ)
AAPG,Ascentage Pharma Group International - American Depository Shares,US (NASDAQ)
AAPL,Apple Inc. - Common Stock,US (NASDAQ)
AARD,"Aardvark Therapeutics, Inc. - Common Stock",US (NASDAQ)
ABAT,American Battery Technology Company - Common Stock,US (NASDAQ)
ABCL,AbCellera Biologics Inc. - Common Shares,US (NASDAQ)
ABEO,Abeona Therapeutics Inc. - Common Stock,US (NASDAQ)
ABLV,Able View Global Inc. - Class B Ordinary Shares,US (NASDAQ)
ABNB,"Airbnb, Inc. - Class A Common Stock",US (NASDAQ)
ABOS,"Acumen Pharmaceuticals, Inc. - Common Stock",US (NASDAQ)
ABSI,Absci Corporation - Common Stock,US (NASDAQ)
ABTC,American Bitcoin Corp. - Class A Common Stock,US (NASDAQ)
ABTS,Abits Group Inc - Ordinary Shares,US (NASDAQ)
ABUS,Arbutus Biopharma Corporation - Common Stock,US (NASDAQ)
ABVC,"ABVC BioPharma, Inc. - Common Stock",US (NASDAQ)
ACAD,ACADIA Pharmaceuticals Inc. - Common Stock,US (NASDAQ)
ACB,Aurora Cannabis Inc. - Common Shares,US (NASDAQ)
ACCL,Acco Group Holdings Limited - Class A Ordinary Shares,US (NASDAQ)
ACDC,ProFrac Holding Corp. - Class A Common Stock,US (NASDAQ)
ACET,"Adicet Bio, Inc. - Common Stock",US (NASDAQ)
ACFN,"Acorn Energy, Inc. - Common Stock",US (NASDAQ)
ACGL,Arch Capital Group Ltd. - Common Stock,US (NASDAQ)
ACHC,"Acadia Healthcare Company, Inc. - Common Stock",US (NASDAQ)
ACHV,"Achieve Life Sciences, Inc.  - Common Shares",US (NASDAQ)
ACIC,American Coastal Insurance Corporation - Common Stock,US (NASDAQ)
ACIU,AC Immune SA - Common Stock,US (NASDAQ)
ACIW,"ACI Worldwide, Inc. - Common Stock",US (NASDAQ)
ACLS,"Axcelis Technologies, Inc. - Common Stock",US (NASDAQ)
ACMR,"ACM Research, Inc. - Class A Common Stock",US (NASDAQ)
ACNB,ACNB Corporation - Common Stock,US (NASDAQ)
ACNT,Ascent Industries Co. - Common Stock,US (NASDAQ)
ACOG,Alpha Cognition Inc. - Common Stock,US (NASDAQ)
ACON,"Aclarion, Inc. - Common Stock",US (NASDAQ)
ACRS,"Aclaris Therapeutics, Inc. - Common Stock",US (NASDAQ)
ACRV,"Acrivon Therapeutics, Inc. - Common Stock",US (NASDAQ)
ACT,"Enact Holdings, Inc. - Common Stock",US (NASDAQ)
ACTG,Acacia Research Corporation - Common Stock,US (NASDAQ)
ACTU,"Actuate Therapeutics, Inc. - Common stock",US (NASDAQ)
ACXP,"Acurx Pharmaceuticals, Inc. - Common Stock",US (NASDAQ)
ADAG,"Adagene Inc. - ADS, each representing 1.25 ordinary shares",US (NASDAQ)
ADAM,"Adamas Trust, Inc. - Common Stock",US (NASDAQ)
ADBE,Adobe Inc. - Common Stock,US (NASDAQ)
ADEA,Adeia Inc.  - Common Stock,US (NASDAQ)
ADGM,"Adagio Medical Holdings, Inc - Common Stock",US (NASDAQ)
ADI,"Analog Devices, Inc. - Common Stock",US (NASDAQ)
ADIL,"Adial Pharmaceuticals, Inc - Common Stock",US (NASDAQ)
ADMA,ADMA Biologics Inc - Common Stock,US (NASDAQ)
ADP,"Automatic Data Processing, Inc. - Common Stock",US (NASDAQ)
ADPT,Adaptive Biotechnologies Corporation - Common Stock,US (NASDAQ)
ADSE,ADS-TEC ENERGY PLC - Ordinary Shares,US (NASDAQ)
ADSK,"Autodesk, Inc. - Common Stock",US (NASDAQ)
ADTN,"ADTRAN Holdings, Inc. - Common Stock",US (NASDAQ)
ADUR,Aduro Clean Technologies Inc. - Common Stock,US (NASDAQ)
ADUS,Addus HomeCare Corporation - Common Stock,US (NASDAQ)
ADV,Advantage Solutions Inc.  - Class A Common Stock,US (NASDAQ)
ADVB,Advanced Biomed Inc. - Common Stock,US (NASDAQ)
AEBI,Aebi Schmidt Holding AG - Common Stock,US (NASDAQ)
AEC,Anfield Energy Inc. - Common Shares,US (NASDAQ)
AEHL,Antelope Enterprise Holdings Limited - Class A Ordinary Shares,US (NASDAQ)
AEHR,Aehr Test Systems - Common Stock,US (NASDAQ)
AEI,Alset Inc. - Common Stock,US (NASDAQ)
AEIS,"Advanced Energy Industries, Inc. - Common Stock",US (NASDAQ)
AEMD,"Aethlon Medical, Inc. - Common Stock",US (NASDAQ)
AENT,Alliance Entertainment Holding Corporation - common stock,US (NASDAQ)
AEP,"American Electric Power Company, Inc. - Common Stock",US (NASDAQ)
AERT,"Aeries Technology, Inc. - Class A Ordinary Share",US (NASDAQ)
AESP,Aeon Acquisition I Corp. - Class A Ordinary Shares,US (NASDAQ)
AEVA,"Aeva Technologies, Inc. - Common Stock",US (NASDAQ)
AEYE,"AudioEye, Inc. - Common Stock",US (NASDAQ)
AFCG,Advanced Flower Capital Inc. - Common Stock,US (NASDAQ)
AFJK,"Aimei Health Technology Co., Ltd - Ordinary Share",US (NASDAQ)
AFRI,Forafric Global PLC - Ordinary Shares,US (NASDAQ)
AFRM,"Affirm Holdings, Inc. - Class A Common Stock",US (NASDAQ)
AFYA,Afya Limited - Class A Common Shares,US (NASDAQ)
AGCC,Agencia Comercial Spirits Ltd - Class A Ordinary Share,US (NASDAQ)
AGEN,Agenus Inc. - Common Stock,US (NASDAQ)
AGIO,"Agios Pharmaceuticals, Inc. - Common Stock",US (NASDAQ)
AGMB,AgomAb Therapeutics NV - ADRs representing one common share.,US (NASDAQ)
AGMH,AGM Group Holdings Inc. - Class A Ordinary Shares,US (NASDAQ)
AGNC,AGNC Investment Corp. - Common Stock,US (NASDAQ)
AGNT,"AGNT, Inc. - Common Stock",US (NASDAQ)
AGPU,Axe Compute Inc. - Common Stock,US (NASDAQ)
AGRZ,Agroz Inc. - Class A Ordinary Shares,US (NASDAQ)
AGYS,"Agilysys, Inc. - Common Stock",US (NASDAQ)
AHCO,AdaptHealth Corp.  - Common Stock,US (NASDAQ)
AHMA,Ambitions Enterprise Management Co. L.L.C - Class A Ordinary Shares,US (NASDAQ)
AIAI,AIAI Holdings Corporation - Class A common stock,US (NASDAQ)
AIBZ,Bitzero Holdings Inc. - Common Shares,US (NASDAQ)
AIDX,"20/20 Biolabs, Inc. - Common Stock",US (NASDAQ)
AIFA,"All In FutureTech Alliance, Inc. - Common Stock",US (NASDAQ)
AIFC,AI Financial Corporation - Common Stock,US (NASDAQ)
AIFF,"Firefly Neuroscience, Inc.  - Common Stock",US (NASDAQ)
AIFU,AIFU Inc. - Class A Ordinary Share,US (NASDAQ)
AIHS,Senmiao Technology Limited - Common Stock,US (NASDAQ)
AIIO,Robo.ai Inc. - Class B Ordinary Shares,US (NASDAQ)
AIIR,Air Global PLC - Ordinary shares,US (NASDAQ)
AIMD,"Ainos, Inc. - Common Stock",US (NASDAQ)
AIOS,AIOS Tech Inc. - Class A Common Shares,US (NASDAQ)
AIOT,"PowerFleet, Inc. - Common Stock",US (NASDAQ)
AIP,"Arteris, Inc.  - Common Stock",US (NASDAQ)
AIRE,reAlpha Tech Corp. - Common Stock,US (NASDAQ)
AIRG,"Airgain, Inc. - Common Stock",US (NASDAQ)
AIRJ,AirJoule Technologies Corporation - Class A Common Stock,US (NASDAQ)
AIRO,"AIRO Group Holdings, Inc. - Common Stock",US (NASDAQ)
AIRS,"AirSculpt Technologies, Inc. - Common Stock",US (NASDAQ)
AIRT,"Air T, Inc. - Common Stock",US (NASDAQ)
AISP,"Airship AI Holdings, Inc - Class A Common Stock",US (NASDAQ)
AIXC,"AIxCrypto Holdings, Inc. - Common Stock",US (NASDAQ)
AKAM,"Akamai Technologies, Inc. - Common Stock",US (NASDAQ)
AKAN,Akanda Corp. - Common Shares,US (NASDAQ)
AKBA,"Akebia Therapeutics, Inc. - Common Stock",US (NASDAQ)
AKTS,"Aktis Oncology, Inc. - Common stock",US (NASDAQ)
ALAB,"Astera Labs, Inc. - Common Stock",US (NASDAQ)
ALCO,"Alico, Inc. - Common Stock",US (NASDAQ)
ALDF,Aldel Financial II Inc. - Class A Ordinary Shares,US (NASDAQ)
ALDX,"Aldeyra Therapeutics, Inc. - Common Stock",US (NASDAQ)
ALEC,"Alector, Inc. - Common Stock",US (NASDAQ)
ALGM,"Allegro MicroSystems, Inc. - Common Stock",US (NASDAQ)
ALGN,"Align Technology, Inc. - Common Stock",US (NASDAQ)
ALGS,"Aligos Therapeutics, Inc. - Common stock",US (NASDAQ)
ALGT,Allegiant Travel Company - Common Stock,US (NASDAQ)
ALHC,"Alignment Healthcare, Inc. - Common Stock",US (NASDAQ)
ALKS,Alkermes plc - Ordinary Shares,US (NASDAQ)
ALKT,"Alkami Technology, Inc. - Common Stock",US (NASDAQ)
ALLO,"Allogene Therapeutics, Inc. - Common Stock",US (NASDAQ)
ALLR,"Allarity Therapeutics, Inc. - Common stock",US (NASDAQ)
ALLT,Allot Ltd. - Ordinary Shares,US (NASDAQ)
ALM,Almonty Industries Inc. - Common Shares,US (NASDAQ)
ALMR,"Alamar Biosciences, Inc. - Class A common stock",US (NASDAQ)
ALMS,Alumis Inc. - Common Stock,US (NASDAQ)
ALMU,"Aeluma, Inc. - Common Stock",US (NASDAQ)
ALNT,Allient Inc. - Common Stock,US (NASDAQ)
ALNY,"Alnylam Pharmaceuticals, Inc. - Common Stock",US (NASDAQ)
ALOT,"AstroNova, Inc. - Common Stock",US (NASDAQ)
ALOV,"Aldabra 4 Liquidity Opportunity Vehicle, Inc. - Class A Ordinary Shares",US (NASDAQ)
ALOY,REalloys Inc. - Common Stock,US (NASDAQ)
ALP,Alpha Compute Corp  - Common Stock,US (NASDAQ)
ALPS,ALPS Group Inc - Ordinary Share,US (NASDAQ)
ALRM,"Alarm.com Holdings, Inc. - Common Stock",US (NASDAQ)
ALRS,Alerus Financial Corporation - Common Stock,US (NASDAQ)
ALT,"Altimmune, Inc. - Common Stock",US (NASDAQ)
ALTI,"AlTi Global, Inc. - Class A Common Stock",US (NASDAQ)
ALTO,"Alto Ingredients, Inc. - Common Stock",US (NASDAQ)
ALVO,Alvotech - Ordinary Shares,US (NASDAQ)
ALXO,ALX Oncology Holdings Inc. - Common Stock,US (NASDAQ)
ALZN,"Alzamend Neuro, Inc. - Common Stock",US (NASDAQ)
AMAL,Amalgamated Financial Corp. - Common Stock,US (NASDAQ)
AMAT,"Applied Materials, Inc. - Common Stock",US (NASDAQ)
AMBA,"Ambarella, Inc. - Ordinary Shares",US (NASDAQ)
AMCI,AMC Robotics Corporation - Common Stock,US (NASDAQ)
AMCX,AMC Global Media Inc. - Class A Common Stock,US (NASDAQ)
AMD,"Advanced Micro Devices, Inc. - Common Stock",US (NASDAQ)
AMGN,Amgen Inc. - Common Stock,US (NASDAQ)
AMIX,"Autonomix Medical, Inc. - Common Stock",US (NASDAQ)
AMKR,"Amkor Technology, Inc. - Common Stock",US (NASDAQ)
AMLX,"Amylyx Pharmaceuticals, Inc. - Common Stock",US (NASDAQ)
AMOD,"Alpha Modus Holdings, Inc. - Class A Common Stock",US (NASDAQ)
AMPG,"Amplitech Group, Inc. - Common Stock",US (NASDAQ)
AMPH,"Amphastar Pharmaceuticals, Inc. - Common Stock",US (NASDAQ)
AMPL,"Amplitude, Inc. - Class A Common Stock",US (NASDAQ)
AMRX,"Amneal Pharmaceuticals, Inc. - Class A Common Stock",US (NASDAQ)
AMSC,American Superconductor Corporation - Common Stock,US (NASDAQ)
AMSF,"AMERISAFE, Inc. - Common Stock",US (NASDAQ)
AMSS,AMASS Brands Inc. - Common Stock,US (NASDAQ)
AMST,Amesite Inc. - Common Stock,US (NASDAQ)
AMTX,"Aemetis, Inc - Common Stock",US (NASDAQ)
AMZN,"Amazon.com, Inc. - Common Stock",US (NASDAQ)
ANAB,"AnaptysBio, Inc. - Common Stock",US (NASDAQ)
ANDE,"The Andersons, Inc. - Common Stock",US (NASDAQ)
ANGH,Anghami Inc. - Ordinary Shares,US (NASDAQ)
ANGI,Angi Inc. - Class A Common Stock,US (NASDAQ)
ANGO,"AngioDynamics, Inc. - Common Stock",US (NASDAQ)
ANIK,Anika Therapeutics Inc. - Common Stock,US (NASDAQ)
ANIP,"ANI Pharmaceuticals, Inc. - Common Stock",US (NASDAQ)
ANIX,"Anixa Biosciences, Inc. - Common Stock",US (NASDAQ)
ANNA,"AleAnna, Inc. - Class A Common Stock",US (NASDAQ)
ANNX,"Annexon, Inc. - common stock",US (NASDAQ)
ANPA,Rich Sparkle Holdings Limited - Ordinary Shares,US (NASDAQ)
ANTA,Antalpha Platform Holding Company - Class A Ordinary Shares,US (NASDAQ)
ANTX,"AN2 Therapeutics, Inc. - Common Stock",US (NASDAQ)
ANY,Sphere 3D Corp. - Common Shares,US (NASDAQ)
AOSL,Alpha and Omega Semiconductor Limited - Common Shares,US (NASDAQ)
AOUT,"American Outdoor Brands, Inc. - Common Stock",US (NASDAQ)
APA,APA Corporation - Common Stock,US (NASDAQ)
APAC,StoneBridge Acquisition II Corporation - Class A Ordinary Shares,US (NASDAQ)
APC,ARKO Petroleum Corp. - Class A Common Stock,US (NASDAQ)
APEI,"American Public Education, Inc. - Common Stock",US (NASDAQ)
APGE,"Apogee Therapeutics, Inc. - Common Stock",US (NASDAQ)
API,"Agora, Inc. - ADS",US (NASDAQ)
APLD,Applied Digital Corporation - Common Stock,US (NASDAQ)
APLM,Apollomics Inc. - Class A Ordinary Shares,US (NASDAQ)
APMD,"Apnimed, Inc. - Common Stock",US (NASDAQ)
APOG,"Apogee Enterprises, Inc. - Common Stock",US (NASDAQ)
APP,Applovin Corporation - Class A Common Stock,US (NASDAQ)
APPF,"AppFolio, Inc. - Class A Common Stock",US (NASDAQ)
APPN,Appian Corporation - Class A Common Stock,US (NASDAQ)
APPS,"Digital Turbine, Inc. - Common Stock",US (NASDAQ)
APRE,"Aprea Therapeutics, Inc. - Common Stock",US (NASDAQ)
APUR,Aperture AC - Class A Ordinary Shares,US (NASDAQ)
APVO,Aptevo Therapeutics Inc. - Common Stock,US (NASDAQ)
APWC,"Asia Pacific Wire & Cable Corporation Limited  - Common shares, Par value .01 per share",US (NASDAQ)
APXT,Apex Treasury Corporation - Class A Ordinary Share,US (NASDAQ)
APYX,Apyx Medical Corporation - Common Stock,US (NASDAQ)
AQB,"AquaBounty Technologies, Inc. - Common Stock",US (NASDAQ)
AQMS,"Aqua Metals, Inc. - Common Stock",US (NASDAQ)
AQST,"Aquestive Therapeutics, Inc. - Common Stock",US (NASDAQ)
ARAI,Arrive AI Inc. - Common Stock,US (NASDAQ)
ARAY,Accuray Incorporated - Common Stock,US (NASDAQ)
ARBB,ARB IOT Group Limited - Ordinary Shares,US (NASDAQ)
ARBE,Arbe Robotics Ltd. - Ordinary Shares,US (NASDAQ)
ARCB,ArcBest Corporation - Common Stock,US (NASDAQ)
ARCC,Ares Capital Corporation - Closed End Fund,US (NASDAQ)
ARCL,ARC Group Acquisition I Corp - Class A Ordinary Shares,US (NASDAQ)
ARCT,Arcturus Therapeutics Holdings Inc. - Common Stock,US (NASDAQ)
ARDX,"Ardelyx, Inc. - Common Stock",US (NASDAQ)
AREC,American Resources Corporation - Class A Common Stock,US (NASDAQ)
ARHS,"Arhaus, Inc. - Class A Common Stock",US (NASDAQ)
ARKO,ARKO Corp. - Common Stock,US (NASDAQ)
ARKR,Ark Restaurants Corp. - Common Stock,US (NASDAQ)
AROW,Arrow Financial Corporation - Common Stock,US (NASDAQ)
ARQ,"Arq, Inc. - Common Stock",US (NASDAQ)
ARQQ,Arqit Quantum Inc. - Ordinary Shares,US (NASDAQ)
ARQT,"Arcutis Biotherapeutics, Inc. - Common stock",US (NASDAQ)
ARRY,"Array Technologies, Inc. - Common Stock",US (NASDAQ)
ARTL,"Artelo Biosciences, Inc. - Common Stock",US (NASDAQ)
ARTNA,Artesian Resources Corporation - Class A Non-Voting Common Stock,US (NASDAQ)
ARTV,"Artiva Biotherapeutics, Inc. - Common Stock",US (NASDAQ)
ARTW,"Art's-Way Manufacturing Co., Inc. - Common Stock",US (NASDAQ)
ARVN,"Arvinas, Inc. - Common Stock",US (NASDAQ)
ARWR,"Arrowhead Pharmaceuticals, Inc. - Common Stock",US (NASDAQ)
ARXS,"Arxis, Inc. - Class A Common Stock",US (NASDAQ)
ASBP,"Aspire Biopharma Holdings, Inc.  - Common Stock",US (NASDAQ)
ASLE,AerSale Corporation - Common Stock,US (NASDAQ)
ASMB,"Assembly Biosciences, Inc. - Common Stock",US (NASDAQ)
ASML,ASML Holding N.V. - New York Registry Shares,US (NASDAQ)
ASND,Ascendis Pharma A/S - Ordinary Share,US (NASDAQ)
ASO,"Academy Sports and Outdoors, Inc. - Common Stock",US (NASDAQ)
ASPI,ASP Isotopes Inc. - Common Stock,US (NASDAQ)
ASPS,Altisource Portfolio Solutions S.A. - Common Stock,US (NASDAQ)
ASRV,AmeriServ Financial Inc. - Common Stock,US (NASDAQ)
ASST,"Strive, Inc. - Class A Common Stock",US (NASDAQ)
ASTC,Astrotech Corporation - Common Stock,US (NASDAQ)
ASTE,"Astec Industries, Inc. - Common Stock",US (NASDAQ)
ASTH,Astrana Health Inc. - Common Stock,US (NASDAQ)
ASTI,"Ascent Solar Technologies, Inc - Common Stock",US (NASDAQ)
ASTL,Algoma Steel Group Inc. - Common Shares,US (NASDAQ)
ASTS,"AST SpaceMobile, Inc. - Class A Common Stock",US (NASDAQ)
ASUR,Asure Software Inc - Common Stock,US (NASDAQ)
ASYS,"Amtech Systems, Inc. - Common Stock",US (NASDAQ)
ATAI,AtaiBeckley Inc. - Common Stock,US (NASDAQ)
ATCX,Atlas Critical Minerals Corporation - Common Stock,US (NASDAQ)
ATEC,"Alphatec Holdings, Inc. - Common Stock",US (NASDAQ)
ATER,"Aterian, Inc. - Common Stock",US (NASDAQ)
ATEX,Anterix Inc. - Common Stock,US (NASDAQ)
ATGL,Alpha Technology Group Limited - Class A Ordinary Shares,US (NASDAQ)
ATHR,"Aether Holdings, Inc. - Common Stock",US (NASDAQ)
ATLC,Atlanticus Holdings Corporation - Common Stock,US (NASDAQ)
ATLO,Ames National Corporation - Common Stock,US (NASDAQ)
ATLX,Atlas Lithium Corporation - Common Stock,US (NASDAQ)
ATNI,"ATN International, Inc. - Common Stock",US (NASDAQ)
ATOM,Atomera Incorporated - Common Stock,US (NASDAQ)
ATOS,"Atossa Therapeutics, Inc. - Common Stock",US (NASDAQ)
ATPC,Agape ATP Corporation - Common Stock,US (NASDAQ)
ATRA,"Atara Biotherapeutics, Inc. - Common Stock",US (NASDAQ)
ATRC,"AtriCure, Inc. - Common Stock",US (NASDAQ)
ATRO,Astronics Corporation - Common Stock,US (NASDAQ)
ATTO,"Attovia Therapeutics, Inc. - Common Stock",US (NASDAQ)
ATXG,Addentax Group Corp. - Common Stock,US (NASDAQ)
ATYR,"aTyr Pharma, Inc. - Common Stock",US (NASDAQ)
AUBN,"Auburn National Bancorporation, Inc. - Common Stock",US (NASDAQ)
AUC,ATIF Holdings Limited - Ordinary Shares,US (NASDAQ)
AUDC,AudioCodes Ltd. - Ordinary Shares,US (NASDAQ)
AUGO,Aura Minerals Inc. - Common Shares,US (NASDAQ)
AUID,authID Inc. - Common Stock,US (NASDAQ)
AUPH,Aurinia Pharmaceuticals Inc - Common Shares,US (NASDAQ)
AUR,"Aurora Innovation, Inc.  - Class A Common Stock",US (NASDAQ)
AURA,"Aura Biosciences, Inc. - Common Stock",US (NASDAQ)
AURE,Aurelion Inc.  - Class A Ordinary Shares,US (NASDAQ)
AUUD,Auddia Inc. - Common Stock,US (NASDAQ)
AVAH,Aveanna Healthcare Holdings Inc. - Common Stock,US (NASDAQ)
AVAT,Avalanche Treasury Corporation - Class A Common Stock,US (NASDAQ)
AVAV,"AeroVironment, Inc. - Common Stock",US (NASDAQ)
AVBH,"Avidbank Holdings, Inc. - Common Stock",US (NASDAQ)
AVBP,"ArriVent BioPharma, Inc. - Common Stock",US (NASDAQ)
AVGO,Broadcom Inc. - Common Stock,US (NASDAQ)
AVIR,"Atea Pharmaceuticals, Inc. - common stock",US (NASDAQ)
AVLN,Avalyn Pharma Inc. - common stock,US (NASDAQ)
AVNW,"Aviat Networks, Inc. - Common Stock",US (NASDAQ)
AVO,"Mission Produce, Inc. - Common Stock",US (NASDAQ)
AVPT,"AvePoint, Inc. - Class A Common Stock",US (NASDAQ)
AVR,Anteris Technologies Global Corp. - Common Stock,US (NASDAQ)
AVT,"Avnet, Inc. - Common Stock",US (NASDAQ)
AVTX,"Avalo Therapeutics, Inc. - Common Stock",US (NASDAQ)
AVX,Avax One Technology Ltd. - Common Shares,US (NASDAQ)
AVXL,Anavex Life Sciences Corp. - Common Stock,US (NASDAQ)
AWRE,"Aware, Inc. - Common Stock",US (NASDAQ)
AXG,Solowin Holdings - Class A Ordinary Share,US (NASDAQ)
AXGN,"Axogen, Inc. - Common Stock",US (NASDAQ)
AXON,"Axon Enterprise, Inc. - Common Stock",US (NASDAQ)
AXSM,"Axsome Therapeutics, Inc. - Common Stock",US (NASDAQ)
AXTI,AXT Inc - Common Stock,US (NASDAQ)
AYA,Aya Gold & Silver Inc. - Common Shares,US (NASDAQ)
AYTU,"Aytu BioPharma, Inc.  - Common Stock",US (NASDAQ)
AZ,A2Z Cust2Mate Solutions Corp. - Common Shares,US (NASDAQ)
AZI,Autozi Internet Technology (Global) Ltd. - Class A Ordinary Shares,US (NASDAQ)
AZIO,"Azio AI Holdings, Inc. - Common stock",US (NASDAQ)
AZTA,"Azenta, Inc. - Common Stock",US (NASDAQ)
BAER,"Bridger Aerospace Group Holdings, Inc. - Common Stock",US (NASDAQ)
BAFN,BayFirst Financial Corp. - Common Stock,US (NASDAQ)
BAND,Bandwidth Inc. - Class A Common Stock,US (NASDAQ)
BANF,BancFirst Corporation - Common Stock,US (NASDAQ)
BANL,CBL International Limited - Class B Ordinary Shares,US (NASDAQ)
BANR,Banner Corporation - Common Stock,US (NASDAQ)
BANX,ArrowMark Financial Corp. - Closed End Fund,US (NASDAQ)
BAOS,Baosheng Media Group Holdings Limited - Ordinary shares,US (NASDAQ)
BATRA,"Atlanta Braves Holdings, Inc. - Series A Common Stock",US (NASDAQ)
BATRK,"Atlanta Braves Holdings, Inc. - Series C Common Stock",US (NASDAQ)
BBCP,"Concrete Pumping Holdings, Inc.  - Common Stock",US (NASDAQ)
BBGI,"Beasley Broadcast Group, Inc. - Class A Common Stock",US (NASDAQ)
BBIO,"BridgeBio Pharma, Inc. - Common Stock",US (NASDAQ)
BBLG,Bone Biologics Corp - Common Stock,US (NASDAQ)
BBNX,"Beta Bionics, Inc. - Common Stock",US (NASDAQ)
BBOT,"BridgeBio Oncology Therapeutics, Inc. - Common Stock",US (NASDAQ)
BBSI,"Barrett Business Services, Inc. - Common Stock",US (NASDAQ)
BCAB,"BioAtla, Inc. - Common Stock",US (NASDAQ)
BCAL,California BanCorp - Common Stock,US (NASDAQ)
BCAR,D. Boral ARC Acquisition I Corp. - Class A Ordinary Shares,US (NASDAQ)
BCAX,Bicara Therapeutics Inc. - Common Stock,US (NASDAQ)
BCBP,"BCB Bancorp, Inc. (NJ) - Common Stock",US (NASDAQ)
BCDA,"BioCardia, Inc. - Common Stock",US (NASDAQ)
BCG,"Binah Capital Group, Inc. - Common Stock",US (NASDAQ)
BCIC,BCP Investment Corporation - Closed End Fund,US (NASDAQ)
BCML,BayCom Corp - Common Stock,US (NASDAQ)
BCPC,Balchem Corporation - Common Stock,US (NASDAQ)
BCRX,"BioCryst Pharmaceuticals, Inc. - Common Stock",US (NASDAQ)
BCTX,BriaCell Therapeutics Corp. - Common Shares,US (NASDAQ)
BDCI,BTC Development Corp. - Class A Ordinary Shares,US (NASDAQ)
BDMD,Baird Medical Investment Holdings Ltd - Ordinary Share,US (NASDAQ)
BDSX,"Biodesix, Inc. - Common Stock",US (NASDAQ)
BDTX,"Black Diamond Therapeutics, Inc. - Common Stock",US (NASDAQ)
BEAM,Beam Therapeutics Inc. - Common Stock,US (NASDAQ)
BEAT,"Heartbeam, Inc. - Common Stock",US (NASDAQ)
BEEM,Beam Global - Common Stock,US (NASDAQ)
BEEP,Mobile Infrastructure Corporation - Common Stock,US (NASDAQ)
BELFA,Bel Fuse Inc. - Class A Common Stock,US (NASDAQ)
BELFB,Bel Fuse Inc. - Class B Common Stock,US (NASDAQ)
BENF,Beneficient - Class A Common Stock,US (NASDAQ)
BETR,Better Home & Finance Holding Company - Class A Common Stock,US (NASDAQ)
BFC,Bank First Corporation - Common Stock,US (NASDAQ)
BFRG,"Bullfrog AI Holdings, Inc. - Common Stock",US (NASDAQ)
BFRI,Biofrontera Inc. - Common Stock,US (NASDAQ)
BFST,"Business First Bancshares, Inc. - Common Stock",US (NASDAQ)
BGC,"BGC Group, Inc. - Class A Common Stock",US (NASDAQ)
BGDE,"Big Digital Energy, Inc. - Common Stock",US (NASDAQ)
BGIN,Bgin Blockchain Limited - Class A Ordinary Shares,US (NASDAQ)
BGL,Blue Gold Limited - Class A ordinary shares,US (NASDAQ)
BGLC,BioNexus Gene Lab Corp - Common stock,US (NASDAQ)
BGM,BGM Group Ltd. - Class A Ordinary Shares,US (NASDAQ)
BGMS,"Bio Green Med Solution, Inc. - Common Stock",US (NASDAQ)
BHF,"Brighthouse Financial, Inc. - Common Stock",US (NASDAQ)
BHFAL,"Brighthouse Financial, Inc. - Junior Subordinated Debentures due 2058",US (NASDAQ)
BHRB,Burke & Herbert Financial Services Corp. - Common Stock,US (NASDAQ)
BHST,BioHarvest Sciences Inc. - Common Stock,US (NASDAQ)
BIAF,"bioAffinity Technologies, Inc. - Common Stock",US (NASDAQ)
BIIB,Biogen Inc. - Common Stock,US (NASDAQ)
BIOA,"BioAge Labs, Inc. - Common Stock",US (NASDAQ)
BIOT,Instinct Bio Technical Company Holdings Inc. - Common stock,US (NASDAQ)
BIOX,Bioceres Crop Solutions Corp. - Ordinary Shares,US (NASDAQ)
BIRD,"Smartbird, Inc. - Class A Common Stock",US (NASDAQ)
BIVI,BioVie Inc. - Common stock,US (NASDAQ)
BIYA,Baiya International Group Inc.  - Ordinary Shares,US (NASDAQ)
BJDX,"Bluejay Diagnostics, Inc. - Common Stock",US (NASDAQ)
BJRI,"BJ's Restaurants, Inc. - Common Stock",US (NASDAQ)
BKNG,Booking Holdings Inc. - Common Stock,US (NASDAQ)
BKR,Baker Hughes Company - Common Stock,US (NASDAQ)
BKYI,"BIO-key International, Inc. - Common Stock",US (NASDAQ)
BL,"BlackLine, Inc. - Common Stock",US (NASDAQ)
BLBD,Blue Bird Corporation - Common Stock,US (NASDAQ)
BLDP,"Ballard Power Systems, Inc. - Common Shares",US (NASDAQ)
BLFS,"BioLife Solutions, Inc. - Common Stock",US (NASDAQ)
BLIN,"Bridgeline Digital, Inc. - Common Stock",US (NASDAQ)
BLIV,BeLive Holdings - ordinary shares,US (NASDAQ)
BLKB,"Blackbaud, Inc. - Common Stock",US (NASDAQ)
BLLN,"BillionToOne, Inc. - Class A common stock",US (NASDAQ)
BLMN,"Bloomin' Brands, Inc. - Common Stock",US (NASDAQ)
BLNE,"Beeline Holdings, Inc. - Common Stock",US (NASDAQ)
BLNK,Blink Charging Co. - Common Stock,US (NASDAQ)
BLZE,"Backblaze, Inc. - Common Stock",US (NASDAQ)
BMBL,Bumble Inc. - common stock,US (NASDAQ)
BMEA,"Biomea Fusion, Inc. - Common Stock",US (NASDAQ)
BMGL,Basel Medical Group Ltd - ordinary shares,US (NASDAQ)
BMHL,Bluemount Holdings Limited - Class B Ordinary Shares,US (NASDAQ)
BMM,Blue Moon Metals Inc. - Common Shares,US (NASDAQ)
BMR,Beamr Imaging Ltd. - Ordinary Share,US (NASDAQ)
BMRA,"Biomerica, Inc. - Common Stock",US (NASDAQ)
BMRC,Bank of Marin Bancorp - Common Stock,US (NASDAQ)
BMRN,BioMarin Pharmaceutical Inc. - Common Stock,US (NASDAQ)
BNAI,Brand Engagement Network Inc. - Common Stock,US (NASDAQ)
BNC,CEA Industries Inc. - Common Stock,US (NASDAQ)
BNGO,"Bionano Genomics, Inc. - Common Stock",US (NASDAQ)
BNKK,"Bonk, Inc. - Common Stock",US (NASDAQ)
BNRG,Brenmiller Energy Ltd - Ordinary Shares,US (NASDAQ)
BNTC,Benitec Biopharma Inc. - Common Stock,US (NASDAQ)
BODI,"The Beachbody Company, Inc. - Class A Common Stock",US (NASDAQ)
BOF,BranchOut Food Inc. - Common Stock,US (NASDAQ)
BOKF,BOK Financial Corporation - Common Stock,US (NASDAQ)
BOLD,"Boundless Bio, Inc. - Common Stock",US (NASDAQ)
BOLT,"Bolt Biotherapeutics, Inc. - Common Stock",US (NASDAQ)
BON,Bon Natural Life Limited - Class A Ordinary Shares,US (NASDAQ)
BOOM,DMC Global Inc. - Common Stock,US (NASDAQ)
BOSC,B.O.S. Better Online Solutions - Ordinary Shares,US (NASDAQ)
BOT,"RoboStrategy, Inc. - Common Stock",US (NASDAQ)
BOTJ,"Bank of the James Financial Group, Inc. - Common Stock",US (NASDAQ)
BOXL,Boxlight Corporation - Class A Common Stock,US (NASDAQ)
BPAC,Blueport Acquisition Ltd - Class A Ordinary Shares,US (NASDAQ)
BPOP,"Popular, Inc. - Common Stock",US (NASDAQ)
BPRN,"Princeton Bancorp, Inc. - Common Stock",US (NASDAQ)
BRAG,Bragg Gaming Group Inc. - Common Shares,US (NASDAQ)
BRAI,Braiin Limited - Common Stock,US (NASDAQ)
BRBI,BRBI BR Partners S.A. - ADSs,US (NASDAQ)
BRCB,"Black Rock Coffee Bar, Inc. - Class A Common Stock",US (NASDAQ)
BRFH,Barfresh Food Group Inc. - Common Stock,US (NASDAQ)
BRID,Bridgford Foods Corporation - Common Stock,US (NASDAQ)
BRKR,Bruker Corporation - Common Stock,US (NASDAQ)
BRLS,Borealis Foods Inc. - Class A Common Shares,US (NASDAQ)
BRLT,"Brilliant Earth Group, Inc. - Class A Common Stock",US (NASDAQ)
BRR,"ProCap Financial, Inc. - Common Stock",US (NASDAQ)
BRTX,"BioRestorative Therapies, Inc. - Common Stock",US (NASDAQ)
BRUN,Boost Run Inc. - Class A Common Stock,US (NASDAQ)
BRVE,"Braveheart Bio, Inc. - Common Stock",US (NASDAQ)
BRZE,"Braze, Inc. - Class A Common Stock",US (NASDAQ)
BSBK,Bogota Financial Corp. - Common Stock,US (NASDAQ)
BSET,"Bassett Furniture Industries, Incorporated - Common Stock",US (NASDAQ)
BSIN,Big Sky Industrial Inc. - Common Stock,US (NASDAQ)
BSP,Bending Spoons S.p.A. - Ordinary Shares,US (NASDAQ)
BSRR,Sierra Bancorp - Common Stock,US (NASDAQ)
BSVN,Bank7 Corp. - Common stock,US (NASDAQ)
BSY,"Bentley Systems, Incorporated - Class B Common Stock",US (NASDAQ)
BTAI,"BioXcel Therapeutics, Inc. - Common Stock",US (NASDAQ)
BTBD,"BT Brands, Inc. - Common Stock",US (NASDAQ)
BTBT,"Bit Digital, Inc. - Ordinary Share",US (NASDAQ)
BTCS,BTCS Inc. - Common Stock,US (NASDAQ)
BTCT,BTC Digital Ltd. - Ordinary Shares,US (NASDAQ)
BTDR,Bitdeer Technologies Group - Ordinary Shares,US (NASDAQ)
BTMD,Biote Corp. - Class A common stock,US (NASDAQ)
BTOC,Armlogi Holding Corp. - common stock,US (NASDAQ)
BTOG,Bit Origin Limited - Class A Ordinary Shares,US (NASDAQ)
BTQ,BTQ Technologies Corp. - Common Stock,US (NASDAQ)
BTSG,"BrightSpring Health Services, Inc. - Common Stock",US (NASDAQ)
BTTC,Black Titan Corp - Ordinary Shares,US (NASDAQ)
BULL,Webull Corporation - Class A Ordinary Shares,US (NASDAQ)
BUSE,First Busey Corporation - Common Stock,US (NASDAQ)
BUUU,BUUU Group Limited - Class A Ordinary Share,US (NASDAQ)
BVC,BitVentures Limited - Ordinary Share,US (NASDAQ)
BVFL,"BV Financial, Inc. - Common Stock",US (NASDAQ)
BVS,Bioventus Inc. - Class A Common Stock,US (NASDAQ)
BWB,"Bridgewater Bancshares, Inc. - Common Stock",US (NASDAQ)
BWEN,"Broadwind, Inc. - Common Stock",US (NASDAQ)
BWFG,"Bankwell Financial Group, Inc. - Common Stock",US (NASDAQ)
BWIN,"The Baldwin Insurance Group, Inc. - Class A Common Stock",US (NASDAQ)
BWMN,Bowman Consulting Group Ltd. - Common Stock,US (NASDAQ)
BXBL,"BOXABL, Inc.  - Common stock",US (NASDAQ)
BYAH,"Park Ha Biological Technology Co., Ltd. - Class A Ordinary Shares",US (NASDAQ)
BYFC,Broadway Financial Corporation - Class A Common Stock,US (NASDAQ)
BYND,"Beyond Meat, Inc. - Common stock",US (NASDAQ)
BYRN,"Byrna Technologies, Inc. - Common Stock",US (NASDAQ)
BYSI,"BeyondSpring, Inc. - Ordinary Shares",US (NASDAQ)
BZ,KANZHUN LIMITED - American Depository Shares,US (NASDAQ)
BZAI,"Blaize Holdings, Inc. - Common Stock",US (NASDAQ)
BZFD,"BuzzFeed, Inc. - Class A Common Stock",US (NASDAQ)
CAAS,"China Automotive Systems, Inc. - Ordinary Share",US (NASDAQ)
CABA,"Cabaletta Bio, Inc. - Common Stock",US (NASDAQ)
CABR,"Caring Brands, Inc. - Common Stock",US (NASDAQ)
CAC,Camden National Corporation - Common Stock,US (NASDAQ)
CACC,Credit Acceptance Corporation - Common Stock,US (NASDAQ)
CADL,"Candel Therapeutics, Inc. - Common Stock",US (NASDAQ)
CAE,CAE Inc - Common Shares,US (NASDAQ)
CAES,"Cantor Equity Partners VII, Inc. - Class A Ordinary Shares",US (NASDAQ)
CAI,"Caris Life Sciences, Inc. - Common Stock",US (NASDAQ)
CAKE,The Cheesecake Factory Incorporated - Common Stock,US (NASDAQ)
CALC,"CalciMedica, Inc. - Common Stock",US (NASDAQ)
CALM,"Cal-Maine Foods, Inc. - Common Stock",US (NASDAQ)
CAMP,CAMP4 Therapeutics Corporation - Common Stock,US (NASDAQ)
CAMT,Camtek Ltd. - Ordinary Shares,US (NASDAQ)
CAPR,"Capricor Therapeutics, Inc. - Common Stock",US (NASDAQ)
CAPS,Capstone Holding Corp. - Common Stock,US (NASDAQ)
CAR,"Avis Budget Group, Inc. - Common Stock",US (NASDAQ)
CARE,"Carter Bankshares, Inc. - Common Stock",US (NASDAQ)
CARG,"CarGurus, Inc. - Class A Common Stock",US (NASDAQ)
CARL,"Carlsmed, Inc. - Common Stock",US (NASDAQ)
CART,Maplebear Inc. - Common Stock,US (NASDAQ)
CASH,"Pathward Financial, Inc. - Common Stock",US (NASDAQ)
CASS,"Cass Information Systems, Inc - Common Stock",US (NASDAQ)
CAST,"FreeCast, Inc. - Class A common stock",US (NASDAQ)
CASY,"Caseys General Stores, Inc. - Common Stock",US (NASDAQ)
CATY,Cathay General Bancorp - Common Stock,US (NASDAQ)
CBAT,CBAK Energy Technology Limited - Ordinary Shares,US (NASDAQ)
CBC,"Central Bancompany, Inc. - Class A Common Stock",US (NASDAQ)
CBFV,"CB Financial Services, Inc. - Common Stock",US (NASDAQ)
CBIO,"Crescent Biopharma, Inc. - Common Stock",US (NASDAQ)
CBK,"Commercial Bancgroup, Inc. - Common Stock",US (NASDAQ)
CBLL,"CeriBell, Inc. - Common Stock",US (NASDAQ)
CBNK,"Capital Bancorp, Inc. - Common Stock",US (NASDAQ)
CBRL,"Cracker Barrel Old Country Store, Inc. - Common Stock",US (NASDAQ)
CBRS,Cerebras Systems Inc. - Class A Common Stock,US (NASDAQ)
CBSH,"Commerce Bancshares, Inc. - Common Stock",US (NASDAQ)
CBUS,"Cibus, Inc. - Class A Common Stock",US (NASDAQ)
CCAP,"Crescent Capital BDC, Inc. - Common Stock",US (NASDAQ)
CCB,Coastal Financial Corporation - Common Stock,US (NASDAQ)
CCBG,Capital City Bank Group - Common Stock,US (NASDAQ)
CCC,CCC Intelligent Solutions Holdings Inc. - Common Stock,US (NASDAQ)
CCCC,"C4 Therapeutics, Inc. - Common Stock",US (NASDAQ)
CCCT,Columbus Circle Capital Corp III - Class A Ordinary Shares,US (NASDAQ)
CCD,Calamos Dynamic Convertible & Income Fund - Closed End Fund,US (NASDAQ)
CCEC,Capital Clean Energy Carriers Corp. - Common Share,US (NASDAQ)
CCEP,Coca-Cola Europacific Partners plc - Ordinary Shares,US (NASDAQ)
CCG,Cheche Group Inc. - Class A Ordinary Shares,US (NASDAQ)
CCHH,CCH Holdings Ltd - Class A Ordinary Shares,US (NASDAQ)
CCLD,"CareCloud, Inc. - Common Stock",US (NASDAQ)
CCNE,CNB Financial Corporation - Common Stock,US (NASDAQ)
CCOI,"Cogent Communications Holdings, Inc. - Common Stock",US (NASDAQ)
CCSI,"Consensus Cloud Solutions, Inc. - Common Stock",US (NASDAQ)
CCTG,CCSC Technology International Holdings Limited - Class A Ordinary Shares,US (NASDAQ)
CCXI,Churchill Capital Corp XI - Class A Ordinary Shares,US (NASDAQ)
CD,Chaince Digital Holdings Inc. - American Ordinary Shares,US (NASDAQ)
CDIO,Cardio Diagnostics Holdings Inc. - Common stock,US (NASDAQ)
CDLX,"Cardlytics, Inc. - Common Stock",US (NASDAQ)
CDNA,"CareDx, Inc. - Common Stock",US (NASDAQ)
CDNL,Cardinal Infrastructure Group Inc. - Class A Common Stock,US (NASDAQ)
CDNS,"Cadence Design Systems, Inc. - Common Stock",US (NASDAQ)
CDRO,"Codere Online Luxembourg, S.A. - Ordinary Shares",US (NASDAQ)
CDT,CDT Equity Inc. - Common Stock,US (NASDAQ)
CDTG,CDT Environmental Technology Investment Holdings Limited - ordinary shares,US (NASDAQ)
CDW,CDW Corporation - Common Stock,US (NASDAQ)
CDXS,"Codexis, Inc. - Common Stock",US (NASDAQ)
CDZI,"Cadiz, Inc. - Common Stock",US (NASDAQ)
CECO,CECO Environmental Corp. - Common Stock,US (NASDAQ)
CEG,Constellation Energy Corporation - Common Stock When-Issued,US (NASDAQ)
CELC,Celcuity Inc. - Common Stock,US (NASDAQ)
CELH,"Celsius Holdings, Inc. - Common Stock",US (NASDAQ)
CELU,Celularity Inc. - Class A Common Stock,US (NASDAQ)
CELZ,"Creative Medical Technology Holdings, Inc. - Common Stock",US (NASDAQ)
CENN,Cenntro Inc. - Common Stock,US (NASDAQ)
CENT,Central Garden & Pet Company - Common Stock,US (NASDAQ)
CENTA,Central Garden & Pet Company - Class A Common Stock Nonvoting,US (NASDAQ)
CENX,Century Aluminum Company - Common Stock,US (NASDAQ)
CEPF,"Cantor Equity Partners IV, Inc. - Class A Ordinary Shares",US (NASDAQ)
CEPL,"Capstone Energy Plus, Inc. - Common Stock",US (NASDAQ)
CEPO,"Cantor Equity Partners I, Inc. - Class A Ordinary Shares",US (NASDAQ)
CEPS,"Cantor Equity Partners VI, Inc. - Class A Ordinary Shares",US (NASDAQ)
CEPV,"Cantor Equity Partners V, Inc. - Class A Ordinary Shares",US (NASDAQ)
CERS,Cerus Corporation - Common Stock,US (NASDAQ)
CERT,"Certara, Inc. - Common Stock",US (NASDAQ)
CETX,Cemtrex Inc. - Common Stock,US (NASDAQ)
CETY,"Clean Energy Technologies, Inc. - Common Stock",US (NASDAQ)
CEVA,"CEVA, Inc. - Common Stock",US (NASDAQ)
CFBK,CF Bankshares Inc. - Common Stock,US (NASDAQ)
CFFI,C&F Financial Corporation - Common Stock,US (NASDAQ)
CFFN,"Capitol Federal Financial, Inc. - Common Stock",US (NASDAQ)
CG,The Carlyle Group Inc. - Common Stock,US (NASDAQ)
CGBD,"Carlyle Secured Lending, Inc. - Closed End Fund",US (NASDAQ)
CGC,Canopy Growth Corporation - Common Shares,US (NASDAQ)
CGEM,"Cullinan Therapeutics, Inc. - Common Stock",US (NASDAQ)
CGEN,Compugen Ltd. - Ordinary Shares,US (NASDAQ)
CGNT,Cognyte Software Ltd. - Ordinary Shares,US (NASDAQ)
CGNX,Cognex Corporation - Common Stock,US (NASDAQ)
CGO,Calamos Global Total Return Fund - Closed End Fund,US (NASDAQ)
CGON,"CG Oncology, Inc. - Common stock",US (NASDAQ)
CGTL,Creative Global Technology Holdings Limited - Class A Ordinary Shares,US (NASDAQ)
CGTX,"Cognition Therapeutics, Inc. - Common Stock",US (NASDAQ)
CHAI,"Core AI Holdings, Inc. - Common Shares",US (NASDAQ)
CHCI,"Comstock Holding Companies, Inc. - Class A Common Stock",US (NASDAQ)
CHCO,City Holding Company - Common Stock,US (NASDAQ)
CHDN,"Churchill Downs, Incorporated - Common Stock",US (NASDAQ)
CHEC,Chenghe Acquisition III Co. - Class A Ordinary Shares,US (NASDAQ)
CHEF,"The Chefs' Warehouse, Inc. - Common Stock",US (NASDAQ)
CHGA,Change Agents Corporation  - Common Stock,US (NASDAQ)
CHI,Calamos Convertible Opportunities and Income Fund - Closed End Fund,US (NASDAQ)
CHKP,Check Point Software Technologies Ltd. - Ordinary Shares,US (NASDAQ)
CHMG,Chemung Financial Corp  - Common Stock,US (NASDAQ)
CHNR,"China Natural Resources, Inc. - Common Shares",US (NASDAQ)
CHR,"Cheer Holding, Inc.  - Class A Ordinary Share",US (NASDAQ)
CHRD,Chord Energy Corporation - Common Stock,US (NASDAQ)
CHRN,ChronoScale Holdings Corporation - Common Stock,US (NASDAQ)
CHRS,"Coherus Oncology, Inc. - Common Stock",US (NASDAQ)
CHRW,"C.H. Robinson Worldwide, Inc. - Common Stock",US (NASDAQ)
CHSN,Chanson International Holding - Class A Ordinary Shares,US (NASDAQ)
CHTR,"Charter Communications, Inc. - Class A Common Stock",US (NASDAQ)
CHW,Calamos Global Dynamic Income Fund - Closed End Fund,US (NASDAQ)
CHY,Calamos Convertible and High Income Fund - Closed End Fund,US (NASDAQ)
CHYM,"Chime Financial, Inc. - Class A Common Stock",US (NASDAQ)
CIFR,Cipher Digital Inc. - Common Stock,US (NASDAQ)
CIGI,Colliers International Group Inc.  - Subordinate Voting Shares,US (NASDAQ)
CIGL,Concorde International Group Ltd - Class A Ordinary Shares,US (NASDAQ)
CIIT,"Tianci International, Inc. - Common Stock",US (NASDAQ)
CINF,Cincinnati Financial Corporation - Common Stock,US (NASDAQ)
CING,Cingulate Inc. - Common Stock,US (NASDAQ)
CIRC,"Circle8 Group, Inc. - Common Stock",US (NASDAQ)
CISO,"CISO Global, Inc. - Common Stock",US (NASDAQ)
CISS,C3is Inc. - Common Stock,US (NASDAQ)
CIVB,"Civista Bancshares, Inc.  - Common Stock",US (NASDAQ)
CJMB,Callan JMB Inc. - Common Stock,US (NASDAQ)
CLAR,Clarus Corporation - Common Stock,US (NASDAQ)
CLBK,"Columbia Financial, Inc. - Common Stock",US (NASDAQ)
CLBT,Cellebrite DI Ltd. - Ordinary Shares,US (NASDAQ)
CLDX,"Celldex Therapeutics, Inc. - Common Stock",US (NASDAQ)
CLFD,"Clearfield, Inc. - Common Stock",US (NASDAQ)
CLGN,CollPlant Biotechnologies Ltd. - Ordinary Shares,US (NASDAQ)
CLIK,Click Holdings Limited - Ordinary Share,US (NASDAQ)
CLIR,ClearSign Technologies Corporation - Common Stock,US (NASDAQ)
CLMB,"Climb Global Solutions, Inc. - Common Stock",US (NASDAQ)
CLMT,"Calumet, Inc - Common Stock",US (NASDAQ)
CLNE,Clean Energy Fuels Corp. - Common Stock,US (NASDAQ)
CLNN,Clene Inc. - Common Stock,US (NASDAQ)
CLOV,"Clover Health Investments, Corp.  - Class A Common stock",US (NASDAQ)
CLPS,CLPS Incorporation - Common Stock,US (NASDAQ)
CLPT,ClearPoint Neuro Inc. - Common Stock,US (NASDAQ)
CLRB,"Cellectar Biosciences, Inc. - Common Stock",US (NASDAQ)
CLRO,"ClearOne, Inc. - Common Stock",US (NASDAQ)
CLSK,"CleanSpark, Inc. - Common Stock",US (NASDAQ)
CLST,"Catalyst Bancorp, Inc. - common stock",US (NASDAQ)
CLWT,Euro Tech Holdings Company Limited - Ordinary Shares,US (NASDAQ)
CLYM,"Climb Bio, Inc. - Common Stock",US (NASDAQ)
CMCO,Columbus McKinnon Corporation - Common Stock,US (NASDAQ)
CMCSA,Comcast Corporation - Class A Common Stock,US (NASDAQ)
CMCT,Creative Media  - Common Stock,US (NASDAQ)
CME,CME Group Inc. - Class A Common Stock,US (NASDAQ)
CMII,Columbus Circle Capital Corp II - Class A Ordinary Shares,US (NASDAQ)
CMND,Clearmind Medicine Inc. - Common Shares,US (NASDAQ)
CMPR,Cimpress plc - Ordinary Shares,US (NASDAQ)
CMPS,COMPASS Pathways Plc - American Depository Shares,US (NASDAQ)
CMPX,"Compass Therapeutics, Inc. - Common Stock",US (NASDAQ)
CMRC,"Commerce.com, Inc. - Series 1 Common Stock",US (NASDAQ)
CMTL,Comtech Telecommunications Corp. - Common Stock,US (NASDAQ)
CMTV,Community Bancorp.  - Common stock,US (NASDAQ)
CNCK,Coincheck Group N.V. - Ordinary Shares,US (NASDAQ)
CNDT,Conduent Incorporated - Common Stock,US (NASDAQ)
CNET,ZW Data Action Technologies Inc. - Common Stock,US (NASDAQ)
CNEY,CN Energy Group Inc. - Class A Ordinary Shares,US (NASDAQ)
CNOB,"ConnectOne Bancorp, Inc. - Common Stock",US (NASDAQ)
CNSP,"CNS Pharmaceuticals, Inc. - Common Stock",US (NASDAQ)
CNSY,"Cerenome, Inc. - Common Stock",US (NASDAQ)
CNTB,Connect Biopharma Holdings Limited - Ordinary Shares,US (NASDAQ)
CNTN,"Canton Strategic Holdings, Inc. - Common Stock",US (NASDAQ)
CNTX,Context Therapeutics Inc. - Common Stock,US (NASDAQ)
CNTY,"Century Casinos, Inc. - Common Stock",US (NASDAQ)
CNVS,Cineverse Corp. - Class A Common Stock,US (NASDAQ)
CNXC,Concentrix Corporation - Common Stock,US (NASDAQ)
CNXN,"PC Connection, Inc. - Common Stock",US (NASDAQ)
CNXU,Conexeu Sciences Inc. - Common Stock,US (NASDAQ)
COAG,"Hemab Therapeutics Holdings, Inc. - Common Stock",US (NASDAQ)
COCH,"Envoy Medical, Inc. - Class A Common Stock",US (NASDAQ)
COCO,"The Vita Coco Company, Inc. - Common Stock",US (NASDAQ)
COCP,"Cocrystal Pharma, Inc. - Common Stock",US (NASDAQ)
CODA,"Coda Octopus Group, Inc. - Common stock",US (NASDAQ)
CODX,"Co-Diagnostics, Inc. - Common Stock",US (NASDAQ)
COFS,"ChoiceOne Financial Services, Inc. - Common Stock",US (NASDAQ)
COGT,"Cogent Biosciences, Inc. - Common Stock",US (NASDAQ)
COHU,"Cohu, Inc. - Common Stock",US (NASDAQ)
COIN,"Coinbase Global, Inc. - Class A Common Stock",US (NASDAQ)
COKE,"Coca-Cola Consolidated, Inc. - Common Stock",US (NASDAQ)
COLB,"Columbia Banking System, Inc. - Common Stock",US (NASDAQ)
COLL,"Collegium Pharmaceutical, Inc. - Common Stock",US (NASDAQ)
COLM,Columbia Sportswear Company - Common Stock,US (NASDAQ)
COO,"The Cooper Companies, Inc.  - Common Stock",US (NASDAQ)
COOT,Australian Oilseeds Holdings Limited - Ordinary Shares,US (NASDAQ)
CORT,Corcept Therapeutics Incorporated - Common Stock,US (NASDAQ)
CORZ,"Core Scientific, Inc. - Common Stock",US (NASDAQ)
COSM,Cosmos Health Inc. - Common Stock,US (NASDAQ)
COST,Costco Wholesale Corporation - Common Stock,US (NASDAQ)
COYA,"Coya Therapeutics, Inc. - Common Stock",US (NASDAQ)
CPB,The Campbell's Company - Common Stock,US (NASDAQ)
CPBI,"Central Plains Bancshares, Inc. - Common Stock",US (NASDAQ)
CPHC,Canterbury Park Holding Corporation - Common Stock,US (NASDAQ)
CPIX,Cumberland Pharmaceuticals Inc. - Common Stock,US (NASDAQ)
CPOP,"Pop Culture Group Co., Ltd - Class A Ordinary Shares",US (NASDAQ)
CPRT,"Copart, Inc. - Common Stock",US (NASDAQ)
CPSH,CPS Technologies Corp. - Common Stock,US (NASDAQ)
CPSS,"Consumer Portfolio Services, Inc. - Common Stock",US (NASDAQ)
CPZ,Calamos Long/Short Equity & Dynamic Income Trust - Closed End Fund,US (NASDAQ)
CRAI,"CRA International,Inc. - Common Stock",US (NASDAQ)
CRBP,"Corbus Pharmaceuticals Holdings, Inc. - Common Stock",US (NASDAQ)
CRBU,"Caribou Biosciences, Inc. - Common Stock",US (NASDAQ)
CRCT,"Cricut, Inc. - Class A common stock",US (NASDAQ)
CRDF,"Cardiff Oncology, Inc. - Common Stock",US (NASDAQ)
CRDL,Cardiol Therapeutics Inc. - Class A Common Shares,US (NASDAQ)
CRDO,Credo Technology Group Holding Ltd - Ordinary Shares,US (NASDAQ)
CRE,Cre8 Enterprise Limited - Class A Ordinary Shares,US (NASDAQ)
CREX,"Creative Realities, Inc. - Common Stock",US (NASDAQ)
CRGO,Freightos Limited - Ordinary shares,US (NASDAQ)
CRIS,"Curis, Inc. - Common Stock",US (NASDAQ)
CRMD,CorMedix Inc. - Common Stock,US (NASDAQ)
CRML,Critical Metals Corp. - Ordinary Shares,US (NASDAQ)
CRMT,"America's Car-Mart, Inc. - Common Stock",US (NASDAQ)
CRNC,Cerence Inc. - Common Stock,US (NASDAQ)
CRNT,Ceragon Networks Ltd. - Ordinary Shares,US (NASDAQ)
CRNX,"Crinetics Pharmaceuticals, Inc. - Common Stock",US (NASDAQ)
CRON,Cronos Group Inc. - Common Share,US (NASDAQ)
CROX,"Crocs, Inc. - Common Stock",US (NASDAQ)
CRSP,CRISPR Therapeutics AG - Common Shares,US (NASDAQ)
CRSR,"Corsair Gaming, Inc. - Common Stock",US (NASDAQ)
CRTO,Criteo S.A. - Ordinary Shares,US (NASDAQ)
CRUS,"Cirrus Logic, Inc. - Common Stock",US (NASDAQ)
CRVL,CorVel Corp. - Common Stock,US (NASDAQ)
CRVO,CervoMed Inc. - Common Stock,US (NASDAQ)
CRVS,"Corvus Pharmaceuticals, Inc. - Common Stock",US (NASDAQ)
CRWD,"CrowdStrike Holdings, Inc. - Class A Common Stock",US (NASDAQ)
CRWS,"Crown Crafts, Inc. - Common Stock",US (NASDAQ)
CRWV,"CoreWeave, Inc. - Class A Common Stock",US (NASDAQ)
CSAI,"Cloudastructure, Inc. - Class A Common Stock",US (NASDAQ)
CSBR,"Champions Oncology, Inc. - Common Stock",US (NASDAQ)
CSCO,"Cisco Systems, Inc. - Common Stock",US (NASDAQ)
CSGP,"CoStar Group, Inc. - Common Stock",US (NASDAQ)
CSHR,CoinShares PLC - Ordinary Shares,US (NASDAQ)
CSIQ,Canadian Solar Inc. - Common Shares,US (NASDAQ)
CSPI,CSP Inc. - Common Stock,US (NASDAQ)
CSQ,Calamos Strategic Total Return Fund - Closed End Fund,US (NASDAQ)
CSTE,Caesarstone Ltd. - Ordinary Shares,US (NASDAQ)
CSTL,"Castle Biosciences, Inc. - Common stock",US (NASDAQ)
CSWC,Capital Southwest Corporation - Common Stock,US (NASDAQ)
CSX,CSX Corporation - Common Stock,US (NASDAQ)
CTAS,Cintas Corporation - Common Stock,US (NASDAQ)
CTBI,"Community Trust Bancorp, Inc. - Common Stock",US (NASDAQ)
CTKB,"Cytek Biosciences, Inc. - Common Stock",US (NASDAQ)
CTMX,"CytomX Therapeutics, Inc. - Common Stock",US (NASDAQ)
CTNM,"Contineum Therapeutics, Inc. - Common stock",US (NASDAQ)
CTNT,Cheetah Net Supply Chain Service Inc. - Class A Common Stock,US (NASDAQ)
CTOR,"Citius Oncology, Inc.  - Common Stock",US (NASDAQ)
CTRM,Castor Maritime Inc. - Common Shares,US (NASDAQ)
CTRN,"Citi Trends, Inc. - Common Stock",US (NASDAQ)
CTSH,Cognizant Technology Solutions Corporation - Class A Common Stock,US (NASDAQ)
CTSO,Cytosorbents Corporation - Common Stock,US (NASDAQ)
CTW,CTW - Class A Ordinary Shares,US (NASDAQ)
CTXR,"Citius Pharmaceuticals, Inc. - Common Stock",US (NASDAQ)
CUB,Lionheart Holdings - Class A Ordinary Shares,US (NASDAQ)
CUE,"Cue Biopharma, Inc. - Common Stock",US (NASDAQ)
CULP,"Culp, Inc. - Common Shares",US (NASDAQ)
CUPR,Cuprina Holdings (Cayman) Limited - Class A Ordinary shares,US (NASDAQ)
CURI,CuriosityStream Inc.  - Class A Common Stock,US (NASDAQ)
CURR,Currenc Group Inc. - Ordinary Shares,US (NASDAQ)
CURX,Curanex Pharmaceuticals Inc - Common Stock,US (NASDAQ)
CV,"CapsoVision, Inc. - Common Stock",US (NASDAQ)
CVBF,CVB Financial Corporation - Common Stock,US (NASDAQ)
CVCO,"Cavco Industries, Inc. - Common Stock",US (NASDAQ)
CVGI,"Commercial Vehicle Group, Inc. - Common Stock",US (NASDAQ)
CVKD,"Cadrenal Therapeutics, Inc. - Common Stock",US (NASDAQ)
CVLT,"Commvault Systems, Inc. - Common Stock",US (NASDAQ)
CVRX,"CVRx, Inc. - Common Stock",US (NASDAQ)
CVV,CVD Equipment Corporation - Common Stock,US (NASDAQ)
CWBC,Community West Bancshares - Common Stock,US (NASDAQ)
CWCO,Consolidated Water Co. Ltd. - Ordinary Shares,US (NASDAQ)
CWD,CaliberCos Inc. - Class A Common Stock,US (NASDAQ)
CWST,"Casella Waste Systems, Inc. - Class A Common Stock",US (NASDAQ)
CXAI,CXApp Inc. - Class A Common Stock,US (NASDAQ)
CXDO,"Crexendo, Inc. - Common Stock",US (NASDAQ)
CXII,Churchill Capital Corp XII - Class A Ordinary Shares,US (NASDAQ)
CYAB,"Cyabra, Inc. - Common Stock",US (NASDAQ)
CYCN,"Cyclerion Therapeutics, Inc. - Common Stock",US (NASDAQ)
CYCU,"Cycurion, Inc. - Common Stock",US (NASDAQ)
CYN,Cyngn Inc. - Common stock,US (NASDAQ)
CYPH,Cypherpunk Technologies Inc. - Common Stock,US (NASDAQ)
CYRX,"CryoPort, Inc. - Common Stock",US (NASDAQ)
CYTK,"Cytokinetics, Incorporated - Common Stock",US (NASDAQ)
CZFS,"Citizens Financial Services, Inc. - Common Stock",US (NASDAQ)
CZNC,Citizens & Northern Corp - Common Stock,US (NASDAQ)
CZR,"Caesars Entertainment, Inc. - Common Stock",US (NASDAQ)
CZWI,"Citizens Community Bancorp, Inc. - Common Stock",US (NASDAQ)
DAIC,"CID HoldCo, Inc. - Common Stock",US (NASDAQ)
DAIO,Data I/O Corporation - Common Stock,US (NASDAQ)
DAKT,"Daktronics, Inc. - Common Stock",US (NASDAQ)
DARE,"Dare Bioscience, Inc. - Common Stock",US (NASDAQ)
DASH,"DoorDash, Inc. - Common Stock",US (NASDAQ)
DAVE,Dave Inc.  - Class A Common Stock,US (NASDAQ)
DBCA,D. Boral Acquisition I Corp. - Class A Ordinary Shares,US (NASDAQ)
DBGI,"Digital Brands Group, Inc. - Common Stock",US (NASDAQ)
DBX,"Dropbox, Inc. - Class A Common Stock",US (NASDAQ)
DCBO,Docebo Inc. - Common Shares,US (NASDAQ)
DCGO,DocGo Inc. - Common Stock,US (NASDAQ)
DCOY,Decoy Therapeutics Inc. - Common Stock,US (NASDAQ)
DCTH,"Delcath Systems, Inc. - Common Stock",US (NASDAQ)
DCX,Digital Currency X Technology Inc. - Class A Ordinary Shares,US (NASDAQ)
DDI,"DoubleDown Interactive Co., Ltd. - American Depository Shares",US (NASDAQ)
DDOG,"Datadog, Inc. - Class A Common Stock",US (NASDAQ)
DEFT,"Defi Technologies, Inc. - Common Stock",US (NASDAQ)
DERM,Journey Medical Corporation - Common Stock,US (NASDAQ)
DETX,"Liberty Defense Holdings, Ltd. - Common Shares",US (NASDAQ)
DFDV,DeFi Development Corp. - Common Stock,US (NASDAQ)
DFLI,Dragonfly Energy Holdings Corp - Common Stock,US (NASDAQ)
DFNS,T3 Defense Inc. - Common Stock,US (NASDAQ)
DFSC,"DEFSEC Technologies Inc. - common stock, no R/S concurrent with offering",US (NASDAQ)
DFTX,"Definium Therapeutics, Inc.  - Common Shares",US (NASDAQ)
DGICA,"Donegal Group, Inc. - Class A Common Stock",US (NASDAQ)
DGICB,"Donegal Group, Inc. - Class B Common Stock",US (NASDAQ)
DGII,Digi International Inc. - Common Stock,US (NASDAQ)
DGNX,Diginex Limited - Ordinary Shares,US (NASDAQ)
DGXX,Digi Power X Inc. - Common Subordinate Voting Shares,US (NASDAQ)
DH,Definitive Healthcare Corp. - Class A Common Stock,US (NASDAQ)
DHC,Diversified Healthcare Trust  - Common Shares of Beneficial Interest,US (NASDAQ)
DIBS,"1stdibs.com, Inc. - Common Stock",US (NASDAQ)
DIOD,Diodes Incorporated - Common Stock,US (NASDAQ)
DJCO,Daily Journal Corp. (S.C.) - Common Stock,US (NASDAQ)
DJT,Trump Media & Technology Group Corp. - Common Stock,US (NASDAQ)
DKI,DarkIris Inc. - Class A Ordinary Shares,US (NASDAQ)
DKNG,DraftKings Inc. - Class A Common Stock,US (NASDAQ)
DLHC,DLH Holdings Corp. - Common Stock,US (NASDAQ)
DLO,DLocal Limited - Class A Common Shares,US (NASDAQ)
DLPN,"Dolphin Entertainment, Inc. - Common Stock",US (NASDAQ)
DLTH,Duluth Holdings Inc. - Class B Common Stock,US (NASDAQ)
DLTR,"Dollar Tree, Inc. - Common Stock",US (NASDAQ)
DLXY,Delixy Holdings Limited - Class A Ordinary Shares,US (NASDAQ)
DMAC,DiaMedica Therapeutics Inc. - Common Stock,US (NASDAQ)
DMII,Drugs Made In America Acquisition II Corp. - Ordinary Shares,US (NASDAQ)
DMRA,"Damora Therapeutics, Inc. - Ordinary Shares",US (NASDAQ)
DMRC,Digimarc Corporation - Common Stock,US (NASDAQ)
DNLI,Denali Therapeutics Inc. - Common Stock,US (NASDAQ)
DNMX,Dynamix Corporation III - Class A Ordinary Shares,US (NASDAQ)
DNTH,"Dianthus Therapeutics, Inc. - Common Stock",US (NASDAQ)
DNUT,"Krispy Kreme, Inc. - Common Stock",US (NASDAQ)
DOCU,"DocuSign, Inc. - Common Stock",US (NASDAQ)
DOGZ,Dogness (International) Corporation - Class A Common Stock,US (NASDAQ)
DOMH,Dominari Holdings Inc. - Common Stock,US (NASDAQ)
DOMO,"Domo, Inc. - Class B Common Stock",US (NASDAQ)
DOO,BRP Inc. - Common Subordinate Voting Shares,US (NASDAQ)
DORM,"Dorman Products, Inc. - Common Stock",US (NASDAQ)
DOX,Amdocs Limited - Ordinary Shares,US (NASDAQ)
DPRO,Draganfly Inc. - Common Shares,US (NASDAQ)
DPU,Top KingWin Ltd - Class A Ordinary Shares,US (NASDAQ)
DPZ,Domino's Pizza Inc - Common Stock,US (NASDAQ)
DRCT,"Direct Digital Holdings, Inc. - Class A Common Stock",US (NASDAQ)
DRH,Diamondrock Hospitality Company - Common Stock,US (NASDAQ)
DRIO,DarioHealth Corp. - Common Stock,US (NASDAQ)
DRMA,"Dermata Therapeutics, Inc. - Common Stock",US (NASDAQ)
DRS,"Leonardo DRS, Inc. - Common Stock",US (NASDAQ)
DRTS,Alpha Tau Medical Ltd. - Ordinary Shares,US (NASDAQ)
DRUG,Bright Minds Biosciences Inc. - common stock,US (NASDAQ)
DRVN,Driven Brands Holdings Inc. - Common Stock,US (NASDAQ)
DSGN,"Design Therapeutics, Inc. - Common Stock",US (NASDAQ)
DSGR,"Distribution Solutions Group, Inc. - Common Stock",US (NASDAQ)
DSGX,The Descartes Systems Group Inc. - Common Stock,US (NASDAQ)
DSP,Viant Technology Inc. - common stock,US (NASDAQ)
DSWL,"Deswell Industries, Inc. - Common Shares",US (NASDAQ)
DSY,Big Tree Cloud Holdings Limited - Class A Ordinary Shares,US (NASDAQ)
DTCX,"Datacentrex, Inc. - Common Stock",US (NASDAQ)
DTI,Drilling Tools International Corporation  - Common Stock,US (NASDAQ)
DTIL,"Precision BioSciences, Inc. - Common Stock",US (NASDAQ)
DTSS,Datasea Intelligent Technology Ltd. - Class A Ordinary Shares,US (NASDAQ)
DTST,Data Storage Corporation - Common Stock,US (NASDAQ)
DUKR,DUKE Robotics Corp. - Common Stock,US (NASDAQ)
DUO,Fangdd Network Group Ltd. - Class A Ordinary Shares,US (NASDAQ)
DUOL,"Duolingo, Inc. - Class A Common Stock",US (NASDAQ)
DUOT,"Duos Technologies Group, Inc. - Common Stock",US (NASDAQ)
DVLT,Datavault AI Inc. - Common Stock,US (NASDAQ)
DWSN,Dawson Geophysical Company - Common Stock,US (NASDAQ)
DWTX,"Dogwood Therapeutics, Inc.  - Common Stock",US (NASDAQ)
DXCM,"DexCom, Inc. - Common Stock",US (NASDAQ)
DXLG,"Destination XL Group, Inc. - Common Stock",US (NASDAQ)
DXPE,"DXP Enterprises, Inc. - Common Stock",US (NASDAQ)
DXR,Daxor Corporation - Closed End Fund,US (NASDAQ)
DXST,Decent Holding Inc. - Class A Ordinary Shares,US (NASDAQ)
DYAI,"Dyadic International, Inc. - Common Stock",US (NASDAQ)
DYN,"Dyne Therapeutics, Inc. - Common Stock",US (NASDAQ)
DYNC,Dynamix Corporation - Class A Ordinary Share,US (NASDAQ)
DYOR,Insight Digital Partners II - Class A Ordinary Shares,US (NASDAQ)
EBAY,eBay Inc. - Common Stock,US (NASDAQ)
EBC,"Eastern Bankshares, Inc. - Common Stock",US (NASDAQ)
EBMT,"Eagle Bancorp Montana, Inc. - Common Stock",US (NASDAQ)
EBON,Ebang International Holdings Inc. - Class A Ordinary Shares,US (NASDAQ)
ECBK,"ECB Bancorp, Inc. - Common Stock",US (NASDAQ)
ECHO,EchoStar Corporation - Common stock,US (NASDAQ)
ECOR,"electroCore, Inc. - Common Stock",US (NASDAQ)
ECPG,Encore Capital Group Inc - Common Stock,US (NASDAQ)
ECX,ECARX Holdings Inc. - Class A Ordinary shares,US (NASDAQ)
EDBL,Edible Garden AG Incorporated - Common Stock,US (NASDAQ)
EDHL,Everbright Digital Holding Limited - Ordinary Shares,US (NASDAQ)
EDIT,"Editas Medicine, Inc. - Common Stock",US (NASDAQ)
EDRY,EuroDry Ltd. - Common Shares,US (NASDAQ)
EDSA,"Edesa Biotech, Inc. - Common Shares",US (NASDAQ)
EDTK,Skillful Craftsman Education Technology Limited - Ordinary Share,US (NASDAQ)
EDUC,Educational Development Corporation - Common Stock,US (NASDAQ)
EEFT,"Euronet Worldwide, Inc. - Common Stock",US (NASDAQ)
EEIQ,EpicQuest Education Group International Limited - Common Stock,US (NASDAQ)
EFOI,"Energy Focus, Inc. - Common Stock",US (NASDAQ)
EFSC,Enterprise Financial Services Corporation - Common Stock,US (NASDAQ)
EFSI,Eagle Financial Services Inc - Common Stock,US (NASDAQ)
EFTY,"Etoiles Capital Group Co., Ltd. - Class A Ordinary Shares",US (NASDAQ)
EGAN,eGain Corporation - Common Stock,US (NASDAQ)
EGBN,"Eagle Bancorp, Inc. - Common Stock",US (NASDAQ)
EGHT,8x8 Inc - Common stock,US (NASDAQ)
EH,EHang Holdings Limited - ADS,US (NASDAQ)
EHGO,Eshallgo Inc. - Class A Ordinary Shares,US (NASDAQ)
EHLD,Euroholdings Ltd. - Common Stock,US (NASDAQ)
EHTH,"eHealth, Inc. - Common Stock",US (NASDAQ)
EIKN,"Eikon Therapeutics, Inc. - Common Stock",US (NASDAQ)
EJH,E-Home Household Service Holdings Limited - Ordinary shares,US (NASDAQ)
ELAB,PMGC Holdings Inc. - Common Stock,US (NASDAQ)
ELBM,Electra Battery Materials Corporation - Common Stock,US (NASDAQ)
ELDN,"Eledon Pharmaceuticals, Inc. - Common Stock",US (NASDAQ)
ELE,Elemental Royalty Corporation - Common Stock,US (NASDAQ)
ELMT,The Elmet Group Co. - Common Stock,US (NASDAQ)
ELOG,Eastern International Ltd. - Ordinary Shares,US (NASDAQ)
ELOX,"Eloxx Pharmaceuticals, Inc. - Common Stock",US (NASDAQ)
ELPW,Elong Power Holding Limited - Class A Ordinary Shares,US (NASDAQ)
ELTK,Eltek Ltd. - Ordinary Shares,US (NASDAQ)
ELTX,"Elicio Therapeutics, Inc. - Common Stock",US (NASDAQ)
ELUT,"Elutia, Inc. - Class A Common Stock",US (NASDAQ)
ELVA,Electrovaya Inc. - Common Shares,US (NASDAQ)
ELVN,"Enliven Therapeutics, Inc.  - Common Stock",US (NASDAQ)
ELVR,Elevra Lithium Limited - American Depository Shares,US (NASDAQ)
ELWT,"Elauwit Connection, Inc. - Common Stock",US (NASDAQ)
EMAT,Evolution Metals & Technologies Corp. - Common Stock,US (NASDAQ)
EMBC,Embecta Corp. - Common Stock,US (NASDAQ)
EML,Eastern Company (The) - Common Stock,US (NASDAQ)
EMPD,Empery Digital Inc. - Common stock,US (NASDAQ)
ENGN,enGene Therapeutics Inc. - Common Stock,US (NASDAQ)
ENGS,Energys Group Limited - Ordinary Shares,US (NASDAQ)
ENLT,Enlight Renewable Energy Ltd. - Ordinary Shares,US (NASDAQ)
ENLV,Enlivex Ltd. - Ordinary Shares,US (NASDAQ)
ENPH,"Enphase Energy, Inc. - Common Stock",US (NASDAQ)
ENSC,"Ensysce Biosciences, Inc. - Common Stock",US (NASDAQ)
ENSG,"The Ensign Group, Inc. - Common Stock",US (NASDAQ)
ENTA,"Enanta Pharmaceuticals, Inc. - Common Stock",US (NASDAQ)
ENTG,"Entegris, Inc. - Common Stock",US (NASDAQ)
ENTX,Entera Bio Ltd. - Ordinary Shares,US (NASDAQ)
ENVB,"Enveric Biosciences, Inc.  - Common Stock",US (NASDAQ)
ENVX,Enovix Corporation - Common Stock,US (NASDAQ)
EOLS,"Evolus, Inc. - Common Stock",US (NASDAQ)
EOSE,"Eos Energy Enterprises, Inc. - Common Stock",US (NASDAQ)
EPOW,E-Power Inc. - Class A Ordinary Shares,US (NASDAQ)
EPRX,Eupraxia Pharmaceuticals Inc. - Common Stock,US (NASDAQ)
EPSM,Epsium Enterprise Limited - Class A Ordinary Shares,US (NASDAQ)
EPSN,Epsilon Energy Ltd. - Common Shares,US (NASDAQ)
EQ,"Equillium, Inc. - Common Stock",US (NASDAQ)
EQIX,"Equinix, Inc. - Common Stock",US (NASDAQ)
EQPT,EquipmentShare.com Inc - Class A Common Stock,US (NASDAQ)
ERAS,"Erasca, Inc. - Common Stock",US (NASDAQ)
ERIE,Erie Indemnity Company - Class A Common Stock,US (NASDAQ)
ERII,"Energy Recovery, Inc. - Common Stock",US (NASDAQ)
ERNA,Ernexa Therapeutics Inc. - Common Stock,US (NASDAQ)
ESCA,"Escalade, Incorporated - Common Stock",US (NASDAQ)
ESEA,Euroseas Ltd. - Common Stock,US (NASDAQ)
ESLA,"Estrella Immunopharma, Inc. - Common Stock",US (NASDAQ)
ESLT,Elbit Systems Ltd. - Ordinary Shares,US (NASDAQ)
ESOA,Energy Services of America Corporation - Common Stock,US (NASDAQ)
ESQ,"Esquire Financial Holdings, Inc. - Common Stock",US (NASDAQ)
ESTA,Establishment Labs Holdings Inc. - Common Shares,US (NASDAQ)
ETON,"Eton Pharmaceuticals, Inc. - Common Stock",US (NASDAQ)
ETOR,eToro Group Ltd. - Class A Common Shares,US (NASDAQ)
ETS,Elite Express Holding Inc. - Class A Common Stock,US (NASDAQ)
EU,enCore Energy Corp. - Common Stock,US (NASDAQ)
EUDA,Euda Health Holdings Limited - Ordinary Shares,US (NASDAQ)
EVCM,EverCommerce Inc. - Common Stock,US (NASDAQ)
EVER,"EverQuote, Inc. - Class A Common Stock",US (NASDAQ)
EVGN,Evogene Ltd. - Ordinary Shares,US (NASDAQ)
EVGO,EVgo Inc. - Common Stock,US (NASDAQ)
EVLV,"Evolv Technologies Holdings, Inc. - Class A Common Stock",US (NASDAQ)
EVRG,"Evergy, Inc. - Common Stock",US (NASDAQ)
EWBC,"East West Bancorp, Inc. - Common Stock",US (NASDAQ)
EWTX,"Edgewise Therapeutics, Inc. - Common Stock",US (NASDAQ)
EXC,Exelon Corporation - Common Stock,US (NASDAQ)
EXE,Expand Energy Corporation - Common Stock,US (NASDAQ)
EXEL,"Exelixis, Inc. - Common Stock",US (NASDAQ)
EXFY,"Expensify, Inc. - Class A Common Stock",US (NASDAQ)
EXLS,"ExlService Holdings, Inc. - Common Stock",US (NASDAQ)
EXOZ,eXoZymes Inc. - Common Stock,US (NASDAQ)
EXPE,"Expedia Group, Inc. - Common Stock",US (NASDAQ)
EXPO,"Exponent, Inc. - Common Stock",US (NASDAQ)
EXTR,"Extreme Networks, Inc. - Common Stock",US (NASDAQ)
EXYN,"Exyn Technologies, Inc. - Common Stock",US (NASDAQ)
EYE,"National Vision Holdings, Inc. - Common Stock",US (NASDAQ)
EYPT,"EyePoint, Inc. - Common Stock",US (NASDAQ)
EZGO,EZGO Technologies Ltd. - Ordinary Shares,US (NASDAQ)
EZPW,"EZCORP, Inc. - Class A Non-Voting Common Stock",US (NASDAQ)
EZRA,"Reliance Global Group, Inc. - Common Stock",US (NASDAQ)
FA,First Advantage Corporation - Common Stock,US (NASDAQ)
FABC,"Fabric.AI, Inc. - Common Stock",US (NASDAQ)
FAC,Factorial Energy Inc. - Class A Common Stock,US (NASDAQ)
FAMI,"Farmmi, Inc. - Class A Ordinary Shares",US (NASDAQ)
FANG,"Diamondback Energy, Inc. - Common Stock",US (NASDAQ)
FAST,Fastenal Company - Common Stock,US (NASDAQ)
FATE,"Fate Therapeutics, Inc. - Common Stock",US (NASDAQ)
FATN,"FatPipe, Inc. - common stock",US (NASDAQ)
FBGL,FBS Global Limited - Ordinary Shares,US (NASDAQ)
FBIO,"Fortress Biotech, Inc. - Common Stock",US (NASDAQ)
FBIZ,"First Business Financial Services, Inc. - Common Stock",US (NASDAQ)
FBLA,"FB Bancorp, Inc. - Common Stock",US (NASDAQ)
FBLG,"FibroBiologics, Inc. - Common Stock",US (NASDAQ)
FBNC,First Bancorp - Common Stock,US (NASDAQ)
FBRX,"Forte Biosciences, Inc.  - Common Stock",US (NASDAQ)
FBYD,"Falcon's Beyond Global, Inc. - Class A Common Stock",US (NASDAQ)
FCAP,"First Capital, Inc. - Common Stock",US (NASDAQ)
FCBC,"First Community Bankshares, Inc. - Common Stock",US (NASDAQ)
FCCO,First Community Corporation - Common Stock,US (NASDAQ)
FCEL,"FuelCell Energy, Inc. - Common Stock",US (NASDAQ)
FCFS,"FirstCash Holdings, Inc. - Common Stock",US (NASDAQ)
FCHL,Fitness Champs Holdings Limited - Ordinary Shares,US (NASDAQ)
FCNCA,"First Citizens BancShares, Inc. - Class A Common Stock",US (NASDAQ)
FCUV,Focus Universal Inc. - Common Stock,US (NASDAQ)
FDBC,"Fidelity D & D Bancorp, Inc. - Common Stock",US (NASDAQ)
FDMT,"4D Molecular Therapeutics, Inc. - Common Stock",US (NASDAQ)
FDSB,"Fifth District Bancorp, Inc. - Common Stock",US (NASDAQ)
FDUS,Fidus Investment Corporation - Closed End Fund,US (NASDAQ)
FEAM,"5E Advanced Materials, Inc. - Common Stock",US (NASDAQ)
FEBO,Fenbo Holdings Limited - Class A Ordinary Shares,US (NASDAQ)
FEED,"ENvue Medical, Inc. - Common Stock",US (NASDAQ)
FEIM,"Frequency Electronics, Inc. - Common Stock",US (NASDAQ)
FELE,"Franklin Electric Co., Inc. - Common Stock",US (NASDAQ)
FEMY,Femasys Inc. - Common Stock,US (NASDAQ)
FENC,Fennec Pharmaceuticals Inc. - Common Stock,US (NASDAQ)
FER,Ferrovial N.V. - Ordinary Shares,US (NASDAQ)
FFAI,Faraday Future Intelligent Electric Inc. - Class A Common Stock,US (NASDAQ)
FFBC,First Financial Bancorp. - Common Stock,US (NASDAQ)
FFIN,"First Financial Bankshares, Inc. - Common Stock",US (NASDAQ)
FFIV,"F5, Inc. - Common Stock",US (NASDAQ)
FGBI,"First Guaranty Bancshares, Inc. - Common Stock",US (NASDAQ)
FGI,FGI Industries Ltd. - Ordinary Shares,US (NASDAQ)
FGL,Founder Group Limited - Class A Ordinary Shares,US (NASDAQ)
FGNX,FG Nexus Inc. - Common Stock,US (NASDAQ)
FHB,"First Hawaiian, Inc. - Common Stock",US (NASDAQ)
FHTX,Foghorn Therapeutics Inc. - Common Stock,US (NASDAQ)
FIBK,"First Interstate BancSystem, Inc. - Common Stock",US (NASDAQ)
FIEE,"FiEE, Inc - Common Stock",US (NASDAQ)
FIGR,"Figure Technology Solutions, Inc. - Class A Common Stock",US (NASDAQ)
FINW,FinWise Bancorp - Common Stock,US (NASDAQ)
FIP,FTAI Infrastructure Inc. - Common Stock,US (NASDAQ)
FISI,"Financial Institutions, Inc. - Common Stock",US (NASDAQ)
FISN,"Deep Fission, Inc. - Common Stock",US (NASDAQ)
FISV,"Fiserv, Inc. - Common Stock",US (NASDAQ)
FIVE,"Five Below, Inc. - Common Stock",US (NASDAQ)
FIVN,"Five9, Inc. - Common Stock",US (NASDAQ)
FIZZ,National Beverage Corp. - Common Stock,US (NASDAQ)
FKWL,Franklin Wireless Corp. - common stock,US (NASDAQ)
FLD,"Fold Holdings, Inc. - Class A Common Stock",US (NASDAQ)
FLEX,Flex Ltd. - Ordinary Shares,US (NASDAQ)
FLGT,"Fulgent Genetics, Inc. - Common Stock",US (NASDAQ)
FLL,"Full House Resorts, Inc. - Common Stock",US (NASDAQ)
FLNA,"Filana Therapeutics, Inc. - Common Stock",US (NASDAQ)
FLNC,"Fluence Energy, Inc. - Class A Common Stock",US (NASDAQ)
FLNT,"Fluent, Inc. - Common Stock",US (NASDAQ)
FLUX,"Flux Power Holdings, Inc. - Common Stock",US (NASDAQ)
FLWS,"1-800-FLOWERS.COM, Inc. - Class A Common Stock",US (NASDAQ)
FLXS,"Flexsteel Industries, Inc. - Common Stock",US (NASDAQ)
FLY,Firefly Aerospace Inc. - Common Stock,US (NASDAQ)
FLYE,"Fly-E Group, Inc. - Common Stock",US (NASDAQ)
FLYW,Flywire Corporation - Voting Common Stock,US (NASDAQ)
FLZH,"Flash Sports & Media Holdings, Inc. - Common Stock",US (NASDAQ)
FMAO,"Farmers & Merchants Bancorp, Inc. - Common Stock",US (NASDAQ)
FMBH,"First Mid Bancshares, Inc. - Common Stock",US (NASDAQ)
FMFC,Kandal M Venture Limited - Class A ordinary Shares,US (NASDAQ)
FMNB,Farmers National Banc Corp. - Common Stock,US (NASDAQ)
FMST,Foremost Clean Energy Ltd. - Common Shares,US (NASDAQ)
FNGR,"FingerMotion, Inc. - common stock",US (NASDAQ)
FNKO,"Funko, Inc. - Class A Common Stock",US (NASDAQ)
FNLC,"First Bancorp, Inc (ME) - Common Stock",US (NASDAQ)
FNRN,First Northern Community Bancorp - Common stock,US (NASDAQ)
FNUC,Frontier Nuclear and Minerals Inc. - Common Shares,US (NASDAQ)
FNWB,First Northwest Bancorp - Common Stock,US (NASDAQ)
FNWD,Finward Bancorp - common stock,US (NASDAQ)
FOFO,"Hang Feng Technology Innovation Co., Ltd. - Ordinary Shares",US (NASDAQ)
FORM,"FormFactor, Inc. - Common Stock",US (NASDAQ)
FORR,"Forrester Research, Inc. - Common Stock",US (NASDAQ)
FOSL,"Fossil Group, Inc. - Common Stock",US (NASDAQ)
FOX,Fox Corporation - Class B Common Stock,US (NASDAQ)
FOXA,Fox Corporation - Class A Common Stock,US (NASDAQ)
FOXF,Fox Factory Holding Corp. - Common Stock,US (NASDAQ)
FOXX,Foxx Development Holdings Inc. - Common Stock,US (NASDAQ)
FRAF,Franklin Financial Services Corporation - Common Stock,US (NASDAQ)
FRBA,First Bank  - Common Stock,US (NASDAQ)
FRBT,"Forbright, Inc. - Class A Common Stock",US (NASDAQ)
FRD,Friedman Industries Inc. - Common Stock,US (NASDAQ)
FRGT,"Freight Technologies, Inc. - Ordinary Shares",US (NASDAQ)
FRHC,Freedom Holding Corp. - Common Stock,US (NASDAQ)
FRME,First Merchants Corporation - Common Stock,US (NASDAQ)
FRMI,Fermi Inc. - Common Stock,US (NASDAQ)
FRMM,"Forum Markets, Incorporated - Common Stock",US (NASDAQ)
FRNM,"Freenome, Inc. - Common stock",US (NASDAQ)
FROG,JFrog Ltd. - Ordinary shares,US (NASDAQ)
FRPH,"FRP Holdings, Inc. - Common Stock",US (NASDAQ)
FRPT,"Freshpet, Inc. - Common Stock",US (NASDAQ)
FRSH,Freshworks Inc. - Class A Common Stock,US (NASDAQ)
FRST,Primis Financial Corp. - Common Stock,US (NASDAQ)
FRTT,Fort Technology Inc. - Common Shares,US (NASDAQ)
FRVO,Fervo Energy Company - Class A common stock,US (NASDAQ)
FSBC,Five Star Bancorp - Common Stock,US (NASDAQ)
FSBW,"FS Bancorp, Inc. - Common Stock",US (NASDAQ)
FSEA,"First Seacoast Bancorp, Inc. - Common Stock",US (NASDAQ)
FSLR,"First Solar, Inc. - Common Stock",US (NASDAQ)
FSLY,"Fastly, Inc. - Class A Common Stock",US (NASDAQ)
FSTR,L.B. Foster Company - Common Stock,US (NASDAQ)
FSUN,FirstSun Capital Bancorp - Common Stock,US (NASDAQ)
FSV,FirstService Corporation - Common Shares,US (NASDAQ)
FTAI,FTAI Aviation Ltd. - Common Stock,US (NASDAQ)
FTCI,"FTC Solar, Inc. - Common Stock",US (NASDAQ)
FTDR,"Frontdoor, Inc. - Common Stock",US (NASDAQ)
FTEK,"Fuel Tech, Inc. - Common Stock",US (NASDAQ)
FTFT,Future FinTech Group Inc. - Common Stock,US (NASDAQ)
FTH,"Faeth Therapeutics, Inc.  - Common Stock",US (NASDAQ)
FTHM,Fathom Holdings Inc. - Common Stock,US (NASDAQ)
FTLF,"FitLife Brands, Inc. - Common Stock",US (NASDAQ)
FTNT,"Fortinet, Inc. - Common Stock",US (NASDAQ)
FTRE,Fortrea Holdings Inc. - Common Stock,US (NASDAQ)
FTRK,FAST TRACK GROUP - Ordinary shares,US (NASDAQ)
FUFU,BitFuFu Inc. - Class A Ordinary Shares,US (NASDAQ)
FULC,"Fulcrum Therapeutics, Inc. - Common Stock",US (NASDAQ)
FULT,Fulton Financial Corporation - Common Stock,US (NASDAQ)
FUNC,First United Corporation - Common Stock,US (NASDAQ)
FUND,"Sprott Focus Trust, Inc. - Closed End Fund",US (NASDAQ)
FUSB,"First US Bancshares, Inc. - Common Stock",US (NASDAQ)
FUSE,Fusemachines Inc. - Common stock,US (NASDAQ)
FVCB,"FVCBankcorp, Inc. - Common Stock",US (NASDAQ)
FWDI,"Forward Industries, Inc. - Common Stock",US (NASDAQ)
FWONA,Liberty Media Corporation - Series A Liberty Formula One Common Stock,US (NASDAQ)
FWONK,Liberty Media Corporation - Series C Liberty Formula One Common Stock,US (NASDAQ)
FWRD,Forward Air Corporation - Common Stock,US (NASDAQ)
FWRG,"First Watch Restaurant Group, Inc. - Common Stock",US (NASDAQ)
FXHO,UTime Limited - Class A Ordinary Shares,US (NASDAQ)
FXNC,First National Corporation - Common Stock,US (NASDAQ)
GABC,"German American Bancorp, Inc. - Common Stock",US (NASDAQ)
GAIA,"Gaia, Inc. - Class A Common Stock",US (NASDAQ)
GAIN,Gladstone Investment Corporation - Business Development Company,US (NASDAQ)
GALT,Galectin Therapeutics Inc. - Common Stock,US (NASDAQ)
GAME,"GameSquare Holdings, Inc. - Common stock",US (NASDAQ)
GANX,"Gain Therapeutics, Inc. - Common Stock",US (NASDAQ)
GASS,"StealthGas, Inc. - common stock",US (NASDAQ)
GAUZ,Gauzy Ltd. - Ordinary Shares,US (NASDAQ)
GBDC,"Golub Capital BDC, Inc. - Closed End Fund",US (NASDAQ)
GBFH,GBank Financial Holdings Inc. - Common Stock,US (NASDAQ)
GBLI,"Global Indemnity Group, LLC - Class A Common Shares",US (NASDAQ)
GCBC,"Greene County Bancorp, Inc. - Common Stock",US (NASDAQ)
GCGR,General Catalyst Global Resilience Merger Corp. - Class A Ordinary Shares,US (NASDAQ)
GCL,GCL Global Holdings Ltd - Ordinary Shares,US (NASDAQ)
GCMG,GCM Grosvenor Inc. - Class A Common Stock,US (NASDAQ)
GCT,GigaCloud Technology Inc - Class A Ordinary Shares,US (NASDAQ)
GCTK,"GlucoTrack, Inc. - Common Stock",US (NASDAQ)
GDC,GD Culture Group Limited - Common Stock,US (NASDAQ)
GDEV,GDEV Inc. - Ordinary Shares,US (NASDAQ)
GDHG,Golden Heaven Group Holdings Ltd.  - Class A Ordinary Shares,US (NASDAQ)
GDRX,"GoodRx Holdings, Inc. - Class A Common Stock",US (NASDAQ)
GDTC,CytoMed Therapeutics Limited - Ordinary Shares,US (NASDAQ)
GDYN,"Grid Dynamics Holdings, Inc. - Class A Common Stock",US (NASDAQ)
GECC,Great Elm Capital Corp. - Closed End Fund,US (NASDAQ)
GEG,"Great Elm Group, Inc.  - Common Stock",US (NASDAQ)
GEHC,GE HealthCare Technologies Inc. - Common Stock,US (NASDAQ)
GELS,Gelteq Limited - Ordinary Shares,US (NASDAQ)
GEMI,"Gemini Space Station, Inc. - Class A Common Stock",US (NASDAQ)
GEN,Gen Digital Inc. - Common Stock,US (NASDAQ)
GENB,"Generate Biomedicines, Inc. - Common Stock",US (NASDAQ)
GENK,"GEN Restaurant Group, Inc. - Class A Common Stock",US (NASDAQ)
GEOS,Geospace Technologies Corporation - Common Stock,US (NASDAQ)
GERN,Geron Corporation - Common Stock,US (NASDAQ)
GEVO,"Gevo, Inc. - Common Stock",US (NASDAQ)
GFAI,"Guardforce AI Co., Limited - Ordinary Shares",US (NASDAQ)
GFS,GlobalFoundries Inc. - Ordinary Share,US (NASDAQ)
GFUZ,General Fusion Group Ltd. - Common Shares,US (NASDAQ)
GGR,Gogoro Inc. - Ordinary Shares,US (NASDAQ)
GGRP,"The Glimpse Group, Inc. - Common Stock",US (NASDAQ)
GH,"Guardant Health, Inc. - Common Stock",US (NASDAQ)
GHRS,GH Research PLC - Ordinary Shares,US (NASDAQ)
GIBO,GIBO Holdings Limited - Class A Ordinary Shares,US (NASDAQ)
GIFT,"Giftify, Inc. - Common Stock",US (NASDAQ)
GIGM,GigaMedia Limited - Ordinary Shares,US (NASDAQ)
GIII,"G-III Apparel Group, LTD. - Common Stock",US (NASDAQ)
GILD,"Gilead Sciences, Inc. - Common Stock",US (NASDAQ)
GILT,Gilat Satellite Networks Ltd. - Ordinary Shares,US (NASDAQ)
GIPR,Generation Income Properties Inc. - Common stock,US (NASDAQ)
GITS,"Global Interactive Technologies, Inc. Common Stock - Common Stock",US (NASDAQ)
GIW,GigCapital8 Corp. - Class A Ordinary Shares,US (NASDAQ)
GIX,GigCapital9 Corp. - Class A Ordinary Share,US (NASDAQ)
GLAD,Gladstone Capital Corporation - Closed End Fund,US (NASDAQ)
GLBE,Global-E Online Ltd. - ordinary shares,US (NASDAQ)
GLBS,Globus Maritime Limited - Common Stock,US (NASDAQ)
GLE,Global Engine Group Holding Limited - Class A Ordinary Shares,US (NASDAQ)
GLIBA,Liberty Capital Corporation - Series A GCI Group Common Stock,US (NASDAQ)
GLIBK,Liberty Capital Corporation - Series C GCI Group Common Stock,US (NASDAQ)
GLMD,Galmed Pharmaceuticals Ltd. - Ordinary Shares,US (NASDAQ)
GLND,Greenland Energy Company - Common Stock,US (NASDAQ)
GLNG,Golar LNG Limited - Common Shares,US (NASDAQ)
GLOO,"Gloo Holdings, Inc. - Common Stock",US (NASDAQ)
GLPI,"Gaming and Leisure Properties, Inc. - Common Stock",US (NASDAQ)
GLRE,"Greenlight Reinsurance, Ltd. - Class A Ordinary Shares",US (NASDAQ)
GLSI,"Greenwich LifeSciences, Inc. - Common stock",US (NASDAQ)
GLUE,"Monte Rosa Therapeutics, Inc. - Common Stock",US (NASDAQ)
GLXG,Galaxy Payroll Group Limited - Class A Ordinary Shares,US (NASDAQ)
GLXY,Galaxy Digital Inc. - Class A common stock,US (NASDAQ)
GMEX,GMEX ROBOTICS CORPORATION - Class A Ordinary Shares,US (NASDAQ)
GMHS,Gamehaus Holdings Inc. - Class A Ordinary Shares,US (NASDAQ)
GMM,Global Mofy AI Limited  - Class A Ordinary Shares,US (NASDAQ)
GNLN,"Greenlane Holdings, Inc. - Class A Common Stock",US (NASDAQ)
GNLX,Genelux Corporation - Common Stock,US (NASDAQ)
GNPX,"Genprex, Inc. - Common Stock",US (NASDAQ)
GNSS,Genasys Inc. - Common Stock,US (NASDAQ)
GNTX,Gentex Corporation - Common Stock,US (NASDAQ)
GO,Grocery Outlet Holding Corp. - Common Stock,US (NASDAQ)
GOAI,Eva Live Inc. - Common Stock,US (NASDAQ)
GOGO,Gogo Inc. - Common Stock,US (NASDAQ)
GOOD,Gladstone Commercial Corporation - Real Estate Investment Trust,US (NASDAQ)
GOOG,Alphabet Inc. - Class C Capital Stock,US (NASDAQ)
GOOGL,Alphabet Inc. - Class A Common Stock,US (NASDAQ)
GOSS,"Gossamer Bio, Inc. - Common Stock",US (NASDAQ)
GOVX,"GeoVax Labs, Inc. - Common Stock",US (NASDAQ)
GP,GreenPower Motor Company Inc. - Common Shares,US (NASDAQ)
GPRE,"Green Plains, Inc. - Common Stock",US (NASDAQ)
GPRO,"GoPro, Inc. - Class A Common Stock",US (NASDAQ)
GRAB,Grab Holdings Limited - Class A Ordinary Shares,US (NASDAQ)
GRAL,"GRAIL, Inc. - Common Stock",US (NASDAQ)
GRAN,Grande Group Limited - Class A Ordinary Shares,US (NASDAQ)
GRCE,"Grace Therapeutics, Inc. - Common Stock",US (NASDAQ)
GRDX,GridAI Technologies Corp.  - Common Stock,US (NASDAQ)
GRI,"GRI Bio, Inc. - Common Stock",US (NASDAQ)
GRML,Greenland Mines Ltd - Common Stock,US (NASDAQ)
GRNQ,Greenpro Capital Corp. - Common Stock,US (NASDAQ)
GROW,"U.S. Global Investors, Inc. - Class A Common Stock",US (NASDAQ)
GRPN,"Groupon, Inc. - Common Stock",US (NASDAQ)
GRRR,Gorilla Technology Group Inc. - Ordinary shares,US (NASDAQ)
GRSD,Grandstand Limited - Ordinary Shares,US (NASDAQ)
GRWG,GrowGeneration Corp. - Common Stock,US (NASDAQ)
GSAT,"Globalstar, Inc. - Common Stock",US (NASDAQ)
GSBC,"Great Southern Bancorp, Inc. - Common Stock",US (NASDAQ)
GSHD,"Goosehead Insurance, Inc. - Class A Common Stock",US (NASDAQ)
GSIT,"GSI Technology, Inc. - Common Stock",US (NASDAQ)
GSIW,Garden Stage Limited - Class A Ordinary Shares,US (NASDAQ)
GSM,Ferroglobe PLC - Ordinary Shares,US (NASDAQ)
GSUN,Golden Sun Technology Group Limited - Class A Ordinary Shares,US (NASDAQ)
GT,The Goodyear Tire & Rubber Company - Common Stock,US (NASDAQ)
GTBP,"GT Biopharma, Inc. - Common Stock",US (NASDAQ)
GTEC,Greenland Technologies Holding Corporation - Class A Ordinary Shares,US (NASDAQ)
GTEN,"Gores Holdings X, Inc. - Class A ordinary shares",US (NASDAQ)
GTIM,Good Times Restaurants Inc. - Common Stock,US (NASDAQ)
GTLB,GitLab Inc. - Class A Common Stock,US (NASDAQ)
GTM,ZoomInfo Technologies Inc. - Common Stock,US (NASDAQ)
GTX,Garrett Motion Inc. - Common Stock,US (NASDAQ)
GURE,"Gulf Resources, Inc. - Common Stock",US (NASDAQ)
GUTS,"Fractyl Health, Inc. - Common Stock",US (NASDAQ)
GVH,Globavend Holdings Limited - Ord Shares,US (NASDAQ)
GWAV,"Greenwave Technology Solutions, Inc. - Common Stock",US (NASDAQ)
GWRS,"Global Water Resources, Inc. - common stock",US (NASDAQ)
GXAI,Gaxos.ai Inc. - Common Stock,US (NASDAQ)
GYGY,"Game Your Game, Inc. - Common Stock",US (NASDAQ)
GYRE,"Gyre Therapeutics, Inc. - Common Stock",US (NASDAQ)
GYRO,"Gyrodyne , LLC - Common Stock",US (NASDAQ)
HAFC,Hanmi Financial Corporation - Common Stock,US (NASDAQ)
HAIN,"The Hain Celestial Group, Inc. - Common Stock",US (NASDAQ)
HALO,"Halozyme Therapeutics, Inc. - Common Stock",US (NASDAQ)
HAO,Haoxi Health Technology Limited - Class A Ord Share,US (NASDAQ)
HAPN,"Happen, Inc. - Common Stock",US (NASDAQ)
HAS,"Hasbro, Inc. - Common Stock",US (NASDAQ)
HBAN,Huntington Bancshares Incorporated - Common Stock,US (NASDAQ)
HBCP,"Home Bancorp, Inc. - Common Stock",US (NASDAQ)
HBIO,"Harvard Bioscience, Inc. - Common Stock",US (NASDAQ)
HBNB,Hotel101 Global Holdings Corp. - Class A Ordinary Shares,US (NASDAQ)
HBNC,"Horizon Bancorp, Inc. - Common Stock",US (NASDAQ)
HBT,"HBT Financial, Inc. - Common Stock",US (NASDAQ)
HCAI,"Huachen AI Parking Management Technology Holding Co., Ltd. - Class A Ordinary Shares",US (NASDAQ)
HCAT,"Health Catalyst, Inc - Common stock",US (NASDAQ)
HCHL,Happy City Holdings Limited - Class A Ordinary shares,US (NASDAQ)
HCIC,Hennessy Capital Investment Corp. VIII - Class A Ordinary Shares,US (NASDAQ)
HCKT,"The Hackett Group, Inc. - Common Stock",US (NASDAQ)
HCSG,"Healthcare Services Group, Inc. - Common Stock",US (NASDAQ)
HCTI,"Healthcare Triangle, Inc. - Common Stock",US (NASDAQ)
HCWB,HCW Biologics Inc. - Common Stock,US (NASDAQ)
HDRN,"Hadron Energy, Inc. - Common Stock",US (NASDAQ)
HDSN,"Hudson Technologies, Inc. - Common Stock",US (NASDAQ)
HELE,Helen of Troy Limited - Common Stock,US (NASDAQ)
HELP,Cybin Inc. - Common Stock,US (NASDAQ)
HERZ,"Herzfeld Credit Income Fund, Inc.  - Closed End Fund",US (NASDAQ)
HFBL,"Home Federal Bancorp, Inc. of Louisiana - Common Stock",US (NASDAQ)
HFFG,HF Foods Group Inc. - Common Stock,US (NASDAQ)
HFWA,Heritage Financial Corporation - Common Stock,US (NASDAQ)
HGBL,Heritage Global Inc. - Common Stock,US (NASDAQ)
HHS,"Harte Hanks, Inc. - Common Stock",US (NASDAQ)
HIFS,Hingham Institution for Savings - Common Stock,US (NASDAQ)
HIHO,Highway Holdings Limited - Common Stock,US (NASDAQ)
HIND,"Vyome Holdings, Inc. - Common Stock",US (NASDAQ)
HIT,"Health In Tech, Inc. - Class A Common Stock",US (NASDAQ)
HITI,High Tide Inc. - Common Shares,US (NASDAQ)
HIVE,HIVE Digital Technologies Ltd - Common Shares,US (NASDAQ)
HKIT,Hitek Global Inc. - Class A Ordinary Share,US (NASDAQ)
HKPD,"Cellyan Biotechnology Co., Ltd  - Class A Ordinary Shares",US (NASDAQ)
HLIT,Harmonic Inc. - Common Stock,US (NASDAQ)
HLMN,Hillman Solutions Corp. - Common Stock,US (NASDAQ)
HLNE,Hamilton Lane Incorporated - Class A Common Stock,US (NASDAQ)
HLP,Hongli Group Inc. - Class A Ordinary Shares,US (NASDAQ)
HMH,HMH Holding Inc. - Common Stock,US (NASDAQ)
HMR,Heidmar Maritime Holdings Corp. - Common Stock,US (NASDAQ)
HNNA,"Hennessy Advisors, Inc. - Common Stock",US (NASDAQ)
HNRG,Hallador Energy Company - Common Stock,US (NASDAQ)
HNST,"The Honest Company, Inc. - Common Stock",US (NASDAQ)
HNVR,"Hanover Bancorp, Inc. - Common Stock",US (NASDAQ)
HODO,House of Doge Inc. - Common Stock,US (NASDAQ)
HOFT,Hooker Furnishings Corporation - Common Stock,US (NASDAQ)
HOLO,MicroCloud Hologram Inc. - Ordinary Shares,US (NASDAQ)
HON,Honeywell International Inc. - Common Stock,US (NASDAQ)
HONA,Honeywell Aerospace Inc. - Common Stock,US (NASDAQ)
HOOD,"Robinhood Markets, Inc. - Class A Common Stock",US (NASDAQ)
HOPE,"Hope Bancorp, Inc. - Common Stock",US (NASDAQ)
HOUR,"Hour Loop, Inc. - common stock",US (NASDAQ)
HOVR,New Horizon Aircraft Ltd. - Class A Ordinary Shares,US (NASDAQ)
HOWL,"Werewolf Therapeutics, Inc. - Common Stock",US (NASDAQ)
HPAI,Helport AI Limited - Ordinary Shares,US (NASDAQ)
HPK,"HighPeak Energy, Inc. - Common Stock",US (NASDAQ)
HQ,Horizon Quantum Holdings Ltd. - Class A Ordinary Shares,US (NASDAQ)
HQI,"HireQuest, Inc. - Common Stock",US (NASDAQ)
HQY,"HealthEquity, Inc. - Common Stock",US (NASDAQ)
HRMY,"Harmony Biosciences Holdings, Inc. - Common Stock",US (NASDAQ)
HROW,"Harrow, Inc. - Common Stock",US (NASDAQ)
HRTX,"Heron Therapeutics, Inc.   - Common Stock",US (NASDAQ)
HRZN,Horizon Technology Finance Corporation - Common Stock,US (NASDAQ)
HSCS,HeartSciences Inc. - Common Stock,US (NASDAQ)
HSDT,Solana Company - Class A Common Stock,US (NASDAQ)
HSIC,"Henry Schein, Inc. - Common Stock",US (NASDAQ)
HST,"Host Hotels & Resorts, Inc. - Common Stock",US (NASDAQ)
HSTM,"HealthStream, Inc. - Common Stock",US (NASDAQ)
HTCO,High-Trend International Group - Class A Ordinary Shares,US (NASDAQ)
HTCR,"Heartcore Enterprises, Inc. - Common Stock",US (NASDAQ)
HTFL,"Heartflow, Inc. - Common Stock",US (NASDAQ)
HTLD,"Heartland Express, Inc. - Common Stock",US (NASDAQ)
HTLM,HomesToLife Ltd - Ordinary Shares,US (NASDAQ)
HTO,H2O America  - Common Stock,US (NASDAQ)
HTOO,Fusion Fuel Green PLC - Ordinary Shares,US (NASDAQ)
HTZ,"Hertz Global Holdings, Inc - Common Stock",US (NASDAQ)
HUBC,Hub Cyber Security Ltd. - Ordinary Shares,US (NASDAQ)
HUBG,"Hub Group, Inc. - Class A Common Stock",US (NASDAQ)
HUDI,"Huadi International Group Co., Ltd. - Ordinary Shares",US (NASDAQ)
HUHU,HUHUTECH International Group Inc. - Ordinary Shares,US (NASDAQ)
HUMA,"Humacyte, Inc. - Common Stock",US (NASDAQ)
HURA,"TuHURA Biosciences, Inc. - Common Stock",US (NASDAQ)
HURC,"Hurco Companies, Inc. - Common Stock",US (NASDAQ)
HURN,Huron Consulting Group Inc. - Common Stock,US (NASDAQ)
HUT,Hut 8 Corp. - Common Stock,US (NASDAQ)
HVII,Hennessy Capital Investment Corp. VII - Ordinary Shares,US (NASDAQ)
HVMC,Highview Merger Corp. - Class A Ordinary Share,US (NASDAQ)
HWBK,"Hawthorn Bancshares, Inc. - Common Stock",US (NASDAQ)
HWC,Hancock Whitney Corporation - Common Stock,US (NASDAQ)
HWH,HWH International Inc. - Common Stock,US (NASDAQ)
HWKN,"Hawkins, Inc. - Common Stock",US (NASDAQ)
HXHX,Haoxin Holdings Limited - Class A Ordinary Shares,US (NASDAQ)
HYFM,"Hydrofarm Holdings Group, Inc. - Common Stock",US (NASDAQ)
HYFT,MindWalk Holdings Corp. - Common Stock,US (NASDAQ)
HYMC,Hycroft Mining Holding Corporation - Class A Common Stock,US (NASDAQ)
HYNE,"Hoyne Bancorp, Inc. - Common Stock",US (NASDAQ)
HYPD,"Hyperion DeFi, Inc. - Common Stock",US (NASDAQ)
HYPR,"Hyperfine, Inc.  - Class A Common Stock",US (NASDAQ)
IART,Integra LifeSciences Holdings Corporation - Common Stock,US (NASDAQ)
IBCP,Independent Bank Corporation - Common Stock,US (NASDAQ)
IBEX,IBEX Limited - Common Share,US (NASDAQ)
IBG,Innovation Beverage Group Limited - Ordinary Shares,US (NASDAQ)
IBIO,"iBio, Inc. - Common Stock",US (NASDAQ)
IBKR,"Interactive Brokers Group, Inc. - Class A Common Stock",US (NASDAQ)
IBOC,International Bancshares Corporation - Common Stock,US (NASDAQ)
IBRX,"ImmunityBio, Inc. - Common Stock",US (NASDAQ)
ICCC,ImmuCell Corporation - Common Stock,US (NASDAQ)
ICCM,IceCure Medical Ltd. - Ordinary Shares,US (NASDAQ)
ICFI,"ICF International, Inc. - Common Stock",US (NASDAQ)
ICHR,Ichor Holdings - Ordinary Shares,US (NASDAQ)
ICLR,ICON plc - Ordinary Shares,US (NASDAQ)
ICMB,"Investcorp Credit Management BDC, Inc. - Common Stock",US (NASDAQ)
ICON,Icon Energy Corp. - Common stock,US (NASDAQ)
ICU,SeaStar Medical Holding Corporation - Common Stock,US (NASDAQ)
ICUI,"ICU Medical, Inc. - Common Stock",US (NASDAQ)
IDAC,Iron Dome Acquisition I Corp. - Class A Ordinary Shares,US (NASDAQ)
IDAI,T Stamp Inc. - Class A Common Stock,US (NASDAQ)
IDCC,"InterDigital, Inc. - Common Stock",US (NASDAQ)
IDN,"Intellicheck, Inc. - Common Stock",US (NASDAQ)
IDXX,"IDEXX Laboratories, Inc. - Common Stock",US (NASDAQ)
IDYA,"IDEAYA Biosciences, Inc. - Common Stock",US (NASDAQ)
IESC,"IES Holdings, Inc. - Common Stock",US (NASDAQ)
IFBD,"Infobird Co., Ltd - Ordinary Shares",US (NASDAQ)
IFRX,InflaRx N.V. - Common Stock,US (NASDAQ)
IGIC,International General Insurance Holdings Ltd. - Ordinary Shares,US (NASDAQ)
IHRT,"iHeartMedia, Inc. - Class A Common Stock",US (NASDAQ)
III,"Information Services Group, Inc. - Common Stock",US (NASDAQ)
IIIV,"i3 Verticals, Inc. - Common Stock",US (NASDAQ)
IKT,"Inhibikase Therapeutics, Inc. - Common Stock",US (NASDAQ)
ILAG,Intelligent Living Application Group Inc. - Ordinary Shares,US (NASDAQ)
ILLR,Triller Group Inc. - Common Stock,US (NASDAQ)
ILMN,"Illumina, Inc. - Common Stock",US (NASDAQ)
ILPT,Industrial Logistics Properties Trust - Common Shares of Beneficial Interest,US (NASDAQ)
IMA,"ImageneBio, Inc. - Common Stock",US (NASDAQ)
IMCC,IM Cannabis Corp. - Common Shares,US (NASDAQ)
IMDX,Insight Molecular Diagnostics Inc. - Common Stock,US (NASDAQ)
IMKTA,"Ingles Markets, Incorporated - Class A Common Stock",US (NASDAQ)
IMMR,Immersion Corporation - Common Stock,US (NASDAQ)
IMMX,"Immix Biopharma, Inc. - Common Stock",US (NASDAQ)
IMNM,"Immunome, Inc. - Common Stock",US (NASDAQ)
IMNN,"Imunon, Inc. - Common Stock",US (NASDAQ)
IMPP,Imperial Petroleum Inc. - Common Shares,US (NASDAQ)
IMRX,Immuneering Corporation - Class A Common Stock,US (NASDAQ)
IMSR,Terrestrial Energy Inc. - Common Stock,US (NASDAQ)
IMTE,Integrated Media Technology Limited - Ordinary Shares,US (NASDAQ)
IMTX,Immatics N.V. - Ordinary Shares,US (NASDAQ)
IMUX,"Immunic, Inc.  - Common Stock",US (NASDAQ)
IMVT,"Immunovant, Inc.  - Common Stock",US (NASDAQ)
IMXI,"International Money Express, Inc. - Common Stock",US (NASDAQ)
INAB,"IN8bio, Inc. - Common Stock",US (NASDAQ)
INBK,First Internet Bancorp - Common Stock,US (NASDAQ)
INBS,Intelligent Bio Solutions Inc.  - Common Stock,US (NASDAQ)
INBX,"Inhibrx Biosciences, Inc. - Common Stock",US (NASDAQ)
INCR,Intercure Ltd. - ordinary shares,US (NASDAQ)
INCY,Incyte Corporation - Common Stock,US (NASDAQ)
INDB,Independent Bank Corp. - Common Stock,US (NASDAQ)
INDI,"indie Semiconductor, Inc. - Class A Common Stock",US (NASDAQ)
INDP,"Indaptus Therapeutics, Inc. - Common Stock",US (NASDAQ)
INDV,"Indivior Pharmaceuticals, Inc.  - Common Stock",US (NASDAQ)
INEO,INNEOVA Holdings Limited - Class A Ordinary Shares,US (NASDAQ)
INGN,"Inogen, Inc - Common Stock",US (NASDAQ)
INHD,Inno Holdings Inc. - Common Stock,US (NASDAQ)
INIO,INNIO N.V. - Ordinary Shares,US (NASDAQ)
INKT,"MiNK Therapeutics, Inc. - Common Stock",US (NASDAQ)
INLF,INLIF LIMITED - Class A Ordinary shares,US (NASDAQ)
INM,InMed Pharmaceuticals Inc. - Common Shares,US (NASDAQ)
INMB,INmune Bio Inc. - Common stock,US (NASDAQ)
INMD,InMode Ltd.  - Ordinary Shares,US (NASDAQ)
INNV,InnovAge Holding Corp. - Common Stock,US (NASDAQ)
INO,"Inovio Pharmaceuticals, Inc. - Common Stock",US (NASDAQ)
INOD,Innodata Inc. - Common Stock,US (NASDAQ)
INSE,"Inspired Entertainment, Inc. - Common Stock",US (NASDAQ)
INSG,Inseego Corp. - Common Stock,US (NASDAQ)
INSM,Insmed Incorporated - Common Stock,US (NASDAQ)
INTA,"Intapp, Inc. - Common Stock",US (NASDAQ)
INTC,Intel Corporation - Common Stock,US (NASDAQ)
INTG,The Intergroup Corporation - Common Stock,US (NASDAQ)
INTJ,Intelligent Group Limited - Class A Ordinary Shares,US (NASDAQ)
INTR,Inter & Co. Inc. - Class A Common Shares,US (NASDAQ)
INTS,"Intensity Therapeutics, Inc. - Common Stock",US (NASDAQ)
INTU,Intuit Inc. - Common Stock,US (NASDAQ)
INTZ,Intrusion Inc. - Common Stock,US (NASDAQ)
INV,"Innventure, Inc. - Common Stock",US (NASDAQ)
INVA,"Innoviva, Inc. - Common Stock",US (NASDAQ)
INVE,"Identiv, Inc. - Common Stock",US (NASDAQ)
INVZ,Innoviz Technologies Ltd. - Ordinary shares,US (NASDAQ)
IOND,Ionic Digital Inc. - Class A Common Stock,US (NASDAQ)
IONS,"Ionis Pharmaceuticals, Inc. - Common Stock",US (NASDAQ)
IOSP,Innospec Inc. - Common Stock,US (NASDAQ)
IOTR,iOThree Limited - Ordinary Shares,US (NASDAQ)
IOVA,"Iovance Biotherapeutics, Inc. - Common Stock",US (NASDAQ)
IPAR,"Interparfums, Inc. - Common Stock",US (NASDAQ)
IPDN,"Professional Diversity Network, Inc. - Common Stock",US (NASDAQ)
IPGP,IPG Photonics Corporation - Common Stock,US (NASDAQ)
IPM,Intelligent Protection Management Corp.  - Common Stock,US (NASDAQ)
IPSC,"Century Therapeutics, Inc. - Common Stock",US (NASDAQ)
IPST,"IP Strategy Holdings, Inc. - Common Stock",US (NASDAQ)
IPVV,"InterPrivate Investment Partners V, Inc. - Class A Ordinary Shares",US (NASDAQ)
IPW,iPower Inc. - Common Stock,US (NASDAQ)
IPWR,Ideal Power Inc. - Common Stock,US (NASDAQ)
IQST,iQSTEL Inc. - Common Stock,US (NASDAQ)
IRD,"Opus Genetics, Inc. - Common Stock",US (NASDAQ)
IRDM,Iridium Communications Inc - Common Stock,US (NASDAQ)
IREN,IREN Limited - Ordinary Shares,US (NASDAQ)
IRHO,Iron Horse Acquisitions II Corp. - Common Stock,US (NASDAQ)
IRIX,IRIDEX Corporation - Common Stock,US (NASDAQ)
IRMD,iRadimed Corporation - Common Stock,US (NASDAQ)
IRON,"Disc Medicine, Inc. - Common Stock",US (NASDAQ)
IRTC,"iRhythm Holdings, Inc.  - Common Stock",US (NASDAQ)
IRWD,"Ironwood Pharmaceuticals, Inc. - Class A Common Stock",US (NASDAQ)
ISBA,Isabella Bank Corporation - Common stock,US (NASDAQ)
ISPC,iSpecimen Inc. - Common Stock,US (NASDAQ)
ISPR,Ispire Technology Inc. - Common Stock,US (NASDAQ)
ISRG,"Intuitive Surgical, Inc. - Common Stock",US (NASDAQ)
ISSC,"Innovative Solutions and Support, Inc. - Common Stock",US (NASDAQ)
ISTR,Investar Holding Corporation - Common Stock,US (NASDAQ)
ITG,"ITG, Inc. - Class A Common Stock",US (NASDAQ)
ITIC,Investors Title Company - Common Stock,US (NASDAQ)
ITOC,iTonic Holdings Ltd - Class A Ordinary Shares,US (NASDAQ)
ITRI,"Itron, Inc. - Common Stock",US (NASDAQ)
ITRN,Ituran Location and Control Ltd. - Ordinary Shares,US (NASDAQ)
IVA,Inventiva S.A. - American Depository Shares,US (NASDAQ)
IVDA,"Iveda Solutions, Inc. - Common Stock",US (NASDAQ)
IVF,"INVO Fertility, Inc. - Common Stock",US (NASDAQ)
IVVD,"Invivyd, Inc. - Common Stock",US (NASDAQ)
IXHL,Incannex Healthcare Inc. - Common Stock,US (NASDAQ)
IZEA,"IZEA Worldwide, Inc. - Common Stock",US (NASDAQ)
IZM,ICZOOM Group Inc. - Class A Ordinary Shares,US (NASDAQ)
JACK,Jack In The Box Inc. - Common Stock,US (NASDAQ)
JAGX,"Jaguar Health, Inc. - Common Stock",US (NASDAQ)
JAKK,"JAKKS Pacific, Inc. - Common Stock",US (NASDAQ)
JANX,"Janux Therapeutics, Inc. - Common Stock",US (NASDAQ)
JAZZ,Jazz Pharmaceuticals plc - Ordinary Shares,US (NASDAQ)
JBDI,JBDI Holdings Limited - Ordinary Shares,US (NASDAQ)
JBHT,"J.B. Hunt Transport Services, Inc. - Common Stock",US (NASDAQ)
JBIO,"Jade Biosciences, Inc. - Common Stock",US (NASDAQ)
JBLU,JetBlue Airways Corporation - Common Stock,US (NASDAQ)
JBSS,"John B. Sanfilippo & Son, Inc. - Common Stock",US (NASDAQ)
JCAP,"Jefferson Capital, Inc. - Common Stock",US (NASDAQ)
JCSE,JE Cleantech Holdings Limited - Ordinary Shares,US (NASDAQ)
JCTC,Jewett-Cameron Trading Company - Common Shares,US (NASDAQ)
JDZG,JIADE LIMITED - Class A Ordinary Shares,US (NASDAQ)
JEM,707 Cayman Holdings Limited - Ordinary Shares,US (NASDAQ)
JFB,JFB Construction Holdings - Class A Common Stock,US (NASDAQ)
JJSF,J & J Snack Foods Corp. - Common Stock,US (NASDAQ)
JKHY,"Jack Henry & Associates, Inc. - Common Stock",US (NASDAQ)
JL,J-Long Group Limited - Class A Ordinary Shares,US (NASDAQ)
JLHL,Julong Holding Limited - Class A Ordinary Shares,US (NASDAQ)
JMSB,"John Marshall Bancorp, Inc. - Common Stock",US (NASDAQ)
JOUT,Johnson Outdoors Inc. - Class A Common Stock,US (NASDAQ)
JRSH,"Jerash Holdings (US), Inc. - Common Stock",US (NASDAQ)
JRVR,"James River Group Holdings, Inc. - Common Stock",US (NASDAQ)
JSPR,"Jasper Therapeutics, Inc. - Class A Common Stock",US (NASDAQ)
JTAI,Jet.AI Inc. - Common Stock,US (NASDAQ)
JUNS,"Jupiter Neurosciences, Inc. - Common Stock",US (NASDAQ)
JVA,"Coffee Holding Co., Inc. - Common Stock",US (NASDAQ)
JWEL,Jowell Global Ltd. - Ordinary Shares,US (NASDAQ)
JXG,JX Luxventure Group Inc. - Common Stock,US (NASDAQ)
JYD,Jayud Global Logistics Limited - Class A Ordinary Shares,US (NASDAQ)
JYNT,The Joint Corp. - Common Stock,US (NASDAQ)
JZXN,"Jiuzi Holdings, Inc. - Ordinary Shares",US (NASDAQ)
KALA,"KALA BIO, Inc. - Common Stock",US (NASDAQ)
KALU,Kaiser Aluminum Corporation - Common Stock,US (NASDAQ)
KARD,"Kardigan, Inc. - Common Stock",US (NASDAQ)
KARO,Karooooo Ltd. - Ordinary shares,US (NASDAQ)
KAZR,Skyline Builders Group Holding Limited - Class A Ordinary Shares,US (NASDAQ)
KBON,Karbon Capital Partners Corp. - Class A Ordinary Shares,US (NASDAQ)
KBSX,FST Corp. - Ordinary Shares,US (NASDAQ)
KDK,"Kodiak AI, Inc. - Common Stock",US (NASDAQ)
KDP,Keurig Dr Pepper Inc. - Common Stock,US (NASDAQ)
KE,"Kimball Electronics, Inc. - Common Stock",US (NASDAQ)
KEEL,Keel Infrastructure Corp. - Common Stock,US (NASDAQ)
KELYA,"Kelly Services, Inc. - Class A Common Stock",US (NASDAQ)
KELYB,"Kelly Services, Inc. - Class B Common Stock",US (NASDAQ)
KEQU,Kewaunee Scientific Corporation - Common Stock,US (NASDAQ)
KFFB,Kentucky First Federal Bancorp - Common Stock,US (NASDAQ)
KG,"Kestrel Group, Ltd. - Common Stock",US (NASDAQ)
KGEI,Kolibri Global Energy Inc. - Common stock,US (NASDAQ)
KHC,The Kraft Heinz Company - Common Stock,US (NASDAQ)
KIDS,OrthoPediatrics Corp. - Common Stock,US (NASDAQ)
KIDZ,KIDZ AI Inc. - Class B Common Stock,US (NASDAQ)
KINS,"Kingstone Companies, Inc - Common Stock",US (NASDAQ)
KITT,"Nauticus Robotics, Inc. - Common stock",US (NASDAQ)
KLAC,KLA Corporation  - Common Stock,US (NASDAQ)
KLIC,"Kulicke and Soffa Industries, Inc. - Common Stock",US (NASDAQ)
KLRA,"Kailera Therapeutics, Inc. - Common stock",US (NASDAQ)
KLRS,"Kalaris Therapeutics, Inc.  - Common Stock",US (NASDAQ)
KLTR,"Kaltura, Inc. - Common Stock",US (NASDAQ)
KLXE,"KLX Energy Services Holdings, Inc.  - Common Stock",US (NASDAQ)
KMB,Kimberly-Clark Corporation - Common Stock,US (NASDAQ)
KMDA,Kamada Ltd. - Ordinary Shares,US (NASDAQ)
KMRK,K-Tech Solutions Company Limited - Class A Ordinary Shares,US (NASDAQ)
KMTS,"Kestra Medical Technologies, Ltd. - Common Stock",US (NASDAQ)
KNDI,"Kandi Technologies Group, Inc. - Ordinary Shares",US (NASDAQ)
KNSA,"Kiniksa Pharmaceuticals International, plc - Class A Ordinary Shares",US (NASDAQ)
KOD,Kodiak Sciences Inc - Common Stock,US (NASDAQ)
KOPN,Kopin Corporation - Common Stock,US (NASDAQ)
KOSS,Koss Corporation - Common Stock,US (NASDAQ)
KPLT,"Katapult Holdings, Inc. - Common Stock",US (NASDAQ)
KPRX,"Kiora Pharmaceuticals, Inc.  - Common Stock",US (NASDAQ)
KPTI,Karyopharm Therapeutics Inc. - Common Stock,US (NASDAQ)
KRMD,"KORU Medical Systems, Inc. - Common Stock",US (NASDAQ)
KRNT,Kornit Digital Ltd. - Ordinary Shares,US (NASDAQ)
KRNY,Kearny Financial - Common Stock,US (NASDAQ)
KROS,"Keros Therapeutics, Inc. - common stock",US (NASDAQ)
KRRO,"Korro Bio, Inc. - Common Stock",US (NASDAQ)
KRT,Karat Packaging Inc. - Common Stock,US (NASDAQ)
KRUS,"Kura Sushi USA, Inc. - Class A Common Stock",US (NASDAQ)
KRYS,"Krystal Biotech, Inc. - Common Stock",US (NASDAQ)
KSCP,"Knightscope, Inc. - Class A Common Stock",US (NASDAQ)
KSPI,Joint Stock Company Kaspi.kz - American Depository Shares,US (NASDAQ)
KTCC,Key Tronic Corporation - Common Stock,US (NASDAQ)
KTOS,"Kratos Defense & Security Solutions, Inc. - Common Stock",US (NASDAQ)
KTTA,Pasithea Therapeutics Corp. - Common Stock,US (NASDAQ)
KURA,"Kura Oncology, Inc. - Common Stock",US (NASDAQ)
KUST,"Kustom Entertainment, Inc. - Common Stock",US (NASDAQ)
KVHI,"KVH Industries, Inc. - Common Stock",US (NASDAQ)
KWM,"K Wave Media, Ltd. - Ordinary Shares",US (NASDAQ)
KXIN,Kaixin Holdings - Ordinary Shares,US (NASDAQ)
KYIV,Kyivstar Group Ltd. - Common Shares,US (NASDAQ)
KYMR,"Kymera Therapeutics, Inc. - Common Stock",US (NASDAQ)
KYNB,"Kyntra Bio, Inc. - Common Stock",US (NASDAQ)
KYTX,"Kyverna Therapeutics, Inc. - Common Stock",US (NASDAQ)
LAB,Standard BioTools Inc. - Common Stock,US (NASDAQ)
LABT,Lakewood-Amedex Biotherapeutics Inc. - Common Stock,US (NASDAQ)
LAES,SEALSQ Corp - Ordinary Shares,US (NASDAQ)
LAKE,"Lakeland Industries, Inc. - Common Stock",US (NASDAQ)
LAMR,Lamar Advertising Company - Class A Common Stock,US (NASDAQ)
LAND,Gladstone Land Corporation - Common Stock,US (NASDAQ)
LARK,Landmark Bancorp Inc. - Common Stock,US (NASDAQ)
LASE,Laser Photonics Corporation - Common Stock,US (NASDAQ)
LASR,"nLIGHT, Inc. - Common Stock",US (NASDAQ)
LAUR,"Laureate Education, Inc. - Common Stock",US (NASDAQ)
LAWR,"Robot Consulting Co., Ltd. - ADS",US (NASDAQ)
LBGJ,Li Bang International Corporation Inc. - Class A Ordinary Shares,US (NASDAQ)
LBRDA,Liberty Broadband Corporation - Class A Common Stock,US (NASDAQ)
LBRDK,Liberty Broadband Corporation - Class C Common Stock,US (NASDAQ)
LBRX,LB Pharmaceuticals Inc - Common Stock,US (NASDAQ)
LBTYA,Liberty Global Ltd. - Class A Common Shares,US (NASDAQ)
LBTYB,Liberty Global Ltd. - Class B Common Shares,US (NASDAQ)
LBTYK,Liberty Global Ltd. - Class C Common Shares,US (NASDAQ)
LCCC,Lakeshore Acquisition III Corp. - Ordinary Shares,US (NASDAQ)
LCFY,Locafy Limited - Ordinary Share,US (NASDAQ)
LCID,"Lucid Group, Inc. - Common Stock",US (NASDAQ)
LCNB,LCNB Corporation - Common Stock,US (NASDAQ)
LCUT,"Lifetime Brands, Inc. - Common Stock",US (NASDAQ)
LE,"Lands' End, Inc. - Common Stock",US (NASDAQ)
LECO,"Lincoln Electric Holdings, Inc. - Common Shares",US (NASDAQ)
LEDS,SemiLEDS Corporation - Common Stock,US (NASDAQ)
LEE,"Lee Enterprises, Incorporated - Common Stock",US (NASDAQ)
LEGH,Legacy Housing Corporation - Common Stock,US (NASDAQ)
LENZ,"LENZ Therapeutics, Inc. - Common Stock",US (NASDAQ)
LESL,"Leslie's, Inc. - Common Stock",US (NASDAQ)
LEXX,Lexaria Bioscience Corp. - Common Stock,US (NASDAQ)
LFCR,"Lifecore Biomedical, Inc. - Common Stock",US (NASDAQ)
LFMD,"LifeMD, Inc. - Common Stock",US (NASDAQ)
LFST,"LifeStance Health Group, Inc. - Common Stock",US (NASDAQ)
LFTO,"Liftoff Mobile, Inc. - Common Stock",US (NASDAQ)
LFUS,"Littelfuse, Inc. - Common Stock",US (NASDAQ)
LFVN,Lifevantage Corporation - Common Stock,US (NASDAQ)
LFWD,Lifeward Ltd. - Ordinary Shares,US (NASDAQ)
LGCL,Lucas GC Limited - Class A Ordinary Shares,US (NASDAQ)
LGIH,"LGI Homes, Inc. - Common Stock",US (NASDAQ)
LGN,Legence Corp. - Class A Common stock,US (NASDAQ)
LGND,Ligand Pharmaceuticals Incorporated - Common Stock,US (NASDAQ)
LGO,Largo Inc. - Common Shares,US (NASDAQ)
LGVN,Longeveron Inc. - Class A Common stock,US (NASDAQ)
LHAI,Linkhome Holdings Inc. - Common stock,US (NASDAQ)
LHSW,Lianhe Sowell International Group Ltd - Class A Ordinary Shares,US (NASDAQ)
LICN,Lichen International Limited - Class A Ordinary Shares,US (NASDAQ)
LIDR,"AEye, Inc. - Class A Common Stock",US (NASDAQ)
LIEN,"Chicago Atlantic BDC, Inc. - Common Stock",US (NASDAQ)
LIF,"Life360, Inc. - Common Stock",US (NASDAQ)
LIFE,Ethos Technologies Inc. - Class A Common Stock,US (NASDAQ)
LILA,Liberty Latin America Ltd. - Class A Common Stock,US (NASDAQ)
LILAK,Liberty Latin America Ltd. - Class C Common Stock,US (NASDAQ)
LILAP,Liberty Latin America Ltd. - 9.0% Fixed Rate Cumulative Perpetual Redeemable Series A Preference Shares,US (NASDAQ)
LIME,"Neutron Holdings, Inc. - Common Stock",US (NASDAQ)
LIMN,"Liminatus Pharma, Inc. - Class A Common Stock",US (NASDAQ)
LIN,Linde plc - Ordinary Shares,US (NASDAQ)
LINC,Lincoln Educational Services Corporation - Common Stock,US (NASDAQ)
LIND,Lindblad Expeditions Holdings Inc.  - Common Stock,US (NASDAQ)
LINE,"Lineage, Inc. - Common Stock",US (NASDAQ)
LINK,"Interlink Electronics, Inc. - Common Stock",US (NASDAQ)
LIQT,"LiqTech International, Inc. - Common Stock",US (NASDAQ)
LITE,Lumentum Holdings Inc. - Common Stock,US (NASDAQ)
LITS,"Lite Strategy, Inc. - Common Stock",US (NASDAQ)
LIVE,Live Ventures Incorporated - Common Stock,US (NASDAQ)
LIVN,LivaNova PLC - Ordinary Shares,US (NASDAQ)
LKFN,Lakeland Financial Corporation - Common Stock,US (NASDAQ)
LKQ,LKQ Corporation - Common Stock,US (NASDAQ)
LLYVA,"Liberty Live Holdings, Inc. - Series A Liberty Live Group Common Stock",US (NASDAQ)
LLYVK,"Liberty Live Holdings, Inc. - Series C Liberty Live Group Common Stock",US (NASDAQ)
LMAT,"LeMaitre Vascular, Inc. - Common Stock",US (NASDAQ)
LMB,"Limbach Holdings, Inc. - Common Stock",US (NASDAQ)
LMNR,Limoneira Co - Common Stock,US (NASDAQ)
LMRI,"Lumexa Imaging Holdings, Inc. - Common Stock",US (NASDAQ)
LNAI,Lunai Bioworks Inc. - Common Stock,US (NASDAQ)
LNKS,Linkers Industries Limited - Class A Ordinary Shares,US (NASDAQ)
LNSR,"LENSAR, Inc. - Common Stock",US (NASDAQ)
LNT,Alliant Energy Corporation - Common Stock,US (NASDAQ)
LNTH,"Lantheus Holdings, Inc. - Common Stock",US (NASDAQ)
LNZA,"LanzaTech Global, Inc. - Common Stock",US (NASDAQ)
LOAN,"Manhattan Bridge Capital, Inc - Common Stock",US (NASDAQ)
LOBO,LOBO TECHNOLOGIES LTD. - Class A Ordinary Shares,US (NASDAQ)
LOCO,"El Pollo Loco Holdings, Inc. - Common Stock",US (NASDAQ)
LOGI,Logitech International S.A. - Registered Shares,US (NASDAQ)
LONA,"LeonaBio, Inc. - Common Stock",US (NASDAQ)
LOOP,"Loop Industries, Inc. - Common Stock",US (NASDAQ)
LOPE,"Grand Canyon Education, Inc. - Common Stock",US (NASDAQ)
LOVE,The Lovesac Company - Common Stock,US (NASDAQ)
LPCN,Lipocine Inc. - Common Stock,US (NASDAQ)
LPLA,LPL Financial Holdings Inc. - Common Stock,US (NASDAQ)
LPSN,"LivePerson, Inc. - Common Stock",US (NASDAQ)
LPTH,"LightPath Technologies, Inc. - Class A Common Stock",US (NASDAQ)
LQDA,Liquidia Corporation - Common Stock,US (NASDAQ)
LQDT,"Liquidity Services, Inc. - Common Stock",US (NASDAQ)
LRCX,Lam Research Corporation - Common Stock,US (NASDAQ)
LRHC,La Rosa Holdings Corp. - Common Stock,US (NASDAQ)
LRMR,"Larimar Therapeutics, Inc. - Common Stock",US (NASDAQ)
LSAK,"Lesaka Technologies, Inc. - Common Stock",US (NASDAQ)
LSBK,"Lake Shore Bancorp, Inc. - Common Stock",US (NASDAQ)
LSCC,Lattice Semiconductor Corporation - Common Stock,US (NASDAQ)
LSE,"Leishen Energy Holding Co., Ltd. - Class A Ordinary Shares",US (NASDAQ)
LSTA,"Lisata Therapeutics, Inc. - Common Stock",US (NASDAQ)
LSTR,"Landstar System, Inc. - Common Stock",US (NASDAQ)
LTBR,Lightbridge Corporation - Common Stock,US (NASDAQ)
LTGR,Long Table Growth Corp. - Class A Ordinary Shares,US (NASDAQ)
LTRN,Lantern Pharma Inc. - Common Stock,US (NASDAQ)
LTRX,"Lantronix, Inc. - Common Stock",US (NASDAQ)
LUCD,Lucid Diagnostics Inc. - Common Stock,US (NASDAQ)
LUCY,"Innovative Eyewear, Inc. - Common Stock",US (NASDAQ)
LULU,lululemon athletica inc. - Common Stock,US (NASDAQ)
LUNG,Pulmonx Corporation - Common Stock,US (NASDAQ)
LUNR,"Intuitive Machines, Inc. - Class A Common Stock",US (NASDAQ)
LVLU,"Lulu's Fashion Lounge Holdings, Inc. - Common Stock",US (NASDAQ)
LVO,"LiveOne, Inc. - Common Stock",US (NASDAQ)
LWAY,"Lifeway Foods, Inc. - Common Stock",US (NASDAQ)
LWLG,"Lightwave Logic, Inc. - Common Stock",US (NASDAQ)
LXEO,"Lexeo Therapeutics, Inc. - Common Stock",US (NASDAQ)
LXRX,"Lexicon Pharmaceuticals, Inc. - Common Stock",US (NASDAQ)
LYEL,"Lyell Immunopharma, Inc. - Common Stock",US (NASDAQ)
LYFT,"Lyft, Inc. - Class A Common Stock",US (NASDAQ)
LYTS,LSI Industries Inc. - Common Stock,US (NASDAQ)
LZ,"LegalZoom.com, Inc. - Common Stock",US (NASDAQ)
LZMH,LZ Technology Holdings Limited - Class B Ordinary Shares,US (NASDAQ)
MAAS,Maase Inc. - Class A Ordinary Shares,US (NASDAQ)
MAGH,Magnitude International Ltd - Ordinary Shares,US (NASDAQ)
MAKO,Mako Mining Corp - Common Stock,US (NASDAQ)
MAMA,"Mama's Creations, Inc. - Common Stock",US (NASDAQ)
MAMK,MaxsMaking Inc. - Class A Ordinary Shares,US (NASDAQ)
MAMO,Massimo Group - Common Stock,US (NASDAQ)
MANH,"Manhattan Associates, Inc. - Common Stock",US (NASDAQ)
MAR,Marriott International - Class A Common Stock,US (NASDAQ)
MARA,"MARA Holdings, Inc. - Common Stock",US (NASDAQ)
MASK,3 E Network Technology Group Ltd - Class A Ordinary Shares,US (NASDAQ)
MASS,908 Devices Inc. - Common Stock,US (NASDAQ)
MAT,"Mattel, Inc. - Common Stock",US (NASDAQ)
MATH,Metalpha Technology Holding Limited - Ordinary Shares,US (NASDAQ)
MATW,Matthews International Corporation - Class A Common Stock,US (NASDAQ)
MAYS,"J. W. Mays, Inc. - Common Stock",US (NASDAQ)
MAZE,"Maze Therapeutics, Inc. - Common Stock",US (NASDAQ)
MB,MasterBeef Group - Ordinary Shares,US (NASDAQ)
MBAI,Check-Cap Ltd. - Ordinary Share,US (NASDAQ)
MBBC,"Marathon Bancorp, Inc. - Common Stock",US (NASDAQ)
MBIN,Merchants Bancorp - Common Stock,US (NASDAQ)
MBIO,"Mustang Bio, Inc. - Common Stock",US (NASDAQ)
MBLY,Mobileye Global Inc. - Class A Common Stock,US (NASDAQ)
MBOT,Microbot Medical Inc.  - Common Stock,US (NASDAQ)
MBRX,"Moleculin Biotech, Inc. - Common Stock",US (NASDAQ)
MBUU,"Malibu Boats, Inc. - Common Stock",US (NASDAQ)
MBVI,M3-Brigade Acquisition VI Corp. - Class A Ordinary Shares,US (NASDAQ)
MBWM,Mercantile Bank Corporation - Common Stock,US (NASDAQ)
MBX,"MBX Biosciences, Inc. - Common Stock",US (NASDAQ)
MCAH,Mountain Crest Acquisition 6 Corp. - Ordinary Shares,US (NASDAQ)
MCBS,"MetroCity Bankshares, Inc. - Common Stock",US (NASDAQ)
MCFT,"MasterCraft Boat Holdings, Inc. - Common Stock",US (NASDAQ)
MCHB,Mechanics Bancorp - Class A Common Stock,US (NASDAQ)
MCHP,Microchip Technology Incorporated - Common Stock,US (NASDAQ)
MCHX,"Marchex, Inc. - Class B Common Stock",US (NASDAQ)
MCRB,"Seres Therapeutics, Inc. - Common Stock",US (NASDAQ)
MCRI,"Monarch Casino & Resort, Inc. - Common Stock",US (NASDAQ)
MCTA,Charming Medical Limited - Class A Ordinary Shares,US (NASDAQ)
MDAI,"Spectral AI, Inc. - Class A Common Stock",US (NASDAQ)
MDB,"MongoDB, Inc. - Class A Common Stock",US (NASDAQ)
MDBH,"MDB Capital Holdings, LLC - Class A common ",US (NASDAQ)
MDCX,Medicus Pharma Ltd. - Common Stock,US (NASDAQ)
MDGL,"Madrigal Pharmaceuticals, Inc. - Common Stock",US (NASDAQ)
MDIA,Mediaco Holding Inc. - Class A Common Stock,US (NASDAQ)
MDLN,Medline Inc. - Class A common stock,US (NASDAQ)
MDLZ,"Mondelez International, Inc. - Class A Common Stock",US (NASDAQ)
MDRR,"Medalist Diversified, Inc. - Common Stock",US (NASDAQ)
MDWD,MediWound Ltd. - Ordinary Shares,US (NASDAQ)
MDXG,"MiMedx Group, Inc - Common Stock",US (NASDAQ)
MDXH,MDxHealth SA - Ordinary Shares,US (NASDAQ)
MEDP,"Medpace Holdings, Inc. - Common Stock",US (NASDAQ)
MEDS,"DataMeds AI, Inc. - Common Stock",US (NASDAQ)
MEGL,Magic Empire Global Limited - Class A Ordinary Shares,US (NASDAQ)
MELI,"MercadoLibre, Inc. - Common Stock",US (NASDAQ)
MENS,Jyong Biotech Ltd. - Ordinary shares,US (NASDAQ)
MEOH,Methanex Corporation - Common Stock,US (NASDAQ)
MERC,Mercer International Inc. - Common Stock,US (NASDAQ)
META,"Meta Platforms, Inc. - Class A Common Stock",US (NASDAQ)
METC,"Ramaco Resources, Inc. - Class A Common Stock",US (NASDAQ)
METCB,"Ramaco Resources, Inc. - Class B Common Stock",US (NASDAQ)
MF,MindForge Inc. - Class A Ordinary Shares,US (NASDAQ)
MFI,mF International Limited - Class A Ordinary Shares,US (NASDAQ)
MFIC,MidCap Financial Investment Corporation - Closed End Fund,US (NASDAQ)
MFIN,Medallion Financial Corp. - Common Stock,US (NASDAQ)
MFP,"Midera Food Processing, Inc. - Common Stock",US (NASDAQ)
MGEE,MGE Energy Inc. - Common Stock,US (NASDAQ)
MGIH,Millennium Group International Holdings Limited - Ordinary Shares,US (NASDAQ)
MGN,Megan Holdings Limited - Class A Ordinary Shares,US (NASDAQ)
MGNI,"Magnite, Inc. - Common Stock",US (NASDAQ)
MGNX,"MacroGenics, Inc. - Common Stock",US (NASDAQ)
MGPI,"MGP Ingredients, Inc. - Common Stock",US (NASDAQ)
MGRC,McGrath RentCorp - Common Stock,US (NASDAQ)
MGRT,Mega Fortune Company Limited - Ordinary Shares,US (NASDAQ)
MGRX,"Mangoceuticals, Inc. - Common Stock",US (NASDAQ)
MGTX,MeiraGTx Holdings plc - Ordinary Shares,US (NASDAQ)
MGX,"Metagenomi Therapeutics, Inc. - Common Stock",US (NASDAQ)
MGYR,"Magyar Bancorp, Inc. - Common Stock",US (NASDAQ)
MIDD,The Middleby Corporation - Common Stock,US (NASDAQ)
MIMI,Mint Incorporation Limited - Class A Ordinary Shares,US (NASDAQ)
MIND,"MIND Technology, Inc. - Common Stock",US (NASDAQ)
MIRA,"MIRA Pharmaceuticals, Inc. - Common Stock",US (NASDAQ)
MIRM,"Mirum Pharmaceuticals, Inc. - common stock",US (NASDAQ)
MIST,Milestone Pharmaceuticals Inc. - Common Shares,US (NASDAQ)
MITK,"Mitek Systems, Inc. - Common Stock",US (NASDAQ)
MKDW,MKDWELL Tech Inc. - Ordinary Shares,US (NASDAQ)
MKSI,MKS Inc. - Common Stock,US (NASDAQ)
MKTW,"MarketWise, Inc. - Class A Common Stock",US (NASDAQ)
MKTX,"MarketAxess Holdings, Inc. - Common Stock",US (NASDAQ)
MKZR,"MacKenzie Realty Capital, Inc. - Common Stock",US (NASDAQ)
MLAB,"Mesa Laboratories, Inc. - Common Stock",US (NASDAQ)
MLCI,Mount Logan Capital Inc. - Common Stock,US (NASDAQ)
MLEC,Moolec Science SA - Ordinary Shares,US (NASDAQ)
MLGO,"MicroAlgo, Inc. - Ordinary Shares",US (NASDAQ)
MLKN,"MillerKnoll, Inc. - Common Stock",US (NASDAQ)
MLTX,MoonLake Immunotherapeutics - Class A Ordinary Shares,US (NASDAQ)
MLYS,"Mineralys Therapeutics, Inc. - Common Stock",US (NASDAQ)
MMED,"MiniMed Group, Inc. - Common Stock",US (NASDAQ)
MMSI,"Merit Medical Systems, Inc. - Common Stock",US (NASDAQ)
MMYT,MakeMyTrip Limited - Ordinary Shares,US (NASDAQ)
MNDO,MIND C.T.I. Ltd. - Ordinary Shares,US (NASDAQ)
MNDR,Mobile-health Network Solutions - Class A Ordinary Shares,US (NASDAQ)
MNDY,monday.com Ltd. - Ordinary Shares,US (NASDAQ)
MNKD,MannKind Corporation - Common Stock,US (NASDAQ)
MNOV,"MediciNova, Inc. - Common Stock",US (NASDAQ)
MNPR,Monopar Therapeutics Inc. - Common Stock,US (NASDAQ)
MNRO,"Monro, Inc.  - Common Stock",US (NASDAQ)
MNSB,"MainStreet Bancshares, Inc. - Common Stock",US (NASDAQ)
MNST,Monster Beverage Corporation - Common Stock,US (NASDAQ)
MNTK,"Montauk Renewables, Inc. - Common Stock",US (NASDAQ)
MNTS,Momentus Inc. - Class A Common Stock,US (NASDAQ)
MNY,MoneyHero Limited - Class A Ordinary Shares,US (NASDAQ)
MOB,Mobilicom Limited - Ordinary Shares,US (NASDAQ)
MOBI,"Mobia Medical, Inc. - Common Stock",US (NASDAQ)
MOBX,"Mobix Labs, Inc. - Class A Common Stock",US (NASDAQ)
MODD,"Modular Medical, Inc. - common stock",US (NASDAQ)
MORN,"Morningstar, Inc. - Common Stock",US (NASDAQ)
MOVE,"Corvex, Inc. - Common Stock",US (NASDAQ)
MPAA,"Motorcar Parts of America, Inc. - Common Stock",US (NASDAQ)
MPB,Mid Penn Bancorp - Common Stock,US (NASDAQ)
MPLT,"MapLight Therapeutics, Inc. - Common Stock",US (NASDAQ)
MPWR,"Monolithic Power Systems, Inc. - Common Stock",US (NASDAQ)
MQ,"Marqeta, Inc. - Class A Common Stock",US (NASDAQ)
MRAM,"Everspin Technologies, Inc. - Common Stock",US (NASDAQ)
MRBK,Meridian Corporation - Common Stock,US (NASDAQ)
MRCY,Mercury Systems Inc - Common Stock,US (NASDAQ)
MRDN,Meridian Holdings Inc. - Common Stock,US (NASDAQ)
MRKR,"Marker Therapeutics, Inc. - Common Stock",US (NASDAQ)
MRLN,"Merlin, Inc. - Common Stock",US (NASDAQ)
MRNA,"Moderna, Inc. - Common Stock",US (NASDAQ)
MRNO,Murano Global Investments PLC - Ordinary Shares,US (NASDAQ)
MRTN,"Marten Transport, Ltd. - Common Stock",US (NASDAQ)
MRVI,"Maravai LifeSciences Holdings, Inc. - Class A common stock",US (NASDAQ)
MRVL,"Marvell Technology, Inc. - Common Stock",US (NASDAQ)
MRX,Marex Group Limited - Ordinary Shares,US (NASDAQ)
MSAI,"MultiSensor AI Holdings, Inc. - Common Stock",US (NASDAQ)
MSBI,"Midland States Bancorp, Inc. - Common Stock",US (NASDAQ)
MSEX,Middlesex Water Company - Common Stock,US (NASDAQ)
MSFT,Microsoft Corporation - Common Stock,US (NASDAQ)
MSGM,Motorsport Games Inc. - Class A Common Stock,US (NASDAQ)
MSGY,Masonglory Limited - Ordinary Shares,US (NASDAQ)
MSLE,Satellos Bioscience Inc. - Common Stock,US (NASDAQ)
MSS,Maison Solutions Inc. - Class A Common Stock,US (NASDAQ)
MSTR,Strategy Inc - Class A Common Stock,US (NASDAQ)
MTC,"MMTec, Inc. - Common Shares",US (NASDAQ)
MTCH,"Match Group, Inc. - Common Stock",US (NASDAQ)
MTEK,Maris-Tech Ltd. - ordinary shares,US (NASDAQ)
MTEN,Mingteng International Corporation Inc. - Class A Ordinary Shares,US (NASDAQ)
MTEX,"Mannatech, Incorporated - Common Stock",US (NASDAQ)
MTRX,Matrix Service Company - Common Stock,US (NASDAQ)
MTSI,"MACOM Technology Solutions Holdings, Inc. - Common Stock",US (NASDAQ)
MTVA,MetaVia Inc.  - Common Stock,US (NASDAQ)
MU,"Micron Technology, Inc. - Common Stock",US (NASDAQ)
MVBF,MVB Financial Corp. - Common Stock,US (NASDAQ)
MVIS,"MicroVision, Inc. - Common Stock",US (NASDAQ)
MVST,"Microvast Holdings, Inc. - Common Stock",US (NASDAQ)
MWH,"SOLV Energy, Inc. - Class A common stock",US (NASDAQ)
MWYN,"Marwynn Holdings, Inc. - Common stock",US (NASDAQ)
MXCT,"MaxCyte, Inc. - Common Stock",US (NASDAQ)
MXL,"MaxLinear, Inc - Common Stock",US (NASDAQ)
MYFW,"First Western Financial, Inc. - Common Stock",US (NASDAQ)
MYGN,"Myriad Genetics, Inc. - Common Stock",US (NASDAQ)
MYPS,"PLAYSTUDIOS, Inc.  - Class A Common Stock",US (NASDAQ)
MYRG,"MYR Group, Inc. - Common Stock",US (NASDAQ)
MYSE,"Myseum.AI, Inc. - Common Stock",US (NASDAQ)
MYSZ,"My Size, Inc. - Common Stock",US (NASDAQ)
MZTI,The Marzetti Company - Common Stock,US (NASDAQ)
NAGE,"Niagen Bioscience, Inc. - Common Stock",US (NASDAQ)
NAII,"Natural Alternatives International, Inc. - Common Stock",US (NASDAQ)
NAKA,Nakamoto Inc. - Common Stock,US (NASDAQ)
NAMM,Namib Minerals - Ordinary Shares,US (NASDAQ)
NAMS,NewAmsterdam Pharma Company N.V. - Ordinary Shares,US (NASDAQ)
NATH,"Nathan's Famous, Inc. - Common Stock",US (NASDAQ)
NATR,"Nature's Sunshine Products, Inc. - Common Stock",US (NASDAQ)
NAUT,"Nautilus Biotechnology, Inc. - Common Stock",US (NASDAQ)
NAVI,Navient Corporation - Common Stock,US (NASDAQ)
NAVN,"Navan, Inc. - Class A Common Stock",US (NASDAQ)
NB,NioCorp Developments Ltd. - Common Stock,US (NASDAQ)
NBBK,"NB Bancorp, Inc. - Common Stock",US (NASDAQ)
NBIS,Nebius Group N.V. - Class A Ordinary Shares,US (NASDAQ)
NBIX,"Neurocrine Biosciences, Inc. - Common Stock",US (NASDAQ)
NBN,Northeast Bank - Common Stock,US (NASDAQ)
NBRG,Newbridge Acquisition Limited - Class A Ordinary Share,US (NASDAQ)
NBTB,NBT Bancorp Inc. - Common Stock,US (NASDAQ)
NBTX,Nanobiotix S.A. - ADSs,US (NASDAQ)
NCEL,NewcelX Ltd. - Ordinary Shares,US (NASDAQ)
NCEW,New Century Logistics (BVI) Limited - Ordinary Shares,US (NASDAQ)
NCI,Neo-Concept International Group Holdings Limited - Class A Ordinary Shares,US (NASDAQ)
NCMI,"National CineMedia, Inc. - Common Stock",US (NASDAQ)
NCNO,"nCino, Inc. - Common Stock",US (NASDAQ)
NCO,Southern Cross Acquisition I Corp. - Ordinary Shares,US (NASDAQ)
NCPL,Netcapital Inc. - Common Stock,US (NASDAQ)
NCRA,"Nocera, Inc. - common stock",US (NASDAQ)
NCSM,"NCS Multistage Holdings, Inc. - Common Stock",US (NASDAQ)
NCT,Intercont (Cayman) Limited - Class A Ordinary shares,US (NASDAQ)
NCTY,The9 Limited - American Depository Shares,US (NASDAQ)
NDAQ,"Nasdaq, Inc. - Common Stock",US (NASDAQ)
NDLS,Noodles & Company - Class A Common Stock,US (NASDAQ)
NDRA,ENDRA Life Sciences Inc. - Common Stock,US (NASDAQ)
NDSN,Nordson Corporation - Common Stock,US (NASDAQ)
NECB,"NorthEast Community Bancorp, Inc. - Common Stock",US (NASDAQ)
NEGG,"Newegg Commerce, Inc. - Common Shares",US (NASDAQ)
NEO,"NeoGenomics, Inc. - Common Stock",US (NASDAQ)
NEOG,Neogen Corporation - Common Stock,US (NASDAQ)
NEON,Neonode Inc. - Common Stock,US (NASDAQ)
NEOV,NeoVolta Inc. - Common Stock,US (NASDAQ)
NEPH,"Nephros, Inc. - Common Stock",US (NASDAQ)
NERV,"Minerva Neurosciences, Inc - Common Stock",US (NASDAQ)
NESR,National Energy Services Reunited Corp - Ordinary Shares,US (NASDAQ)
NEUP,Neuphoria Therapeutics Inc. - Common Stock,US (NASDAQ)
NEWT,"NewtekOne, Inc. - Common Stock",US (NASDAQ)
NEXM,NexMetals Mining Corp. - Common Stock,US (NASDAQ)
NEXN,Nexxen International Ltd. - Ordinary Shares,US (NASDAQ)
NEXR,Nexera Technologies Ltd - Ordinary Shares,US (NASDAQ)
NEXT,NextDecade Corporation - Common Stock,US (NASDAQ)
NFE,New Fortress Energy Inc. - Class A Common Stock,US (NASDAQ)
NFLX,"Netflix, Inc. - Common Stock",US (NASDAQ)
NGEN,NervGen Pharma Corp. - Common stock,US (NASDAQ)
NGNE,Neurogene Inc. - Common Stock,US (NASDAQ)
NHIC,NewHold Investment Corp III - Class A Ordinary shares,US (NASDAQ)
NHIV,NewHold Investment Corp IV - Class A Ordinary Shares,US (NASDAQ)
NHP,"National Healthcare Properties, Inc. - Class A Common Stock",US (NASDAQ)
NHTC,Natural Health Trends Corp. - Common Stock,US (NASDAQ)
NIKI,"Niki BioSolutions, Inc. - Common Stock",US (NASDAQ)
NIVF,NewGenIvf Group Limited - Class A Ordinary Shares,US (NASDAQ)
NIXX,"Nixxy, Inc. - Common Stock",US (NASDAQ)
NKLR,Terra Innovatum Global N.V. - Ordinary shares,US (NASDAQ)
NKSH,"National Bankshares, Inc. - Common Stock",US (NASDAQ)
NKTR,Nektar Therapeutics - Common Stock,US (NASDAQ)
NKTX,"Nkarta, Inc. - Common Stock",US (NASDAQ)
NMAD,"Nomad Power Solutions, Inc. - Common Stock",US (NASDAQ)
NMFC,New Mountain Finance Corporation - Common Stock,US (NASDAQ)
NMIH,NMI Holdings Inc - Common Stock,US (NASDAQ)
NMRA,"Neumora Therapeutics, Inc. - Common Stock",US (NASDAQ)
NMRK,"Newmark Group, Inc. - Class A Common Stock",US (NASDAQ)
NMTC,NeuroOne Medical Technologies Corporation - Common Stock,US (NASDAQ)
NN,NextNav Inc. - Common stock,US (NASDAQ)
NNBR,"NN, Inc. - Common Stock",US (NASDAQ)
NNE,Nano Nuclear Energy Inc. - common stock,US (NASDAQ)
NNNN,Anbio Biotechnology - Class A Ordinary Shares,US (NASDAQ)
NNOX,NANO-X IMAGING LTD - Ordinary Shares,US (NASDAQ)
NODK,"NI Holdings, Inc. - Common Stock",US (NASDAQ)
NOEM,CO2 Energy Transition Corp. - Common Stock,US (NASDAQ)
NOMA,NOMADAR Corp. - Class A Common Stock,US (NASDAQ)
NOVT,Novanta Inc. - Common Shares,US (NASDAQ)
NPCE,"Neuropace, Inc. - Common Stock",US (NASDAQ)
NPT,Texxon Holding Limited - Ordinary shares,US (NASDAQ)
NRC,NRC Health - Common Stock,US (NASDAQ)
NRDS,"NerdWallet, Inc. - Class A Common Stock",US (NASDAQ)
NRIM,Northrim BanCorp Inc - Common Stock,US (NASDAQ)
NRIX,"Nurix Therapeutics, Inc. - Common stock",US (NASDAQ)
NRSN,NeuroSense Therapeutics Ltd. - Ordinary Shares,US (NASDAQ)
NRXP,"NRX Pharmaceuticals, Inc. - Common Stock",US (NASDAQ)
NSIT,"Insight Enterprises, Inc. - Common Stock",US (NASDAQ)
NSLR,Neostellar Capital Corp. - Closed End Fund,US (NASDAQ)
NSPR,InspireMD Inc. - Common Stock,US (NASDAQ)
NSSC,"NAPCO Security Technologies, Inc. - Common Stock",US (NASDAQ)
NSTS,"NSTS Bancorp, Inc. - Common Stock",US (NASDAQ)
NSYS,Nortech Systems Incorporated - Common Stock,US (NASDAQ)
NTAP,"NetApp, Inc. - Common Stock",US (NASDAQ)
NTCL,NETCLASS TECHNOLOGY INC - Class A Ordinary Shares,US (NASDAQ)
NTCT,"NetScout Systems, Inc. - Common Stock",US (NASDAQ)
NTGR,"NETGEAR, Inc. - Common Stock",US (NASDAQ)
NTHI,"NeOnc Technologies Holdings, Inc. - Common Stock",US (NASDAQ)
NTIC,Northern Technologies International Corporation - Common Stock,US (NASDAQ)
NTLA,"Intellia Therapeutics, Inc. - Common Stock",US (NASDAQ)
NTNX,"Nutanix, Inc. - Class A Common Stock",US (NASDAQ)
NTRA,"Natera, Inc. - Common Stock",US (NASDAQ)
NTRB,Nutriband Inc. - Common Stock,US (NASDAQ)
NTRP,"NextTrip, Inc. - Common Stock",US (NASDAQ)
NTRS,Northern Trust Corporation - Common Stock,US (NASDAQ)
NTSK,"Netskope, Inc. - Class A Common Stock",US (NASDAQ)
NTWK,NETSOL Technologies Inc. - Common Stock,US (NASDAQ)
NUAI,"New Era Energy & Digital, Inc. - Common Stock",US (NASDAQ)
NUCL,Eagle Nuclear Energy Corp. - Common stock,US (NASDAQ)
NUTR,Nusatrip Incorporated - Common Stock,US (NASDAQ)
NUTX,Nutex Health Inc. - Common Stock,US (NASDAQ)
NUWE,"Nuwellis, Inc. - Common Stock",US (NASDAQ)
NVAX,"Novavax, Inc. - Common Stock",US (NASDAQ)
NVCR,NovoCure Limited - Ordinary Shares,US (NASDAQ)
NVCT,"Nuvectis Pharma, Inc. - Common Stock",US (NASDAQ)
NVDA,NVIDIA Corporation - Common Stock,US (NASDAQ)
NVEC,NVE Corporation - Common Stock,US (NASDAQ)
NVMI,Nova Ltd. - Ordinary Shares,US (NASDAQ)
NVNI,Nvni Group Limited - Ordinary Shares,US (NASDAQ)
NVNO,enVVeno Medical Corporation - Common Stock,US (NASDAQ)
NVTS,Navitas Semiconductor Corporation - Common Stock,US (NASDAQ)
NVX,NOVONIX Limited - American Depository Shares,US (NASDAQ)
NWBI,"Northwest Bancshares, Inc. - Common Stock",US (NASDAQ)
NWE,"NorthWestern Energy Group, Inc.  - Common Stock",US (NASDAQ)
NWFL,Norwood Financial Corp. - Common Stock,US (NASDAQ)
NWL,Newell Brands Inc. - Common Stock,US (NASDAQ)
NWPX,"NWPX Infrastructure, Inc. - Common Stock",US (NASDAQ)
NWS,News Corporation - Class B Common Stock,US (NASDAQ)
NWSA,News Corporation - Class A Common Stock,US (NASDAQ)
NWTG,"Newton Golf Company, Inc. - Common Stock",US (NASDAQ)
NXGL,"NexGel, Inc - Common Stock",US (NASDAQ)
NXL,"Nexalin Technology, Inc. - Common Stock",US (NASDAQ)
NXPI,NXP Semiconductors N.V. - Common Stock,US (NASDAQ)
NXPL,NextPlat Corp - Common Stock,US (NASDAQ)
NXST,"Nexstar Media Group, Inc. - Common Stock",US (NASDAQ)
NXT,Nextpower Inc. - Class A Common Stock,US (NASDAQ)
NXTC,"NextCure, Inc. - Common Stock",US (NASDAQ)
NXTS,Nexentis Technologies Inc. - Common Stock,US (NASDAQ)
NXTT,Next Technology Holding Inc. - Ordinary Shares,US (NASDAQ)
NXXT,"NextNRG, Inc. - Common Stock",US (NASDAQ)
NYAX,Nayax Ltd. - Ordinary Shares,US (NASDAQ)
NYXH,Nyxoah SA - Ordinary Shares,US (NASDAQ)
OABI,"OmniAb, Inc. - Common Stock",US (NASDAQ)
OBA,Oxley Bridge Acquisition Limited - Class A Ordinary Shares,US (NASDAQ)
OBAI,"Our Bond, Inc. - Common Stock",US (NASDAQ)
OBIO,"Orchestra BioMed Holdings, Inc. - Ordinary Shares",US (NASDAQ)
OBT,"Orange County Bancorp, Inc. - Common Stock",US (NASDAQ)
OBX,"Obsidian Therapeutics, Inc. - Common Stock",US (NASDAQ)
OCC,Optical Cable Corporation - Common Stock,US (NASDAQ)
OCCI,"OFS Credit Company, Inc. - Closed End Fund",US (NASDAQ)
OCFC,OceanFirst Financial Corp. - Common Stock,US (NASDAQ)
OCG,Oriental Culture Holding LTD - Ordinary Shares,US (NASDAQ)
OCGN,"Ocugen, Inc. - Common Stock",US (NASDAQ)
OCS,Oculis Holding AG - Ordinary shares,US (NASDAQ)
OCSL,Oaktree Specialty Lending Corporation - Closed End Fund,US (NASDAQ)
OCTV,Octave Intelligence plc - Class B Ordinary Shares,US (NASDAQ)
OCUL,"Ocular Therapeutix, Inc. - Common Stock",US (NASDAQ)
ODD,ODDITY Tech Ltd. - Class A Ordinary Shares,US (NASDAQ)
ODFL,"Old Dominion Freight Line, Inc. - Common Stock",US (NASDAQ)
ODTX,"Odyssey Therapeutics, Inc. - Common Stock",US (NASDAQ)
ODYS,Odysight.ai Inc. - Common Stock,US (NASDAQ)
OESX,"Orion Energy Systems, Inc. - Common Stock",US (NASDAQ)
OFAL,OFA Group - Class A Ordinary Shares,US (NASDAQ)
OFIX,Orthofix Medical Inc.  - Common Stock,US (NASDAQ)
OFLX,"Omega Flex, Inc. - Common Stock",US (NASDAQ)
OFS,OFS Capital Corporation - Closed End Fund,US (NASDAQ)
OGI,Organigram Global Inc. - Common Shares,US (NASDAQ)
OIO,OIO Group - Ordinary Shares,US (NASDAQ)
OKTA,"Okta, Inc. - Class A Common Stock",US (NASDAQ)
OKUR,"OnKure Therapeutics, Inc. - Class A Common Stock",US (NASDAQ)
OKYO,OKYO Pharma Limited - Ordinary Shares,US (NASDAQ)
OLB,"The OLB Group, Inc. - Common Stock",US (NASDAQ)
OLED,Universal Display Corporation - Common Stock,US (NASDAQ)
OLLI,"Ollie's Bargain Outlet Holdings, Inc. - Common Stock",US (NASDAQ)
OLMA,"Olema Pharmaceuticals, Inc. - Common Stock",US (NASDAQ)
OLOX,Olenox Industries Inc. - Common Stock,US (NASDAQ)
OM,"Outset Medical, Inc. - Common Stock",US (NASDAQ)
OMCL,"Omnicell, Inc. - Common Stock",US (NASDAQ)
OMDA,"Omada Health, Inc. - Common Stock",US (NASDAQ)
OMER,Omeros Corporation - Common Stock,US (NASDAQ)
OMEX,"Odyssey Marine Exploration, Inc. - Common Stock",US (NASDAQ)
OMH,Ohmyhome Limited - Class A Ordinary Shares,US (NASDAQ)
OMSE,OMS Energy Technologies Inc. - Ordinary Shares,US (NASDAQ)
ON,ON Semiconductor Corporation - Common Stock,US (NASDAQ)
ONB,Old National Bancorp - Common Stock,US (NASDAQ)
ONCO,"Onconetix, Inc.  - Common Stock",US (NASDAQ)
ONCY,Oncolytics Biotech Inc. - Common Stock,US (NASDAQ)
ONDS,Ondas Inc - Common Stock,US (NASDAQ)
ONEG,OneConstruction Group Limited - Ordinary Shares,US (NASDAQ)
ONEW,OneWater Marine Inc. - Class A Common Stock,US (NASDAQ)
ONFO,Onfolio Holdings Inc. - Common Stock,US (NASDAQ)
ONMD,OneMedNet Corp - Class A Common Stock,US (NASDAQ)
OPAL,OPAL Fuels Inc. - Class A Common Stock,US (NASDAQ)
OPBK,OP Bancorp - Common Stock,US (NASDAQ)
OPCH,"Option Care Health, Inc. - Common Stock",US (NASDAQ)
OPEN,Opendoor Technologies Inc  - Common Stock,US (NASDAQ)
OPI,Office Properties Income Trust - Common shares of beneficial interest,US (NASDAQ)
OPK,"Opko Health, Inc. - Common Stock",US (NASDAQ)
OPRT,Oportun Financial Corporation - common stock,US (NASDAQ)
OPRX,OptimizeRx Corporation - Common Stock,US (NASDAQ)
OPTH,Optimi Health Corp. - Common Shares,US (NASDAQ)
OPTX,"Syntec Optics Holdings, Inc. - Class A Common Stock",US (NASDAQ)
OPXS,"Optex Systems Holdings, Inc. - Common Stock",US (NASDAQ)
ORBS,Eightco Holdings Inc. - Common Stock,US (NASDAQ)
ORGO,Organogenesis Holdings Inc.  - Class A ,US (NASDAQ)
ORIC,"Oric Pharmaceuticals, Inc. - Common Stock",US (NASDAQ)
ORIO,Orion Digital Corp. - Common Shares,US (NASDAQ)
ORIQ,Origin Investment Corp I - Ordinary Shares,US (NASDAQ)
ORKA,"Oruka Therapeutics, Inc. - Common Stock",US (NASDAQ)
ORKT,Orangekloud Technology Inc. - Class A Ordinary Shares,US (NASDAQ)
ORLY,"O'Reilly Automotive, Inc. - Common Stock",US (NASDAQ)
ORMP,Oramed Pharmaceuticals Inc. - Common Stock,US (NASDAQ)
ORRF,"Orrstown Financial Services, Inc. - Common Stock",US (NASDAQ)
OSBC,"Old Second Bancorp, Inc. - Common Stock",US (NASDAQ)
OSIS,"OSI Systems, Inc. - Common Stock",US (NASDAQ)
OSPN,OneSpan Inc. - Common Stock,US (NASDAQ)
OSRH,"OSR Health, Inc. - Common Stock",US (NASDAQ)
OSS,"One Stop Systems, Inc. - Common Stock",US (NASDAQ)
OST,"Ostin Technology Group Co., Ltd. - Class A Ordinary Shares",US (NASDAQ)
OSUR,"OraSure Technologies, Inc. - Common Stock",US (NASDAQ)
OSW,OneSpaWorld Holdings Limited - Common Shares,US (NASDAQ)
OTEX,Open Text Corporation - Common Shares,US (NASDAQ)
OTLK,"Outlook Therapeutics, Inc. - Common Stock",US (NASDAQ)
OTTR,Otter Tail Corporation - Common Stock,US (NASDAQ)
OUST,"Ouster, Inc. - Common Stock",US (NASDAQ)
OVBC,Ohio Valley Banc Corp. - Common Stock,US (NASDAQ)
OVID,Ovid Therapeutics Inc. - Common Stock,US (NASDAQ)
OVLY,Oak Valley Bancorp (CA) - Common Stock,US (NASDAQ)
OWLS,OBOOK Holdings Inc. - Class A Common Shares,US (NASDAQ)
OXBR,Oxbridge Re Holdings Limited - Ordinary Shares,US (NASDAQ)
OXLC,Oxford Lane Capital Corp. - Closed End Fund,US (NASDAQ)
OXSQ,Oxford Square Capital Corp. - Closed End Fund,US (NASDAQ)
OZK,Bank OZK - Common Stock,US (NASDAQ)
PACB,"Pacific Biosciences of California, Inc. - Common Stock",US (NASDAQ)
PACH,Pioneer Acquisition I Corp - Class A Ordinary Shares,US (NASDAQ)
PAGP,"Plains GP Holdings, L.P. - Class A Shares representing limited partner interests",US (NASDAQ)
PAHC,Phibro Animal Health Corporation - Class A Common Stock,US (NASDAQ)
PAL,"Proficient Auto Logistics, Inc. - Common Stock",US (NASDAQ)
PALI,"Palisade Bio, Inc. - Common Stock",US (NASDAQ)
PAMT,PAMT CORP - Common Stock,US (NASDAQ)
PANL,Pangaea Logistics Solutions Ltd. - Common Stock,US (NASDAQ)
PANW,"Palo Alto Networks, Inc. - Common Stock",US (NASDAQ)
PARA,"Banzai International, Inc. - Class A Common Stock",US (NASDAQ)
PARK,"Park Dental Partners, Inc. - Common Stock",US (NASDAQ)
PASG,"Passage Bio, Inc. - Common Stock",US (NASDAQ)
PASW,"Ping An Biomedical Co., Ltd. - Class A Ordinary Shares",US (NASDAQ)
PATK,"Patrick Industries, Inc. - Common Stock",US (NASDAQ)
PAVM,PAVmed Inc. - Common Stock,US (NASDAQ)
PAVS,Paranovus Entertainment Technology Ltd. - Class A Ordinary Shares,US (NASDAQ)
PAX,Patria Investments Limited - Class A Common Shares,US (NASDAQ)
PAYO,Payoneer Global Inc. - Common Stock,US (NASDAQ)
PAYP,PayPay Corporation - American Depository Shares,US (NASDAQ)
PAYS,"Paysign, Inc. - Common Stock",US (NASDAQ)
PAYX,"Paychex, Inc. - Common Stock",US (NASDAQ)
PBAM,"Private Bancorp of America, Inc. - Common Stock",US (NASDAQ)
PBFS,"Pioneer Bancorp, Inc. - Common Stock",US (NASDAQ)
PBHC,"Pathfinder Bancorp, Inc. - Common Stock",US (NASDAQ)
PBK,PowerBank Corporation - Common Stock,US (NASDAQ)
PBLS,"Parabilis Medicines, Inc. - Common Stock",US (NASDAQ)
PBM,Psyence Biomedical Ltd. - Common Shares,US (NASDAQ)
PBYI,Puma Biotechnology Inc - Common Stock,US (NASDAQ)
PC,Premium Catering (Holdings) Limited - Ordinary Shares,US (NASDAQ)
PCAR,PACCAR Inc. - Common Stock,US (NASDAQ)
PCB,PCB Bancorp - Common Stock,US (NASDAQ)
PCRX,"Pacira BioSciences, Inc. - Common Stock",US (NASDAQ)
PCSA,"Processa Pharmaceuticals, Inc. - Common Stock",US (NASDAQ)
PCT,"PureCycle Technologies, Inc. - Common stock",US (NASDAQ)
PCTY,Paylocity Holding Corporation - Common Stock,US (NASDAQ)
PCVX,"Vaxcyte, Inc. - Common Stock",US (NASDAQ)
PCYO,Pure Cycle Corporation - Common Stock,US (NASDAQ)
PDEX,"Pro-Dex, Inc. - Common Stock",US (NASDAQ)
PDFS,"PDF Solutions, Inc. - Common Stock",US (NASDAQ)
PDLB,"Ponce Financial Group, Inc. - Common Stock",US (NASDAQ)
PDSB,PDS Biotechnology Corporation - Common Stock,US (NASDAQ)
PDYN,Palladyne AI Corp. - Common stock,US (NASDAQ)
PEBK,"Peoples Bancorp of North Carolina, Inc. - Common Stock",US (NASDAQ)
PEBO,Peoples Bancorp Inc. - Common Stock,US (NASDAQ)
PECO,"Phillips Edison & Company, Inc. - Common Stock",US (NASDAQ)
PEGA,Pegasystems Inc. - Common Stock,US (NASDAQ)
PENG,"Penguin Solutions, Inc. - Common Stock",US (NASDAQ)
PENN,"PENN Entertainment, Inc. - Common Stock",US (NASDAQ)
PEP,"PepsiCo, Inc. - Common Stock",US (NASDAQ)
PEPG,PepGen Inc. - Common Stock,US (NASDAQ)
PERI,Perion Network Ltd - Ordinary Shares,US (NASDAQ)
PESI,"Perma-Fix Environmental Services, Inc. - Common Stock",US (NASDAQ)
PETS,"PetMed Express, Inc. - Common Stock",US (NASDAQ)
PETZ,"TDH Holdings, Inc. - Common Shares",US (NASDAQ)
PFAI,Pinnacle Food Group Limited - Class A Common Shares,US (NASDAQ)
PFG,Principal Financial Group Inc - Common Stock,US (NASDAQ)
PFIS,Peoples Financial Services Corp.  - Common Stock,US (NASDAQ)
PFSA,"Profusa, Inc. - Common Stock",US (NASDAQ)
PFX,PhenixFIN Corporation  - Common Stock,US (NASDAQ)
PGC,Peapack-Gladstone Financial Corporation - Common Stock,US (NASDAQ)
PGEN,"Precigen, Inc. - Common Stock",US (NASDAQ)
PGNY,"Progyny, Inc. - Common Stock",US (NASDAQ)
PGY,Pagaya Technologies Ltd. - Class A Ordinary Shares,US (NASDAQ)
PHAR,"Pharming Group N.V. - ADS, each representing 10 ordinary shares",US (NASDAQ)
PHAT,"Phathom Pharmaceuticals, Inc. - Common Stock",US (NASDAQ)
PHIO,Phio Pharmaceuticals Corp. - Common Stock,US (NASDAQ)
PHOE,Phoenix Asia Holdings Limited - Ordinary Shares,US (NASDAQ)
PHUN,"Phunware, Inc. - Common Stock",US (NASDAQ)
PHVS,Pharvaris N.V. - Ordinary Shares,US (NASDAQ)
PI,"Impinj, Inc. - Common Stock",US (NASDAQ)
PICS,PicS N.V. - Class A Common Shares,US (NASDAQ)
PIII,P3 Health Partners Inc. - Class A Common Stock,US (NASDAQ)
PKBK,"Parke Bancorp, Inc. - Common Stock",US (NASDAQ)
PKOH,Park-Ohio Holdings Corp. - Common Stock,US (NASDAQ)
PLAB,"Photronics, Inc. - Common Stock",US (NASDAQ)
PLAY,"Dave & Buster's Entertainment, Inc. - Common Stock",US (NASDAQ)
PLBC,Plumas Bancorp - Common Stock,US (NASDAQ)
PLBL,Polibeli Group Ltd - Class A Ordinary Shares,US (NASDAQ)
PLBY,"Playboy, Inc. - Common Stock",US (NASDAQ)
PLCE,"Children's Place, Inc. (The) - Common Stock",US (NASDAQ)
PLMR,"Palomar Holdings, Inc. - Common stock",US (NASDAQ)
PLPC,Preformed Line Products Company - Common Stock,US (NASDAQ)
PLRX,"Pliant Therapeutics, Inc. - Common Stock",US (NASDAQ)
PLRZ,Polyrizon Ltd. - Ordinary Shares,US (NASDAQ)
PLSE,"Pulse Biosciences, Inc - Common Stock",US (NASDAQ)
PLSM,Pulsenmore Ltd. - Ordinary Shares,US (NASDAQ)
PLTK,Playtika Holding Corp. - Common Stock,US (NASDAQ)
PLTR,Palantir Technologies Inc. - Class A Common Stock,US (NASDAQ)
PLTS,Platinum Analytics Cayman Limited - Class A Ordinary Shares,US (NASDAQ)
PLUG,"Plug Power, Inc. - Common Stock",US (NASDAQ)
PLUR,Pluri Inc. - Common Stock,US (NASDAQ)
PLUS,ePlus inc. - Common Stock,US (NASDAQ)
PLUT,Plutus Financial Group Limited - Ordinary Shares,US (NASDAQ)
PLXS,Plexus Corp. - Common Stock,US (NASDAQ)
PLYX,"Polaryx Therapeutics, Inc. - Common Stock",US (NASDAQ)
PMA,Ming Shing Group Holdings Limited - Ordinary Shares,US (NASDAQ)
PMAX,Powell Max Limited - Class A Ordinary Shares,US (NASDAQ)
PMCB,"PharmaCyte  Biotech, Inc. - Common Stock",US (NASDAQ)
PMEC,Primech Holdings Ltd. - Ordinary Shares,US (NASDAQ)
PMN,ProMIS Neurosciences Inc. - Common Shares,US (NASDAQ)
PMTS,CPI Card Group Inc. - Common Stock,US (NASDAQ)
PMVP,"PMV Pharmaceuticals, Inc. - Common Stock",US (NASDAQ)
PN,PN Smart Energy Limited - Class A Ordinary Shares,US (NASDAQ)
PNBK,Patriot National Bancorp Inc. - Common Stock,US (NASDAQ)
PNRG,PrimeEnergy Resources Corporation - Common Stock,US (NASDAQ)
PNTG,"The Pennant Group, Inc. - Common Stock",US (NASDAQ)
POCI,"Precision Optics Corporation, Inc. - Common stock",US (NASDAQ)
PODC,"PodcastOne, Inc. - Common Stock",US (NASDAQ)
PODD,Insulet Corporation - Common Stock,US (NASDAQ)
POET,POET Technologies Inc. - Common Shares,US (NASDAQ)
POLA,"Polar Power, Inc. - Common Stock",US (NASDAQ)
PONO,"Pono Capital Four, Inc. - Class A Ordinary Shares",US (NASDAQ)
POOL,Pool Corporation - Common Stock,US (NASDAQ)
POWI,"Power Integrations, Inc. - Common Stock",US (NASDAQ)
POWL,"Powell Industries, Inc. - Common Stock",US (NASDAQ)
POWW,Outdoor Holding Company - Common Stock,US (NASDAQ)
PPC,Pilgrim's Pride Corporation - Common Stock,US (NASDAQ)
PPCB,"Propanc Biopharma, Inc. - Common Stock",US (NASDAQ)
PPHC,"Public Policy Holding Company, Inc. - Common Stock",US (NASDAQ)
PPIH,"Perma-Pipe International Holdings, Inc. - Common Stock",US (NASDAQ)
PPLI,People Incorporated - Common Stock,US (NASDAQ)
PPSI,"Pioneer Power Solutions, Inc. - Common Stock",US (NASDAQ)
PPTA,Perpetua Resources Corp. - Common Shares,US (NASDAQ)
PRAA,"PRA Group, Inc. - Common Stock",US (NASDAQ)
PRAX,"Praxis Precision Medicines, Inc. - Common Stock",US (NASDAQ)
PRCH,"Porch Group, Inc. - Common Stock",US (NASDAQ)
PRCT,PROCEPT BioRobotics Corporation - Common Stock,US (NASDAQ)
PRDO,Perdoceo Education Corporation - Common Stock,US (NASDAQ)
PRE,Prenetics Global Limited - Class A Ordinary Share,US (NASDAQ)
PRFX,PRF Technologies Ltd. - Ordinary Shares,US (NASDAQ)
PRGS,Progress Software Corporation - Common Stock,US (NASDAQ)
PRHI,"Presurance Holdings, Inc. - Common Stock",US (NASDAQ)
PRLD,Prelude Therapeutics Incorporated - Common Stock,US (NASDAQ)
PRME,"Prime Medicine, Inc. - Common Stock",US (NASDAQ)
PROF,Profound Medical Corp. - common stock,US (NASDAQ)
PROK,ProKidney Corp. - Class A Ordinary Shares,US (NASDAQ)
PROP,Prairie Operating Co. - Common Stock,US (NASDAQ)
PROV,"Provident Financial Holdings, Inc. - Common Stock",US (NASDAQ)
PRPL,"Purple Innovation, Inc. - Common Stock",US (NASDAQ)
PRPO,"Precipio, Inc. - Common Stock",US (NASDAQ)
PRQR,ProQR Therapeutics N.V. - Ordinary Shares,US (NASDAQ)
PRSO,Peraso Inc. - Common Stock,US (NASDAQ)
PRTA,Prothena Corporation plc - Ordinary Shares,US (NASDAQ)
PRTH,"Priority Technology Holdings, Inc. - Common Stock",US (NASDAQ)
PRTS,"CarParts.com, Inc. - Common Stock",US (NASDAQ)
PRVA,"Privia Health Group, Inc. - Common Stock",US (NASDAQ)
PRZO,ParaZero Technologies Ltd. - Ordinary Shares,US (NASDAQ)
PSEC,Prospect Capital Corporation - Closed End Fund,US (NASDAQ)
PSHG,Performance Shipping Inc. - Common Shares,US (NASDAQ)
PSIG,PS International Group Ltd. - Ordinary Shares,US (NASDAQ)
PSIX,"Power Solutions International, Inc. - Common Stock",US (NASDAQ)
PSKY,Paramount Skydance Corporation - Class B Common Stock,US (NASDAQ)
PSMT,"PriceSmart, Inc. - Common Stock",US (NASDAQ)
PSNL,"Personalis, Inc. - Common Stock",US (NASDAQ)
PSNY,Polestar Automotive Holding UK Limited - Class A ADS,US (NASDAQ)
PSNYW,Polestar Automotive Holding UK Limited - Class C-1 ADS (ADW),US (NASDAQ)
PTC,PTC Inc. - Common Stock,US (NASDAQ)
PTCT,"PTC Therapeutics, Inc. - Common Stock",US (NASDAQ)
PTEN,"Patterson-UTI Energy, Inc. - Common Stock",US (NASDAQ)
PTGX,"Protagonist Therapeutics, Inc. - Common Stock",US (NASDAQ)
PTLE,PTL LTD - Class A Ordinary Shares,US (NASDAQ)
PTLO,Portillo's Inc. - Class A Common Stock,US (NASDAQ)
PTN,"Palatin Technologies, Inc. - Common Stock",US (NASDAQ)
PTON,"Peloton Interactive, Inc. - Common Stock",US (NASDAQ)
PTRN,Pattern Group Inc. - Series A Common Stock,US (NASDAQ)
PUBM,"PubMatic, Inc. - Class A Common Stock",US (NASDAQ)
PULM,"Pulmatrix, Inc. - Common Stock",US (NASDAQ)
PURR,Hyperliquid Strategies Inc - Common Stock,US (NASDAQ)
PUSA,Aureus Greenway Holdings Inc. - Common Stock,US (NASDAQ)
PVLA,"Palvella Therapeutics, Inc. - Common Stock",US (NASDAQ)
PWCM,"PowerCompute, Inc. - Common Stock",US (NASDAQ)
PWP,Perella Weinberg Partners - Class A Common Stock,US (NASDAQ)
PWRL,Powerlaw Corp. - Common Stock,US (NASDAQ)
PXLW,"Pixelworks, Inc. - Common Stock",US (NASDAQ)
PXS,Pyxis Tankers Inc. - Common Stock,US (NASDAQ)
PYPD,PolyPid Ltd. - Ordinary Shares,US (NASDAQ)
PYPL,"PayPal Holdings, Inc. - Common Stock",US (NASDAQ)
PYXS,"Pyxis Oncology, Inc. - Common Stock",US (NASDAQ)
PZZA,"Papa John's International, Inc. - Common Stock",US (NASDAQ)
QBTS,D-Wave Quantum Inc. - Common Stock,US (NASDAQ)
QCLS,"Q/C Technologies, Inc. - Common Stock",US (NASDAQ)
QCOM,QUALCOMM Incorporated - Common Stock,US (NASDAQ)
QCRH,"QCR Holdings, Inc. - Common Stock",US (NASDAQ)
QDEL,QuidelOrtho Corporation - Common Stock,US (NASDAQ)
QH,Quhuo Limited - Class A Ordinary Shares,US (NASDAQ)
QLYS,"Qualys, Inc. - Common Stock",US (NASDAQ)
QMCO,Quantum Corporation - Common Stock,US (NASDAQ)
QMLS,"QumulusAI, Inc. - Common Stock",US (NASDAQ)
QMMM,QMMM Holdings Limited - Class A Ordinary Shares,US (NASDAQ)
QNCX,"Quince Therapeutics, Inc. - Common Stock",US (NASDAQ)
QNME,"Quanome Technologies, Inc. - Common Stock",US (NASDAQ)
QNST,"QuinStreet, Inc. - Common Stock",US (NASDAQ)
QNT,Quantinuum Inc. - Class A Common Stock,US (NASDAQ)
QNTM,Quantum Biopharma Ltd. - Class B Subordinate Voting Shares,US (NASDAQ)
QQQX,Nuveen NASDAQ 100 Dynamic Overwrite Fund - Closed End Fund,US (NASDAQ)
QRHC,Quest Resource Holding Corporation - Common Stock,US (NASDAQ)
QRVO,"Qorvo, Inc. - Common Stock",US (NASDAQ)
QS,QuantumScape Corporation - Common Stock,US (NASDAQ)
QSI,Quantum-Si Incorporated - Class A Common Stock,US (NASDAQ)
QTEX,QTREX Quantum Ltd. - Ordinary Shares,US (NASDAQ)
QTI,"QT Imaging Holdings, Inc. - Common Stock",US (NASDAQ)
QTRX,Quanterix Corporation - Common Stock,US (NASDAQ)
QTTB,Q32 Bio Inc. - Common Stock,US (NASDAQ)
QUBT,Quantum Computing Inc. - Common Stock,US (NASDAQ)
QUCY,Quantum Cyber N.V. - Ordinary Shares,US (NASDAQ)
QUIK,QuickLogic Corporation - Common Stock,US (NASDAQ)
QURE,uniQure N.V. - Ordinary Shares,US (NASDAQ)
QXL,Quantum X Labs Inc. - Common Stock,US (NASDAQ)
RACC,Research Alliance Corporation III - Class A Ordinary Shares,US (NASDAQ)
RACD,Research Alliance Corporation IV - Class A Ordinary Shares,US (NASDAQ)
RAIL,"Freightcar America, Inc. - Common Stock",US (NASDAQ)
RAIN,"Rain Enhancement Technologies Holdco, Inc. - Class A Common Stock",US (NASDAQ)
RAND,Rand Capital Corporation - Closed End Fund,US (NASDAQ)
RANI,"Rani Therapeutics Holdings, Inc. - Class A Common Stock",US (NASDAQ)
RAPP,"Rapport Therapeutics, Inc. - Common Stock",US (NASDAQ)
RARE,Ultragenyx Pharmaceutical Inc. - Common Stock,US (NASDAQ)
RAVE,"Rave Restaurant Group, Inc. - Common Stock",US (NASDAQ)
RAY,Raytech Holding Limited - Ordinary Shares,US (NASDAQ)
RAYA,Erayak Power Solution Group Inc. - Class A Ordinary Shares,US (NASDAQ)
RBB,RBB Bancorp - Common Stock,US (NASDAQ)
RBBN,Ribbon Communications Inc.  - Common Stock,US (NASDAQ)
RBCAA,"Republic Bancorp, Inc. - Class A Common Stock",US (NASDAQ)
RBKB,"Rhinebeck Bancorp, Inc. - Common Stock",US (NASDAQ)
RBNE,Robin Energy Ltd. - Common Stock,US (NASDAQ)
RCAT,"Red Cat Holdings, Inc. - Common Stock",US (NASDAQ)
RCBC,River City Bank - Common stock,US (NASDAQ)
RCEL,"Avita Medical, Inc. - Common Stock",US (NASDAQ)
RCKT,"Rocket Pharmaceuticals, Inc. - Common Stock",US (NASDAQ)
RCKY,"Rocky Brands, Inc. - Common Stock",US (NASDAQ)
RCMT,"RCM Technologies, Inc. - Common Stock",US (NASDAQ)
RCON,"Recon Technology, Ltd. - Class A Ordinary Shares",US (NASDAQ)
RCT,RedCloud Holdings plc - Ordinary Shares,US (NASDAQ)
RDCM,Radcom Ltd. - Ordinary Shares,US (NASDAQ)
RDGT,"Ridgetech, Inc. - Ordinary Shares",US (NASDAQ)
RDI,Reading International Inc - Class A Non-voting Common Stock,US (NASDAQ)
RDIB,Reading International Inc - Class B Voting Common Stock,US (NASDAQ)
RDNT,"RadNet, Inc. - Common Stock",US (NASDAQ)
RDNW,"RideNow Group, Inc. - Class B Common Stock",US (NASDAQ)
RDVT,"Red Violet, Inc. - Common Stock ",US (NASDAQ)
RDWR,Radware Ltd. - Ordinary Shares,US (NASDAQ)
RDZN,"Roadzen, Inc. - Ordinary Shares",US (NASDAQ)
REAL,"The RealReal, Inc. - Common Stock",US (NASDAQ)
REAX,"The Real Brokerage, Inc. - Common Shares",US (NASDAQ)
REBN,"Reborn Coffee, Inc. - Common Stock",US (NASDAQ)
RECT,Rectitude Holdings Ltd - Ordinary Shares,US (NASDAQ)
REFI,"Chicago Atlantic Real Estate Finance, Inc. - Common Stock",US (NASDAQ)
REFR,Research Frontiers Incorporated - Common Stock,US (NASDAQ)
REG,Regency Centers Corporation - Common Stock,US (NASDAQ)
REGN,"Regeneron Pharmaceuticals, Inc. - Common Stock",US (NASDAQ)
REKR,"Rekor Systems, Inc. - Common Stock",US (NASDAQ)
RELL,"Richardson Electronics, Ltd. - Common Stock",US (NASDAQ)
RELY,"Remitly Global, Inc. - Common stock",US (NASDAQ)
RENT,"Rent the Runway, Inc. - Class A Common Stock",US (NASDAQ)
RENX,RenX Enterprises Corp. - Common Stock,US (NASDAQ)
REPL,"Replimune Group, Inc. - Common Stock",US (NASDAQ)
RETO,"ReTo Eco-Solutions, Inc. - Class A Shares",US (NASDAQ)
REVB,"Revelation Biosciences, Inc. - Common Stock",US (NASDAQ)
REYN,Reynolds Consumer Products Inc. - Common Stock,US (NASDAQ)
RFIL,"RF Industries, Ltd. - Common Stock",US (NASDAQ)
RGC,Regencell Bioscience Holdings Limited - Ordinary Shares,US (NASDAQ)
RGCO,RGC Resources Inc. - Common Stock,US (NASDAQ)
RGEN,Repligen Corporation - Common Stock,US (NASDAQ)
RGLD,"Royal Gold, Inc. - Common Stock",US (NASDAQ)
RGNX,REGENXBIO Inc. - Common Stock,US (NASDAQ)
RGP,"Resources Connection, Inc. - Common Stock",US (NASDAQ)
RGS,Regis Corporation - Common Stock,US (NASDAQ)
RGTI,"Rigetti Computing, Inc.  - Common stock",US (NASDAQ)
RICK,"RCI Hospitality Holdings, Inc. - Common Stock",US (NASDAQ)
RIGL,"Rigel Pharmaceuticals, Inc. - Common Stock",US (NASDAQ)
RILY,"BRC Group Holdings, Inc. - Common Stock",US (NASDAQ)
RIME,"Algorhythm Holdings, Inc. - Common Stock",US (NASDAQ)
RIOT,"Riot Platforms, Inc. - Common Stock",US (NASDAQ)
RITR,Reitar Logtech Holdings Limited - Ordinary shares,US (NASDAQ)
RIVN,"Rivian Automotive, Inc. - Class A Common Stock",US (NASDAQ)
RJET,Republic Airways Holdings Inc. - Common Stock,US (NASDAQ)
RKDA,"Arcadia Biosciences, Inc. - Common Stock",US (NASDAQ)
RKLB,Rocket Lab Corporation - Common Stock,US (NASDAQ)
RKTO,Rocket One Inc. - Common Stock,US (NASDAQ)
RLAY,"Relay Therapeutics, Inc. - Common Stock",US (NASDAQ)
RLMD,"Relmada Therapeutics, Inc. - Common Stock",US (NASDAQ)
RLYB,Rallybio Corporation - Common Stock,US (NASDAQ)
RMBI,"Richmond Mutual Bancorporation, Inc. - Common Stock",US (NASDAQ)
RMBS,"Rambus, Inc. - Common Stock",US (NASDAQ)
RMCF,"Rocky Mountain Chocolate Factory, Inc. - Common Stock",US (NASDAQ)
RMCO,Royalty Management Holding Corporation - Class A Common Stock,US (NASDAQ)
RMIX,"Suncrete, Inc. - Class A Common Stock",US (NASDAQ)
RMNI,"Rimini Street, Inc. - Common Stock",US (NASDAQ)
RMR,The RMR Group Inc. - Class A Common Stock,US (NASDAQ)
RMSG,Real Messenger Corporation - Ordinary Shares,US (NASDAQ)
RMTI,"Rockwell Medical, Inc. - Common Stock",US (NASDAQ)
RNA,"Atrium Therapeutics, Inc. - Common Stock",US (NASDAQ)
RNAC,"Cartesian Therapeutics, Inc. - Common Stock",US (NASDAQ)
RNAZ,"TransCode Therapeutics, Inc. - Common Stock",US (NASDAQ)
RNTX,"Rein Therapeutics, Inc. - Common Stock",US (NASDAQ)
RNW,ReNew Energy Global plc - Class A Shares,US (NASDAQ)
RNXT,"RenovoRx, Inc. - Common Stock",US (NASDAQ)
ROAD,"Construction Partners, Inc. - Common Stock",US (NASDAQ)
ROC,Rank One Computing Corporation - Common stock,US (NASDAQ)
ROCK,"Gibraltar Industries, Inc. - Common Stock",US (NASDAQ)
ROIV,Roivant Sciences Ltd. - Common Shares,US (NASDAQ)
ROKU,"Roku, Inc. - Class A Common Stock",US (NASDAQ)
ROMA,Roma Green Finance Limited - Class A Ordinary Shares,US (NASDAQ)
ROOT,"Root, Inc. - Common Stock",US (NASDAQ)
ROP,"Roper Technologies, Inc. - Common Stock",US (NASDAQ)
ROST,"Ross Stores, Inc. - Common Stock",US (NASDAQ)
RPAY,Repay Holdings Corporation - Class A Common Stock,US (NASDAQ)
RPD,"Rapid7, Inc. - Common Stock",US (NASDAQ)
RPGL,Republic Power Group Limited - Class A Ordinary Shares,US (NASDAQ)
RPID,"Rapid Micro Biosystems, Inc. - Class A Common Stock",US (NASDAQ)
RPRX,Royalty Pharma plc - Class A Ordinary Shares,US (NASDAQ)
RR,Richtech Robotics Inc. - Class B Common Stock,US (NASDAQ)
RRBI,"Red River Bancshares, Inc. - Common Stock",US (NASDAQ)
RRGB,"Red Robin Gourmet Burgers, Inc. - Common Stock",US (NASDAQ)
RRR,"Red Rock Resorts, Inc. - Class A Common Stock",US (NASDAQ)
RSSS,"Research Solutions, Inc - Common Stock",US (NASDAQ)
RSVR,"Reservoir Media, Inc.. - Common Stock",US (NASDAQ)
RTB,"RTB Digital, Inc. - Common Stock",US (NASDAQ)
RUBI,Rubico Inc. - Common Stock,US (NASDAQ)
RUM,RUM Group Inc. - Class A Common Stock,US (NASDAQ)
RUN,Sunrun Inc. - Common Stock,US (NASDAQ)
RUSHA,"Rush Enterprises, Inc. - Class A Common Stock",US (NASDAQ)
RUSHB,"Rush Enterprises, Inc. - Class B Common Stock",US (NASDAQ)
RVMD,"Revolution Medicines, Inc. - Common Stock",US (NASDAQ)
RVSB,Riverview Bancorp Inc - Common Stock,US (NASDAQ)
RVSN,Rail Vision Ltd. - Ordinary Shares,US (NASDAQ)
RWAY,Runway Growth Finance Corp. - Common Stock,US (NASDAQ)
RXRX,"Recursion Pharmaceuticals, Inc. - Class A Common Stock",US (NASDAQ)
RXST,"RxSight, Inc. - Common Stock",US (NASDAQ)
RXT,"Rackspace Technology, Inc. - Common Stock",US (NASDAQ)
RYET,Ruanyun Edai Technology Inc. - Ordinary shares,US (NASDAQ)
RYM,"RYTHM, Inc. - Common Stock",US (NASDAQ)
RYOJ,"rYojbaba Co., Ltd. - Common Shares",US (NASDAQ)
RYTM,"Rhythm Pharmaceuticals, Inc. - Common Stock",US (NASDAQ)
RZLT,"Rezolute, Inc. - Common Stock (NV)",US (NASDAQ)
RZLV,Rezolve AI PLC - Ordinary Shares,US (NASDAQ)
SABR,Sabre Corporation - Common Stock,US (NASDAQ)
SABS,"SAB Biotherapeutics, Inc. - Common Stock",US (NASDAQ)
SAFT,"Safety Insurance Group, Inc. - Common Stock",US (NASDAQ)
SAFX,"XCF Global, Inc. - Class A Common Stock",US (NASDAQ)
SAGT,SAGTEC GLOBAL LIMITED - Class A Ordinary shares,US (NASDAQ)
SAIA,"Saia, Inc. - Common Stock",US (NASDAQ)
SAIC,Science Applications International Corporation - Common Stock,US (NASDAQ)
SAIH,SAIHEAT Limited - Class A Ordinary Shares,US (NASDAQ)
SAIL,"SailPoint, Inc. - Common Stock",US (NASDAQ)
SAMG,Silvercrest Asset Management Group Inc. - Common Stock,US (NASDAQ)
SANA,"Sana Biotechnology, Inc. - Common Stock",US (NASDAQ)
SANG,Sangoma Technologies Corporation - Common Shares,US (NASDAQ)
SANM,Sanmina Corporation - Common Stock,US (NASDAQ)
SATL,Satellogic Inc. - Class A Common Stock,US (NASDAQ)
SBAC,SBA Communications Corporation - Class A Common Stock,US (NASDAQ)
SBC,SBC Medical Group Holdings Incorporated - Common Stock,US (NASDAQ)
SBCF,Seacoast Banking Corporation of Florida - Common Stock,US (NASDAQ)
SBET,"Sharplink, Inc. - Common Stock",US (NASDAQ)
SBFG,"SB Financial Group, Inc. - Common Stock",US (NASDAQ)
SBFM,Sunshine Biopharma Inc. - Common stock,US (NASDAQ)
SBGI,"Sinclair, Inc. - Class A Common Stock",US (NASDAQ)
SBLK,Star Bulk Carriers Corp. - Common Shares,US (NASDAQ)
SBRA,"Sabra Health Care REIT, Inc. - Common Stock",US (NASDAQ)
SBUX,Starbucks Corporation - Common Stock,US (NASDAQ)
SCHL,Scholastic Corporation - Common Stock,US (NASDAQ)
SCKT,"Socket Mobile, Inc. - Common Stock",US (NASDAQ)
SCLX,Scilex Holding Company - Common Stock,US (NASDAQ)
SCNX,"Scienture Holdings, Inc. - Common Stock",US (NASDAQ)
SCOR,"comScore, Inc. - Common Stock",US (NASDAQ)
SCPQ,Social Commerce Partners Corporation - Class A Ordinary Shares,US (NASDAQ)
SCSC,"ScanSource, Inc. - Common Stock",US (NASDAQ)
SCTX,Scribe Therapeutics Inc. - Common Stock,US (NASDAQ)
SCWO,374Water Inc. - common stock,US (NASDAQ)
SCYX,"SCYNEXIS, Inc. - Common Stock",US (NASDAQ)
SCZM,Santacruz Silver Mining Ltd. - Common Shares,US (NASDAQ)
SDA,SunCar Technology Group Inc. - Ordinary Shares,US (NASDAQ)
SDGR,"Schrodinger, Inc. - Common Stock",US (NASDAQ)
SDOT,Sadot Group Inc. - Common Stock,US (NASDAQ)
SDST,Stardust Power Inc. - Common Stock,US (NASDAQ)
SEAT,Vivid Seats Inc. - Class A common stock,US (NASDAQ)
SEDG,"SolarEdge Technologies, Inc. - Common Stock",US (NASDAQ)
SEED,Origin Agritech Limited - Ordinary Shares,US (NASDAQ)
SEER,"Seer, Inc. - Class A Common Stock",US (NASDAQ)
SEGG,Sports Entertainment Gaming Global Corporation  - Common Stock,US (NASDAQ)
SEIC,SEI Investments Company - Common Stock,US (NASDAQ)
SELF,"Global Self Storage, Inc. - Common Stock",US (NASDAQ)
SENEA,Seneca Foods Corp. - Class A Common Stock,US (NASDAQ)
SENEB,Seneca Foods Corp. - Class B Common Stock,US (NASDAQ)
SENS,"Senseonics Holdings, Inc. - Common Stock",US (NASDAQ)
SEPN,"Septerna, Inc. - Common Stock",US (NASDAQ)
SERA,"Sera Prognostics, Inc. - Class A Common Stock",US (NASDAQ)
SERV,Serve Robotics Inc. - Common Stock,US (NASDAQ)
SEV,Aptera Motors Corp. - Class B Common Stock,US (NASDAQ)
SEVN,Seven Hills Realty Trust  - Common Stock,US (NASDAQ)
SEZL,Sezzle Inc. - Common Stock,US (NASDAQ)
SFBC,"Sound Financial Bancorp, Inc. - Common Stock",US (NASDAQ)
SFD,"Smithfield Foods, Inc. - Common Stock",US (NASDAQ)
SFHG,Samfine Creation Holdings Group Limited - Class A Ordinary Share,US (NASDAQ)
SFIX,"Stitch Fix, Inc. - Class A Common Stock",US (NASDAQ)
SFM,"Sprouts Farmers Market, Inc. - Common Stock",US (NASDAQ)
SFNC,Simmons First National Corporation - Common Stock,US (NASDAQ)
SFST,"Southern First Bancshares, Inc. - Common Stock",US (NASDAQ)
SFWL,Shengfeng Development Limited - Class A Ordinary Shares,US (NASDAQ)
SGA,"Saga Communications, Inc. - Class A Common Stock",US (NASDAQ)
SGC,"Superior Group of Companies, Inc. - Common Stock",US (NASDAQ)
SGHT,"Sight Sciences, Inc. - Common Stock",US (NASDAQ)
SGLY,Singularity Future Technology Ltd. - Common Stock,US (NASDAQ)
SGML,Sigma Lithium Corporation - common shares,US (NASDAQ)
SGMT,Sagimet Biosciences Inc. - Series A Common Stock,US (NASDAQ)
SGP,"SpyGlass Pharma, Inc. - Common Stock",US (NASDAQ)
SGRY,"Surgery Partners, Inc. - Common Stock",US (NASDAQ)
SHAZ,"SharonAI Holdings, Inc. - Class A Common Stock",US (NASDAQ)
SHBI,"Shore Bancshares, Inc. - Common Stock",US (NASDAQ)
SHC,Sotera Health Company - Common Stock,US (NASDAQ)
SHEN,Shenandoah Telecommunications Co - Common Stock,US (NASDAQ)
SHFS,"SHF Holdings, Inc. - Class A Common Stock",US (NASDAQ)
SHIM,Shimmick Corporation - Common Stock,US (NASDAQ)
SHIP,Seanergy Maritime Holdings Corp. - Common Stock,US (NASDAQ)
SHLS,"Shoals Technologies Group, Inc. - Class A Common Stock",US (NASDAQ)
SHMD,SCHMID Group N.V. - Class A Ordinary Shares,US (NASDAQ)
SHOE,"Shoe Station Group, Inc. - Common Stock",US (NASDAQ)
SHOO,"Steven Madden, Ltd. - Common Stock",US (NASDAQ)
SHOP,Shopify Inc. - Class A Subordinate Voting Shares,US (NASDAQ)
SHOT,RMG ML Sports Holdings - Class A Ordinary Shares,US (NASDAQ)
SHPH,"Shuttle Pharmaceuticals Holdings, Inc. - common stock",US (NASDAQ)
SIBN,"SI-BONE, Inc. - Common Stock",US (NASDAQ)
SIDU,"Sidus Space, Inc. - Class A Common Stock",US (NASDAQ)
SIEB,Siebert Financial Corp. - Common Stock,US (NASDAQ)
SIFY,Sify Technologies Limited - American Depository Shares,US (NASDAQ)
SIGA,SIGA Technologies Inc. - Common Stock,US (NASDAQ)
SIGI,"Selective Insurance Group, Inc. - Common Stock",US (NASDAQ)
SILC,Silicom Ltd - Ordinary Shares,US (NASDAQ)
SILO,"Silo Pharma, Inc. - Common Stock",US (NASDAQ)
SINT,"SiNtx Technologies, Inc. - Common Stock",US (NASDAQ)
SION,"Sionna Therapeutics, Inc. - Common Stock",US (NASDAQ)
SIRI,SiriusXM Holdings Inc. - Common Stock,US (NASDAQ)
SITM,SiTime Corporation - Common Stock,US (NASDAQ)
SJ,Scienjoy Holding Corporation - Class A Ordinary Shares,US (NASDAQ)
SKIN,SkinHealth Systems Inc. - Class A Common Stock,US (NASDAQ)
SKK,SKK Holdings Limited - Class A Ordinary Shares,US (NASDAQ)
SKWD,"Skyward Specialty Insurance Group, Inc. - Common Stock",US (NASDAQ)
SKYA,"SkyAI, Inc. - Common Stock",US (NASDAQ)
SKYE,"Skye Bioscience, Inc. - Common Stock",US (NASDAQ)
SKYQ,Sky Quarry Inc. - Common Stock,US (NASDAQ)
SKYW,"SkyWest, Inc. - Common Stock",US (NASDAQ)
SKYX,SKYX Platforms Corp. - Common Stock,US (NASDAQ)
SLAB,"Silicon Laboratories, Inc. - Common Stock",US (NASDAQ)
SLBT,SL Science Holding Limited - Ordinary Shares,US (NASDAQ)
SLDB,Solid Biosciences Inc. - Common Stock,US (NASDAQ)
SLDE,"Slide Insurance Holdings, Inc. - Common Stock",US (NASDAQ)
SLDP,"Solid Power, Inc. - Class A Common Stock",US (NASDAQ)
SLE,"Super League Enterprise, Inc. - Common Stock",US (NASDAQ)
SLGB,Smart Logistics Global Limited - Class A Ordinary Shares,US (NASDAQ)
SLGL,Sol-Gel Technologies Ltd. - Ordinary Shares,US (NASDAQ)
SLM,SLM Corporation - Common Stock,US (NASDAQ)
SLMT,Brera Holdings PLC - Class B Ordinary Shares,US (NASDAQ)
SLN,Silence Therapeutics Plc - American Depository Share,US (NASDAQ)
SLNG,"Stabilis Solutions, Inc. - Common Stock",US (NASDAQ)
SLNH,"Soluna Holdings, Inc. - Common Stock",US (NASDAQ)
SLP,"Simulations Plus, Inc. - Common Stock",US (NASDAQ)
SLRC,SLR Investment Corp. - Closed End Fund,US (NASDAQ)
SLS,"SELLAS Life Sciences Group, Inc.  - Common Stock",US (NASDAQ)
SLSN,"Solesence, Inc. - Common stock",US (NASDAQ)
SLXN,Silexion Therapeutics Corp - Ordinary Shares,US (NASDAQ)
SMBC,"Southern Missouri Bancorp, Inc. - Common Stock",US (NASDAQ)
SMCI,"Super Micro Computer, Inc. - Common Stock",US (NASDAQ)
SMID,Smith-Midland Corporation - Common Stock,US (NASDAQ)
SMMT,Summit Therapeutics Inc.  - Common Stock,US (NASDAQ)
SMPL,The Simply Good Foods Company - Common Stock,US (NASDAQ)
SMSI,"Smith Micro Software, Inc. - Common Stock",US (NASDAQ)
SMTC,Semtech Corporation - Common Stock,US (NASDAQ)
SMTI,Sanara MedTech Inc. - Common Stock,US (NASDAQ)
SMTK,"SmartKem, Inc. - Common Stock",US (NASDAQ)
SMX,SMX (Security Matters) Public Limited Company - Ordinary Shares,US (NASDAQ)
SMXT,Solarmax Technology Inc. - Common Stock,US (NASDAQ)
SNAL,"Snail, Inc. - Class A Common Stock",US (NASDAQ)
SND,"Smart Sand, Inc. - Common Stock",US (NASDAQ)
SNDK,Sandisk Corporation - Common Stock When-Issued,US (NASDAQ)
SNDL,SNDL Inc. - Common Shares,US (NASDAQ)
SNDX,"Syndax Pharmaceuticals, Inc. - Common Stock",US (NASDAQ)
SNES,"SenesTech, Inc. - Common Stock",US (NASDAQ)
SNEX,StoneX Group Inc. - Common Stock,US (NASDAQ)
SNFCA,Security National Financial Corporation - Class A Common Stock,US (NASDAQ)
SNGX,"Soligenix, Inc. - Common Stock",US (NASDAQ)
SNOA,"Sonoma Pharmaceuticals, Inc. - Common Stock",US (NASDAQ)
SNPS,"Synopsys, Inc. - Common Stock",US (NASDAQ)
SNT,Senstar Technologies Corporation - Common Shares,US (NASDAQ)
SNTG,Sentage Holdings Inc. - Class A Ordinary Shares,US (NASDAQ)
SNTI,"Senti Biosciences Holdings, Inc. - Common Stock",US (NASDAQ)
SNWV,"SANUWAVE Health, Inc. - Common Stock",US (NASDAQ)
SNYR,Synergy CHC Corp. - Common Stock,US (NASDAQ)
SOBR,"SOBR Safe, Inc. - Common Stock",US (NASDAQ)
SOFI,"SoFi Technologies, Inc.  - Common Stock",US (NASDAQ)
SOLS,Solstice Advanced Materials Inc. - Common Stock,US (NASDAQ)
SONM,"DNA X, Inc. - Common Stock",US (NASDAQ)
SONO,"Sonos, Inc. - Common Stock",US (NASDAQ)
SOPH,SOPHiA GENETICS SA - Ordinary Shares,US (NASDAQ)
SORA,AsiaStrategy - Ordinary Shares,US (NASDAQ)
SOTK,Sono-Tek Corporation - Common Stock,US (NASDAQ)
SOUN,"SoundHound AI, Inc. - Class A Common Stock",US (NASDAQ)
SOWG,Sow Good Inc. - Common Stock,US (NASDAQ)
SPAI,Safe Pro Group Inc. - Common Stock,US (NASDAQ)
SPCB,"SuperCom, Ltd. - Ordinary Shares",US (NASDAQ)
SPCX,Space Exploration Technologies Corp. - Class A Common Stock,US (NASDAQ)
SPFI,"South Plains Financial, Inc. - Common Stock",US (NASDAQ)
SPHL,Springview Holdings Ltd - Ordinary shares,US (NASDAQ)
SPOK,"Spok Holdings, Inc. - Common Stock",US (NASDAQ)
SPPL,SIMPPLE LTD. - Ordinary Shares,US (NASDAQ)
SPRB,"Spruce Biosciences, Inc. - Common Stock",US (NASDAQ)
SPRC,SciSparc Ltd. - Ordinary Shares,US (NASDAQ)
SPRO,"Spero Therapeutics, Inc. - Common Stock",US (NASDAQ)
SPRY,"ARS Pharmaceuticals, Inc. - Common Stock",US (NASDAQ)
SPSC,"SPS Commerce, Inc. - Common Stock",US (NASDAQ)
SPT,"Sprout Social, Inc - Class A Common Stock",US (NASDAQ)
SPTX,"Seaport Therapeutics, Inc. - Common Stock",US (NASDAQ)
SPWH,"Sportsman's Warehouse Holdings, Inc. - Common Stock",US (NASDAQ)
SPWR,SunPower Inc. - Common Stock,US (NASDAQ)
SQFT,"Presidio Property Trust, Inc. - Class A Common Stock",US (NASDAQ)
SRAD,Sportradar Group AG - Class A Ordinary Shares,US (NASDAQ)
SRBK,"SR Bancorp, Inc. - Common stock",US (NASDAQ)
SRCE,1st Source Corporation - Common Stock,US (NASDAQ)
SRPT,"Sarepta Therapeutics, Inc. - Common Stock",US (NASDAQ)
SRRK,Scholar Rock Holding Corporation - Common Stock,US (NASDAQ)
SRTA,"Strata Critical Medical, Inc. - Class A Common Stock",US (NASDAQ)
SRTS,"Sensus Healthcare, Inc. - Common Stock",US (NASDAQ)
SRZN,"Surrozen, Inc. - Common Stock",US (NASDAQ)
SSBI,Summit State Bank - Common Stock,US (NASDAQ)
SSII,SS Innovations International Inc. - Common Stock,US (NASDAQ)
SSM,Sono Group N.V. - Ordinary Shares,US (NASDAQ)
SSNC,"SS&C Technologies Holdings, Inc. - Common Stock",US (NASDAQ)
SSP,E.W. Scripps Company (The) - Class A Common Stock,US (NASDAQ)
SSRM,SSR Mining Inc. - Common Stock,US (NASDAQ)
SSTI,"SoundThinking, Inc. - Common Stock",US (NASDAQ)
SSYS,"Stratasys, Ltd. - Common Stock",US (NASDAQ)
STAA,STAAR Surgical Company - Common Stock,US (NASDAQ)
STAK,STAK Inc. - Class A Ordinary Shares,US (NASDAQ)
STBA,"S&T Bancorp, Inc. - Common Stock",US (NASDAQ)
STEP,StepStone Group Inc. - Class A Common Stock,US (NASDAQ)
STEX,Streamex Corp. - Common Stock,US (NASDAQ)
STFS,Star Fashion Culture Holdings Limited - Class A Ordinary Shares,US (NASDAQ)
STGW,Stagwell Inc. - Class A Common Stock,US (NASDAQ)
STHO,Star Holdings - Shares of Beneficial Interest,US (NASDAQ)
STI,"Solidion Technology, Inc. - Common Stock",US (NASDAQ)
STIM,"Neuronetics, Inc. - Common Stock",US (NASDAQ)
STKE,Sol Strategies Inc. - Common Shares,US (NASDAQ)
STKS,"The ONE Group Hospitality, Inc. - Common Stock",US (NASDAQ)
STLD,"Steel Dynamics, Inc. - Common Stock",US (NASDAQ)
STLN,"Starling Oncology, Inc. - Common Stock",US (NASDAQ)
STNE,StoneCo Ltd. - Class A Common Share,US (NASDAQ)
STOK,"Stoke Therapeutics, Inc. - Common Stock",US (NASDAQ)
STRA,"Strategic Education, Inc. - Common Stock",US (NASDAQ)
STRL,"Sterling Infrastructure, Inc. - Common Stock",US (NASDAQ)
STRO,"Sutro Biopharma, Inc. - Common Stock",US (NASDAQ)
STRR,"Star Equity Holdings, Inc. - Common Stock",US (NASDAQ)
STRS,Stratus Properties Inc. - Common Stock,US (NASDAQ)
STRT,STRATTEC SECURITY CORPORATION - Common Stock,US (NASDAQ)
STRZ,Starz Entertainment Corp. - Common Shares,US (NASDAQ)
STTK,"Shattuck Labs, Inc. - Common Stock",US (NASDAQ)
STX,Seagate Technology Holdings PLC - Ordinary Shares (Ireland),US (NASDAQ)
SUGP,SU Group Holdings Limited - Class A Ordinary Shares,US (NASDAQ)
SUIG,Sui Group Holdings Limited - Common Stock,US (NASDAQ)
SUJA,"Suja Life, Inc. - Class A Common Stock",US (NASDAQ)
SUNE,"SUNation Energy, Inc. - Common Stock",US (NASDAQ)
SUNS,"Sunrise Realty Trust, Inc. - Common Stock",US (NASDAQ)
SUPN,"Supernus Pharmaceuticals, Inc. - Common Stock",US (NASDAQ)
SUPX,SuperX AI Technology Limited - Ordinary Shares,US (NASDAQ)
SURG,"SurgePays, Inc. - Common Stock",US (NASDAQ)
SVA,"Sinovac Biotech, Ltd. - Ordinary Shares (Antigua/Barbudo)",US (NASDAQ)
SVC,Service Properties Trust - Common Shares of Beneficial Interest,US (NASDAQ)
SVCC,Stellar V Capital Corp. - Class A Ordinary Shares,US (NASDAQ)
SVCO,"Silvaco Group, Inc. - Common Stock",US (NASDAQ)
SVRA,"Savara, Inc. - Common Stock",US (NASDAQ)
SVRN,OceanPal Inc. - Common Stock,US (NASDAQ)
SWAG,"Stran & Company, Inc. - Common Stock",US (NASDAQ)
SWBI,"Smith & Wesson Brands, Inc. - Common Stock",US (NASDAQ)
SWIM,"Latham Group, Inc. - Common Stock",US (NASDAQ)
SWKS,"Skyworks Solutions, Inc. - Common Stock",US (NASDAQ)
SWMR,"Swarmer, Inc - common stock",US (NASDAQ)
SWVL,Swvl Holdings Corp - Ordinary Shares,US (NASDAQ)
SXTC,"China SXT Pharmaceuticals, Inc. - Class A Ordinary Shares",US (NASDAQ)
SXTP,"60 Degrees Pharmaceuticals, Inc. - Common Stock",US (NASDAQ)
SY,So-Young International Inc. - American Depository Shares,US (NASDAQ)
SYBT,"Stock Yards Bancorp, Inc. - Common Stock",US (NASDAQ)
SYM,Symbotic Inc. - Class A Common Stock,US (NASDAQ)
SYNA,Synaptics Incorporated - Common Stock,US (NASDAQ)
SYPR,"Sypris Solutions, Inc. - Common Stock",US (NASDAQ)
SYRE,"Spyre Therapeutics, Inc. - Common Stock",US (NASDAQ)
TACT,TransAct Technologies Incorporated - Common Stock,US (NASDAQ)
TALK,"Talkspace, Inc. - Common Stock",US (NASDAQ)
TANH,Tantech Holdings Ltd. - Class A Common Shares,US (NASDAQ)
TAOP,Taoping Inc. - Ordinary Shares,US (NASDAQ)
TAOX,Tao Synergies Inc. - Common Stock,US (NASDAQ)
TARA,"Protara Therapeutics, Inc.  - Common Stock",US (NASDAQ)
TARS,"Tarsus Pharmaceuticals, Inc. - Common Stock",US (NASDAQ)
TASK,"TaskUs, Inc. - Class A Common Stock",US (NASDAQ)
TATT,TAT Technologies Ltd. - Ordinary Shares,US (NASDAQ)
TAYD,"Taylor Devices, Inc. - Common Stock",US (NASDAQ)
TBBK,"The Bancorp, Inc. - Common Stock",US (NASDAQ)
TBCH,Turtle Beach Corporation - Common Stock,US (NASDAQ)
TBLA,Taboola.com Ltd. - Ordinary Shares,US (NASDAQ)
TBLD,Thornburg Income Builder Opportunities Trust - Closed End Fund,US (NASDAQ)
TBPH,"Theravance Biopharma, Inc. - Ordinary Shares",US (NASDAQ)
TCBI,"Texas Capital Bancshares, Inc. - Common Stock",US (NASDAQ)
TCBK,TriCo Bancshares - Common Stock,US (NASDAQ)
TCBS,"Texas Community Bancshares, Inc. - Common Stock",US (NASDAQ)
TCMD,"Tactile Systems Technology, Inc. - Common Stock",US (NASDAQ)
TCPC,BlackRock TCP Capital Corp. - Closed End Fund,US (NASDAQ)
TCRT,"Alaunos Therapeutics, Inc. - Common Stock",US (NASDAQ)
TCRX,"TScan Therapeutics, Inc. - Common Stock",US (NASDAQ)
TCX,Tucows Inc. - Common Stock,US (NASDAQ)
TDIC,Dreamland Limited - Class A Ordinary Shares,US (NASDAQ)
TDTH,Trident Digital Tech Holdings Ltd - Class B Ordinary Shares,US (NASDAQ)
TDUP,ThredUp Inc. - Class A Common Stock,US (NASDAQ)
TEAD,Teads Holding Co. - Common Stock,US (NASDAQ)
TEAM,Atlassian Corporation  - Class A Common Stock,US (NASDAQ)
TECH,Bio-Techne Corp - Common Stock,US (NASDAQ)
TECX,"Tectonic Therapeutic, Inc. - Common Stock",US (NASDAQ)
TELA,"TELA Bio, Inc. - Common stock",US (NASDAQ)
TELO,"Telomir Pharmaceuticals, Inc. - Common Stock",US (NASDAQ)
TEM,"Tempus AI, Inc. - Class A Common Stock",US (NASDAQ)
TENB,"Tenable Holdings, Inc. - Common Stock",US (NASDAQ)
TENX,"Tenax Therapeutics, Inc. - Common Stock",US (NASDAQ)
TER,"Teradyne, Inc. - Common Stock",US (NASDAQ)
TFSL,TFS Financial Corporation - Common Stock,US (NASDAQ)
TGHL,The GrowHub Limited - Class A Ordinary Shares,US (NASDAQ)
TGL,Treasure Global Inc. - Common Stock,US (NASDAQ)
TGTX,"TG Therapeutics, Inc. - Common Stock",US (NASDAQ)
TH,Target Hospitality Corp. - Common Stock,US (NASDAQ)
THCH,TH International Limited - Ordinary shares,US (NASDAQ)
THFF,First Financial Corporation  - Common Stock,US (NASDAQ)
THH,TryHard Holdings Limited - Ordinary Shares,US (NASDAQ)
THRM,Gentherm Inc - Common Stock,US (NASDAQ)
THRY,"Thryv Holdings, Inc. - Common Stock",US (NASDAQ)
TIGO,Millicom International Cellular S.A. - Common Stock,US (NASDAQ)
TIL,"Instil Bio, Inc. - Common Stock",US (NASDAQ)
TILE,"Interface, Inc. - Common Stock",US (NASDAQ)
TIPT,Tiptree Inc. - Common Stock,US (NASDAQ)
TITN,Titan Machinery Inc. - Common Stock,US (NASDAQ)
TJGC,TJGC Group Limited - ordinary shares,US (NASDAQ)
TKNO,"Alpha Teknova, Inc. - Common Stock",US (NASDAQ)
TLF,"Tandy Leather Factory, Inc. - common stock",US (NASDAQ)
TLIH,Ten-League International Holdings Limited - Ordinary Shares,US (NASDAQ)
TLN,Talen Energy Corporation - Common Stock,US (NASDAQ)
TLNC,Talon Capital Corp. - Class A Ordinary Shares,US (NASDAQ)
TLPH,"Talphera, Inc. - Common Stock",US (NASDAQ)
TLRY,"Tilray Brands, Inc. - Common Stock",US (NASDAQ)
TLS,Telos Corporation - Common Stock,US (NASDAQ)
TLSA,Tiziana Life Sciences Ltd - Common Shares,US (NASDAQ)
TLSI,"TriSalus Life Sciences, Inc. - Common Stock",US (NASDAQ)
TMC,TMC the metals company Inc. - Common Stock,US (NASDAQ)
TMCI,"Treace Medical Concepts, Inc. - Common Stock",US (NASDAQ)
TMCR,The Metals Royalty Company Inc. - Common Stock,US (NASDAQ)
TMDX,"TransMedics Group, Inc. - Common Stock",US (NASDAQ)
TMS,Teamshares Inc. - Common Stock,US (NASDAQ)
TMUS,"T-Mobile US, Inc. - Common Stock",US (NASDAQ)
TNDM,"Tandem Diabetes Care, Inc. - Common Stock",US (NASDAQ)
TNGX,"Tango Therapeutics, Inc. - Common Stock",US (NASDAQ)
TNMG,TNL Mediagene - Ordinary Shares,US (NASDAQ)
TNON,"Tenon Medical, Inc. - Common Stock",US (NASDAQ)
TNXP,Tonix Pharmaceuticals Holding Corp. - Common Stock,US (NASDAQ)
TNYA,"Tenaya Therapeutics, Inc. - Common Stock",US (NASDAQ)
TOMZ,"TOMI Environmental Solutions, Inc. - Common Stock",US (NASDAQ)
TONX,TON Strategy Company - Common Stock,US (NASDAQ)
TOP,TOP Financial Group Limited - Class A Ordinary Shares,US (NASDAQ)
TORO,Toro Corp. - Common stock,US (NASDAQ)
TOWN,Towne Bank - Common Stock,US (NASDAQ)
TOYO,"TOYO Co., Ltd - Ordinary Shares",US (NASDAQ)
TPCS,TechPrecision Corporation - Common stock,US (NASDAQ)
TPG,TPG Inc. - Class A Common Stock,US (NASDAQ)
TPST,"Tempest Therapeutics, Inc. - Common Stock",US (NASDAQ)
TRAW,"Traws Pharma, Inc. - Common Stock",US (NASDAQ)
TRAX,"First Tracks Biotherapeutics, Inc. - Ordinary Shares",US (NASDAQ)
TRDA,"Entrada Therapeutics, Inc. - Common Stock",US (NASDAQ)
TREE,"LendingTree, Inc. - Common Stock",US (NASDAQ)
TRGS,TRG Latin America Acquisitions Corp. - Class A Ordinary Shares,US (NASDAQ)
TRI,Thomson Reuters Corp - Common Shares,US (NASDAQ)
TRIP,"TripAdvisor, Inc. - Common Stock",US (NASDAQ)
TRMB,Trimble Inc. - Common Stock,US (NASDAQ)
TRMD,TORM plc - Class A Common Stock,US (NASDAQ)
TRMK,Trustmark Corporation - Common Stock,US (NASDAQ)
TRNR,Interactive Strength Inc. - Common Stock,US (NASDAQ)
TRNS,"Transcat, Inc. - Common Stock",US (NASDAQ)
TRON,Tron Inc. - Common Stock,US (NASDAQ)
TROO,"TROOPS, Inc.  - Ordinary Shares",US (NASDAQ)
TROW,"T. Rowe Price Group, Inc. - Common Stock",US (NASDAQ)
TRS,TriMas Corporation - Common Stock,US (NASDAQ)
TRSG,Tungray Technologies Inc - Class A Ordinary Shares,US (NASDAQ)
TRST,TrustCo Bank Corp NY - Common Stock,US (NASDAQ)
TRUG,"TruGolf Holdings, Inc. - Class A Common Stock",US (NASDAQ)
TRUP,"Trupanion, Inc. - Common Stock",US (NASDAQ)
TRVI,"Trevi Therapeutics, Inc. - Common Stock",US (NASDAQ)
TSAT,Telesat Corporation - Class A Common Shares and Class B Variable Voting Shares,US (NASDAQ)
TSBK,"Timberland Bancorp, Inc. - Common Stock",US (NASDAQ)
TSCO,Tractor Supply Company - Common Stock,US (NASDAQ)
TSEM,Tower Semiconductor Ltd. - Ordinary Shares,US (NASDAQ)
TSHA,"Taysha Gene Therapies, Inc. - Common Stock",US (NASDAQ)
TSLA,"Tesla, Inc.  - Common Stock",US (NASDAQ)
TSSI,"TSS, Inc. - Common Stock",US (NASDAQ)
TTAN,"ServiceTitan, Inc. - Class A Common Stock",US (NASDAQ)
TTD,"The Trade Desk, Inc. - Class A Common Stock",US (NASDAQ)
TTEC,"TTEC Holdings, Inc. - Common Stock",US (NASDAQ)
TTEK,"Tetra Tech, Inc. - Common Stock",US (NASDAQ)
TTGT,"TechTarget, Inc. - Common Stock",US (NASDAQ)
TTMI,"TTM Technologies, Inc. - Common Stock",US (NASDAQ)
TTRX,Turn Therapeutics Inc. - Common Stock,US (NASDAQ)
TTWO,"Take-Two Interactive Software, Inc. - Common Stock",US (NASDAQ)
TULP,"Bloomia Holdings, Inc. - Common Stock",US (NASDAQ)
TUSK,"Mammoth Energy Services, Inc. - Common Stock",US (NASDAQ)
TVA,Texas Ventures Acquisition III Corp - Class A Ordinary Share,US (NASDAQ)
TVGN,Tevogen Inc. - Common Stock,US (NASDAQ)
TVIV,Texas Ventures Acquisition IV Corp - Class A Ordinary Shares,US (NASDAQ)
TVRD,"Tvardi Therapeutics, Inc. - Common Stock",US (NASDAQ)
TVTX,"Travere Therapeutics, Inc. - Common Stock",US (NASDAQ)
TW,Tradeweb Markets Inc. - Class A Common Stock,US (NASDAQ)
TWAV,"TaoWeave, Inc. - Common Stock",US (NASDAQ)
TWFG,"TWFG, Inc. - Common Stock",US (NASDAQ)
TWG,Top Wealth Group Holding Limited - Class A Ordinary Shares,US (NASDAQ)
TWIN,"Twin Disc, Incorporated - Common Stock",US (NASDAQ)
TWLV,Twelve Seas Investment Company III - Class A Ordinary Shares,US (NASDAQ)
TWST,Twist Bioscience Corporation - Common Stock,US (NASDAQ)
TXG,"10x Genomics, Inc. - Common Stock",US (NASDAQ)
TXMD,"TherapeuticsMD, Inc. - Common Stock",US (NASDAQ)
TXN,Texas Instruments Incorporated - Common Stock,US (NASDAQ)
TXRH,"Texas Roadhouse, Inc. - Common Stock",US (NASDAQ)
TYGO,"Tigo Energy, Inc. - Common Stock",US (NASDAQ)
TYRA,"Tyra Biosciences, Inc. - Common Stock",US (NASDAQ)
TZOO,Travelzoo - Common Stock,US (NASDAQ)
UAL,"United Airlines Holdings, Inc. - Common Stock",US (NASDAQ)
UBCP,"United Bancorp, Inc. - Common Stock",US (NASDAQ)
UBSI,"United Bankshares, Inc. - Common Stock",US (NASDAQ)
UCAR,U Power Limited - Class A Ordinary Shares,US (NASDAQ)
UCFI,CN Healthy Food Tech Group Corp. - Common Stock,US (NASDAQ)
UCTT,"Ultra Clean Holdings, Inc. - Common Stock",US (NASDAQ)
UEIC,Universal Electronics Inc. - Common Stock,US (NASDAQ)
UFCS,"United Fire Group, Inc - Common Stock",US (NASDAQ)
UFG,Uni-Fuels Holdings Limited - Class A Ordinary Shares,US (NASDAQ)
UFPI,"UFP Industries, Inc. - Common Stock",US (NASDAQ)
UFPT,"UFP Technologies, Inc. - Common Stock",US (NASDAQ)
UG,"United-Guardian, Inc. - Common Stock",US (NASDAQ)
UK,Ucommune International Ltd  - Class A Ordinary Shares,US (NASDAQ)
ULBI,Ultralife Corporation - Common Stock,US (NASDAQ)
ULCC,"Frontier Group Holdings, Inc. - Common Stock",US (NASDAQ)
ULH,"Universal Logistics Holdings, Inc. - Common Stock",US (NASDAQ)
ULTA,"Ulta Beauty, Inc. - Common Stock",US (NASDAQ)
UMBF,UMB Financial Corporation - Common Stock,US (NASDAQ)
UNB,"Union Bankshares, Inc. - Common Stock",US (NASDAQ)
UNCY,"Unicycive Therapeutics, Inc. - Common Stock",US (NASDAQ)
UNIT,Uniti Group Inc. - Common Stock,US (NASDAQ)
UNTY,"Unity Bancorp, Inc. - Common Stock",US (NASDAQ)
UONE,"Urban One, Inc.  - Class A Common Stock",US (NASDAQ)
UONEK,"Urban One, Inc.  - Class D Common Stock",US (NASDAQ)
UPB,"Upstream Bio, Inc. - Common Stock",US (NASDAQ)
UPBD,"Upbound Group, Inc. - Common Stock",US (NASDAQ)
UPC,Universe Pharmaceuticals Inc - Class A Ordinary Shares,US (NASDAQ)
UPLD,"Upland Software, Inc. - Common Stock",US (NASDAQ)
UPST,"Upstart Holdings, Inc. - Common stock",US (NASDAQ)
UPWK,Upwork Inc. - Common Stock,US (NASDAQ)
UPXI,"Upexi, Inc. - Common Stock",US (NASDAQ)
URBN,"Urban Outfitters, Inc. - Common Stock",US (NASDAQ)
URGN,UroGen Pharma Ltd. - Ordinary Shares,US (NASDAQ)
UROY,Uranium Royalty Corp. - Common Stock,US (NASDAQ)
USAR,"USA Rare Earth, Inc. - Common Stock",US (NASDAQ)
USAU,U.S. Gold Corp. - Common Stock,US (NASDAQ)
USCB,"USCB Financial Holdings, Inc.  - Class A Common Stock",US (NASDAQ)
USDE,StablecoinX Inc. - Class A Common Stock,US (NASDAQ)
USEA,United Maritime Corporation - Common Stock,US (NASDAQ)
USGO,U.S. GoldMining Inc. - Common stock,US (NASDAQ)
USIO,"Usio, Inc. - Common Stock",US (NASDAQ)
USLM,"United States Lime & Minerals, Inc. - Common Stock",US (NASDAQ)
UTHR,United Therapeutics Corporation - Common Stock,US (NASDAQ)
UTMD,"Utah Medical Products, Inc. - Common Stock",US (NASDAQ)
UTSI,UTStarcom Holdings Corp - Ordinary Shares,US (NASDAQ)
UVSP,Univest Financial Corporation - Common Stock,US (NASDAQ)
UZX,Linkage Global Inc - Class A Ordinary Shares,US (NASDAQ)
VABK,Virginia National Bankshares Corporation - Common Stock,US (NASDAQ)
VALU,"Value Line, Inc. - Common Stock",US (NASDAQ)
VANI,"Vivani Medical, Inc.  - Common Stock",US (NASDAQ)
VBIO,"Valion Bio, Inc. - Common stock",US (NASDAQ)
VBNK,VersaBank - Common Shares,US (NASDAQ)
VC,Visteon Corporation - Common Stock,US (NASDAQ)
VCEL,Vericel Corporation - Common Stock,US (NASDAQ)
VCIG,VCI Global Limited - Ordinary Share,US (NASDAQ)
VCTR,"Victory Capital Holdings, Inc. - Common Stock",US (NASDAQ)
VCYT,"Veracyte, Inc. - Common Stock",US (NASDAQ)
VECO,Veeco Instruments Inc. - Common Stock,US (NASDAQ)
VEEA,Veea Inc. - Common Stock,US (NASDAQ)
VEEE,Twin Vee PowerCats Co. - Common Stock,US (NASDAQ)
VELO,"Velo3D, Inc. - Common stock",US (NASDAQ)
VERA,"Vera Therapeutics, Inc. - Class A Common Stock",US (NASDAQ)
VERI,"Veritone, Inc. - Common Stock",US (NASDAQ)
VERU,Veru Inc. - Common Stock,US (NASDAQ)
VERX,"Vertex, Inc. - Class A Common Stock",US (NASDAQ)
VFF,"Village Farms International, Inc. - Common Shares",US (NASDAQ)
VFS,VinFast Auto Ltd. - Ordinary Shares,US (NASDAQ)
VGAS,"Verde Clean Fuels, Inc. - Class A Common Stock",US (NASDAQ)
VHC,VirnetX Holding Corp - Common Stock,US (NASDAQ)
VHCP,Vine Hill Capital Investment Corp. II - Class A Ordinary Shares,US (NASDAQ)
VHUB,"VenHub Global, Inc. - Common Stock",US (NASDAQ)
VIAV,Viavi Solutions Inc. - Common Stock,US (NASDAQ)
VICR,Vicor Corporation - Common Stock,US (NASDAQ)
VINP,Vinci Compass Investments Ltd. - Class A Common Shares,US (NASDAQ)
VIP,Vulcan Infrastructure and Power Inc. - Class A Common Stock,US (NASDAQ)
VIR,"Vir Biotechnology, Inc. - Common Stock",US (NASDAQ)
VIRC,Virco Manufacturing Corporation - Common Stock,US (NASDAQ)
VISN,"Vistance Networks, Inc.  - Common Stock",US (NASDAQ)
VITL,"Vital Farms, Inc. - Common Stock",US (NASDAQ)
VIVK,"Vivakor, Inc. - Common Stock",US (NASDAQ)
VIVO,VivoPower PLC - Class A Ordinary Shares,US (NASDAQ)
VIVS,"VivoSim Labs, Inc. - Common Stock",US (NASDAQ)
VKTX,"Viking Therapeutics, Inc. - Common Stock",US (NASDAQ)
VLGEA,"Village Super Market, Inc. - Class A Common Stock",US (NASDAQ)
VLOS,Velos Acquisition I Corp. - Class A Ordinary shares,US (NASDAQ)
VLY,Valley National Bancorp - Common Stock,US (NASDAQ)
VMAR,Vision Marine Technologies Inc. - Common Shares,US (NASDAQ)
VMD,"Viemed Healthcare, Inc. - Common Shares",US (NASDAQ)
VMET,Versamet Royalties Corporation - Common Stock,US (NASDAQ)
VNCE,Vince Holding Corp. - Common Stock,US (NASDAQ)
VNDA,Vanda Pharmaceuticals Inc. - Common Stock,US (NASDAQ)
VNOM,"Viper Energy, Inc.  - Class A Common Stock",US (NASDAQ)
VOR,Vor Biopharma Inc. - Common Stock,US (NASDAQ)
VOXR,Vox Royalty Corp. - common stock,US (NASDAQ)
VRA,"Vera Bradley, Inc. - Common Stock",US (NASDAQ)
VRAX,Virax Biolabs Group Limited - Ordinary Shares,US (NASDAQ)
VRCA,Verrica Pharmaceuticals Inc. - Common Stock,US (NASDAQ)
VRDN,"Viridian Therapeutics, Inc.  - Common Stock",US (NASDAQ)
VREX,Varex Imaging Corporation - Common Stock,US (NASDAQ)
VRM,"Vroom, Inc. - Common Stock",US (NASDAQ)
VRME,"VerifyMe, Inc. - Common Stock",US (NASDAQ)
VRNS,"Varonis Systems, Inc. - Common Stock",US (NASDAQ)
VRRM,Verra Mobility Corporation - Class A Common Stock,US (NASDAQ)
VRSK,"Verisk Analytics, Inc. - Common Stock",US (NASDAQ)
VRSN,"VeriSign, Inc. - Common Stock",US (NASDAQ)
VRTX,Vertex Pharmaceuticals Incorporated - Common Stock,US (NASDAQ)
VRXA,Veraxa Biotech AG - Ordinary Shares,US (NASDAQ)
VS,Versus Systems Inc. - Common Stock,US (NASDAQ)
VSAT,"ViaSat, Inc. - Common Stock",US (NASDAQ)
VSEC,VSE Corporation - Common Stock,US (NASDAQ)
VSME,VS Media Holdings Limited - Class A Ordinary Shares,US (NASDAQ)
VSNT,"Versant Media Group, Inc. - Class A Common Stock",US (NASDAQ)
VSTM,"Verastem, Inc. - Common Stock",US (NASDAQ)
VTGN,"Vistagen Therapeutics, Inc. - Common Stock",US (NASDAQ)
VTIX,Virtuix Holdings Inc. - Class A Common Stock,US (NASDAQ)
VTRS,Viatris Inc. - Common Stock,US (NASDAQ)
VTSI,"VirTra, Inc. - Common Stock",US (NASDAQ)
VTVT,vTv Therapeutics Inc. - Class A Common Stock,US (NASDAQ)
VUZI,Vuzix Corporation  - Common Stock,US (NASDAQ)
VVOS,"Vivos Therapeutics, Inc. - Common Stock",US (NASDAQ)
VWAV,"VisionWave Holdings, Inc. - Common Stock",US (NASDAQ)
VYGR,"Voyager Therapeutics, Inc. - Common Stock",US (NASDAQ)
WABC,Westamerica Bancorporation - Common Stock,US (NASDAQ)
WAFD,"WaFd, Inc. - Common Stock",US (NASDAQ)
WAFU,Wah Fu Education Group Limited - Ordinary Shares,US (NASDAQ)
WALD,Waldencast plc - Class A Ordinary Share,US (NASDAQ)
WASH,"Washington Trust Bancorp, Inc. - Common Stock",US (NASDAQ)
WATT,Energous Corporation - Common Stock,US (NASDAQ)
WAY,Waystar Holding Corp. - Common Stock,US (NASDAQ)
WBD,"Warner Bros. Discovery, Inc. - Series A Common Stock",US (NASDAQ)
WBTN,WEBTOON Entertainment Inc. - Common stock,US (NASDAQ)
WBUY,WEBUY GLOBAL LTD. - Class A Ordinary Shares,US (NASDAQ)
WCT,Wellchange Holdings Company Limited - Class A Ordinary shares,US (NASDAQ)
WDAY,"Workday, Inc. - Class A Common Stock",US (NASDAQ)
WDC,Western Digital Corporation - Common Stock,US (NASDAQ)
WDFC,WD-40 Company - Common Stock,US (NASDAQ)
WEN,Wendy's Company (The) - Common Stock,US (NASDAQ)
WERN,"Werner Enterprises, Inc. - Common Stock",US (NASDAQ)
WEST,Westrock Coffee Company - Common Stock,US (NASDAQ)
WETH,Wetouch Technology Inc. - Common Stock,US (NASDAQ)
WETO,Wetour Robotics Limited - Ordinary Shares,US (NASDAQ)
WEYS,"Weyco Group, Inc. - Common Stock",US (NASDAQ)
WFCF,"Where Food Comes From, Inc. - Common Stock",US (NASDAQ)
WFF,WF Holding Limited - Ordinary Shares,US (NASDAQ)
WFRD,Weatherford International plc - Ordinary shares,US (NASDAQ)
WGS,GeneDx Holdings Corp. - Class A Common Stock,US (NASDAQ)
WHF,"WhiteHorse Finance, Inc. - Closed End Fund",US (NASDAQ)
WHLR,"Wheeler Real Estate Investment Trust, Inc. - Common Stock",US (NASDAQ)
WHWK,"Whitehawk Therapeutics, Inc. - Common Stock",US (NASDAQ)
WILC,"G. Willi-Food International,  Ltd. - Ordinary Shares",US (NASDAQ)
WIMI,WiMi Hologram Cloud Inc. - Class B Ordinary Shares,US (NASDAQ)
WINA,Winmark Corporation - Common Stock,US (NASDAQ)
WING,Wingstop Inc. - Common Stock,US (NASDAQ)
WIX,Wix.com Ltd. - Ordinary Shares,US (NASDAQ)
WKHS,"Workhorse Group, Inc. - Common Stock",US (NASDAQ)
WKSP,"Worksport, Ltd. - Common Stock",US (NASDAQ)
WLDN,"Willdan Group, Inc. - Common Stock",US (NASDAQ)
WLDS,Wearable Devices Ltd. - Ordinary Share,US (NASDAQ)
WLFC,Willis Lease Finance Corporation - Common Stock,US (NASDAQ)
WLTH,Wealthfront Corporation - Common Stock,US (NASDAQ)
WMG,Warner Music Group Corp. - Class A Common Stock,US (NASDAQ)
WMT,Walmart Inc. - Common Stock,US (NASDAQ)
WNEB,"Western New England Bancorp, Inc. - Common Stock",US (NASDAQ)
WNW,Meiwu Technology Company Limited - Ordinary Shares,US (NASDAQ)
WOK,WORK Medical Technology Group LTD - Class A Ordinary Shares,US (NASDAQ)
WOOF,"Petco Health and Wellness Company, Inc. - Class A Common Stock",US (NASDAQ)
WPRT,Westport Fuel Systems Inc - Common Shares,US (NASDAQ)
WRAP,"Wrap Technologies, Inc. - Common Stock",US (NASDAQ)
WRLD,World Acceptance Corporation - Common Stock,US (NASDAQ)
WSBC,"WesBanco, Inc. - Common Stock",US (NASDAQ)
WSBF,"Waterstone Financial, Inc. - Common Stock",US (NASDAQ)
WSBK,"Winchester Bancorp, Inc. - Common Stock",US (NASDAQ)
WSC,WillScot Holdings Corporation - Class A Common Stock,US (NASDAQ)
WSE,Wise Group plc - Class A Ordinary Shares,US (NASDAQ)
WSFS,WSFS Financial Corporation - Common Stock,US (NASDAQ)
WSHP,WeShop Holdings Limited - Class A Ordinary Shares,US (NASDAQ)
WTBA,West Bancorporation - Common Stock,US (NASDAQ)
WTF,Waton Financial Limited - Ordinary Shares,US (NASDAQ)
WTFC,Wintrust Financial Corporation - Common Stock,US (NASDAQ)
WTW,Willis Towers Watson Public Limited Company - Ordinary Shares,US (NASDAQ)
WULF,TeraWulf Inc. - Common Stock,US (NASDAQ)
WVE,Wave Life Sciences Ltd. - Ordinary Shares,US (NASDAQ)
WVVI,"Willamette Valley Vineyards, Inc. - Common Stock",US (NASDAQ)
WW,"WW International, Inc.  - Common Stock",US (NASDAQ)
WWD,"Woodward, Inc. - Common Stock",US (NASDAQ)
WXM,WF International Limited - Ordinary Shares,US (NASDAQ)
WYFI,"WhiteFiber, Inc. - Ordinary Shares",US (NASDAQ)
WYNN,"Wynn Resorts, Limited - Common Stock",US (NASDAQ)
XAIR,"Beyond Air, Inc. - Common Stock",US (NASDAQ)
XBIO,"Xenetic Biosciences, Inc. - Common Stock",US (NASDAQ)
XBIT,XBiotech Inc. - Common Stock,US (NASDAQ)
XBP,"XBP Global Holdings, Inc. - Common Stock",US (NASDAQ)
XCH,XCHG Limited - ADS,US (NASDAQ)
XCUR,"Exicure, Inc. - Common Stock",US (NASDAQ)
XE,"X-Energy, Inc. - Class A Common Stock",US (NASDAQ)
XEL,Xcel Energy Inc. - Common Stock,US (NASDAQ)
XELB,"Xcel Brands, Inc - Common Stock",US (NASDAQ)
XENE,Xenon Pharmaceuticals Inc. - Common Shares,US (NASDAQ)
XERS,"Xeris Biopharma Holdings, Inc. - Common Stock",US (NASDAQ)
XFOR,"X4 Pharmaceuticals, Inc. - Common Stock",US (NASDAQ)
XGN,Exagen Inc. - Common Stock,US (NASDAQ)
XHLD,"TEN Holdings, Inc. - Common Stock",US (NASDAQ)
XLO,"Xilio Therapeutics, Inc. - Common Stock",US (NASDAQ)
XMAX,"XMAX, Inc. - Common Stock",US (NASDAQ)
XMTR,"Xometry, Inc. - Class A Common Stock",US (NASDAQ)
XNCR,"Xencor, Inc. - Common Stock",US (NASDAQ)
XNDU,Xanadu Quantum Technologies Limited - Class B Subordinate Voting Shares,US (NASDAQ)
XOS,"Xos, Inc. - Common Stock",US (NASDAQ)
XP,XP Inc. - Class A Common Stock,US (NASDAQ)
XPEL,"XPEL, Inc. - Common Stock",US (NASDAQ)
XPON,Expion360 Inc. - Common Stock,US (NASDAQ)
XRAY,DENTSPLY SIRONA Inc. - Common Stock,US (NASDAQ)
XRTX,XORTX Therapeutics Inc. - Common Shares,US (NASDAQ)
XRX,Xerox Holdings Corporation - Common Stock,US (NASDAQ)
XTIA,"XTI Aerospace, Inc. Common Stock  - Common Stock",US (NASDAQ)
XWEL,"XWELL, Inc. - Common Stock",US (NASDAQ)
XXII,"22nd Century Group, Inc - Common Stock",US (NASDAQ)
YAAS,Youxin Technology Ltd - Class A Ordinary shares,US (NASDAQ)
YARW,"Yarrow Bioscience, Inc. - Common Stock",US (NASDAQ)
YDDL,One and One Green Technologies. INC - Class A Ordinary Shares,US (NASDAQ)
YDES,YD Bio Limited - Ordinary Shares,US (NASDAQ)
YDKG,Yueda Digital Holding - Class A Ordinary Share,US (NASDAQ)
YHC,LQR House Inc. - Common Stock,US (NASDAQ)
YHGJ,Yunhong Green CTI Ltd. - Common Stock,US (NASDAQ)
YHNA,YHN Acquisition I Limited - Ordinary Shares,US (NASDAQ)
YIBO,Planet Image International Limited - Class A Ordinary Shares,US (NASDAQ)
YICC,Yorkville International Capital Corp. - Class A Ordinary Shares,US (NASDAQ)
YJ,Yunji Inc. - American Depository Shares,US (NASDAQ)
YMAT,"J-Star Holding Co., Ltd. - Class A Ordinary Shares",US (NASDAQ)
YORW,The York Water Company - Common Stock,US (NASDAQ)
YSWY,"Yesway, Inc. - Class A Common Stock",US (NASDAQ)
YSXT,"YSX Tech. Co., Ltd  - Class A Ordinary Shares",US (NASDAQ)
YTRA,"Yatra Online, Inc. - Ordinary Shares",US (NASDAQ)
YXT,YXT.COM GROUP HOLDING LIMITED - American Depository Shares,US (NASDAQ)
YYAI,AiRWA Inc. - Common Stock,US (NASDAQ)
YYGH,YY Group Holding Limited - Class A Ordinary Shares,US (NASDAQ)
Z,"Zillow Group, Inc. - Class C Capital Stock",US (NASDAQ)
ZBAO,Zhibao Technology Inc. - Class A Ordinary Shares,US (NASDAQ)
ZBIO,"Zenas BioPharma, Inc. - Common Stock",US (NASDAQ)
ZBRA,Zebra Technologies Corporation - Class A Common Stock,US (NASDAQ)
ZCMD,Zhongchao Inc. - Class A Ordinary Shares,US (NASDAQ)
ZD,"Ziff Davis, Inc. - Common Stock",US (NASDAQ)
ZDAI,"DirectBooking Technology Co., Ltd. - Class A Ordinary Shares",US (NASDAQ)
ZENA,"ZenaTech, Inc. - Common Stock",US (NASDAQ)
ZEO,Zeo Energy Corporation - Class A Common Stock,US (NASDAQ)
ZG,"Zillow Group, Inc. - Class A Common Stock",US (NASDAQ)
ZION,Zions Bancorporation N.A. - Common Stock,US (NASDAQ)
ZJK,"ZJK Industrial Co., Ltd. - Class A Ordinary Shares",US (NASDAQ)
ZJYL,JIN MEDICAL INTERNATIONAL LTD. - Class A Ordinary Shares,US (NASDAQ)
ZKIN,"ZK International Group Co., Ltd - Ordinary Share",US (NASDAQ)
ZM,"Zoom Communications, Inc. - Class A Common Stock",US (NASDAQ)
ZNB,Zeta Network Group - Class A Ordinary Shares,US (NASDAQ)
ZNTL,"Zentalis Pharmaceuticals, Inc. - common stock",US (NASDAQ)
ZOOZ,ZOOZ Strategy Ltd. - Ordinary Shares,US (NASDAQ)
ZS,"Zscaler, Inc. - Common Stock",US (NASDAQ)
ZSQR,Z Squared Inc. - Common Stock,US (NASDAQ)
ZSTK,ZeroStack Corp. - Common Stock,US (NASDAQ)
ZTEK,Zentek Ltd. - common stock,US (NASDAQ)
ZTG,Zenta Group Company Limited - Class A Ordinary Shares,US (NASDAQ)
ZUMZ,Zumiez Inc. - Common Stock,US (NASDAQ)
ZURA,Zura Bio Limited - Class A Ordinary shares,US (NASDAQ)
ZVRA,"Zevra Therapeutics, Inc.  - Common Stock",US (NASDAQ)
ZYBT,Zhengye Biotechnology Holding Limited - Class A Ordinary Shares,US (NASDAQ)
ZYME,Zymeworks Inc. - Common Stock,US (NASDAQ)
A,"Agilent Technologies, Inc. Common Stock",US (NYSE/other)
AA,Alcoa Corporation Common Stock ,US (NYSE/other)
AADX,"Applied Aerospace & Defense, Inc. Common Stock",US (NYSE/other)
AAMI,Acadian Asset Management Inc. Common Stock,US (NYSE/other)
AAP,Advance Auto Parts Inc.,US (NYSE/other)
AAT,"American Assets Trust, Inc. Common Stock",US (NYSE/other)
AAUC,Allied Gold Corporation Common Shares,US (NYSE/other)
ABBV,AbbVie Inc. Common Stock,US (NYSE/other)
ABCB,Ameris Bancorp Common Stock,US (NYSE/other)
ABG,Asbury Automotive Group Inc Common Stock,US (NYSE/other)
ABM,ABM Industries Incorporated Common Stock,US (NYSE/other)
ABR,Arbor Realty Trust Common Stock,US (NYSE/other)
ABT,Abbott Laboratories Common Stock,US (NYSE/other)
ABX,"Abacus Global Management, Inc. Class A Common Stock",US (NYSE/other)
ACA,"Arcosa, Inc. Common Stock ",US (NYSE/other)
ACCO,Acco Brands Corporation Common Stock,US (NYSE/other)
ACCS,ACCESS Newswire Inc. Common Stock,US (NYSE/other)
ACEL,"Accel Entertainment, Inc. ",US (NYSE/other)
ACH,"Accendra Health, Inc. Common Stock",US (NYSE/other)
ACHR,Archer Aviation Inc. Class A Common Stock,US (NYSE/other)
ACI,"Albertsons Companies, Inc. Class A Common Stock",US (NYSE/other)
ACM,AECOM Common Stock,US (NYSE/other)
ACN,Accenture plc Class A Ordinary Shares (Ireland),US (NYSE/other)
ACP,abrdn Income Credit Strategies Fund Common Shares,US (NYSE/other)
ACR,ACRES Commercial Realty Corp. Common Stock,US (NYSE/other)
ACRE,Ares Commercial Real Estate Corporation Common Stock,US (NYSE/other)
ACU,Acme United Corporation. Common Stock,US (NYSE/other)
ACV,Virtus Diversified Income & Convertible Fund Common Shares of Beneficial Interest,US (NYSE/other)
ACVA,ACV Auctions Inc. Class A Common Stock,US (NYSE/other)
AD,"Array Digital Infrastructure, Inc. Common Shares",US (NYSE/other)
ADC,Agree Realty Corporation Common Stock,US (NYSE/other)
ADCT,ADC Therapeutics SA Common Shares,US (NYSE/other)
ADIG,ADI Global Distribution Inc. Common Stock,US (NYSE/other)
ADM,Archer-Daniels-Midland Company Common Stock,US (NYSE/other)
ADNT,Adient plc Ordinary Shares ,US (NYSE/other)
ADT,ADT Inc. Common Stock,US (NYSE/other)
ADX,Adams Diversified Equity Fund Inc.,US (NYSE/other)
AEE,Ameren Corporation Common Stock,US (NYSE/other)
AEF,"abrdn Emerging Markets ex-China Fund, Inc. Common Stock",US (NYSE/other)
AEG,Aegon Ltd. New York Registry Shares,US (NYSE/other)
AEM,Agnico Eagle Mines Limited Common Stock,US (NYSE/other)
AEO,"American Eagle Outfitters, Inc. Common Stock",US (NYSE/other)
AEON,"AEON Biopharma, Inc. Class A Common Stock",US (NYSE/other)
AER,AerCap Holdings N.V. Ordinary Shares,US (NYSE/other)
AES,The AES Corporation Common Stock,US (NYSE/other)
AESI,Atlas Energy Solutions Inc. Common Stock,US (NYSE/other)
AFB,AllianceBernstein National Municipal Income Fund Inc,US (NYSE/other)
AFG,"American Financial Group, Inc. Common Stock",US (NYSE/other)
AFGB,"American Financial Group, Inc. 5.875% Subordinated Debentures due 2059",US (NYSE/other)
AFGC,"American Financial Group, Inc. 5.125% Subordinated Debentures due 2059",US (NYSE/other)
AFGD,"American Financial Group, Inc. 5.625% Subordinated Debentures due 2060",US (NYSE/other)
AFGE,"American Financial Group, Inc. 4.500% Subordinated Debentures due 2060",US (NYSE/other)
AFL,AFLAC Incorporated Common Stock,US (NYSE/other)
AG,First Majestic Silver Corp. Ordinary Shares (Canada),US (NYSE/other)
AGBK,AGI Inc Class A Common Shares,US (NYSE/other)
AGCO,AGCO Corporation Common Stock,US (NYSE/other)
AGD,abrdn Global Dynamic Dividend Fund Common Shares of Beneficial Interest,US (NYSE/other)
AGI,Alamos Gold Inc. Class A Common Shares,US (NYSE/other)
AGIG,Abundia Global Impact Group Inc. Common stock,US (NYSE/other)
AGL,"agilon health, inc. Common Stock",US (NYSE/other)
AGM,Federal Agricultural Mortgage Corporation Common Stock,US (NYSE/other)
AGM-A,Federal Agricultural Mortgage Corporation Common Stock,US (NYSE/other)
AGO,Assured Guaranty Ltd. Common Stock,US (NYSE/other)
AGRO,Adecoagro S.A. Common Shares,US (NYSE/other)
AGX,"Argan, Inc. Common Stock",US (NYSE/other)
AHR,"American Healthcare REIT, Inc. Common Stock",US (NYSE/other)
AHRT,"AH Realty Trust, Inc. Common Stock",US (NYSE/other)
AHT,Ashford Hospitality Trust Inc Common Stock,US (NYSE/other)
AI,"C3.ai, Inc. Class A Common Stock",US (NYSE/other)
AIB,AIB Data Centers Inc. Common Stock,US (NYSE/other)
AIG,"American International Group, Inc. New Common Stock",US (NYSE/other)
AII,"American Integrity Insurance Group, Inc. Common Stock",US (NYSE/other)
AIM,AIM ImmunoTech Inc. Common Stock,US (NYSE/other)
AIN,Albany International Corporation Common Stock,US (NYSE/other)
AIO,Virtus Artificial Intelligence & Technology Opportunities Fund Common Shares of Beneficial Interest,US (NYSE/other)
AIR,AAR Corp. Common Stock,US (NYSE/other)
AIRI,Air Industries Group Common Stock,US (NYSE/other)
AIT,"Applied Industrial Technologies, Inc. Common Stock",US (NYSE/other)
AIV,Apartment Investment and Management Company Common Stock,US (NYSE/other)
AIZ,"Assurant, Inc. Common Stock",US (NYSE/other)
AJG,Arthur J. Gallagher & Co. Common Stock,US (NYSE/other)
AKA,a.k.a. Brands Holding Corp. Common Stock,US (NYSE/other)
AKO-A,Embotelladora Andina S.A. Common Stock,US (NYSE/other)
AKO-B,Embotelladora Andina S.A. Common Stock,US (NYSE/other)
AKR,Acadia Realty Trust Common Stock,US (NYSE/other)
ALB,Albemarle Corporation Common Stock,US (NYSE/other)
ALC,Alcon Inc. Ordinary Shares,US (NYSE/other)
ALG,"Alamo Group, Inc. Common Stock",US (NYSE/other)
ALH,Alliance Laundry Holdings Inc. Common Stock,US (NYSE/other)
ALIT,"Alight, Inc. Class A Common Stock",US (NYSE/other)
ALK,"Alaska Air Group, Inc. Common Stock",US (NYSE/other)
ALL,Allstate Corporation (The) Common Stock,US (NYSE/other)
ALLE,Allegion plc Ordinary Shares,US (NYSE/other)
ALLY,Ally Financial Inc. Common Stock,US (NYSE/other)
ALSN,"Allison Transmission Holdings, Inc. Common Stock",US (NYSE/other)
ALTG,Alta Equipment Group Inc. Class A Common Stock,US (NYSE/other)
ALV,"Autoliv, Inc. Common Stock",US (NYSE/other)
ALX,"Alexander's, Inc. Common Stock",US (NYSE/other)
AM,Antero Midstream Corporation Common Stock,US (NYSE/other)
AMBO,Ambow Education Holding Ltd. American Depository Shares (each representing twenty (20) Class A Ordinary Shares),US (NYSE/other)
AMBP,Ardagh Metal Packaging S.A. Ordinary Shares,US (NYSE/other)
AMBQ,"Ambiq Micro, Inc. Common Stock",US (NYSE/other)
AMC,"AMC Entertainment Holdings, Inc. Class A Common Stock",US (NYSE/other)
AMCR,Amcor plc Ordinary Shares,US (NYSE/other)
AME,"AMETEK, Inc.",US (NYSE/other)
AMG,"Affiliated Managers Group, Inc. Common Stock",US (NYSE/other)
AMH,American Homes 4 Rent Common Shares of Beneficial Interest,US (NYSE/other)
AMN,AMN Healthcare Services Inc,US (NYSE/other)
AMP,"Ameriprise Financial, Inc. Common Stock",US (NYSE/other)
AMPX,"Amprius Technologies, Inc. Common Stock",US (NYSE/other)
AMPY,Amplify Energy Corp. Common Stock,US (NYSE/other)
AMR,"Alpha Metallurgical Resources, Inc. Common Stock",US (NYSE/other)
AMRC,"Ameresco, Inc. Class A Common Stock",US (NYSE/other)
AMRZ,Amrize Ltd Ordinary Shares,US (NYSE/other)
AMS,American Shared Hospital Services Common Stock,US (NYSE/other)
AMT,American Tower Corporation (REIT) Common Stock,US (NYSE/other)
AMTB,Amerant Bancorp Inc. Class A Common Stock,US (NYSE/other)
AMTM,"Amentum Holdings, Inc. Common Stock",US (NYSE/other)
AMUB,"ETRACS Alerian MLP Index ETN Series B due July 18, 2042",US (NYSE/other)
AMWL,American Well Corporation Class A Common Stock,US (NYSE/other)
AMZE,"Amaze Holdings, Inc. Common Stock",US (NYSE/other)
AN,"AutoNation, Inc. Common Stock",US (NYSE/other)
ANDG,Andersen Group Inc. Class A Common Stock,US (NYSE/other)
ANET,"Arista Networks, Inc. Common Stock",US (NYSE/other)
ANF,Abercrombie & Fitch Company Common Stock,US (NYSE/other)
ANGX,"Angel Studios, Inc. Class A Common Stock",US (NYSE/other)
ANRO,"Alto Neuroscience, Inc. Common Stock",US (NYSE/other)
ANVS,"Annovis Bio, Inc. Common Stock",US (NYSE/other)
AOD,abrdn Total Dynamic Dividend Fund Common Shares of Beneficial Interest,US (NYSE/other)
AOMR,"Angel Oak Mortgage REIT, Inc. Common Stock",US (NYSE/other)
AON,Aon plc Class A Ordinary Shares (Ireland),US (NYSE/other)
AORT,"Artivion, Inc. Common Stock",US (NYSE/other)
AOS,A.O. Smith Corporation Common Stock,US (NYSE/other)
AP,Ampco-Pittsburgh Corporation Common Stock,US (NYSE/other)
APAM,Artisan Partners Asset Management Inc. Class A Common Stock,US (NYSE/other)
APD,"Air Products and Chemicals, Inc. Common Stock",US (NYSE/other)
APG,APi Group Corporation Common Stock,US (NYSE/other)
APH,Amphenol Corporation Common Stock,US (NYSE/other)
APLE,"Apple Hospitality REIT, Inc. Common Shares",US (NYSE/other)
APO,"Apollo Global Management, Inc. (New) Common Stock",US (NYSE/other)
APT,"Alpha Pro Tech, Ltd. Common Stock",US (NYSE/other)
APTV,Aptiv PLC Ordinary Shares,US (NYSE/other)
APUS,"Apimeds Pharmaceuticals US, Inc. Common Stock",US (NYSE/other)
AQN,Algonquin Power & Utilities Corp. Common Shares,US (NYSE/other)
AR,Antero Resources Corporation Common Stock,US (NYSE/other)
ARCO,Arcos Dorados Holdings Inc. Class A Shares,US (NYSE/other)
ARDC,"Ares Dynamic Credit Allocation Fund, Inc. Common Shares",US (NYSE/other)
ARDT,"Ardent Health, Inc. Common Stock",US (NYSE/other)
ARE,"Alexandria Real Estate Equities, Inc. Common Stock",US (NYSE/other)
AREN,"The Arena Group Holdings, Inc. Common Stock",US (NYSE/other)
ARES,Ares Management Corporation Class A Common Stock,US (NYSE/other)
ARI,"Apollo Commercial Real Estate Finance, Inc",US (NYSE/other)
ARIS,Aris Mining Corporation Common Shares,US (NYSE/other)
ARL,"American Realty Investors, Inc. Common Stock",US (NYSE/other)
ARLO,"Arlo Technologies, Inc. Common Stock",US (NYSE/other)
ARMK,Aramark Common Stock,US (NYSE/other)
ARMP,"Armata Pharmaceuticals, Inc. Common Stock",US (NYSE/other)
AROC,"Archrock, Inc. Common Stock",US (NYSE/other)
ARR,"ARMOUR Residential REIT, Inc.",US (NYSE/other)
ARW,"Arrow Electronics, Inc. Common Stock",US (NYSE/other)
ARX,Accelerant Holdings Class A Common Shares,US (NYSE/other)
AS,"Amer Sports, Inc. Ordinary Shares",US (NYSE/other)
ASA,ASA  Gold and Precious Metals Limited,US (NYSE/other)
ASAN,"Asana, Inc. Class A Common Stock",US (NYSE/other)
ASB,Associated Banc-Corp Common Stock,US (NYSE/other)
ASC,Ardmore Shipping Corporation Common Stock,US (NYSE/other)
ASG,"Liberty All-Star Growth Fund, Inc.",US (NYSE/other)
ASGI,abrdn Global Infrastructure Income Fund Common Shares of Beneficial Interest,US (NYSE/other)
ASH,Ashland Inc. Common Stock,US (NYSE/other)
ASIC,Ategrity Specialty Insurance Company Holdings Common Stock,US (NYSE/other)
ASIX,AdvanSix Inc. Common Stock ,US (NYSE/other)
ASM,Avino Silver & Gold Mines Ltd. Common Shares (Canada),US (NYSE/other)
ASPN,"Aspen Aerogels, Inc. Common Stock",US (NYSE/other)
ASR,"Grupo Aeroportuario del Sureste, S.A. de C.V. Common Stock",US (NYSE/other)
ATCH,"AtlasClear Holdings, Inc. Common Stock",US (NYSE/other)
ATEN,"A10 Networks, Inc. Common Stock",US (NYSE/other)
ATHS,Athene Holding Ltd. 7.250% Fixed-Rate Reset Junior Subordinated Debentures due 2064,US (NYSE/other)
ATI,ATI Inc. Common Stock,US (NYSE/other)
ATKR,Atkore Inc. Common Stock,US (NYSE/other)
ATMP,iPath Select MLP ETN,US (NYSE/other)
ATMU,Atmus Filtration Technologies Inc. Common Stock,US (NYSE/other)
ATNM,"Actinium Pharmaceuticals, Inc. (Delaware) Common Stock",US (NYSE/other)
ATO,Atmos Energy Corporation Common Stock,US (NYSE/other)
ATR,"AptarGroup, Inc. Common Stock",US (NYSE/other)
ATS,ATS Corporation Common Shares,US (NYSE/other)
AU,AngloGold Ashanti PLC Ordinary Shares,US (NYSE/other)
AUB,Atlantic Union Bankshares Corporation Common Stock,US (NYSE/other)
AUNA,Auna SA Class A Ordinary Shares,US (NYSE/other)
AUST,Austin Gold Corp. Common Shares,US (NYSE/other)
AVA,Avista Corporation Common Stock,US (NYSE/other)
AVB,"AvalonBay Communities, Inc. Common Stock",US (NYSE/other)
AVBC,"Avidia Bancorp, Inc. Common Stock",US (NYSE/other)
AVD,American Vanguard Corporation Common Stock ($0.10 Par Value),US (NYSE/other)
AVEX,AEVEX Corp. Class A Common Stock,US (NYSE/other)
AVK,Advent Convertible and Income Fund,US (NYSE/other)
AVNT,Avient Corporation Common Stock,US (NYSE/other)
AVTR,"Avantor, Inc. Common Stock",US (NYSE/other)
AVY,Avery Dennison Corporation Common Stock,US (NYSE/other)
AWF,Alliancebernstein Global High Income Fund,US (NYSE/other)
AWI,Armstrong World Industries Inc Common Stock,US (NYSE/other)
AWK,"American Water Works Company, Inc. Common Stock",US (NYSE/other)
AWP,abrdn Global Premier Properties Fund Common Shares of Beneficial Interest,US (NYSE/other)
AWR,American States Water Company Common Stock,US (NYSE/other)
AWX,Avalon Holdings Corporation Common Stock,US (NYSE/other)
AX,"Axos Financial, Inc. Common Stock",US (NYSE/other)
AXIL,"AXIL Brands, Inc. Common Stock",US (NYSE/other)
AXP,American Express Company Common Stock,US (NYSE/other)
AXR,AMREP Corporation Common Stock,US (NYSE/other)
AXS,Axis Capital Holdings Limited Common Stock,US (NYSE/other)
AXTA,Axalta Coating Systems Ltd. Common Shares,US (NYSE/other)
AYI,Acuity Inc. Common Stock,US (NYSE/other)
AZN,AstraZeneca PLC Ordinary Shares,US (NYSE/other)
AZO,"AutoZone, Inc. Common Stock",US (NYSE/other)
AZTR,Azitra Inc Common Stock,US (NYSE/other)
AZZ,AZZ Inc.,US (NYSE/other)
B,Barrick Mining Corporation Common Shares,US (NYSE/other)
BA,Boeing Company (The) Common Stock,US (NYSE/other)
BAC,Bank of America Corporation Common Stock,US (NYSE/other)
BAH,Booz Allen Hamilton Holding Corporation Common Stock,US (NYSE/other)
BAK,Braskem SA ADR,US (NYSE/other)
BALL,Ball Corporation Common Stock,US (NYSE/other)
BALY,Bally's Corporation Common Stock,US (NYSE/other)
BAM,Brookfield Asset Management Inc Class A Limited Voting Shares,US (NYSE/other)
BANC,"Banc of California, Inc. Common Stock",US (NYSE/other)
BAP,Credicorp Ltd. Common Stock,US (NYSE/other)
BAR,GraniteShares Gold Trust Shares of Beneficial Interest,US (NYSE/other)
BARK,"BARK, Inc. Class A Common Stock",US (NYSE/other)
BATL,Battalion Oil Corporation Common Stock,US (NYSE/other)
BAX,Baxter International Inc. Common Stock,US (NYSE/other)
BB,BlackBerry Limited Common Stock,US (NYSE/other)
BBAI,"BigBear.ai, Inc. Common Stock",US (NYSE/other)
BBAR,Banco BBVA Argentina S.A. ADS,US (NYSE/other)
BBBY,"Bed Bath & Beyond, Inc. Common Stock",US (NYSE/other)
BBDC,"Barings BDC, Inc. Common Stock",US (NYSE/other)
BBN,BlackRock Taxable Municipal Bond Trust Common Shares of Beneficial Interest,US (NYSE/other)
BBT,Beacon Financial Corporation Common stock,US (NYSE/other)
BBUC,Brookfield Business Corporation Class A Subordinate Voting Shares,US (NYSE/other)
BBVA,Banco Bilbao Vizcaya Argentaria S.A. Common Stock,US (NYSE/other)
BBW,"Build-A-Bear Workshop, Inc. Common Stock",US (NYSE/other)
BBWI,"Bath & Body Works, Inc.",US (NYSE/other)
BBY,"Best Buy Co., Inc. Common Stock",US (NYSE/other)
BC,Brunswick Corporation Common Stock,US (NYSE/other)
BCAT,BlackRock Capital Allocation Term Trust Common Shares of Beneficial Interest,US (NYSE/other)
BCC,"Boise Cascade, L.L.C. Common Stock",US (NYSE/other)
BCE,"BCE, Inc. Common Stock",US (NYSE/other)
BCH,Banco De Chile ADS,US (NYSE/other)
BCHT,Birchtech Corp. Common Stock,US (NYSE/other)
BCO,Brinks Company (The) Common Stock,US (NYSE/other)
BCS,Barclays PLC Common Stock,US (NYSE/other)
BCSF,"Bain Capital Specialty Finance, Inc. Common Stock",US (NYSE/other)
BCSS,Bain Capital GSS Investment Corp. Class A Ordinary Shares,US (NYSE/other)
BCV,"Bancroft Fund, Ltd.",US (NYSE/other)
BCX,BlackRock Resources Common Shares of Beneficial Interest,US (NYSE/other)
BDC,Belden Inc Common Stock,US (NYSE/other)
BDCZ,"ETRACS MarketVector Business Development Companies Liquid Index ETN due April 26, 2041",US (NYSE/other)
BDJ,Blackrock Enhanced Equity Dividend Trust,US (NYSE/other)
BDL,"Flanigan's Enterprises, Inc. Common Stock",US (NYSE/other)
BDN,Brandywine Realty Trust Common Stock,US (NYSE/other)
BDX,"Becton, Dickinson and Company Common Stock",US (NYSE/other)
BE,Bloom Energy Corporation Class A Common Stock,US (NYSE/other)
BEBE,TGE Value Creative Solutions Corp Class A Ordinary Shares,US (NYSE/other)
BEN,"Franklin Resources, Inc. Common Stock",US (NYSE/other)
BEPC,Brookfield Renewable Corporation Brookfield Renewable Corporation Class A Subordinate Voting Shares,US (NYSE/other)
BESS,Bimergen Energy Corporation Common Stock,US (NYSE/other)
BETA,"Beta Technologies, Inc. Class A Common Stock",US (NYSE/other)
BF-A,Brown Forman Inc Class A Common Stock,US (NYSE/other)
BF-B,Brown Forman Inc Class B Common Stock,US (NYSE/other)
BFAM,Bright Horizons Family Solutions Inc. Common Stock,US (NYSE/other)
BFH,"Bread Financial Holdings, Inc. Common Stock",US (NYSE/other)
BFLY,"Butterfly Network, Inc. Class A Common Stock",US (NYSE/other)
BFS,"Saul Centers, Inc. Common Stock",US (NYSE/other)
BG,Bunge Limited Common Shares,US (NYSE/other)
BGB,Blackstone Strategic Credit 2027 Term Fund Common Shares of Beneficial Interest,US (NYSE/other)
BGH,Barings Global Short Duration High Yield Fund Common Shares of Beneficial Interests,US (NYSE/other)
BGI,Birks Group Inc. Common Stock,US (NYSE/other)
BGR,BlackRock Energy and Resources Trust,US (NYSE/other)
BGS,"B&G Foods, Inc. Common Stock",US (NYSE/other)
BGSF,"BGSF, Inc. Common Stock",US (NYSE/other)
BGSI,Boyd Group Services Inc. Common Shares,US (NYSE/other)
BGT,BlackRock Floating Rate Income Trust,US (NYSE/other)
BGX,Blackstone Long Short Credit Income Fund Common Shares,US (NYSE/other)
BGY,Blackrock Enhanced International Dividend Trust,US (NYSE/other)
BH,Biglari Holdings Inc. Class B Common Stock,US (NYSE/other)
BH-A,Biglari Holdings Inc. Class A Common Stock,US (NYSE/other)
BHB,"Bar Harbor Bankshares, Inc. Common Stock",US (NYSE/other)
BHC,Bausch Health Companies Inc. Common Stock,US (NYSE/other)
BHE,"Benchmark Electronics, Inc. Common Stock",US (NYSE/other)
BHK,Blackrock Core Bond Trust,US (NYSE/other)
BHM,"Bluerock Homes Trust, Inc. Class A Common Stock",US (NYSE/other)
BHR,Braemar Hotels & Resorts Inc. Common Stock,US (NYSE/other)
BHV,BlackRock Virginia Municipal Bond Trust,US (NYSE/other)
BHVN,Biohaven Ltd. Common Shares ,US (NYSE/other)
BIII,Black Spade Acquisition III Co Class A Ordinary Shares,US (NYSE/other)
BILL,"BILL Holdings, Inc. Common Stock",US (NYSE/other)
BIO,"Bio-Rad Laboratories, Inc. Class A Common Stock",US (NYSE/other)
BIO-B,"Bio-Rad Laboratories, Inc. Class B  Common Stock",US (NYSE/other)
BIPC,Brookfield Infrastructure Corporation Brookfield Infrastructure Corporation,US (NYSE/other)
BIRK,Birkenstock Holding plc Ordinary Shares,US (NYSE/other)
BIT,BlackRock Multi-Sector Income Trust Common Shares of Beneficial Interest,US (NYSE/other)
BJ,"BJ's Wholesale Club Holdings, Inc. Common Stock",US (NYSE/other)
BKD,Brookdale Senior Living Inc. Common Stock,US (NYSE/other)
BKE,"Buckle, Inc. (The) Common Stock",US (NYSE/other)
BKH,Black Hills Corporation Common Stock,US (NYSE/other)
BKKT,"Bakkt, Inc. Class A Common Stock",US (NYSE/other)
BKSY,BlackSky Technology Inc. Class A Common Stock,US (NYSE/other)
BKT,BlackRock Income Trust Inc. (The),US (NYSE/other)
BKTI,BK Technologies Corporation Common Stock,US (NYSE/other)
BKU,"BankUnited, Inc. Common Stock",US (NYSE/other)
BKV,BKV Corporation Common Stock,US (NYSE/other)
BLCO,Bausch + Lomb Corporation Common Shares,US (NYSE/other)
BLDR,"Builders FirstSource, Inc. Common Stock",US (NYSE/other)
BLK,"BlackRock, Inc. Common Stock",US (NYSE/other)
BLND,"Blend Labs, Inc. Class A Common Stock",US (NYSE/other)
BLSH,Bullish Ordinary Shares,US (NYSE/other)
BLW,Blackrock Limited Duration Income Trust,US (NYSE/other)
BLX,"Bladex, Inc. Class E Common Stock",US (NYSE/other)
BMA,Banco Macro S.A.  ADR (representing Ten Class B Common Shares),US (NYSE/other)
BME,Blackrock Health Sciences Trust,US (NYSE/other)
BMEZ,BlackRock Health Sciences Term Trust Common Shares of Beneficial Interest,US (NYSE/other)
BMI,"Badger Meter, Inc. Common Stock",US (NYSE/other)
BMN,BlackRock 2037 Municipal Target Term Trust Common Shares of Beneficial Interest,US (NYSE/other)
BMNR,"BitMine Immersion Technologies, Inc. Common Stock",US (NYSE/other)
BMO,Bank Of Montreal Common Stock,US (NYSE/other)
BMY,Bristol-Myers Squibb Company Common Stock,US (NYSE/other)
BN,Brookfield Corporation Class A Limited Voting Shares,US (NYSE/other)
BNED,"Barnes & Noble Education, Inc Common Stock",US (NYSE/other)
BNL,"Broadstone Net Lease, Inc. Common Stock",US (NYSE/other)
BNS,Bank Nova Scotia Halifax Pfd 3 Ordinary Shares,US (NYSE/other)
BNT,Brookfield Wealth Solutions Ltd. Class A Exchangeable Limited Voting Shares,US (NYSE/other)
BNY,The Bank of New York Mellon Corporation Common Stock,US (NYSE/other)
BOBS,"Bob's Discount Furniture, Inc. Common Stock",US (NYSE/other)
BOC,Boston Omaha Corporation Class A Common Stock,US (NYSE/other)
BOE,Blackrock Enhanced Global Dividend Trust Common Shares of Beneficial Interest,US (NYSE/other)
BOH,Bank of Hawaii Corporation Common Stock,US (NYSE/other)
BOOT,"Boot Barn Holdings, Inc. Common Stock",US (NYSE/other)
BORR,Borr Drilling Limited Common Shares,US (NYSE/other)
BOW,Bowhead Specialty Holdings Inc. Common Stock,US (NYSE/other)
BOX,"Box, Inc. Class A Common Stock",US (NYSE/other)
BP,BP p.l.c. Common Stock,US (NYSE/other)
BPRE,Bluerock Private Real Estate Fund Common Shares of Beneficial Interest,US (NYSE/other)
BQ,Boqii Holding Limited Class A Ordinary Shares,US (NYSE/other)
BR,"Broadridge Financial Solutions, Inc. Common Stock",US (NYSE/other)
BRBR,"BellRing Brands, Inc. Common Stock ",US (NYSE/other)
BRBS,"Blue Ridge Bankshares, Inc. Common Stock",US (NYSE/other)
BRC,Brady Corporation Common Stock,US (NYSE/other)
BRCC,BRC Inc. Class A Common Stock,US (NYSE/other)
BRIA,BrilliA Inc Class A Ordinary Shares,US (NYSE/other)
BRK-A,Berkshire Hathaway Inc. Common Stock,US (NYSE/other)
BRK-B,Berkshire Hathaway Inc. New Common Stock,US (NYSE/other)
BRN,"Barnwell Industries, Inc. Common Stock",US (NYSE/other)
BRO,"Brown & Brown, Inc. Common Stock",US (NYSE/other)
BROS,Dutch Bros Inc. Class A Common Stock,US (NYSE/other)
BRSL,"Brightstar Lottery PLC Trading under the Legal Name to begin at the market open on July 21, 2025. Ordinary Shares",US (NYSE/other)
BRSP,"BrightSpire Capital, Inc. Class A Common Stock",US (NYSE/other)
BRT,BRT Apartments Corp. (MD) Common Stock,US (NYSE/other)
BRW,Saba Capital Income & Opportunities Fund SBI,US (NYSE/other)
BRX,Brixmor Property Group Inc. Common Stock,US (NYSE/other)
BSAC,Banco Santander - Chile ADS,US (NYSE/other)
BSL,Blackstone Senior Floating Rate 2027 Term Fund Common Shares of Beneficial Interest,US (NYSE/other)
BST,BlackRock Science and Technology Trust Common Shares of Beneficial Interest,US (NYSE/other)
BSTZ,BlackRock Science and Technology Term Trust Common Shares of Beneficial Interest,US (NYSE/other)
BSX,Boston Scientific Corporation Common Stock,US (NYSE/other)
BTE,Baytex Energy Corp Common Shares,US (NYSE/other)
BTG,B2Gold Corp Common shares (Canada),US (NYSE/other)
BTGO,"BitGo Holdings, Inc. Class A Common Stock",US (NYSE/other)
BTI,"British American Tobacco  Industries, p.l.c. Common Stock ADR",US (NYSE/other)
BTO,John Hancock Financial Opportunities Fund Common Stock,US (NYSE/other)
BTT,BlackRock Municipal 2030 Target Term Trust,US (NYSE/other)
BTU,Peabody Energy Corporation Common Stock ,US (NYSE/other)
BTX,BlackRock Technology and Private Equity Term Trust Common Shares of Beneficial Interest,US (NYSE/other)
BTZ,BlackRock Credit Allocation Income Trust,US (NYSE/other)
BUD,Anheuser-Busch Inbev SA Sponsored ADR (Belgium),US (NYSE/other)
BUDA,"Buda Juice, Inc. Common Stock",US (NYSE/other)
BUI,"BlackRock Utility, Infrastructure & Power Opportunities Trust",US (NYSE/other)
BUR,Burford Capital Limited Ordinary Shares,US (NYSE/other)
BURL,"Burlington Stores, Inc. Common Stock",US (NYSE/other)
BV,"BrightView Holdings, Inc. Common Stock",US (NYSE/other)
BVN,Buenaventura Mining Company Inc.,US (NYSE/other)
BW,"Babcock & Wilcox Enterprises, Inc. Common Stock",US (NYSE/other)
BWA,BorgWarner Inc. Common Stock,US (NYSE/other)
BWG,BrandywineGLOBAL Global Income Opportunities Fund Inc.,US (NYSE/other)
BWLP,BW LPG Limited Common Shares,US (NYSE/other)
BWMX,"Betterware de Mexico, S.A.P.I. de C.V. Ordinary Shares",US (NYSE/other)
BWXT,"BWX Technologies, Inc. Common Stock",US (NYSE/other)
BX,Blackstone Inc. Common Stock,US (NYSE/other)
BXC,Bluelinx Holdings Inc. Common Stock,US (NYSE/other)
BXDC,Blackstone Digital Infrastructure Trust Inc. Common Stock,US (NYSE/other)
BXMT,"Blackstone Mortgage Trust, Inc. Common Stock",US (NYSE/other)
BXP,"BXP, Inc. Common Stock",US (NYSE/other)
BXSL,Blackstone Secured Lending Fund Common Shares of Beneficial Interest,US (NYSE/other)
BY,"Byline Bancorp, Inc. Common Stock",US (NYSE/other)
BYD,Boyd Gaming Corporation Common Stock,US (NYSE/other)
BZH,"Beazer Homes USA, Inc. Common Stock",US (NYSE/other)
C,"Citigroup, Inc. Common Stock",US (NYSE/other)
CAAP,Corporacion America Airports SA Common Shares,US (NYSE/other)
CABO,"Cable One, Inc. Common Stock",US (NYSE/other)
CACI,"CACI International, Inc. Class A Common Stock",US (NYSE/other)
CAF,Morgan Stanley China A Share Fund Inc. Common Stock,US (NYSE/other)
CAG,"ConAgra Brands, Inc. Common Stock",US (NYSE/other)
CAH,"Cardinal Health, Inc. Common Stock",US (NYSE/other)
CAL,"Caleres, Inc. Common Stock",US (NYSE/other)
CALX,"Calix, Inc Common Stock",US (NYSE/other)
CALY,Callaway Golf Company Common Stock,US (NYSE/other)
CANG,Cango Inc. Class A Ordinary Shares,US (NYSE/other)
CARR,Carrier Global Corporation Common Stock ,US (NYSE/other)
CARS,Cars.com Inc. Common Stock ,US (NYSE/other)
CAT,"Caterpillar, Inc. Common Stock",US (NYSE/other)
CATO,Cato Corporation (The) Class A Common Stock,US (NYSE/other)
CATX,"Perspective Therapeutics, Inc. Common Stock",US (NYSE/other)
CAVA,"CAVA Group, Inc. Common Stock",US (NYSE/other)
CB,Chubb Limited  Common Stock,US (NYSE/other)
CBAN,"Colony Bankcorp, Inc. Common Stock",US (NYSE/other)
CBL,"CBL & Associates Properties, Inc. Common Stock",US (NYSE/other)
CBNA,"Chain Bridge Bancorp, Inc. Class A Common Stock",US (NYSE/other)
CBOE,"Cboe Global Markets, Inc. Common Stock",US (NYSE/other)
CBRE,CBRE Group Inc Common Stock Class A,US (NYSE/other)
CBT,Cabot Corporation Common Stock,US (NYSE/other)
CBU,"Community Financial System, Inc. Common Stock",US (NYSE/other)
CBZ,"CBIZ, Inc. Common Stock",US (NYSE/other)
CC,Chemours Company (The) Common Stock,US (NYSE/other)
CCEL,"Cryo-Cell International, Inc. Common Stock",US (NYSE/other)
CCI,Crown Castle Inc. Common Stock,US (NYSE/other)
CCIF,Carlyle Credit Income Fund Shares of Beneficial Interest,US (NYSE/other)
CCJ,Cameco Corporation Common Stock,US (NYSE/other)
CCK,"Crown Holdings, Inc.",US (NYSE/other)
CCL,Carnival Corporation Ltd. Common Shares,US (NYSE/other)
CCO,"Clear Channel Outdoor Holdings, Inc. Common Stock",US (NYSE/other)
CCS,"Century Communities, Inc. Common Stock",US (NYSE/other)
CCU,"Compania Cervecerias Unidas, S.A. Common Stock",US (NYSE/other)
CCZ,Comcast Holdings ZONES,US (NYSE/other)
CDE,"Coeur Mining, Inc. Common Stock",US (NYSE/other)
CDP,COPT Defense Properties Common Shares of Beneficial Interest,US (NYSE/other)
CDRE,"Cadre Holdings, Inc. Common Stock",US (NYSE/other)
CE,Celanese Corporation Common Stock,US (NYSE/other)
CEE,"The Central and Eastern Europe Fund, Inc. (The) Common Stock",US (NYSE/other)
CET,Central Securities Corporation Common Stock,US (NYSE/other)
CEV,Eaton Vance California Municipal Income Trust Shares of Beneficial Interest,US (NYSE/other)
CF,"CF Industries Holdings, Inc. Common Stock",US (NYSE/other)
CFG,"Citizens Financial Group, Inc. Common Stock",US (NYSE/other)
CFND,C1 Fund Inc. Common Stock,US (NYSE/other)
CFR,"Cullen/Frost Bankers, Inc. Common Stock",US (NYSE/other)
CGAU,Centerra Gold Inc. Common Shares,US (NYSE/other)
CHCT,Community Healthcare Trust Incorporated Common Stock,US (NYSE/other)
CHD,"Church & Dwight Company, Inc. Common Stock",US (NYSE/other)
CHE,Chemed Corp,US (NYSE/other)
CHGG,"Chegg, Inc. Common Stock",US (NYSE/other)
CHH,"Choice Hotels International, Inc. Common Stock",US (NYSE/other)
CHMI,Cherry Hill Mortgage Investment Corporation Common Stock,US (NYSE/other)
CHOW,ChowChow Cloud International Holdings Limited Ordinary Shares,US (NYSE/other)
CHPT,"ChargePoint Holdings, Inc. Common Stock",US (NYSE/other)
CHT,"Chunghwa Telecom Co., Ltd.",US (NYSE/other)
CHWY,"Chewy, Inc. Class A Common Stock",US (NYSE/other)
CI,The Cigna Group Common Stock,US (NYSE/other)
CIA,"Citizens, Inc. Class A Common Stock ($1.00 Par)",US (NYSE/other)
CIEN,Ciena Corporation Common Stock,US (NYSE/other)
CII,"BlackRock Enhanced Large Cap Core Fund, Inc. Common Stock",US (NYSE/other)
CIK,"Credit Suisse Asset Management Income Fund, Inc. Common Stock",US (NYSE/other)
CIM,Chimera Investment Corporation Common Stock,US (NYSE/other)
CINT,CI&T Inc Class A Common Shares,US (NYSE/other)
CION,CION Investment Corporation Common Stock,US (NYSE/other)
CITR,CitroTech Inc. Common Stock,US (NYSE/other)
CIX,CompX International Inc. Common Stock,US (NYSE/other)
CKX,"CKX Lands, Inc. Common Stock",US (NYSE/other)
CL,Colgate-Palmolive Company Common Stock,US (NYSE/other)
CLB,Core Laboratories Inc. Common Stock,US (NYSE/other)
CLDI,"Calidi Biotherapeutics, Inc. Common Stock",US (NYSE/other)
CLDT,Chatham Lodging Trust (REIT) Common Shares of Beneficial Interest,US (NYSE/other)
CLF,Cleveland-Cliffs Inc. Common Stock,US (NYSE/other)
CLH,"Clean Harbors, Inc. Common Stock",US (NYSE/other)
CLM,"Cornerstone Strategic Investment Fund, Inc. Common Shares",US (NYSE/other)
CLPR,Clipper Realty Inc. Common Stock,US (NYSE/other)
CLS,"Celestica, Inc. Common Stock",US (NYSE/other)
CLVT,Clarivate Plc Ordinary Shares,US (NYSE/other)
CLW,Clearwater Paper Corporation Common Stock,US (NYSE/other)
CLX,Clorox Company (The) Common Stock,US (NYSE/other)
CM,Canadian Imperial Bank of Commerce Common Stock,US (NYSE/other)
CMBT,CMB.TECH NV Ordinary Shares,US (NYSE/other)
CMC,Commercial Metals Company Common Stock,US (NYSE/other)
CMCL,Caledonia Mining Corporation Plc Common Shares,US (NYSE/other)
CMDB,Costamare Bulkers Holdings Limited Common Stock,US (NYSE/other)
CMG,"Chipotle Mexican Grill, Inc. Common Stock",US (NYSE/other)
CMI,Cummins Inc. Common Stock,US (NYSE/other)
CMP,Compass Minerals Intl Inc Common Stock,US (NYSE/other)
CMRE,Costamare Inc. Common Stock $0.0001 par value,US (NYSE/other)
CMS,CMS Energy Corporation Common Stock,US (NYSE/other)
CMT,Core Molding Technologies Inc Common Stock,US (NYSE/other)
CMTG,"Claros Mortgage Trust, Inc. Common Stock",US (NYSE/other)
CNA,CNA Financial Corporation Common Stock,US (NYSE/other)
CNC,Centene Corporation Common Stock,US (NYSE/other)
CNH,CNH Industrial N.V. Common Shares,US (NYSE/other)
CNI,Canadian National Railway Company Common Stock,US (NYSE/other)
CNK,"Cinemark Holdings Inc Cinemark Holdings, Inc. Common Stock",US (NYSE/other)
CNL,Collective Mining Ltd. Common Shares,US (NYSE/other)
CNM,"Core & Main, Inc. Class A Common Stock",US (NYSE/other)
CNMD,CONMED Corporation Common Stock,US (NYSE/other)
CNNE,"Cannae Holdings, Inc. Common Stock",US (NYSE/other)
CNO,"CNO Financial Group, Inc. Common Stock",US (NYSE/other)
CNP,"CenterPoint Energy, Inc (Holding Co) Common Stock",US (NYSE/other)
CNQ,Canadian Natural Resources Limited Common Stock,US (NYSE/other)
CNR,"Core Natural Resources, Inc. Common Stock",US (NYSE/other)
CNS,Cohen & Steers Inc Common Stock,US (NYSE/other)
CNX,CNX Resources Corporation Common Stock,US (NYSE/other)
CODI,D/B/A Compass Diversified Holdings Shares of Beneficial Interest,US (NYSE/other)
COF,Capital One Financial Corporation Common Stock,US (NYSE/other)
COHN,Cohen & Company Inc.,US (NYSE/other)
COHR,Coherent Corp. Common Stock,US (NYSE/other)
COLD,"Americold Realty Trust, Inc. Common Stock",US (NYSE/other)
COMP,"Compass, Inc. Class A Common Stock",US (NYSE/other)
CON,"Concentra Group Holdings Parent, Inc. Common Stock",US (NYSE/other)
COOK,"Traeger, Inc. Common Stock",US (NYSE/other)
COP,ConocoPhillips Common Stock,US (NYSE/other)
COPR,Idaho Copper Corporation Common Stock,US (NYSE/other)
COR,"Cencora, Inc. Common Stock",US (NYSE/other)
COSO,"CoastalSouth Bancshares, Inc. Common Stock",US (NYSE/other)
COTY,Coty Inc. Class A Common Stock,US (NYSE/other)
COUR,"Coursera, Inc. Common Stock",US (NYSE/other)
CP,Canadian Pacific Kansas City Limited Common Shares,US (NYSE/other)
CPA,"Copa Holdings, S.A. Class A Common Stock",US (NYSE/other)
CPAY,"Corpay, Inc. Common Stock",US (NYSE/other)
CPF,Central Pacific Financial Corp New,US (NYSE/other)
CPHI,"China Pharma Holdings, Inc. Common Stock",US (NYSE/other)
CPK,Chesapeake Utilities Corporation Common Stock,US (NYSE/other)
CPNG,"Coupang, Inc. Class A Common Stock",US (NYSE/other)
CPRI,Capri Holdings Limited Ordinary Shares,US (NYSE/other)
CPS,Cooper-Standard Holdings Inc. Common Stock,US (NYSE/other)
CPT,Camden Property Trust Common Stock,US (NYSE/other)
CR,Crane Company Common Stock,US (NYSE/other)
CRBG,Corebridge Financial Inc. Common Stock,US (NYSE/other)
CRC,California Resources Corporation Common Stock,US (NYSE/other)
CRCL,"Circle Internet Group, Inc. Class A Common Stock",US (NYSE/other)
CRD-A,Crawford & Company Common Stock,US (NYSE/other)
CRD-B,Crawford & Company Common Stock,US (NYSE/other)
CRF,"Cornerstone Total Return Fund, Inc. (The) Common Stock",US (NYSE/other)
CRGY,Crescent Energy Company Class A Common Stock,US (NYSE/other)
CRH,CRH PLC Ordinary Shares,US (NYSE/other)
CRI,"Carter's, Inc. Common Stock",US (NYSE/other)
CRK,"Comstock Resources, Inc. Common Stock",US (NYSE/other)
CRL,"Charles River Laboratories International, Inc. Common Stock",US (NYSE/other)
CRM,"Salesforce, Inc. Common Stock",US (NYSE/other)
CRS,Carpenter Technology Corporation Common Stock,US (NYSE/other)
CRT,Cross Timbers Royalty Trust Common Stock,US (NYSE/other)
CSAN,Cosan S.A. ADS,US (NYSE/other)
CSL,Carlisle Companies Incorporated Common Stock,US (NYSE/other)
CSQR,"Csquare, Inc. Common Stock",US (NYSE/other)
CSR,D/B/A Centerspace Common Stock,US (NYSE/other)
CSTM,Constellium SE Ordinary Shares (France),US (NYSE/other)
CSV,"Carriage Services, Inc. Common Stock",US (NYSE/other)
CSW,"CSW Industrials, Inc. Common Stock",US (NYSE/other)
CTEV,Claritev Corporation Class A Common Stock,US (NYSE/other)
CTGO,Contango Silver & Gold Inc. Common Stock,US (NYSE/other)
CTM,"Castellum, Inc. Common Stock",US (NYSE/other)
CTO,"CTO Realty Growth, Inc. Common Stock",US (NYSE/other)
CTOS,"Custom Truck One Source, Inc. Common Stock",US (NYSE/other)
CTRE,"CareTrust REIT, Inc. Common Stock",US (NYSE/other)
CTRI,"Centuri Holdings, Inc. Common Stock",US (NYSE/other)
CTS,CTS Corporation Common Stock,US (NYSE/other)
CTVA,"Corteva, Inc. Common Stock ",US (NYSE/other)
CUBE,CubeSmart Common Shares,US (NYSE/other)
CUBI,"Customers Bancorp, Inc Common Stock",US (NYSE/other)
CURB,Curbline Properties Corp. Common Stock,US (NYSE/other)
CURV,Torrid Holdings Inc. Common Stock,US (NYSE/other)
CUZ,Cousins Properties Incorporated Common Stock,US (NYSE/other)
CVE,Cenovus Energy Inc Common Stock,US (NYSE/other)
CVEO,Civeo Corporation (Canada) Common Shares,US (NYSE/other)
CVI,CVR Energy Inc. Common Stock,US (NYSE/other)
CVLG,"Covenant Logistics Group, Inc. Class A Common Stock",US (NYSE/other)
CVM,Cel-Sci Corporation Common Stock,US (NYSE/other)
CVNA,Carvana Co. Class A Common Stock,US (NYSE/other)
CVR,Chicago Rivet & Machine Co. Common Stock,US (NYSE/other)
CVS,CVS Health Corporation Common Stock,US (NYSE/other)
CVSA,Covista Inc. Common Shares,US (NYSE/other)
CVU,"CPI Aerostructures, Inc. Common Stock",US (NYSE/other)
CVX,Chevron Corporation Common Stock,US (NYSE/other)
CW,Curtiss-Wright Corporation Common Stock,US (NYSE/other)
CWEN,"Clearway Energy, Inc. Class C Common Stock",US (NYSE/other)
CWH,"Camping World Holdings, Inc. Class A Common Stock",US (NYSE/other)
CWK,Cushman & Wakefield Ltd. Common Shares,US (NYSE/other)
CWT,California Water Service Group Common Stock,US (NYSE/other)
CX,"Cemex, S.A.B. de C.V. Sponsored ADR",US (NYSE/other)
CXM,"Sprinklr, Inc. Class A Common Stock",US (NYSE/other)
CXT,"Crane NXT, Co. Common Stock",US (NYSE/other)
CXW,"CoreCivic, Inc. Common Stock",US (NYSE/other)
CYD,China Yuchai International Limited Common Stock,US (NYSE/other)
CYH,"Community Health Systems, Inc. Common Stock",US (NYSE/other)
D,"Dominion Energy, Inc. Common Stock",US (NYSE/other)
DAC,Danaos Corporation Common Stock,US (NYSE/other)
DAL,"Delta Air Lines, Inc. Common Stock",US (NYSE/other)
DAN,Dana Incorporated Common Stock ,US (NYSE/other)
DAR,Darling Ingredients Inc. Common Stock,US (NYSE/other)
DB,Deutsche Bank AG Common Stock,US (NYSE/other)
DBD,Diebold Nixdorf Incorporated Common stock,US (NYSE/other)
DBI,Designer Brands Inc. Class A Common Stock,US (NYSE/other)
DBL,DoubleLine Opportunistic Credit Fund Common Shares of Beneficial Interest,US (NYSE/other)
DBRG,"DigitalBridge Group, Inc.",US (NYSE/other)
DC,Dakota Gold Corp. Common Stock,US (NYSE/other)
DCH,Dauch Corporation Common Stock,US (NYSE/other)
DCI,"Donaldson Company, Inc. Common Stock",US (NYSE/other)
DCO,Ducommun Incorporated Common Stock,US (NYSE/other)
DCOM,"Dime Commercial Bancshares, Inc. Common Stock",US (NYSE/other)
DD,"DuPont de Nemours, Inc. Common Stock",US (NYSE/other)
DDC,DDC Enterprise Limited Class A Ordinary Shares,US (NYSE/other)
DDD,3D Systems Corporation Common Stock,US (NYSE/other)
DDS,"Dillard's, Inc. Common Stock",US (NYSE/other)
DDT,Dillard's Capital Trust I,US (NYSE/other)
DE,Deere & Company Common Stock,US (NYSE/other)
DEA,"Easterly Government Properties, Inc. Common Stock",US (NYSE/other)
DEC,Diversified Energy Company Common Stock,US (NYSE/other)
DECK,Deckers Outdoor Corporation Common Stock,US (NYSE/other)
DEI,"Douglas Emmett, Inc. Common Stock",US (NYSE/other)
DELL,Dell Technologies Inc. Class C Common Stock ,US (NYSE/other)
DEO,Diageo plc Common Stock,US (NYSE/other)
DFH,"Dream Finders Homes, Inc. Class A Common Stock",US (NYSE/other)
DFIN,"Donnelley Financial Solutions, Inc. Common Stock ",US (NYSE/other)
DG,Dollar General Corporation Common Stock,US (NYSE/other)
DGP,"DB Gold Double Long ETN due February 15, 2038",US (NYSE/other)
DGX,Quest Diagnostics Incorporated Common Stock,US (NYSE/other)
DGZ,"DB Gold Short ETN due February 15, 2038",US (NYSE/other)
DHF,BNY Mellon High Yield Strategies Fund Common Stock,US (NYSE/other)
DHI,"D.R. Horton, Inc. Common Stock",US (NYSE/other)
DHR,Danaher Corporation Common Stock,US (NYSE/other)
DHT,"DHT Holdings, Inc.",US (NYSE/other)
DHX,"DHI Group, Inc. Common Stock",US (NYSE/other)
DHY,Credit Suisse High Yield Credit Fund Common Stock,US (NYSE/other)
DIN,"Dine Brands Global, Inc. Common Stock",US (NYSE/other)
DINO,HF Sinclair Corporation Common Stock,US (NYSE/other)
DIS,Walt Disney Company (The) Common Stock,US (NYSE/other)
DIT,AMCON Distributing Company Common Stock,US (NYSE/other)
DJP,iPath Bloomberg Commodity Index Total Return ETN,US (NYSE/other)
DK,"Delek US Holdings, Inc. Common Stock",US (NYSE/other)
DKS,Dick's Sporting Goods Inc Common Stock,US (NYSE/other)
DLB,Dolby Laboratories Common Stock,US (NYSE/other)
DLR,"Digital Realty Trust, Inc. Common Stock",US (NYSE/other)
DLX,Deluxe Corporation Common Stock,US (NYSE/other)
DLY,DoubleLine Yield Opportunities Fund Common Shares of Beneficial Interest,US (NYSE/other)
DMA,Destra Multi-Alternative Fund Common Stock,US (NYSE/other)
DMB,"BNY Mellon Municipal Bond Infrastructure Fund, Inc. Common Stock",US (NYSE/other)
DMC,Del Monte Corporation Ordinary Shares,US (NYSE/other)
DMO,Western Asset Mortgage Opportunity Fund Inc. Common Stock,US (NYSE/other)
DNA,"Ginkgo Bioworks Holdings, Inc. Class A Common Stock",US (NYSE/other)
DNN,Denison Mines Corp Ordinary Shares (Canada),US (NYSE/other)
DNOW,DNOW Inc. Common Stock,US (NYSE/other)
DNP,"DNP Select Income Fund, Inc. Common Stock",US (NYSE/other)
DOC,"Healthpeak Properties, Inc. Common Stock",US (NYSE/other)
DOCN,"DigitalOcean Holdings, Inc. Common Stock",US (NYSE/other)
DOCS,"Doximity, Inc. Class A Common Stock",US (NYSE/other)
DOLE,Dole plc Ordinary Shares,US (NYSE/other)
DOUG,Douglas Elliman Inc. Common Stock,US (NYSE/other)
DOV,Dover Corporation Common Stock,US (NYSE/other)
DOW,Dow Inc. Common Stock ,US (NYSE/other)
DPC,DPC Holdings PLC Ordinary Shares,US (NYSE/other)
DPG,Duff & Phelps Utility and Infrastructure Fund Inc.,US (NYSE/other)
DRI,"Darden Restaurants, Inc. Common Stock",US (NYSE/other)
DSL,DoubleLine Income Solutions Fund Common Shares of Beneficial Interests,US (NYSE/other)
DSM,"BNY Mellon Strategic Municipal Bond Fund, Inc. Common Stock",US (NYSE/other)
DSS,"DSS, Inc. Common Stock",US (NYSE/other)
DSU,"Blackrock Debt Strategies Fund, Inc. Common Stock",US (NYSE/other)
DSX,Diana Shipping inc. common stock,US (NYSE/other)
DT,"Dynatrace, Inc. Common Stock",US (NYSE/other)
DTB,DTE Energy Company 2020 Series G 4.375% Junior Subordinated Debentures due 2080,US (NYSE/other)
DTE,DTE Energy Company Common Stock,US (NYSE/other)
DTF,DTF Tax-Free Income 2028 Term Fund Inc. Common Stock,US (NYSE/other)
DTG,DTE Energy Company 2021 Series E 4.375% Junior Subordinated Debentures,US (NYSE/other)
DTK,DTE Energy Company 2025 Series H 6.25% Junior Subordinated Debentures due 2085,US (NYSE/other)
DTM,"DT Midstream, Inc. Common Stock ",US (NYSE/other)
DTW,DTE Energy Company 2017 Series E 5.25% Junior Subordinated Debentures due 2077,US (NYSE/other)
DUK,Duke Energy Corporation (Holding Company) Common Stock,US (NYSE/other)
DUKB,Duke Energy Corporation 5.625% Junior Subordinated Debentures due 2078,US (NYSE/other)
DV,"DoubleVerify Holdings, Inc. Common Stock",US (NYSE/other)
DVA,DaVita Inc. Common Stock,US (NYSE/other)
DVN,Devon Energy Corporation Common Stock,US (NYSE/other)
DX,"Dynex Capital, Inc. Common Stock",US (NYSE/other)
DXC,DXC Technology Company Common Stock ,US (NYSE/other)
DXYZ,Destiny Tech100 Inc. Common Stock,US (NYSE/other)
DY,"Dycom Industries, Inc. Common Stock",US (NYSE/other)
DZZ,"DB Gold Double Short ETN due February 15, 2038",US (NYSE/other)
E,ENI S.p.A. Common Stock,US (NYSE/other)
EAD,Allspring Income Opportunities Fund Common Shares,US (NYSE/other)
EAF,GrafTech International Ltd. Common Stock,US (NYSE/other)
EAI,"Entergy Arkansas, LLC First Mortgage Bonds, 4.875% Series Due September 1, 2066",US (NYSE/other)
EARN,Ellington Credit Company Common Shares of Beneficial Interest,US (NYSE/other)
EAT,"Brinker International, Inc. Common Stock",US (NYSE/other)
EBF,"Ennis, Inc. Common Stock",US (NYSE/other)
EBS,Emergent BioSolutions Inc. Common Stock,US (NYSE/other)
ECAT,BlackRock ESG Capital Allocation Term Trust Common Shares of Beneficial Interest,US (NYSE/other)
ECC,Eagle Point Credit Company Common Share of Beneficial Interest,US (NYSE/other)
ECF,Ellsworth Growth and Income Fund Ltd.,US (NYSE/other)
ECG,"Everus Construction Group, Inc. Common Stock",US (NYSE/other)
ECL,Ecolab Inc. Common Stock,US (NYSE/other)
ECO,Okeanis Eco Tankers Corp. Common Stock,US (NYSE/other)
ECVT,Ecovyst Inc. Common Stock,US (NYSE/other)
ED,"Consolidated Edison, Inc. Common Stock",US (NYSE/other)
EDD,"Morgan Stanley Emerging Markets Domestic Debt Fund, Inc. Common Stock",US (NYSE/other)
EDF,Virtus Stone Harbor Emerging Markets Income Fund Common Shares of Beneficial Interest,US (NYSE/other)
EDU,"New Oriental Education & Technology Group, Inc. Sponsored ADR representing 10 Ordinary Share (Cayman Islands)",US (NYSE/other)
EE,"Excelerate Energy, Inc. Class A Common Stock",US (NYSE/other)
EEA,"The European Equity Fund, Inc. Common Stock",US (NYSE/other)
EFC,Ellington Financial Inc. Common Stock ,US (NYSE/other)
EFOR,"Everforth, Inc. Common Stock",US (NYSE/other)
EFR,Eaton Vance Senior Floating-Rate Fund Common Shares of Beneficial Interest,US (NYSE/other)
EFT,Eaton Vance Floating Rate Income Trust Common Shares of Beneficial Interest,US (NYSE/other)
EFX,"Equifax, Inc. Common Stock",US (NYSE/other)
EFXT,Enerflex Ltd Common Shares,US (NYSE/other)
EG,"Everest Group, Ltd. Common Stock",US (NYSE/other)
EGG,Enigmatig Limited Class A Ordinary Shares,US (NYSE/other)
EGO,Eldorado Gold Corporation Ordinary Shares,US (NYSE/other)
EGP,"EastGroup Properties, Inc. Common Stock",US (NYSE/other)
EGY,"VAALCO Energy, Inc.  Common Stock",US (NYSE/other)
EHC,Encompass Health Corporation Common Stock,US (NYSE/other)
EHI,Western Asset Global High Income Fund Inc Common Stock,US (NYSE/other)
EIC,Eagle Point Income Company Inc. Common Stock,US (NYSE/other)
EIG,Employers Holdings Inc Common Stock,US (NYSE/other)
EIM,"Eaton Vance Municipal Bond Fund Common Shares of Beneficial Interest, $.01 par value",US (NYSE/other)
EIX,Edison International Common Stock,US (NYSE/other)
EL,"Estee Lauder Companies, Inc. (The) Common Stock",US (NYSE/other)
ELA,Envela Corporation Common Stock,US (NYSE/other)
ELAN,Elanco Animal Health Incorporated Common Stock,US (NYSE/other)
ELC,"Entergy Louisiana, Inc. Collateral Trust Mortgage Bonds, 4.875 % Series due September 1, 2066",US (NYSE/other)
ELF,"e.l.f. Beauty, Inc. Common Stock",US (NYSE/other)
ELLO,Ellomay Capital Ltd Ordinary Shares (Israel),US (NYSE/other)
ELMD,"Electromed, Inc. Common Stock",US (NYSE/other)
ELME,Elme Communities Common Stock,US (NYSE/other)
ELS,"Equity Lifestyle Properties, Inc. Common Stock",US (NYSE/other)
ELV,"Elevance Health, Inc. Common Stock",US (NYSE/other)
EMA,Emera Incorporated Common Shares,US (NYSE/other)
EMBJ,Embraer S.A. Common Stock,US (NYSE/other)
EMD,Western Asset Emerging Markets Debt Fund Inc Common Stock,US (NYSE/other)
EME,"EMCOR Group, Inc. Common Stock",US (NYSE/other)
EMF,Templeton Emerging Markets Fund Common Stock,US (NYSE/other)
EMN,Eastman Chemical Company Common Stock,US (NYSE/other)
EMO,ClearBridge Energy Midstream Opportunity Fund Inc. Common Stock,US (NYSE/other)
EMP,"Entergy Mississippi, LLC First Mortgage Bonds, 4.90% Series Due October 1, 2066",US (NYSE/other)
EMR,Emerson Electric Company Common Stock,US (NYSE/other)
ENB,Enbridge Inc Common Stock,US (NYSE/other)
ENHA,Enhanced Group Inc. Class A Common Stock,US (NYSE/other)
ENJ,"Entergy New Orleans, LLC First Mortgage Bonds, 5.0% Series due December 1, 2052",US (NYSE/other)
ENO,"Entergy New Orleans, LLC First Mortgage Bonds, 5.50% Series due April 1, 2066",US (NYSE/other)
ENOV,Enovis Corporation Common Stock,US (NYSE/other)
ENR,"Energizer Holdings, Inc. Common Stock",US (NYSE/other)
ENS,EnerSys Common Stock,US (NYSE/other)
ENVA,"Enova International, Inc. Common Stock",US (NYSE/other)
EOD,Allspring Global Dividend Opportunity Fund Common Shares of Beneficial Interest,US (NYSE/other)
EOG,"EOG Resources, Inc. Common Stock",US (NYSE/other)
EOI,Eaton Vance Enhance Equity Income Fund Eaton Vance Enhanced Equity Income Fund Shares of Beneficial Interest,US (NYSE/other)
EONR,EON Resources Inc. Class A Common Stock,US (NYSE/other)
EOS,Eaton Vance Enhance Equity Income Fund II Common Stock,US (NYSE/other)
EOT,Eaton Vance Municipal Income Trust EATON VANCE NATIONAL MUNICIPAL OPPORTUNITIES TRUST,US (NYSE/other)
EP,Empire Petroleum Corporation Common Stock,US (NYSE/other)
EPAC,Enerpac Tool Group Corp. Common Stock,US (NYSE/other)
EPAM,"EPAM Systems, Inc. Common Stock",US (NYSE/other)
EPC,Edgewell Personal Care Company Common Stock,US (NYSE/other)
EPD,Enterprise Products Partners L.P. Common Stock,US (NYSE/other)
EPM,"Evolution Petroleum Corporation, Inc. Common Stock",US (NYSE/other)
EPR,EPR Properties Common Stock,US (NYSE/other)
EPRT,"Essential Properties Realty Trust, Inc. Common Stock",US (NYSE/other)
EQBK,"Equity Bancshares, Inc. Class A Common Stock",US (NYSE/other)
EQH,"Equitable Holdings, Inc. Common Stock",US (NYSE/other)
EQNR,Equinor ASA,US (NYSE/other)
EQR,Equity Residential Common Shares of Beneficial Interest,US (NYSE/other)
EQS,"Equus Total Return, Inc. Common Stock",US (NYSE/other)
EQT,EQT Corporation Common Stock,US (NYSE/other)
EQX,Equinox Gold Corp. Common Shares,US (NYSE/other)
ERC,Allspring Multi-Sector Income Fund Common Stock,US (NYSE/other)
ERH,Allspring Utilities and High Income Fund Common Shares,US (NYSE/other)
ERO,Ero Copper Corp. Common Shares,US (NYSE/other)
EROC,"ERock, Inc. Class A Common Stock",US (NYSE/other)
EROK,"EagleRock Land, LLC Class A shares representing limited liability company interests",US (NYSE/other)
ES,Eversource Energy (D/B/A) Common Stock,US (NYSE/other)
ESAB,ESAB Corporation Common Stock,US (NYSE/other)
ESE,ESCO Technologies Inc. Common Stock,US (NYSE/other)
ESI,Element Solutions Inc. Common Stock,US (NYSE/other)
ESNT,Essent Group Ltd. Common Shares,US (NYSE/other)
ESP,Espey Mfg. & Electronics Corp. Common Stock,US (NYSE/other)
ESRT,"Empire State Realty Trust, Inc. Class A Common Stock",US (NYSE/other)
ESS,"Essex Property Trust, Inc. Common Stock",US (NYSE/other)
ESTC,Elastic N.V. Ordinary Shares,US (NYSE/other)
ETB,Eaton Vance Tax-Managed Buy-Write Income Fund Eaton Vance Tax-Managed Buy-Write Income Fund Common Shares of Beneficial Interest,US (NYSE/other)
ETD,Ethan Allen Interiors Inc. Common Stock,US (NYSE/other)
ETG,Eaton Vance Tax-Advantaged Global Dividend Income Fund Common Shares of Beneficial Interest,US (NYSE/other)
ETJ,Eaton Vance Risk-Managed Diversified Equity Income Fund Common Shares of Beneficial Interest,US (NYSE/other)
ETN,"Eaton Corporation, PLC Ordinary Shares",US (NYSE/other)
ETO,Eaton Vance Tax-Advantage Global Dividend Opp Common Stock,US (NYSE/other)
ETR,Entergy Corporation Common Stock,US (NYSE/other)
ETSS,Energy Transition Special Opportunities Class A Ordinary Shares,US (NYSE/other)
ETSY,"Etsy, Inc. Common Stock",US (NYSE/other)
ETV,Eaton Vance Corporation Eaton Vance Tax-Managed Buy-Write Opportunities Fund Common Shares of Beneficial Interest,US (NYSE/other)
ETW,Eaton Vance Corporation Eaton Vance Tax-Managed Global Buy-Write Opportunites Fund Common Shares of Beneficial Interest,US (NYSE/other)
ETX,Eaton Vance Municipal Income 2028 Term Trust Common Shares of Beneficial Interest,US (NYSE/other)
ETY,"Eaton Vance Tax-Managed Diversified Equity Income Fund Common Shares of Beneficial Interest,",US (NYSE/other)
EVC,Entravision Communications Corporation Common Stock,US (NYSE/other)
EVEX,"Eve Holding, Inc. Common Stock",US (NYSE/other)
EVF,Eaton Vance Senior Income Trust Common Stock,US (NYSE/other)
EVG,Eaton Vance Short Diversified Income Fund Eaton Vance Short Duration Diversified Income Fund Common Shares of Beneficial Interest,US (NYSE/other)
EVH,"Evolent Health, Inc Class A Common Stock",US (NYSE/other)
EVI,"EVI Industries, Inc.  Common Stock",US (NYSE/other)
EVMN,"Evommune, Inc. Common Stock",US (NYSE/other)
EVN,Eaton Vance Municipal Income Trust Common Stock,US (NYSE/other)
EVR,Evercore Inc. Class A Common Stock,US (NYSE/other)
EVT,Eaton Vance Tax Advantaged Dividend Income Fund Common Shares of Beneficial Interest,US (NYSE/other)
EVTC,"Evertec, Inc. Common Stock",US (NYSE/other)
EVTL,Vertical Aerospace Ltd. Ordinary Shares,US (NYSE/other)
EVV,Eaton Vance Limited Duration Income Fund Common Shares of Beneficial Interest,US (NYSE/other)
EW,Edwards Lifesciences Corporation Common Stock,US (NYSE/other)
EXG,Eaton Vance Tax-Managed Global Diversified Equity Income Fund Common Shares of Beneficial Interest,US (NYSE/other)
EXK,Endeavour Silver Corporation Ordinary Shares (Canada),US (NYSE/other)
EXOD,"Exodus Movement, Inc. Class A Common Stock",US (NYSE/other)
EXP,Eagle Materials Inc Common Stock,US (NYSE/other)
EXPD,"Expeditors International of Washington, Inc. Common Stock",US (NYSE/other)
EXR,Extra Space Storage Inc Common Stock,US (NYSE/other)
F,Ford Motor Company Common Stock,US (NYSE/other)
FAF,First American Corporation (New) Common Stock,US (NYSE/other)
FAX,"abrdn Asia-Pacific Income Fund, Inc. Common Stock",US (NYSE/other)
FBIN,"Fortune Brands Innovations, Inc. Common Stock",US (NYSE/other)
FBK,FB Financial Corporation Common Stock,US (NYSE/other)
FBP,First BanCorp. New Common Stock,US (NYSE/other)
FBRT,"Franklin BSP Realty Trust, Inc. Common Stock",US (NYSE/other)
FC,Franklin Covey Company Common Stock,US (NYSE/other)
FCBM,"First Carolina Financial Services, Inc. Common Stock",US (NYSE/other)
FCF,First Commonwealth Financial Corporation Common Stock,US (NYSE/other)
FCN,"FTI Consulting, Inc. Common Stock",US (NYSE/other)
FCPT,"Four Corners Property Trust, Inc. Common Stock",US (NYSE/other)
FCT,First Trust Senior Floating Rate Income Fund II Common Shares of Beneficial Interest,US (NYSE/other)
FCX,"Freeport-McMoRan, Inc. Common Stock",US (NYSE/other)
FDS,FactSet Research Systems Inc. Common Stock,US (NYSE/other)
FDX,FedEx Corporation Common Stock,US (NYSE/other)
FDXF,"FedEx Freight Holding Company, Inc. Common Stock",US (NYSE/other)
FE,FirstEnergy Corp. Common Stock,US (NYSE/other)
FERG,Ferguson Enterprises Inc. Common Stock,US (NYSE/other)
FET,"Forum Energy Technologies, Inc. Common Stock",US (NYSE/other)
FF,FutureFuel Corp.  Common shares,US (NYSE/other)
FFA,First Trust Enhanced Equity Income Fund Common Shares of Beneficial Interest,US (NYSE/other)
FG,"F&G Annuities & Life, Inc. Common Stock",US (NYSE/other)
FHI,"Federated Hermes, Inc. Common Stock",US (NYSE/other)
FHN,First Horizon Corporation Common Stock,US (NYSE/other)
FICO,Fair Isaac Corporation Common Stock,US (NYSE/other)
FIG,"Figma, Inc. Class A Common Stock",US (NYSE/other)
FIGS,"FIGS, Inc. Class A Common Stock",US (NYSE/other)
FINS,Angel Oak Financial Strategies Income Term Trust Common Shares of Beneficial Interest,US (NYSE/other)
FIRY,Firy Inc. Class A Common Stock,US (NYSE/other)
FIS,"Fidelity National Information Services, Inc. Common Stock",US (NYSE/other)
FITB,Fifth Third Bancorp Common Stock,US (NYSE/other)
FIX,"Comfort Systems USA, Inc. Common Stock",US (NYSE/other)
FJET,"Starfighters Space, Inc. Common Stock",US (NYSE/other)
FLC,Flaherty & Crumrine Total Return Fund Inc Common Stock,US (NYSE/other)
FLG,"Flagstar Bank, N.A. Common Stock",US (NYSE/other)
FLNG,FLEX LNG Ltd. Ordinary Shares,US (NYSE/other)
FLO,"Flowers Foods, Inc. Common Stock",US (NYSE/other)
FLOC,Flowco Holdings Inc. Class A Common Stock,US (NYSE/other)
FLR,Fluor Corporation Common Stock,US (NYSE/other)
FLS,Flowserve Corporation Common Stock,US (NYSE/other)
FLUT,Flutter Entertainment plc Ordinary Shares,US (NYSE/other)
FLYX,"flyExclusive, Inc. Class A Common Stock",US (NYSE/other)
FMC,FMC Corporation Common Stock,US (NYSE/other)
FMN,Federated Hermes Premier Municipal Income Fund,US (NYSE/other)
FMX,Fomento Economico Mexicano S.A.B. de C.V. Common Stock,US (NYSE/other)
FMY,First Trust Mortgage Income Fund Common Shares of Beneficial Interest,US (NYSE/other)
FN,Fabrinet Ordinary Shares,US (NYSE/other)
FNB,F.N.B. Corporation Common Stock,US (NYSE/other)
FND,"Floor & Decor Holdings, Inc. Common Stock",US (NYSE/other)
FNF,"Fidelity National Financial, Inc. Common Stock",US (NYSE/other)
FNGD,"MicroSectors FANG  Index -3X Inverse Leveraged ETNs due January 8, 2038",US (NYSE/other)
FNGO,"MicroSectors FANG  Index 2X Leveraged ETNs due January 8, 2038",US (NYSE/other)
FNV,Franco-Nevada Corporation,US (NYSE/other)
FOA,Finance of America Companies Inc. Class A Common Stock,US (NYSE/other)
FOF,"Cohen & Steers Closed-End Opportunity Fund, Inc. Common Stock",US (NYSE/other)
FOR,Forestar Group Inc Common Stock ,US (NYSE/other)
FOUR,"Shift4 Payments, Inc. Class A Common Stock",US (NYSE/other)
FPH,"Five Point Holdings, LLC Class A Common Shares",US (NYSE/other)
FPI,Farmland Partners Inc. Common Stock,US (NYSE/other)
FPS,"Forgent Power Solutions, Inc. Class A Common Stock",US (NYSE/other)
FR,"First Industrial Realty Trust, Inc. Common Stock",US (NYSE/other)
FRA,Blackrock Floating Rate Income Strategies Fund Inc  Common Stock,US (NYSE/other)
FRO,Frontline Plc Ordinary Shares,US (NYSE/other)
FRT,Federal Realty Investment Trust Common Stock,US (NYSE/other)
FSCO,FS Credit Opportunities Corp. Common Stock,US (NYSE/other)
FSI,Flexible Solutions International Inc. Common Stock (CDA),US (NYSE/other)
FSK,FS KKR Capital Corp. Common Stock,US (NYSE/other)
FSM,Fortuna Mining Corp. Common Shares,US (NYSE/other)
FSP,Franklin Street Properties Corp. Common Stock,US (NYSE/other)
FSS,Federal Signal Corporation Common Stock,US (NYSE/other)
FSSL,FS Specialty Lending Fund Common Shares of Beneficial Interest,US (NYSE/other)
FT,Franklin Universal Trust Common Stock,US (NYSE/other)
FTF,Franklin Limited Duration Income Trust Common Shares of Beneficial Interest,US (NYSE/other)
FTHY,First Trust High Yield Opportunities 2027 Term Fund Common Stock,US (NYSE/other)
FTI,TechnipFMC plc Ordinary Share,US (NYSE/other)
FTK,"Flotek Industries, Inc. Common Stock",US (NYSE/other)
FTRA,FutureCorp Space Acquisition 1 Class A Ordinary Shares,US (NYSE/other)
FTS,Fortis Inc. Common Shares,US (NYSE/other)
FTV,Fortive Corporation Common Stock ,US (NYSE/other)
FTW,Presidio Production Company Class A Common Stock,US (NYSE/other)
FUBO,FuboTV Inc. Class A Common Stock,US (NYSE/other)
FUL,H. B. Fuller Company Common Stock,US (NYSE/other)
FUN,Six Flags Entertainment Corporation Common Stock New,US (NYSE/other)
FURY,Fury Gold Mines Limited Common Shares,US (NYSE/other)
FVR,"FrontView REIT, Inc. Common Stock",US (NYSE/other)
FVRR,"Fiverr International Ltd. Ordinary Shares, no par value",US (NYSE/other)
G,Genpact Limited Common Stock,US (NYSE/other)
GAB,"Gabelli Equity Trust, Inc. (The) Common Stock",US (NYSE/other)
GAM,"General American Investors, Inc. Common Stock",US (NYSE/other)
GAP,"Gap, Inc. (The) Common Stock",US (NYSE/other)
GATX,GATX Corporation Common Stock,US (NYSE/other)
GAU,Galiano Gold Inc.,US (NYSE/other)
GBAB,Guggenheim Taxable Municipal Bond & Investment Grade Debt Trust Common Shares of Beneficial Interest,US (NYSE/other)
GBCI,"Glacier Bancorp, Inc. Common Stock",US (NYSE/other)
GBR,"New Concept Energy, Inc Common Stock",US (NYSE/other)
GBTG,"Global Business Travel Group, Inc. Class A Common Stock",US (NYSE/other)
GBX,"Greenbrier Companies, Inc. (The) Common Stock",US (NYSE/other)
GCDT,Green Circle Decarbonize Technology Limited Ordinary Shares,US (NYSE/other)
GCO,Genesco Inc. Common Stock,US (NYSE/other)
GCTS,"GCT Semiconductor Holding, Inc. Common Stock",US (NYSE/other)
GCV,"Gabelli Convertible and Income Securities Fund, Inc. (The) Common Stock",US (NYSE/other)
GD,General Dynamics Corporation Common Stock,US (NYSE/other)
GDDY,GoDaddy Inc. Class A Common Stock,US (NYSE/other)
GDL,"GDL Fund, The Common Shares of Beneficial Interest",US (NYSE/other)
GDO,Western Asset Global Corporate Opportunity Fund Inc. Common Stock,US (NYSE/other)
GDOT,"Green Dot Corporation Class A Common Stock, $0.001 par value",US (NYSE/other)
GDV,Gabelli Dividend & Income Trust Common Shares of Beneficial Interest,US (NYSE/other)
GE,GE Aerospace Common Stock,US (NYSE/other)
GEF,Greif Inc. Class A Common Stock,US (NYSE/other)
GEF-B,"Greif, Inc. Corporation Class B Common Stock",US (NYSE/other)
GENC,"Gencor Industries, Inc. Common Stock",US (NYSE/other)
GENI,Genius Sports Limited Ordinary Shares,US (NYSE/other)
GEO,Geo Group Inc (The) REIT,US (NYSE/other)
GETY,"Getty Images Holdings, Inc. Class A Common Stock",US (NYSE/other)
GEV,GE Vernova Inc. Common Stock,US (NYSE/other)
GF,"New Germany Fund, Inc. (The) Common Stock",US (NYSE/other)
GFF,Griffon Corporation Common Stock,US (NYSE/other)
GFL,"GFL Environmental Inc. Subordinate voting shares, no par value",US (NYSE/other)
GFR,Greenfire Resources Ltd. Common Shares,US (NYSE/other)
GGB,Gerdau S.A. Common Stock,US (NYSE/other)
GGG,Graco Inc. Common Stock,US (NYSE/other)
GGN,"GAMCO Global Gold, Natural Resources & Income Trust",US (NYSE/other)
GGT,"Gabelli Multi-Media Trust, Inc. (The) Common Stock",US (NYSE/other)
GGZ,Gabelli Global Small and Mid Cap Value Trust (The) Common Shares of Beneficial Interest,US (NYSE/other)
GHC,Graham Holdings Company Common Stock,US (NYSE/other)
GHM,Graham Corporation Common Stock,US (NYSE/other)
GHY,"PGIM Global High Yield Fund, Inc.",US (NYSE/other)
GIB,CGI Inc. Common Stock,US (NYSE/other)
GIC,Global Industrial Company Common Stock,US (NYSE/other)
GIL,"Gildan Activewear, Inc. Class A Sub. Vot. Common Stock",US (NYSE/other)
GIS,"General Mills, Inc. Common Stock",US (NYSE/other)
GJH,Synthetic Fixed-Income Securities Inc 6.375% (STRATS) Cl A-1,US (NYSE/other)
GJO,"Synthetic Fixed-Income Securities, Inc. on behalf of STRATS(SM) Trust for Wal-Mart Stores, Inc. Securities, Series 2004-5",US (NYSE/other)
GJP,"Synthetic Fixed-Income Securities, Inc. on behalf of STRATS (SM) Trust for Dominion Resources, Inc. Securities, Series 2005-6, Floating Rate Structured Repackaged Asset-Backed Trust Securities (STRATS) Certificates",US (NYSE/other)
GJR,"Synthetic Fixed-Income Securities, Inc. STRATS Trust for Procter&Gamble Securities, Series 2006-1",US (NYSE/other)
GJS,"Goldman Sachs Group Securities STRATS Trust for Goldman Sachs Group Securities, Series 2006-2",US (NYSE/other)
GJT,"Synthetic Fixed-Income Securities, Inc. Floating Rate Structured Repackaged Asset-Backed Trust Securities Certificates, Series 2006-3",US (NYSE/other)
GKOS,Glaukos Corporation Common Stock,US (NYSE/other)
GL,Globe Life Inc. Common Stock,US (NYSE/other)
GLAS,Glass House Brands Inc. Subordinate Voting Shares,US (NYSE/other)
GLDG,GoldMining Inc. Common Shares,US (NYSE/other)
GLO,Clough Global Opportunities Fund Common Stock,US (NYSE/other)
GLOB,Globant S.A. Common Shares,US (NYSE/other)
GLQ,Clough Global Equity Fund Clough Global Equity Fund Common Shares of Beneficial Interest,US (NYSE/other)
GLU,Gabelli Global Utility Common Shares of Beneficial Ownership,US (NYSE/other)
GLV,Clough Global Dividend and Income Fund Common Shares of beneficial interest,US (NYSE/other)
GLW,Corning Incorporated Common Stock,US (NYSE/other)
GM,General Motors Company Common Stock,US (NYSE/other)
GME,GameStop Corporation Common Stock,US (NYSE/other)
GMED,"Globus Medical, Inc. Class A Common Stock",US (NYSE/other)
GMRS,GMR Solutions Inc. Class A Common Stock,US (NYSE/other)
GMTL,Guardian Metal Resources PLC ADS,US (NYSE/other)
GNE,Genie Energy Ltd. Class B Common Stock Stock,US (NYSE/other)
GNK,Genco Shipping & Trading Limited Ordinary Shares New (Marshall Islands),US (NYSE/other)
GNL,"Global Net Lease, Inc. Common Stock",US (NYSE/other)
GNRC,Generac Holdlings Inc. Common Stock,US (NYSE/other)
GNS,Genius Group Limited Ordinary Shares,US (NYSE/other)
GNT,"GAMCO Natural Resources, Gold & Income Trust",US (NYSE/other)
GNW,Genworth Financial Inc Common Stock,US (NYSE/other)
GOF,Guggenheim Strategic Opportunities Fund Common Shares of Beneficial Interest,US (NYSE/other)
GOLD,"Gold.com, Inc. Common Stock",US (NYSE/other)
GOLF,Acushnet Holdings Corp. Common Stock,US (NYSE/other)
GOOS,Canada Goose Holdings Inc. Subordinate Voting Shares,US (NYSE/other)
GORO,Goldgroup Mining Inc. Common Shares,US (NYSE/other)
GPC,Genuine Parts Company Common Stock,US (NYSE/other)
GPGI,"GPGI, Inc. Class A Common Stock",US (NYSE/other)
GPI,"Group 1 Automotive, Inc. Common Stock",US (NYSE/other)
GPK,Graphic Packaging Holding Company,US (NYSE/other)
GPMT,Granite Point Mortgage Trust Inc. Common Stock,US (NYSE/other)
GPN,Global Payments Inc. Common Stock,US (NYSE/other)
GPOR,Gulfport Energy Corporation Common Shares,US (NYSE/other)
GPRK,Geopark Ltd Common Shares,US (NYSE/other)
GPUS,"Hyperscale Data, Inc. Common Stock",US (NYSE/other)
GRBK,"Green Brick Partners, Inc. Common Stock",US (NYSE/other)
GRC,Gorman-Rupp Company (The) Common Stock,US (NYSE/other)
GRDN,"Guardian Pharmacy Services, Inc. Class A Common Stock",US (NYSE/other)
GRF,"Eagle Capital Growth Fund, Inc. Common Stock",US (NYSE/other)
GRMN,Garmin Ltd. Common Stock (Switzerland),US (NYSE/other)
GRND,Grindr Inc. Common Stock,US (NYSE/other)
GRNT,"Granite Ridge Resources, Inc. Common Stock",US (NYSE/other)
GRO,Brazil Potash Corp. Common Shares,US (NYSE/other)
GROV,"Grove Collaborative Holdings, Inc. Class A Common Stock",US (NYSE/other)
GROY,Gold Royalty Corp. Common Shares,US (NYSE/other)
GRX,The Gabelli Healthcare & Wellness Trust Common Shares of Beneficial Interest,US (NYSE/other)
GS,"Goldman Sachs Group, Inc. (The) Common Stock",US (NYSE/other)
GSBD,"Goldman Sachs BDC, Inc. Common Stock",US (NYSE/other)
GSL,Global Ship Lease Inc New Class A Common Shares,US (NYSE/other)
GTE,Gran Tierra Energy Inc. Common Stock,US (NYSE/other)
GTES,Gates Industrial Corporation Ltd. Common Shares,US (NYSE/other)
GTN,"Gray Media, Inc. Common Stock",US (NYSE/other)
GTN-A,"Gray Media, Inc. Class A Common Stock",US (NYSE/other)
GTY,Getty Realty Corporation Common Stock,US (NYSE/other)
GUG,Guggenheim Active Allocation Fund Common Shares of Beneficial Interest,US (NYSE/other)
GUT,Gabelli Utility Trust (The) Common Stock,US (NYSE/other)
GVA,Granite Construction Incorporated Common Stock,US (NYSE/other)
GWH,"ESS Tech, Inc. Common Stock",US (NYSE/other)
GWRE,"Guidewire Software, Inc. Common Stock",US (NYSE/other)
GWW,"W.W. Grainger, Inc. Common Stock",US (NYSE/other)
GXO,"GXO Logistics, Inc. Common Stock ",US (NYSE/other)
H,Hyatt Hotels Corporation Class A Common Stock,US (NYSE/other)
HAE,Haemonetics Corporation Common Stock,US (NYSE/other)
HAFN,Hafnia Limited Common Shares,US (NYSE/other)
HAL,Halliburton Company Common Stock,US (NYSE/other)
HASI,"HA Sustainable Infrastructure Capital, Inc. Common Stock",US (NYSE/other)
HAWK,"HawkEye 360, Inc. Common Stock",US (NYSE/other)
HAYW,"Hayward Holdings, Inc. Common Stock",US (NYSE/other)
HBB,Hamilton Beach Brands Holding Company Class A Common Stock ,US (NYSE/other)
HBM,Hudbay Minerals Inc. Ordinary Shares (Canada),US (NYSE/other)
HCA,"HCA Healthcare, Inc. Common Stock",US (NYSE/other)
HCC,"Warrior Met Coal, Inc. Common Stock",US (NYSE/other)
HCI,"HCI Group, Inc. Common Stock",US (NYSE/other)
HCWC,Healthy Choice Wellness Corp. Class A Common Stock,US (NYSE/other)
HD,"Home Depot, Inc. (The) Common Stock",US (NYSE/other)
HDB,HDFC Bank Limited Common Stock,US (NYSE/other)
HE,"Hawaiian Electric Industries, Inc. Common Stock",US (NYSE/other)
HEI,Heico Corporation Common Stock,US (NYSE/other)
HEI-A,Heico Corporation Common Stock,US (NYSE/other)
HEQ,John Hancock Diversified Income Fund Common Shares of Beneficial Interest,US (NYSE/other)
HESM,Hess Midstream LP Class A Representing Limited Partner Interests,US (NYSE/other)
HFRO,Highland Opportunities and Income Fund Common Shares of Beneficial Interest,US (NYSE/other)
HG,"Hamilton Insurance Group, Ltd. Class B Common Shares",US (NYSE/other)
HGLB,Highland Global Allocation Fund Common Stock,US (NYSE/other)
HGTY,"Hagerty, Inc. Class A Common Stock",US (NYSE/other)
HGV,Hilton Grand Vacations Inc. Common Stock ,US (NYSE/other)
HHH,Howard Hughes Holdings Inc. Common Stock,US (NYSE/other)
HIG,"The Hartford Insurance Group, Inc. Common Stock",US (NYSE/other)
HII,"Huntington Ingalls Industries, Inc. Common Stock",US (NYSE/other)
HIMS,"Hims & Hers Health, Inc. Class A Common Stock",US (NYSE/other)
HIO,"Western Asset High Income Opportunity Fund, Inc. Common Stock",US (NYSE/other)
HIPO,Hippo Holdings Inc. Common Stock,US (NYSE/other)
HIW,"Highwoods Properties, Inc. Common Stock",US (NYSE/other)
HIX,Western Asset High Income Fund II Inc. Common Stock,US (NYSE/other)
HL,Hecla Mining Company Common Stock,US (NYSE/other)
HLF,Herbalife Ltd. Common Shares,US (NYSE/other)
HLI,"Houlihan Lokey, Inc. Class A Common Stock",US (NYSE/other)
HLIO,"Helios Technologies, Inc. Common Stock",US (NYSE/other)
HLLY,Holley Inc. Common Stock,US (NYSE/other)
HLT,Hilton Worldwide Holdings Inc. Common Stock ,US (NYSE/other)
HLX,"Helix Energy Solutions Group, Inc. Common Stock",US (NYSE/other)
HMC,"Honda Motor Company, Ltd. Common Stock",US (NYSE/other)
HMN,Horace Mann Educators Corporation Common Stock,US (NYSE/other)
HMY,Harmony Gold Mining Company Limited,US (NYSE/other)
HNGE,"Hinge Health, Inc. Class A Common Stock",US (NYSE/other)
HNI,HNI Corporation Common Stock,US (NYSE/other)
HOG,"Harley-Davidson, Inc. Common Stock",US (NYSE/other)
HOMB,"Home BancShares, Inc. Common Stock",US (NYSE/other)
HOV,"Hovnanian Enterprises, Inc. Class A Common Stock",US (NYSE/other)
HP,"Helmerich & Payne, Inc. Common Stock",US (NYSE/other)
HPE,Hewlett Packard Enterprise Company Common Stock,US (NYSE/other)
HPF,John Hancock Pfd Income Fund II Pfd Income Fund II,US (NYSE/other)
HPP,"Hudson Pacific Properties, Inc. Common Stock",US (NYSE/other)
HPQ,HP Inc. Common Stock,US (NYSE/other)
HQH,abrdn Healthcare Investors Shares of Beneficial Interest,US (NYSE/other)
HQL,abrdn Life Sciences Investors Shares of Beneficial Interest,US (NYSE/other)
HR,Healthcare Realty Trust Incorporated Common Stock,US (NYSE/other)
HRB,"H&R Block, Inc. Common Stock",US (NYSE/other)
HRI,Herc Holdings Inc. Common Stock ,US (NYSE/other)
HRL,Hormel Foods Corporation Common Stock,US (NYSE/other)
HRTG,"Heritage Insurance Holdings, Inc. Common Stock",US (NYSE/other)
HSBC,"HSBC Holdings, plc. Common Stock",US (NYSE/other)
HSHP,Himalaya Shipping Ltd. Common Shares,US (NYSE/other)
HSLV,Highlander Silver Corp. Common Shares,US (NYSE/other)
HSY,The Hershey Company Common Stock,US (NYSE/other)
HTB,"HomeTrust Bancshares, Inc. Common Stock",US (NYSE/other)
HTD,John Hancock Tax Advantaged Dividend Income Fund Common Shares of Beneficial Interest,US (NYSE/other)
HTGC,"Hercules Capital, Inc. Common Stock",US (NYSE/other)
HTH,Hilltop Holdings Inc.,US (NYSE/other)
HUBB,Hubbell Inc Common Stock,US (NYSE/other)
HUBS,"HubSpot, Inc. Common Stock",US (NYSE/other)
HUM,Humana Inc. Common Stock,US (NYSE/other)
HUN,Huntsman Corporation Common Stock,US (NYSE/other)
HVT,"Haverty Furniture Companies, Inc. Common Stock",US (NYSE/other)
HVT-A,"Haverty Furniture Companies, Inc. Common Stock",US (NYSE/other)
HWM,Howmet Aerospace Inc. Common Stock,US (NYSE/other)
HXL,Hexcel Corporation Common Stock,US (NYSE/other)
HY,"Hyster-Yale, Inc. Class A common stock",US (NYSE/other)
HYI,Western Asset High Yield Opportunity Fund Inc. Common Stock,US (NYSE/other)
HYLN,Hyliion Holdings Corp. Class A Common Stock,US (NYSE/other)
HYT,"Blackrock Corporate High Yield Fund, Inc. Common Stock",US (NYSE/other)
HZO,"MarineMax, Inc.  (FL) Common Stock",US (NYSE/other)
IAE,Voya Asia Pacific High Dividend Equity Income Fund ING Asia Pacific High Dividend Equity Income Fund Common Shares of Beneficial Interest,US (NYSE/other)
IAF,"abrdn Australia Equity Fund, Inc. Common Stock",US (NYSE/other)
IAG,Iamgold Corporation Ordinary Shares,US (NYSE/other)
IAUX,i-80 Gold Corp. Common Shares,US (NYSE/other)
IBM,International Business Machines Corporation Common Stock,US (NYSE/other)
IBN,ICICI Bank Limited Common Stock,US (NYSE/other)
IBO,"Impact BioMedical, Inc. Common Stock",US (NYSE/other)
IBP,"Installed Building Products, Inc. Common Stock",US (NYSE/other)
IBTA,"Ibotta, Inc. Class A Common Stock",US (NYSE/other)
ICE,Intercontinental Exchange Inc. Common Stock,US (NYSE/other)
ICL,ICL Group Ltd. Ordinary Shares,US (NYSE/other)
IDA,"IDACORP, Inc. Common Stock",US (NYSE/other)
IDE,"Voya Infrastructure, Industrials and Materials Fund Common Shares of Beneficial Interest",US (NYSE/other)
IDR,"Idaho Strategic Resources, Inc. Common Stock",US (NYSE/other)
IDT,IDT Corporation Class B Common Stock,US (NYSE/other)
IE,Ivanhoe Electric Inc. Common Stock,US (NYSE/other)
IEX,IDEX Corporation Common Stock,US (NYSE/other)
IFF,"International Flavors & Fragrances, Inc. Common Stock",US (NYSE/other)
IFN,"Aberdeen India Fund, Inc. Common Stock",US (NYSE/other)
IFS,Intercorp Financial Services Inc. Common Shares,US (NYSE/other)
IGA,Voya Global Advantage and Premium Opportunity Fund Common Shares of Beneficial Interest,US (NYSE/other)
IGC,"IGC Pharma, Inc. Common Stock",US (NYSE/other)
IGD,Voya Global Equity Dividend and Premium Opportunity Fund,US (NYSE/other)
IGI,Western Asset Investment Grade Opportunity Trust Inc. Common Stock,US (NYSE/other)
IGR,CBRE Global Real Estate Income Fund Common Shares of Beneficial Interest,US (NYSE/other)
IHD,Voya Emerging Markets High Income Dividend Equity Fund Common Shares,US (NYSE/other)
IHS,IHS Holding Limited Ordinary Shares,US (NYSE/other)
IHT,InnSuites Hospitality Trust Shares of Beneficial Interest,US (NYSE/other)
IIF,"Morgan Stanley India Investment Fund, Inc. Common Stock",US (NYSE/other)
IIIN,"Insteel Industries, Inc. Common Stock",US (NYSE/other)
IIM,Invesco Value Municipal Income Trust Common Stock,US (NYSE/other)
IIPR,"Innovative Industrial Properties, Inc. Common Stock",US (NYSE/other)
IMAX,Imax Corporation Common Stock,US (NYSE/other)
IMC,IMC Rare Earths Ltd Ordinary Shares,US (NYSE/other)
IMO,Imperial Oil Limited Common Stock,US (NYSE/other)
INDO,Indonesia Energy Corporation Limited Ordinary Shares,US (NYSE/other)
INFQ,"Infleqtion, Inc. Common Stock",US (NYSE/other)
INFU,"InfuSystems Holdings, Inc. Common Stock",US (NYSE/other)
ING,"ING Group, N.V. Common Stock",US (NYSE/other)
INGM,Ingram Micro Holding Corporation Common Stock,US (NYSE/other)
INGR,Ingredion Incorporated Common Stock,US (NYSE/other)
INLX,"Intellinetics, Inc. Common Stock",US (NYSE/other)
INN,"Summit Hotel Properties, Inc. Common Stock",US (NYSE/other)
INR,"Infinity Natural Resources, Inc. Class A Common Stock",US (NYSE/other)
INSP,"Inspire Medical Systems, Inc. Common Stock",US (NYSE/other)
INSW,"International Seaways, Inc. Common Stock ",US (NYSE/other)
INTT,inTest Corporation Common Stock,US (NYSE/other)
INUV,"Inuvo, Inc.",US (NYSE/other)
INVH,Invitation Homes Inc. Common Stock,US (NYSE/other)
INVX,"Innovex International, Inc. Common Stock",US (NYSE/other)
IONQ,"IonQ, Inc. Common Stock",US (NYSE/other)
IOR,"Income Opportunity Realty Investors, Inc. Common Stock",US (NYSE/other)
IOT,Samsara Inc. Class A Common Stock,US (NYSE/other)
IP,International Paper Company Common Stock,US (NYSE/other)
IPI,"Intrepid Potash, Inc Common Stock",US (NYSE/other)
IQI,Invesco Quality Municipal Income Trust Common Stock,US (NYSE/other)
IQV,"IQVIA Holdings, Inc. Common Stock",US (NYSE/other)
IR,Ingersoll Rand Inc. Common Stock,US (NYSE/other)
IRM,Iron Mountain Incorporated (Delaware)Common Stock REIT,US (NYSE/other)
IRT,"Independence Realty Trust, Inc. Common Stock",US (NYSE/other)
ISD,"PGIM High Yield Bond Fund, Inc.",US (NYSE/other)
ISOU,IsoEnergy Ltd. Common Shares,US (NYSE/other)
IT,"Gartner, Inc. Common Stock",US (NYSE/other)
ITGR,Integer Holdings Corporation Common Stock,US (NYSE/other)
ITP,"IT Tech Packaging, Inc. Common Stock",US (NYSE/other)
ITRG,Integra Resources Corp. Common Shares,US (NYSE/other)
ITT,ITT Inc. Common Stock ,US (NYSE/other)
ITW,Illinois Tool Works Inc. Common Stock,US (NYSE/other)
IVR,INVESCO MORTGAGE CAPITAL INC Common Stock,US (NYSE/other)
IVT,InvenTrust Properties Corp. Common Stock,US (NYSE/other)
IVZ,Invesco Ltd Common Stock,US (NYSE/other)
J,Jacobs Solutions Inc. Common Stock,US (NYSE/other)
JAGU,Jaguar Uranium Corp. Class A Common Shares,US (NYSE/other)
JAN,"Janus Living, Inc. Class A-1 Common Stock",US (NYSE/other)
JBGS,JBG SMITH Properties Common Shares ,US (NYSE/other)
JBI,"Janus International Group, Inc. Common Stock",US (NYSE/other)
JBK,Lehman ABS 3.50 3.50% Adjustable Corp Backed Tr Certs GS Cap I,US (NYSE/other)
JBL,Jabil Inc. Common Stock,US (NYSE/other)
JBS,JBS N.V. Class A Common Shares,US (NYSE/other)
JBTM,JBT Marel Corporation Common Stock,US (NYSE/other)
JCE,Nuveen Core Equity Alpha Fund Common Shares of Beneficial Interest,US (NYSE/other)
JCI,Johnson Controls International plc Ordinary Share,US (NYSE/other)
JEF,Jefferies Financial Group Inc. Common Stock,US (NYSE/other)
JELD,"JELD-WEN Holding, Inc. Common Stock",US (NYSE/other)
JFR,Nuveen Floating Rate Income Fund Common Stock,US (NYSE/other)
JGH,Nuveen Global High Income Fund Common Shares of Beneficial Interest,US (NYSE/other)
JHI,John Hancock Investors Trust Common Stock,US (NYSE/other)
JHS,John Hancock Income Securities Trust Common Stock,US (NYSE/other)
JHX,James Hardie Industries plc. Ordinary Shares,US (NYSE/other)
JILL,"J. Jill, Inc. Common Stock",US (NYSE/other)
JLL,Jones Lang LaSalle Incorporated Common Stock,US (NYSE/other)
JLS,Nuveen Mortgage and Income Fund,US (NYSE/other)
JMKE,Jersey Mike's Subs Inc. Class A Common Stock,US (NYSE/other)
JMM,Nuveen Multi-Market Income Fund (MA),US (NYSE/other)
JNJ,Johnson & Johnson Common Stock,US (NYSE/other)
JOB,GEE Group Inc. Common Stock,US (NYSE/other)
JOBY,"Joby Aviation, Inc. Common Stock",US (NYSE/other)
JOE,St. Joe Company (The) Common Stock,US (NYSE/other)
JOF,Japan Smaller Capitalization Fund Inc Common Stock,US (NYSE/other)
JPM,JP Morgan Chase & Co. Common Stock,US (NYSE/other)
JQC,Nuveen Credit Strategies Income Fund Shares of Beneficial Interest,US (NYSE/other)
JRI,Nuveen Real Asset Income and Growth Fund Common Shares of Beneficial Interest,US (NYSE/other)
JRS,Nuveen Real Estate Income Fund Common Shares of Beneficial Interest,US (NYSE/other)
JXN,Jackson Financial Inc. Class A Common Stock ,US (NYSE/other)
KAI,Kadant Inc Common Stock,US (NYSE/other)
KAPA,"Kairos Pharma, Ltd. Common Stock",US (NYSE/other)
KB,KB Financial Group Inc,US (NYSE/other)
KBDC,"Kayne Anderson BDC, Inc. Common Stock",US (NYSE/other)
KBH,KB Home Common Stock,US (NYSE/other)
KBR,"KBR, Inc. Common Stock",US (NYSE/other)
KD,"Kyndryl Holdings, Inc. Common Stock",US (NYSE/other)
KEN,Kenon Holdings Ltd. Ordinary Shares,US (NYSE/other)
KEP,Korea Electric Power Corporation Common Stock,US (NYSE/other)
KEX,Kirby Corporation Common Stock,US (NYSE/other)
KEY,KeyCorp Common Stock,US (NYSE/other)
KEYS,Keysight Technologies Inc. Common Stock,US (NYSE/other)
KF,"Korea Fund, Inc. (The) New Common Stock",US (NYSE/other)
KFRC,"Kforce, Inc. Common Stock",US (NYSE/other)
KFY,Korn Ferry Common Stock,US (NYSE/other)
KGC,Kinross Gold Corporation Common Stock,US (NYSE/other)
KGS,"Kodiak Gas Services, Inc. Common Stock",US (NYSE/other)
KIM,Kimco Realty Corporation (HC) Common Stock,US (NYSE/other)
KIO,KKR Income Opportunities Fund Common Shares,US (NYSE/other)
KKR,KKR & Co. Inc. Common Stock,US (NYSE/other)
KLAR,Klarna Group plc Ordinary Shares,US (NYSE/other)
KLC,"KinderCare Learning Companies, Inc. Common Stock",US (NYSE/other)
KMI,"Kinder Morgan, Inc. Common Stock",US (NYSE/other)
KMPB,Kemper Corporation 5.875% Fixed-Rate Reset Junior Subordinated Debentures due 2062,US (NYSE/other)
KMPR,Kemper Corporation,US (NYSE/other)
KMT,Kennametal Inc. Common Stock,US (NYSE/other)
KMX,CarMax Inc,US (NYSE/other)
KN,Knowles Corporation Common Stock,US (NYSE/other)
KNF,Knife Riv Holding Co. Common Stock,US (NYSE/other)
KNRX,KNOREX LTD. Class A Ordinary Shares,US (NYSE/other)
KNSL,"Kinsale Capital Group, Inc. Common Stock",US (NYSE/other)
KNTK,Kinetik Holdings Inc. Class A Common Stock,US (NYSE/other)
KNX,Knight-Swift Transportation Holdings Inc.,US (NYSE/other)
KO,Coca-Cola Company (The) Common Stock,US (NYSE/other)
KODK,Eastman Kodak Company Common New,US (NYSE/other)
KOP,Koppers Holdings Inc. Common Stock,US (NYSE/other)
KOS,Kosmos Energy Ltd. Common Shares (DE),US (NYSE/other)
KPET,KPET Ultra Paceline Corporation Class A Ordinary Shares,US (NYSE/other)
KR,Kroger Company (The) Common Stock,US (NYSE/other)
KRC,Kilroy Realty Corporation Common Stock,US (NYSE/other)
KREF,KKR Real Estate Finance Trust Inc. Common Stock,US (NYSE/other)
KRG,Kite Realty Group Trust Common Stock,US (NYSE/other)
KRMN,Karman Holdings Inc. Common Stock,US (NYSE/other)
KRO,Kronos Worldwide Inc Common Stock,US (NYSE/other)
KSS,Kohl's Corporation Common Stock,US (NYSE/other)
KT,KT Corporation Common Stock,US (NYSE/other)
KTB,"Kontoor Brands, Inc. Common Stock ",US (NYSE/other)
KTF,DWS Municipal Income Trust,US (NYSE/other)
KTN,Structured Products Corp 8.205% CorTS 8.205% Corporate Backed Trust Securities (CorTS),US (NYSE/other)
KULR,"KULR Technology Group, Inc. Common Stock",US (NYSE/other)
KVUE,Kenvue Inc. Common Stock,US (NYSE/other)
KVYO,"Klaviyo, Inc. Series A Common Stock",US (NYSE/other)
KWR,Quaker Houghton Common Stock,US (NYSE/other)
KWY,Kingsway Corporation Common Stock,US (NYSE/other)
KYN,"Kayne Anderson Energy Infrastructure Fund, Inc.",US (NYSE/other)
L,Loews Corporation Common Stock,US (NYSE/other)
LAC,Lithium Americas Corp. Common Shares,US (NYSE/other)
LAD,"Lithia Motors, Inc. Common Stock",US (NYSE/other)
LADR,Ladder Capital Corp Class A Common Stock,US (NYSE/other)
LANV,Lanvin Group Holdings Limited Ordinary Shares,US (NYSE/other)
LAR,Lithium Argentina AG Common Shares,US (NYSE/other)
LAW,"CS Disco, Inc. Common Stock",US (NYSE/other)
LAZ,"Lazard, Inc. Common Stock",US (NYSE/other)
LB,LandBridge Company LLC Class A Shares Representing Limited Liability Company Interests,US (NYSE/other)
LBRT,Liberty Energy Inc. Class A common stock,US (NYSE/other)
LCII,LCI Industries,US (NYSE/other)
LCLN,"Lincoln International, Inc. Class A Common Stock",US (NYSE/other)
LCTX,"Lineage Cell Therapeutics, Inc. Common Stock",US (NYSE/other)
LDI,"loanDepot, Inc. Class A Common Stock",US (NYSE/other)
LDOS,"Leidos Holdings, Inc. Common Stock",US (NYSE/other)
LEA,Lear Corporation Common Stock,US (NYSE/other)
LEG,"Leggett & Platt, Incorporated Common Stock",US (NYSE/other)
LEGO,Legato Merger Corp. IV Ordinary Shares,US (NYSE/other)
LEN,Lennar Corporation Class A Common Stock,US (NYSE/other)
LEN-B,Lennar Corporation Class B,US (NYSE/other)
LEO,"BNY Mellon Strategic Municipals, Inc. Common Stock",US (NYSE/other)
LEU,Centrus Energy Corp. Class A Common Stock,US (NYSE/other)
LEVI,Levi Strauss & Co Class A Common Stock,US (NYSE/other)
LFT,"Lument Finance Trust, Inc. Common Stock",US (NYSE/other)
LGCY,Legacy Education Inc. Common Stock,US (NYSE/other)
LGI,Lazard Global Total Return and Income Fund Common Stock,US (NYSE/other)
LGL,"LGL Group, Inc. (The) Common Stock",US (NYSE/other)
LGPS,LogProstyle Inc. Common Shares,US (NYSE/other)
LH,Labcorp Holdings Inc. Common Stock,US (NYSE/other)
LHX,"L3Harris Technologies, Inc. Common Stock",US (NYSE/other)
LII,"Lennox International, Inc. Common Stock",US (NYSE/other)
LION,Lionsgate Studios Corp Common Shares,US (NYSE/other)
LLY,Eli Lilly and Company Common Stock,US (NYSE/other)
LMND,"Lemonade, Inc. Common Stock",US (NYSE/other)
LMT,Lockheed Martin Corporation Common Stock,US (NYSE/other)
LNC,Lincoln National Corporation Common Stock,US (NYSE/other)
LND,Brasilagro Brazilian Agric Real Estate Co Sponsored ADR (Brazil),US (NYSE/other)
LNG,"Cheniere Energy, Inc. Common Stock",US (NYSE/other)
LNN,Lindsay Corporation Common Stock,US (NYSE/other)
LOAR,Loar Holdings Inc. Common Stock,US (NYSE/other)
LOB,"Live Oak Bancshares, Inc. Common Stock",US (NYSE/other)
LOCL,Local Bounti Corporation Common Stock,US (NYSE/other)
LODE,Comstock Inc. Common Stock,US (NYSE/other)
LOMA,Loma Negra Compania Industrial Argentina Sociedad Anonima ADS,US (NYSE/other)
LOW,"Lowe's Companies, Inc. Common Stock",US (NYSE/other)
LPA,Logistic Properties of the Americas Ordinary Shares,US (NYSE/other)
LPG,Dorian LPG Ltd. Common Stock,US (NYSE/other)
LPL,"LG Display Co, Ltd AMERICAN DEPOSITORY SHARES",US (NYSE/other)
LPX,Louisiana-Pacific Corporation Common Stock,US (NYSE/other)
LRN,"Stride, Inc. Common Stock",US (NYSE/other)
LSF,"Laird Superfood, Inc. Common Stock",US (NYSE/other)
LSPD,Lightspeed Commerce Inc. Subordinate Voting Shares,US (NYSE/other)
LTC,"LTC Properties, Inc. Common Stock",US (NYSE/other)
LTH,"Life Time Group Holdings, Inc. Common Stock",US (NYSE/other)
LUCK,Lucky Strike Entertainment Corporation Class A Common Stock,US (NYSE/other)
LUD,Luda Technology Group Limited Ordinary Shares,US (NYSE/other)
LUMN,"Lumen Technologies, Inc. Common Stock",US (NYSE/other)
LUV,Southwest Airlines Company Common Stock,US (NYSE/other)
LVS,Las Vegas Sands Corp. Common Stock,US (NYSE/other)
LVWR,"LiveWire Group, Inc. Common Stock",US (NYSE/other)
LW,"Lamb Weston Holdings, Inc. Common Stock ",US (NYSE/other)
LXFR,Luxfer Holdings PLC Ordinary Shares,US (NYSE/other)
LXP,LXP Industrial Trust Common Stock (Maryland REIT),US (NYSE/other)
LXU,"LSB Industries, Inc. Common Stock",US (NYSE/other)
LYB,LyondellBasell Industries NV Ordinary Shares Class A (Netherlands),US (NYSE/other)
LYV,"Live Nation Entertainment, Inc. Common Stock",US (NYSE/other)
LZB,La-Z-Boy Incorporated Common Stock,US (NYSE/other)
LZM,Lifezone Metals Limited Ordinary Shares,US (NYSE/other)
M,Macy's Inc Common Stock,US (NYSE/other)
MA,Mastercard Incorporated Common Stock,US (NYSE/other)
MAA,"Mid-America Apartment Communities, Inc. Common Stock",US (NYSE/other)
MAC,Macerich Company (The) Common Stock,US (NYSE/other)
MAGN,Magnera Corporation Common Stock,US (NYSE/other)
MAIA,"MAIA Biotechnology, Inc. Common Stock",US (NYSE/other)
MAIN,Main Street Capital Corporation Common Stock,US (NYSE/other)
MAIR,Madison Air Solutions Corporation Class A Common Stock,US (NYSE/other)
MAN,ManpowerGroup Common Stock,US (NYSE/other)
MANE,"Veradermics, Incorporated Common Stock",US (NYSE/other)
MANU,Manchester United Ltd. Class A Ordinary Shares,US (NYSE/other)
MAS,Masco Corporation Common Stock,US (NYSE/other)
MATV,"Mativ Holdings, Inc. Common Stock",US (NYSE/other)
MATX,"Matson, Inc. Common Stock",US (NYSE/other)
MAX,"MediaAlpha, Inc. Class A Common Stock",US (NYSE/other)
MBC,"MasterBrand, Inc. Common Stock",US (NYSE/other)
MBGL,Mobility Global Inc. Common Stock,US (NYSE/other)
MBI,MBIA Inc. Common Stock,US (NYSE/other)
MC,Moelis & Company Class A Common Stock,US (NYSE/other)
MCB,Metropolitan Bank Holding Corp. Common Stock,US (NYSE/other)
MCD,McDonald's Corporation Common Stock,US (NYSE/other)
MCI,Barings Corporate Investors Common Stock,US (NYSE/other)
MCK,McKesson Corporation Common Stock,US (NYSE/other)
MCN,XAI Madison Equity Premium Income Fund Common Shares,US (NYSE/other)
MCO,Moody's Corporation Common Stock,US (NYSE/other)
MCRP,Micropolis AI Robotics Ordinary Shares,US (NYSE/other)
MCS,Marcus Corporation (The) Common Stock,US (NYSE/other)
MCY,Mercury General Corporation Common Stock,US (NYSE/other)
MD,"Pediatrix Medical Group, Inc. Common Stock",US (NYSE/other)
MDA,MDA Space Ltd. Common Shares,US (NYSE/other)
MDT,Medtronic plc. Ordinary Shares,US (NYSE/other)
MDU,"MDU Resources Group, Inc. Common Stock (Holding Company)",US (NYSE/other)
MDV,"Modiv Industrial, Inc. Class C Common Stock",US (NYSE/other)
MEC,"Mayville Engineering Company, Inc. Common Stock",US (NYSE/other)
MED,MEDIFAST INC Common Stock,US (NYSE/other)
MEGI,NYLI CBRE Global Infrastructure Megatrends Term Fund Common Shares,US (NYSE/other)
MEI,"Methode Electronics, Inc. Common Stock",US (NYSE/other)
MET,"MetLife, Inc. Common Stock",US (NYSE/other)
MFA,"MFA Financial, Inc.",US (NYSE/other)
MFC,Manulife Financial Corporation Common Stock,US (NYSE/other)
MFG,"Mizuho Financial Group, Inc. Sponosred ADR (Japan)",US (NYSE/other)
MFM,Aberdeen Municipal Income Fund Common Shares of Beneficial Interest,US (NYSE/other)
MG,Mistras Group Inc Common Stock,US (NYSE/other)
MGA,"Magna International, Inc. Common Stock",US (NYSE/other)
MGF,Aberdeen Government Markets Income Fund Common Shares of Beneficial Interest,US (NYSE/other)
MGLD,"The Marygold Companies, Inc. Common Stock",US (NYSE/other)
MGM,MGM Resorts International Common Stock,US (NYSE/other)
MGY,Magnolia Oil & Gas Corporation Class A Common Stock,US (NYSE/other)
MH,"McGraw Hill, Inc. Common Stock",US (NYSE/other)
MHD,"Blackrock MuniHoldings Fund, Inc. Common Stock",US (NYSE/other)
MHF,"Western Asset Municipal High Income Fund, Inc. Common Stock",US (NYSE/other)
MHH,"Mastech Digital, Inc Common Stock",US (NYSE/other)
MHK,"Mohawk Industries, Inc. Common Stock",US (NYSE/other)
MHO,"M/I Homes, Inc. Common Stock",US (NYSE/other)
MI,NFT Limited Class A Ordinary Share,US (NYSE/other)
MIAX,"Miami International Holdings, Inc. Common Stock",US (NYSE/other)
MICC,The Magnum Ice Cream Company N.V. Ordinary Shares,US (NYSE/other)
MIN,Aberdeen Intermediate Income Fund Common Shares of Beneficial Interest,US (NYSE/other)
MINE,Mayfair Gold Corp. Common Shares,US (NYSE/other)
MIR,"Mirion Technologies, Inc. Class A Common Stock",US (NYSE/other)
MITQ,"Moving iMage Technologies, Inc. Common Stock",US (NYSE/other)
MITT,"TPG Mortgage Investment Trust, Inc. Common Stock",US (NYSE/other)
MIY,"Blackrock MuniYield Michigan Quality Fund, Inc. Common Stock",US (NYSE/other)
MKC,"McCormick & Company, Incorporated Common Stock",US (NYSE/other)
MKC-V,"McCormick & Company, Incorporated Common Stock",US (NYSE/other)
MKL,Markel Group Inc. Common Stock,US (NYSE/other)
MLI,"Mueller Industries, Inc. Common Stock",US (NYSE/other)
MLM,"Martin Marietta Materials, Inc. Common Stock",US (NYSE/other)
MLP,"Maui Land & Pineapple Company, Inc. Common Stock",US (NYSE/other)
MLPB,"ETRACS Alerian MLP Infrastructure Index ETN Series B due April 2, 2040",US (NYSE/other)
MLR,"Miller Industries, Inc. Common Stock",US (NYSE/other)
MLSS,"Milestone Scientific, Inc. Common Stock",US (NYSE/other)
MMA,Mixed Martial Arts Group Limited Ordinary Shares,US (NYSE/other)
MMD,NYLI MacKay DefinedTerm Muni Opportunities Fund Common Shares,US (NYSE/other)
MMI,"Marcus & Millichap, Inc. Common Stock",US (NYSE/other)
MMM,3M Company Common Stock,US (NYSE/other)
MMS,"Maximus, Inc. Common Stock",US (NYSE/other)
MMT,Aberdeen Multi-Market Income Fund Common Shares of Beneficial Interest,US (NYSE/other)
MMU,"Western Asset Managed Municipals Fund, Inc. Common Stock",US (NYSE/other)
MNTN,"MNTN, Inc. Class A Common Stock",US (NYSE/other)
MO,"Altria Group, Inc.",US (NYSE/other)
MOD,Modine Manufacturing Company Common Stock,US (NYSE/other)
MOG-A,Moog Inc. Class A Common Stock,US (NYSE/other)
MOG-B,Moog Inc. Class B Common Stock,US (NYSE/other)
MOH,Molina Healthcare Inc Common Stock,US (NYSE/other)
MOS,Mosaic Company (The) Common Stock,US (NYSE/other)
MOV,Movado Group Inc. Common Stock,US (NYSE/other)
MP,MP Materials Corp. Common Stock,US (NYSE/other)
MPA,Blackrock MuniYield Pennsylvania Quality Fund Common Stock,US (NYSE/other)
MPC,Marathon Petroleum Corporation Common Stock,US (NYSE/other)
MPT,"Medical Properties Trust, Inc. common stock",US (NYSE/other)
MPTI,"M-tron Industries, Inc. Common Stock",US (NYSE/other)
MPU,Mega Matrix Inc. Class A Ordinary Shares,US (NYSE/other)
MPV,Barings Participation Investors Common Stock,US (NYSE/other)
MQY,"Blackrock MuniYield Quality Fund, Inc. Common Stock",US (NYSE/other)
MRK,"Merck & Company, Inc. Common Stock (new)",US (NYSE/other)
MRP,"Millrose Properties, Inc. Class A Common Stock",US (NYSE/other)
MRSH,Marsh Common Stock,US (NYSE/other)
MRT,"Marti Technologies, Inc. Class A Ordinary Shares",US (NYSE/other)
MS,Morgan Stanley Common Stock,US (NYSE/other)
MSA,MSA Safety Incorporated Common Stock,US (NYSE/other)
MSB,Mesabi Trust Common Stock,US (NYSE/other)
MSCI,MSCI Inc. Common Stock,US (NYSE/other)
MSD,"Morgan Stanley Emerging Markets Debt Fund, Inc. Common Stock",US (NYSE/other)
MSDL,Morgan Stanley Direct Lending Fund Common Stock,US (NYSE/other)
MSGE,Madison Square Garden Entertainment Corp. Class A Common Stock,US (NYSE/other)
MSGS,Madison Square Garden Sports Corp. Class A Common Stock (New),US (NYSE/other)
MSI,"Motorola Solutions, Inc. Common Stock",US (NYSE/other)
MSIF,"MSC Income Fund, Inc. Common Stock",US (NYSE/other)
MSM,"MSC Industrial Direct Company, Inc. Common Stock",US (NYSE/other)
MSN,Emerson Radio Corporation Common Stock,US (NYSE/other)
MT,Arcelor Mittal NY Registry Shares NEW,US (NYSE/other)
MTA,Metalla Royalty & Streaming Ltd. Common Shares,US (NYSE/other)
MTB,M&T Bank Corporation Common Stock,US (NYSE/other)
MTD,"Mettler-Toledo International, Inc. Common Stock",US (NYSE/other)
MTDR,Matador Resources Company Common Stock,US (NYSE/other)
MTG,MGIC Investment Corporation Common Stock,US (NYSE/other)
MTH,Meritage Homes Corporation Common Stock,US (NYSE/other)
MTN,"Vail Resorts, Inc. Common Stock",US (NYSE/other)
MTNB,"Matinas Biopharma Holdings, Inc. Common Stock",US (NYSE/other)
MTNE,CH4 Natural Solutions Corporation Class A Ordinary Shares,US (NYSE/other)
MTR,Mesa Royalty Trust Common Stock,US (NYSE/other)
MTRN,Materion Corporation,US (NYSE/other)
MTUS,Metallus Inc. Common Shares,US (NYSE/other)
MTW,"Manitowoc Company, Inc. (The) Common Stock",US (NYSE/other)
MTX,Minerals Technologies Inc. Common Stock,US (NYSE/other)
MTZ,"MasTec, Inc. Common Stock",US (NYSE/other)
MUA,"Blackrock MuniAssets Fund, Inc Common Stock",US (NYSE/other)
MUC,"Blackrock MuniHoldings California Quality Fund, Inc.  Common Stock",US (NYSE/other)
MUFG,"Mitsubishi UFJ Financial Group, Inc. Common Stock",US (NYSE/other)
MUJ,"Blackrock MuniHoldings New Jersey Quality Fund, Inc. Common Stock",US (NYSE/other)
MUR,Murphy Oil Corporation Common Stock,US (NYSE/other)
MUSA,Murphy USA Inc. Common Stock,US (NYSE/other)
MUX,McEwen Inc. Common Stock,US (NYSE/other)
MWA,MUELLER WATER PRODUCTS Common Stock,US (NYSE/other)
MWG,Multi Ways Holdings Limited Class A Ordinary Shares,US (NYSE/other)
MX,Magnachip Semiconductor Corporation Common Stock,US (NYSE/other)
MXC,Mexco Energy Corporation Common Stock,US (NYSE/other)
MXE,"Mexico Equity and Income Fund, Inc. (The) Common Stock",US (NYSE/other)
MXF,"Mexico Fund, Inc. (The) Common Stock",US (NYSE/other)
MYE,"Myers Industries, Inc. Common Stock",US (NYSE/other)
MYI,"Blackrock MuniYield Quality Fund III, Inc Common Stock",US (NYSE/other)
MYN,"Blackrock MuniYield New York Quality Fund, Inc.Common Stock",US (NYSE/other)
MYO,Myomo Inc. Common Stock,US (NYSE/other)
NABL,"N-able, Inc. Common Stock",US (NYSE/other)
NAC,Nuveen California Quality Municipal Income Fund,US (NYSE/other)
NAD,Nuveen Quality Municipal Income Fund Common Stock,US (NYSE/other)
NAK,"Northern Dynasty Minerals, Ltd. Common Stock",US (NYSE/other)
NAN,Nuveen New York Quality Municipal Income Fund Common Stock,US (NYSE/other)
NAT,Nordic American Tankers Limited Common Stock,US (NYSE/other)
NATL,NCR Atleos Corporation Common Stock,US (NYSE/other)
NAZ,Nuveen Arizona Quality Municipal Income Fund Common Stock,US (NYSE/other)
NBB,Nuveen Taxable Municipal Income Fund Common Shares of Beneficial Interest,US (NYSE/other)
NBH,Neuberger Municipal Fund Inc. Common Stock,US (NYSE/other)
NBHC,National Bank Holdings Corporation Common Stock,US (NYSE/other)
NBR,Nabors Industries Ltd.,US (NYSE/other)
NBXG,Neuberger Next Generation Connectivity Fund Inc. Common Stock,US (NYSE/other)
NC,"NACCO Industries, Inc. Common Stock",US (NYSE/other)
NCA,Nuveen California Municipal Value Fund,US (NYSE/other)
NCDL,Nuveen Churchill Direct Lending Corp. Common Stock,US (NYSE/other)
NCL,Northann Corp. Common Stock,US (NYSE/other)
NCLH,Norwegian Cruise Line Holdings Ltd. Ordinary Shares,US (NYSE/other)
NCV,Virtus Convertible & Income Fund Common Shares of Beneficial Interest,US (NYSE/other)
NCZ,Virtus Convertible & Income Fund II Common Shares of Beneficial Interest,US (NYSE/other)
NDMO,Nuveen Dynamic Municipal Opportunities Fund Common Shares of Beneficial Interest,US (NYSE/other)
NE,Noble Corporation plc A Ordinary Shares,US (NYSE/other)
NEA,Nuveen AMT-Free Quality Municipal Income Fund Common Shares of Beneficial Interest Par Value $.01,US (NYSE/other)
NEE,"NextEra Energy, Inc. Common Stock",US (NYSE/other)
NEM,Newmont Corporation,US (NYSE/other)
NET,"Cloudflare, Inc. Class A Common Stock",US (NYSE/other)
NEU,NewMarket Corp Common Stock,US (NYSE/other)
NEWP,New Pacific Metals Corp. Common Shares,US (NYSE/other)
NEXA,Nexa Resources S.A. Common Shares,US (NYSE/other)
NFG,National Fuel Gas Company Common Stock,US (NYSE/other)
NFGC,New Found Gold Corp Common Shares,US (NYSE/other)
NFJ,"Virtus Dividend, Interest & Premium Strategy Fund Common Shares of Beneficial Interest",US (NYSE/other)
NG,Novagold Resources Inc.,US (NYSE/other)
NGS,"Natural Gas Services Group, Inc. Common Stock",US (NYSE/other)
NGVC,"Natural Grocers by Vitamin Cottage, Inc. Common Stock",US (NYSE/other)
NGVT,Ingevity Corporation Common Stock ,US (NYSE/other)
NHC,National HealthCare Corporation Common Stock,US (NYSE/other)
NHI,"National Health Investors, Inc. Common Stock",US (NYSE/other)
NHS,Neuberger High Yield Strategies Fund Inc. Common Stock,US (NYSE/other)
NI,NiSource Inc Common Stock,US (NYSE/other)
NIC,Nicolet Bankshares Inc. Common Stock,US (NYSE/other)
NIE,Virtus Equity & Convertible Income Fund Common Shares of Beneficial Interest,US (NYSE/other)
NIM,Nuveen Select Maturities Municipal Fund Common Stock,US (NYSE/other)
NINE,"Nine Energy Service, Inc. Common Stock",US (NYSE/other)
NIQ,NIQ Global Intelligence plc Ordinary Shares,US (NYSE/other)
NJR,NewJersey Resources Corporation Common Stock,US (NYSE/other)
NKE,"Nike, Inc. Common Stock",US (NYSE/other)
NKX,Nuveen California AMT-Free Quality Municipal Income Fund,US (NYSE/other)
NL,"NLI Holdings, Inc. Common Stock",US (NYSE/other)
NLOP,Net Lease Office Properties Common Shares of Beneficial Interest,US (NYSE/other)
NLY,Annaly Capital Management Inc. Common Stock,US (NYSE/other)
NMAI,Nuveen Multi-Asset Income Fund Common Shares of Beneficial Interest,US (NYSE/other)
NMAX,"Newsmax, Inc. Class B Common Stock",US (NYSE/other)
NMCO,Nuveen Municipal Credit Opportunities Fund Common Shares,US (NYSE/other)
NMG,Nouveau Monde Graphite Inc. Common Shares,US (NYSE/other)
NMI,"Nuveen Municipal Income Fund, Inc. Common Stock",US (NYSE/other)
NML,Neuberger Energy Infrastructure and Income Fund Inc. Common Stock,US (NYSE/other)
NMS,Nuveen Minnesota Quality Municipal Income Fund ,US (NYSE/other)
NMT,Nuveen Massachusetts Quality Municipal Income Fund Common Stock,US (NYSE/other)
NMZ,"Nuveen Municipal High Income Opportunity Fund Common Stock, $0.01 par value, per share",US (NYSE/other)
NNI,"Nelnet, Inc. Common Stock",US (NYSE/other)
NNN,"NNN REIT, Inc. Common Stock",US (NYSE/other)
NNVC,"NanoViricides, Inc. Common Stock",US (NYSE/other)
NNY,Nuveen New York Municipal Value Fund Common Stock,US (NYSE/other)
NOA,North American Construction Group Ltd. Common Shares (no par),US (NYSE/other)
NOC,Northrop Grumman Corporation Common Stock,US (NYSE/other)
NOG,"Northern Oil and Gas, Inc. Common Stock",US (NYSE/other)
NOMD,Nomad Foods Limited Ordinary Shares,US (NYSE/other)
NOV,NOV Inc. Common Stock,US (NYSE/other)
NOW,"ServiceNow, Inc. Common Stock",US (NYSE/other)
NP,Neptune Insurance Holdings Inc. Class A Common Stock,US (NYSE/other)
NPB,"Northpointe Bancshares, Inc. Common Stock",US (NYSE/other)
NPCT,Nuveen Core Plus Impact Fund Common Shares of Beneficial Interest,US (NYSE/other)
NPK,"National Presto Industries, Inc. Common Stock",US (NYSE/other)
NPKI,NPK International Inc. Common Stock,US (NYSE/other)
NPO,Enpro Inc. Common Stock,US (NYSE/other)
NPV,Nuveen Virginia Quality Municipal Income Fund Common Stock,US (NYSE/other)
NPWR,NET Power Inc. Class A Common Stock,US (NYSE/other)
NRDY,Nerdy Inc. Class A Common Stock,US (NYSE/other)
NREF,"NexPoint Real Estate Finance, Inc. Common Stock",US (NYSE/other)
NRG,"NRG Energy, Inc. Common Stock",US (NYSE/other)
NRGV,"Energy Vault Holdings, Inc. Common Stock",US (NYSE/other)
NRK,Nuveen New York AMT-Free Quality Municipal Income Fund ,US (NYSE/other)
NRO,Neuberger Real Estate Securities Income Fund Inc. Common Stock,US (NYSE/other)
NRP,Natural Resource Partners LP Limited Partnership,US (NYSE/other)
NRT,North European Oil Royality Trust Common Stock,US (NYSE/other)
NRXS,"Neuraxis, Inc. Common Stock",US (NYSE/other)
NSC,Norfolk Southern Corporation Common Stock,US (NYSE/other)
NSP,"Insperity, Inc. Common Stock",US (NYSE/other)
NSRX,Nasus Pharma Ltd. Ordinary Shares,US (NYSE/other)
NTB,Bank of N.T. Butterfield & Son Limited (The) Voting Ordinary Shares,US (NYSE/other)
NTIP,"Network-1 Technologies, Inc. Common Stock",US (NYSE/other)
NTR,Nutrien Ltd. Common Shares,US (NYSE/other)
NTST,NetSTREIT Corp. Common Stock,US (NYSE/other)
NTZ,"Natuzzi, S.p.A.",US (NYSE/other)
NU,Nu Holdings Ltd. Class A Ordinary Shares,US (NYSE/other)
NUE,Nucor Corporation Common Stock,US (NYSE/other)
NUS,"Nu Skin Enterprises, Inc. Common Stock",US (NYSE/other)
NUV,"Nuveen Municipal Value Fund, Inc. Common Stock",US (NYSE/other)
NUVB,Nuvation Bio Inc. Class A Common Stock,US (NYSE/other)
NUW,Nuveen AMT-Free Municipal Value Fund,US (NYSE/other)
NVA,Nova Minerals Corp Common Stock,US (NYSE/other)
NVG,Nuveen AMT-Free Municipal Credit Income Fund ,US (NYSE/other)
NVGS,Navigator Holdings Ltd. Ordinary Shares (Marshall Islands),US (NYSE/other)
NVO,Novo Nordisk A/S Common Stock,US (NYSE/other)
NVR,"NVR, Inc. Common Stock",US (NYSE/other)
NVRI,Enviri Corporation Common Stock,US (NYSE/other)
NVS,Novartis AG Common Stock,US (NYSE/other)
NVST,Envista Holdings Corporation Common Stock,US (NYSE/other)
NVT,nVent Electric plc Ordinary Shares ,US (NYSE/other)
NWAX,New America Acquisition I Corp. Class A Common Stock,US (NYSE/other)
NWN,Northwest Natural Holding Company Common Stock,US (NYSE/other)
NX,Quanex Building Products Corporation Common Stock,US (NYSE/other)
NXB,NextBoat Inc. Common Stcok,US (NYSE/other)
NXDR,"Nextdoor Holdings, Inc. Class A Common Stock",US (NYSE/other)
NXDT,NexPoint Diversified Real Estate Trust Common Stock,US (NYSE/other)
NXE,Nexgen Energy Ltd. Common Shares,US (NYSE/other)
NXG,NXG NextGen Infrastructure Income Fund Common Shares of Beneficial Interest,US (NYSE/other)
NXP,Nuveen Select Tax Free Income Portfolio Common Stock,US (NYSE/other)
NXRT,"NexPoint Residential Trust, Inc. Common Stock",US (NYSE/other)
NYC,American Strategic Investment Co. Class A Common Stock,US (NYSE/other)
NYT,New York Times Company (The) Common Stock,US (NYSE/other)
NZF,Nuveen Municipal Credit Income Fund ,US (NYSE/other)
O,Realty Income Corporation Common Stock,US (NYSE/other)
OBDC,Blue Owl Capital Corporation Common Stock,US (NYSE/other)
OBE,Obsidian Energy Ltd. Common Shares,US (NYSE/other)
OBK,"Origin Bancorp, Inc. Common Stock",US (NYSE/other)
OC,Owens Corning Inc Common Stock New,US (NYSE/other)
ODC,Oil-Dri Corporation Of America Common Stock,US (NYSE/other)
OEC,Orion S.A. Common Shares,US (NYSE/other)
OFG,OFG Bancorp Common Stock,US (NYSE/other)
OFRM,"Once Upon a Farm, PBC Common Stock",US (NYSE/other)
OGC,OceanaGold Corporation Common Shares,US (NYSE/other)
OGE,OGE Energy Corp Common Stock,US (NYSE/other)
OGEN,Oragenics Inc. Common Stock,US (NYSE/other)
OGG,Osisko Gold Group Inc. Common Shares,US (NYSE/other)
OGN,Organon & Co. Common Stock ,US (NYSE/other)
OGS,"ONE Gas, Inc. Common Stock",US (NYSE/other)
OHI,"Omega Healthcare Investors, Inc. Common Stock",US (NYSE/other)
OI,"O-I Glass, Inc. Common Stock",US (NYSE/other)
OIA,Invesco Municipal Income Opportunities Trust Common Stock,US (NYSE/other)
OII,"Oceaneering International, Inc. Common Stock",US (NYSE/other)
OIS,"Oil States International, Inc. Common Stock",US (NYSE/other)
OKE,"ONEOK, Inc. Common Stock",US (NYSE/other)
OKLO,Oklo Inc. Class A common stock,US (NYSE/other)
OLN,Olin Corporation Common Stock,US (NYSE/other)
OLP,"One Liberty Properties, Inc. Common Stock",US (NYSE/other)
OMC,Omnicom Group Inc. Common Stock,US (NYSE/other)
OMF,"OneMain Holdings, Inc. Common Stock",US (NYSE/other)
ONIT,Onity Group Inc. Common Stock,US (NYSE/other)
ONL,Orion Properties Inc. Common Stock,US (NYSE/other)
ONON,On Holding AG Class A Ordinary Shares,US (NYSE/other)
ONT,"Onterris, Inc. Common Stock",US (NYSE/other)
ONTO,Onto Innovation Inc. Common Stock,US (NYSE/other)
OOMA,"Ooma, Inc. Common Stock",US (NYSE/other)
OPAD,Offerpad Solutions Inc. Class A Common Stock,US (NYSE/other)
OPFI,OppFi Inc. Class A Common Stock,US (NYSE/other)
OPHC,"OptimumBank Holdings, Inc. Common Stock",US (NYSE/other)
OPLN,"OPENLANE, Inc. Common Stock",US (NYSE/other)
OPP,"RiverNorth/DoubleLine Strategic Opportunity Fund, Inc. Common Stock",US (NYSE/other)
OPTT,"Ocean Power Technologies, Inc. Common Stock",US (NYSE/other)
OPTU,"Optimum Communications, Inc. Class A common stock",US (NYSE/other)
OPY,"Oppenheimer Holdings, Inc. Class A Common Stock (DE)",US (NYSE/other)
OR,OR Royalties Inc. Common Shares,US (NYSE/other)
ORA,"Ormat Technologies, Inc. Common Stock",US (NYSE/other)
ORC,"Orchid Island Capital, Inc. Common Stock",US (NYSE/other)
ORCL,Oracle Corporation Common Stock,US (NYSE/other)
ORI,Old Republic International Corporation Common Stock,US (NYSE/other)
ORN,"Orion Group Holdings, Inc. Common",US (NYSE/other)
OSCR,"Oscar Health, Inc. Class A Common Stock",US (NYSE/other)
OSG,"Octave Specialty Group, Inc. Common Stock",US (NYSE/other)
OSK,Oshkosh Corporation (Holding Company)Common Stock,US (NYSE/other)
OSTX,OS Therapies Incorporated Common Stock,US (NYSE/other)
OTF,Blue Owl Technology Finance Corp. Common Stock,US (NYSE/other)
OTIS,Otis Worldwide Corporation Common Stock ,US (NYSE/other)
OUT,OUTFRONT Media Inc. Common Stock,US (NYSE/other)
OVV,Ovintiv Inc. (DE),US (NYSE/other)
OWL,Blue Owl Capital Inc. Class A Common Stock,US (NYSE/other)
OWLT,"Owlet, Inc. Class A Common Stock",US (NYSE/other)
OXM,"Oxford Industries, Inc. Common Stock",US (NYSE/other)
OXY,Occidental Petroleum Corporation Common Stock,US (NYSE/other)
P,"Everpure, Inc. Class A common stock",US (NYSE/other)
PAAS,Pan American Silver Corp. Common Stock,US (NYSE/other)
PAC,"Grupo Aeroportuario Del Pacifico, S.A. B. de C.V. Grupo Aeroportuario Del Pacifico, S.A. de C.V. (each representing 10 Series B shares)",US (NYSE/other)
PACK,Ranpak Holdings Corp Class A Common Stock,US (NYSE/other)
PACS,"PACS Group, Inc. Common Stock",US (NYSE/other)
PAG,"Penske Automotive Group, Inc. Common Stock",US (NYSE/other)
PAGS,PagSeguro Digital Ltd. Class A Common Shares,US (NYSE/other)
PAI,Western Asset Investment Grade Income Fund Inc.,US (NYSE/other)
PAM,Pampa Energia S.A.,US (NYSE/other)
PAPL,Pineapple Financial Inc. Common Stock,US (NYSE/other)
PAR,PAR Technology Corporation Common Stock,US (NYSE/other)
PARR,"Par Pacific Holdings, Inc.  Common Stock",US (NYSE/other)
PATH,"UiPath, Inc. Class A Common Stock",US (NYSE/other)
PAXS,PIMCO Access Income Fund Common Shares of Beneficial Interest,US (NYSE/other)
PAY,"Paymentus Holdings, Inc. Class A Common Stock",US (NYSE/other)
PAYC,"Paycom Software, Inc. Common Stock",US (NYSE/other)
PB,"Prosperity Bancshares, Inc. Common Stock",US (NYSE/other)
PBA,Pembina Pipeline Corp. Ordinary Shares (Canada),US (NYSE/other)
PBF,PBF Energy Inc. Class A Common Stock,US (NYSE/other)
PBH,Prestige Consumer Healthcare Inc. Common Stock,US (NYSE/other)
PBI,Pitney Bowes Inc. Common Stock,US (NYSE/other)
PBR,Petroleo Brasileiro S.A. Petrobras ADS,US (NYSE/other)
PBT,Permian Basin Royalty Trust Common Stock,US (NYSE/other)
PCF,High Income Securities Fund Common Stock,US (NYSE/other)
PCG,Pacific Gas & Electric Co. Common Stock,US (NYSE/other)
PCM,"PCM Fund, Inc. Common Stock",US (NYSE/other)
PCN,Pimco Corporate & Income Strategy Fund Common Stock,US (NYSE/other)
PCOR,"Procore Technologies, Inc. Common Stock",US (NYSE/other)
PCQ,PIMCO California Municipal Income Fund Common Stock,US (NYSE/other)
PD,"PagerDuty, Inc. Common Stock",US (NYSE/other)
PDCC,Pearl Diver Credit Company Inc. Common Stock,US (NYSE/other)
PDI,PIMCO Dynamic Income Fund Common Stock,US (NYSE/other)
PDM,"Piedmont Realty Trust, Inc. Class A Common Stock",US (NYSE/other)
PDO,PIMCO Dynamic Income Opportunities Fund Common Shares of Beneficial Interest,US (NYSE/other)
PDS,Precision Drilling Corporation Common Stock,US (NYSE/other)
PDT,John Hancock Premium Dividend Fund,US (NYSE/other)
PDX,PIMCO Dynamic Income Strategy Fund Common Shares of Beneficial Interest,US (NYSE/other)
PEB,Pebblebrook Hotel Trust Common Shares of Beneficial Interest,US (NYSE/other)
PED,Pedevco Corp. Common Stock,US (NYSE/other)
PEG,Public Service Enterprise Group Incorporated Common Stock,US (NYSE/other)
PEN,"Penumbra, Inc. Common Stock",US (NYSE/other)
PEO,"Adams Natural Resources Fund, Inc. Common Stock",US (NYSE/other)
PERF,Perfect Corp. Class A Ordinary Share,US (NYSE/other)
PEW,GrabAGun Digital Holdings Inc. Common Stock,US (NYSE/other)
PFE,"Pfizer, Inc. Common Stock",US (NYSE/other)
PFGC,Performance Food Group Company Common Stock,US (NYSE/other)
PFL,PIMCO Income Strategy Fund Shares of Beneficial Interest,US (NYSE/other)
PFLT,PennantPark Floating Rate Capital Ltd. Common Stock,US (NYSE/other)
PFN,PIMCO Income Strategy Fund II,US (NYSE/other)
PFS,"Provident Financial Services, Inc Common Stock",US (NYSE/other)
PFSI,"PennyMac Financial Services, Inc. Common Stock",US (NYSE/other)
PG,Procter & Gamble Company (The) Common Stock,US (NYSE/other)
PGP,Pimco Global StocksPlus & Income Fund Common Shares of Beneficial Interest,US (NYSE/other)
PGR,Progressive Corporation (The) Common Stock,US (NYSE/other)
PGZ,Principal Real Estate Income Fund Common Shares of Beneficial Interest,US (NYSE/other)
PH,Parker-Hannifin Corporation Common Stock,US (NYSE/other)
PHG,Koninklijke Philips N.V. NY Registry Shares,US (NYSE/other)
PHGE,BiomX Inc. COmmon Stock,US (NYSE/other)
PHI,PLDT Inc. Sponsored ADR,US (NYSE/other)
PHIN,PHINIA Inc. Common Stock,US (NYSE/other)
PHK,Pimco High Income Fund,US (NYSE/other)
PHM,"PulteGroup, Inc. Common Stock",US (NYSE/other)
PHR,"Phreesia, Inc. Common Stock",US (NYSE/other)
PII,Polaris Inc. Common Stock,US (NYSE/other)
PIM,Franklin Master Intermediate Income Trust Shares of Beneficial Interest,US (NYSE/other)
PINE,"Alpine Income Property Trust, Inc. Common Stock",US (NYSE/other)
PINS,"Pinterest, Inc. Class A Common Stock",US (NYSE/other)
PIPR,Piper Sandler Companies Common Stock,US (NYSE/other)
PJT,PJT Partners Inc. Class A Common Stock,US (NYSE/other)
PK,Park Hotels & Resorts Inc. Common Stock ,US (NYSE/other)
PKE,Park Aerospace Corp. Common Stock,US (NYSE/other)
PKG,Packaging Corporation of America Common Stock,US (NYSE/other)
PL,Planet Labs PBC Class A Common Stock,US (NYSE/other)
PLAG,Planet Green Holdings Corp. Common Stock,US (NYSE/other)
PLD,"Prologis, Inc. Common Stock",US (NYSE/other)
PLG,Platinum Group Metals Ltd. Ordinary Shares (Canada),US (NYSE/other)
PLGO,Pelagos Insurance Capital Limited Common Shares,US (NYSE/other)
PLNT,"Planet Fitness, Inc. Common Stock",US (NYSE/other)
PLOW,"Douglas Dynamics, Inc. Common Stock",US (NYSE/other)
PLX,"Protalix BioTherapeutics, Inc. (DE) Common Stock",US (NYSE/other)
PM,Philip Morris International Inc Common Stock,US (NYSE/other)
PMI,"Picard Medical, Inc. Common Stock",US (NYSE/other)
PML,Pimco Municipal Income Fund II Common Shares of Beneficial Interest,US (NYSE/other)
PMM,Franklin Managed Municipal Income Trust Shares of Beneficial Interest,US (NYSE/other)
PMO,Franklin Municipal Opportunities Trust Shares of Beneficial Interest,US (NYSE/other)
PMT,PennyMac Mortgage Investment Trust Common Shares of Beneficial Interest,US (NYSE/other)
PNC,"PNC Financial Services Group, Inc. (The) Common Stock",US (NYSE/other)
PNFP,"Pinnacle Financial Partners, Inc. Common stock",US (NYSE/other)
PNI,Pimco New York Municipal Income Fund II Common Shares of Beneficial Interest,US (NYSE/other)
PNNT,PennantPark Investment Corporation Common Stock,US (NYSE/other)
PNR,Pentair plc. Ordinary Share,US (NYSE/other)
PNW,Pinnacle West Capital Corporation Common Stock,US (NYSE/other)
POAS,Phaos Technology Holdings (Cayman) Limited Class A Ordinary Shares,US (NYSE/other)
POR,Portland General Electric Co Common Stock,US (NYSE/other)
POST,"Post Holdings, Inc. Common Stock",US (NYSE/other)
PPG,"PPG Industries, Inc. Common Stock",US (NYSE/other)
PPL,PPL Corporation Common Stock,US (NYSE/other)
PPT,Franklin Premier Income Trust Shares of Beneficial Interest,US (NYSE/other)
PR,Permian Resources Corporation Class A Common Stock,US (NYSE/other)
PRG,"PROG Holdings, Inc. Common Stock",US (NYSE/other)
PRGO,Perrigo Company plc Ordinary Shares,US (NYSE/other)
PRI,"Primerica, Inc. Common Stock",US (NYSE/other)
PRIM,Primoris Services Corporation Common Stock,US (NYSE/other)
PRK,Park National Corporation Common Stock,US (NYSE/other)
PRKS,United Parks & Resorts Inc. Common Stock,US (NYSE/other)
PRLB,"Proto Labs, Inc. Common stock",US (NYSE/other)
PRM,"Perimeter Solutions, SA Common Stock",US (NYSE/other)
PRMB,Primo Brands Corporation Class A Common Stock,US (NYSE/other)
PRSU,"Pursuit Attractions and Hospitality, Inc. Common Stock",US (NYSE/other)
PRU,"Prudential Financial, Inc. Common Stock",US (NYSE/other)
PS,Pershing Square Inc. Common Stock,US (NYSE/other)
PSA,Public Storage Common Stock,US (NYSE/other)
PSBD,Palmer Square Capital BDC Inc. Common Stock,US (NYSE/other)
PSFE,Paysafe Limited Common Shares,US (NYSE/other)
PSN,Parsons Corporation Common Stock,US (NYSE/other)
PSO,"Pearson, Plc Common Stock",US (NYSE/other)
PSQH,"PSQ Holdings, Inc. Class A Common Stock",US (NYSE/other)
PSTL,"Postal Realty Trust, Inc. Class A Common Stock",US (NYSE/other)
PSUS,"Pershing Square USA, Ltd. Common Shares",US (NYSE/other)
PSX,Phillips 66 Common Stock,US (NYSE/other)
PTHS,Pelthos Therapeutics Inc. Common Stock,US (NYSE/other)
PTY,Pimco Corporate & Income Opportunity Fund,US (NYSE/other)
PUK,Prudential Public Limited Company Common Stock,US (NYSE/other)
PUMP,ProPetro Holding Corp. Common Stock,US (NYSE/other)
PVH,PVH Corp. Common Stock,US (NYSE/other)
PW,Power REIT (MD) Common Stock,US (NYSE/other)
PWR,"Quanta Services, Inc. Common Stock",US (NYSE/other)
PXED,"Phoenix Education Partners, Inc. Common Stock",US (NYSE/other)
PYT,PPlus Tr GSC-2 Tr Ctf Fltg Rate,US (NYSE/other)
PZG,Paramount Gold Nevada Corp. Common Stock,US (NYSE/other)
Q,"Qnity Electronics, Inc. Common Stock",US (NYSE/other)
QGEN,Qiagen N.V. Common Shares,US (NYSE/other)
QNC,Quantum eMotion Corp. Common Shares,US (NYSE/other)
QSR,Restaurant Brands International Inc. Common Shares,US (NYSE/other)
QTWO,"Q2 Holdings, Inc. Common Stock",US (NYSE/other)
QUAD,"Quad Graphics, Inc Class A Common Stock",US (NYSE/other)
QXO,"QXO, Inc. Common Stock",US (NYSE/other)
R,"Ryder System, Inc. Common Stock",US (NYSE/other)
RA,Brookfield Real Assets Income Fund Inc. Common Stock,US (NYSE/other)
RACE,Ferrari N.V. Common Shares,US (NYSE/other)
RAL,Ralliant Corporation Common Stock,US (NYSE/other)
RAMP,"LiveRamp Holdings, Inc. Common Stock",US (NYSE/other)
RBA,"RB Global, Inc. Common Stock",US (NYSE/other)
RBC,RBC Bearings Incorporated Common Stock,US (NYSE/other)
RBLX,Roblox Corporation Class A Common Stock,US (NYSE/other)
RBRK,"Rubrik, Inc. Class A Common Stock",US (NYSE/other)
RC,Ready Capital Corporation Common Stock,US (NYSE/other)
RCG,"RENN Fund, Inc Common Stock",US (NYSE/other)
RCI,"Rogers Communication, Inc. Common Stock",US (NYSE/other)
RCL,Royal Caribbean Cruises Ltd. Common Stock,US (NYSE/other)
RCS,"PIMCO Strategic Income Fund, Inc.",US (NYSE/other)
RCUS,"Arcus Biosciences, Inc. Common Stock",US (NYSE/other)
RDDT,"Reddit, Inc. Class A Common Stock",US (NYSE/other)
RDN,Radian Group Inc. Common Stock,US (NYSE/other)
RDW,Redwire Corporation Common Stock,US (NYSE/other)
RDY,Dr. Reddy's Laboratories Ltd Common Stock,US (NYSE/other)
REA,"Rare Earths Americas, Inc. Common Stock",US (NYSE/other)
REED,"Reed's, Inc. Common Stock",US (NYSE/other)
REF,Reformation Inc. Common Stock,US (NYSE/other)
REI,"Ring Energy, Inc. Common Stock",US (NYSE/other)
REPX,"Riley Exploration Permian, Inc. Common Stock",US (NYSE/other)
RES,"RPC, Inc. Common Stock",US (NYSE/other)
REX,REX American Resources Corporation,US (NYSE/other)
REXR,"Rexford Industrial Realty, Inc. Common Stock",US (NYSE/other)
REZI,"Resideo Technologies, Inc. Common Stock ",US (NYSE/other)
RF,Regions Financial Corporation Common Stock,US (NYSE/other)
RFI,"Cohen & Steers Total Return Realty Fund, Inc. Common Stock",US (NYSE/other)
RFL,"Rafael Holdings, Inc. Class B Common Stock",US (NYSE/other)
RFM,"RiverNorth Flexible Municipal Income Fund, Inc. Common Stock",US (NYSE/other)
RFMZ,"RiverNorth Flexible Municipal Income Fund II, Inc. Common Stock",US (NYSE/other)
RGA,"Reinsurance Group of America, Incorporated Common Stock",US (NYSE/other)
RGNT,Regentis Biomaterials Ltd. Ordinary Shares,US (NYSE/other)
RGR,"Sturm, Ruger & Company, Inc. Common Stock",US (NYSE/other)
RGT,"Royce Global Trust, Inc. Common Stock",US (NYSE/other)
RH,RH Common Stock,US (NYSE/other)
RHI,Robert Half Inc. Common Stock,US (NYSE/other)
RHLD,Resolute Holdings Management Common Stock ,US (NYSE/other)
RHP,"Ryman Hospitality Properties, Inc. (REIT)",US (NYSE/other)
RIG,Transocean Ltd (Switzerland) Common Stock,US (NYSE/other)
RIO,Rio Tinto Plc Common Stock,US (NYSE/other)
RITM,Rithm Capital Corp. Common Stock,US (NYSE/other)
RIV,"RiverNorth Opportunities Fund, Inc. Common Stock",US (NYSE/other)
RJF,"Raymond James Financial, Inc. Common Stock",US (NYSE/other)
RKT,"Rocket Companies, Inc. Class A Common Stock",US (NYSE/other)
RL,Ralph Lauren Corporation Common Stock,US (NYSE/other)
RLGT,"Radiant Logistics, Inc. Common Stock",US (NYSE/other)
RLI,RLI Corp. Common Stock (DE),US (NYSE/other)
RLJ,RLJ Lodging Trust Common Shares of Beneficial Interest $0.01 par value,US (NYSE/other)
RLTY,Cohen & Steers Real Estate Opportunities and Income Fund Common Shares of Beneficial Interest,US (NYSE/other)
RM,Regional Management Corp. Common Stock,US (NYSE/other)
RMAX,"RE/MAX Holdings, Inc. Class A Common Stock",US (NYSE/other)
RMD,ResMed Inc. Common Stock,US (NYSE/other)
RMI,"RiverNorth Opportunistic Municipal Income Fund, Inc. Common Stock",US (NYSE/other)
RMM,"RiverNorth Managed Duration Municipal Income Fund, Inc. Common Stock",US (NYSE/other)
RMMZ,"RiverNorth Managed Duration Municipal Income Fund II, Inc. Common Stock",US (NYSE/other)
RMT,"Royce Micro-Cap Trust, Inc. Common Stock",US (NYSE/other)
RNG,"RingCentral, Inc. Class A Common Stock",US (NYSE/other)
RNGR,"Ranger Energy Services, Inc. Class A Common Stock",US (NYSE/other)
RNR,RenaissanceRe Holdings Ltd. Common Stock,US (NYSE/other)
RNST,Renasant Corporation Common Stock,US (NYSE/other)
ROG,Rogers Corporation Common Stock,US (NYSE/other)
ROK,"Rockwell Automation, Inc. Common Stock",US (NYSE/other)
ROL,"Rollins, Inc. Common Stock",US (NYSE/other)
ROLR,"High Roller Technologies, Inc. Common Stock",US (NYSE/other)
RPC,"Ridgepost Capital, Inc. Class A Common Stock",US (NYSE/other)
RPM,RPM International Inc. Common Stock,US (NYSE/other)
RPT,Rithm Property Trust Inc. Common stock,US (NYSE/other)
RQI,Cohen & Steers Quality Income Realty Fund Inc Common Shares,US (NYSE/other)
RRC,Range Resources Corporation Common Stock,US (NYSE/other)
RRX,Regal Rexnord Corporation Common Stock,US (NYSE/other)
RS,"Reliance, Inc. Common Stock",US (NYSE/other)
RSF,RiverNorth Capital and Income Fund Common Stock,US (NYSE/other)
RSG,"Republic Services, Inc. Common Stock",US (NYSE/other)
RSI,"Rush Street Interactive, Inc. Class A Common Stock",US (NYSE/other)
RSKD,Riskified Ltd. Class A Ordinary Shares,US (NYSE/other)
RTX,RTX Corporation Common Stock,US (NYSE/other)
RVI,Robinhood Ventures Fund I Common Shares of Beneficial Interest,US (NYSE/other)
RVLV,"Revolve Group, Inc. Class A Common Stock",US (NYSE/other)
RVP,"Retractable Technologies, Inc. Common Stock",US (NYSE/other)
RVT,"Royce Small-Cap Trust, Inc. Common Stock",US (NYSE/other)
RVTY,"Revvity, Inc. Common Stock",US (NYSE/other)
RWT,"Redwood Trust, Inc. Common Stock",US (NYSE/other)
RXO,"RXO, Inc. Common Stock",US (NYSE/other)
RY,Royal Bank Of Canada Common Stock,US (NYSE/other)
RYAM,Rayonier Advanced Materials Inc. Common Stock,US (NYSE/other)
RYAN,"Ryan Specialty Holdings, Inc. Class A Common Stock",US (NYSE/other)
RYDE,Ryde Group Ltd. Class A Ordinary Shares,US (NYSE/other)
RYN,Rayonier Inc. REIT Common Stock,US (NYSE/other)
RYZ,Ryerson Holding Corporation Common Stock,US (NYSE/other)
RZC,"Reinsurance Group of America, Incorporated 7.125% Fixed-Rate Reset Subordinated Debentures due 2052",US (NYSE/other)
S,"SentinelOne, Inc. Class A Common Stock",US (NYSE/other)
SA,"Seabridge Gold, Inc. Common Shares New",US (NYSE/other)
SABA,Saba Capital Income & Opportunities Fund II Shares of Beneficial Interest,US (NYSE/other)
SACH,Sachem Capital Corp. Common Shares,US (NYSE/other)
SAFE,Safehold Inc. New Common Stock ,US (NYSE/other)
SAGU,Shreya Acquisition Group Class A Ordinary Shares,US (NYSE/other)
SAH,"Sonic Automotive, Inc. Common Stock",US (NYSE/other)
SAM,"Boston Beer Company, Inc. (The) Common Stock",US (NYSE/other)
SAN,"Banco Santander, S.A. Sponsored ADR (Spain)",US (NYSE/other)
SAP,SAP  SE ADS,US (NYSE/other)
SAR,Saratoga Investment Corp New,US (NYSE/other)
SARO,"StandardAero, Inc. Common Stock",US (NYSE/other)
SB,"Safe Bulkers, Inc Common Stock ($0.001 par value)",US (NYSE/other)
SBEV,"Splash Beverage Group, Inc. (NV) Common Stock",US (NYSE/other)
SBH,"Sally Beauty Holdings, Inc. (Name to be changed from Sally Holdings, Inc.) Common Stock",US (NYSE/other)
SBI,Western Asset Intermediate Muni Fund Inc Common Stock,US (NYSE/other)
SBMT,Silver Bow Mining Corp. Common Shares,US (NYSE/other)
SBR,Sabine Royalty Trust Common Stock,US (NYSE/other)
SBSI,"Southside Bancshares, Inc. Common Stock",US (NYSE/other)
SBSW,D/B/A Sibanye-Stillwater Limited ADS,US (NYSE/other)
SBXD,SilverBox Corp IV Class A Ordinary Shares,US (NYSE/other)
SBXE,SilverBox Corp V Class A Ordinary Shares,US (NYSE/other)
SCCO,Southern Copper Corporation Common Stock,US (NYSE/other)
SCD,LMP Capital and Income Fund Inc. Common Stock,US (NYSE/other)
SCHW,Charles Schwab Corporation (The) Common Stock,US (NYSE/other)
SCI,Service Corporation International Common Stock,US (NYSE/other)
SCL,Stepan Company Common Stock,US (NYSE/other)
SCM,Stellus Capital Investment Corporation Common Stock,US (NYSE/other)
SD,"SandRidge Energy, Inc. Common Stock",US (NYSE/other)
SDEV,Stablecoin Development Corporation Common Stock,US (NYSE/other)
SDHC,Smith Douglas Homes Corp. Class A Common Stock,US (NYSE/other)
SDHY,PGIM Short Duration High Yield Opportunities Fund Common Shares,US (NYSE/other)
SDRL,Seadrill Limited Common Shares,US (NYSE/other)
SEB,Seaboard Corporation Common Stock,US (NYSE/other)
SECZ,Securitize Corp. Common Stock,US (NYSE/other)
SEG,Seaport Entertainment Group Inc. Common Stock,US (NYSE/other)
SEI,"Solaris Energy Infrastructure, Inc. Class A Common Stock",US (NYSE/other)
SER,"Serina Therapeutics, Inc. Common Stock",US (NYSE/other)
SES,SES AI Corporation Class A Common Stock,US (NYSE/other)
SF,Stifel Financial Corporation Common Stock,US (NYSE/other)
SFBS,"ServisFirst Bancshares, Inc. Common Stock",US (NYSE/other)
SFL,SFL Corporation Ltd,US (NYSE/other)
SG,"Sweetgreen, Inc. Class A Common Stock",US (NYSE/other)
SGHC,Super Group (SGHC) Limited Ordinary Shares,US (NYSE/other)
SGI,Somnigroup International Inc. Common Stock,US (NYSE/other)
SGU,Star Group L.P. Common Stock,US (NYSE/other)
SHAK,"Shake Shack, Inc. Class A Common Stock",US (NYSE/other)
SHO,"Sunstone Hotel Investors, Inc. Sunstone Hotel Investors, Inc. Common Shares",US (NYSE/other)
SHW,Sherwin-Williams Company (The) Common Stock,US (NYSE/other)
SI,"Shoulder Innovations, Inc. Common Stock",US (NYSE/other)
SID,Companhia Siderurgica Nacional S.A. Common Stock,US (NYSE/other)
SIF,"SIFCO Industries, Inc. Common Stock",US (NYSE/other)
SIG,Signet Jewelers Limited Common Shares,US (NYSE/other)
SII,Sprott Inc. Common Shares,US (NYSE/other)
SIND,Sinda Ltd. Common Stock,US (NYSE/other)
SITC,SITE Centers Corp. Common Stock,US (NYSE/other)
SITE,"SiteOne Landscape Supply, Inc. Common Stock",US (NYSE/other)
SJM,The J.M. Smucker Company Common Stock,US (NYSE/other)
SJT,San Juan Basin Royalty Trust Common Stock,US (NYSE/other)
SKE,Skeena Resources Limited Common Shares,US (NYSE/other)
SKIL,Skillsoft Corp. Class A Common Stock,US (NYSE/other)
SKM,"SK Telecom Co., Ltd. Common Stock",US (NYSE/other)
SKT,Tanger Inc. Common Stock,US (NYSE/other)
SKY,"Champion Homes, Inc. Common Stock",US (NYSE/other)
SKYH,Sky Harbour Group Corporation Class A Common Stock,US (NYSE/other)
SLB,SLB Limited Common Shares,US (NYSE/other)
SLF,Sun Life Financial Inc. Common Stock,US (NYSE/other)
SLG,SL Green Realty Corp Common Stock,US (NYSE/other)
SLGN,Silgan Holdings Inc. Common Stock,US (NYSE/other)
SLI,Standard Lithium Ltd. Common Shares,US (NYSE/other)
SLND,"Southland Holdings, Inc. Common Stock",US (NYSE/other)
SLQT,"SelectQuote, Inc. Common Stock",US (NYSE/other)
SLSR,Solaris Resources Inc. Common Shares,US (NYSE/other)
SLVM,Sylvamo Corporation Common Stock,US (NYSE/other)
SM,SM Energy Company Common Stock,US (NYSE/other)
SMA,"SmartStop Self Storage REIT, Inc. Common Stock",US (NYSE/other)
SMBK,"SmartFinancial, Inc. Common Stock",US (NYSE/other)
SMC,Summit Midstream Corporation Common Stock,US (NYSE/other)
SMG,Scotts Miracle-Gro Company (The) Common Stock,US (NYSE/other)
SMHB,ETRACS Monthly Pay 2x Leveraged Small Cap High Dividend ETN Series B,US (NYSE/other)
SMHI,SEACOR Marine Holdings Inc. Common Stock ,US (NYSE/other)
SMJF,SMJ International Holdings Inc. Class A Ordinary Shares,US (NYSE/other)
SMP,"Standard Motor Products, Inc. Common Stock",US (NYSE/other)
SMR,NuScale Power Corporation Class A Common Stock,US (NYSE/other)
SMRT,"SmartRent, Inc. Class A Common Stock",US (NYSE/other)
SMWB,Similarweb Ltd. Ordinary Shares,US (NYSE/other)
SN,"SharkNinja, Inc. Ordinary Shares",US (NYSE/other)
SNA,Snap-On Incorporated Common Stock,US (NYSE/other)
SNAP,Snap Inc. Class A Common Stock,US (NYSE/other)
SNDA,"Sonida Senior Living, Inc. Common Stock",US (NYSE/other)
SNDR,"Schneider National, Inc. Common Stock",US (NYSE/other)
SNN,"Smith & Nephew SNATS, Inc. Common Stock",US (NYSE/other)
SNOW,Snowflake Inc. Common Stock,US (NYSE/other)
SNX,TD SYNNEX Corporation Common Stock,US (NYSE/other)
SO,Southern Company (The) Common Stock,US (NYSE/other)
SOAR,"Volato Group, Inc. Class A Common Stock",US (NYSE/other)
SOBO,South Bow Corporation Common Shares,US (NYSE/other)
SOC,Sable Offshore Corp. Common Stock,US (NYSE/other)
SOLV,Solventum Corporation Common Stock,US (NYSE/other)
SON,Sonoco Products Company Common Stock,US (NYSE/other)
SOR,"Source Capital, Inc. Cmn Shs of BI",US (NYSE/other)
SOS,SOS Limited Class A Ordinary Shares,US (NYSE/other)
SPB,"Spectrum Brands Holdings, Inc. Common Stock",US (NYSE/other)
SPCE,"Virgin Galactic Holdings, Inc. Common Stock",US (NYSE/other)
SPE,"Special Opportunities Fund, Inc Common Stock",US (NYSE/other)
SPG,"Simon Property Group, Inc. Common Stock",US (NYSE/other)
SPGI,S&P Global Inc. Common Stock,US (NYSE/other)
SPH,"Suburban Propane Partners, L.P. Common Stock",US (NYSE/other)
SPHR,Sphere Entertainment Co. Class A Common Stock,US (NYSE/other)
SPIR,"Spire Global, Inc. Class A Common Stock",US (NYSE/other)
SPMC,"Sound Point Meridian Capital, Inc. Common Stock",US (NYSE/other)
SPNT,SiriusPoint Ltd. Common Shares,US (NYSE/other)
SPOT,Spotify Technology S.A. Ordinary Shares,US (NYSE/other)
SPRU,Spruce Power Holding Corporation Class A Common Stock,US (NYSE/other)
SPXC,"SPX Technologies, Inc. Common Stock",US (NYSE/other)
SPXX,Nuveen S&P 500 Dynamic Overwrite Fund,US (NYSE/other)
SQM,Sociedad Quimica y Minera S.A. Common Stock,US (NYSE/other)
SR,Spire Inc. Common Stock,US (NYSE/other)
SRE,DBA Sempra Common Stock,US (NYSE/other)
SRFM,Surf Air Mobility Inc. Common Stock,US (NYSE/other)
SRG,Seritage Growth Properties Class A Common Stock,US (NYSE/other)
SRI,"Stoneridge, Inc. Common Stock",US (NYSE/other)
SRL,Scully Royalty Ltd.,US (NYSE/other)
SRV,NXG Cushing Midstream Energy Fund Common Shares of Beneficial Interest,US (NYSE/other)
SRXH,SRX Global Inc. Common Stock,US (NYSE/other)
SSB,SouthState Bank Corporation Common Stock,US (NYSE/other)
SSD,"Simpson Manufacturing Company, Inc. Common Stock",US (NYSE/other)
SSMR,Sunshine Silver Mining & Refining Company Common Stock,US (NYSE/other)
SST,"System1, Inc. Class A Common Stock",US (NYSE/other)
SSTK,"Shutterstock, Inc. Common Stock",US (NYSE/other)
ST,Sensata Technologies Holding plc Ordinary Shares,US (NYSE/other)
STAG,"Stag Industrial, Inc. Common Stock",US (NYSE/other)
STC,Stewart Information Services Corporation Common Stock,US (NYSE/other)
STDN,"Standard Nuclear, Inc. Class A Common Stock",US (NYSE/other)
STE,STERIS plc (Ireland) Ordinary Shares,US (NYSE/other)
STEM,"Stem, Inc. Class A Common Stock",US (NYSE/other)
STEW,"SRH Total Return Fund, Inc. Common Stock",US (NYSE/other)
STK,Columbia Seligman Premium Technology Growth Fund Inc,US (NYSE/other)
STLA,Stellantis N.V. Common Shares,US (NYSE/other)
STM,STMicroelectronics N.V. Common Stock,US (NYSE/other)
STN,Stantec Inc Common Stock,US (NYSE/other)
STNG,Scorpio Tankers Inc. Common Shares,US (NYSE/other)
STRW,"Strawberry Fields REIT, Inc. Common Stock",US (NYSE/other)
STT,State Street Corporation Common Stock,US (NYSE/other)
STUB,"StubHub Holdings, Inc. Class A Common Stock",US (NYSE/other)
STVN,Stevanato Group S.p.A. Ordinary Shares,US (NYSE/other)
STWD,"STARWOOD PROPERTY TRUST, INC. Starwood Property Trust Inc.",US (NYSE/other)
STXS,"Stereotaxis, Inc. Common Stock",US (NYSE/other)
STZ,"Constellation Brands, Inc. Common Stock",US (NYSE/other)
SU,Suncor Energy  Inc. Common Stock,US (NYSE/other)
SUI,"Sun Communities, Inc. Common Stock",US (NYSE/other)
SUNB,"Sunbelt Rentals Holdings, Inc. Common Stock",US (NYSE/other)
SVM,Silvercorp Metals Inc. Common Shares,US (NYSE/other)
SVV,"Savers Value Village, Inc. Common Stock",US (NYSE/other)
SW,Smurfit WestRock plc Ordinary Shares,US (NYSE/other)
SWK,"Stanley Black & Decker, Inc. Common Stock",US (NYSE/other)
SWX,"Southwest Gas Holdings, Inc. Common Stock (DE)",US (NYSE/other)
SWZ,Total Return Securities Fund Common Stock,US (NYSE/other)
SXC,"SunCoke Energy, Inc. Common Stock",US (NYSE/other)
SXI,Standex International Corporation Common Stock,US (NYSE/other)
SXT,Sensient Technologies Corporation Common Stock,US (NYSE/other)
SYF,Synchrony Financial Common Stock,US (NYSE/other)
SYK,Stryker Corporation Common Stock,US (NYSE/other)
SYNX,Silynxcom Ltd. Ordinary Shares,US (NYSE/other)
SYY,Sysco Corporation Common Stock,US (NYSE/other)
T,AT&T Inc.,US (NYSE/other)
TAC,TransAlta Corporation Ordinary Shares,US (NYSE/other)
TALO,"Talos Energy, Inc. Common Stock",US (NYSE/other)
TAP,Molson Coors Beverage Company Class B Common Stock,US (NYSE/other)
TAP-A,Molson Coors Beverage Company Class A Common Stock,US (NYSE/other)
TBBB,BBB Foods Inc. Class A Common Shares,US (NYSE/other)
TBI,"TrueBlue, Inc. Common Stock",US (NYSE/other)
TBN,Tamboran Resources Corporation Common stock,US (NYSE/other)
TCBX,"Third Coast Bancshares, Inc. Common Stock",US (NYSE/other)
TCI,"Transcontinental Realty Investors, Inc. Common Stock",US (NYSE/other)
TD,Toronto Dominion Bank (The) Common Stock,US (NYSE/other)
TDAY,"USA TODAY Co., Inc. Common Stock",US (NYSE/other)
TDC,Teradata Corporation Common Stock,US (NYSE/other)
TDF,"Templeton Dragon Fund, Inc. Common Stock",US (NYSE/other)
TDG,Transdigm Group Incorporated Common Stock,US (NYSE/other)
TDOC,"Teladoc Health, Inc. Common Stock",US (NYSE/other)
TDS,"Telephone and Data Systems, Inc. Common Shares",US (NYSE/other)
TDW,Tidewater Inc. Common Stock,US (NYSE/other)
TDY,Teledyne Technologies Incorporated Common Stock,US (NYSE/other)
TE,T1 Energy Inc. Common Stock,US (NYSE/other)
TECK,Teck Resources Ltd Ordinary Shares,US (NYSE/other)
TEI,"Templeton Emerging Markets Income Fund, Inc. Common Stock",US (NYSE/other)
TEL,TE Connectivity plc Ordinary Shares,US (NYSE/other)
TEN,Tsakos Energy Navigation Ltd Common Shares,US (NYSE/other)
TEO,Telecom Argentina SA,US (NYSE/other)
TEX,Terex Corporation Common Stock,US (NYSE/other)
TFC,Truist Financial Corporation Common Stock,US (NYSE/other)
TFII,TFI International Inc. Common Shares,US (NYSE/other)
TFIN,"Triumph Financial, Inc. Common Stock",US (NYSE/other)
TFPM,Triple Flag Precious Metals Corp. Common Shares,US (NYSE/other)
TFX,Teleflex Incorporated Common Stock,US (NYSE/other)
TG,Tredegar Corporation Common Stock,US (NYSE/other)
TGB,Trekor Metals Limited Common Shares,US (NYSE/other)
TGE,The Generation Essentials Group Class A Ordinary Shares,US (NYSE/other)
TGEN,Tecogen Inc. Common Stock,US (NYSE/other)
TGLS,Tecnoglass Holdings Inc. Common Stock,US (NYSE/other)
TGS,Transportadora de Gas del Sur SA TGS Common Stock,US (NYSE/other)
TGT,Target Corporation Common Stock,US (NYSE/other)
THC,Tenet Healthcare Corporation Common Stock,US (NYSE/other)
THG,Hanover Insurance Group Inc,US (NYSE/other)
THM,"International Tower Hill Mines, Ltd. Ordinary Shares (Canada)",US (NYSE/other)
THO,"Thor Industries, Inc. Common Stock",US (NYSE/other)
THQ,abrdn Healthcare Opportunities Fund Shares of Beneficial Interest,US (NYSE/other)
THW,abrdn World Healthcare Fund Shares of Beneficial Interest,US (NYSE/other)
TIC,"TIC Solutions, Inc. Common Stock",US (NYSE/other)
TII,Titan Mining Corporation Common Shares,US (NYSE/other)
TISI,"Team, Inc. Common Stock",US (NYSE/other)
TJX,"TJX Companies, Inc. (The) Common Stock",US (NYSE/other)
TK,Teekay Corporation Ltd. Common Stock,US (NYSE/other)
TKC,Turkcell Iletisim Hizmetleri AS Common Stock,US (NYSE/other)
TKO,"TKO Group Holdings, Inc. Class A Common Stock",US (NYSE/other)
TKR,Timken Company (The) Common Stock,US (NYSE/other)
TLK,"PT Telekomunikasi Indonesia, Tbk",US (NYSE/other)
TLYS,"Tilly's, Inc. Common Stock",US (NYSE/other)
TM,Toyota Motor Corporation Common Stock,US (NYSE/other)
TMDE,TMD Energy Limited Ordinary Shares,US (NYSE/other)
TMO,Thermo Fisher Scientific Inc Common Stock,US (NYSE/other)
TMP,Tompkins Financial Corporation Common Stock,US (NYSE/other)
TMQ,Trilogy Metals Inc. Common Stock,US (NYSE/other)
TNC,Tennant Company Common Stock,US (NYSE/other)
TNET,"TriNet Group, Inc. Common Stock",US (NYSE/other)
TNK,Teekay Tankers Ltd.,US (NYSE/other)
TNL,Travel   Leisure Co. Common  Stock,US (NYSE/other)
TOL,"Toll Brothers, Inc. Common Stock",US (NYSE/other)
TONT,Graf Global Corp. Class A ordinary shares,US (NYSE/other)
TOON,"Kartoon Studios, Inc. Common Stock",US (NYSE/other)
TOPP,Toppoint Holdings Inc. Common Stock,US (NYSE/other)
TOPS,"TOP Ships, Inc. Common Stock",US (NYSE/other)
TOST,"Toast, Inc. Class A Common Stock",US (NYSE/other)
TOVX,"Theriva Biologics, Inc. Common Stock",US (NYSE/other)
TP,Ticketplus Ltd. Ordinary Shares,US (NYSE/other)
TPB,"Turning Point Brands, Inc. Common Stock",US (NYSE/other)
TPC,Tutor Perini Corporation Common Stock,US (NYSE/other)
TPET,Trio Petroleum Corp. Common Stock,US (NYSE/other)
TPL,Texas Pacific Land Corporation Common Stock,US (NYSE/other)
TPR,"Tapestry, Inc. Common Stock",US (NYSE/other)
TPVG,TriplePoint Venture Growth BDC Corp. Common Stock,US (NYSE/other)
TR,"Tootsie Roll Industries, Inc. Common Stock",US (NYSE/other)
TRAD,APEX Tech Acquisition Inc. Ordinary Shares,US (NYSE/other)
TRAK,"ReposiTrak, Inc. Common Stock",US (NYSE/other)
TRC,Tejon Ranch Co Common Stock,US (NYSE/other)
TREX,"Trex Company, Inc. Common Stock",US (NYSE/other)
TRGP,"Targa Resources, Inc. Common Stock",US (NYSE/other)
TRIN,Trinity Capital Inc. Common Stock,US (NYSE/other)
TRLV,Trulieve Cannabis Corp. Subordinate Voting Shares,US (NYSE/other)
TRN,"Trinity Industries, Inc. Common Stock",US (NYSE/other)
TRNO,Terreno Realty Corporation Common Stock,US (NYSE/other)
TROX,Tronox Holdings plc Ordinary Shares (UK),US (NYSE/other)
TRP,TC Energy Corporation Common Stock,US (NYSE/other)
TRT,Trio-Tech International Common Stock,US (NYSE/other)
TRTX,"TPG RE Finance Trust, Inc. Common Stock",US (NYSE/other)
TRU,TransUnion Common Stock,US (NYSE/other)
TRV,"The Travelers Companies, Inc. Common Stock",US (NYSE/other)
TRX,TRX Gold Corporation Common Stock,US (NYSE/other)
TSI,"TCW Strategic Income Fund, Inc. Common Stock",US (NYSE/other)
TSLX,"Sixth Street Specialty Lending, Inc. Common Stock",US (NYSE/other)
TSM,Taiwan Semiconductor Manufacturing Company Ltd.,US (NYSE/other)
TSN,"Tyson Foods, Inc. Common Stock",US (NYSE/other)
TSQ,"Townsquare Media, Inc. Class A Common Stock",US (NYSE/other)
TT,Trane Technologies plc,US (NYSE/other)
TTAM,Titan America SA Common Shares,US (NYSE/other)
TTC,Toro Company (The) Common Stock,US (NYSE/other)
TTE,TotalEnergies SE Ordinary Shares,US (NYSE/other)
TTI,"Tetra Technologies, Inc. Common Stock",US (NYSE/other)
TU,Telus Corporation Ordinary Shares,US (NYSE/other)
TV,Grupo Televisa S.A.B. Common Stock,US (NYSE/other)
TVC,Tennessee Valley Authority Common Stock,US (NYSE/other)
TVE,Tennessee Valley Authority,US (NYSE/other)
TWI,"Titan International, Inc. (DE) Common Stock",US (NYSE/other)
TWLO,Twilio Inc. Class A Common Stock,US (NYSE/other)
TWN,"Taiwan Fund, Inc. (The) Common Stock",US (NYSE/other)
TWO,Two Harbors Investment Corp,US (NYSE/other)
TXNM,"TXNM Energy, Inc. Common Stock",US (NYSE/other)
TXT,Textron Inc. Common Stock,US (NYSE/other)
TY,Tri Continental Corporation Common Stock,US (NYSE/other)
TYG,Tortoise Energy Infrastructure Corporation Common Stock,US (NYSE/other)
TYL,"Tyler Technologies, Inc. Common Stock",US (NYSE/other)
U,Unity Software Inc. Common Stock,US (NYSE/other)
UA,"Under Armour, Inc. Class C Common Stock",US (NYSE/other)
UAA,"Under Armour, Inc. Class A Common Stock",US (NYSE/other)
UAMY,United States Antimony Corporation Common Stock,US (NYSE/other)
UAVS,"AgEagle Aerial Systems, Inc. Common Stock",US (NYSE/other)
UBER,"Uber Technologies, Inc. Common Stock",US (NYSE/other)
UBS,UBS Group AG Registered Ordinary Shares,US (NYSE/other)
UCB,"United Community Banks, Inc. Common Stock",US (NYSE/other)
UCIB,"ETRACS UBS Bloomberg Constant Maturity Commodity Index (CMCI) Total Return ETN Series B due April 5, 2038",US (NYSE/other)
UDR,"UDR, Inc. Common Stock",US (NYSE/other)
UE,Urban Edge Properties Common Shares of Beneficial Interest,US (NYSE/other)
UEC,Uranium Energy Corp. Common Stock,US (NYSE/other)
UFI,"Unifi, Inc. New Common Stock",US (NYSE/other)
UGI,UGI Corporation Common Stock,US (NYSE/other)
UHAL,U-Haul Holding Company Common Stock,US (NYSE/other)
UHAL-B,U-Haul Holding Company Series N Non-Voting Common Stock ,US (NYSE/other)
UHS,"Universal Health Services, Inc. Common Stock",US (NYSE/other)
UHT,Universal Health Realty Income Trust Common Stock,US (NYSE/other)
UI,Ubiquiti Inc. Common Stock,US (NYSE/other)
UIS,Unisys Corporation New Common Stock,US (NYSE/other)
ULS,UL Solutions Inc. Class A Common Stock,US (NYSE/other)
UMAC,"Unusual Machines, Inc. Common Stock",US (NYSE/other)
UMC,United Microelectronics Corporation (NEW) Common Stock,US (NYSE/other)
UMH,"UMH Properties, Inc. Common Stock",US (NYSE/other)
UNF,Unifirst Corporation Common Stock,US (NYSE/other)
UNFI,"United Natural Foods, Inc. Common Stock",US (NYSE/other)
UNH,UnitedHealth Group Incorporated Common Stock (DE),US (NYSE/other)
UNM,Unum Group Common Stock,US (NYSE/other)
UNP,Union Pacific Corporation Common Stock,US (NYSE/other)
UP,Wheels Up Experience Inc. Class A Common Stock,US (NYSE/other)
UPS,"United Parcel Service, Inc. Common Stock",US (NYSE/other)
URG,Ur Energy Inc Common Shares (Canada),US (NYSE/other)
URI,"United Rentals, Inc. Common Stock",US (NYSE/other)
USA,Liberty All-Star Equity Fund Common Stock,US (NYSE/other)
USAS,"Americas Gold and Silver Corporation Common Shares, no par value",US (NYSE/other)
USB,U.S. Bancorp Common Stock,US (NYSE/other)
USBC,"USBC, Inc. Common Stock",US (NYSE/other)
USFD,US Foods Holding Corp. Common Stock,US (NYSE/other)
USNA,"USANA Health Sciences, Inc. Common Stock",US (NYSE/other)
USPH,"U.S. Physical Therapy, Inc. Common Stock",US (NYSE/other)
UTF,"Cohen & Steers Infrastructure Fund, Inc Common Stock",US (NYSE/other)
UTG,Reaves Utility Income Fund Common Shares of Beneficial Interest,US (NYSE/other)
UTI,Universal Technical Institute Inc Common Stock,US (NYSE/other)
UTL,UNITIL Corporation Common Stock,US (NYSE/other)
UTZ,Utz Brands Inc Class A Common Stock ,US (NYSE/other)
UUU,"Universal Safety Products, Inc. Common Stock",US (NYSE/other)
UUUU,Energy Fuels Inc Ordinary Shares (Canada),US (NYSE/other)
UVE,UNIVERSAL INSURANCE HOLDINGS INC Common Stock,US (NYSE/other)
UVV,Universal Corporation Common Stock,US (NYSE/other)
UWMC,UWM Holdings Corporation Class A Common Stock,US (NYSE/other)
V,Visa Inc.,US (NYSE/other)
VAC,Marriott Vacations Worldwide Corporation Common Stock,US (NYSE/other)
VAL,Valaris Limited Common Shares,US (NYSE/other)
VATE,INNOVATE Corp. Common Stock,US (NYSE/other)
VBF,Invesco Bond Fund Common Stock,US (NYSE/other)
VCV,Invesco California Value Municipal Income Trust Common Stock,US (NYSE/other)
VCX,"Fundrise Innovation Fund, LLC Common Shares of Limited Liability Company Interests",US (NYSE/other)
VEEV,Veeva Systems Inc. Class A Common Stock,US (NYSE/other)
VEL,"Velocity Financial, Inc. Common Stock",US (NYSE/other)
VENU,Venu Holding Corporation Common Stock,US (NYSE/other)
VET,Vermilion Energy Inc. Common (Canada),US (NYSE/other)
VFC,V.F. Corporation Common Stock,US (NYSE/other)
VG,"Venture Global, Inc. Class A common stock",US (NYSE/other)
VGI,Virtus Global Multi-Sector Income Fund Common Shares of Beneficial Interest,US (NYSE/other)
VGM,Invesco Trust for Investment Grade Municipals Common Stock (DE),US (NYSE/other)
VGNT,Versigent PLC Ordinary Shares,US (NYSE/other)
VGZ,Vista Gold Corp Common Stock,US (NYSE/other)
VHI,"Valhi, Inc. Common Stock",US (NYSE/other)
VIA,"Via Transportation, Inc. Class A Common Stock",US (NYSE/other)
VICI,VICI Properties Inc. Common Stock,US (NYSE/other)
VIDA,VIDA Global Inc. Class A Common Stock,US (NYSE/other)
VIK,Viking Holdings Ltd Ordinary Shares,US (NYSE/other)
VIRT,"Virtu Financial, Inc. Class A Common Stock",US (NYSE/other)
VKI,Invesco Advantage Municipal Income Trust II Common Shares of Beneficial Interest (DE),US (NYSE/other)
VKQ,Invesco Municipal Trust Common Stock,US (NYSE/other)
VLN,Valens Semiconductor Ltd. Ordinary Shares,US (NYSE/other)
VLO,Valero Energy Corporation Common Stock,US (NYSE/other)
VLT,Invesco High Income Trust II,US (NYSE/other)
VLTO,Veralto Corp Common Stock ,US (NYSE/other)
VMC,Vulcan Materials Company (Holding Company) Common Stock,US (NYSE/other)
VMI,"Valmont Industries, Inc. Common Stock",US (NYSE/other)
VMO,Invesco Municipal Opportunity Trust Common Stock,US (NYSE/other)
VNO,Vornado Realty Trust Common Stock,US (NYSE/other)
VNRX,VolitionRX Limited Common Stock,US (NYSE/other)
VNT,Vontier Corporation Common Stock ,US (NYSE/other)
VNTG,Vantage Corp Class A Ordinary Shares,US (NYSE/other)
VOYA,"Voya Financial, Inc. Common Stock",US (NYSE/other)
VOYG,"Voyager Technologies, Inc. Class A Common Stock",US (NYSE/other)
VPG,"Vishay Precision Group, Inc. Common Stock",US (NYSE/other)
VPV,Invesco Pennsylvania Value Municipal Income Trust Common Stock (DE),US (NYSE/other)
VRT,"Vertiv Holdings, LLC Class A Common Stock",US (NYSE/other)
VRTS,"Virtus Investment Partners, Inc. Common Stock",US (NYSE/other)
VSH,"Vishay Intertechnology, Inc. Common Stock",US (NYSE/other)
VST,Vistra Corp. Common Stock,US (NYSE/other)
VSTS,Vestis Corporation Common Stock,US (NYSE/other)
VSXY,Victorias Secret & Co. Common Stock ,US (NYSE/other)
VTAK,"Catheter Precision, Inc. Common Stock",US (NYSE/other)
VTEX,VTEX Class A Common Shares,US (NYSE/other)
VTN,Invesco Trust for Investment Grade New York Municipals Common Stock,US (NYSE/other)
VTOL,"Bristow Group, Inc. Common Stock",US (NYSE/other)
VTR,"Ventas, Inc. Common Stock",US (NYSE/other)
VTS,"Vitesse Energy, Inc. Common Stock",US (NYSE/other)
VVR,Invesco Senior Income Trust Common Stock (DE),US (NYSE/other)
VVV,Valvoline Inc. Common Stock,US (NYSE/other)
VVX,"V2X, Inc. Common Stock",US (NYSE/other)
VXX,iPath Series B S&P 500 VIX Short-Term Futures ETN,US (NYSE/other)
VXZ,iPath Series B S&P 500 VIX Mid-Term Futures ETN,US (NYSE/other)
VYX,NCR Voyix Corporation Common Stock,US (NYSE/other)
VZ,Verizon Communications Inc. Common Stock,US (NYSE/other)
VZLA,Vizsla Silver Corp. Common Shares,US (NYSE/other)
W,Wayfair Inc. Class A Common Stock,US (NYSE/other)
WAB,Westinghouse Air Brake Technologies Corporation Common Stock,US (NYSE/other)
WAL,Western Alliance Bancorporation Common Stock (DE),US (NYSE/other)
WAT,Waters Corporation Common Stock,US (NYSE/other)
WBI,WaterBridge Infrastructure LLC Class A Shares Representing Limited Liability Company Interests,US (NYSE/other)
WBS,Webster Financial Corporation Common Stock,US (NYSE/other)
WBX,Wallbox N.V. Class A Ordinary Shares,US (NYSE/other)
WCC,"WESCO International, Inc. Common Stock",US (NYSE/other)
WCN,"Waste Connections, Inc. Common Shares",US (NYSE/other)
WD,"Walker & Dunlop, Inc Common Stock",US (NYSE/other)
WDI,Western Asset Diversified Income Fund Common Shares of Beneficial Interest,US (NYSE/other)
WEA,Western Asset Bond Fund Share of Beneficial Interest,US (NYSE/other)
WEAV,"Weave Communications, Inc. Common Stock",US (NYSE/other)
WEC,"WEC Energy Group, Inc. Common Stock",US (NYSE/other)
WELL,Welltower Inc. Common Stock,US (NYSE/other)
WENC,West Enclave Merger Corp. Ordinary Shares,US (NYSE/other)
WEX,WEX Inc. common stock,US (NYSE/other)
WFC,Wells Fargo & Company Common Stock,US (NYSE/other)
WFG,West Fraser Timber Co. Ltd Common stock,US (NYSE/other)
WGO,"Winnebago Industries, Inc. Common Stock",US (NYSE/other)
WH,"Wyndham Hotels & Resorts, Inc. Common Stock ",US (NYSE/other)
WHD,"Cactus, Inc. Class A Common Stock",US (NYSE/other)
WHG,Westwood Holdings Group Inc Common Stock,US (NYSE/other)
WHK,WhiteHawk Minerals Corp Class A Common Stock,US (NYSE/other)
WHR,Whirlpool Corporation Common Stock,US (NYSE/other)
WIA,Western Asset Inflation-Linked Income Fund,US (NYSE/other)
WIT,Wipro Limited Common Stock,US (NYSE/other)
WIW,Western Asset Inflation-Linked Opportunities & Income Fund,US (NYSE/other)
WK,Workiva Inc. Class A Common Stock,US (NYSE/other)
WKC,World Kinect Corporation Common Stock,US (NYSE/other)
WLK,Westlake Corporation Common Stock,US (NYSE/other)
WLY,"John Wiley & Sons, Inc. Common Stock",US (NYSE/other)
WLYB,"John Wiley & Sons, Inc. Common Stock",US (NYSE/other)
WM,"Waste Management, Inc. Common Stock",US (NYSE/other)
WMB,"Williams Companies, Inc. (The) Common Stock",US (NYSE/other)
WMK,"Weis Markets, Inc. Common Stock",US (NYSE/other)
WMS,"Advanced Drainage Systems, Inc. Common Stock",US (NYSE/other)
WNC,Wabash National Corporation Common Stock,US (NYSE/other)
WOLF,"Wolfspeed, Inc. Common Stock New",US (NYSE/other)
WOR,"Worthington Enterprises, Inc. Common Shares",US (NYSE/other)
WPC,W. P. Carey Inc. REIT,US (NYSE/other)
WPM,Wheaton Precious Metals Corp Common Shares (Canada),US (NYSE/other)
WRB,W.R. Berkley Corporation Common Stock,US (NYSE/other)
WRBY,Warby Parker Inc. Class A Common Stock,US (NYSE/other)
WRN,Western Copper and Gold Corporation Common Stock,US (NYSE/other)
WS,"Worthington Steel, Inc. Common Shares",US (NYSE/other)
WSM,"Williams-Sonoma, Inc. Common Stock (DE)",US (NYSE/other)
WSO,"Watsco, Inc. Common Stock",US (NYSE/other)
WSO-B,"Watsco, Inc. Class B Common Stock",US (NYSE/other)
WST,"West Pharmaceutical Services, Inc. Common Stock",US (NYSE/other)
WT,"WisdomTree, Inc. Common Stock",US (NYSE/other)
WTI,"W&T Offshore, Inc. Common Stock",US (NYSE/other)
WTM,"White Mountains Insurance Group, Ltd. Common Stock",US (NYSE/other)
WTRG,"Essential Utilities, Inc. Common Stock",US (NYSE/other)
WTS,"Watts Water Technologies, Inc. Class A Common Stock",US (NYSE/other)
WTTR,"Select Water Solutions, Inc. Class A common stock",US (NYSE/other)
WU,Western Union Company (The) Common Stock,US (NYSE/other)
WWR,"Westwater Resources, Inc. Common Stock",US (NYSE/other)
WWW,"Wolverine World Wide, Inc. Common Stock",US (NYSE/other)
WY,Weyerhaeuser Company Common Stock,US (NYSE/other)
WYY,WidePoint Corporation Common Stock,US (NYSE/other)
XFLH,XFLH Capital Corporation Ordinary Shares,US (NYSE/other)
XFLT,XAI Floating Rate & Alternative Income Trust Common Shares of Beneficial Interest,US (NYSE/other)
XHR,"Xenia Hotels & Resorts, Inc. Common Stock",US (NYSE/other)
XOM,ExxonMobil Holdings Corporation Common Stock,US (NYSE/other)
XPER,Xperi Inc. Common Stock ,US (NYSE/other)
XPL,Solitario Resources Corp. Common Stock,US (NYSE/other)
XPO,"XPO, Inc. Common Stock",US (NYSE/other)
XPOF,"Xponential Fitness, Inc. Class A Common Stock",US (NYSE/other)
XPRO,Expro Ltd Ordinary Shares,US (NYSE/other)
XRN,Chiron Real Estate Inc. Common Stock,US (NYSE/other)
XTNT,"Xtant Medical Holdings, Inc. Common Stock",US (NYSE/other)
XXI,"Twenty One Capital, Inc. Class A Common Stock",US (NYSE/other)
XYL,Xylem Inc. Common Stock New,US (NYSE/other)
XYZ,"Block, Inc. Class A Common Stock,",US (NYSE/other)
XZO,"Exzeo Group, Inc. Common Stock",US (NYSE/other)
YCBD,"cbdMD, Inc. Common Stock",US (NYSE/other)
YELP,Yelp Inc. Common Stock,US (NYSE/other)
YETI,"YETI Holdings, Inc. Common Stock",US (NYSE/other)
YEXT,"Yext, Inc. Common Stock",US (NYSE/other)
YOU,"Clear Secure, Inc. Class A Common Stock",US (NYSE/other)
YSS,York Space Systems Inc. Common Stock,US (NYSE/other)
YUM,"Yum! Brands, Inc.",US (NYSE/other)
YUMC,"Yum China Holdings, Inc. Common Stock",US (NYSE/other)
ZBH,"Zimmer Biomet Holdings, Inc. Common Stock",US (NYSE/other)
ZDGE,"Zedge, Inc. Class B Common Stock ",US (NYSE/other)
ZETA,Zeta Global Holdings Corp. Class A Common Stock,US (NYSE/other)
ZGN,Ermenegildo Zegna N.V. Ordinary Shares,US (NYSE/other)
ZIM,ZIM Integrated Shipping Services Ltd. Ordinary Shares,US (NYSE/other)
ZIP,"ZipRecruiter, Inc. Class A Common Stock",US (NYSE/other)
ZONE,CleanCore Solutions Inc. Class B Common Stock,US (NYSE/other)
ZTR,Virtus Total Return Fund Inc.,US (NYSE/other)
ZTS,Zoetis Inc. Class A Common Stock,US (NYSE/other)
ZVIA,Zevia PBC Class A Common Stock,US (NYSE/other)
ZWS,Zurn Elkay Water Solutions Corporation Common Stock,US (NYSE/other)
AC.PA,Accor,Euronext 100
ADP.PA,Aéroports de Paris,Euronext 100
ADYEN.AS,Adyen,Euronext 100
AGN.AS,Aegon,Euronext 100
A5G.IR,AIB,Euronext 100
AI.PA,Air Liquide,Euronext 100
AIR.PA,Airbus,Euronext 100
AKRBP.OL,Aker,Euronext 100
AKZA.AS,Akzo Nobel,Euronext 100
AD.AS,Ahold Delhaize,Euronext 100
MT.AS,ArcelorMittal,Euronext 100
ARGX.BR,Argenx,Euronext 100
ASM.AS,ASM International,Euronext 100
ASML.AS,ASML,Euronext 100
ASRNL.AS,ASR Nederland,Euronext 100
CS.PA,Axa,Euronext 100
BIRG.IR,Bank of Ireland,Euronext 100
BESI.AS,BE Semiconductor Industries,Euronext 100
BIM.PA,BioMérieux,Euronext 100
BNP.PA,BNP Paribas,Euronext 100
EN.PA,Bouygues,Euronext 100
BVI.PA,Bureau Veritas,Euronext 100
CPR.MI,Cattolica Assicurazioni,Euronext 100
CAP.PA,Capgemini,Euronext 100
CA.PA,Carrefour,Euronext 100
ACA.PA,Crédit Agricole,Euronext 100
DIE.BR,Deutsche Börse,Euronext 100
BN.PA,Danone,Euronext 100
DSY.PA,Dassault Systèmes,Euronext 100
DNB.OL,DNB,Euronext 100
DSFIR.AS,DSM,Euronext 100
EDEN.PA,Edenred,Euronext 100
EDP.LS,EDP,Euronext 100
EDPR.LS,EDP Renováveis,Euronext 100
FGR.PA,Eiffage,Euronext 100
ENEL.MI,Enel,Euronext 100
ENGI.PA,Engie,Euronext 100
ENI.MI,Eni,Euronext 100
EQNR.OL,Equinor,Euronext 100
EL.PA,Essilor,Euronext 100
ERF.PA,Eramet,Euronext 100
ENX.PA,Euronext,Euronext 100
RACE.MI,Ferrari,Euronext 100
FBK.MI,FinecoBank,Euronext 100
GALP.LS,Galp Energia,Euronext 100
GBLB.BR,Groupe Bruxelles Lambert,Euronext 100
G.MI,Generali,Euronext 100
HAVAS.AS,Havas,Euronext 100
HEIA.AS,Heineken,Euronext 100
INGA.AS,ING,Euronext 100
ISP.MI,Intesa Sanpaolo,Euronext 100
INW.MI,Infrastrutture Wireless Italiane,Euronext 100
IPN.PA,Ipsen,Euronext 100
JMT.LS,Jerónimo Martins,Euronext 100
KBC.BR,KBC Bank,Euronext 100
KER.PA,Kering,Euronext 100
KRZ.IR,Kerry Group,Euronext 100
KRX.IR,Kingspan Group,Euronext 100
PHIA.AS,Koninklijke Philips N.V.,Euronext 100
KOG.OL,Kongsberg,Euronext 100
KPN.AS,KPN,Euronext 100
LR.PA,Legrand,Euronext 100
LDO.MI,Leonardo,Euronext 100
MB.MI,Mediobanca,Euronext 100
ML.PA,Michelin,Euronext 100
MONC.MI,Moncler,Euronext 100
MOWI.OL,Mowi,Euronext 100
NN.AS,Nationale-Nederlanden,Euronext 100
NHY.OL,Norsk Hydro ASA,Euronext 100
ORA.PA,Orange,Euronext 100
RI.PA,Pernod Ricard,Euronext 100
PST.MI,Poste italiane,Euronext 100
PRX.AS,Prosus,Euronext 100
PRY.MI,Prysmian,Euronext 100
PUB.PA,Publicis,Euronext 100
REC.MI,Recordati,Euronext 100
RNO.PA,Renault,Euronext 100
RYA.IR,Ryanair,Euronext 100
SAF.PA,Safran,Euronext 100
SGO.PA,Saint-Gobain,Euronext 100
SAN.PA,Sanofi,Euronext 100
DIM.PA,Sartorius Stedim Biotech,Euronext 100
SU.PA,Schneider Electric,Euronext 100
SHEEL.AS,Shell,Euronext 100
SRG.MI,Snam,Euronext 100
GLE.PA,Société Générale,Euronext 100
SW.PA,Sodexo,Euronext 100
STLAM.MI,Stellantis,Euronext 100
STMPA.PA,STMicroelectronics,Euronext 100
TEL.OL,Telenor,Euronext 100
TEN.MI,Tenaris,Euronext 100
TRN.MI,Terna,Euronext 100
HO.PA,Thales,Euronext 100
TTE.PA,TotalEnergies,Euronext 100
UCB.BR,UCB,Euronext 100
URW.PA,Unibail-Rodamco-Westfield,Euronext 100
UCG.MI,Unicredit,Euronext 100
VIE.PA,Veolia Environnement,Euronext 100
DG.PA,Vinci,Euronext 100
VIV.PA,Vivendi,Euronext 100
WKL.AS,Wolters Kluwer,Euronext 100
